rank,listing_country,exchange,ticker,bse_code,name,asset_class,currency,aum_local,aum_usd_bn,price,volume,holdings,issuer,category,index,region,country,leverage,inception_date,expense_ratio_pct,dividend_yield_pct,pe_ratio,beta,avg_volume,price_chg_ytd_pct,price_chg_1y_pct,price_chg_3y_pct,price_chg_5y_pct,price_chg_10y_pct,total_return_ytd_pct,total_return_1y_pct,total_return_3y_pct,total_return_5y_pct,total_return_10y_pct,cagr_1y_pct,cagr_3y_pct,cagr_5y_pct,cagr_10y_pct,pct_from_52w_high,pct_from_52w_low
1,US,US,VOO,,Vanguard S&P 500 ETF,Equity,USD,1066081702662,1066.082,700.87,4201379,518,Vanguard,Large Blend,S&P 500,North America,United States,Long,2010-09-07,0.03,1.048,27.04805,1.01029,6529078.6,11.758,17.497,71.199,69.035,249.526,12.438,18.885,78.056,81.447,312.329,18.899,21.199,12.657,15.221,-2.16642,21.161
2,US,US,IVV,,iShares Core S&P 500 ETF,Equity,USD,870627487431,870.627,766.1,8114747,508,BlackRock,Large Blend,S&P 500,North America,United States,Long,2000-05-15,0.03,1.069,26.04491,1.01256,5835774.4,11.849,17.478,71.054,69.117,248.528,12.448,18.883,78.082,81.455,311.983,18.897,21.205,12.658,15.212,-2.16961,21.192
3,US,US,SPY,,State Street SPDR S&P 500 ETF,Equity,USD,806131958658,806.132,762.4,32220258,505,State Street,Large Blend,S&P 500,North America,United States,Long,1993-01-22,0.0945,0.987,26.10612,1.00988,36401387.5,11.802,17.504,71.126,69.08,248.909,12.397,18.803,77.63,80.942,309.892,18.817,21.103,12.594,15.153,-2.1774,21.154
4,US,US,VTI,,Vanguard Morningstar Total Stock Market ETF,Equity,USD,694179399368,694.179,375.56,2535600,3498,Vanguard,Large Blend,Morningstar US Total Market TR USD,North America,United States,Long,2001-05-24,0.03,1.038,26.01747,1.02169,2881206.6,12.017,17.154,69.614,61.372,233.95,12.691,18.522,76.433,73.092,292.483,18.536,20.83,11.599,14.654,-2.48234,20.993
5,US,US,QQQ,,Invesco QQQ Trust Series I,Equity,USD,485914481858,485.914,716.31,25472621,105,Invesco,Large Growth,NASDAQ 100 Index,,,Long,1999-03-10,0.18,0.4236,29.92,1.23146,30766206.3,16.604,23.743,92.257,88.116,511.03,16.879,24.339,95.613,93.837,555.767,24.358,25.058,14.155,20.694,-4.31978,28.925
6,US,US,VEA,,Vanguard FTSE Developed Markets ETF,Equity,USD,240500380594,240.5,72.82,8530307,3877,Vanguard,Foreign Large Blend,FTSE Developed ex US All Cap Net Tax (US RIC) Index,Global,,Long,2007-07-20,0.03,2.489,16.87436,0.84775,9065470.8,16.568,22.325,61.858,37.63,91.884,17.381,25.861,77.727,60.73,158.005,25.881,21.125,9.958,9.943,-1.64112,23.812
7,US,US,VUG,,Vanguard Morningstar Growth ETF,Equity,USD,227648386055,227.648,87.68,4832827,151,Vanguard,Large Growth,Morningstar US Large Cap Growth TR USD,North America,United States,Long,2004-01-26,0.03,0.3873,36.15787,1.22713,4903100.4,7.834,12.997,84.171,70.71,367.427,8.074,13.484,86.961,75.435,407.122,13.494,23.186,11.9,17.631,-3.22296,25.917
8,US,US,IEFA,,iShares Core MSCI EAFE ETF,Equity,USD,196629071662,196.629,99.42,13124264,2641,BlackRock,Foreign Large Blend,MSCI EAFE IMI,EAFE,,Long,2012-10-18,0.07,3.308,17.20394,0.78823,6945021.05,11.133,14.618,51.071,28.201,78.717,12.953,18.741,66.983,51.025,141.617,18.755,18.633,8.596,9.224,-1.99132,16.93
9,US,US,VTV,,Vanguard Morningstar Value ETF,Equity,USD,193784070388,193.784,223.92,2066577,324,Vanguard,Large Value,Morningstar US Large Cap Value TR USD,North America,United States,Long,2004-01-26,0.03,1.827,20.61099,0.76212,2362488.25,17.242,22.824,56.994,59.499,152.96,18.471,25.389,68.197,79.747,225.289,25.408,18.92,12.445,12.521,-2.03439,23.07
10,US,US,VXUS,,Vanguard Total International Stock ETF,Equity,USD,166881302249,166.881,87.41,5179354,8844,Vanguard,Foreign Large Blend,FTSE Global All Cap x US,Global,,Long,2011-01-26,0.05,2.504,15.85763,0.7833,4723841.9,15.867,20.615,59.159,31.84,82.028,16.506,24.102,74.492,54.219,144.627,24.12,20.385,9.052,9.359,-1.36538,21.276
11,US,US,IEMG,,iShares Core MSCI Emerging Markets ETF,Equity,USD,163849801793,163.85,83.25,13614988,2896,BlackRock,Diversified Emerging Mkts,MSCI Emerging Markets IMI,Emerging Markets,,Long,2012-10-18,0.09,2.159,15.74985,0.74406,8431150.55,23.847,31.434,71.226,29.512,80.782,24.843,34.791,86.958,49.781,137.074,34.819,23.186,8.417,9.017,-3.7461,31.123
12,US,US,SPYM,,State Street SPDR Portfolio S&P 500 ETF,Equity,USD,157410000000,157.41,89.75,30018288,508,State Street,,S&P 500,North America,United States,Long,2005-11-08,0.02,1.014,26.1065,1.00967,8278035.9,11.88,17.551,71.279,69.244,249.903,12.467,18.879,78.035,81.484,312.785,18.893,21.194,12.661,15.234,-2.16917,21.186
13,US,US,VGT,,Vanguard Information Technology ETF,Equity,USD,148594934211,148.595,120.89,3591263,324,Vanguard,Technology,MSCI US IMI 25/50 Information Technology,North America,United States,Long,2004-01-26,0.09,0.3585,34.70346,1.35267,3423389.5,28.302,37.196,121.69,126.806,715.392,28.589,37.801,125.492,134.428,791.411,37.831,31.124,18.58,24.457,-4.05556,45.493
14,US,US,VWO,,Vanguard FTSE Emerging Markets ETF,Equity,USD,128891785716,128.892,60.87,4747336,5063,Vanguard,Diversified Emerging Mkts,FTSE Custom Emerging Markets All Cap China A Inclusion Net Tax (US RIC) Index,Global,,Long,2005-03-04,0.06,2.272,16.90836,0.62572,5896685.8,13.225,15.987,51.418,15.855,57.572,13.36,19.02,65.791,35.385,109.768,19.034,18.351,6.247,7.691,-1.08069,16.609
15,US,US,IWF,,iShares Russell 1000 Growth ETF,Equity,USD,125574853703,125.575,122.46,2060682,370,BlackRock,Large Growth,Russell 1000 Growth,North America,United States,Long,2000-05-22,0.18,0.3516,34.53554,1.17205,3223898,3.495,8.412,75.936,67.942,368.334,3.677,8.814,78.623,73.074,408.835,8.82,21.328,11.597,17.67,-5.17268,19.789
16,US,US,IJH,,iShares Core S&P Mid-Cap ETF,Equity,USD,123821025857,123.821,74.56,4731214,415,BlackRock,Mid-Cap Blend,S&P Mid Cap 400,North America,United States,Long,2000-05-22,0.05,1.191,20.13416,1.01728,5643079.85,12.97,12.884,44.839,37.246,136.789,13.516,14.36,49.85,46.436,172.767,14.371,14.43,7.928,10.557,-5.27252,19.827
17,US,US,XLK,,State Street Technology Select Sector SPDR ETF,Equity,USD,122008732975,122.009,187.87,5969978,76,State Street,Technology,S&P Technology Select Sector,North America,United States,Long,1998-12-16,0.08,0.4222,37.35174,1.34806,6010274.85,30.492,41.88,117.455,136.627,694.041,30.81,42.623,121.805,145.673,782.085,42.658,30.406,19.697,24.327,-5.4647,48.303
18,US,US,VIG,,Vanguard Dividend Appreciation ETF,Equity,USD,112791035957,112.791,238.84,910934,342,Vanguard,Large Blend,S&P U.S. Dividend Growers Index,North America,United States,Long,2006-04-21,0.04,1.499,25.04112,0.82392,866170.8,8.672,12.279,47.98,47.751,180.988,9.562,14.112,56.107,62.055,239.51,14.122,16,10.138,13.004,-3.47949,13.728
19,US,US,SCHD,,Schwab US Dividend Equity ETF,Equity,USD,112565922846,112.566,34.09,25545476,103,Charles Schwab,Large Value,Dow Jones U.S. Dividend 100,North America,United States,Long,2011-10-20,0.06,3.074,18.34813,0.69567,22873899.35,24.28,24.235,38.82,33.164,139.514,26.327,28.797,55.037,59.171,234.581,28.819,15.735,9.743,12.839,-3.45511,29.521
20,US,US,IJR,,iShares Core S&P Small Cap ETF,Equity,USD,109957452538,109.957,142.7,3781039,677,BlackRock,Small Blend,S&P Small Cap 600,North America,United States,Long,2000-05-22,0.06,1.151,17.48071,1.02287,2462353.6,18.739,19.966,46.419,28.907,127.81,19.286,21.534,53.542,39.578,164.112,21.55,15.362,6.897,10.201,-5.30228,27.416
21,US,US,VO,,Vanguard Morningstar Mid-Cap ETF,Equity,USD,107824266129,107.824,81.14,2155534,294,Vanguard,Mid-Cap Blend,Morningstar US Mid Cap TR USD,North America,United States,Long,2004-01-26,0.03,1.319,22.2649,0.99704,2158324.2,11.832,11.925,49.608,31.64,148.987,12.61,13.548,56.811,42.107,190.797,13.558,16.174,7.282,11.267,-4.0785,16.844
22,US,US,QQQM,,Invesco NASDAQ 100 ETF,Equity,USD,105076634792,105.077,294.97,1806431,107,Invesco,Large Growth,NASDAQ 100 Index,North America,United States,Long,2020-10-13,0.15,0.4425,33.23175,1.23302,2476964.95,16.626,23.791,92.439,88.467,,16.921,24.415,96.033,94.519,,24.434,25.147,14.235,,-4.29577,28.949
23,US,US,RSP,,Invesco S&P 500 Equal Weight ETF,Equity,USD,100922114234,100.922,214.64,7022961,509,Invesco,Large Blend,S&P 500 Equal Weighted,North America,United States,Long,2003-04-24,0.2,1.493,20.60609,0.91843,5559336.2,12.048,13.994,45.371,38.059,154.162,12.964,15.885,52.692,50.04,201.471,15.897,15.148,8.454,11.669,-3.93627,17.863
24,US,US,ITOT,,iShares Core S&P Total U.S. Stock Market ETF,Equity,USD,97070812433,97.071,166.8,1698118,2444,BlackRock,Large Blend,S&P TMI,North America,United States,Long,2004-01-20,0.03,0.9871,25.33123,1.0219,1431655.1,12.18,17.217,69.685,61.644,233.4,12.722,18.509,76.388,73.131,291.023,18.523,20.82,11.604,14.612,-2.47325,21.107
25,US,US,IWD,,iShares Russell 1000 Value ETF,Equity,USD,84060712816,84.061,254.06,2234887,873,BlackRock,Large Value,Russell 1000 Value,North America,United States,Long,2000-05-22,0.18,1.379,20.89548,0.84818,1501150.05,20.785,26.078,61.257,56.788,136.709,21.627,28.14,70.548,72.599,192.999,28.162,19.472,11.536,11.351,-2.35597,27.412
26,US,US,VYM,,Vanguard High Dividend Yield Index ETF,Equity,USD,83276267262,83.276,162.69,1032151,615,Vanguard,Large Value,FTSE Custom High Dividend Yield,North America,United States,Long,2006-11-10,0.04,2.231,20.1851,0.74193,1028885.45,13.357,16.498,52.146,52.689,121.467,14.73,19.401,65.396,76.62,200.188,19.416,18.257,12.051,11.621,-2.93539,18.389
27,US,US,VT,,Vanguard Total World Stock ETF,Equity,USD,82540600498,82.541,159.89,1664374,10118,Vanguard,Global Large-Stock Blend,FTSE Global All Cap Index,Global,,Long,2008-06-24,0.06,1.553,22.23605,0.93133,2010584.65,13.349,18.341,65.638,49.682,159.309,14.026,20.418,75.439,65.529,220.204,20.433,20.603,10.607,12.344,-1.73314,19.633
28,US,US,IWM,,iShares Russell 2000 ETF,Equity,USD,80507698771,80.508,290.64,18467307,1971,BlackRock,Small Blend,Russell 2000,North America,United States,Long,2000-05-22,0.19,0.914,19.44,1.11728,16947349.7,18.07,21.99,58.025,29.796,132.215,18.561,23.257,63.715,38.13,163.214,23.275,17.855,6.675,10.163,-4.7644,26.972
29,US,US,VB,,Vanguard Morningstar Small-Cap ETF,Equity,USD,80364707625,80.365,294.09,404350,1316,Vanguard,Small Blend,Morningstar US Small Cap TR USD,North America,United States,Long,2004-01-26,0.03,1.226,20.88014,1.05288,448941.7,14.01,14.919,49.847,30.567,137.399,14.781,16.475,56.483,40.597,175.156,16.487,16.093,7.053,10.653,-4.98207,21.943
30,US,US,EFA,,iShares MSCI EAFE ETF,Equity,USD,79616607987,79.617,106.56,15820358,699,BlackRock,Foreign Large Blend,MSCI EAFE,EAFE,,Long,2001-08-14,0.32,3.157,17.49729,0.77796,8936537.35,10.965,14.939,51.385,30.781,78.522,12.722,18.874,66.328,53.089,139.691,18.888,18.478,8.891,9.137,-2.13977,16.829
31,US,US,IVW,,iShares S&P 500 Growth ETF,Equity,USD,77266991668,77.267,139.33,1564963,151,BlackRock,Large Growth,S&P 500 Growth,North America,United States,Long,2000-05-22,0.18,0.3562,30.69975,1.17556,1274009.7,13.037,19.484,95.606,76.77,356.969,13.24,19.964,98.943,82.665,404.59,19.979,25.763,12.808,17.572,-2.74326,28.854
32,US,US,SCHX,,Schwab U.S. Large-Cap ETF,Equity,USD,74481118105,74.481,30.03,7737671,753,Charles Schwab,Large Blend,Dow Jones US Total Stock Market Large-Cap,North America,United States,Long,2009-11-03,0.03,1.01,25.96249,1.01376,6339939.05,11.594,16.803,70.848,64.846,246.087,12.207,18.124,77.424,76.454,307.005,18.137,21.056,12.03,15.072,-2.40494,21.04
33,US,US,VEU,,Vanguard FTSE All-World ex-US Index Fund,Equity,USD,71053101606,71.053,85.39,1972824,3939,Vanguard,Foreign Large Blend,FTSE All-World x US,Global,,Long,2007-03-02,0.04,2.479,17.73399,0.77468,2277116.15,16.082,21.293,60.417,33.464,84.747,16.801,24.782,75.736,55.925,147.866,24.801,20.671,9.292,9.503,-1.30606,21.829
34,US,US,SCHF,,Schwab International Equity ETF,Equity,USD,70288924138,70.289,28.2,7964290,1493,Charles Schwab,Foreign Large Blend,FTSE All-World Developed x US,Global,,Long,2009-11-03,0.03,2.989,16.99275,0.82896,6697863.8,17.304,22.396,62.489,39.535,93.814,18.015,26.661,78.139,62.73,159.895,26.682,21.218,10.23,10.024,-1.69078,23.414
35,US,US,SMH,,VanEck Semiconductor ETF,Equity,USD,68995981392,68.996,574.29,3388267,26,VanEck,Technology,MVIS US Listed Semiconductor 25,North America,United States,Long,2011-12-20,0.35,0.1924,42.39793,1.73456,6750803,59.467,93.677,281.893,326.775,1635.539,59.467,94.279,287.098,339.854,1805.135,94.367,56.999,34.487,34.28,-14.51855,94.602
36,US,US,SCHG,,Schwab U.S. Large-Cap Growth ETF,Equity,USD,62427476803,62.427,35.01,7672407,197,Charles Schwab,Large Growth,Dow Jones US Total Stock Market Large-Cap Growth,North America,United States,Long,2009-12-11,0.04,0.3756,32.66311,1.19668,6403379.35,7.327,12.972,84.525,77.996,404.249,7.569,13.443,86.975,82.192,440.434,13.453,23.19,12.749,18.382,-3.04625,25.215
37,US,US,IXUS,,iShares Core MSCI Total International Stock ETF,Equity,USD,61154385686,61.154,97.57,762736,4664,BlackRock,Foreign Large Blend,MSCI AC World ex USA IMI,Global,,Long,2012-10-18,0.07,2.873,16.91097,0.77986,1711203.8,15.276,20.338,59.194,31.78,84.897,16.771,24.188,75.117,53.68,144.99,24.206,20.529,8.975,9.376,-1.26992,20.665
38,US,US,IWR,,iShares Russell Midcap ETF,Equity,USD,56980314090,56.98,109.94,990320,825,BlackRock,Mid-Cap Blend,Russell Midcap,North America,United States,Long,2001-07-17,0.18,1.153,20.12354,1.0067,1081359.95,14.2,13.845,52.483,34.995,149.989,14.811,15.303,58.822,44.655,189.952,15.314,16.669,7.664,11.234,-4.37505,19.976
39,US,US,XLF,,State Street Financial Select Sector SPDR ETF,Equity,USD,55332920848,55.333,57.06,27450723,80,State Street,Financial,S&P Financial Select Sector,North America,United States,Long,1998-12-16,0.08,1.415,16.98728,0.86032,28267865.4,4.181,7.437,66.356,51.152,132.898,5.085,9.105,74.434,64.833,245.134,9.112,20.372,10.513,13.189,-2.62799,19.698
40,US,US,SPYG,,State Street SPDR Portfolio S&P 500 Growth ETF,Equity,USD,54675799415,54.676,120.66,1076709,149,State Street,Large Growth,S&P 500 Growth,North America,United States,Long,2000-09-25,0.04,0.4783,30.8658,1.17511,1937375.2,13.083,19.501,95.623,76.662,356.872,13.372,20.146,99.764,83.924,408.918,20.161,25.936,12.963,17.672,-2.72493,28.896
41,US,US,VV,,Vanguard Morningstar Large-Cap ETF,Equity,USD,54570972331,54.571,351.56,172830,452,Vanguard,Large Blend,Morningstar US Large Cap TR USD,North America,United States,Long,2004-01-27,0.03,0.9997,24.59101,1.02243,202690.75,11.677,17.316,72.181,66.537,250.823,12.326,18.636,78.925,78.371,312.603,18.65,21.396,12.272,15.229,-2.1324,21.603
42,US,US,IVE,,iShares S&P 500 Value ETF,Equity,USD,50167200280,50.167,234,433140,443,BlackRock,Large Value,S&P 500 Value,North America,United States,Long,2000-05-22,0.18,1.514,22.04677,0.83377,467621.75,10.341,15.356,45.468,55.792,142.211,11.185,17.28,53.703,71.34,200.172,17.293,15.402,11.373,11.62,-2.47155,16.291
43,US,US,DFAC,,Dimensional U.S. Core Equity 2 ETF,Equity,USD,49562790053,49.563,45.11,2699581,2525,Dimensional,Large Blend,,North America,United States,Long,2007-10-04,0.17,0.8938,21.78099,0.98823,1774320.9,13.943,18.742,66.029,63.62,,14.511,19.935,71.651,73.903,,19.95,19.729,11.704,,-2.6648,23.016
44,US,US,IWB,,iShares Russell 1000 ETF,Equity,USD,49367702380,49.368,417.13,612827,1023,BlackRock,Large Blend,Russell 1000,North America,United States,Long,2000-05-15,0.15,0.9038,25.62345,1.01202,449975.55,11.699,16.788,70.125,64.283,243.035,12.197,17.967,76.221,74.953,298.456,17.98,20.782,11.838,14.828,-2.29317,20.834
45,US,US,QUAL,,iShares MSCI USA Quality Factor ETF,Equity,USD,47540910764,47.541,219.56,1410782,128,BlackRock,Large Blend,MSCI USA Sector Neutral Quality,North America,United States,Long,2013-07-18,0.15,0.8587,27.79946,1.01698,724596.45,10.543,15.735,59.761,56.75,223.215,10.976,16.831,64.915,66.277,274.662,16.843,18.142,10.706,14.123,-3.41369,18.116
46,US,US,DIA,,State Street SPDR Dow Jones Industrial Average ETF Trust,Equity,USD,46420091096,46.42,524.07,3693072,31,State Street,Large Value,Dow Jones Industrial Average,North America,United States,Long,1998-01-14,0.16,1.403,21.95,0.86442,2882949.55,9.052,14.877,51.242,49.423,183.557,9.991,16.636,58.741,62.91,243.607,16.648,16.649,10.254,13.139,-4.14815,16.346
47,US,US,VONG,,Vanguard Russell 1000 Growth ETF,Equity,USD,46220325553,46.22,126.11,519962,376,Vanguard,Large Growth,Russell 1000 Growth,North America,United States,Long,2010-09-20,0.06,0.4609,36.24658,1.16781,852084.1,3.581,8.472,76.033,68.214,369.981,3.845,9,79.144,74.017,414.24,9.006,21.446,11.718,17.795,-5.13766,19.848
48,US,US,JEPI,,JPMorgan Equity Premium Income ETF,Equity,USD,46090516877,46.091,56.54,4799776,136,JPMorgan Chase,Derivative Income,,North America,United States,Long,2020-05-20,0.35,8.106,25.16553,0.53752,4378934.3,-1.22292,-0.47527,2.465,-9.04118,,4.233,7.817,30.033,40.159,,7.823,9.146,6.986,,-5.60935,2.613
49,US,US,SCHB,,Schwab U.S. Broad Market ETF,Equity,USD,44843225968,44.843,29.4,4146685,2382,Charles Schwab,Large Blend,Dow Jones US Broad Stock Market,North America,United States,Long,2009-11-03,0.03,1.023,25.40847,1.02526,5337629.15,12.085,17.085,69.775,62.028,234.281,12.691,18.428,76.394,73.473,292.481,18.442,20.821,11.649,14.654,-2.48756,21.087
50,US,US,XLV,,State Street Health Care Select Sector SPDR ETF,Equity,USD,44504969389,44.505,166.58,8002227,63,State Street,Health,S&P Health Care Select Sector,North America,United States,Long,1998-12-16,0.08,1.52,25.70806,0.56942,7535099.3,7.61,20.841,26.14,22.494,128.286,8.529,22.952,32.639,32.831,169.871,22.969,9.87,5.843,10.439,-5.67117,24.569
51,US,US,DGRO,,iShares Core Dividend Growth ETF,Equity,USD,43589619228,43.59,78.04,1436335,398,BlackRock,Large Value,Morningstar US Dividend Growth Index,North America,United States,Long,2014-06-10,0.08,1.893,21.41478,0.77464,1205039.15,12.417,16.547,51.475,48.393,177.821,13.438,19.006,62.227,66.265,250.401,19.02,17.497,10.705,13.361,-3.15215,16.748
52,US,US,SOXX,,iShares Semiconductor ETF,Equity,USD,42612330444,42.612,532,6280518,34,BlackRock,Technology,NYSE Semiconductor Index,North America,United States,Long,2001-07-10,0.33,0.2759,43.22421,1.80432,7059654.95,76.656,113.783,223.123,244.604,1372.583,76.849,114.781,229.634,258.584,1523.442,114.893,48.812,29.102,32.148,-18.89626,115.184
53,US,US,SPDW,,State Street SPDR Portfolio Developed World ex-US ETF,Equity,USD,42461968744,42.462,51.6,4008697,2450,State Street,Foreign Large Blend,S&P Developed x United States BMI,Global,,Long,2007-04-20,0.03,2.938,16.9217,0.84292,2364130.55,16.19,21.813,62.622,36.544,93.186,17.832,25.764,78.091,59.759,157.561,25.784,21.207,9.824,9.924,-1.58306,22.886
54,US,US,JEPQ,,JPMorgan NASDAQ Equity Premium Income ETF,Equity,USD,42440744036,42.441,59.78,3974572,111,JPMorgan Chase,Derivative Income,,North America,United States,Long,2022-05-03,0.35,11.314,32.03639,0.83875,5575682.5,2.856,6.712,23.948,,,11.43,19.739,71.692,,,19.754,19.738,,,-3.14323,11.717
55,US,US,XLE,,State Street Energy Select Sector SPDR ETF,Equity,USD,42112876410,42.113,65.31,25117933,24,State Street,Equity Energy,S&P Energy Select Sector,North America,United States,Long,1998-12-16,0.08,2.323,16.36548,0.45552,25136576.85,46.075,49.862,41.901,173.779,81.821,48.09,54.532,56.214,228.414,172.931,54.578,16.027,26.852,10.563,-0.92536,54.215
56,US,US,DYNF,,iShares U.S. Equity Factor Rotation Active ETF,Equity,USD,41834464588,41.834,69.59,1748562,263,BlackRock,Large Blend,,North America,United States,Long,2019-03-19,0.26,0.774,23.2134,1.01736,1659228.3,14.438,20.858,90.814,83.712,,14.959,21.927,96.083,102.496,,21.944,25.158,15.157,,-1.30478,23.87
57,US,US,CGDV,,Capital Group Dividend Value ETF,Equity,USD,38954727035,38.955,49.54,3617198,58,Capital Group,Large Value,,North America,United States,Long,2022-02-22,0.33,1.183,26.84,0.89215,3070981.45,13.52,19.691,81.266,,,14.163,21.29,89.754,,,21.306,23.797,,,-4.05733,20.141
58,US,US,VNQ,,Vanguard Real Estate ETF,Equity,USD,38016496793,38.016,94.94,4106264,154,Vanguard,Real Estate,MSCI US IMI/Real Estate 25-50,North America,United States,Long,2004-09-23,0.13,3.658,30.10758,0.98357,2810927.75,7.289,3.274,16.377,-13.86318,5.913,9.392,7.273,31.056,4.383,57.445,7.278,9.432,0.8617,4.644,-6.7387,9.327
59,US,US,VBR,,Vanguard Morningstar Small-Cap Value ETF,Equity,USD,37526013768,37.526,241.89,298933,851,Vanguard,Small Value,Morningstar US Small Cap Value TR USD,North America,United States,Long,2004-01-26,0.05,1.785,16.94468,0.97034,275114.5,14.212,14.863,47.207,40.405,115.109,15.388,17.137,56.805,56.03,164.677,17.15,16.173,9.307,10.224,-3.95283,21.7
60,US,US,SPYV,,State Street SPDR Portfolio S&P 500 Value ETF,Equity,USD,36838790089,36.839,62.67,1435786,439,State Street,Large Value,S&P 500 Value,North America,United States,Long,2000-09-25,0.04,1.669,22.01776,0.82905,1420567.55,10.315,15.181,45.339,55.625,139.674,11.218,17.31,54.269,72.431,203.637,17.323,15.543,11.514,11.749,-2.47432,16.185
61,US,US,TQQQ,,ProShares UltraPro QQQ,Equity,USD,35928867860,35.929,71.55,34218821,129,ProShares,Trading--Leveraged Equity,NASDAQ 100 Index,,,3X Long,2010-02-09,0.82,0.5273,,3.71256,46665537.9,35.717,53.656,253.333,90.151,2672.181,36.254,54.651,265.573,99.539,2815.458,54.697,54.034,14.819,40.117,-18.77625,91.72
62,US,US,MGK,,Vanguard Morningstar Mega Cap Growth ETF,Equity,USD,33608169710,33.608,89.56,823851,60,Vanguard,Large Growth,Morningstar US Mega Cap Growth TR USD,North America,United States,Long,2007-12-17,0.05,0.3276,37.01023,1.24183,1046912.1,8.487,14.944,87.757,79.185,410.837,8.692,15.368,90.29,83.645,451.105,15.379,23.913,12.928,18.613,-3.05261,40.508
63,US,US,IUSG,,iShares Core S&P U.S. Growth ETF,Equity,USD,33336444056,33.336,190.1148,318696,400,BlackRock,Large Growth,S&P 900 Growth,North America,United States,Long,2000-07-24,0.04,0.4851,30.42511,1.1704,462130,13.204,19.335,92.697,74.225,344.817,13.471,19.987,96.847,81.332,394.024,20.002,25.32,12.642,17.323,-2.82417,28.118
64,US,US,ACWI,,iShares MSCI ACWI ETF,Equity,USD,33113106349,33.113,160.15,898295,2245,BlackRock,Global Large-Stock Blend,MSCI ACWI Index,,,Long,2008-03-26,0.32,1.402,21.92592,0.9262,1869786.35,13.188,18.876,67.995,53.151,169.341,13.923,20.7,76.521,67.067,224.159,20.716,20.85,10.811,12.482,-1.62656,19.828
65,US,US,IDEV,,iShares Core MSCI International Developed Markets ETF,Equity,USD,32931697584,32.932,91.83,7239643,2310,BlackRock,Foreign Large Blend,MSCI World ex USA IMI,Global,,Long,2017-03-21,0.04,3.129,17.50456,0.79668,1870726.1,11.336,15.626,54.181,31.769,,13.016,19.563,69.721,54.17,,19.578,19.278,9.045,,-2.1628,17.58
66,US,US,EFV,,iShares MSCI EAFE Value ETF,Equity,USD,32149552460,32.15,81.66,2086246,442,BlackRock,Foreign Large Value,MSCI EAFE Value,EAFE,,Long,2005-08-01,0.33,4.474,13.94567,0.61987,1640948.25,14.354,20.727,66.823,56.108,74.338,17.393,26.752,90.712,95.387,160.643,26.773,24.005,14.337,10.055,-1.88044,22.76
67,US,US,EEM,,iShares MSCI Emerging Markets ETF,Equity,USD,31970734398,31.971,68.48,16368952,1226,BlackRock,Diversified Emerging Mkts,MSCI Emerging Markets,Emerging Markets,,Long,2003-04-07,0.72,1.627,15.67648,0.74753,15836071.25,25.169,34.512,76.905,30.066,80.258,25.819,37.146,89.996,46.29,124.427,37.176,23.849,7.906,8.421,-4.31745,34.012
68,US,US,XLI,,State Street Industrial Select Sector SPDR ETF,Equity,USD,31887777049,31.888,171.79,6404539,86,State Street,Industrials,S&P Industrial Select Sector,North America,United States,Long,1998-12-16,0.08,1.198,27.36146,0.99092,6528465.9,10.747,13.565,62.634,66.916,192.259,11.331,15.029,69.815,80.009,247.12,15.04,19.3,12.478,13.254,-8.7146,16.757
69,US,US,AVUV,,Avantis U.S. Small Cap Value ETF,Equity,USD,31855725809,31.856,124.31,1428906,784,American Century Investments,Small Value,,North America,United States,Long,2019-09-24,0.25,1.221,11.95866,1.0011,1225791.95,21.896,23.274,56.345,67.376,,23.061,25.476,64.756,82.552,,25.496,18.104,12.794,,-3.67299,32.428
70,US,US,VXF,,Vanguard Extended Market ETF,Equity,USD,31308337832,31.308,238.67,199083,3359,Vanguard,Mid-Cap Blend,S&P Completion,North America,United States,Long,2001-12-27,0.05,1.024,20.55097,1.13327,296304.5,14.131,14.3,60.364,26.454,159.368,14.761,15.601,66.336,34.276,195.269,15.612,18.48,6.073,11.437,-4.81755,21.83
71,US,US,VGK,,Vanguard FTSE Europe ETF,Equity,USD,31133271370,31.133,90.21,1726353,1233,Vanguard,Europe Stock,FTSE Developed Europe All Cap,Europe,,Long,2005-03-04,0.06,2.847,17.23145,0.85193,1672988.45,7.894,14.002,51.384,30.079,80.673,9.875,17.5,66.437,53.527,147.657,17.513,18.504,8.954,9.494,-3.30153,15.929
72,US,US,GDX,,VanEck Gold Miners ETF,Equity,USD,30264518419,30.265,99.47,14644393,62,VanEck,Equity Precious Metals,MarketVector Global Gold Miners Index,Global,,Long,2006-05-22,0.51,0.6365,16.63546,0.7095,25081121.6,15.973,47.933,250.988,209.009,256.523,15.973,49.007,263.557,231.184,293.136,49.048,53.75,27.066,14.673,-15.10988,49.198
73,US,US,EWY,,iShares MSCI South Korea ETF,Equity,USD,28966552427,28.967,190.78,10895373,86,BlackRock,Focused Region,MSCI Korea 25-50,Asia-Pacific,South Korea,Long,2000-05-09,0.59,1.068,13.92738,1.51492,14084983.55,96.235,157.151,208.755,124.5,227.014,96.235,162.926,231.676,149.273,294.965,163.1,49.119,20.046,14.727,-13.63122,155.309
74,US,US,AVEM,,Avantis Emerging Markets Equity ETF,Equity,USD,28726010361,28.726,96.04,1893535,4028,American Century Investments,Diversified Emerging Mkts,,Global,,Long,2019-09-17,0.33,2.502,13.7382,0.75167,1616709.6,24.695,31.996,78.679,43.88,,26.344,35.809,95.601,66.679,,35.837,25.055,10.76,,-4.75057,31.67
75,US,US,FNDX,,Schwab Fundamental U.S. Large Company ETF,Equity,USD,27894671814,27.895,32.31,3357837,737,Charles Schwab,Large Value,RAFI Fundamental High Liquidity US Large Index,North America,United States,Long,2013-08-15,0.25,1.426,19.484,0.88353,2555669.1,18.743,25.184,67.435,74.677,208.891,19.676,27.264,76.634,91.783,279.447,27.285,20.876,13.912,14.268,-1.62886,25.891
76,US,US,IUSV,,iShares Core S&P US Value ETF,Equity,USD,27756614860,27.757,113.27,433724,741,BlackRock,Large Value,S&P 900 Value,North America,United States,Long,2000-07-24,0.04,1.647,21.64648,0.84235,527471.9,10.464,15.018,45.125,54.677,142.123,11.338,17.108,53.927,71.089,201.021,17.121,15.458,11.34,11.652,-2.51313,16.008
77,US,US,VOOG,,Vanguard S&P 500 Growth ETF,Equity,USD,27271447058,27.271,83.76,1191512,152,Vanguard,Large Growth,S&P 500 Growth,North America,United States,Long,2010-09-07,0.07,0.4468,35.16028,1.17859,1003953.25,13.039,19.371,95.669,76.683,358.959,13.321,19.978,99.528,83.418,406.885,19.993,25.886,12.9,17.625,-2.76294,28.881
78,US,US,MDY,,State Street SPDR S&P MIDCAP 400 ETF Trust,Equity,USD,26567133892,26.567,679.65,440695,401,State Street,Mid-Cap Blend,S&P Mid Cap 400,North America,United States,Long,1995-05-04,0.23,1.033,20.12936,1.012,446235.3,12.659,12.704,44.272,37.01,136.812,13.218,13.976,49.575,45.68,168.931,13.986,14.36,7.816,10.4,-5.25545,19.612
79,US,US,FNDF,,Schwab Fundamental International Equity ETF,Equity,USD,26322163673,26.322,55.83,1974263,905,Charles Schwab,Foreign Large Value,RAFI Fundamental High Liquidity Developed ex US Large Index,Global,,Long,2013-08-15,0.25,2.932,14.3245,0.71819,1807914.05,23.49,30.964,74.142,66.956,119.027,24.189,35.672,92.961,98.334,200.628,35.7,24.49,14.68,11.637,-1.1421,31.911
80,US,US,RDVY,,First Trust Rising Dividend Achievers ETF,Equity,USD,25697323305,25.697,80.64,840570,73,First Trust,Large Value,NASDAQ US Rising Dividend Achievers,North America,United States,Long,2014-01-06,0.47,0.8395,16.7,1.00869,1020926.8,16.079,22.126,69.661,65.483,263.571,16.601,23.297,77.461,80.164,327.674,23.315,21.064,12.497,15.643,-4.02285,24.109
81,US,US,DRAM,,Roundhill Memory ETF,Equity,USD,25675758765,25.676,61.58,25716627,27,Roundhill,Technology,,Global,,Long,2026-04-02,0.65,0,15.70692,,38649239.05,,,,,,,,,,,,,,,-24.29309,135.578
82,US,US,CGGR,,Capital Group Growth ETF,Equity,USD,25647825166,25.648,46.86,2576546,104,Capital Group,Large Growth,,North America,United States,Long,2022-02-22,0.39,0.149,29.85954,1.18409,2315423.8,5.374,8.724,84.198,,,5.436,8.89,85.507,,,8.896,22.866,,,-2.41566,21.556
83,US,US,EMXC,,iShares MSCI Emerging Markets ex China ETF,Equity,USD,25485556226,25.486,101.61,1669720,639,BlackRock,Diversified Emerging Mkts,MSCI Emerging Markets ex China,Emerging Markets,,Long,2017-07-18,0.25,1.893,16.51923,0.90438,1597490.4,39.805,56.781,99.431,63.15,,40.634,60.713,114.715,84.276,,60.765,29.002,13.006,,-5.14376,56.781
84,CA,TSX,XIC,,iShares Core S&P/TSX Capped Composite Index ETF,Equity,CAD,34614570000,25.141,57.47,398343,225,iShares,Total Market,S&P/TSX Capped Composite,North America,,Long,2001-02-16,0.06,1.958,19.83741,1.01982,496767.5,13.689,23.724,79.258,73.678,144.034,14.889,26.465,93.8,99.357,224.811,26.485,24.67,14.798,12.505,-3.06966,23.724
85,US,US,IYW,,iShares U.S. Technology ETF,Equity,USD,25123642303,25.124,252.88,504613,153,BlackRock,Technology,Russell 1000 Technology RIC 22.5/45 Capped Index,North America,United States,Long,2000-05-15,0.38,0.1015,34.72787,1.36097,464096.5,26.643,37.271,129.786,134.192,764.104,26.726,37.443,131.462,137.806,813.924,37.473,32.271,18.92,24.768,-3.11482,46.561
86,US,US,MTUM,,iShares MSCI USA Momentum Factor ETF,Equity,USD,24803252246,24.803,309.29,415453,130,BlackRock,Large Blend,MSCI USA Momentum SR Variant Index,North America,United States,Long,2013-04-16,0.15,0.5993,30.28361,1.08063,677646.35,23.563,25.483,112.017,70.408,298.108,23.81,26.374,117.264,80.362,347.288,26.394,29.51,12.522,16.163,-10.50378,34.814
87,US,US,VOE,,Vanguard Morningstar Mid-Cap Value ETF,Equity,USD,24419501185,24.42,205.28,210827,181,Vanguard,Mid-Cap Value,Morningstar US Mid Cap Value TR USD,North America,United States,Long,2006-08-17,0.05,1.813,18.33011,0.85829,280431.9,15.735,19.065,50.642,42.387,117.32,16.904,21.505,61.053,59.019,172.198,21.521,17.212,9.722,10.534,-2.74317,21.64
88,US,US,USMV,,iShares MSCI USA Min Vol Factor ETF,Equity,USD,24118482697,24.118,99.45,1710719,169,BlackRock,Large Blend,MSCI USA Minimum Volatility,North America,United States,Long,2011-10-18,0.15,1.452,23.03724,0.65421,1453280.6,5.618,5.719,33.079,27.828,115.54,6.385,7.341,39.902,38.692,158.098,7.346,11.84,6.761,9.947,-2.70032,9.262
89,US,US,DVY,,iShares Select Dividend ETF,Equity,USD,23741927863,23.742,161.91,235819,105,BlackRock,Mid-Cap Value,DJ US Select Dividend,North America,United States,Long,2003-11-03,0.38,3.248,14.32965,0.67868,288560.85,14.716,14.781,44.241,36.945,85.528,16.51,18.944,61.556,63.902,164.828,18.958,17.334,10.388,10.231,-3.08272,18.045
90,US,US,VBK,,Vanguard Morningstar Small-Cap Growth ETF,Equity,USD,23684674425,23.685,342.83,209286,552,Vanguard,Small Growth,Morningstar US Small Cap Growth TR USD,North America,United States,Long,2004-01-26,0.05,0.4461,31.94994,1.17171,177359.7,13.479,14.716,52.471,17.235,157.38,13.725,15.277,55.199,20.604,174.56,15.288,15.775,3.818,10.629,-6.5955,22.32
91,US,US,EWJ,,iShares MSCI Japan ETF,Equity,USD,23506366940,23.506,97,4519925,173,BlackRock,Japan Stock,MSCI Japan,Asia-Pacific,Japan,Long,1996-03-12,0.49,3.673,17.72383,0.68785,3586266.25,20.139,19.812,57.442,34.256,93.536,20.791,24.971,71.756,51.2,136.159,24.99,19.753,8.621,8.975,-1.80695,24.033
92,US,US,SCHA,,Schwab U.S. Small-Cap ETF,Equity,USD,22929576360,22.93,34.1,4009180,1711,Charles Schwab,Small Blend,Dow Jones US Total Stock Market Small-Cap,North America,United States,Long,2009-11-03,0.03,1.049,18.18201,1.10657,2616628.35,19.733,23.194,58.127,32.814,134.445,20.237,24.665,64.853,42.382,169.437,24.684,18.127,7.324,10.421,-5.8011,28.898
93,US,US,SPMO,,Invesco S&P 500 Momentum ETF,Equity,USD,22756488210,22.756,150.3,1965337,101,Invesco,Large Blend,S&P 500 Momentum Index,North America,United States,Long,2015-10-09,0.13,0.6979,29.77659,1.11152,1655237.45,25.964,27.676,154.022,136.339,448.2,26.514,28.749,160.381,150.192,519.714,28.771,37.564,20.134,20.013,-7.39372,40.153
94,US,US,XLC,,State Street Communication Services Select Sector SPDR ETF,Equity,USD,22666760684,22.667,110.83,4810853,27,State Street,Communications,S&P Communication Services Select Sector Index,North America,United States,Long,2018-06-18,0.08,1.291,16.53964,0.97781,4128262,-5.85287,-3.475,65.517,30.036,,-5.30691,-2.26172,71.204,36.895,,-2.26325,19.625,6.483,,-7.95233,5.522
95,US,US,DFIV,,Dimensional International Value ETF,Equity,USD,22446172389,22.446,58.3,1112172,612,Dimensional,Foreign Large Value,,Global,,Long,1999-04-16,0.27,2.536,13.04067,0.67238,1087696.4,16.834,26.657,76.988,,,18.778,30.304,96.784,,,30.328,25.307,,,-1.5369,29.369
96,US,US,XLU,,State Street Utilities Select Sector SPDR ETF,Equity,USD,22359301572,22.359,42.94,16887873,34,State Street,Utilities,S&P Utilities Select Sector,North America,United States,Long,1998-12-16,0.08,2.784,20.30742,0.58123,19658230.6,0.5856,3.946,35.929,23.037,70.566,1.936,6.846,48.763,43.016,134.058,6.851,14.152,7.419,8.877,-10.16736,4.165
97,US,US,VONV,,Vanguard Russell 1000 Value ETF,Equity,USD,22313922673,22.314,111.4,414816,890,Vanguard,Large Value,Russell 1000 Value,North America,United States,Long,2010-09-20,0.06,1.542,20.9,0.84722,563540.05,20.693,25.99,61.192,56.659,137.147,21.697,28.297,71.108,73.534,196.033,28.319,19.602,11.656,11.465,-2.34923,27.285
98,US,US,VYMI,,Vanguard International High Dividend Yield ETF,Equity,USD,22120484398,22.12,105.35,798356,1687,Vanguard,Foreign Large Value,FTSE Custom All-World ex US High Dividend Yield Net Tax (US RIC) Index,Global,,Long,2016-02-25,0.07,3.421,14.09934,0.63306,809480.5,17.056,24.233,68.022,54.269,82.646,19.44,29.168,91.737,93.88,176.009,29.191,24.226,14.16,10.687,-1.80452,27.165
99,US,US,XLY,,State Street Consumer Discretionary Select Sector SPDR ETF,Equity,USD,21972246876,21.972,112.46,7672783,50,State Street,Consumer Cyclical,S&P Consumer Discretionary Select Sector,North America,United States,Long,1998-12-16,0.08,0.8024,26.66126,1.21549,5333676.6,-5.82028,-4.70299,33.286,22.06,179.856,-5.44319,-3.96267,36.586,27.192,210.517,-3.96533,10.949,4.929,11.999,-10.0392,6.911
100,US,US,AVLV,,Avantis U.S. Large Cap Value ETF,Equity,USD,21760356754,21.76,93.27,1458572,281,American Century Investments,Large Value,,North America,United States,Long,2021-09-21,0.15,1.101,17.36263,0.94787,2716989.25,23.096,30.066,72.499,,,24.138,31.98,81.109,,,32.005,21.888,,,-2.14552,33.053
101,US,US,SDY,,State Street SPDR S&P Dividend ETF,Equity,USD,21714634569,21.715,153.19,118260,158,State Street,Mid-Cap Value,S&P High Yield Dividend Aristocrats,North America,United States,Long,2005-11-08,0.35,2.435,18.77932,0.70445,184075.5,10.082,9.156,27.298,24.252,78.356,11.471,12.041,37.778,41.846,140.538,12.05,11.271,7.243,9.175,-4.42947,13.222
102,US,US,DFUS,,Dimensional U.S. Equity Market ETF,Equity,USD,21634679197,21.635,83.2,706897,2235,Dimensional,Large Blend,,North America,United States,Long,2001-09-25,0.09,0.8462,25.40008,1.01549,487947.15,12.175,17.697,71.723,68.455,,12.714,18.807,77.495,78.996,,18.821,21.072,12.351,,-2.42758,21.3
103,US,US,FTEC,,Fidelity MSCI Information Technology Index ETF,Equity,USD,21250689541,21.251,288.52,189925,285,Fidelity,Technology,MSCI USA IMI Information Technology 25/50 Index,North America,United States,Long,2013-10-21,0.084,0.3473,35.72824,1.35027,220448.75,28.419,37.626,123.261,129.13,702.336,28.685,38.22,127.093,136.826,775.491,38.251,31.434,18.822,24.233,-4.07894,45.592
104,US,US,AVDV,,Avantis International Small Cap Value ETF,Equity,USD,20779446697,20.779,111.89,774423,1700,American Century Investments,Foreign Small/Mid Value,,Global,,Long,2019-09-24,0.36,3.099,12.98617,0.78365,703701.95,19.07,27.977,91.527,67.751,,21.36,32.444,113.832,100.145,,32.469,28.825,14.889,,-1.85088,28.668
105,US,US,IWV,,iShares Russell 3000 ETF,Equity,USD,20482506132,20.483,433.29,130481,2587,BlackRock,Large Blend,Russell 3000,North America,United States,Long,2000-05-22,0.2,0.8604,25.23685,1.0187,123942.7,12.005,17.048,69.525,62.166,234.69,12.482,18.171,75.384,72.42,286.746,18.185,20.59,11.513,14.486,-2.39128,20.845
106,US,US,OEF,,iShares S&P 100 ETF,Equity,USD,20320888609,20.321,378.94,190693,105,BlackRock,Large Blend,S&P 100,North America,United States,Long,2000-10-23,0.2,0.8497,27.28995,1.03585,195785.4,10.488,17.57,81.077,82.139,290.781,11.022,18.69,86.853,93.094,354.783,18.704,23.163,14.067,16.356,-1.58681,23.498
107,US,US,SOXL,,Direxion Daily Semiconductor Bull 3X ETF,Equity,USD,20256716814,20.257,125.87,35816673,49,Direxion,Trading--Leveraged Equity,NYSE Semiconductor Index,North America,United States,3X Long,2010-03-11,0.75,0.008,,5.73537,52949440,199.477,364.808,485.442,180.022,4352.423,199.477,364.945,496.004,188.494,4784.362,365.435,81.283,23.606,47.538,-58.32119,373.73
108,US,US,COWZ,,Pacer US Cash Cows 100 ETF,Equity,USD,19958825355,19.959,69.5,1014898,102,Pacer,Mid-Cap Value,Pacer US Cash Cows 100 Index,North America,United States,Long,2016-12-16,0.49,1.957,16.26993,0.81771,831648.65,15.506,20.849,36.275,56.11,,16.764,23.408,45.209,72.953,,23.426,13.236,11.581,,-4.16437,24.955
109,US,US,BBJP,,JPMorgan BetaBuilders Japan ETF,Equity,USD,19757748298,19.758,78.25,2266405,178,JPMorgan Chase,Japan Stock,Morningstar Japan Target Market Exposure Index,Global,Japan,Long,2018-06-15,0.19,4.52,17.42519,0.68022,666684.75,18.723,16.878,52.178,29.553,,18.723,23.178,70.095,51.276,,23.196,19.366,8.632,,-1.85011,21.093
110,US,US,IWP,,iShares Russell Mid-Cap Growth ETF,Equity,USD,19625504121,19.626,138.45,338800,270,BlackRock,Mid-Cap Growth,Russell Midcap Growth,North America,United States,Long,2001-07-17,0.23,0.3566,31.92361,1.12654,811008.1,1.103,-3.68026,45.89,17.56,182.869,1.261,-3.33919,47.815,20.554,200.768,-3.34144,13.909,3.81,11.643,-6.63565,12.616
111,US,US,VOT,,Vanguard Morningstar Mid-Cap Growth ETF,Equity,USD,19528533802,19.529,296.13,165880,126,Vanguard,Mid-Cap Growth,Morningstar US Mid Cap Growth TR USD,North America,United States,Long,2006-08-17,0.05,0.6151,35.12276,1.16017,159724.4,6.087,2.138,45.841,19.422,176.912,6.437,2.803,48.939,23.574,197.485,2.805,14.197,4.325,11.52,-6.03373,19.297
112,US,US,VHT,,Vanguard Health Care ETF,Equity,USD,19454890592,19.455,313.3,193495,424,Vanguard,Health,MSCI US IMI 25/50 Health Care,North America,United States,Long,2004-01-26,0.09,1.507,24.70988,0.60684,207120.15,8.841,22.035,29.516,18.773,133.562,9.622,24.146,35.654,27.86,170.908,24.164,10.697,5.039,10.481,-5.27589,25.536
113,US,US,AVDE,,Avantis International Equity ETF,Equity,USD,19335548314,19.336,92.97,965610,3337,American Century Investments,Foreign Large Blend,,Global,,Long,2019-09-24,0.23,2.723,15.73772,0.78082,953200.8,12.937,19.116,64.113,42.965,,14.954,22.645,79.871,66.383,,22.662,21.61,10.72,,-1.95107,20.431
114,US,US,SPHQ,,Invesco S&P 500 Quality ETF,Equity,USD,18921736485,18.922,84.43,764046,102,Invesco,Large Blend,S&P 500 Quality,North America,United States,Long,2005-12-06,0.15,1.105,25.46502,0.9156,1431862.65,12.498,16.632,62.71,67.321,231.098,13.184,18.046,68.796,79.5,287.69,18.059,19.061,12.414,14.513,-6.56264,17.968
115,US,US,SPMD,,State Street SPDR Portfolio S&P 400 Mid Cap ETF,Equity,USD,18739446887,18.739,65.34,1341966,403,State Street,Mid-Cap Blend,S&P Mid Cap 400,North America,United States,Long,2005-11-08,0.03,1.24,20.35649,1.01652,1306087,12.83,12.869,44.622,37.01,134.194,13.553,14.402,51.035,47.696,176.75,14.413,14.731,8.113,10.717,-5.26316,19.835
116,US,US,DFAI,,Dimensional International Core Equity Market ETF,Equity,USD,18389277051,18.389,42.73,1706478,3687,Dimensional,Foreign Large Blend,,Global,,Long,2020-11-17,0.18,2.268,17.11739,0.7729,1816393.9,12.123,18.071,59.738,41.725,,13.699,21,72.754,61.915,,21.016,19.984,10.119,,-1.97293,19.776
117,US,US,ESGU,,iShares ESG Aware MSCI USA ETF,Equity,USD,18096760133,18.097,166.91,179498,279,BlackRock,Large Blend,MSCI USA Extended ESG Focus Index,North America,United States,Long,2016-12-01,0.15,0.9189,25.90073,1.03785,351580.65,12.035,17.708,70.021,61.235,,12.559,18.923,76.112,72.03,,18.937,20.757,11.462,,-2.30612,21.992
118,US,US,SPEM,,State Street SPDR Portfolio Emerging Markets ETF,Equity,USD,17929317427,17.929,52.97,923784,3022,State Street,Diversified Emerging Mkts,S&P Emerging Markets BMI,Emerging Markets,,Long,2007-03-19,0.07,2.453,16.46706,0.61109,1056716.35,13.16,17.164,55.657,20.059,72.064,14.296,20.315,69.067,39.671,121.636,20.33,19.125,6.912,8.285,-1.06462,16.983
119,CA,TSX,ZSP,,BMO S&P 500 Index ETF,Equity,CAD,24517110000,17.807,115.63,114920,506,BMO,US Equity,S&P 500,North America,,Long,2012-11-14,0.09,0.7658,27.03225,0.77127,102495.6,12.404,17.702,73.41,83.89,270.49,12.905,18.711,78.784,94.988,326.41,18.725,21.364,14.29,15.609,-3.55326,20.098
120,US,US,VTWO,,Vanguard Russell 2000 ETF,Equity,USD,17543625552,17.544,117.51,1088251,2002,Vanguard,Small Blend,Russell 2000,North America,United States,Long,2010-09-20,0.06,1.114,18.172,1.1158,1142010.7,18.077,21.936,57.986,30.046,133.925,18.691,23.486,64.529,39.386,166.89,23.504,18.05,6.868,10.316,-4.74994,26.976
121,CA,TSX,XEF,,iShares Core MSCI EAFE IMI Index ETF,Equity,CAD,23800306000,17.286,51.77,219300,2543,iShares,Total Market,MSCI EAFE IMI,,,Long,2013-04-10,0.24,2.327,17.25546,0.79423,204264.55,11.742,15.817,55.699,41.797,95.654,13.468,18.656,68.421,62.965,152.426,18.67,18.973,10.262,9.703,-2.7976,16.337
122,US,US,DGRW,,WisdomTree US Quality Dividend Growth Fund,Equity,USD,17281650231,17.282,98.61,378338,199,WisdomTree,Large Blend,WisdomTree U.S. Quality Dividend Growth Index,North America,United States,Long,2013-05-22,0.28,1.22,24.59326,0.82671,434898.85,10.265,12.71,49.048,58.895,203.696,11.049,14.202,56.007,73.234,268.98,14.212,15.976,11.618,13.948,-1.96839,15.514
123,US,US,EFG,,iShares MSCI EAFE Growth ETF,Equity,USD,17000832885,17.001,122.21,552382,373,BlackRock,Foreign Large Growth,MSCI EAFE Growth,EAFE,,Long,2005-08-01,0.36,2.281,23.84294,0.95785,28804.4,7.277,8.131,35.638,8.103,77.631,8.136,10.732,43.416,17.695,108.737,10.74,12.768,3.313,7.638,-4.0926,14.034
124,US,US,SPSM,,State Street SPDR Portfolio S&P 600 Small Cap ETF,Equity,USD,16561874465,16.562,55.51,3699362,610,State Street,Small Blend,S&P Small Cap 600,North America,United States,Long,2013-07-08,0.03,1.415,17.53212,1.01962,1670337.95,18.459,19.763,46.156,28.883,124.664,19.306,21.693,53.959,40.167,164.265,21.709,15.466,6.988,10.207,-5.26495,27.142
125,CA,TSX,XIU,,iShares S&P/TSX 60 Index ETF,Equity,CAD,22654579000,16.454,53,5370556,67,iShares,Large Cap,S&P/TSX 60,North America,,Long,1999-06-21,0.18,2.137,19.69894,0.95721,3394011.4,12.79,22.232,74.572,69.275,145.655,14.638,25.072,89.694,95.269,227.498,25.091,23.784,14.323,12.597,-3.56623,22.289
126,US,US,IWY,,iShares Russell Top 200 Growth ETF,Equity,USD,15936331357,15.936,287.39,294972,105,BlackRock,Large Growth,Russell Top 200 Growth,North America,United States,Long,2009-09-22,0.2,0.3478,34.84534,1.17162,316418.15,3.773,9.578,78.26,76.519,413.38,3.953,9.981,80.867,81.705,459.395,9.988,21.834,12.689,18.791,-5.18905,20.373
127,US,US,DFUV,,Dimensional US Marketwide Value ETF,Equity,USD,15855111418,15.855,56.97,281698,1324,Dimensional,Large Value,,North America,United States,Long,1998-12-16,0.21,1.269,17.94488,0.90513,417935.35,22.279,28.979,63.566,,,23.144,30.923,71.829,,,30.947,19.77,,,-1.58922,30.785
128,US,US,SCHV,,Schwab U.S. Large-Cap Value ETF,Equity,USD,15794786894,15.795,34.53,2799019,559,Charles Schwab,Large Value,Dow Jones US Total Stock Market Large-Cap Value,North America,United States,Long,2009-12-11,0.04,1.769,20.9795,0.83886,2839295.5,16.616,20.482,54.476,47.627,123.741,17.691,22.901,65.11,65.418,189.674,22.918,18.188,10.592,11.224,-2.69128,22.057
129,US,US,IWS,,iShares Russell Mid-Cap Value ETF,Equity,USD,15674484800,15.674,166.92,316128,722,BlackRock,Mid-Cap Value,Russell Midcap Value,North America,United States,Long,2001-07-17,0.23,1.303,18.2304,0.95853,325583.65,18.341,19.862,53.532,42.496,114.66,19.074,21.653,61.059,54.949,159.246,21.669,17.214,9.155,9.996,-3.80304,24.809
130,US,US,DFAS,,Dimensional U.S. Small Cap ETF,Equity,USD,15668074881,15.668,80.56,390677,2050,Dimensional,Small Blend,,North America,United States,Long,1998-12-15,0.26,0.9855,16.7053,1.00999,419337.1,15.631,16.974,49.185,38.586,,16.248,18.253,53.91,49.299,,18.267,15.454,8.347,,-4.68528,23.881
131,US,US,DFIC,,Dimensional International Core Equity 2 ETF,Equity,USD,15557658864,15.558,38.94,1952361,4061,Dimensional,Foreign Large Blend,,Global,,Long,2022-03-23,0.22,2.32,16.11537,0.78528,1212764.65,13.001,19.174,62.521,,,14.612,22.215,76.703,,,22.232,20.892,,,-1.74111,21.195
132,US,US,HDV,,iShares Core High Dividend ETF,Equity,USD,15520670357,15.521,29.08,3994837,82,BlackRock,Large Value,Morningstar Dividend Yield Focus Index,North America,United States,Long,2011-03-29,0.08,3.391,19.10331,0.54772,3980489.25,19.563,19.73,41.316,49.943,75.498,21.926,24.315,57.528,79.942,152.768,24.334,16.351,12.469,9.718,-3.46888,23.666
133,US,US,CIBR,,First Trust NASDAQ Cybersecurity ETF,Equity,USD,15231036385,15.231,94.48,825744,46,First Trust,Technology,Nasdaq CTA Cybersecurity Index,,,Long,2015-07-07,0.58,0.4137,37.25606,0.93713,1638809.45,32.232,26.462,100.936,82.924,388.521,32.576,27.142,103.557,87.084,412.758,27.163,26.728,13.348,17.761,-7.6893,57.283
134,US,US,GSLC,,TR Activebeta US Large Cap Equity ETF,Equity,USD,15153320741,15.153,145.23,160858,428,Goldman Sachs,Large Blend,Stuttgart Goldman Sachs ActiveBeta US Large Cap,North America,United States,Long,2015-09-21,0.09,0.9241,24.15169,0.99511,196846.9,9.715,13.656,65.826,60.157,230.369,10.285,14.818,71.747,70.812,283.124,14.829,19.751,11.304,14.378,-2.48766,19.906
135,US,US,SCHM,,Schwab U.S. Mid-Cap ETF,Equity,USD,15024881299,15.025,35.34,1905854,494,Charles Schwab,Mid-Cap Blend,Dow Jones US Total Stock Market Mid-Cap,North America,United States,Long,2011-01-13,0.03,1.25,20.13927,1.04636,1542884.6,17.526,18.115,50.723,33.092,140.033,18.165,19.789,57.445,43.594,178.369,19.804,16.331,7.506,10.782,-4.27952,25.119
136,US,US,DFAT,,Dimensional U.S. Targeted Value ETF,Equity,USD,14897178754,14.897,70.37,214338,1212,Dimensional,Small Value,,North America,United States,Long,1998-12-11,0.28,1.362,13.29629,0.97245,271444.8,18.189,18.868,50.524,58.135,,18.992,20.722,57.331,70.367,,20.738,16.303,11.246,,-3.35119,27.678
137,US,US,IWO,,iShares Russell 2000 Growth ETF,Equity,USD,14704456401,14.704,370.95,271855,1106,BlackRock,Small Growth,Russell 2000 Growth Benchmark,North America,United States,Long,2000-07-24,0.24,0.4427,23.15719,1.1995,382951.95,14.842,18.871,58.201,22.28,147.845,15.012,19.452,61.378,26.332,165.028,19.467,17.291,4.787,10.239,-6.48869,23.799
138,US,US,AVUS,,Avantis U.S. Equity ETF,Equity,USD,14625580583,14.626,129.44,386326,1902,American Century Investments,Large Blend,,North America,United States,Long,2019-09-24,0.15,0.9265,21.52115,1.00077,281214.5,15.799,21.392,70.563,69.668,,16.62,22.923,77.475,81.891,,22.94,21.067,12.712,,-2.53746,22.437
139,US,US,IWN,,iShares Russell 2000 Value ETF,Equity,USD,14610005141,14.61,220.48,328589,1391,BlackRock,Small Value,Russell 2000 Value,North America,United States,Long,2000-07-24,0.24,1.445,13.96566,1.02755,389647.5,21.671,25.308,56.936,35.964,108.492,22.447,27.423,65.863,49.637,151.358,27.444,18.368,8.396,9.657,-3.23883,30.655
140,US,US,XLP,,State Street Consumer Staples Select Sector SPDR ETF,Equity,USD,14575451722,14.575,83.05,12228429,38,State Street,Consumer Defensive,S&P Consumer Staples Select Sector,North America,United States,Long,1998-12-16,0.08,2.646,22.18307,0.4836,9355049.05,6.913,3.078,15.83,14.378,53.342,8.261,5.937,25.669,30.525,100.551,5.941,7.912,5.473,7.208,-7.86554,10.498
141,US,US,BAI,,iShares A.I. Innovation and Tech Active ETF,Equity,USD,14422380156,14.422,45.33,2408823,57,BlackRock,Technology,,,,Long,2024-10-21,0.55,1.309,42.40281,,2517037,36.126,38.033,,,,36.126,40.532,,,,40.565,,,,-16.7646,47.08
142,US,US,QQQI,,NEOS Nasdaq 100 High Income ETF,Equity,USD,14379028178,14.379,54.57,2844506,108,Neos,Derivative Income,,North America,United States,Long,2024-01-30,0.68,14.016,33.49121,0.94366,3876140.85,1.318,2.229,,,,11.304,17.709,,,,17.722,,,,-5.65353,13.996
143,US,US,PVAL,,Putnam Focused Large Cap Value ETF,Equity,USD,14242658327,14.243,53.67,1426200,47,Putnam,Large Value,,North America,United States,Long,2021-05-25,0.55,0.8985,22.50434,0.83478,1432213.15,17.775,28.152,80.707,106.479,,18.417,29.481,87.546,118.176,,29.504,23.315,16.888,,-1.883,29.076
144,US,US,QLD,,ProShares Ultra QQQ,Equity,USD,14232893204,14.233,89.98,2332850,125,ProShares,Trading--Leveraged Equity,NASDAQ 100 Index,,,2X Long,2006-06-19,0.95,0.1299,,2.4673,3432575.85,27.794,40.814,179.832,118.054,1609.022,27.906,41.023,182.484,120.768,1635.911,41.056,41.35,17.165,33.036,-11.07817,58.989
145,US,US,SPTM,,State Street SPDR Portfolio S&P 1500 Composite Stock Market ETF,Equity,USD,14221262320,14.221,92.35,277918,1514,State Street,Large Blend,S&P Composite 1500,North America,United States,Long,2000-10-04,0.03,1.046,25.47973,1.0061,471068.05,11.939,17.255,69.015,66.217,239.734,12.584,18.626,75.803,78.424,299.085,18.64,20.686,12.279,14.846,-2.39391,20.656
146,US,US,IGV,,iShares Expanded Tech-Software Sector ETF,Equity,USD,14211628061,14.212,101.83,8148418,111,BlackRock,Technology,S&P North American Expanded Technology Software Index,North America,United States,Long,2001-07-10,0.38,0.0165,43.47865,1.19313,11730524.1,-3.65219,-7.4441,39.957,20.967,349.819,-3.63431,-7.42692,39.983,21.008,354.235,-7.43181,11.862,3.888,16.342,-13.69608,37.738
147,US,US,IQLT,,iShares MSCI Intl Quality Factor ETF,Equity,USD,14119850293,14.12,50.6,1334230,327,BlackRock,Foreign Large Blend,World ex USA Sector Neutral Quality,Global,,Long,2015-01-13,0.3,2.363,18.83304,0.83412,1149645.85,11.331,15.657,46.709,25.186,94.369,13.022,18.581,58.312,42.626,148.113,18.595,16.544,7.36,9.514,-3.36134,17.197
148,US,US,PAVE,,Global X U.S. Infrastructure Development ETF,Equity,USD,13906088640,13.906,54.19,1498929,102,Global X,Infrastructure,Indxx U.S. Infrastructure Development Index,North America,United States,Long,2017-03-06,0.47,0.7955,27.28596,1.20909,1337193.15,13.392,16.288,72.635,102.277,,13.59,17.277,76.315,109.685,,17.29,20.803,15.964,,-10.326,19.256
149,US,US,MGV,,Vanguard Morningstar Mega Cap Value ETF,Equity,USD,13851319042,13.851,166.25,192478,128,Vanguard,Large Value,Morningstar US Mega Cap Value TR USD,North America,United States,Long,2007-12-17,0.05,1.832,22.41658,0.7385,282850.65,17.774,23.864,58.817,63.567,160.376,18.951,26.474,70.098,84.281,235.038,26.494,19.366,13.006,12.854,-2.11375,24.058
150,US,US,VFH,,Vanguard Financials ETF,Equity,USD,13630469720,13.63,139.35,432268,438,Vanguard,Financial,MSCI US IMI 25/50 Financials,North America,United States,Long,2004-01-26,0.09,1.668,15.54486,0.90485,498169.65,4.39,7.019,67.407,49.501,175.123,5.395,8.944,77.233,65.686,238.904,8.95,21.012,10.628,12.983,-2.68855,19.439
151,US,US,AMLP,,Alerian MLP ETF,Equity,USD,13593603000,13.594,56.19,814661,15,SS&C,Energy Limited Partnership,Alerian MLP Infrastructure,North America,United States,Long,2010-08-24,1.01,7.243,13.91319,0.4873,1149814.1,19.502,18.369,36.35,71.259,-11.78964,26.63,28.129,73.279,155.358,103.056,28.151,20.106,20.626,7.341,-0.17765,25.874
152,US,US,ESGV,,Vanguard ESG U.S. Stock ETF,Equity,USD,13534737000,13.535,134.99,135964,1240,Vanguard,Large Blend,FTSE USA All Cap Choice Index,North America,United States,Long,2018-09-18,0.09,0.8532,25.91706,1.08464,56725.9,11.599,16.612,72.006,59.941,,12.127,17.734,77.774,69.473,,17.747,21.135,11.129,,-2.32979,24.783
153,CA,TSX,ZCN,,BMO S&P/TSX Capped Composite Index ETF,Equity,CAD,18581750000,13.496,48.16,531559,220,BMO,Total Market,S&P/TSX Capped Composite,North America,,Long,2009-05-29,0.06,1.981,19.19614,1.0229,242974.3,13.558,23.582,78.503,72.123,140.2,14.782,26.375,93.826,99.214,224.358,26.395,24.676,14.782,12.489,-3.07909,23.677
154,US,US,ITA,,iShares U.S. Aerospace & Defense ETF,Equity,USD,13377230959,13.377,219.45,967449,53,BlackRock,Industrials,DJ US Select / Aerospace & Defense,North America,United States,Long,2006-05-01,0.37,0.4852,35.74515,0.7435,110026.75,2.217,11.03,95.71,112.255,234.961,2.355,11.594,100.047,120.942,270.2,11.602,25.995,17.183,13.986,-14.47779,12.753
155,US,US,SCZ,,iShares MSCI EAFE Small-Cap ETF,Equity,USD,13124984720,13.125,86.07,4749539,2085,BlackRock,Foreign Small/Mid Blend,MSCI EAFE Small Cap,EAFE,,Long,2007-12-10,0.4,3.099,15.56018,0.84286,1017203.35,11.015,12.216,48.627,10.233,63.725,12.563,16.004,63.534,28.203,116.532,16.016,17.811,5.095,8.033,-2.02618,17.166
156,US,US,SCHE,,Schwab Emerging Markets Equity ETF,Equity,USD,13075340366,13.075,37.26,1793331,2220,Charles Schwab,Diversified Emerging Mkts,FTSE Emerging Index,Emerging Markets,,Long,2010-01-14,0.06,2.556,16.34103,0.59682,2827658.3,13.771,16.147,53.144,17.244,59.095,13.911,19.517,68.084,35.856,110.983,19.532,18.894,6.321,7.753,-1.00956,17.336
157,CA,TSX,VCN,,Vanguard FTSE Canada All Cap Index ETF,Equity,CAD,17945733000,13.034,73.15,413582,215,Vanguard,Total Market,FTSE Canada All Cap Domestic Index,North America,,Long,2013-08-02,0.05,1.982,20.13056,1.0158,151641.95,13.411,23.003,78.807,74.457,144.322,14.59,25.772,93.84,100.644,221.892,25.792,24.679,14.946,12.403,-3.11258,23.024
158,US,US,DFAU,,Dimensional US Core Equity Market ETF,Equity,USD,12886162932,12.886,52.65,593208,2213,Dimensional,Large Blend,,North America,United States,Long,2020-11-17,0.12,0.8939,24.07341,1.0047,477635.2,12.5,17.733,69.075,67.675,,13.036,18.909,74.901,78.142,,18.923,20.479,12.243,,-2.40964,20.55
159,US,US,DUHP,,Dimensional US High Profitability ETF,Equity,USD,12821435318,12.821,41.89,673542,147,Dimensional,Large Blend,,North America,United States,Long,2022-02-23,0.2,0.9089,26.21005,0.94604,622546.9,10.15,13.677,55.783,,,10.687,14.807,61.619,,,14.818,17.35,,,-2.35431,17.372
160,US,US,DFAX,,Dimensional World ex U.S. Core Equity 2 ETF,Equity,USD,12707660486,12.708,38.21,564100,10394,Dimensional,Foreign Large Blend,,Global,,Long,2008-03-06,0.28,2.245,15.61722,0.77047,575785.5,16.743,22.862,65.34,,,18.138,25.955,80.097,,,25.975,21.66,,,-1.36809,24.649
161,US,US,ACWX,,iShares MSCI ACWI ex U.S. ETF,Equity,USD,12630760225,12.631,77.6,726310,1950,BlackRock,Foreign Large Blend,MSCI AC World ex USA,,,Long,2008-03-26,0.32,2.45,17.01852,0.77398,1787123.55,15.597,21.802,61.599,34.14,85.07,16.9,25.123,75.735,54.551,141.399,25.142,20.67,9.099,9.214,-1.49784,22.128
162,US,US,ESGD,,iShares ESG Aware MSCI EAFE ETF,Equity,USD,12274583507,12.275,105.5744,193796,377,BlackRock,Foreign Large Blend,MSCI EAFE Extended ESG Focus Index,EAFE,,Long,2016-06-28,0.2,3.243,17.93172,0.79025,284110.2,11.026,14.543,49.011,29.096,85.381,12.796,18.579,64.064,50.62,141.764,18.593,17.938,8.538,9.231,-2.24593,16.683
163,US,US,EWT,,iShares MSCI Taiwan ETF,Equity,USD,12142083970,12.142,111.76,3832022,82,BlackRock,Greater China Region,MSCI Taiwan 25-50 Index,Asia-Pacific,Taiwan,Long,2000-06-20,0.59,2.52,26.98781,1.17097,3666142.5,75.917,83.273,147.53,74.489,257.289,75.917,91.694,200.876,155.442,493.614,91.779,44.353,20.634,19.498,-0.90442,86.391
164,US,US,VSS,,Vanguard FTSE All-World ex-US Small-Cap ETF,Equity,USD,12120764122,12.121,159.51,520030,4869,Vanguard,Foreign Small/Mid Blend,FTSE Global ex US Small Cap Net Tax (US RIC) Index,Global,,Long,2009-04-02,0.06,3.119,15.45864,0.86824,262643.45,11.289,12.126,45.711,14.344,58.922,11.897,16.042,60.572,33.182,111.517,16.054,17.096,5.899,7.78,-2.08704,16.748
165,US,US,MOAT,,VanEck Morningstar Wide Moat ETF,Equity,USD,12073092403,12.073,108.96,342964,56,VanEck,Large Blend,Morningstar Wide Moat Focus Index,North America,United States,Long,2012-04-25,0.46,1.288,23.75831,0.95704,133553.45,5.214,10.328,37.611,43.086,215.278,5.214,11.823,42.593,51.768,257.755,11.832,12.552,8.703,13.597,-5.73579,15.829
166,US,US,CGUS,,Capital Group Core Equity ETF,Equity,USD,12048955854,12.049,44.69,1206260,75,Capital Group,Large Blend,,Global,,Long,2022-02-22,0.33,0.8286,26.88218,0.93665,1304013.5,11.086,15.151,71.885,,,11.561,16.216,77.454,,,16.228,21.063,,,-4.50038,20.151
167,US,US,CGGO,,Capital Group Global Growth Equity ETF,Equity,USD,12022017986,12.022,40.27,1187229,113,Capital Group,Global Large-Stock Growth,,North America,United States,Long,2022-02-22,0.47,0.9878,20.36892,1.01926,1058514.3,16.219,21.515,68.705,,,16.219,22.901,74.691,,,22.918,20.431,,,-6.08675,26.08
168,US,US,GRID,,First Trust Nasdaq Clean Edge Smart GRID Infrastructure Index,Equity,USD,11930574253,11.931,180.13,394626,128,First Trust,Infrastructure,NASDAQ OMX Clean Edge Smart Grid Infrastr,,,Long,2009-11-17,0.56,0.7936,26.3737,1.26346,555452,17.717,24.528,81.784,83.544,363.786,18.262,25.575,87.583,93.954,418.2,25.595,23.323,14.169,17.885,-9.9305,25.701
169,US,US,SPYI,,NEOS S&P 500 High Income ETF,Equity,USD,11835933000,11.836,53.44,2925117,512,Neos,Derivative Income,,North America,United States,Long,2022-08-30,0.68,11.852,26.12458,0.706,2265085.15,1.732,3.326,8.839,,,10.248,16.556,56.448,,,16.568,16.085,,,-1.89095,11.869
170,CA,TSX,XSP,,iShares Core S&P 500 Index ETF (CAD-Hedged),Equity,CAD,16148307000,11.729,76.63,114664,82,iShares,US Equity,S&P 500,North America,,Long,2001-05-24,0.09,1.108,27.49,1.02482,114496.1,10.085,14.853,62.696,57.48,206.153,10.535,16.236,68.427,67.124,251.508,16.248,18.974,10.819,13.397,-2.29504,19.772
171,US,US,PBUS,,Invesco MSCI USA ETF,Equity,USD,11718763295,11.719,76.46,170350,517,Invesco,Large Blend,MSCI USA,North America,United States,Long,2017-09-22,0.04,1.003,26.20971,1.01718,161187.85,11.702,17.18,71.82,65.958,,12.347,18.497,78.304,77.627,,18.511,21.255,12.178,,-2.25006,21.307
172,US,US,NOBL,,ProShares S&P 500 Dividend Aristocrats ETF,Equity,USD,11577371732,11.577,56.51,789381,70,ProShares,Large Value,S&P 500 Dividend Aristocrats,North America,United States,Long,2013-10-09,0.35,2.061,20.78673,0.75598,119721.65,8.6,8.288,21.558,20.671,104.709,9.735,10.702,29.725,34.017,153.486,10.71,9.06,6.032,9.749,-4.68882,12.761
173,US,US,SDVY,,First Trust SMID Cap Rising Dividend Achievers ETF,Equity,USD,11559360823,11.559,42.57,689239,174,First Trust,Small Value,Nasdaq US Small Mid Cap Rising Dividend Achievers Index,North America,United States,Long,2017-11-01,0.59,0.9706,16.06746,1.0158,828009,11.091,11.12,46.996,46.894,,11.599,12.278,53.562,60.27,,12.287,15.367,9.895,,-5.62859,16.934
174,US,US,FENI,,Fidelity Enhanced International ETF,Equity,USD,11464990541,11.465,40.88,1559988,435,Fidelity,Foreign Large Blend,,Global,,Long,2007-12-20,0.28,2.877,16.52036,0.56732,1074497.55,11.755,17.202,,,,13.622,20.934,,,,20.95,,,,-2.86325,18.976
175,US,US,BBCA,,JPMorgan BetaBuilders Canada ETF,Equity,USD,11394016743,11.394,105.08,218166,81,JPMorgan Chase,Focused Region,Morningstar Canada Target Market Exposure Index,North America,Canada,Long,2018-08-07,0.19,1.687,19.99183,0.86573,75418.3,12.989,22.743,76.427,61.19,,13.823,25.092,88.64,81.372,,25.111,23.554,12.647,,-2.87457,23.813
176,US,US,JIRE,,JPMorgan International Research Enhanced Equity ETF,Equity,USD,11293472193,11.293,83.72,194958,219,JPMorgan Chase,Foreign Large Blend,,Global,,Long,2022-06-10,0.24,2.675,18.01755,0.80368,343991.4,11.806,14.724,50.251,,,11.806,18.179,63.921,,,18.193,17.904,,,-2.73034,16.521
177,US,US,VFLO,,VictoryShares Free Cash Flow ETF,Equity,USD,11269376498,11.269,53.77,3100691,52,VictoryShares,Mid-Cap Value,Victory US Large Cap Free Cash Flow Index,North America,United States,Long,2023-06-21,0.39,1.046,16.7,0.84456,2255343.8,36.541,43.521,103.159,,,37.437,45.256,111.697,,,45.293,28.395,,,-4.73069,47.073
178,US,US,SCHH,,Schwab U.S. REIT ETF,Equity,USD,11197170140,11.197,23.23,5272591,120,Charles Schwab,Real Estate,Dow Jones Equity All REIT Capped,North America,United States,Long,2011-01-13,0.07,2.844,30.25203,0.94625,5052361.6,11.202,8.047,22.135,-6.2172,5.567,12.592,11.37,34.056,8.383,40.17,11.378,10.26,1.623,3.435,-7.19137,12.603
179,US,US,XLG,,Invesco S&P 500 Top 50 ETF,Equity,USD,11186306137,11.186,62.72,742143,53,Invesco,Large Blend,S&P 500 Top 50,North America,United States,Long,2005-05-04,0.2,0.6328,28.99904,1.06414,1139683.45,5.803,12.887,76.925,80.137,306.771,6.187,13.658,81.129,88.735,365.06,13.668,21.892,13.548,16.617,-3.15757,19.24
180,US,US,XBI,,State Street SPDR S&P Biotech ETF,Equity,USD,10997786694,10.998,159.38,5470197,156,State Street,Health,S&P Biotechnology Select Industry,North America,United States,Long,2006-01-31,0.35,0.3585,,0.8366,8055291.35,30.714,68.781,102.645,20.46,150.834,30.843,69.552,103.924,21.224,154.465,69.613,26.804,3.925,9.791,-6.18636,72.042
181,US,US,VDE,,Vanguard Energy ETF,Equity,USD,10925835108,10.926,183.84,333061,117,Vanguard,Equity Energy,MSCI US IMI 25/50 Energy,North America,United States,Long,2004-09-23,0.09,2.192,20.73915,0.46683,458027.3,45.997,49.817,42.678,172.922,85.006,47.824,54.18,56.277,225.189,162.2,54.226,16.042,26.602,10.121,-0.83073,53.405
182,US,US,ONEQ,,Fidelity Nasdaq Composite Index ETF,Equity,USD,10808749213,10.809,103.52,119072,1036,Fidelity,Large Growth,NASDAQ Composite Index,,,Long,2003-09-25,0.21,0.5197,30.39425,1.22273,185141.3,13.26,20.526,91.314,74.13,399.108,13.563,21.233,95.132,80.488,447.598,21.249,24.955,12.537,18.538,-3.31559,27.096
183,US,US,IJK,,iShares S&P Mid-Cap 400 Growth ETF,Equity,USD,10748262381,10.748,111.85,186264,252,BlackRock,Mid-Cap Growth,S&P Mid Cap 400 Growth,North America,United States,Long,2000-07-24,0.16,0.5446,25.80739,1.06015,197416.65,15.452,15.559,50.457,36.054,150.588,15.704,16.257,54.101,42.005,174.933,16.269,15.501,7.267,10.644,-6.31858,22.508
184,US,US,IBB,,iShares Biotechnology ETF,Equity,USD,10733931535,10.734,205.49,1114241,252,BlackRock,Health,NYSE Biotechnology,North America,United States,Long,2001-02-05,0.44,0.2003,26.12611,0.7127,1531582.5,21.757,44.498,61.994,18.261,114.03,21.863,44.865,63.357,19.838,119.251,44.902,17.769,3.686,8.168,-5.35648,48.064
185,US,US,IGM,,iShares Expanded Tech Sector ETF,Equity,USD,10682424696,10.682,162.13,213396,300,BlackRock,Technology,S&P North American Expanded Technology Sector Index,North America,United States,Long,2001-03-13,0.37,0.1349,34.80104,1.40052,248038.6,25.526,34.827,142.572,126.984,700.444,25.622,35.047,144.509,130.736,735.446,35.075,34.711,18.204,23.653,-5.45253,43.988
186,US,US,FNDE,,Schwab Fundamental Emerging Markets Equity ETF,Equity,USD,10536392747,10.536,42.87,2238316,389,Charles Schwab,Diversified Emerging Mkts,RAFI Fundamental High Liquidity Emerging Markets Index,Emerging Markets,,Long,2013-08-15,0.39,3.465,10.91771,0.57074,1551985.35,18.885,22.521,61.53,32.478,77.736,19.44,27.562,84.274,67.148,156.737,27.583,22.594,10.822,9.889,-0.72712,23.58
187,US,US,IGF,,iShares Global Infrastructure ETF,Equity,USD,10521689423,10.522,64.77,543166,95,BlackRock,Infrastructure,S&P Global Infrastructure Index,Global,,Long,2007-12-10,0.37,2.979,20.60757,0.60522,660418.7,5.557,8.293,44.479,37.312,52.904,7.042,11.601,59.477,59.259,105.86,11.609,16.829,9.756,7.488,-6.93966,8.411
188,US,US,FDVV,,Fidelity High Dividend ETF,Equity,USD,10517395968,10.517,62.64,446828,109,Fidelity,Large Value,Fidelity High Dividend Index,,,Long,2016-09-12,0.15,2.76,18.8971,0.87499,687722.3,10.496,14.411,55.627,62.998,,12.335,17.93,71.27,92.58,,17.943,19.64,14.007,,-2.93639,16.496
189,US,US,MGC,,Vanguard Morningstar Mega Cap ETF,Equity,USD,10391389448,10.391,280.29,70953,183,Vanguard,Large Blend,Morningstar US Mega Cap TR USD,North America,United States,Long,2007-12-24,0.05,0.8977,28.92869,1.02437,66729.4,11.594,18.346,77.018,74.472,275.774,12.194,19.551,83.388,86.226,340.93,19.566,22.397,13.244,15.997,-1.84206,22.738
190,US,US,DFAE,,Dimensional Emerging Core Equity Market ETF,Equity,USD,10164928542,10.165,40.52,589280,6236,Dimensional,Diversified Emerging Mkts,,Global,,Long,2020-12-02,0.29,1.727,15.44713,0.7481,801425.65,24.409,32.375,74.205,42.026,,25.234,35.087,86.782,60.055,,35.115,23.147,9.865,,-3.89222,32.375
191,US,US,AIQ,,Global X Artificial Intelligence & Technology ETF,Equity,USD,10143164964,10.143,64.11,747070,96,Global X,Technology,Indxx Artificial Intelligence and Big Data Index,,,Long,2018-05-11,0.68,0.0711,27.76634,1.35451,1092338.55,26.052,39.037,126.217,102.176,,26.053,39.16,127.146,104.428,,39.192,31.444,15.376,,-8.7532,44.197
192,US,US,PRF,,Invesco RAFI US 1000 ETF,Equity,USD,10054023238,10.054,55.74,210375,998,Invesco,Large Value,RAFI Fundamental Select US 1000 Index,North America,United States,Long,2005-12-19,0.34,1.331,19.90779,0.88387,263684.7,18.798,25.484,69.32,71.024,193.678,19.656,27.443,78.503,87.522,257.867,27.464,21.301,13.401,13.6,-1.61504,26.366
193,US,US,RWL,,Invesco S&P 500 Revenue ETF,Equity,USD,10000803946,10.001,132.91,238671,506,Invesco,Large Value,S&P 500 Revenue-Weighted Index,North America,United States,Long,2008-02-22,0.39,1.21,19.55334,0.86282,231502.25,16.079,22.509,65.537,76.32,215.776,16.875,24.222,73.105,90.453,274.758,24.24,20.066,13.754,14.126,-2.18575,22.815
194,US,US,JGRO,,JPMorgan Active Growth ETF,Equity,USD,9972824955,9.973,94.05,464828,133,JPMorgan Chase,Large Growth,,North America,United States,Long,2022-08-08,0.44,0.1549,33.56857,1.10399,485607.55,1.347,3.9,66.049,,,1.347,4.064,66.762,,,4.067,18.581,,,-5.69538,15.882
195,CA,TSX,ZEA,,BMO MSCI EAFE Index ETF,Equity,CAD,13655828000,9.918,31.53,89143,662,BMO,Total Market,MSCI EAFE,,,Long,2014-02-10,0.25,1.891,18.20114,0.78906,55692.85,12.246,15.962,54.711,43.776,91.555,13.398,18.424,67.028,64.896,152.955,18.438,18.644,10.522,9.726,-2.95476,16.562
196,US,US,EZU,,iShares MSCI Eurozone ETF,Equity,USD,9905720553,9.906,69.63,924147,226,BlackRock,Europe Stock,MSCI EMU,Europe,,Long,2000-07-25,0.5,2.644,17.45217,0.90838,817469.75,8.627,15.645,59.812,37.229,97.981,10.573,18.844,73.59,58.464,157.521,18.858,20.178,9.646,9.923,-3.55288,16.275
197,US,US,VLUE,,iShares MSCI USA Value Factor ETF,Equity,USD,9815058831,9.815,203.3,261780,156,BlackRock,Large Value,MSCI USA Enhanced Value,North America,United States,Long,2013-04-16,0.15,1.378,16.93334,1.08561,290951.9,48.687,69.501,116.415,95.99,209.767,49.859,72.794,132.829,123.824,300.608,72.859,32.531,17.487,14.889,-1.583,69.912
198,US,US,DFEM,,Dimensional Emerging Markets Core Equity 2 ETF,Equity,USD,9656310921,9.656,40.92,834687,6658,Dimensional,Diversified Emerging Mkts,,Global,,Long,2022-04-27,0.39,1.811,14.78291,0.81601,780231.8,23.7,30.236,70.713,,,24.55,33.01,83.733,,,33.036,22.474,,,-3.87597,31.137
199,US,US,GDXJ,,VanEck Junior Gold Miners ETF,Equity,USD,9635220841,9.635,129.25,2773545,117,VanEck,Equity Precious Metals,MVIS Global Junior Gold Miners,,,Long,2009-11-11,0.52,2.05,16.77797,0.9072,4505808.75,13.596,49.63,279.7,207.153,170.228,13.596,53.077,301.382,232.505,215.987,53.122,58.906,27.167,12.195,-17.9313,51.862
200,US,US,IXN,,iShares Global Tech ETF,Equity,USD,9473931259,9.474,143.05,287503,148,BlackRock,Technology,S&P Global 1200 Information Technology 4.5/22.5/45 Capped Index,Global,,Long,2001-11-12,0.37,0.766,31.83594,1.37527,461190.2,36.238,48.315,135.512,137.704,688.285,36.401,49.836,140.156,145.492,752.563,49.878,33.907,19.679,23.904,-4.52513,50.405
201,US,US,BBEU,,JPMorgan BetaBuilders Europe ETF,Equity,USD,9445512855,9.446,78.6,268468,365,JPMorgan Chase,Europe Stock,Morningstar Developed Europe Target Market Exposure Index,Global,,Long,2018-06-15,0.09,2.898,16.98848,0.83973,100846.45,7.231,14.194,50.115,30.695,,9.401,17.72,65.953,57.115,,17.733,18.389,9.458,,-3.58194,15.998
202,US,US,AIRR,,First Trust RBA American Industrial Renaissance ETF,Equity,USD,9432244429,9.432,106.53,859281,59,First Trust,Industrials,Richard Bernstein Advisors American Industrial Renaissance Index,North America,United States,Long,2014-03-10,0.69,0.1018,28.46784,1.27057,721053.35,8.35,15.793,99.681,153.703,428.947,8.414,15.91,100.867,156,439.843,15.922,26.167,20.687,18.369,-21.1181,19.028
203,US,US,DBEF,,Xtrackers MSCI EAFE Hedged Equity ETF,Equity,USD,9372485167,9.372,54.73,521053,719,Xtrackers,Foreign Large Blend,MSCI EAFE 100% Hedged to USD Net Variant,Global,,Long,2011-06-09,0.35,2.285,17.51459,0.62162,396183.65,13.76,19.263,55.395,41.093,106.139,13.76,22.405,66.985,84.477,208.626,22.422,18.634,13.031,11.931,-3.71217,19.969
204,US,US,IEUR,,iShares Core MSCI Europe ETF,Equity,USD,9323344594,9.323,76.29,380782,1021,BlackRock,Europe Stock,MSCI Europe IMI,Europe,,Long,2014-06-10,0.09,3.135,17.05598,0.83734,1056704.55,7.481,13.459,50.059,29.349,80.868,9.695,17.201,65.024,51.914,144.942,17.214,18.168,8.724,9.373,-3.31289,14.86
205,US,US,BBUS,,JPMorgan BetaBuilders U.S. Equity ETF,Equity,USD,9235868050,9.236,137.59,90758,472,JPMorgan Chase,Large Blend,Morningstar US Target Market Exposure Index,North America,United States,Long,2019-03-12,0.02,0.9922,26.07695,1.01722,140946.15,11.581,17.038,71.196,66.292,,12.138,18.329,77.73,77.676,,18.343,21.125,12.184,,-2.21038,21.299
206,US,US,FNDA,,Schwab Fundamental U.S. Small Company ETF,Equity,USD,9145028690,9.145,36.5,2142728,917,Charles Schwab,Small Blend,RAFI Fundamental High Liquidity US Small Index,North America,United States,Long,2013-08-15,0.25,1.142,17.83481,1.03629,1164911.75,15.836,15.726,46.439,36.884,132.114,16.356,17.205,52.601,46.897,166.98,17.218,15.126,7.996,10.32,-5.41591,24.51
207,US,US,VIGI,,Vanguard International Dividend Appreciation ETF,Equity,USD,9145293767,9.145,96.7,368153,370,Vanguard,Foreign Large Growth,S&P Global Ex-U.S. Dividend Growers Index,Global,,Long,2016-02-25,0.07,2.061,20.08014,0.68987,236288.8,5.741,6.874,31.136,4.983,66.609,7.031,9.25,39.286,22.992,111.977,9.257,11.676,4.226,7.804,-3.29033,13.458
208,US,US,IOO,,iShares Global 100 ETF,Equity,USD,9127930390,9.128,143,64527,117,BlackRock,Global Large-Stock Blend,S&P Global 100,Global,,Long,2000-12-05,0.4,0.8166,24.59276,0.95868,257884.7,12.892,23.223,88.704,91.715,278.157,13.483,24.311,94.871,105.32,350.184,24.33,24.899,15.477,16.238,-2.50886,23.435
209,US,US,SSO,,ProShares Ultra S&P 500,Equity,USD,9114628257,9.115,69.35,2469584,521,ProShares,Trading--Leveraged Equity,S&P 500,North America,United States,2X Long,2006-06-19,0.87,0.6518,,2.01273,2811804.4,19.734,30.406,139.592,110.387,670.984,20.23,31.425,145.129,116.472,712.142,31.45,34.824,16.705,23.304,-4.73901,42.605
210,US,US,IJJ,,iShares S&P Mid-Cap 400 Value ETF,Equity,USD,8869691300,8.87,145.06,129511,308,BlackRock,Mid-Cap Value,S&P Mid Cap 400 Value,North America,United States,Long,2000-07-24,0.18,1.615,16.25681,0.96996,118020.7,10.236,10.27,38.694,36.978,115.254,10.994,12.199,46.438,50.197,158.932,12.208,13.555,8.477,9.983,-4.44635,17.088
211,US,US,JQUA,,JPMorgan U.S. Quality Factor ETF,Equity,USD,8798777066,8.799,73.45,401289,312,JPMorgan Chase,Large Blend,JP Morgan US Quality Factor Index,North America,United States,Long,2017-11-08,0.12,1.064,24.66648,0.91609,529272.05,16.255,17.671,63.549,70.655,,16.892,19.096,69.901,82.652,,19.11,19.32,12.806,,-2.89529,23.032
212,US,US,TCAF,,T. Rowe Price Capital Appreciation Equity ETF,Equity,USD,8774730697,8.775,42.39,426302,102,T. Rowe Price,Large Blend,,North America,United States,Long,2023-06-14,0.31,0.452,27.71548,0.93945,555420.85,10.911,15.128,65.006,,,10.911,15.705,66.975,,,15.717,18.632,,,-1.72714,23.119
213,US,US,VPL,,Vanguard FTSE Pacific ETF,Equity,USD,8773103691,8.773,117.74,2208030,2349,Vanguard,Focused Region,FTSE Developed Asia Pacific Index All Cap Net Tax (US RIC) Index,Global,,Long,2005-03-04,0.07,2.57,16.20464,0.83025,410883.2,30.243,33.522,71.258,39.14,94.805,30.243,38.104,88.264,62.455,158.709,38.135,23.472,10.193,9.973,-2.87883,36.963
214,US,US,VONE,,Vanguard Russell 1000 ETF,Equity,USD,8748632100,8.749,344.87,57064,1039,Vanguard,Large Blend,Russell 1000,North America,United States,Long,2010-09-20,0.06,1.003,26.3885,1.01544,75694.65,11.594,16.676,70.105,64.193,243.185,12.212,17.984,76.642,75.607,300.861,17.997,20.878,11.922,14.897,-2.36949,20.77
215,US,US,IDV,,iShares International Select Dividend ETF,Equity,USD,8743585552,8.744,44.88,446348,123,BlackRock,Foreign Large Value,Dow Jones EPAC Select Dividend Index,Global,,Long,2007-06-11,0.5,5.073,11.27373,0.66378,566816.45,13.764,22.791,72.086,38.904,46.619,17.203,29.771,105.707,90.324,162.79,29.794,27.172,13.738,10.145,-1.34095,25.014
216,US,US,XLB,,State Street Materials Select Sector SPDR ETF,Equity,USD,8723093054,8.723,51.39,13116290,28,State Street,Natural Resources,S&P Materials Select Sector,North America,United States,Long,1998-12-16,0.08,1.652,23.34049,0.93574,10776782.05,13.319,11.669,25.648,22.357,110.356,14.249,13.704,33.108,35.098,156.851,13.714,10,6.202,9.894,-5.167,22.255
217,US,US,EWZ,,iShares MSCI Brazil ETF,Equity,USD,8617558628,8.618,38.07,23547917,51,BlackRock,Focused Region,MSCI Brazil 25-50,Latin America,Brazil,Long,2000-07-10,0.59,3.566,9.15479,0.64833,25141111.9,19.83,28.702,24.493,11.938,8.462,20.97,34.479,48.29,65.293,81.491,34.506,14.031,10.575,6.142,-9.40029,32.833
218,US,US,DFSV,,Dimensional US Small Cap Value ETF,Equity,USD,8608488333,8.608,39.69,1504188,997,Dimensional,Small Value,,North America,United States,Long,2022-02-24,0.3,1.349,12.83025,1.03466,837131.8,20.675,21.973,53.362,,,21.509,23.884,60.333,,,23.902,17.038,,,-3.07692,30.904
219,US,US,FELC,,Fidelity Enhanced Large Cap Core ETF,Equity,USD,8564626613,8.565,43.38,723834,297,Fidelity,Large Blend,,North America,United States,Long,2007-04-19,0.18,0.8207,24.42054,1.00711,632209.2,13.649,19.241,,,,14.204,20.359,,,,20.374,,,,-2.2092,23.607
220,US,US,CORO,,iShares International Country Rotation Active ETF,Equity,USD,8506717678,8.507,37.12,741258,31,BlackRock,Foreign Large Blend,,Global,,Long,2024-12-03,0.55,2.732,30.09988,,722265.1,19.453,25.342,,,,20.447,29.337,,,,29.36,,,,-1.43388,25.448
221,CA,TSX,VIU,,Vanguard FTSE Developed All Cap Ex North America Index ETF,Equity,CAD,11524187000,8.37,50.2,214818,3655,Vanguard,Total Market,FTSE Developed All Cap ex North America Index - CAD ,,,Long,2015-12-01,0.23,2.24,18.44938,0.83203,161707.7,16.853,22.589,64.213,48.697,104.982,18.339,25.597,77.135,69.844,163.28,25.617,20.99,11.177,10.166,-3.33141,23.22
222,US,US,QYLD,,Global X NASDAQ 100 Covered Call ETF,Equity,USD,8346258063,8.346,18.34,2543565,105,Global X,Derivative Income,Cboe NASDAQ-100 BuyWrite V2 Index,North America,United States,Long,2013-12-12,0.6,11.585,33.00599,0.61219,4004806.6,3.792,8.778,4.92,-20.50282,-16.97601,12.468,22.704,51.318,47.245,157.478,22.721,14.802,8.047,9.921,-1.07875,10.316
223,US,US,VPU,,Vanguard Utilities ETF,Equity,USD,8325783366,8.326,185.89,265634,75,Vanguard,Utilities,MSCI US IMI 25/50 Utilities,North America,United States,Long,2004-01-26,0.09,2.78,21.74608,0.59957,244056.45,0.4594,3.756,35.855,22.312,69.068,1.797,6.608,48.904,42.597,130.785,6.613,14.188,7.356,8.724,-9.80592,3.907
224,US,US,URTH,,iShares MSCI World ETF,Equity,USD,8304653160,8.305,207.45,265509,1276,BlackRock,Global Large-Stock Blend,MSCI World Index,Global,,Long,2012-01-10,0.24,1.369,23.15149,0.94987,367201.7,11.67,17.031,67.137,56.815,182.706,12.417,18.768,74.924,69.671,237.683,18.782,20.485,11.155,12.943,-2.11852,19.06
225,US,US,IJS,,iShares S&P Small-Cap 600 Value ETF,Equity,USD,8303555171,8.304,135.03,169992,513,BlackRock,Small Value,S&P Small Cap 600 Value,North America,United States,Long,2000-07-24,0.18,1.333,15.44843,1.00431,158588.45,18.739,21.791,46.263,34.318,114.401,19.424,23.639,53.678,45.736,150.692,23.657,15.396,7.825,9.628,-4.35953,29.055
226,US,US,IJT,,iShares S&P Small-Cap 600 Growth ETF,Equity,USD,8254210359,8.254,167.24,78282,384,BlackRock,Small Growth,S&P Small Cap 600 Growth,North America,United States,Long,2000-07-24,0.18,0.7247,19.95695,1.04754,177090.85,18.475,18.249,47.673,24.974,141.328,18.837,19.22,52.009,31.272,164.865,19.234,14.977,5.594,10.232,-6.92342,25.763
227,US,US,FMDE,,Fidelity Enhanced Mid Cap Core ETF,Equity,USD,8219075659,8.219,41.36,726845,478,Fidelity,Mid-Cap Blend,,North America,United States,Long,2007-12-20,0.23,1.059,19.31976,0.91778,750094.85,13.689,14.698,,,,14.325,16.061,,,,16.073,,,,-3.7468,20.478
228,US,US,XLRE,,State Street Real Estate Select Sector SPDR ETF,Equity,USD,8208265689,8.208,43.41,5895962,34,State Street,Real Estate,S&P Real Estate Select Sector,North America,United States,Long,2015-10-07,0.08,3.237,32.28511,0.97683,5019824.25,7.584,3.604,18.542,-10.45792,29.853,9.256,7.176,31.32,5.839,81.753,7.181,9.505,1.142,6.158,-6.55473,9.276
229,US,US,COPX,,Global X Copper Miners ETF,Equity,USD,8119573066,8.12,95.27,2862332,46,Global X,Natural Resources,Stuttgart Solactive AG Global Copper Miners,,,Long,2010-04-19,0.65,2.026,17.71982,1.1161,3040092.2,32.707,85.278,159.804,163.322,473.674,33.157,90.268,175.665,195.874,598.352,90.352,40.204,24.232,21.456,-4.72047,85.314
230,US,US,FVD,,First Trust Value Line Dividend Index Fund,Equity,USD,8051409229,8.051,49.25,377817,243,First Trust,Mid-Cap Value,Value Line Dividend,,,Long,2003-08-19,0.62,2.27,18.97,0.64339,488302.35,6.879,6.717,27.459,19.163,79.679,8.12,9.302,36.72,33.397,125.441,9.309,10.986,5.933,8.47,-4.20152,10.352
231,US,US,FDL,,First Trust Morningstar Dividend Leaders Index Fund,Equity,USD,8040152907,8.04,52.07,508277,102,First Trust,Large Value,Morningstar Dividend Leaders Index,North America,United States,Long,2006-03-09,0.43,3.548,14.52143,0.59611,582114.8,17.433,19.509,50.491,53.735,88.55,19.518,24.346,70.813,89.001,182.26,24.365,19.533,13.58,10.936,-3.1436,23.682
232,US,US,VIS,,Vanguard Industrials ETF,Equity,USD,8023097366,8.023,330.32,177699,402,Vanguard,Industrials,MSCI US IMI 25/50 Industrials,North America,United States,Long,2004-09-23,0.09,0.9367,28.81142,1.04601,95321,10.704,13.676,63.194,68.076,194.823,11.224,14.805,69.183,79.382,242.261,14.816,19.152,12.399,13.095,-8.80428,17.122
233,US,US,DIVO,,Amplify CWP Enhanced Dividend Income ETF,Equity,USD,7947603944,7.948,47.73,973039,40,Amplify Investments,Derivative Income,,North America,United States,Long,2016-12-14,0.56,6.296,22.87656,0.64848,763237.55,7.258,9.573,33.772,31.126,,10.761,17.034,57.328,69.828,,17.047,16.302,11.175,,-2.66136,10.282
234,US,US,PPA,,Invesco Aerospace & Defense ETF,Equity,USD,7890176297,7.89,161.3,242155,63,Invesco,Industrials,SPADE Defense Index,North America,United States,Long,2005-10-26,0.58,0.3949,32.05637,0.74195,194455.65,2.982,9.356,96.038,121.993,311.995,3.09,9.8,99.268,129.007,348.388,9.807,25.832,18.027,16.191,-13.41829,11.789
235,US,US,FTCS,,First Trust Capital Strength ETF,Equity,USD,7853504072,7.854,97.02,251467,52,First Trust,Large Blend,NASDAQ Capital Strength Index,North America,United States,Long,2006-07-06,0.53,1.097,21.04496,0.70965,309918.65,4.873,3.926,28.232,22.207,140.149,5.494,5.121,33.208,30.232,172.205,5.125,10.027,5.426,10.534,-5.74177,8.088
236,US,US,VDC,,Vanguard Consumer Staples ETF,Equity,USD,7831782562,7.832,224.11,139949,108,Vanguard,Consumer Defensive,MSCI US IMI 25/50 Consumer Staples,North America,United States,Long,2004-01-26,0.09,2.142,22.93207,0.50765,140908.8,6.093,1.942,18.245,18.967,60.745,7.25,4.193,26.988,34.084,106.229,4.196,8.288,6.042,7.508,-8.27569,9.083
237,US,US,SPYD,,State Street SPDR Portfolio S&P 500 High Dividend ETF,Equity,USD,7600720169,7.601,48.48,866998,83,State Street,Mid-Cap Value,S&P 500 High Dividend Index,North America,United States,Long,2015-10-21,0.07,4.189,15.95039,0.73465,755859.35,12.092,8.651,32.098,20.868,38.633,14.542,13.695,51.433,50.773,121.283,13.705,14.831,8.56,8.268,-4.75442,15.787
238,US,US,HEFA,,iShares Currency Hedged MSCI EAFE ETF,Equity,USD,7596008123,7.596,46.36,314120,76,BlackRock,Foreign Large Blend,MSCI EAFE 100% Hedged to USD Net Variant,Global,,Long,2014-01-31,0.35,3.104,,0.63947,705220,12.089,18.416,52.902,31.183,85.737,13.774,22.379,67.822,85.645,211.966,22.396,18.832,13.173,12.051,-3.4066,19.116
239,US,US,FBCG,,Fidelity Blue Chip Growth ETF,Equity,USD,7435384953,7.435,61.84,442652,228,Fidelity,Large Growth,Russell 1000 Growth,,,Long,2020-06-03,0.57,0.0404,35.35213,1.36084,236270.95,12.764,19.038,103.796,80.565,,12.764,19.093,104.188,80.914,,19.107,26.859,12.59,,-3.85572,29.916
240,US,US,XMMO,,Invesco S&P MidCap Momentum ETF,Equity,USD,7383535184,7.384,153.76,257805,77,Invesco,Mid-Cap Blend,S&P MidCap 400 Momentum Index,North America,United States,Long,2005-03-03,0.35,0.6282,24.2469,1.09627,309466.1,11.05,14.729,89.851,77.531,382.46,11.411,15.49,93.398,85.175,413.838,15.501,24.584,13.116,17.786,-11.6017,18.908
241,US,US,GUNR,,Northern Trust Morningstar Global Upstream Natural Resources ETF,Equity,USD,7355384144,7.355,57.59,240929,179,Northern Trust,Natural Resources,Morningstar Global Upstream Natural Resources Index,Global,,Long,2011-09-16,0.46,2.113,20.59,0.58473,314991.5,25.605,33.961,40.91,55.439,108.357,26.928,37.445,54.33,85.26,185.752,37.475,15.559,13.126,11.072,-0.84366,35.426
242,US,US,DXJ,,WisdomTree Japan Hedged Equity Fund,Equity,USD,7278008232,7.278,173.32,417461,431,WisdomTree,Japan Stock,WisdomTree Japan Hedged Equity Index,Asia-Pacific,Japan,Long,2006-06-16,0.48,0.9693,15.73783,0.4062,263773.65,20.228,33.467,96.887,170.855,298.895,21.033,34.867,112.408,212.674,420.135,34.895,28.538,25.612,17.929,-5.34651,36.731
243,US,US,SPLV,,Invesco S&P 500 Low Volatility ETF,Equity,USD,7184508815,7.185,74.02,1628572,106,Invesco,Large Value,S&P 500 Low Volatility,North America,United States,Long,2011-05-05,0.25,2.204,19.96981,0.5342,1887236.45,3.64,1.176,21.683,15.081,75.987,5.188,3.448,29.695,28.034,117.608,3.45,9.052,5.067,8.087,-6.08982,6.305
244,US,US,SPXL,,Direxion Daily S&P 500 Bull 3X ETF,Equity,USD,7175372842,7.175,281.39,1349224,523,Direxion,Trading--Leveraged Equity,S&P 500,North America,United States,3X Long,2008-11-05,0.84,0.5074,26.04563,3.02585,1337932.15,27.551,43.603,217.166,127.92,1033.586,28.1,44.524,225.822,136.748,1150.688,44.56,48.236,18.814,28.745,-7.18715,67.454
245,US,US,DFLV,,Dimensional US Large Cap Value ETF,Equity,USD,7162779365,7.163,41.65,481492,333,Dimensional,Large Value,,North America,United States,Long,2022-12-06,0.21,1.332,17.84418,0.78953,553223.9,21.748,28.549,63.078,,,22.642,30.58,71.788,,,30.604,19.76,,,-1.65289,29.892
246,US,US,ESGE,,iShares ESG Aware MSCI EM ETF,Equity,USD,7052685138,7.053,55.33,555219,367,BlackRock,Diversified Emerging Mkts,MSCI EM Extended ESG Focus Index,Emerging Markets,,Long,2016-06-28,0.25,2.05,15.04225,0.76683,635286.55,25.266,33.971,79.294,27.872,88.679,26.194,37.256,93.667,45.643,135.229,37.286,24.642,7.811,8.932,-3.11679,33.534
247,US,US,JAVA,,JPMorgan Active Value ETF,Equity,USD,7051371660,7.051,81.85,338151,154,JPMorgan Chase,Large Value,,North America,United States,Long,2021-10-04,0.44,1.177,20.90051,0.77805,345117.55,14.124,20.279,54.551,,,14.754,21.883,61.514,,,21.9,17.324,,,-2.62907,21.906
248,US,US,BBAX,,JPMorgan BetaBuilders Developed Asia Pacific ex-Japan ETF,Equity,USD,6952777781,6.953,64.46,233729,104,JPMorgan Chase,Pacific/Asia ex-Japan Stk,Morningstar Developed Asia Pacific ex-Japan Target Market Exposure Index,Global,,Long,2018-08-07,0.19,3.492,18.53251,0.79946,50108.15,14.494,13.127,40.436,10.471,,16.444,17.589,58.164,39.066,,17.602,16.508,6.819,,-2.03647,19.725
249,US,US,VSGX,,Vanguard ESG International Stock ETF,Equity,USD,6949964000,6.95,83.12,217888,6654,Vanguard,Foreign Large Blend,FTSE Global All Cap ex USA Choice Index,Global,,Long,2018-09-18,0.1,2.885,16.92967,0.81817,141581.25,16.057,21.078,60.432,27.936,,17.71,25.076,76.173,48.374,,25.095,20.771,8.212,,-2.40122,22.451
250,US,US,SHLD,,Global X Defense Tech ETF,Equity,USD,6933906833,6.934,61.84,516001,55,Global X,Industrials,Global X Defense Tech Index,,,Long,2023-09-11,0.5,0.6855,29.96781,0.27647,723747.8,-4.55317,-1.34014,,,,-4.24717,-0.66488,,,,-0.66534,,,,-21.2159,6.823
251,US,US,EWC,,iShares MSCI Canada ETF,Equity,USD,6931172602,6.931,60.99,2708324,87,BlackRock,Focused Region,MSCI Canada Custom Capped,North America,Canada,Long,1996-03-12,0.5,1.23,19.86537,0.86458,1807889.2,13.091,23.712,79.33,62.988,134.397,13.624,25.402,89.7,80.267,188.296,25.421,23.785,12.51,11.171,-2.74278,23.9
252,US,US,FNGU,,MicroSectors FANG+ 3 Leveraged ETNs,Equity,USD,6866878873,6.867,32.13,1444410,10,REX Microsectors,Trading--Leveraged Equity,NYSE FANG+ Index,,,3X Long,2025-02-19,2.6,0,,,3590625.1,27.197,14.873,,,,27.197,14.873,,,,14.884,,,,-12.64274,138.265
253,US,US,BLCR,,iShares Large Cap Core Active ETF,Equity,USD,6843668028,6.844,49.4,314013,52,BlackRock,Large Blend,Russell 1000 Index,North America,United States,Long,2023-10-24,0.36,0.2868,26.58966,1.202,388658.6,16.625,25.738,,,,16.773,26.146,,,,26.166,,,,-3.17523,27.113
254,US,US,KBWB,,Invesco KBW Bank ETF,Equity,USD,6838272908,6.838,96.37,1063778,29,Invesco,Financial,KBW Nasdaq Bank Index,North America,United States,Long,2011-11-01,0.35,1.928,14.36428,1.02482,1208117.9,14.331,25.974,132.609,49.295,158.088,15.653,28.827,152.292,71.972,234.14,28.849,36.125,11.455,12.824,-4.21429,31.446
255,US,US,THRO,,iShares U.S. Thematic Rotation Active ETF,Equity,USD,6820948149,6.821,43.79,395990,251,BlackRock,Large Blend,,North America,United States,Long,2021-12-14,0.57,0.2471,24.90552,1.10607,513976.35,13.563,17.683,80.503,,,13.741,18.004,82.92,,,18.017,22.293,,,-1.7721,25.311
256,US,US,BBIN,,JPMorgan BetaBuilders International Equity ETF,Equity,USD,6816605394,6.817,80.08,171616,645,JPMorgan Chase,Foreign Large Blend,Morningstar Developed Markets ex-North America Target Market Exposure Index,Global,,Long,2019-12-05,0.07,3.587,17.23318,0.788,209864.7,10.73,14.335,50.019,29.684,,12.512,18.825,66.527,54.118,,18.839,18.525,9.037,,-2.0991,16.548
257,US,US,CGXU,,Capital Group International Focus Equity ETF,Equity,USD,6797314907,6.797,35.62,1497190,85,Capital Group,Foreign Large Growth,,Global,,Long,2022-02-22,0.54,4.732,17.35365,0.95498,987328.55,20.541,25.07,58.171,,,21.993,32.037,71.136,,,32.062,19.609,,,-1.79211,26.581
258,US,US,VOOV,,Vanguard S&P 500 Value ETF,Equity,USD,6796964000,6.797,225.98,57334,456,Vanguard,Large Value,S&P 500 Value,North America,United States,Long,2010-09-07,0.07,1.648,22.5821,0.83748,62696.45,10.315,15.255,45.353,55.537,142.624,11.289,17.356,54.11,72.086,202.247,17.369,15.504,11.469,11.697,-2.44976,16.203
259,US,US,INDA,,iShares MSCI India ETF,Equity,USD,6663266459,6.663,48.67,4379781,175,BlackRock,India Equity,MSCI India,Asia-Pacific,India,Long,2012-02-02,0.61,0,20.4964,0.43706,3914945.05,-9.95375,-7.97882,8.108,-0.71399,60.68,-9.95375,-7.97882,8.89,6.586,79.215,-7.98406,2.879,1.284,6.009,-12.30631,7.648
260,CA,TSX,VDY,,Vanguard FTSE Canadian High Dividend Yield Index ETF,Equity,CAD,9166551000,6.658,76.82,171053,61,Vanguard,High Dividend Yield,FTSE Custom Canada High Dividend Yield,North America,,Long,2012-11-02,0.23,2.803,15.70026,0.87584,202540.4,23.963,38.215,90.101,90.196,150.554,26.644,42.735,115.69,134.746,280.12,42.77,29.197,18.612,14.288,-3.11515,38.141
261,US,US,URA,,Global X Uranium ETF,Equity,USD,6634779949,6.635,46.86,2138121,64,Global X,Natural Resources,Solactive Global Uranium & Nuclear Components Index,,,Long,2010-11-04,0.69,4.448,45.04863,1.15719,3250506.7,9.665,12.834,91.265,90.024,237.851,9.665,18.327,118.931,132.015,371.761,18.341,29.84,18.335,16.783,-24.75915,26.036
262,US,US,JGLO,,JPMorgan Global Select Equity ETF Global Select Equity ETF,Equity,USD,6625874290,6.626,72.72,125205,98,JPMorgan Chase,Global Large-Stock Blend,,Global,,Long,2023-09-13,0.47,1.118,23.53515,0.85906,167736.75,7.463,9.634,,,,7.463,10.959,,,,10.967,,,,-2.89758,15.118
263,US,US,ARKK,,ARK Innovation ETF,Equity,USD,6600106686,6.6,84.56,3806508,47,ARK,Mid-Cap Growth,,,,Long,2014-10-31,0.75,0,58.14085,2.00325,4728227.5,9.932,11.073,93.59,-30.21375,297.387,9.932,11.073,93.59,-29.05194,330.722,11.081,24.625,-6.63502,15.725,-8.73179,34.34
264,US,US,DIHP,,Dimensional International High Profitability ETF,Equity,USD,6575309309,6.575,34.71,876885,491,Dimensional,Foreign Large Blend,,Global,,Long,2022-03-23,0.27,1.909,19.2865,0.83117,335570.5,9.616,14.321,45.109,,,10.988,16.672,55.294,,,16.684,15.799,,,-3.24739,16.32
265,US,US,FESM,,Fidelity Enhanced Small Cap Core ETF,Equity,USD,6505043250,6.505,46.55,654389,897,Fidelity,Small Blend,Russell 2000,North America,United States,Long,2007-12-20,0.28,0.7325,18.05717,1.32146,820220.4,23.213,29.594,,,,23.817,30.7,,,,30.724,,,,-4.86409,33.649
266,US,US,DLN,,WisdomTree U.S. LargeCap Dividend Fund,Equity,USD,6363507258,6.364,99.77,152464,311,WisdomTree,Large Value,WisdomTree U.S. LargeCap Dividend Index,North America,United States,Long,2006-06-16,0.28,1.749,21.07993,0.75566,99066.75,13.272,17.529,56.945,59.479,156.248,14.556,19.786,66.985,78.41,226.886,19.801,18.634,12.277,12.576,-2.02298,17.653
267,US,US,MCHI,,iShares MSCI China ETF,Equity,USD,6321165983,6.321,53.34,2413422,586,BlackRock,Greater China Region,MSCI China,Asia-Pacific,China,Long,2011-03-29,0.59,2.055,13.01412,0.34132,1795401.75,-11.2036,-14.38202,21.531,-26.73077,8.283,-10.6146,-12.76069,31.155,-17.94117,29.986,-12.76885,9.459,-3.87802,2.658,-20.82529,6.937
268,US,US,GSIE,,Goldman Sachs ActiveBeta International Equity ETF,Equity,USD,6132618010,6.133,47.49,368937,659,Goldman Sachs,Foreign Large Blend,Stuttgart Goldman Sachs ActiveBeta Intl.Equity,Global,,Long,2015-11-06,0.25,2.473,16.54168,0.77897,399971.2,10.596,15.379,54.59,31.442,87.042,12.418,18.52,68.209,52.333,144.56,18.534,18.923,8.784,9.356,-2.06228,18.577
269,US,US,RECS,,Columbia Research Enhanced Core ETF,Equity,USD,6093794235,6.094,45.06,552756,358,Columbia Threadneedle,Large Blend,Beta Advantage Research Enhanced US Equity Index,North America,United States,Long,2019-09-25,0.15,1.007,21.77404,0.88443,448800.55,10.333,15.272,73.642,46.27,,10.333,16.571,79.262,85.602,,16.583,21.472,13.168,,-1.87282,19.238
270,US,US,JHMM,,John Hancock Multifactor Mid Cap ETF,Equity,USD,6049056760,6.049,73.7,265977,660,John Hancock,Mid-Cap Blend,John Hancock Dimensional Mid Cap Index,North America,United States,Long,2015-09-28,0.41,0.8909,19.72933,0.98601,183257.05,12.553,13.963,50.562,37.68,164.347,12.988,15.036,55.343,45.111,194.139,15.047,15.811,7.732,11.394,-4.84183,18.967
271,US,US,DFIS,,Dimensional International Small Cap ETF,Equity,USD,6046432819,6.046,37.24,547339,3462,Dimensional,Foreign Small/Mid Blend,,Global,,Long,2022-03-23,0.39,1.92,15.78026,0.84428,352333,13.054,18.486,64.706,,,14.498,20.977,76.833,,,20.993,20.921,,,-2.12878,22.864
272,US,US,TECL,,Direxion Daily Technology Bull 3X ETF,Equity,USD,5928860734,5.929,207.2,343456,103,Direxion,Trading--Leveraged Equity,S&P Technology Select Sector,North America,United States,3X Long,2008-12-17,0.87,4.03,36.76591,4.14825,479145.05,76.355,99.923,307.633,203.323,4317.91,76.7,112.813,338.08,228.772,4762.552,112.923,63.607,26.88,47.472,-24.76398,175.679
273,US,US,LVHI,,Franklin International Low Volatility High Dividend Index ETF,Equity,USD,5919512034,5.92,42.2,993418,230,Franklin Templeton,Foreign Large Value,Franklin International Low Volatility High Dividend Hedged Index,Global,,Long,2016-07-27,0.4,4.646,13.64068,0.36968,882171.6,14.612,22.532,56.007,60.395,65.166,17.838,28.819,85.453,115.174,198.25,28.841,22.854,16.565,11.549,-2.65283,23.212
274,US,US,SCHK,,Schwab 1000 Index ETF,Equity,USD,5884562309,5.885,36.73,1823347,984,Charles Schwab,Large Blend,S&P Schwab 1000 Index,North America,United States,Long,2017-10-11,0.03,1.015,25.71697,1.0218,1642150.85,11.982,17.086,70.837,64.193,,12.593,18.421,77.37,75.531,,18.435,21.043,11.912,,-2.36576,21.221
275,CA,NEO,FEQT,,Fidelity All-in-One Equity ETF,Equity,CAD,8062160966,5.856,19,292653,15,Fidelity,Total Market,,,,Long,2022-01-20,0.52,0.7884,,0.85428,362368.1,13.832,19.11,80.703,,,13.832,20.187,83.974,,,20.202,22.527,,,-2.11231,19.197
276,US,US,RSPT,,Invesco S&P 500 Equal Weight Technology ETF,Equity,USD,5854034545,5.854,64.01,497998,77,Invesco,Technology,S&P 500 Equal Weighted / Information Technology,North America,United States,Long,2006-11-01,0.4,0.2547,29.49522,1.34642,413167.75,40.65,50.931,118.092,112.066,515.303,40.866,51.433,121.022,117.687,565.54,51.476,30.252,16.836,20.873,-5.15632,54.427
277,US,US,BKLC,,BNY Mellon US Large Cap Core Equity ETF,Equity,USD,5824520170,5.825,48.75,290473,506,BNY Mellon,Large Blend,Solactive GBS United States 500,North America,United States,Long,2020-04-09,0,1.038,26.29425,1.01579,398203.8,11.812,17.394,73.902,71.011,,12.487,18.755,80.61,82.863,,18.769,21.776,12.832,,-2.187,21.229
278,US,US,SCHC,,Schwab International Small-Cap Equity ETF,Equity,USD,5773441241,5.773,51.16,317684,2200,Charles Schwab,Foreign Small/Mid Blend,FTSE Custom Developed Small Cap ex-US Liquid Net of Tax (Lux),Global,,Long,2010-01-14,0.06,3.286,15.74633,0.92427,283419.6,12.365,13.563,54.096,18.016,64.29,12.618,17.817,70.442,36.878,116.378,17.83,19.447,6.481,8.025,-1.8419,17.745
279,US,US,VOX,,Vanguard Communication Services ETF,Equity,USD,5754819911,5.755,188.08,429960,119,Vanguard,Communications,MSCI US IMI 25/50 Communication Services,North America,United States,Long,2004-09-23,0.09,1.044,17.53048,1.0586,225151.9,-2.86629,1.118,74.342,25.714,95.469,-2.39631,2.183,80.077,32.431,127.571,2.185,21.656,5.779,8.572,-6.32067,9.114
280,US,US,CGDG,,Capital Group Dividend Growers ETF,Equity,USD,5705644231,5.706,38.24,460465,110,Capital Group,Global Large-Stock Blend,,Global,,Long,2023-09-26,0.47,2.243,19.50657,0.49187,559157.75,7.295,11.487,,,,8.827,14.152,,,,14.162,,,,-2.32439,12.342
281,US,US,GPIQ,,Goldman Sachs Nasdaq-100 Premium Income ETF,Equity,USD,5704248426,5.704,56.41,970888,106,Goldman Sachs,Derivative Income,,North America,United States,Long,2023-10-24,0.29,10.131,33.11203,1.05736,1370799.7,6.696,10.782,,,,15.465,23.083,,,,23.101,,,,-5.7162,18.223
282,US,US,GPIX,,Goldman Sachs S&P 500 Premium Income ETF,Equity,USD,5687507139,5.688,55.51,1440685,494,Goldman Sachs,Derivative Income,,North America,United States,Long,2023-10-24,0.29,8.212,26.69262,0.84531,1102839.65,5.133,8.758,,,,12.07,18.429,,,,18.443,,,,-2.15916,14.548
283,US,US,FELG,,Fidelity Enhanced Large Cap Growth ETF,Equity,USD,5687088356,5.687,44.09,356490,145,Fidelity,Large Growth,,North America,United States,Long,2007-04-19,0.18,0.3493,31.46793,1.24754,388217.85,5.731,11.367,,,,5.938,11.786,,,,11.795,,,,-3.37497,22.728
284,US,US,XAR,,State Street SPDR S&P Aerospace & Defense ETF,Equity,USD,5687110104,5.687,246.7,176590,48,State Street,Industrials,S&P Aerospace & Defense Select Industry,North America,United States,Long,2011-09-28,0.35,0.3275,36.15154,1.01564,212934.25,2.263,13.201,109.192,105.72,318.277,2.33,13.589,112.562,110.982,350.899,13.599,28.569,16.107,16.256,-17.15639,15.431
285,US,US,XMHQ,,Invesco S&P MidCap Quality ETF,Equity,USD,5605910062,5.606,115.33,122374,82,Invesco,Mid-Cap Blend,S&P MidCap 400 Quality Index,North America,United States,Long,2006-12-01,0.25,0.5622,19.47111,0.97644,151243.3,12.605,8.393,39.93,48.197,179.412,12.937,9.064,49.18,62.536,228.032,9.07,14.259,10.204,12.616,-3.87965,18.299
286,US,US,UPRO,,ProShares UltraPro S&P500,Equity,USD,5568829650,5.569,147.19,1339110,520,ProShares,Trading--Leveraged Equity,S&P 500,North America,United States,3X Long,2009-06-25,0.89,0.7316,,3.02509,1720095.9,27.151,42.695,215.587,123.965,1074.513,27.719,44.022,224.443,132.669,1137.512,44.058,48.027,18.402,28.609,-7.21175,66.986
287,US,US,QTUM,,Defiance Quantum ETF,Equity,USD,5548454806,5.548,147.81,137236,90,Defiance,Technology,BlueStar Quantum Computing and Machine Learning Index,,,Long,2018-09-05,0.4,0.7966,30.64099,1.36826,314410.2,34.789,53.457,196.153,186.453,,35.286,54.988,204.303,200.55,,55.035,44.899,24.622,,-13.05294,54.194
288,US,US,DSI,,iShares ESG MSCI KLD 400 ETF,Equity,USD,5522235695,5.522,145.61,62226,404,BlackRock,Large Blend,MSCI KLD 400 Social,North America,United States,Long,2006-11-14,0.25,0.8478,27.33831,1.07926,105283.95,13.025,19.903,70.643,66.927,258.336,13.532,21.054,76.267,76.783,307.831,21.07,20.792,12.071,15.095,-2.22924,24.368
289,US,US,EFAV,,iShares MSCI EAFE Min Vol Factor ETF,Equity,USD,5469845637,5.47,93.55,360569,310,BlackRock,Foreign Large Blend,MSCI EAFE Minimum Volatility,EAFE,,Long,2011-10-18,0.2,3.055,19.18,0.48194,334039.95,8.464,8.982,40.423,18.253,37.452,10.512,12.558,54.458,37.039,85.667,12.567,15.591,6.506,6.384,-1.87749,12.217
290,US,US,DISV,,Dimensional International Small Cap Value ETF,Equity,USD,5405125066,5.405,44.39,313783,1634,Dimensional,Foreign Small/Mid Value,,Global,,Long,2022-03-23,0.42,2.328,12.86419,0.75837,279168.35,16.816,25.502,83.506,,,18.574,28.843,99.971,,,28.865,25.979,,,-2.03046,28.462
291,US,US,SIL,,Global X Silver Miners ETF,Equity,USD,5310829261,5.311,100.11,924847,42,Global X,Equity Precious Metals,Stuttgart Solactive AG Global Silver Miners,,,Long,2010-04-19,0.65,1.015,21.1789,0.89793,1320416.9,19.864,59.183,300.761,150.651,106.882,20.029,61.119,317.837,165.882,139.348,61.172,61.048,21.604,9.121,-16.04327,62.069
292,US,US,FDN,,First Trust Dow Jones Internet Index Fund,Equity,USD,5263823907,5.264,287.93,112384,44,First Trust,Technology,DJ Internet Composite,North America,United States,Long,2006-06-19,0.49,0,28.73789,1.22253,159714.05,6.966,2.117,68.844,15.278,259.329,6.966,2.117,68.844,15.278,259.329,2.118,19.072,2.885,13.647,-3.2464,28.274
293,US,US,GNR,,State Street SPDR S&P Global Natural Resources ETF,Equity,USD,5252248297,5.252,79.84,1150141,111,State Street,Natural Resources,S&P Global Natural Resources,Global,,Long,2010-09-13,0.4,2.282,15.81926,0.64845,305858.65,28.484,37.489,43.597,53.947,102.075,30.006,41.312,59.102,85.151,182.626,41.345,16.737,13.113,10.95,-0.91834,39.483
294,US,US,AKRE,,Akre Focus ETF,Equity,USD,5199839965,5.2,57.11,245141,21,Akre,Large Growth,,North America,United States,Long,2025-10-27,0.98,0,33.03251,,390993.2,-12.82247,,,,,-12.82247,,,,,,,,,-16.23643,11.958
295,US,US,QLTY,,GMO US Quality ETF,Equity,USD,5136219045,5.136,42.35,676607,46,GMO,Large Blend,,North America,United States,Long,2023-11-13,0.5,0.7072,27.26868,0.97464,390882.8,10.114,20.176,,,,10.505,21.13,,,,21.146,,,,-3.08924,20.501
296,US,US,SLYV,,State Street SPDR S&P 600 Small Cap Value ETF,Equity,USD,5032395708,5.032,107.74,117569,462,State Street,Small Value,S&P Small Cap 600 Value,North America,United States,Long,2000-09-25,0.15,1.835,15.47101,1.00172,157131.4,18.435,21.165,43.788,31.905,99.426,19.557,23.719,53.884,46.498,153.499,23.737,15.447,7.937,9.75,-4.14591,28.43
297,US,US,KWEB,,KraneShares CSI China Internet ETF,Equity,USD,5027515562,5.028,24.78,13252278,46,KraneShares,Greater China Region,CSI Overseas China Internet,Asia-Pacific,China,Long,2013-07-31,0.69,8.459,13.76146,0.33677,16810167.8,-27.22467,-36.52664,-9.85813,-53.1746,-39.13043,-27.22467,-32.65919,0.62,-43.91406,-22.92523,-32.67742,0.2062,-10.92334,-2.57068,-42.85714,6.672
298,US,US,SLYG,,State Street SPDR S&P 600 Small Cap Growth ETF,Equity,USD,5019727008,5.02,111.67,91777,352,State Street,Small Growth,S&P Small Cap 600 Growth,North America,United States,Long,2000-09-25,0.15,0.6821,20.15931,1.04471,107225.45,18.558,18.483,47.555,24.646,131.729,19.025,19.389,52.32,31.649,166.936,19.403,15.055,5.654,10.318,-6.81742,25.939
299,US,US,AIA,,iShares Asia 50 ETF,Equity,USD,5007085726,5.007,142.87,55811,79,BlackRock,Pacific/Asia ex-Japan Stk,S&P Asia 50 Capped TR,Asia-Pacific,,Long,2007-11-13,0.5,1.498,16.14262,0.89752,478582.25,46.52,63.654,150.123,70.245,183.36,47.057,67.117,169.906,91.603,251.778,67.176,39.221,13.891,13.406,-5.27746,62.315
300,US,US,REET,,iShares Global REIT ETF,Equity,USD,4932907113,4.933,27.09,3746492,388,BlackRock,Global Real Estate,FTSE EPRA Nareit Global REITs,Global,,Long,2014-07-08,0.14,3.428,25.40816,0.92799,3139593.25,8.577,5.944,19.761,-8.01358,-3.38802,9.885,9.819,33.124,7.837,42.207,9.826,10.004,1.521,3.584,-6.77908,9.921
301,US,US,XME,,State Street SPDR S&P Metals & Mining ETF,Equity,USD,4871316410,4.871,119.19,1887661,40,State Street,Natural Resources,S&P Metals and Mining Select Industry,North America,United States,Long,2006-06-19,0.35,0.3126,20.54577,1.30444,1860237.4,15.037,41.758,131.797,170.886,347.074,15.187,42.275,135.866,183.237,406.205,42.309,33.105,23.152,17.609,-12.15101,43.404
302,CA,TSX,TTP,,TD Canadian Equity Index ETF,Equity,CAD,6631189500,4.816,41.4,53538,331,TD,Total Market,Solactive Canada Broad Market Index - CAD - DUPE,North America,,Long,2016-03-22,0.05,1.826,19.46024,1.02659,70540.6,13.799,24.212,80.235,75.796,150.605,14.991,26.803,94.531,101.126,226.827,26.824,24.827,15.001,12.574,-2.95359,24.101
303,US,US,OMFL,,Invesco Russell 1000 Dynamic Multifactor ETF,Equity,USD,4789055579,4.789,69.43,97540,636,Invesco,Large Blend,Russell 1000 Invesco Dynamic Multifactor Index,North America,United States,Long,2017-11-08,0.29,0.804,26.63552,0.94347,108793.55,13.578,16.591,45.861,46.076,,14.101,17.637,50.644,55.329,,17.65,14.631,9.208,,-2.90868,21.551
304,US,US,HELO,,JPMorgan Hedged Equity Laddered Overlay ETF,Equity,USD,4785200747,4.785,69.13,182896,160,JPMorgan Chase,Equity Hedged,,North America,United States,Long,2023-09-28,0.5,0.622,25.53323,0.56602,288807.85,4.064,7.278,,,,4.342,7.98,,,,7.986,,,,-1.56628,9.314
305,US,US,EAGL,,Eagle Capital Select Equity ETF,Equity,USD,4724963768,4.725,35.05,319380,28,Eagle,Large Blend,,Global,,Long,2024-03-21,0.8,0.509,24.80635,0.76645,206743.3,7.979,12.196,,,,7.979,12.81,,,,12.819,,,,-3.78809,19.911
306,US,US,IVLU,,iShares MSCI Intl Value Factor ETF,Equity,USD,4675248298,4.675,44.37,572235,368,BlackRock,Foreign Large Value,MSCI World ex USA Enhanced Value,Global,,Long,2015-06-16,0.3,3.168,13.09008,0.61807,685618.8,16.61,25.233,74.685,69.222,101.985,18.572,29.671,97.547,107.358,183.02,29.694,25.468,15.705,10.965,-1.59681,27.886
307,US,US,QTEC,,First Trust NASDAQ-100 Technology Sector Index Fund,Equity,USD,4668605323,4.669,310.91,70501,49,First Trust,Technology,NASDAQ-100 Technology Sector Index,North America,United States,Long,2006-04-19,0.55,0.0105,39.47713,1.43281,119722.85,35.429,43.945,105.911,86.745,526.673,35.442,43.96,106.069,87.43,550.753,43.996,27.247,13.39,20.602,-8.6177,51.243
308,CA,TSX,TPU,,TD U.S. Equity Index ETF,Equity,CAD,6283889700,4.564,60.2,75073,509,TD,US Equity,Solactive US Large Cap CAD Index - CAD,North America,,Long,2016-03-22,0.07,0.8336,26.29756,0.79207,51337.7,12.671,17.624,75.715,82.314,280.051,13.147,18.725,81.272,92.8,332.777,18.739,21.924,14.033,15.78,-3.4018,20.4
309,US,US,USRT,,iShares Core U.S. REIT ETF,Equity,USD,4562759047,4.563,64.65,1305407,127,BlackRock,Real Estate,FTSE Nareit Equity REITs 40 Act Capped Index,North America,United States,Long,2007-05-01,0.08,2.637,32.51515,0.96985,478535.55,13.501,10.305,27.641,2.456,24.076,14.533,13.475,39.665,18.762,73.942,13.485,11.777,3.499,5.692,-7.76145,14.546
310,US,US,TSPA,,T. Rowe Price U.S. Equity Research ETF,Equity,USD,4541305128,4.541,48.1,369417,333,T. Rowe Price,Large Blend,,North America,United States,Long,2021-06-08,0.34,0.5557,27.40229,1.01248,331346.05,12.436,17.95,76.081,79.806,,12.436,18.684,78.789,85.531,,18.698,21.365,13.159,,-2.17612,21.68
311,US,US,GRNY,,Fundstrat Granny Shots US Large Cap ETF,Equity,USD,4539206996,4.539,27.89,1001215,45,Fundstrat,Large Growth,,North America,United States,Long,2024-11-07,0.75,0.0724,31.34468,,1213087.2,12.641,17.63,,,,12.726,17.718,,,,17.731,,,,-1.74388,20.893
312,CA,TSX,XDIV,,iShares Core MSCI Canadian Quality Dividend Index ETF,Equity,CAD,6224193000,4.521,45.84,160427,27,iShares,High Dividend Yield,MSCI Canada High Dividend Yield 10% Security Capped Index - CAD,North America,,Long,2017-06-07,0.12,3.115,16.11864,0.69328,158284.45,24.498,38.031,85.512,94.981,,27.369,43.141,111.273,140.976,,43.176,28.309,19.235,,-2.09312,37.865
313,US,US,FEZ,,State Street SPDR EURO STOXX 50 ETF,Equity,USD,4488778039,4.489,69.71,685628,55,State Street,Europe Stock,Euro STOXX 50,,,Long,2002-10-15,0.29,2.553,17.27684,0.94955,703533.55,8.262,15.874,60.844,45.867,106.182,10.176,18.989,74.391,69.761,172.355,19.003,20.362,11.166,10.54,-3.66224,17.032
314,US,US,JTEK,,JPMorgan U.S. Tech Leaders ETF,Equity,USD,4474061853,4.474,100.42,177194,70,JPMorgan Chase,Technology,,North America,United States,Long,2023-10-04,0.65,0,42.95702,1.79643,243777.65,11.487,13.7,,,,11.488,13.7,,,,13.71,,,,-10.19496,33.44
315,US,US,TDIV,,First Trust NASDAQ Technology Dividend Index Fund,Equity,USD,4437276458,4.437,115.5407,123460,96,First Trust,Technology,NASDAQ Technology Dividend Index,North America,United States,Long,2012-08-14,0.5,1.306,20.91218,1.17976,134281.75,19.311,22.916,96.398,96.765,297.32,20.153,24.739,106.287,115.821,390.897,24.758,27.292,16.635,17.249,-10.08506,28.037
316,US,US,IDMO,,Invesco S&P International Developed Momentum ETF,Equity,USD,4403718150,4.404,62.97,258322,226,Invesco,Foreign Large Blend,S&P World Ex-U.S. Momentum Index,Global,,Long,2012-02-24,0.25,3.481,16.20559,0.81718,301666,13.317,18.054,85.517,69.589,152.294,14.853,22.717,102.472,98.088,232.767,22.734,26.502,14.652,12.777,-1.423,20.764
317,US,US,IYR,,iShares U.S. Real Estate ETF,Equity,USD,4403164211,4.403,100.91,6553395,64,BlackRock,Real Estate,Dow Jones U.S. Real Estate Capped Index,North America,United States,Long,2000-06-12,0.37,2.242,27.76192,0.97226,4573164.2,7.477,3.828,19.732,-8.79429,21.33,8.308,6.256,29.325,3.62,62.497,6.26,8.948,0.7138,4.975,-6.71166,9.151
318,US,US,IYF,,iShares U.S. Financials ETF,Equity,USD,4374421124,4.374,135.38,239216,146,BlackRock,Financial,Russell 1000 Financials 40 Act 15/22.5 Daily Capped Index,North America,United States,Long,2000-05-22,0.38,1.416,15.51923,0.9055,353526.3,5.003,8.835,76.575,61.09,193.602,5.837,10.526,84.88,74.593,247.38,10.534,22.728,11.792,13.263,-2.66734,19.152
319,US,US,MAGS,,Roundhill Magnificent Seven ETF,Equity,USD,4360891029,4.361,69.32,2378209,25,Roundhill,Technology,,North America,United States,Long,2023-04-11,0.3,1.408,29.92792,1.38464,2665850.8,5.094,13.139,123.325,,,5.094,14.8,129.377,,,14.811,31.873,,,-2.58572,25.842
320,US,US,IMTM,,iShares MSCI Intl Momentum Factor ETF,Equity,USD,4352201379,4.352,53.75,330848,323,BlackRock,Foreign Large Blend,MSCI ACWI ex USA Momentum,Global,,Long,2015-01-13,0.3,4.323,17.40355,0.80787,280510.6,12.049,14.216,66.874,34.241,102.479,13.325,19.694,83.928,61.004,165.644,19.709,22.517,9.995,10.265,-1.90174,16.911
321,US,US,IDEF,,iShares Defense Industrials and Tech Active ETF,Equity,USD,4329917977,4.33,31.73,434081,144,BlackRock,Industrials,,,,Long,2025-05-19,0.55,0.3357,33.47705,,416427.9,2.989,7.446,,,,3.163,7.813,,,,7.819,,,,-13.96421,11.177
322,US,US,EUFN,,iShares MSCI Europe Financials ETF,Equity,USD,4317915618,4.318,42.07,1876511,97,BlackRock,Europe Stock,MSCI Europe / Financials,Europe,,Long,2010-01-20,0.48,3.928,12.3053,0.77825,1451570.6,13.427,25.395,124.733,110.35,135.291,16.846,31.024,158.031,167.382,257.195,31.048,37.149,21.741,13.579,-2.3218,27.853
323,US,US,IXJ,,iShares Global Healthcare ETF,Equity,USD,4309555021,4.31,101.4,122766,125,BlackRock,Health,S&P Global 1200 Health Care Sector Capped Index,Global,,Long,2001-11-13,0.38,1.424,23.61698,0.56322,193496.85,4.107,14.849,20,14.408,99.332,5.03,16.577,25.441,22.611,131.207,16.589,7.846,4.162,8.744,-5.83647,18.791
324,US,US,FXI,,iShares China Large-Cap ETF,Equity,USD,4277090436,4.277,34.55,23237803,59,BlackRock,Greater China Region,FTSE China 50 Net Tax USD Index,Asia-Pacific,China,Long,2004-10-05,0.74,1.967,10.74115,0.31177,15487882.6,-9.76756,-12.39858,28.534,-17.7185,-11.45566,-9.08891,-10.78164,38.649,-6.93828,13.298,-10.78861,11.505,-1.42805,1.257,-17.7381,10.773
325,US,US,VIOO,,Vanguard S&P Small-Cap 600 ETF,Equity,USD,4265610112,4.266,132.34,76013,609,Vanguard,Small Blend,S&P Small Cap 600,North America,United States,Long,2010-09-07,0.07,1.139,18.23614,1.02115,78765.6,19.268,20.08,47.192,30.326,132.624,19.268,21.684,53.596,39.769,164.211,21.7,15.375,6.927,10.205,-5.26843,26.933
326,US,US,DEM,,WisdomTree Emerging Markets High Dividend Fund,Equity,USD,4257239294,4.257,56.82,191773,557,WisdomTree,Diversified Emerging Mkts,WisdomTree Emerging Markets High Dividend Index,Emerging Markets,,Long,2007-07-13,0.63,3.951,10.91906,0.61482,186576.65,21.644,22.141,45.842,25.903,46.443,23.877,27.86,69.945,69.69,146.841,27.882,19.331,11.157,9.458,-0.61221,28.465
327,US,US,IFRA,,iShares U.S. Infrastructure ETF,Equity,USD,4230554251,4.231,58.77,182147,167,BlackRock,Infrastructure,NYSE FactSet U.S. Infrastructure Index,North America,United States,Long,2018-04-03,0.3,1.657,22.97967,0.9611,390719.7,11.688,14.028,54.333,61.812,,12.552,16.039,63.336,78.39,,16.051,17.764,12.274,,-8.52918,16.009
328,US,US,SMLF,,iShares U.S. SmallCap Equity Factor ETF,Equity,USD,4227032752,4.227,86.26,103554,925,BlackRock,Small Blend,STOXX US Small Cap Equity Factor Index,North America,United States,Long,2015-04-28,0.15,1.023,17.99413,1.08359,176907.45,15.198,15.863,61.143,56.41,168.305,15.77,17.189,66.993,66.734,203.553,17.202,18.636,10.767,11.746,-4.93194,23.229
329,US,US,FLJP,,Franklin FTSE Japan ETF,Equity,USD,4189678821,4.19,41.24,1203776,480,Franklin Templeton,Japan Stock,FTSE Japan RIC Capped Index,Asia-Pacific,Japan,Long,2017-11-02,0.09,4.094,17.22108,0.65606,850697.65,19.71,18.099,52.458,30.095,,20.217,23.875,71.69,52.909,,23.893,19.738,8.866,,-1.86794,22.592
330,US,US,NLR,,VanEck Uranium and Nuclear ETF,Equity,USD,4182615066,4.183,122.95,258607,28,VanEck,Natural Resources,MVIS Global Uranium & Nuclear Energy,,,Long,2007-08-13,0.52,2.575,34.22703,0.8559,331423.85,-1.00644,1.856,86.291,122.937,147.534,-1.00644,4.394,101.216,150.803,228.602,4.397,26.24,20.193,12.635,-26.86771,20.634
331,CA,TSX,TPE,,TD International Equity Index ETF,Equity,CAD,5757719000,4.182,30.735,53600,899,TD,Total Market,Solactive GBS Developed Markets ex North America Large & Mid Cap Index - CAD,,,Long,2016-03-22,0.29,2.104,17.26838,0.79057,32856.05,12.541,16.487,56.492,44.908,96.641,13.73,19.233,68.35,65.256,155.112,19.247,18.956,10.57,9.819,-2.73734,16.952
332,US,US,EMLP,,First Trust North American Energy Infrastructure Fund,Equity,USD,4181257043,4.181,44.18,198414,60,First Trust,Energy Limited Partnership,,,,Long,2012-06-21,0.95,2.75,18.76683,0.57911,216517.85,16.662,18.445,61.713,78.073,72.175,18.309,22.031,78.795,111.176,151.553,22.048,21.367,16.128,9.665,-2.32147,18.891
333,US,US,KRE,,State Street SPDR S&P Regional Banking ETF,Equity,USD,4175541929,4.176,73.45,10793631,159,State Street,Financial,S&P Regional Banks Select Industry,North America,United States,Long,2006-06-19,0.35,2.178,12.6103,0.84317,11545391.2,13.331,12.103,69.396,14.604,71.773,14.656,14.827,84.254,31.419,120.413,14.838,22.589,5.617,8.225,-6.25399,27.624
334,US,US,NVDL,,GraniteShares 2x Long NVDA Daily ETF,Equity,USD,4090007747,4.09,35.53,6255396,28,GraniteShares,Trading--Leveraged Equity,,North America,United States,2X Long,2022-12-13,1.05,0,,3.58989,15112620.45,21.11,37.767,598.584,,,21.111,37.767,677.954,,,37.797,98.115,,,-17.89337,64.972
335,US,US,ARTY,,iShares Future AI & Tech ETF,Equity,USD,4075634388,4.076,76.32,326185,64,BlackRock,Technology,Morningstar Global Artificial Intelligence Select Index,Global,,Long,2018-06-26,0.47,0.0569,31.25932,1.51981,473230.7,58.406,77.159,140.757,70.395,,58.5,77.264,143.235,77.886,,77.334,34.476,12.211,,-6.75626,77.262
336,US,US,IMCG,,iShares Morningstar Mid-Cap Growth ETF,Equity,USD,4074842054,4.075,95.33,100529,264,BlackRock,Mid-Cap Growth,Morningstar US Mid Cap Broad Growth PR USD,North America,United States,Long,2004-06-28,0.06,0.6247,29.4071,1.13031,156462.45,19.401,15.748,59.842,31.689,250.968,19.713,16.579,63.734,37.011,271.513,16.591,17.859,6.501,14.026,-5.4172,25.99
337,US,US,MSLC,,Morgan Stanley Pathway Large Cap Equity ETF,Equity,USD,4053783369,4.054,60.12,50042,789,Morgan Stanley,Large Blend,,North America,United States,Long,1991-11-18,0.39,1.943,25.61892,,61219.5,10.535,12.69,,,,10.535,15.121,,,,15.132,,,,-2.52286,19.761
338,US,US,DON,,WisdomTree U.S. MidCap Dividend Fund,Equity,USD,4051768599,4.052,56.8,511611,295,WisdomTree,Mid-Cap Value,WisdomTree US MidCap Dividend Index,North America,United States,Long,2006-06-16,0.38,2.345,15.49959,0.84859,151923.95,10.078,7.413,34.885,33.899,84.758,11.613,10.101,45.12,52.011,138.284,10.108,13.213,8.738,9.072,-3.67167,14.585
339,US,US,XOP,,State Street SPDR S&P Oil & Gas Exploration & Production ETF,Equity,USD,4044044242,4.044,195.01,2224279,54,State Street,Equity Energy,S&P Oil & Gas Exploration & Production Select Industry,North America,United States,Long,2006-06-19,0.35,1.666,11.03323,0.55299,2537412.55,54.451,51.535,27.299,134.078,24.623,55.832,55.057,36.641,163.906,51.007,55.104,10.964,21.423,4.208,-0.69763,59.7
340,US,US,MUU,,Direxion Daily MU Bull 2X ETF,Equity,USD,4028117353,4.028,35.05,22837821,14,Direxion,Trading--Leveraged Equity,,,,2X Long,2024-10-10,1.01,0.9696,,,26785422.9,595.851,2573.532,,,,599.683,2724.993,,,,2731.465,,,,-44.04534,2567.428
341,CA,TSX,XQQ,,iShares NASDAQ 100 Index ETF (CAD-Hedged),Equity,CAD,5495835600,3.992,71.46,127445,123,iShares,US Equity,NASDAQ 100 Index,North America,,Long,2011-05-03,0.39,0.2164,32.98495,1.04873,101792.35,14.721,21.304,83.499,75.375,441.364,14.838,21.588,85.064,78.02,463.032,21.604,22.769,12.228,18.868,-4.7581,27.607
342,US,US,JIVE,,JPMorgan International Value ETF,Equity,USD,3987047716,3.987,98.76,306219,378,JPMorgan Chase,Foreign Large Value,,Global,,Long,2023-09-13,0.55,2.338,11.39171,0.46614,300480.8,23.021,33.136,,,,23.022,37.031,,,,37.061,,,,-1.44696,33.985
343,US,US,ILF,,iShares Latin America 40 ETF,Equity,USD,3979647802,3.98,36.16,2449221,51,BlackRock,Focused Region,S&P Latin America 40,Latin America,,Long,2001-10-25,0.47,2.708,10.57014,0.71884,3014460.35,18.752,31.875,41.748,30.166,24.304,20.268,36.782,65.598,86.198,101.998,36.811,18.305,13.241,7.285,-6.07792,33.117
344,US,US,IWX,,iShares Russell Top 200 Value ETF,Equity,USD,3975363055,3.975,111.61,141134,156,BlackRock,Large Value,Russell Top 200 Value,North America,United States,Long,2009-09-22,0.2,1.373,22.06646,0.78457,288989.75,21.5,28.806,64.835,64.374,148.188,22.413,30.92,74.551,81.265,208.414,30.944,20.399,12.634,11.923,-2.05353,29.118
345,US,US,CALF,,Pacer US Small Cap Cash Cows ETF,Equity,USD,3948078260,3.948,55.7,536282,201,Pacer,Small Value,Pacer US Small Cap Cash Cows Index,North America,United States,Long,2017-06-16,0.59,1.147,12.21123,1.01178,515325.15,25.535,27.14,32.651,31.213,,26.26,28.82,37.795,41.923,,28.842,11.276,7.254,,-4.5252,33.894
346,US,US,AAXJ,,iShares MSCI All Country Asia ex Japan ETF,Equity,USD,3942259757,3.942,118.98,368986,959,BlackRock,Pacific/Asia ex-Japan Stk,MSCI AC Asia ex JP,Asia-Pacific,,Long,2008-08-13,0.72,1.299,16.97275,0.73779,453746.6,27.771,35.497,83.272,32.909,95.049,28.229,37.673,94.19,46.68,134.586,37.703,24.754,7.964,8.902,-4.73216,35.235
347,US,US,SMMD,,iShares Russell 2500 ETF,Equity,USD,3923635108,3.924,88.975,325831,515,BlackRock,Small Blend,Russell 2500,North America,United States,Long,2017-07-06,0.15,1.076,18.86059,1.07958,159870.45,18.728,20.644,56.922,34.586,,19.308,22.124,63.426,44.604,,22.141,17.785,7.657,,-4.69687,27.216
348,US,US,XT,,iShares Future Exponential Technologies ETF,Equity,USD,3909536755,3.91,81.23,59684,221,BlackRock,Technology,Morningstar Exponential Technologies Index,,,Long,2015-03-19,0.46,7.005,29.95798,1.14676,60337.2,16.475,16.542,49.32,23.337,208.977,16.993,26.038,63.364,36.849,263.863,26.058,17.77,6.476,13.789,-3.56168,24.072
349,US,US,IVOO,,Vanguard S&P Mid-Cap 400 ETF,Equity,USD,3857505099,3.858,126.19,130013,406,Vanguard,Mid-Cap Blend,S&P Mid Cap 400,North America,United States,Long,2010-09-09,0.07,1.195,21.19042,1.01976,74533.7,12.871,12.851,44.796,37.253,137.556,13.526,14.33,50.825,47.293,173.653,14.34,14.677,8.054,10.593,-5.22007,19.85
350,US,US,FLTW,,Franklin FTSE Taiwan ETF,Equity,USD,3824574217,3.825,107.5,90892,137,Franklin Templeton,Greater China Region,FTSE Taiwan RIC Capped Index,Asia-Pacific,Taiwan,Long,2017-11-02,0.19,1.526,25.95449,1.1349,243423.1,76.693,92.136,191.391,139.309,,77.012,97.297,213.007,172.046,,97.389,46.267,22.163,,-2.5562,90.299
351,US,US,DFGR,,Dimensional Global Real Estate ETF,Equity,USD,3823870966,3.824,28.53,474279,420,Dimensional,Global Real Estate,,North America,United States,Long,2022-12-06,0.22,3.761,24.59343,0.88404,413536.2,7.986,4.353,19.322,,,8.899,8.577,32.584,,,8.583,9.855,,,-6.22843,9.655
352,US,US,INTF,,iShares International Equity Factor ETF,Equity,USD,3814448167,3.814,42.66,205071,507,BlackRock,Foreign Large Blend,STOXX International Equity Factor,Global,,Long,2015-04-28,0.16,2.914,15.7757,0.74246,236767.6,13.007,19.229,61.713,39.275,77.824,14.99,23.012,78.387,66.074,145.779,23.029,21.274,10.679,9.411,-1.90848,20.56
353,US,US,EWU,,iShares MSCI United Kingdom ETF,Equity,USD,3760350417,3.76,47.83,2622034,75,BlackRock,Focused Region,MSCI United Kingdom,Europe,United Kingdom,Long,1996-03-12,0.5,3.126,15.15766,0.58834,933170.8,8.754,14.673,50.646,45.115,48.448,10.312,18.563,69.189,76.364,117.191,18.577,19.153,12.018,8.066,-3.15853,17.001
354,US,US,LRGF,,iShares U.S. Equity Factor ETF,Equity,USD,3718050867,3.718,77.86,127216,295,BlackRock,Large Blend,STOXX U.S. Equity Factor,North America,United States,Long,2015-04-30,0.08,1.053,23.92482,0.99682,147103.45,12.142,15.417,73.099,75.084,207.747,12.722,16.776,79.966,87.929,263.963,16.788,21.631,13.45,13.792,-1.99509,21.866
355,US,US,MLPX,,Global X MLP & Energy Infrastructure ETF,Equity,USD,3710805336,3.711,76.13,252777,31,Global X,Energy Limited Partnership,Stuttgart Solactive MLP & Energy Infrastructure,,,Long,2013-08-07,0.45,4.026,19.18082,0.57096,348577.75,25.772,26.399,80.185,121.115,66.404,29.867,32.334,108.542,185.067,192.575,32.359,27.754,23.311,11.335,-2.84584,32.033
356,US,US,IYH,,iShares U.S. Healthcare ETF,Equity,USD,3690816841,3.691,70.43,338213,104,BlackRock,Health,Russell 1000 Health Care RIC 22.5/45 Capped Index,North America,United States,Long,2000-06-12,0.38,1.137,26.47337,0.58618,520962.8,8.187,21.014,26.445,19.722,132.044,8.798,22.571,31.282,27.067,163.625,22.588,9.495,4.908,10.18,-5.57716,24.787
357,US,US,EEMV,,iShares MSCI Emerging Markets Min Vol Factor ETF,Equity,USD,3687868071,3.688,76.18,141391,333,BlackRock,Diversified Emerging Mkts,MSCI EM Minimum Volatility,Emerging Markets,,Long,2011-10-18,0.25,2.129,18.77721,0.50696,104420.25,18.957,20.5,41.1,19.013,40.088,19.993,23.417,54.305,35.527,80.606,23.435,15.552,6.27,6.091,-1.55969,21.364
358,US,US,DCOR,,Dimensional US Core Equity 1 ETF,Equity,USD,3556821321,3.557,83.69,101973,2386,Dimensional,Large Blend,,North America,United States,Long,2023-09-12,0.14,0.914,22.16142,0.97682,110530.45,13.663,18.323,,,,14.23,19.538,,,,19.553,,,,-2.55007,19.762
359,US,US,GCOW,,Pacer Global Cash Cows Dividend ETF,Equity,USD,3554855847,3.555,46.39,193712,109,Pacer,Global Large-Stock Value,Pacer Global Cash Cows Dividend Index,Global,,Long,2016-02-23,0.6,4.902,14.2,0.53396,227828.6,12.542,17.058,38.436,47.2,63.749,15.667,23.231,60.948,88.486,152.289,23.249,17.187,13.518,9.697,-3.4688,18.888
360,US,US,FRDM,,Freedom 100 Emerging Markets ETF,Equity,USD,3509635029,3.51,71.71,198153,138,Freedom,Diversified Emerging Mkts,Life + Liberty Freedom 100 Emerging Markets Index,Global,,Long,2019-05-23,0.49,1.535,15.59488,1.05101,64258.2,39.867,68.097,144.494,109.74,,41.109,71.547,163.802,139.927,,71.61,38.164,19.131,,-6.74902,68.215
361,CA,TSX,XGD,,iShares S&P/TSX Global Gold Index ETF,Equity,CAD,4817656000,3.499,61.07,361828,69,iShares,Materials,S&P/TSX Global Gold,,,Long,2001-03-23,0.61,0.684,16.45574,1.33699,590633.85,19.464,49.425,263.08,237.777,296.301,20.081,50.709,273.435,259.45,330.887,50.751,55.13,29.164,15.73,-12.63233,50.493
362,US,US,VNQI,,Vanguard Global ex-U.S. Real Estate ETF,Equity,USD,3477887999,3.478,44.57,342386,784,Vanguard,Global Real Estate,S&P Global x United States Property,Global,,Long,2010-11-01,0.12,4.838,14.76678,0.71048,257192.05,-2.77051,-6.26709,10.513,-24.39355,-22.10765,-2.77051,-1.81108,26.566,-7.13659,17.79,-1.8123,8.168,-1.4701,1.651,-12.40173,3.159
363,US,US,FHLC,,Fidelity MSCI Health Care Index ETF,Equity,USD,3476249359,3.476,80.97,147690,340,Fidelity,Health,MSCI US IMI 25/50 Health Care,North America,United States,Long,2013-10-21,0.084,1.26,25.79531,0.60513,195280.65,9.006,22.478,29.78,19.196,132.472,9.76,24.261,35.559,27.934,170.039,24.279,10.671,5.051,10.446,-5.25946,25.925
364,US,US,CGMM,,Capital Group U.S. Small and Mid Cap ETF,Equity,USD,3440635168,3.441,32.05,748829,118,Capital Group,Mid-Cap Blend,,North America,United States,Long,2025-01-14,0.51,0.3825,22.26338,,673508.25,11.13,12.141,,,,11.267,12.594,,,,12.603,,,,-5.2896,19.612
365,US,US,SPHD,,Invesco S&P 500 High Dividend Low Volatility ETF,Equity,USD,3440632054,3.441,51.35,593562,57,Invesco,Large Value,S&P 500 Low Volatility High Dividend Index,North America,United States,Long,2012-10-18,0.3,4.759,14.95528,0.60187,644489.65,6.979,4.328,26.634,16.176,30.264,10.595,9.568,43.67,42.683,97.378,9.575,12.835,7.369,7.037,-4.97779,10.24
366,CA,TSX,ZWB,,BMO Covered Call Canadian Banks Fund,Equity,CAD,4699968000,3.414,30.065,213988,14,BMO,Financials,,North America,,Long,2011-01-28,0.91,5.289,17.86062,0.97711,193441.75,19.757,35.124,78.746,45.031,75,24.621,43.415,118.606,103.213,223.422,43.45,29.776,15.239,12.456,-6.74628,35.063
367,US,US,ACWV,,iShares MSCI Global Min Vol Factor ETF,Equity,USD,3399813758,3.4,125.67,65188,422,BlackRock,Global Large-Stock Blend,MSCI AC World Minimum Volatility,Global,,Long,2011-10-18,0.2,1.881,19.25305,0.51099,32558.2,5.827,4.9,29.131,16.881,63.612,6.76,6.976,38.293,30.391,104.186,6.981,11.41,5.451,7.401,-2.14141,7.447
368,US,US,BOTZ,,Global X Robotics & Artificial Intelligence ETF,Equity,USD,3399244269,3.399,35.18,553893,65,Global X,Technology,Indxx Global Robotics & Artificial Intelligence Thematic Index,,,Long,2016-09-12,0.68,0.5001,36.7509,1.45741,612684.25,-2.89815,3.137,35.988,-8.62338,,-2.84963,3.634,37.191,-7.43634,,3.637,11.113,-1.5338,,-15.65572,10.369
369,US,US,TSLL,,Direxion Daily TSLA Bull 2X ETF,Equity,USD,3397272989,3.397,9.85,64645152,14,Direxion,Trading--Leveraged Equity,,North America,United States,2X Long,2022-08-09,0.83,10.002,,2.85267,106549464.7,-48.45631,-25.15198,-36.65595,,,-47.64996,-20.94119,-26.86791,,,-20.95392,-9.90245,,,-58.50885,47.125
370,US,US,FELV,,Fidelity Enhanced Large Cap Value ETF,Equity,USD,3392287463,3.392,42.32,220034,372,Fidelity,Large Value,,North America,United States,Long,2007-04-19,0.18,1.401,19.94315,0.77862,161748.05,22.1,27.778,,,,23.101,29.927,,,,29.95,,,,-2.17291,29.3
371,US,US,IHI,,iShares U.S. Medical Devices ETF,Equity,USD,3379878239,3.38,51.48,2222451,51,BlackRock,Health,DJ US Select / Medical Equipment,North America,United States,Long,2006-05-01,0.37,0.4703,29.14248,0.81489,2264115.15,-17.16814,-17.67152,1.659,-23.33582,114.214,-16.97842,-17.31638,3.154,-21.60717,122.925,-17.32714,1.04,-4.75277,8.348,-20.44506,8.688
372,CA,NEO,SITU,,Scotia U.S. Equity Index Tracker ETF,Equity,CAD,4653942000,3.38,48.2,86768,509,Scotia,US Equity,Solactive GBS United States 500 CAD Index - CAD,North America,,Long,2020-10-19,0.08,0.8889,,0.75676,66301.05,12.804,17.699,75.819,83.017,,13.336,18.858,81.184,93.035,,18.872,21.905,14.06,,-2.95953,20.5
373,US,US,GSUS,,Goldman Sachs MarketBeta U.S. Equity ETF,Equity,USD,3375885535,3.376,105.45,413434,408,Goldman Sachs,Large Blend,Solactive GBS United States Large & Mid Cap Index,North America,United States,Long,2020-05-12,0.07,0.9727,26.30338,1.01723,108923.35,11.706,17.323,72.699,67.381,,12.328,18.605,79.09,78.613,,18.619,21.433,12.303,,-2.06186,21.654
374,US,US,BULZ,,MicroSectors Solactive FANG & Innovation 3X Leveraged ETN,Equity,USD,3362245809,3.362,41.08,362382,15,REX Microsectors,Trading--Leveraged Equity,Solactive FANG Innovation Index,North America,United States,3X Long,2021-08-20,0.95,0,,,550814.95,58.274,100.557,460.819,45.519,,58.274,100.557,460.819,45.519,,100.653,77.644,7.792,,-26.76056,174.599
375,US,US,WTV,,WisdomTree US Value Fund of Benef Interest,Equity,USD,3357057882,3.357,107.31,92278,126,WisdomTree,Mid-Cap Value,,North America,United States,Long,2007-02-23,0.12,1.833,16.53269,0.93492,164342.05,15.016,17.523,69.024,74.684,234.143,16.312,19.955,78.393,91.553,298.993,19.97,21.276,13.885,14.843,-2.21611,22.11
376,US,US,XYLD,,Global X S&P 500 Covered Call ETF,Equity,USD,3348994480,3.349,41.5,384775,507,Global X,Derivative Income,Cboe S&P 500 BuyWrite Index,North America,United States,Long,2013-06-24,0.6,10.43,25.95448,0.49979,408177.55,2.141,5.948,2.774,-16.80032,,9.738,17.972,42.916,44.495,,17.985,12.637,7.64,,-0.7177,8.582
377,US,US,PTLC,,Pacer Trendpilot US Large Cap ETF,Equity,USD,3339684933,3.34,59.38,124113,504,Pacer,Large Blend,Pacer Trendpilot US Large Cap Index,North America,United States,Long,2015-06-11,0.6,0.9949,26.08988,0.55303,83817.7,6.837,11.564,43.119,50.215,154.413,6.837,12.739,47.285,57.697,181.343,12.748,13.773,9.539,10.9,-2.25514,15.122
378,US,US,SKYY,,First Trust Cloud Computing ETF,Equity,USD,3311587066,3.312,158.14,97124,65,First Trust,Technology,ISE Cloud Computing Index,,,Long,2011-07-05,0.6,0,36.19991,1.25608,246452.35,21.571,20.442,95.379,42.997,367.041,21.571,20.442,95.379,44.207,381.777,20.457,25.008,7.597,17.029,-6.45371,52.409
379,IN,NSE,CPSEETF,,Nippon Mutual Funds - CPSE ETF,Equity,INR,314994400000,3.311,94.98,2620368,14,Nippon,Total Market,NIFTY CPSE Index - INR - Benchmark TR Gross,,,Long,2014-03-28,0.05,,12.71581,0.81006,935801.65,3.52,6.803,81.087,260.045,,3.52,6.803,81.087,260.045,,6.808,21.883,29.207,,-15.36607,10.144
380,CA,TSX,XEI,,iShares S&P/TSX Composite High Dividend Index ETF,Equity,CAD,4418396700,3.209,39.83,152686,82,iShares,High Dividend Yield,S&P/TSX Composite High Dividend,North America,,Long,2011-04-12,0.23,3.437,15.75521,0.82197,154448.6,23.084,32.326,65.064,66.028,92.695,26.128,37.563,91.67,111.174,212.051,37.593,24.212,16.128,12.055,-2.80625,32.194
381,US,US,FWD,,AB Disruptors ETF,Equity,USD,3205301510,3.205,128.75,163839,127,AB Funds,Global Large-Stock Growth,,,,Long,2023-03-22,0.65,0.0878,37.90434,1.61219,158130.3,23.312,35.905,127.341,,,23.312,36.054,131.613,,,36.083,32.3,,,-13.91933,36.46
382,US,US,FNDC,,Schwab Fundamental International Small Equity ETF,Equity,USD,3190249794,3.19,51.14,60372,1588,Charles Schwab,Foreign Small/Mid Value,RAFI Fundamental High Liquidity Developed ex US Small Index,Global,,Long,2013-08-15,0.39,3.524,15.05443,0.76286,103092.1,14.792,14.561,55.064,27.119,74.48,15.456,19.219,71.738,47.574,127.626,19.233,19.749,8.095,8.574,-1.33128,19.069
383,US,US,SPUS,,SP Funds S&P 500 Sharia Industry Exclusions ETF,Equity,USD,3170795012,3.171,58.45,334985,221,SP Funds,Large Growth,S&P 500 Shariah Industry Exclusions Index,North America,United States,Long,2019-12-18,0.45,0.523,31.77595,1.09293,390807.15,14.451,23.521,81.691,88.245,,14.893,24.24,85.582,96.904,,24.258,22.883,14.514,,-2.01174,25.886
384,US,US,CGGE,,Capital Group Global Equity ETF,Equity,USD,3168539400,3.169,34.9,408859,121,Capital Group,Global Large-Stock Blend,,Global,,Long,2024-06-25,0.47,0.3656,24.86523,0.80448,467355.5,10.338,15.258,,,,10.338,15.719,,,,15.731,,,,-3.25978,18.748
385,US,US,AVSC,,Avantis U.S Small Cap Equity ETF,Equity,USD,3151865257,3.152,71.61,105008,1551,American Century Investments,Small Value,Russell 2000,North America,United States,Long,2022-01-11,0.25,0.9788,15.72842,1.03011,102088.15,21.91,24.876,57.731,,,22.818,26.588,64,,,26.608,17.923,,,-4.9004,31.854
386,US,US,BDYN,,iShares Dynamic Equity Active ETF,Equity,USD,3117165061,3.117,27.98,285323,432,BlackRock,Global Large-Stock Blend,,Global,,Long,2025-09-12,0.39,1.991,25.04744,,405836.6,9.254,,,,,9.254,,,,,,,,,-4.53444,19.013
387,US,US,CGNG,,Capital Group New Geography Equity ETF,Equity,USD,3112222157,3.112,37.22,541759,264,Capital Group,Diversified Emerging Mkts,,Global,,Long,2024-06-25,0.64,0.583,18.62059,0.84328,527046.75,16.567,24.315,,,,16.567,25.158,,,,25.177,,,,-2.69281,24.357
388,US,US,GARP,,iShares MSCI USA Quality GARP ETF,Equity,USD,3087420344,3.087,83.46,358637,135,BlackRock,Large Growth,MSCI USA Quality GARP Select Index,North America,United States,Long,2020-06-14,0.15,0.2586,31.23191,1.21917,211350.85,22.555,31.932,126.455,116.537,,22.71,32.345,129.168,125.1,,32.37,31.833,17.621,,-2.36313,36.261
389,US,US,PXF,,Invesco RAFI Developed Markets ex-U.S. ETF,Equity,USD,3059516907,3.06,79.74,96561,1037,Invesco,Foreign Large Value,RAFI Fundamental Select Developed ex U.S. 1000 Index,Global,,Long,2007-06-25,0.43,2.972,14.34293,0.75285,101976.05,21.657,30.936,79.514,64.82,113.209,23.622,35.588,99.443,99.197,199.59,35.616,25.868,14.78,11.599,-1.12833,32.525
390,US,US,TMSL,,T. Rowe Price Small-Mid Cap ETF,Equity,USD,3011020886,3.011,42.01,276462,287,T. Rowe Price,Mid-Cap Blend,,North America,United States,Long,2023-06-14,0.55,0.4837,19.65608,1.09096,412432,17.019,19.994,65.609,,,17.019,20.661,67.821,,,20.677,18.832,,,-6.16484,25.478
391,US,US,XSMO,,Invesco S&P SmallCap Momentum ETF,Equity,USD,3008570813,3.009,84.16,308002,110,Invesco,Small Blend,S&P SmallCap 600 Momentum Index,North America,United States,Long,2005-03-03,0.36,0.5644,17.62697,1.09226,280620.75,16.873,14.722,69.064,57.875,222.205,17.225,15.429,72.673,64.746,246.569,15.44,19.966,10.502,13.236,-10.15746,22.7
392,US,US,QGRW,,WisdomTree U.S. Quality Growth Fund,Equity,USD,2997257134,2.997,66.92,125260,102,WisdomTree,Large Growth,WisdomTree U.S. Quality Growth Index,North America,United States,Long,2022-12-15,0.28,0.0747,32.07737,1.31977,207763.65,14.062,20.252,101.609,,,14.062,20.353,102.278,,,20.368,26.462,,,-3.01449,31.37
393,US,US,CQQQ,,Invesco China Technology ETF,Equity,USD,2981821275,2.982,46.81,659186,185,Invesco,Greater China Region,FTSE China Incl A 25% Technology Capped Index,Asia-Pacific,China,Long,2009-12-08,0.65,2.406,20.71519,0.62531,733209.75,-9.98077,-10.2569,22.539,-35.43448,13.095,-9.98077,-8.27499,26.269,-33.41805,21.416,-8.28042,8.083,-7.81368,1.96,-23.51307,5.678
394,US,US,SNPE,,Xtrackers S&P 500 Scored & Screened ETF,Equity,USD,2963307759,2.963,70.17,1567679,331,Xtrackers,Large Blend,S&P 500 Scored & Screened Index,North America,United States,Long,2019-06-26,0.1,0.9331,25.33407,1.01429,274740.3,12.362,20.588,71.523,75.689,,12.899,21.857,77.712,87.467,,21.874,21.121,13.395,,-2.56873,21.675
395,US,US,JMEE,,JPMorgan Small & Mid Cap Enhanced Equity ETF,Equity,USD,2953171516,2.953,75.69,53357,655,JPMorgan Chase,Small Blend,,North America,United States,Long,2022-05-06,0.24,0.9576,19.72185,1.09881,119051.65,17.568,19.197,52.263,,,17.568,20.52,57.381,,,20.535,16.315,,,-5.30464,24.613
396,US,US,SOXQ,,Invesco PHLX Semiconductor ETF,Equity,USD,2944273555,2.944,93.95,869037,32,Invesco,Technology,PHLX / Semiconductor,North America,United States,Long,2021-06-11,0.19,0.3024,41.80346,1.79368,1520967.65,68.46,105.221,233.866,251.873,,68.772,106.143,240.476,268.259,,106.245,50.426,29.791,,-18.54164,106.438
397,US,US,CWI,,State Street SPDR MSCI ACWI ex-US ETF,Equity,USD,2913680486,2.914,41.33,169327,1140,State Street,Foreign Large Blend,MSCI AC World ex USA,,,Long,2007-01-10,0.3,2.645,16.99339,0.77215,190439,15.061,20.919,63.037,36.448,88.489,16.412,24.551,77.473,58.091,146.575,24.57,21.067,9.594,9.446,-1.5249,21.256
398,US,US,ESML,,iShares ESG Aware MSCI USA Small-Cap ETF,Equity,USD,2885433495,2.885,53.96,113899,910,BlackRock,Small Blend,MSCI USA Small Cap Extended ESG Focus Index,North America,United States,Long,2018-04-10,0.17,0.92,18.58023,1.05879,50437.05,17.355,19.791,54.127,35.136,,17.872,21.045,59.767,43.83,,21.061,16.9,7.541,,-4.81566,25.869
399,US,US,SECT,,Main Sector Rotation ETF,Equity,USD,2882914327,2.883,71.56,178972,10,Main Management,Large Blend,,North America,United States,Long,2017-09-05,0.69,0.7278,,0.97076,97856.9,10.894,17.543,64.506,69.654,,11.438,18.505,67.418,75.255,,18.519,18.736,11.877,,-2.87599,22.555
400,US,US,MDYG,,State Street SPDR S&P 400 Mid Cap Growth ETF,Equity,USD,2864574138,2.865,106.73,82314,247,State Street,Mid-Cap Growth,S&P Mid Cap 400 Growth,North America,United States,Long,2005-11-08,0.15,0.5941,26.2436,1.06226,78049.75,15.471,15.509,50.049,35.565,145.599,15.787,16.267,54.047,42.292,175.731,16.279,15.488,7.31,10.676,-6.31967,22.551
401,US,US,EQWL,,Invesco S&P 100 Equal Weight ETF,Equity,USD,2855911564,2.856,132.29,120345,103,Invesco,Large Value,S&P 100 Equal Weighted,North America,United States,Long,2006-12-01,0.25,1.541,22.38438,0.90019,109022.05,11.958,17.696,61.813,59.144,215.389,12.926,19.733,71.197,75.528,285.268,19.748,19.623,11.912,14.442,-2.77798,18.063
402,US,US,IXC,,iShares Global Energy ETF,Equity,USD,2854482967,2.854,59.88,358734,66,BlackRock,Equity Energy,S&P Global 1200 Energy 4.5/22.5/45 Capped Index,Global,,Long,2001-11-12,0.37,2.626,14.12823,0.36691,436581.65,42.809,47.017,44.883,144.708,79.712,44.745,52.03,61.729,198.835,170.515,52.074,17.376,24.48,10.465,-0.69652,49.513
403,US,US,IPAC,,iShares Core MSCI Pacific ETF,Equity,USD,2846610741,2.847,85.8,83568,1356,BlackRock,Focused Region,MSCI Pacific IMI,Asia-Pacific,,Long,2014-06-10,0.09,3.727,17.44496,0.71117,121205.4,17.197,15.915,51.296,23.596,69.666,18.462,20.863,68.347,47.1,132.056,20.879,18.956,8.026,8.784,-1.72947,20.076
404,US,US,MDYV,,State Street SPDR S&P 400 Mid Cap Value ETF,Equity,USD,2843904214,2.844,93.25,65594,298,State Street,Mid-Cap Value,S&P Mid Cap 400 Value,North America,United States,Long,2005-11-08,0.15,1.704,16.34063,0.96836,66445.6,10.159,10.146,38.91,37.415,113.094,11.168,12.192,46.809,50.765,160.616,12.201,13.651,8.559,10.054,-4.43738,17.089
405,US,US,SPYX,,State Street SPDR S&P 500 Fossil Fuel Reserves Free ETF,Equity,USD,2839613333,2.84,62.41,83836,493,State Street,Large Blend,S&P 500 Fossil Fuel Free Index,North America,United States,Long,2015-11-30,0.2,0.844,26.42209,1.01205,43812.65,11.07,16.851,72.261,67.306,256.629,11.588,17.951,77.915,77.33,311.814,17.964,21.167,12.141,15.207,-2.41729,21.704
406,US,US,PRFZ,,Invesco RAFI US 1500 Small-Mid ETF,Equity,USD,2819199486,2.819,53.789,104077,1505,Invesco,Small Blend,FTSE RAFI US 1500 Small-Mid Index,North America,United States,Long,2006-09-20,0.34,0.8,18.42912,1.06818,77481.25,17.213,19.002,57.785,45.983,152.093,17.698,20.088,63.485,55.353,185.626,20.103,17.799,9.212,11.067,-5.3677,25.881
407,US,US,USD,,ProShares Ultra Semiconductors,Equity,USD,2776238968,2.776,89.57,337585,54,ProShares,Trading--Leveraged Equity,Dow Jones U.S. Semiconductors Index,North America,United States,2X Long,2007-01-30,0.95,0.3388,,3.6936,582541.75,70.577,108.642,756.064,870.949,7401.675,71.026,109.597,764.256,882.788,7697.279,109.703,105.184,57.95,54.604,-23.11588,112.352
408,US,US,DIVI,,Franklin International Core Dividend Tilt Index Fund,Equity,USD,2753841042,2.754,44.03,277824,421,Franklin Templeton,Foreign Large Value,Morningstar Developed Markets ex-North America Dividend Enhanced Select,Global,,Long,2016-06-01,0.09,3.51,16.23023,0.712,209275.55,13.217,18.392,54.763,51.775,69.535,15.293,23.022,73.654,88.667,189.84,23.039,20.192,13.539,11.23,-1.91579,20.333
409,US,US,PSC,,Principal U.S. Small-Cap ETF,Equity,USD,2721354274,2.721,68.1883,428006,492,Principal,Small Blend,Russell 2000 Index,North America,United States,Long,2016-09-21,0.38,0.5285,16.90543,0.99715,180890.3,18.116,19.002,62.659,48.584,,18.485,19.716,66.35,56.995,,19.731,18.483,9.442,,-3.82468,26.909
410,US,US,JMOM,,JPMorgan U.S. Momentum Factor ETF,Equity,USD,2701042638,2.701,82.83,356388,297,JPMorgan Chase,Large Blend,JP Morgan US Momentum Factor Index,North America,United States,Long,2017-11-08,0.12,0.7363,25.73775,1.0685,132290.95,21.541,24.444,94.757,79.538,,21.978,25.5,100.129,89.025,,25.52,26.013,13.582,,-3.58066,27.785
411,CA,TSX,TQCD,,TD Q Canadian Dividend ETF,Equity,CAD,3694078547,2.683,29.58,228490,79,,Canadian Dividend and Income Equity,,North America,,Long,2019-11-20,0,2.766,19.65,0.89803,150525.6,18.418,29.943,91.845,95.386,,20.825,34.009,113.006,135.119,,34.036,28.659,18.65,,-2.18254,29.68
412,US,US,FLIN,,Franklin FTSE India ETF,Equity,USD,2673830914,2.674,34.98,163050,284,Franklin Templeton,India Equity,FTSE India RIC Capped Index,Asia-Pacific,India,Long,2018-02-06,0.19,0.4352,21.12993,0.4539,168164.05,-9.35476,-7.77748,8.297,6.907,,-9.35476,-7.40775,11.403,13.115,,-7.41263,3.664,2.496,,-12.22083,8.634
413,US,US,PSI,,Invesco Semiconductors ETF,Equity,USD,2644052517,2.644,140.07,193900,33,Invesco,Technology,Dynamic Semiconductor Intellidex Index (AMEX),North America,United States,Long,2005-06-23,0.56,0.0345,45.97319,1.79075,364262.8,77.619,115.824,216.471,223.831,1230.326,77.641,115.938,217.877,228.394,1282.506,116.052,47.022,26.851,30.042,-25.98288,116.358
414,US,US,CNEQ,,Alger Concentrated Equity ETF,Equity,USD,2622281630,2.622,40.19,708907,31,Alger,Large Growth,,North America,United States,Long,2024-04-04,0.56,0.4479,34.40382,1.74615,247896.75,16.899,22.605,,,,16.899,23.276,,,,23.294,,,,-4.65006,36.376
415,US,US,SCHY,,Schwab International Dividend Equity ETF,Equity,USD,2616812186,2.617,32.69,717560,133,Charles Schwab,Foreign Large Value,Dow Jones International Dividend 100 Index,Global,,Long,2021-04-29,0.08,3.39,14.48321,0.53522,546316.05,9.624,15.431,39.641,25.538,,11.523,19.769,58.661,52.01,,19.784,16.629,8.738,,-3.96592,19.068
416,US,US,PICK,,iShares MSCI Global Metals & Mining Producers ETF,Equity,USD,2612302664,2.612,66.37,739638,288,BlackRock,Natural Resources,MSCI ACWI Select Metals & Mining Producers ex Gold & Silver IMI,Global,,Long,2012-01-31,0.39,1.987,17.20672,1.03262,624921.45,29.275,58.325,68.752,48.048,196.03,30.362,62.186,85.706,84.934,341.926,62.24,22.91,13.086,16.023,-3.83947,60.159
417,CA,TSX,ZEM,,BMO MSCI Emerging Markets Index ETF,Equity,CAD,3525618000,2.561,33.99,54442,926,BMO,Total Market,MSCI Emerging Markets Index - CAD ,,,Long,2009-10-20,0.31,1.751,17.10201,0.6712,106257.2,26.545,34.242,77.124,40.049,98.656,26.545,37.235,91.098,59.303,149.541,37.265,24.088,9.762,9.577,-6.85119,33.872
418,US,US,FSMD,,Fidelity Small-Mid Multifactor ETF,Equity,USD,2556386402,2.556,50.71,97047,608,Fidelity,Small Blend,Fidelity Small-Mid Multifactor Index,North America,United States,Long,2019-02-26,0.15,1.254,17.05038,0.94086,106860.5,14.91,14.392,52.833,47.696,,15.73,15.979,59.31,58.732,,15.991,16.788,9.683,,-5.17951,21.148
419,US,US,NULV,,Nuveen ESG Large-Cap Value ETF,Equity,USD,2548008866,2.548,53.38,53572,100,Nuveen,Large Value,MSCI Nuveen ESG USA Large Cap Value,North America,United States,Long,2016-12-13,0.26,1.381,20.85642,0.85397,318917.3,18.491,24.01,53.479,37.755,,18.491,26.049,63.343,56.565,,26.069,17.765,9.382,,-1.5674,24.982
420,US,US,CGIC,,Capital Group International Core Equity ETF,Equity,USD,2546980635,2.547,36.96,459028,210,Capital Group,Foreign Large Blend,,Global,,Long,2024-06-25,0.54,1.639,16.23906,0.54458,360555.75,13.723,22.465,,,,14.891,24.649,,,,24.668,,,,-1.38478,22.587
421,US,US,FTHI,,First Trust BuyWrite Income ETF,Equity,USD,2526639575,2.527,23.84,400803,177,First Trust,Derivative Income,,North America,United States,Long,2014-01-06,0.75,8.838,25.1924,0.6214,563753.15,0.9314,1.706,13.416,10.575,17.381,7.114,11.203,48.151,69.105,124.285,11.211,13.996,11.08,8.414,-2.23498,6.571
422,US,US,RING,,iShares MSCI Global Gold Miners ETF,Equity,USD,2501722290,2.502,87.27,303836,52,BlackRock,Equity Precious Metals,MSCI ACWI Select Gold Miners IMI,Global,,Long,2012-01-31,0.39,1.036,14.90237,0.67767,932039.85,18.509,51.353,296.142,227.467,277.465,19.413,53.302,313.666,257.096,334.664,53.347,60.51,28.995,15.831,-13.08635,52.597
423,US,US,FEGE,,First Eagle Global Equity ETF,Equity,USD,2499383609,2.499,52.22,397644,106,First Eagle,Global Large-Stock Blend,,North America,United States,Long,2024-12-19,0.5,1.127,17.2279,,339284.85,13.455,21.697,,,,13.455,23.248,,,,23.266,,,,-2.43811,21.81
424,US,US,CGIE,,Capital Group International Equity ETF,Equity,USD,2492849349,2.493,37.26,327449,78,Capital Group,Foreign Large Growth,,Global,,Long,2023-09-26,0.54,1.346,20.13523,0.63455,370065.45,7.007,11.791,,,,8.086,13.351,,,,13.361,,,,-3.54647,14.576
425,US,US,BSVO,,EA Bridgeway Omni Small-Cap Value ETF,Equity,USD,2488610118,2.489,29.4,232408,627,Alpha Architect,Small Value,,North America,United States,Long,2011-08-31,0.45,1.204,11.53693,1.0033,124128.45,26.18,27.771,59.731,,,26.18,29.659,67.072,,,29.682,18.655,,,-2.64901,36.111
426,US,US,PWB,,Invesco Large Cap Growth ETF,Equity,USD,2487277253,2.487,157.22,147094,51,Invesco,Large Growth,Dynamic Large Cap Growth Intellidex Index (AMEX),,,Long,2005-03-03,0.55,0,35.33622,1.22833,117576.1,23.688,30.031,119.156,99.878,392.853,23.688,30.031,119.73,101.537,412.06,30.054,29.998,15.048,17.745,-6.97317,32.675
427,US,US,APUE,,ActivePassive U.S. Equity ETF,Equity,USD,2483900683,2.484,46.97,110321,452,Envestnet,Large Blend,,North America,United States,Long,2023-05-03,0.31,0.7383,24.90207,1.0067,117781.15,12.719,18.253,73.257,,,12.719,19.231,76.777,,,19.245,20.908,,,-2.49118,21.15
428,US,US,DFSU,,Dimensional US Sustainability Core 1 ETF,Equity,USD,2433500746,2.434,47.65,82958,1953,Dimensional,Large Blend,,North America,United States,Long,2022-11-01,0.15,0.8233,22.74328,1.04023,92405.95,9.717,14.159,65.394,,,10.224,15.195,70.63,,,15.206,19.491,,,-3.17009,19.935
429,US,US,ACIO,,Aptus Collared Investment Opportunity ETF,Equity,USD,2409519038,2.41,46.775,276507,259,Aptus Capital Advisors,Equity Hedged,,North America,United States,Long,2019-07-10,0.79,0.3716,26.64357,0.67555,132430.25,7.037,9.672,49.345,50.547,,7.318,10.113,51.601,56.197,,10.12,14.874,9.33,,-2.04188,13.725
430,US,US,FNCL,,Fidelity MSCI Financials Index ETF,Equity,USD,2396029596,2.396,81.14,103255,391,Fidelity,Financial,MSCI USA IMI Financials 25/50 Index,North America,United States,Long,2013-10-21,0.084,1.554,16.18403,0.90173,96725,4.374,7.017,68.48,50.371,175.331,5.403,8.845,77.358,65.5,237.595,8.851,21.041,10.603,12.94,-2.65147,19.746
431,US,US,MLPA,,Global X MLP ETF,Equity,USD,2390497232,2.39,57.73,172565,22,Global X,Energy Limited Partnership,Solactive MLP Infrastructure Index,North America,United States,Long,2012-04-18,0.77,6.963,13.64035,0.44021,158615.45,19.252,17.985,31.444,66.369,-17.26856,26.21,27.443,65.128,143.15,91.16,27.464,18.193,19.45,6.695,-0.086535,24.445
432,US,US,EWL,,iShares MSCI Switzerland ETF,Equity,USD,2388869514,2.389,60.76,1392707,52,BlackRock,Focused Region,MSCI Switzerland 25-50,Europe,Switzerland,Long,1996-03-12,0.5,1.795,23.8687,0.76373,504798.65,1.334,7.864,34.962,22.204,96.38,3.127,9.773,42.855,34.856,139.91,9.78,12.621,6.164,9.147,-7.27203,13.147
433,US,US,HDEF,,Xtrackers MSCI EAFE High Dividend Yield Equity ETF,Equity,USD,2337700577,2.338,33.56,391356,141,Xtrackers,Foreign Large Value,MSCI EAFE High Dividend Yield,EAFE,,Long,2015-08-12,0.09,3.736,14.11981,0.56839,115104.6,8.293,12.057,47.841,38.678,42.27,11.237,16.618,67.862,75.152,130.136,16.63,18.841,11.864,8.693,-2.89352,16.366
434,US,US,FAS,,Direxion Daily Financial Bull 3X ETF,Equity,USD,2334231434,2.334,172.41,248452,105,Direxion,Trading--Leveraged Equity,S&P Financial Select Sector,North America,United States,3X Long,2008-11-06,0.88,8.125,,2.57948,286342.5,2.424,1.043,165.205,45.432,454.373,3.315,10.385,197.038,67.421,560.501,10.392,43.737,10.858,20.781,-7.92523,61.274
435,US,US,EPP,,iShares MSCI Pacific ex-Japan ETF,Equity,USD,2325500293,2.326,57.11,165728,98,BlackRock,Pacific/Asia ex-Japan Stk,MSCI Pacific ex JP,Asia-Pacific,,Long,2001-10-25,0.47,3.274,18.78957,0.78865,206702.7,13.156,10.528,41.994,10.743,36.659,14.883,14.56,59.014,36.137,102.744,14.571,16.716,6.365,7.325,-2.46777,16.718
436,US,US,ITB,,iShares U.S. Home Construction ETF,Equity,USD,2320047643,2.32,90.31,1827710,44,BlackRock,Consumer Cyclical,DJ US Select / Home Construction,North America,United States,Long,2006-05-01,0.37,0.7119,15.73973,1.28291,1733198,-6.22015,-22.90422,6.762,27.683,212.708,-5.88608,-22.40841,9.752,33.153,234.377,-22.42189,3.15,5.895,12.832,-22.41409,6.272
437,US,US,BGIG,,Bahl & Gaynor Income Growth ETF,Equity,USD,2315212202,2.315,36.22,138491,55,Bahl & Gaynor,Large Value,,North America,United States,Long,2023-09-15,0.45,1.703,24.07176,0.52673,130613.6,11.946,15.167,,,,13.281,17.276,,,,17.289,,,,-3.88285,15.696
438,US,US,COWG,,Pacer US Large Cap Cash Cows Growth Leaders ETF,Equity,USD,2314263498,2.314,39.1743,256670,103,Pacer,Mid-Cap Growth,Pacer US Large Cap Cash Cows Growth Leaders Index,North America,United States,Long,2022-12-21,0.49,0.7585,28.10833,1.04318,229752.15,11.259,9.64,75.693,,,11.928,10.492,78.588,,,10.5,21.32,,,-3.46402,20.005
439,US,US,FIDU,,Fidelity MSCI Industrial Index ETF,Equity,USD,2283852069,2.284,91.47,59168,368,Fidelity,Industrials,MSCI USA IMI Industrials 25/25 Index,North America,United States,Long,2013-10-21,0.084,0.985,27.67431,1.0414,100929.1,10.9,13.925,62.961,68.205,199.902,11.481,15.118,69.416,79.969,249.373,15.129,19.207,12.473,13.328,-8.53,16.865
440,US,US,EWP,,iShares MSCI Spain ETF,Equity,USD,2277004426,2.277,61.59,529473,29,BlackRock,Focused Region,MSCI Spain 25-50,Europe,Spain,Long,1996-03-12,0.5,2.703,14.01456,0.68324,348149.15,14.246,28.126,122.91,119.807,120.832,16.074,31.985,145.83,157.319,204.862,32.01,34.953,20.811,11.794,-2.91614,28.903
441,US,US,HFXI,,NYLIM FTSE International Equity Currency Neutral ETF,Equity,USD,2265132045,2.265,37.83,359008,804,NYLIM,Foreign Large Blend,FTSE Developed ex North America 50% Hedged to USD Index,Global,,Long,2015-07-22,0.2,3.292,16.5452,0.72791,421386.25,16.579,22.665,60.494,47.658,106.203,17.616,27.369,75.861,74.272,186.397,27.39,20.699,11.751,11.097,-2.37419,23.952
442,US,US,FUTY,,Fidelity MSCI Utilities Index ETF,Equity,USD,2250777836,2.251,55.47,460469,67,Fidelity,Utilities,MSCI USA IMI Utilities 25/50 Index,North America,United States,Long,2013-10-21,0.084,2.726,20.24322,0.5993,387702.15,0.4527,3.818,36.424,23.404,70.624,1.814,6.62,49.125,42.744,131.14,6.625,14.245,7.378,8.741,-9.81954,3.876
443,US,US,SPGP,,Invesco S&P 500 GARP ETF,Equity,USD,2241135415,2.241,121.83,53302,78,Invesco,Large Value,S&P 500 GARP Index,North America,United States,Long,2011-06-16,0.36,0.8281,14.93722,0.96068,75705.3,7,7.681,29.386,32.395,256.959,7.602,8.643,34.49,40.546,298.965,8.649,10.379,7.045,14.842,-6.02438,17.302
444,US,US,IYG,,iShares US Financial Services ETF,Equity,USD,2234855927,2.235,96.44,66141,102,BlackRock,Financial,Dow Jones U.S. Financial Services Index,North America,United States,Long,2000-06-12,0.38,1.024,18.34409,0.96911,77891.35,4.542,9.206,79.935,53.372,220.964,5.149,10.436,87.2,65.716,276.085,10.444,23.239,10.632,14.166,-2.25015,20.754
445,CA,NEO,FINN,,Fidelity Global Innovators ETF,Equity,CAD,3062331600,2.224,32.05,196258,129,Fidelity,Total Market,NASDAQ Composite Index,,,Long,2023-05-19,1.21,,,1.03783,194894.7,37.968,44.434,182.13,,,37.968,44.434,182.13,,,44.47,41.291,,,-5.59647,47.969
446,US,US,REMX,,VanEck Rare Earth and Strategic Metals ETF,Equity,USD,2211483479,2.211,76.34,404042,34,VanEck,Natural Resources,MVIS Global Rare Earth/Strategic Metals,Global,,Long,2010-10-27,0.53,1.704,36.44138,1.32331,544250.6,3.274,23.288,8.391,-32.78746,49.352,3.274,25.538,13.164,-24.89622,101.916,25.558,4.207,-5.56588,7.281,-31.56432,33.532
447,US,US,DES,,WisdomTree U.S. SmallCap Dividend Fund,Equity,USD,2198245366,2.198,39.79,82508,516,WisdomTree,Small Value,WisdomTree U.S. Small Cap Dividend Index,North America,United States,Long,2006-06-16,0.38,2.307,15.52412,0.89452,101949.2,18.954,16.074,38.064,26.117,56.654,20.425,19.048,49.939,45.322,108.12,19.062,14.452,7.763,7.606,-4.92234,25.343
448,US,US,DTCR,,Global X Data Center And Digital Infrastructure ETF,Equity,USD,2189528845,2.19,28.43,497138,28,Global X,Real Estate,Solactive Data Center REITs & Digital Infrastructure Index,,,Long,2020-10-27,0.5,0.8712,16.14993,1.1831,662025.6,34.739,53.51,113.438,54.763,,35.235,55.066,122.093,67.538,,55.113,30.462,10.874,,-13.29674,53.427
449,US,US,TCHP,,T. Rowe Price Blue Chip Growth ETF,Equity,USD,2185558225,2.186,50.4,109299,67,T. Rowe Price,Large Growth,,,,Long,2020-08-04,0.57,0,32.99575,1.19678,201025.65,1.083,5.765,77.841,48.497,,1.083,5.765,77.841,48.527,,5.769,21.15,8.235,,-5.36988,19.276
450,US,US,DFEV,,Dimensional Emerging Markets Value ETF,Equity,USD,2178681513,2.179,43.63,201639,3524,Dimensional,Diversified Emerging Mkts,,Global,,Long,2022-04-27,0.43,1.972,12.04214,0.78496,214388.95,29.312,39.082,78.592,,,30.136,42.513,96.116,,,42.548,25.165,,,-2.9258,40.787
451,US,US,IYT,,iShares US Transportation ETF,Equity,USD,2167719940,2.168,81.71,525369,48,BlackRock,Industrials,S&P Transportation Select Industry FMC Capped Index,North America,United States,Long,2003-10-06,0.38,0.9598,19.39968,1.21003,321360.85,9.663,15.393,35.203,29.853,124.614,10.257,16.597,39.927,37.645,152.058,16.609,11.847,6.6,9.687,-9.2716,19.994
452,US,US,DSTL,,Distillate US Fundamental Stability & Value ETF,Equity,USD,2161217629,2.161,66.89,75752,99,Distillate,Large Value,Distillate U.S. Fundamental Stability & Value Index,North America,United States,Long,2018-10-24,0.39,1.104,17.82499,0.85597,131000.05,13.565,16.048,45.825,57.203,,14.271,17.518,51.924,68.603,,17.531,14.955,11.014,,-4.89123,19.276
453,US,US,URNM,,Sprott Uranium Miners ETF,Equity,USD,2160182760,2.16,56.98,611689,30,Sprott,Natural Resources,VettaFi Global Uranium Miners Index,Global,,Long,2019-12-03,0.75,3.059,35.82648,0.92915,728080.45,3.808,6.385,42.201,46.742,,3.808,9.989,56.874,71.955,,9.996,16.19,11.452,,-32.92525,21.7
454,US,US,IHDG,,WisdomTree International Hedged Quality Dividend Growth Fund,Equity,USD,2151155686,2.151,51.96,80375,309,WisdomTree,Foreign Large Growth,WisdomTree International Hedged Quality Dividend Growth Index,Global,,Long,2014-05-07,0.58,1.836,17.68314,0.7807,107764.7,6.782,14.753,30.981,12.907,94.899,8.298,16.939,39.328,40.464,161.844,16.952,11.687,7.033,10.106,-4.0266,15.058
455,US,US,FENY,,Fidelity MSCI Energy Index ETF,Equity,USD,2140013985,2.14,36.17,845062,106,Fidelity,Equity Energy,MSCI USA IMI Energy 25/50 Index,North America,United States,Long,2013-10-24,0.084,2.148,16.3526,0.46708,917053.5,46.023,49.896,42.908,175.686,79.148,47.878,54.17,56.343,225.27,159.379,54.216,16.059,26.608,10.002,-0.82259,53.784
456,US,US,BFLX,,iShares Flexible Equity Active ETF,Equity,USD,2130008886,2.13,25.72,262033,776,BlackRock,Long-Short Equity,,Global,,Long,2026-05-19,0.4,0,22.52798,,1074362.95,,,,,,,,,,,,,,,-3.56205,3.835
457,US,US,FLQL,,Franklin U.S. Large Cap Multifactor Index ETF,Equity,USD,2127764999,2.128,78.29,96250,217,Franklin Templeton,Large Blend,LibertyQ US Large Cap Equity Index,North America,United States,Long,2017-04-26,0.15,1.019,23.86424,0.96612,79832.15,12.924,17.236,74.326,74.872,,13.508,18.568,80.878,88.914,,18.582,21.836,13.569,,-3.99755,19.893
458,US,US,XCEM,,Columbia EM Core ex-China ETF,Equity,USD,2127072943,2.127,52.48,102117,462,Columbia Threadneedle,Diversified Emerging Mkts,Beta Thematic Emerging Markets ex-China Index,Global,,Long,2015-09-02,0.16,2.377,17.72866,0.92468,117674,36.809,49.943,87.898,58.168,117.895,36.809,55.1,102.096,77.695,189.611,55.147,26.424,12.187,11.221,-5.32203,49.738
459,US,US,PXH,,Invesco RAFI Emerging Markets ETF,Equity,USD,2125963631,2.126,29.99,128414,401,Invesco,Diversified Emerging Mkts,RAFI Fundamental Select Emerging Markets 350 Index,Global,,Long,2007-09-27,0.47,4.069,11.22482,0.59622,163441.8,16.195,20.781,63.255,29.996,62.108,18.103,26.473,86.2,65.242,140.279,26.493,23.019,10.568,9.163,-1.18616,23.162
460,IN,NSE,NIFTYBEES,590103,Nippon India Mutual Fund - Nippon India ETF Nifty 50 BeES,Equity,INR,202065410000,2.124,268.15,7537478,53,Nippon,Large Cap,Nifty 50,,,Long,2001-12-28,0.05,,19.88031,0.32079,4877974.95,-9.19711,-4.22872,22.774,43.288,193.77,-9.19711,-4.22872,22.774,43.288,193.77,-4.23156,7.077,7.46,11.38,-11.29198,6.524
461,US,US,AVIV,,Avantis International Large Cap Value ETF,Equity,USD,2106698269,2.107,82.49,85446,623,American Century Investments,Foreign Large Value,,Global,,Long,2021-09-28,0.25,2.751,14.24347,0.73077,81174.1,15.808,23.688,70.833,,,17.648,27.481,88.474,,,27.502,23.518,,,-1.72742,24.357
462,US,US,RWJ,,Invesco S&P SmallCap 600 Revenue ETF,Equity,USD,2096580030,2.097,59.62,65535,593,Invesco,Small Value,S&P SmallCap 600 Revenue-Weighted Index,,,Long,2008-02-22,0.39,1.017,13.57894,1.07942,87099.95,22.373,23.156,59.114,54.817,200.549,23.099,24.635,65.184,64.204,237.351,24.654,18.206,10.429,12.932,-5.15431,33.378
463,US,US,SQQQ,,ProShares UltraPro Short QQQ,Equity,USD,2087294624,2.087,38.64,34718091,22,ProShares,Trading--Inverse Equity,NASDAQ 100 Index,,,-3X Short,2010-02-09,0.95,10.339,,-3.45353,39767135.35,-43.59124,-55.06977,-91.66343,-95.75385,-99.97265,-42.22422,-52.18296,-89.73459,-94.64991,-99.96412,-52.20712,-53.16894,-44.32793,-54.76905,-57.40506,8.175
464,CA,NEO,ZGEQ,,BMO Mutual Funds - BMO Global Equity Fund,Equity,CAD,2860609000,2.078,26.84,271800,82,BMO,Total Market,,,,Long,2023-06-27,1.08,,,0.57774,23179.55,,,,,,,,,,,,,,,-4.8227,3.629
465,US,US,GSEW,,Goldman Sachs Equal Weight U.S. Large Cap Equity ETF,Equity,USD,2059615667,2.06,95.74,204773,500,Goldman Sachs,Large Blend,Solactive US Large Cap Equal Weight Index (GTR),North America,United States,Long,2017-09-12,0.09,1.364,21.98894,0.96233,81334.95,12.477,13.624,54.146,37.34,,13.216,15.339,61.645,48.789,,15.35,17.356,8.273,,-3.7005,18.314
466,US,US,ICLN,,iShares Global Clean Energy ETF,Equity,USD,2057404205,2.057,18.01,11973307,145,BlackRock,Miscellaneous Sector,S&P Global Clean Energy Transition,Global,,Long,2008-06-24,0.39,1.023,21.44963,1.10111,6810889.9,9.617,23.61,16.57,-21.55923,86.826,9.911,24.908,21.956,-16.19104,120.085,24.927,6.839,-3.4714,8.209,-24.26409,25.68
467,US,US,EPI,,WisdomTree India Earnings Fund,Equity,USD,2048942527,2.049,42.44,818094,572,WisdomTree,India Equity,WisdomTree India Earnings Index,Asia-Pacific,India,Long,2008-02-22,0.84,0,15.63935,0.49325,283423.9,-8.31713,-5.16201,12.993,15.295,91.085,-8.31713,-5.16201,13.289,24.493,116.97,-5.16545,4.246,4.48,8.055,-10.08475,7.702
468,US,US,ROBO,,ROBO Global Robotics & Automation Index ETF,Equity,USD,2048703830,2.049,79.05,105939,92,Exchange Traded Concepts,Technology,ROBO Global Robotics and Automation TR Index,Global,,Long,2013-10-22,0.95,0.3696,29.39984,1.40771,192072.6,14.053,22.16,50.658,14.466,183.944,14.053,22.673,52.185,15.827,190.686,22.69,15.021,2.983,11.262,-12.66158,25.884
469,US,US,WCMI,,First Trust WCM International Equity ETF,Equity,USD,2048407547,2.048,19.75,583348,52,First Trust,,,Global,,Long,2020-03-31,0.85,0.5296,20.67918,,894419.55,16.108,23.515,,,,16.394,24.239,,,,24.257,,,,-2.42095,25.796
470,US,US,DIVB,,iShares Core Dividend ETF,Equity,USD,2039201936,2.039,67.61,377894,385,BlackRock,Large Value,Morningstar US Dividend and Buyback Index,North America,United States,Long,2017-11-07,0.05,2.063,16.44107,0.86897,225661.55,27.206,31.103,75.006,66.281,,28.693,34.466,90.162,88.901,,34.493,23.885,13.568,,-3.09589,33.669
471,US,US,CGCV,,Capital Group Conservative Equity ETF,Equity,USD,2036416512,2.036,32.74,177136,75,Capital Group,Large Value,,Global,,Long,2024-06-25,0.33,1.461,23.70454,0.64856,273546.85,7.379,11.285,,,,8.254,13.032,,,,13.041,,,,-3.62084,11.874
472,US,US,OIH,,VanEck Oil Services ETF,Equity,USD,2031908773,2.032,429.35,214758,25,VanEck,Equity Energy,MVIS US Listed Oil Services 25,North America,United States,Long,2001-02-07,0.35,1.134,19.04661,0.91363,243822.3,50.771,68.188,21.605,138.607,-25.2264,50.771,71.107,28.053,156.359,-11.53288,71.17,8.59,20.72,-1.21808,-6.51672,77.242
473,US,US,ICF,,iShares Select U.S. REIT ETF,Equity,USD,2008678210,2.009,66.33,91039,34,BlackRock,Real Estate,S&P Cohen & Steers US Realty Majors Portfolio Index,North America,United States,Long,2001-01-29,0.32,2.505,30.48914,0.95617,74104.15,11.161,8.684,23.061,-7.06179,22.924,12.103,11.592,33.788,5.66,61.974,11.6,10.187,1.107,4.942,-6.59062,12.59
474,US,US,ARKG,,ARK Genomic Revolution ETF,Equity,USD,2002262357,2.002,46.31,2278834,33,ARK,Health,,,,Long,2014-10-31,0.75,0,,1.73539,3925006.7,59.855,81.75,48.859,-44.80334,144.651,59.855,81.75,48.859,-44.45491,164.212,81.824,14.177,-11.09583,10.205,-8.36054,88.252
475,US,US,QGRO,,American Century U.S. Quality Growth ETF,Equity,USD,1999578902,2.0,116.17,105181,188,American Century Investments,Large Growth,American Century U.S. Quality Growth Index,North America,United States,Long,2018-09-10,0.29,0.2021,27.93143,1.08928,70050.65,1.441,3.033,66.314,55.235,,1.573,3.28,67.751,58.039,,3.282,18.815,9.587,,-3.99967,14.969
476,US,US,PHO,,Invesco Water Resources ETF,Equity,USD,1990855568,1.991,68.82,128195,43,Invesco,Natural Resources,NASDAQ OMX US Water,North America,United States,Long,2005-12-06,0.59,0.5867,24.85504,0.95549,71313.3,-2.2582,-6.29085,25.906,16.23,180.326,-1.92317,-5.738,27.977,19.279,194.392,-5.74181,8.568,3.589,11.404,-8.15428,8.31
477,US,US,BKDV,,BNY Mellon Dynamic Value ETF,Equity,USD,1983341569,1.983,34.37,326718,79,BNY Mellon,Large Value,,Global,,Long,2024-11-01,0.6,0.5208,21.28917,,312254.6,18.436,25.438,,,,18.436,26.203,,,,26.223,,,,-2.19124,26.546
478,US,US,EMGF,,iShares Emerging Markets Equity Factor ETF,Equity,USD,1970477919,1.97,73.37,74382,747,BlackRock,Diversified Emerging Mkts,STOXX Emerging Markets Equity Factor,Global,,Long,2015-12-08,0.26,1.966,15.09014,0.71684,153001.9,26.828,34.772,76.582,36.553,88.128,27.897,37.913,98.631,64.332,155.129,37.943,25.697,10.446,9.82,-4.19169,35.257
479,US,US,EUSA,,iShares MSCI USA Equal Weighted ETF,Equity,USD,1943595526,1.944,115.09,175300,519,BlackRock,Mid-Cap Blend,MSCI USA Equal Weighted,North America,United States,Long,2010-05-05,0.09,1.443,21.72775,0.97159,65945.8,11.338,12.163,46.986,31.984,147.905,12.022,13.949,54.039,42.831,191.574,13.959,15.486,7.391,11.296,-3.89144,16.801
480,US,US,FEOE,,First Eagle Overseas Equity ETF,Equity,USD,1939677471,1.94,55.2,150186,90,First Eagle,Foreign Large Blend,,Global,,Long,2024-12-19,0.5,1.337,15.24323,,361083.9,14.144,23.099,,,,14.144,24.979,,,,24.998,,,,-4.33939,23.269
481,US,US,ARKQ,,ARK Autonomous Technology & Robotics ETF,Equity,USD,1934289733,1.934,122.03,76084,40,ARK,Mid-Cap Growth,,,,Long,2014-09-30,0.75,0.2507,51.34435,1.51731,10247.65,6.428,25.481,123.99,45.101,469.17,6.428,25.803,124.565,46.628,506.015,25.823,30.945,7.956,19.745,-15.50105,27.035
482,US,US,RPG,,Invesco S&P 500 Pure Growth ETF,Equity,USD,1926653454,1.927,57.39,255852,69,Invesco,Large Growth,S&P 500 Pure Growth,North America,United States,Long,2006-03-01,0.35,0.1613,29.92311,1.21538,343313.85,22.957,21.77,83.883,40.689,239.425,23.045,21.992,86.15,44.781,258.864,22.009,23.008,7.683,13.632,-10.40512,32.205
483,US,US,IYJ,,iShares U.S. Industrials ETF,Equity,USD,1924430130,1.924,157.71,66183,215,BlackRock,Industrials,Russell 1000 Industrials 40 Act 15/22.5 Daily Capped Index,North America,United States,Long,2000-06-12,0.38,0.7438,26.29068,1.01539,126348.45,6.439,8.578,49.65,39.566,174.66,6.775,9.433,53.734,46.305,207.3,9.44,15.41,7.909,11.883,-7.90657,13.542
484,US,US,PWV,,Invesco Large Cap Value ETF,Equity,USD,1908678951,1.909,81.69,226926,52,Invesco,Large Value,Dynamic Large Cap Value Intellidex Index (AMEX),,,Long,2005-03-03,0.55,1.617,16.05416,0.72197,129143.9,22.805,27.92,70.507,81.324,158.186,24.104,30.396,81.978,102.968,224.531,30.42,22.082,15.211,12.495,-2.0621,28.565
485,US,US,ILOW,,AB International Low Volatility Equity ETF,Equity,USD,1874309769,1.874,46.71,134287,102,AB Funds,Foreign Large Blend,,Global,,Long,2015-07-29,0.5,1.461,17.87805,0.36994,54996.3,9.674,9.984,,,,9.674,11.758,,,,11.767,,,,-2.48434,14.654
486,US,US,IYE,,iShares U.S. Energy ETF,Equity,USD,1866995620,1.867,68.91,570978,44,BlackRock,Equity Energy,Russell 1000 Energy RIC 22.5/45 Capped Index,North America,United States,Long,2000-06-12,0.38,1.942,16.65555,0.47863,533452.3,44.982,48.449,42.671,165.652,73.577,46.455,52.266,54.574,209.216,145.496,52.31,15.62,25.333,9.398,-0.93445,52.726
487,US,US,CHAT,,Roundhill Generative AI & Technology ETF,Equity,USD,1865752216,1.866,90.69,370125,49,Roundhill,Technology,,,,Long,2023-05-17,0.75,1.853,30.7542,1.91252,281833,53.816,65.251,220.573,,,53.816,69.933,229.654,,,69.995,48.815,,,-13.79278,63.641
488,CA,TSX,HMAX,,Hamilton Canadian Financials Yield Maximizer ETF,Equity,CAD,2564729000,1.863,17.37,396840,12,Hamilton,Financials,S&P/TSX Capped / Financial,North America,,Long,2023-01-20,0.93,11.468,19.22818,0.87984,363585.85,7.288,14.843,25.687,,,16.114,29.595,89.781,,,29.618,23.803,,,-6.6129,15.033
489,US,US,ARKW,,ARK Next Generation Internet ETF,Equity,USD,1853871516,1.854,156.11,57536,44,ARK,Mid-Cap Growth,,,,Long,2014-09-30,0.76,1.506,48.51779,1.99274,25441.65,5.673,-1.23371,166.127,3.81,528.209,5.673,0.293,170.241,8.341,667.039,0.2932,39.279,1.615,22.601,-14.69399,37.712
490,US,US,RWR,,State Street SPDR Dow Jones REIT ETF,Equity,USD,1847542003,1.848,110.23,153740,100,State Street,Real Estate,Dow Jones U.S. Select REIT Capped Index,,,Long,2001-04-23,0.25,3.43,35.0723,0.97751,193509.05,12.216,9.66,23.896,-2.86394,9.507,13.903,13.82,38.755,16.58,58.244,13.83,11.534,3.116,4.697,-7.87296,14.039
491,US,US,RODM,,Hartford Multifactor Developed Markets (ex-US) ETF,Equity,USD,1823691388,1.824,41.83,84835,352,The Hartford,Foreign Large Value,Hartford Risk-Optimized Multi Developed Markets Ex-US Index,Global,,Long,2015-02-25,0.29,2.771,14.83968,0.6452,71477.2,13.13,16.974,61.257,32.583,68.059,14.952,20.52,79.982,61.479,134.754,20.535,21.635,10.06,8.91,-2.15205,20.896
492,US,US,ICOW,,Pacer Developed Markets International Cash Cows 100 ETF,Equity,USD,1823210516,1.823,44.09,123740,110,Pacer,Foreign Large Value,Pacer Developed Markets International Cash Cows 100 Index,Global,,Long,2017-06-16,0.65,3.934,12.69951,0.72465,95016,13.987,21.998,45.176,34.832,,17.196,27.04,64.648,65.835,,27.061,18.078,10.647,,-4.31858,23.26
493,CA,TSX,ZWC,,BMO Canadian High Dividend Covered Call Fund,Equity,CAD,2509516500,1.823,22.755,81186,66,BMO,High Dividend Yield,,North America,,Long,2017-02-02,0.92,5.773,15.76829,0.82467,73819.6,10.838,18.146,38.118,22.207,,15.455,25.645,68.615,71.24,,25.665,19.019,11.36,,-2.00258,18.208
494,US,US,QDPL,,Pacer Metaurus US Large Cap Dividend Multiplier 400 ETF,Equity,USD,1807613711,1.808,45.92,88953,521,Pacer,Large Blend,Metaurus US Large Cap Dividend Multiplier Index - Series 400,North America,United States,Long,2021-07-12,0.6,4.646,26.10866,0.91358,123996.75,8.098,11.918,43.905,28.768,,11.534,17.584,70.786,73.686,,17.597,19.527,11.676,,-2.54669,17.382
495,US,US,GSWO,,Goldman Sachs ActiveBeta World Equity ETF,Equity,USD,1806878877,1.807,65.1061,53684,758,Goldman Sachs,Global Large-Stock Blend,Goldman Sachs ActiveBeta World Equity Index,Global,,Long,2022-03-15,0.15,1.495,22.18854,0.75141,54634.65,12.757,14.813,58.486,,,13.712,16.735,67.375,,,16.747,18.726,,,-2.29444,19.439
496,US,US,FCOM,,Fidelity MSCI Communication Services Index ETF,Equity,USD,1792066378,1.792,71.08,496408,93,Fidelity,Communications,MSCI USA IMI Communication Services 25/50 Index,North America,United States,Long,2013-10-21,0.084,0.9876,18.43522,1.05247,149907.45,-3.00218,1.038,74.387,25.384,132.592,-2.51666,2.039,79.528,31.515,179.137,2.04,21.532,5.633,10.812,-6.39979,8.918
497,US,US,GEM,,Goldman Sachs ActiveBeta Emerging Markets Equity ETF,Equity,USD,1785518308,1.786,52.28,75803,757,Goldman Sachs,Diversified Emerging Mkts,Stuttgart Goldman Sachs ActiveBeta EM Equity,Global,,Long,2015-09-29,0.35,1.833,14.98531,0.73954,108771.55,25.613,33.299,78.674,32.927,80.028,25.613,36.413,89.957,51.532,128.284,36.442,23.841,8.669,8.606,-3.70234,32.913
498,US,US,BDVL,,iShares Disciplined Volatility Equity Active ETF Trust Unit,Equity,USD,1780400041,1.78,26.395,191710,744,BlackRock,Global Large-Stock Blend,,Global,,Long,2025-09-12,0.39,3.46,20.7163,,231793.3,6.41,,,,,7.327,,,,,,,,,-2.3131,9.796
499,US,US,EWW,,iShares MSCI Mexico ETF,Equity,USD,1772777079,1.773,76.5,479437,44,BlackRock,Focused Region,MSCI Mexico IMI 25-50,North America,Mexico,Long,1996-03-12,0.5,3.222,12.00877,0.78253,1093486.15,10.342,19.252,28.831,53.43,50.798,11.965,23.329,43.242,81.287,96.994,23.347,12.723,12.637,7.016,-6.30741,19.756
500,US,US,RPV,,Invesco S&P 500 Pure Value ETF,Equity,USD,1766324580,1.766,121.07,114227,124,Invesco,Mid-Cap Value,S&P 500/Citigroup Pure Value,North America,United States,Long,2006-03-01,0.35,2.241,15.55139,0.83779,121782.8,17.134,23.946,59.492,58.843,126.046,18.606,27.218,71.736,79.396,185.176,27.239,19.748,12.401,11.05,-1.91201,26.299
501,US,US,SPGM,,State Street SPDR Portfolio MSCI Global Stock Market ETF,Equity,USD,1762077863,1.762,87.3301,55831,2932,State Street,Global Large-Stock Blend,MSCI AC World IMI,Global,,Long,2012-02-27,0.09,1.765,21.15347,0.92446,87066,13.844,19.679,68.104,52.595,163.384,14.728,22.026,78.216,69.498,222.959,22.043,21.236,11.132,12.44,-1.69957,20.04
502,CA,TSX,XEG,,iShares S&P/TSX Capped Energy Index ETF,Equity,CAD,2394793000,1.739,29.08,1226132,30,iShares,Energy,S&P/TSX Capped / Energy,North America,,Long,2001-03-19,0.6,2.405,14.04141,0.62554,1590472.7,51.301,65.227,67.415,261.692,127.365,53.2,70.727,86.086,330.225,203.996,70.79,22.994,33.893,11.762,-0.85237,66.457
503,US,US,DFAR,,Dimensional US Real Estate ETF,Equity,USD,1736663698,1.737,25.59,1998306,120,Dimensional,Real Estate,,North America,United States,Long,2022-02-23,0.19,2.751,30.62078,0.90799,2813620.45,11.742,7.702,21.915,,,12.547,10.929,33.01,,,10.937,9.973,,,-7.12086,13.182
504,US,US,HACK,,Amplify Cybersecurity ETF,Equity,USD,1734462492,1.734,110.96,116727,26,Amplify Investments,Technology,Nasdaq ISE Cyber Security Select Index,,,Long,2014-11-11,0.6,0.0538,37.90788,0.85472,281297.35,38.061,28.739,110.51,71.314,301.592,38.061,28.833,111.304,72.825,319.051,28.855,28.315,11.565,15.408,-9.02681,59.288
505,US,US,EWG,,iShares MSCI Germany ETF,Equity,USD,1713986640,1.714,43.04,956241,58,BlackRock,Focused Region,MSCI Germany,Europe,Germany,Long,1996-03-12,0.49,1.932,17.40015,0.95721,792172.5,1.271,3.238,58.761,24.357,61.501,3.301,5.308,68.669,41.059,105.003,5.312,19.031,7.123,7.444,-4.03353,13.338
506,US,US,FDIS,,Fidelity MSCI Consumer Discretionary Index ETF,Equity,USD,1692495087,1.692,98.33,61517,247,Fidelity,Consumer Cyclical,MSCI USA IMI Consumer Discretionary 25/50 Index,North America,United States,Long,2013-10-21,0.084,0.7577,23.69135,1.23852,55628.05,-3.74902,-3.56022,33.983,19.015,210.777,-3.36468,-2.84176,37.199,23.973,242.151,-2.84367,11.115,4.392,13.091,-8.48767,9.316
507,US,US,TOUS,,T. Rowe Price International Equity ETF,Equity,USD,1687652990,1.688,39.19,88719,201,T. Rowe Price,Foreign Large Blend,,Global,,Long,2023-06-14,0.5,1.532,16.81749,0.67167,100223.2,13.594,17.195,60.945,,,13.594,19.245,69.567,,,19.259,19.242,,,-2.70606,19.81
508,US,US,FLKR,,Franklin FTSE South Korea ETF,Equity,USD,1686574972,1.687,62.67,1195508,165,Franklin Templeton,Focused Region,FTSE South Korea RIC Capped Index,Asia-Pacific,South Korea,Long,2017-11-02,0.09,2.349,14.00453,1.51193,573190.8,95.538,149.582,196.172,107.311,,96.411,160.604,233.336,145.919,,160.775,49.367,19.721,,-13.5467,147.219
509,CA,TSX,IDIV.B,,Manulife Smart International Dividend ETF,Equity,CAD,2319748900,1.685,20.83,134177,100,Manulife,Total Market,,,,Long,2022-11-09,0.55,2.825,13.51898,0.46941,113557.2,14.797,20.684,75.781,,,16.792,24.475,92.89,,,24.494,24.475,,,-2.79981,21.246
510,US,US,IEV,,iShares Europe ETF,Equity,USD,1683302964,1.683,73.58,236807,377,BlackRock,Europe Stock,S&P Europe 350,Europe,,Long,2000-07-25,0.6,2.761,17.05494,0.8136,102898.7,7.259,13.848,50.563,34.688,83.217,9.152,17.14,63.425,55.823,141.608,17.153,17.785,9.278,9.224,-3.59015,15.275
511,US,US,BIZD,,VanEck BDC Income ETF,Equity,USD,1681088083,1.681,13.06,3638435,39,VanEck,Financial,MarketVector US Business Development Companies Liquid Index,North America,United States,Long,2013-02-12,9.69,11.666,14.12907,0.61828,2866820.1,-7.89845,-18.57855,-16.81529,-23.98137,-27.60532,-2.45381,-8.86562,15.869,30.077,100.309,-8.87141,5.031,5.401,7.195,-18.62928,9.07
512,US,US,KORU,,Direxion Daily MSCI South Korea Bull 3X ETF,Equity,USD,1674539600,1.675,24.2,14192752,17,Direxion,Trading--Leveraged Equity,MSCI Korea 25-50,Asia-Pacific,South Korea,3X Long,2013-04-11,1.32,0.3283,,4.59095,23657476.95,166.49,469.948,495.326,47.877,50.976,166.586,475.593,531.856,60.279,73.376,476.283,84.847,9.896,5.658,-62.17864,456.066
513,US,US,IHE,,iShares U.S. Pharmaceuticals ETF,Equity,USD,1674793934,1.675,102.19,210204,60,BlackRock,Health,DJ US Select / Pharmaceutical,North America,United States,Long,2006-05-01,0.37,1.435,22.9043,0.49734,197113.5,20.464,42.951,62.044,57.676,103.311,21.224,45.484,70.382,71.879,136.742,45.521,19.433,11.443,9.002,-5.95435,48.059
514,US,US,INFL,,Horizon Kinetics Inflation Beneficiaries ETF,Equity,USD,1670069500,1.67,55.28,168795,54,Horizon Kinetics,Global Small/Mid Stock,,Global,,Long,2021-01-11,0.85,0.7452,30.48043,0.70675,144663,24.336,27.963,77.464,83.654,,24.86,29.085,85.635,98.257,,29.108,22.895,14.671,,-1.77683,30.933
515,US,US,FGD,,First Trust Dow Jones Global Select Dividend Index Fund,Equity,USD,1667768838,1.668,35.48,122020,110,First Trust,Foreign Large Value,Dow Jones Global Select Dividend Index,Global,,Long,2007-11-21,0.55,4.89,10.54178,0.66605,135659.25,17.212,21.59,67.477,36.409,48.253,19.529,28.675,98.01,82.901,158.705,28.697,25.566,12.837,9.973,-1.66297,26.308
516,CA,TSX,XFN,,iShares S&P/TSX Capped Financials Index ETF,Equity,CAD,2277817600,1.654,92.06,66073,29,iShares,Financials,S&P/TSX Capped / Financial,North America,,Long,2001-03-23,0.61,2.019,18.44765,0.99814,103181.3,17.724,33.092,109.752,93.77,189.679,19.459,36.179,130.406,127.464,298.518,36.208,32.07,17.867,14.829,-6.23345,33.324
517,CA,TSX,QQC,,CI Invesco NASDAQ 100 Index ETF,Equity,CAD,2265955577,1.646,48.29,58502,15,,US Equity,,North America,,Long,2021-05-27,0,0.325,30.23,1.26,92352.3,17.209,23.789,94.482,103.583,,17.421,24.252,97.273,109.624,,24.27,25.41,15.957,,-6.36029,27.751
518,US,US,BUG,,Global X Cybersecurity ETF,Equity,USD,1640436904,1.64,40.87,706946,33,Global X,Technology,Indxx Cybersecurity Index,,,Long,2019-10-25,0.5,0.029,39.89665,0.89765,1312198.55,34.176,17.645,63.154,25.909,,34.176,17.69,63.539,29.087,,17.703,17.812,5.24,,-8.26038,76.582
519,US,US,KBE,,State Street SPDR S&P Bank ETF,Equity,USD,1612443660,1.612,67.67,1233921,103,State Street,Financial,S&P Banks Select Industry,North America,United States,Long,2005-11-08,0.35,2.167,12.89006,0.90007,1199488.9,11.501,10.644,77.286,33.209,98.971,12.754,13.308,92.308,52.85,154.415,13.318,24.35,8.857,9.789,-5.90934,23.847
520,US,US,FFSM,,Fidelity Fundamental Small-Mid Cap ETF,Equity,USD,1605882170,1.606,35.73,190080,200,Fidelity,Mid-Cap Blend,,,,Long,2021-02-02,0.43,0.4534,22.5099,1.0516,224548.1,16.422,21.448,65.562,52.107,,16.691,22.064,68.557,56.657,,22.081,19.005,9.394,,-7.14657,26.567
521,US,US,TGRT,,T. Rowe Price Growth ETF,Equity,USD,1601468481,1.601,46,72342,95,T. Rowe Price,Large Growth,,North America,United States,Long,2023-06-14,0.38,0.0752,35.58403,1.20346,72388.85,3.955,8.21,76.313,,,3.955,8.294,76.706,,,8.3,20.892,,,-3.53361,22.34
522,US,US,SEIV,,SEI Enhanced U.S. Large Cap Value Factor ETF,Equity,USD,1589472453,1.589,50.43,103304,124,SEI,Large Value,,North America,United States,Long,2022-05-18,0.15,1.406,13.92784,0.98042,143790.65,21.518,32.085,95.48,,,22.598,34.287,106.198,,,34.314,27.273,,,-2.3715,33.767
523,US,US,BKGI,,BNY Mellon Global Infrastructure Income ETF,Equity,USD,1585194582,1.585,44.4,300573,35,BNY Mellon,Infrastructure,MSCI Emerging Markets Index,Global,,Long,2022-11-02,0.55,2.946,19.44545,0.48125,500717.75,10.064,16.873,61.861,,,12.011,20.534,80.683,,,20.549,21.792,,,-5.20922,16.996
524,CA,TSX,ZWU,,BMO Covered Call Utilities Fund,Equity,CAD,2174881500,1.58,11.36,197026,52,BMO,Utilities,,North America,,Long,2011-10-20,0.94,7.394,14.68646,0.6125,224160.25,2.62,1.429,11.046,-13.54642,-19.37544,7.583,9.002,39.909,27.261,67.664,9.008,11.842,4.94,5.305,-7.79221,4.412
525,US,US,AVES,,Avantis Emerging Markets Value ETF,Equity,USD,1563207841,1.563,66.62,102969,1993,American Century Investments,Diversified Emerging Mkts,,Global,,Long,2021-09-28,0.36,3.348,10.64,0.72089,82668.3,14.251,17.641,51.761,,,16.218,21.973,70.893,,,21.99,19.552,,,-3.53316,20.448
526,US,US,XOVR,,ERShares Private-Public Crossover ETF,Equity,USD,1548762167,1.549,20.58,1537153,33,ERShares,Large Growth,Entrepreneur 30,North America,United States,Long,2017-11-07,1.81,0,33.36295,1.21006,1229508.85,2.185,2.033,68.979,-22.48588,,2.185,2.033,68.979,22.756,,2.034,19.104,4.186,,-5.50964,25.718
527,US,US,LIT,,Global X Lithium & Battery Tech ETF,Equity,USD,1548678604,1.549,73.77,83272,46,Global X,Natural Resources,Stuttgart Solactive AG Global Lithium,,,Long,2010-07-22,0.75,0.6814,22.77065,1.03008,274797.9,13.737,43.104,29.036,-12.15766,190.891,14.226,44.108,32.565,-8.41374,236.729,44.144,9.85,-1.74266,12.911,-19.79778,51.478
528,US,US,ASHR,,Xtrackers Harvest CSI 300 China A-Shares ETF,Equity,USD,1542970060,1.543,34.04,2049223,288,Xtrackers,Greater China Region,China Shenzhen SE / CSI 300 Index,Asia-Pacific,China,Long,2013-11-06,0.65,2.227,15.77174,0.33487,2948509.35,3.623,7.246,31.989,-12.85202,34.705,3.623,9.77,40.058,-5.68157,52.733,9.777,11.881,-1.16321,4.327,-8.81329,8.719
529,US,US,FLQM,,Franklin U.S. Mid Cap Multifactor Index ETF,Equity,USD,1543220134,1.543,59.34,156854,209,Franklin Templeton,Mid-Cap Blend,LibertyQ US Mid Cap Equity Index,North America,United States,Long,2017-04-26,0.3,1.661,15.72198,0.90194,42324.9,5.475,3.524,33.95,28.311,,6.371,5.332,40.091,37.768,,5.336,11.89,6.619,,-4.49673,10.154
530,US,US,SEIM,,SEI Enhanced U.S. Large Cap Momentum Factor ETF,Equity,USD,1504496840,1.504,53.51,70891,75,SEI,Large Growth,,North America,United States,Long,2022-05-18,0.15,0.5462,28.07196,1.0817,92607.65,15.998,21.697,105.563,,,16.395,22.436,109.376,,,22.453,27.924,,,-4.83728,24.848
531,US,US,FNDB,,Schwab Fundamental U.S. Broad Market ETF,Equity,USD,1497634990,1.498,31.44,649597,1630,Charles Schwab,Large Value,RAFI Fundamental High Liquidity US All Index,North America,United States,Long,2013-08-08,0.25,1.411,19.36365,0.88823,581123.5,18.329,24.367,65.587,71.27,201.93,19.219,26.405,74.549,87.752,269.798,26.425,20.398,13.429,13.974,-1.84202,25.509
532,US,US,USXF,,iShares ESG Advanced MSCI USA ETF,Equity,USD,1497298846,1.497,67.9,78057,291,BlackRock,Large Growth,MSCI USA Choice ESG Screened Index,North America,United States,Long,2020-06-16,0.1,0.811,27.76284,1.09569,52914.4,17.923,20.819,86.436,78.896,,18.397,21.952,92.529,89.368,,21.969,24.397,13.624,,-3.9536,27.98
533,US,US,DDWM,,WisdomTree Dynamic International Equity Fund,Equity,USD,1495214345,1.495,46.83,77996,1473,WisdomTree,Foreign Large Value,WisdomTree Dynamic International Equity Index,Global,,Long,2016-01-07,0.4,2.522,16.72721,0.54506,95261.7,7.556,12.316,51.211,48.946,77.858,9.398,15.337,66.746,80.644,159.311,15.348,18.577,12.557,9.999,-2.17255,15.459
534,US,US,SMIG,,Bahl & Gaynor Small/Mid Cap Income Growth ETF,Equity,USD,1487564409,1.488,32.12,174140,43,Bahl & Gaynor,Mid-Cap Value,,North America,United States,Long,2021-08-25,0.6,1.703,22.10641,0.81463,204331.75,11.528,8.112,37.677,28.634,,12.835,10.067,45.69,41.276,,10.074,13.361,7.156,,-4.77745,16.016
535,US,US,IWC,,iShares Micro-Cap ETF,Equity,USD,1484153417,1.484,192.44,51547,1360,BlackRock,Small Blend,Russell Microcap,,,Long,2005-08-12,0.6,0.8442,13.0994,1.11001,49218.2,22.029,33.797,83.556,30.876,147.098,22.547,35.345,90.159,38.666,176.267,35.373,23.885,6.757,10.698,-5.33255,34.385
536,US,US,FREL,,Fidelity MSCI Real Estate Index ETF,Equity,USD,1476172254,1.476,28.79,169584,128,Fidelity,Real Estate,MSCI US IMI/Real Estate 25-25,North America,United States,Long,2015-02-02,0.084,3.352,30.63312,0.98277,338787.4,7.066,3.19,17.558,-12.4658,14.246,9.063,6.824,30.726,4.128,65.203,6.829,9.34,0.8124,5.149,-6.88875,9.177
537,US,US,AVLC,,Avantis U.S. Large Cap Equity ETF,Equity,USD,1473206388,1.473,90.81,83317,851,American Century Investments,Large Blend,,North America,United States,Long,2023-09-26,0.15,0.8655,22.85,1.02067,67313.1,15.505,21.42,,,,16.265,22.773,,,,22.79,,,,-2.92892,21.974
538,US,US,RDIV,,Invesco S&P Ultra Dividend Revenue ETF,Equity,USD,1471069161,1.471,61.06,57073,62,Invesco,Mid-Cap Value,S&P 900 Dividend Revenue-Weighted Index,,,Long,2013-10-01,0.39,3.541,14.79885,0.78429,92747,17.333,17.604,56.324,50.84,82.214,19.626,22.407,77,83.938,175.884,22.424,20.959,12.964,10.682,-5.21577,22.179
539,US,US,NVDY,,YieldMax NVDA Option Income Strategy ETF,Equity,USD,1446577227,1.447,12.75,1459396,16,YieldMax,Derivative Income,,North America,United States,Long,2023-05-10,1.09,57.394,38.82728,1.29369,1913077.85,-12.73101,-21.44177,-43.70861,,,18.744,30.6,248.368,,,30.624,51.579,,,-27.43312,10.189
540,US,US,IDVO,,Amplify CWP International Enhanced Dividend Income ETF,Equity,USD,1446087608,1.446,43.17,230020,64,Amplify Investments,Derivative Income,,Global,,Long,2022-09-08,0.65,5.686,18.07221,0.67514,253072.95,12.568,18.762,59.006,,,17.207,26.155,90.487,,,26.175,23.956,,,-1.49009,19.584
541,US,US,IAI,,iShares U.S. Broker-Dealers & Securities Exchanges ETF,Equity,USD,1434416115,1.434,191.63,53661,40,BlackRock,Financial,DJ US Select / Investment Services,North America,United States,Long,2006-05-01,0.37,1.069,20.01392,1.09056,76946.25,6.835,10.259,103.084,77.484,358.335,7.566,11.566,111.312,92.353,437.708,11.574,28.317,13.98,18.322,-3.26114,21.454
542,US,US,QQQE,,Direxion NASDAQ-100 Equal Weighted Index ETF,Equity,USD,1431176812,1.431,118.8,105480,104,Direxion,Large Growth,NASDAQ-100 Equally Weighted Index,North America,United States,Long,2012-03-21,0.35,0.5729,29.31209,1.07294,141525.4,16.118,20.83,53.33,36.379,251.271,16.489,21.605,56.788,46.445,290.559,21.621,16.169,7.929,14.598,-4.96,24.216
543,CA,TSX,HHIS,,Harvest Diversified High Income Shares ETF,Equity,CAD,1969060100,1.43,11.04,758263,21,Harvest ETFs,Total Market,,,,Long,2025-01-16,2,29.076,,0.891,827952.3,-9.80392,-12.96807,,,,9.792,14.685,,,,14.696,,,,-23.49272,15
544,US,US,FSTA,,Fidelity MSCI Consumer Staples Index ETF,Equity,USD,1414283076,1.414,52.22,158791,99,Fidelity,Consumer Defensive,MSCI USA IMI Consumer Staples 25/50 Index,North America,United States,Long,2013-10-21,0.084,2.229,22.29324,0.50591,122094.6,6.16,1.833,18.038,18.682,60.43,7.354,4.169,26.803,33.586,106.081,4.172,8.235,5.963,7.5,-8.27332,9.076
545,US,US,IYK,,iShares U.S. Consumer Staples ETF,Equity,USD,1403531309,1.404,73.34,92316,57,BlackRock,Consumer Defensive,Russell 1000 Consumer Staples RIC 22.5/45 Capped Index,North America,United States,Long,2000-06-12,0.38,2.588,20.09887,0.41661,119163.05,9.594,5.464,13.535,18.068,89.656,10.727,8.356,22.979,33.415,138.31,8.362,7.136,5.936,9.074,-6.37048,12.467
546,US,US,RYLD,,Global X Russell 2000 Covered Call ETF,Equity,USD,1397246225,1.397,16.04,443390,11,Global X,Derivative Income,CBOE Russell 2000 BuyWrite Index,North America,United States,Long,2019-04-17,0.6,11.691,15.89503,0.52742,442053.9,4.837,5.457,-8.29045,-36.52552,,13.643,18.994,31.7,16.187,,19.008,9.611,3.047,,-2.61081,9.788
547,CA,TSX,HHL,,Harvest Healthcare Leaders Income ETF,Equity,CAD,1916185300,1.392,7.19,241803,24,Harvest ETFs,Health Care,,,,Long,2014-11-19,1.04,10,23.80878,0.69059,316378.75,-6.50195,-1.37174,-9.55975,-16.87861,,-0.079311,8.812,19.373,30.185,,8.818,6.079,5.418,,-10.01252,7.796
548,CA,TSX,HDIV,,Hamilton Enhanced Canadian Covered Call ETF,Equity,CAD,1914588900,1.391,23.73,158306,11,Hamilton,Total Market,,North America,,1.25X Long,2021-07-19,1.88,9.364,18.93,1.13683,188717.45,14.196,23.337,55.098,41.841,,22.088,36.561,116.576,139.167,,36.59,29.373,19.056,,-2.06356,23.081
549,US,US,BALI,,iShares U.S. Large Cap Premium Income Active ETF,Equity,USD,1381592459,1.382,34.34,227559,243,BlackRock,Derivative Income,,North America,United States,Long,2023-09-26,0.35,7.814,24.82812,0.7885,230153.7,8.396,10.418,,,,14.597,19.91,,,,19.925,,,,-2.96694,14.696
550,US,US,BKIE,,BNY Mellon International Equity ETF,Equity,USD,1365709022,1.366,34.31,122859,992,BNY Mellon,Foreign Large Blend,Solactive GBS Developed Markets ex United States Large & Mid Cap Index,Global,,Long,2020-04-24,0.04,3.109,17.52383,0.77606,92094.7,11.205,15.983,55.087,35.865,,13.097,19.981,70.203,58.787,,19.996,19.391,9.69,,-2.473,18.482
551,US,US,BUYW,,Main BuyWrite ETF,Equity,USD,1359444048,1.359,14.6,247876,21,Main Management,Derivative Income,,Global,,Long,2015-12-29,0.99,5.89,,0.27664,233695.2,1.955,2.745,8.309,,,6.12,9.107,29.692,,,9.114,9.051,,,-0.40928,5.491
552,US,US,FDT,,First Trust Developed Markets ex-US AlphaDEX Fund,Equity,USD,1346787708,1.347,97.9846,235796,309,First Trust,Foreign Large Value,NASDAQ AlphaDEX Developed Markets Ex-US Index,Global,,Long,2011-04-18,0.8,2.679,11.34563,0.88747,114642.8,23.333,31.558,89.672,52.981,98.792,24.821,35.743,111.407,82.566,165.073,35.771,28.336,12.795,10.241,-3.29195,33.294
553,US,US,EWA,,iShares MSCI Australia ETF,Equity,USD,1339634525,1.34,29.62,2076665,56,BlackRock,Focused Region,MSCI Australia,Asia-Pacific,Australia,Long,1996-03-12,0.5,2.865,20.27586,0.97735,2256429.7,13.097,9.704,36.498,12.838,45.054,14.686,13.145,51.157,38.598,119.094,13.155,14.761,6.747,8.16,-2.82152,18.765
554,US,US,XHB,,State Street SPDR S&P Homebuilders ETF,Equity,USD,1339184908,1.339,99.23,1979657,35,State Street,Consumer Cyclical,S&P Homebuilders Select Industry,North America,United States,Long,2006-01-31,0.35,0.7207,18.9481,1.25386,1525099.25,-3.62277,-17.0179,22.129,29.831,176.099,-3.26489,-16.45043,24.817,35.169,200.831,-16.46072,7.667,6.213,11.645,-19.41038,6.049
555,US,US,NASA,,Tema Space Innovators ETF,Equity,USD,1330000000,1.33,23.59,1074632,40,Tema,,,,,Long,2026-03-30,0.75,0,,,1118175.45,,,,,,,,,,,,,,,-44.72821,15.298
556,US,US,IHF,,iShares U.S. Healthcare Providers ETF,Equity,USD,1325359150,1.325,56.74,659232,63,BlackRock,Health,DJ US Select / Health Care Providers,North America,United States,Long,2006-05-01,0.37,0.9213,19.46995,0.73207,528318.9,18.351,19.102,14.807,5.767,128.422,18.838,20.412,18.028,10.232,152.41,20.427,5.679,1.968,9.702,-2.67581,38.898
557,US,US,MGNR,,American Beacon GLG Natural Resources ETF,Equity,USD,1324572956,1.325,55.72,132663,40,American Beacon,Natural Resources,,,,Long,2024-02-05,0.75,0.7367,16.7052,0.7686,383997.75,26.349,49.295,,,,26.856,50.623,,,,50.665,,,,-1.1531,50.229
558,US,US,SEIE,,SEI Select International Equity ETF,Equity,USD,1320359522,1.32,36.6142,81904,357,SEI,Foreign Large Blend,,Global,,Long,2024-10-10,0.5,2.201,15.70554,,88725.45,12.548,20.283,,,,14.434,23.197,,,,23.215,,,,-4.40905,22.759
559,US,US,IDU,,iShares U.S. Utilities ETF,Equity,USD,1315338925,1.315,109.25,63765,49,BlackRock,Utilities,Russell 1000 Utilities RIC 22.5/45 Capped Index,North America,United States,Long,2000-06-12,0.38,2.302,20.88752,0.58591,75343.05,0.8213,3.613,39.154,27.124,73.799,1.921,5.965,49.737,43.419,126.851,5.969,14.401,7.479,8.537,-9.57623,3.919
560,US,US,NUGT,,Direxion Daily Gold Miners Index Bull 2X ETF,Equity,USD,1304315235,1.304,192.46,502588,17,Direxion,Trading--Leveraged Equity,MarketVector Global Gold Miners Index,,,2X Long,2010-12-08,1.13,0.3726,,1.37601,738789.75,4.683,59.268,542.604,275.458,-58.28782,5.037,59.976,567.519,294.415,-55.60223,60.027,88.26,31.585,-7.79992,-40.00436,94.786
561,US,US,FTGS,,First Trust Growth Strength ETF,Equity,USD,1301270868,1.301,37.93,107566,51,First Trust,Large Blend,The Growth Strength Index,North America,United States,Long,2022-10-25,0.6,0.0783,25.23909,1.01543,104437.15,7.295,6.009,55.834,,,7.296,6.097,57.145,,,6.101,16.257,,,-5.45862,14.939
562,US,US,SOXS,,Direxion Daily Semiconductor Bear 3X ETF,Equity,USD,1299037767,1.299,43.24,46580910,18,Direxion,Trading--Inverse Equity,NYSE Semiconductor Index,North America,United States,-3X Short,2010-03-11,1,52.436,,-4.67834,48290028.4,-93.09265,-96.8438,-99.78783,-99.96679,-99.99998,-92.96174,-96.7059,-99.75863,-99.96131,-99.99998,-96.71359,-86.57979,-79.23032,-78.17889,-96.90701,36.404
563,US,US,EWS,,iShares MSCI Singapore ETF,Equity,USD,1289944028,1.29,33.77,3221016,24,BlackRock,Focused Region,MSCI Singapore 25-50,Asia-Pacific,Singapore,Long,1996-03-12,0.5,3.507,19.93835,0.54413,865185.2,22.755,18.036,85.041,45.686,53.64,24.969,23.13,111.525,85.369,137.382,23.148,28.36,13.14,9.031,-2.39884,26.503
564,US,US,DVYE,,iShares Emerging Markets Dividend ETF,Equity,USD,1288802632,1.289,36.16,59592,132,BlackRock,Diversified Emerging Mkts,Dow Jones Emerging Markets Select Dividend,Emerging Markets,,Long,2012-02-23,0.5,4.555,8.89793,0.55161,117777.6,16.046,20.493,46.932,-9.07719,-1.95228,18.366,26.864,88.483,37.064,97.104,26.885,23.52,6.51,7.022,-0.76839,26.31
565,US,US,BTCI,,NEOS Bitcoin High Income ETF,Currency,USD,1284988333,1.285,32.35,414307,12,Neos,Digital Assets,,,,Long,2024-10-17,0.99,33.253,,,596300.35,-26.51068,-45.49284,,,,-12.20336,-28.72418,,,,-28.74071,,,,-49.47681,21.983
566,CA,TSX,TGED,,TD Active Global Enhanced Dividend ETF,Equity,CAD,1763518700,1.281,31.96,119604,84,TD,Total Market,MSCI World Index,,,Long,2019-05-03,0.93,3.542,25.82617,0.82037,100768.75,10.78,10.934,63.144,56.36,,13.527,15.091,82.282,90.506,,15.102,22.15,13.76,,-11.95592,16.218
567,US,US,IGPT,,Invesco AI and Next Gen Software ETF,Equity,USD,1254660006,1.255,96.89,179165,112,Invesco,Technology,STOXX World AC NexGen Software Development Index,,,Long,2005-06-23,0.57,0.0273,30.93973,1.43864,130976.8,62.922,86.614,187.935,89.006,500.459,62.922,86.647,188.09,103.783,548.401,86.727,42.279,15.303,20.558,-11.37029,86.783
568,US,US,UTES,,Virtus Reaves Utilities ETF,Equity,USD,1251658190,1.252,76.16,163116,19,Virtus Investment Partners,Utilities,,North America,United States,Long,2015-09-23,0.49,1.56,23.22,0.75315,183396.1,-3.53388,-2.43403,70.732,67.968,143.4,-2.86346,-0.99126,79.991,84.99,205.188,-0.99194,21.637,13.093,11.806,-13.87441,3.973
569,US,US,AVGE,,Avantis All Equity Markets ETF,Equity,USD,1248089334,1.248,100.96,120054,15,American Century Investments,Global Large-Stock Blend,,Global,,Long,2022-09-27,0.23,1.376,,0.93603,78872.1,17.518,22.942,67.596,,,18.338,24.87,77.032,,,24.889,20.966,,,-1.79944,24.338
570,US,US,TNA,,Direxion Daily Small Cap Bull 3X ETF,Equity,USD,1246465965,1.246,66.12,3704185,27,Direxion,Trading--Leveraged Equity,Russell 2000,North America,United States,3X Long,2008-11-05,1.05,0.3179,,3.31181,3135456.25,45.191,52.42,104.074,-25.53215,61.584,45.429,53,109.822,-22.52712,69.874,53.045,28.015,-4.9774,5.443,-14.39114,78.558
571,US,US,FTXL,,First Trust Nasdaq Semiconductor ETF,Equity,USD,1244841927,1.245,235.15,159860,35,First Trust,Technology,Nasdaq US Smart Semiconductor Index,North America,United States,Long,2016-09-20,0.6,0.1045,38.72637,1.7464,125588.4,81.534,132.477,237.374,245.9,,81.573,132.896,241.728,255.183,,133.031,50.61,28.856,,-20.92077,133.887
572,US,US,RWO,,State Street SPDR Dow Jones Global Real Estate ETF,Equity,USD,1243485100,1.243,49.05,55129,242,State Street,Global Real Estate,DJ Global Select Real Estate Securities Index (RESI),Global,,Long,2008-05-07,0.5,3.266,26.23929,0.91069,63768.55,8.952,7.26,20.902,-10.09897,-4.47907,10.605,11.047,34.773,7.499,36.74,11.055,10.456,1.457,3.179,-6.14237,11.25
573,US,US,IYZ,,iShares U.S. Telecommunications ETF,Equity,USD,1238064529,1.238,42.39,449590,26,BlackRock,Communications,Russell 1000 Telecommunications RIC 22.5/45 Capped Index,North America,United States,Long,2000-05-22,0.37,1.657,18.54173,0.87034,604137.45,25.044,34.273,90.517,23.298,29.712,25.96,36.93,102.867,37.661,65.545,36.959,26.584,6.602,5.171,-7.98784,36.478
574,US,US,SDIV,,Global X Superdividend ETF,Equity,USD,1238090259,1.238,24.98,271401,117,Global X,Global Small/Mid Stock,Stuttgart Solactive AG Global SuperDividend,,,Long,2011-06-08,0.58,8.955,9.40965,0.72487,357267.6,3.953,5.09,12.981,-38.27527,-61.90912,10.2,15.001,53.528,5.567,-3.43253,15.012,15.358,1.09,-0.34872,-5.52194,9.083
575,US,US,EDIV,,State Street SPDR S&P Emerging Markets Dividend ETF,Equity,USD,1237823616,1.238,41.93,212569,135,State Street,Diversified Emerging Mkts,S&P Emerging Market Dividend Opportunities,Emerging Markets,,Long,2011-02-23,0.49,4.152,12.12898,0.5229,84103.35,7.101,7.651,37.026,36.981,45.087,9.323,12.46,57.305,71.374,119.399,12.469,16.296,11.377,8.175,-3.58703,10.908
576,US,US,MFSI,,MFS Active International ETF,Equity,USD,1229334612,1.229,33.12,181851,101,MFS,Foreign Large Blend,,Global,,Long,2024-12-05,0.59,0.7611,16.58366,,178068.65,8.768,13.971,,,,8.809,14.922,,,,14.933,,,,-2.50221,15.723
577,US,US,FFLC,,Fidelity Fundamental Large Cap Core ETF,Equity,USD,1225510779,1.226,59.72,61246,116,Fidelity,Large Blend,,North America,United States,Long,2020-06-03,0.38,0.9762,24.67008,0.94203,64949.75,11.919,16.892,76.478,103.351,,12.419,18.172,81.343,115.807,,18.186,21.94,16.633,,-2.32254,20.891
578,US,US,IYM,,iShares U.S. Basic Materials ETF,Equity,USD,1220801220,1.221,190.06,102517,43,BlackRock,Natural Resources,Russell 1000 Basic Materials RIC 22.5/45 Capped Index,North America,United States,Long,2000-06-12,0.38,1.227,23.95107,0.98868,150211.25,23.448,27.489,44.852,45.384,136.041,24.102,29.338,51.87,58.302,179.811,29.361,14.942,9.623,10.839,-3.69834,36.655
579,US,US,WINN,,Harbor Long-Term Growers ETF,Equity,USD,1199687488,1.2,33.3,96693,74,Harbor,Large Growth,,North America,United States,Long,2022-02-02,0.57,0,35.85362,1.23449,95545.35,7.06,9.016,77.79,,,7.059,9.015,77.902,,,9.021,21.164,,,-3.09908,25.094
580,US,US,EWH,,iShares MSCI Hong Kong ETF,Equity,USD,1198379314,1.198,22.69,4921642,33,BlackRock,Greater China Region,MSCI Hong Kong 25/50 Index,Asia-Pacific,Hong Kong,Long,1996-03-12,0.5,4.564,13.65717,0.38947,2359591.05,6.776,6.028,27.831,-12.56262,2.67,8.503,11.205,46.439,5.842,44.65,11.213,13.555,1.142,3.761,-7.98865,10.146
581,US,US,DFSI,,Dimensional International Sustainability Core 1 ETF,Equity,USD,1197432534,1.197,46.521,52152,2771,Dimensional,Foreign Large Blend,MSCI World ex USA IMI,Global,,Long,2022-11-01,0.24,2.149,17.89328,0.7135,50292.1,8.58,14.022,57.325,,,10.119,16.648,69.111,,,16.66,19.135,,,-2.99839,16.594
582,US,US,QQQJ,,Invesco NASDAQ Next Gen 100 ETF,Equity,USD,1196401263,1.196,44.19,142660,108,Invesco,Mid-Cap Growth,Nasdaq Next Generation 100 Index,North America,United States,Long,2020-10-13,0.15,0.5545,23.05778,1.12682,148141.25,19.919,24.795,73.226,27.165,,20.126,25.63,77.148,32.534,,25.65,20.993,5.796,,-5.85854,28.497
583,US,US,IYC,,iShares U.S. Consumer Discretionary ETF,Equity,USD,1183288328,1.183,97.715,60197,161,BlackRock,Consumer Cyclical,Russell 1000 Consumer Discretionary 40 Act 15/22.5 Daily Capped Index,North America,United States,Long,2000-06-12,0.38,0.5244,23.97337,1.13565,66847.3,-5.25065,-7.22085,39.136,22.312,164.309,-4.99781,-6.75621,41.558,25.891,184.386,-6.76068,12.279,4.713,11.019,-8.98379,3.963
584,US,US,CHPY,,YieldMax Semiconductor Portfolio Option Income ETF,Equity,USD,1181692306,1.182,67.79,509679,91,YieldMax,Derivative Income,,North America,United States,Long,2025-04-02,1.03,39.747,47.97134,,546018.8,21.903,28.002,,,,63.693,95.899,,,,95.989,,,,-24.56043,33.314
585,US,US,MOO,,VanEck Agribusiness ETF,Equity,USD,1174415579,1.174,87.69,1147931,52,VanEck,Natural Resources,MVIS Global Agribusiness,,,Long,2007-08-31,0.56,2.05,16.54301,0.71915,462897.5,20.47,17.28,7.674,-5.60818,72.89,20.47,20.187,17.545,6.537,110.748,20.202,5.535,1.275,7.741,-1.80071,26.5
586,US,US,RSPA,,Invesco S&P 500 Equal Weight Income Advantage ETF,Equity,USD,1170368940,1.17,53.1,186787,524,Invesco,Derivative Income,,North America,United States,Long,2024-07-17,0.29,9.116,,0.55951,270430.45,4.199,4.692,,,,10.891,14.947,,,,14.958,,,,-3.73459,8.301
587,US,US,APIE,,ActivePassive International Equity ETF,Equity,USD,1168039137,1.168,39.2,65979,551,Envestnet,Foreign Large Blend,,Global,,Long,2023-05-03,0.45,3.363,16.37914,0.71468,64151.6,10.391,13.164,57.436,,,10.391,17.389,67.865,,,17.402,18.842,,,-2.48756,15.294
588,US,US,FXH,,First Trust Health Care AlphaDEX Fund,Equity,USD,1161469330,1.161,130.87,104953,75,First Trust,Health,StrataQuant Health Care Index,North America,United States,Long,2007-05-08,0.61,0.7841,18.77288,0.72999,53424.65,14.979,19.349,29.318,2.651,113.596,15.291,20.463,31.422,4.625,117.703,20.478,9.534,0.9085,8.091,-3.64453,25.204
589,US,US,BLOK,,Amplify Blockchain Technology ETF,Equity,USD,1152522226,1.153,64.27,165206,57,Amplify Investments,Equity Digital Assets,,,,Long,2018-01-16,0.7,0.7585,19.77776,2.14942,205400.35,12.972,7.565,202.732,29.603,,13.115,8.455,226.614,59.22,,8.461,48.356,9.75,,-15.31164,37.036
590,US,US,OAKM,,Oakmark U.S. Large Cap ETF,Equity,USD,1150328067,1.15,30.82,118275,41,Oakmark,Large Value,,North America,United States,Long,2024-12-03,0.59,0.61,18.79719,,156439.55,8.674,16.831,,,,8.674,17.631,,,,17.644,,,,-3.88892,20.101
591,US,US,PEY,,Invesco High Yield Equity Dividend Achievers ETF,Equity,USD,1139805534,1.14,24.0446,311927,52,Invesco,Mid-Cap Value,NASDAQ US Dividend Achievers 50 Index TR,North America,United States,Long,2004-12-09,0.54,4.331,12.84903,0.65446,287329.65,17.947,13.098,19.863,18.505,50.561,21.627,18.62,38.438,48.914,131.207,18.634,11.449,8.291,8.744,-5.67046,22.77
592,US,US,EWI,,iShares MSCI Italy ETF,Equity,USD,1119979638,1.12,61.25,1161307,32,BlackRock,Focused Region,MSCI Italy 25-50,Europe,Italy,Long,1996-03-12,0.5,3.062,15.11445,0.88266,322325.7,12.737,20.952,96.819,87.481,161.529,14.961,24.952,117.823,125.349,263.466,24.971,29.621,17.647,13.777,-3.93664,22.365
593,US,US,EIPI,,FT Energy Income Partners Enhanced Income ETF,Equity,USD,1117128813,1.117,22.88,72277,113,First Trust,Derivative Income,,,,Long,2011-09-27,1.11,6.556,16.94301,0.14509,69614.35,15.148,17.333,,,,20.496,25.909,,,,25.929,,,,-0.86655,18.109
594,US,US,EUAD,,Select STOXX Europe Aerospace & Defense ETF,Equity,USD,1110511456,1.111,42.62,84056,33,Tuttle Capital,Industrials,STOXX Europe TMI / Aerospace & Defense - SEC,Europe,,Long,2024-10-22,0.5,0.3961,29.13244,,111209.35,1.163,-0.65268,,,,1.163,-0.25044,,,,-0.25061,,,,-12.01486,13.291
595,US,US,OMAH,,VistaShares Target 15 Berkshire Select Income ETF,Equity,USD,1102134342,1.102,18.12,701187,81,VistaShares,Derivative Income,,North America,United States,Long,2025-03-05,0.98,15.502,17.95366,,1073346.75,-3.30843,-6.79012,,,,6.9,8.331,,,,8.337,,,,-7.31458,1.684
596,US,US,GSID,,Marketbeta INTL Equity ETF,Equity,USD,1094841604,1.095,77.36,174757,894,Goldman Sachs,Foreign Large Blend,Solactive GBS Developed Markets ex North America Large & Mid Cap Index,Global,,Long,2020-05-12,0.2,2.404,17.27444,0.78776,89488.5,11.594,16.361,54.698,32.3,,13.338,19.446,67.311,52.346,,19.461,18.711,8.786,,-1.85232,18.993
597,US,US,IMFL,,Invesco International Developed Dynamic Multifactor ETF,Equity,USD,1089519340,1.09,34.77,53341,883,Invesco,Foreign Large Blend,FTSE Developed ex US Invesco Dynamic Multifactor Index,Global,,Long,2021-02-24,0.34,2.855,14.46473,0.76669,58737.8,16.717,25.207,46.215,25.851,,18.545,29.364,62.135,51.039,,29.387,17.474,8.598,,-4.16207,28.778
598,US,US,TRFK,,Pacer Data and Digital Revolution ETF,Equity,USD,1077825692,1.078,98.04,90887,100,Pacer,Technology,Pacer Data Transmission and Communication Revolution Index,Global,,Long,2022-06-08,0.49,0.0247,34.69135,1.5537,121242.3,53.044,55.372,205.278,,,53.073,55.419,207.128,,,55.466,45.346,,,-15.17564,66.678
599,CA,TSX,UMAX,,Hamilton Utilities YIELD MAXIMIZER ETF,Equity,CAD,1473394300,1.07,12.67,249314,15,Hamilton,Utilities,,North America,,Long,2023-06-14,0.98,14.613,13.18746,0.56953,378770.1,-3.79651,-6.42541,-15.58961,,,5.307,7.395,28.642,,,7.4,8.756,,,-8.84892,0.3167
600,US,US,HAUZ,,Xtrackers International Real Estate ETF,Equity,USD,1067836536,1.068,22.28,76828,448,Xtrackers,Global Real Estate,iSTOXX Developed and Emerging Markets ex USA PK VN Real Estate,Global,,Long,2013-10-01,0.1,3.666,14.57562,0.73259,86107.95,-4.00689,-6.03121,9.97,-22.50435,-7.1241,-2.96629,-2.63987,23.661,-7.82848,29.826,-2.64165,7.334,-1.61738,2.645,-13.40511,2.015
601,US,US,IVES,,Dan IVES Wedbush AI Revolution ETF,Equity,USD,1063057463,1.063,39.84,173557,32,Wedbush,Technology,Solactive Dan IVES Wedbush AI Revolution Index,,,Long,2025-06-03,0.75,0.3288,34.95518,,248198.45,26.036,35.695,,,,26.036,36.251,,,,36.28,,,,-4.9845,47.994
602,US,US,XLSR,,State Street US Sector Rotation ETF,Equity,USD,1060930801,1.061,65.6442,65687,25,State Street,Large Blend,,North America,United States,Long,2019-04-02,0.7,0.453,29.69046,0.96521,41900.45,5.351,12.559,52.307,41.019,,5.562,13.11,55.527,51.984,,13.12,15.857,8.734,,-2.30791,17.843
603,US,US,GFLW,,VictoryShares Free Cash Flow Growth ETF,Equity,USD,1056115235,1.056,33.2777,237272,102,VictoryShares,Large Growth,Victory Free Cash Flow Growth Index,North America,United States,Long,2024-12-03,0.39,0,32.92922,,156446.75,18.174,19.01,,,,18.174,19.01,,,,19.024,,,,-4.75758,33.111
604,US,US,IDHQ,,Invesco S&P International Developed High Quality ETF,Equity,USD,1054912548,1.055,44.15,294715,215,Invesco,Foreign Large Growth,S&P Quality Developed Ex-U.S. LargeMidCap Index,Global,,Long,2007-06-13,0.29,1.989,20.30824,0.93643,136760.05,25.605,32.028,65.542,36.055,113.801,27.308,35.191,77.992,55.134,172.927,35.219,21.185,9.181,10.563,-4.74649,34.563
605,US,US,ECH,,iShares MSCI Chile ETF,Equity,USD,1051368727,1.051,40.74,890480,30,BlackRock,Focused Region,MSCI Chile IMI 25-50,Latin America,Chile,Long,2007-11-12,0.59,1.928,12.92,0.73551,404518.4,0.8416,22.6,54.085,49.834,9.693,2.433,24.978,66.144,84.919,49.649,24.997,18.434,13.085,4.114,-14.85004,29.436
606,US,US,PPH,,VanEck Pharmaceutical ETF,Equity,USD,1049447782,1.049,110.12,192614,26,VanEck,Health,MVIS US Listed Pharmaceutical 25,North America,United States,Long,2000-02-01,0.36,1.973,20.24455,0.4527,239042.15,6.736,23.73,35.349,45.009,85.982,8.229,26.385,43.832,60.018,124.891,26.405,12.877,9.86,8.443,-6.67797,28.182
607,US,US,TVAL,,T. Rowe Price Value ETF,Equity,USD,1046313828,1.046,42.79,76084,153,T. Rowe Price,Large Value,,North America,United States,Long,2023-06-14,0.33,0.9491,21.3294,0.79078,88694,21.493,27.579,68.2,,,21.493,29.045,73.214,,,29.068,20.091,,,-1.8578,27.541
608,US,US,TAN,,Invesco Solar ETF,Equity,USD,1044968837,1.045,47.74,730788,46,Invesco,Miscellaneous Sector,MAC Global Solar Energy Index,,,Long,2008-04-15,0.7,0,20.48609,1.39469,846303.35,-2.80945,10.178,-14.09034,-42.99021,125.189,-2.80945,10.178,-13.58497,-42.65484,144.662,10.185,-4.74936,-10.52685,9.361,-36.85185,15.509
609,US,US,JHEM,,John Hancock Multifactor Emerging Markets ETF,Equity,USD,1038868909,1.039,40.91,237803,984,John Hancock,Diversified Emerging Mkts,John Hancock Dimensional Emerging Markets,Global,,Long,2018-09-27,0.49,1.735,14.53777,0.71129,103655.95,24.347,33.951,69.294,33.601,,24.976,36.712,82.322,52.792,,36.741,22.159,8.849,,-2.9649,33.78
610,US,US,PBPH,,Portfolio Building Block World Pharma and Biotech Index ETF,Equity,USD,1037222869,1.037,28.0339,81956,58,Portfolio Building Block,Health,BITA Global Pharma and Biotech Select Index,Global,,Long,2025-11-24,0.13,0.0817,22.85057,,85330.2,11.056,,,,,11.057,,,,,,,,,-6.24114,15.919
611,US,US,SLVP,,iShares MSCI Global Silver Miners ETF,Equity,USD,1026771315,1.027,40.8,132902,49,BlackRock,Equity Precious Metals,MSCI ACWI Select Silver Miners IMI,Global,,Long,2012-01-31,0.39,1.723,19.13182,0.94506,314734.6,19.055,70.213,348.894,196.081,164.078,19.563,73.892,366.401,212.179,208.038,73.958,67.059,25.572,11.91,-18.64407,73.396
612,US,US,AIS,,VistaShares Artificial Intelligence Supercycle ETF,Equity,USD,1006509377,1.007,72.2,470763,69,VistaShares,Technology,,,,Long,2024-10-01,0.75,0,33.24365,,389869,91.157,132.005,,,,91.157,132.005,,,,132.139,,,,-18.68912,133.596
613,US,US,RSPN,,Invesco S&P 500 Equal Weight Industrials ETF,Equity,USD,1005610457,1.006,59.79,198506,86,Invesco,Industrials,S&P 500 Equal Weighted / Industrials,North America,United States,Long,2006-11-01,0.4,0.8699,24.54839,1.00683,274057.85,5.58,6.921,50.188,56.379,218.931,6.047,7.881,54.666,64.419,257.391,7.887,15.642,10.458,13.585,-8.7078,11.83
614,US,US,MSOS,,AdvisorShares Pure US Cannabis ETF,Equity,USD,1002053581,1.002,5.05,3721988,112,AdvisorShares,Miscellaneous Sector,,North America,United States,Long,2020-09-01,0.97,0,12.1996,1.37865,4107084.5,6.992,6.092,-39.15663,-83.97843,,6.992,6.092,-39.15663,-83.93263,,6.096,-15.26019,-30.63072,,-30.34483,70.608
615,US,US,AMDL,,GraniteShares 2x Long AMD Daily ETF,Equity,USD,995811398,0.996,58.92,2883845,17,GraniteShares,Trading--Leveraged Equity,,North America,United States,2X Long,2024-03-04,1.07,0,,8.68251,2024996.95,278.907,545.345,,,,278.907,545.345,,,,546.17,,,,-29.68135,563.887
616,US,US,MSTY,,YieldMax MSTR Option Income Strategy ETF,Equity,USD,976498548,0.976,15.13,2465502,30,YieldMax,Derivative Income,,North America,United States,Long,2024-02-22,1.03,176.547,978.7638,2.21351,2264183.15,-48.88514,-80.43956,,,,-11.80004,-54.83943,,,,-54.86402,,,,-81.57125,31.223
617,US,US,FHEQ,,Fidelity Hedged Equity ETF,Equity,USD,976085178,0.976,33.86,61878,198,Fidelity,Equity Hedged,,North America,United States,Long,2024-04-09,0.48,0.5346,24.00845,0.79003,66490.95,9.544,12.998,,,,9.901,13.664,,,,13.674,,,,-2.13873,17.406
618,US,US,JHMD,,John Hancock Multifactor Developed International ETF,Equity,USD,973907709,0.974,45.734,119666,591,John Hancock,Foreign Large Blend,John Hancock Dimensional Developed International Index,Global,,Long,2016-12-15,0.39,2.975,15.82792,0.74216,75572.6,10.123,15.054,50.342,31.118,,12.042,18.715,65.27,53.923,,18.729,18.226,9.01,,-2.27778,16.907
619,US,US,FTQI,,First Trust Nasdaq BuyWrite Income ETF,Equity,USD,970311736,0.97,22.03,206151,179,First Trust,Derivative Income,,North America,United States,Long,2014-01-06,0.75,11.221,31.39228,0.6245,239094.65,5.812,8.844,12.801,3.379,12.386,14.441,22.432,61.066,76.432,123.504,22.449,17.216,12.027,8.376,-1.91451,14.561
620,US,US,GII,,State Street SPDR S&P Global Infrastructure ETF,Equity,USD,953922233,0.954,73.65,146266,88,State Street,Infrastructure,S&P Global Infrastructure Index,Global,,Long,2007-01-25,0.4,2.742,20.75873,0.61249,36493,5.561,8.516,44.242,35.411,50.907,6.666,11.613,59.045,58.423,105.944,11.621,16.723,9.64,7.493,-6.71311,8.357
621,US,US,FDD,,First Trust Stoxx European Select Dividend Index Fund,Equity,USD,947500450,0.948,20.43,108076,34,First Trust,Europe Stock,STOXX Europe Select Dividend 30,Europe,,Long,2007-08-27,0.56,4.929,10.59683,0.71147,119342.35,16.743,26.855,83.64,39.932,67.048,20.813,34.218,119.571,89.217,177.309,34.245,29.967,13.606,10.739,-1.77885,29.55
622,CA,TSX,BANK,,Evolve Canadian Banks and Lifecos Enhanced Yield Index Fund,Equity,CAD,1304324400,0.947,11.24,369976,41,Evolve,Financials,Solactive Canadian Core Financials Equal Weight Index - CAD - Benchmark TR Net,North America,,1.25X Long,2022-02-01,1.73,13.327,17.93,1.1246,524530.7,15.996,32.08,58.533,,,28.126,53.189,155.268,,,53.234,36.658,,,-7.41351,32.235
623,US,US,EYLD,,Cambria Emerging Shareholder Yield ETF,Equity,USD,944573160,0.945,49.96,87977,126,Cambria,Diversified Emerging Mkts,,Global,,Long,2016-07-14,0.65,4.609,11.03385,0.6933,68648.4,30.342,31.786,72.276,32.731,85.037,32.041,39.716,97.089,76.708,207.217,39.748,25.371,12.062,11.88,-0.5969,39.203
624,US,US,JDVL,,John Hancock Disciplined Value Select ETF,Equity,USD,944796458,0.945,32,55343,40,John Hancock,Large Value,,North America,United States,Long,2025-08-06,0.56,1.441,19.79138,,106036.65,18.69,24.306,,,,18.691,26.403,,,,26.423,,,,-2.70599,24.48
625,US,US,MLPI,,NEOS MLP & Energy Infrastructure High Income ETF,Equity,USD,943500298,0.944,54.69,249182,32,Neos,Energy Limited Partnership,,,,Long,2025-12-18,0.68,11.005,18.44216,,206137.25,9.14,,,,,20.356,,,,,,,,,-6.46485,11.272
626,US,US,GWX,,State Street SPDR S&P International Small Cap ETF,Equity,USD,943978394,0.944,46.565,115555,2104,State Street,Foreign Small/Mid Blend,S&P Developed x United States <2B,Global,,Long,2007-04-20,0.4,2.566,15.04993,0.86706,40693.5,13.962,16.821,54.48,16.558,48.296,15.296,20.141,67.389,34.173,105.555,20.156,18.729,6.056,7.472,-1.51227,21.994
627,US,US,AIPO,,Defiance AI & Power Infrastructure ETF,Equity,USD,928647894,0.929,29.2,1031843,83,Defiance,Technology,MarketVector US Listed AI and Power Infrastructure Index,North America,United States,Long,2025-07-24,0.69,0.0086,32.47507,,1125872,32.007,45.68,,,,32.007,45.694,,,,45.732,,,,-16.06784,45.636
628,US,US,AUSF,,Global X Adaptive U.S. Factor ETF,Equity,USD,925608130,0.926,50.95,64093,191,Global X,Mid-Cap Value,Adaptive Wealth Strategies U.S. Factor Index,North America,United States,Long,2018-08-24,0.27,2.703,15.01349,0.65109,52274.15,9.877,10.21,55.672,67.488,,12.004,13.387,68.804,90.599,,13.397,19.063,13.771,,-3.48551,14.752
629,US,US,SPHB,,Invesco S&P 500 High Beta ETF,Equity,USD,923426284,0.923,148.23,177540,103,Invesco,Mid-Cap Blend,S&P 500 High Beta Index,North America,United States,Long,2011-05-05,0.25,0.5486,29.43322,1.42658,213099.65,26.725,40.476,100.284,101.399,348.096,27.139,41.413,104.952,109.242,408.363,41.447,27.017,15.915,17.66,-5.92752,43.481
630,US,US,GGLL,,Direxion Daily GOOGL Bull 2X ETF,Equity,USD,920411903,0.92,93.42,2077963,14,Direxion,Trading--Leveraged Equity,,North America,United States,2X Long,2022-09-07,0.96,5.047,,2.27258,1023362.45,-3.57143,57.405,192.669,,,-2.41481,65.261,227.213,,,65.318,48.447,,,-38.94118,58.554
631,US,US,FDV,,Federated Hermes U.S. Strategic Dividend ETF,Equity,USD,916332634,0.916,32.98,76675,52,Federated Hermes,Large Value,,North America,United States,Long,2022-11-15,0.5,2.737,17.7999,0.48989,109184.4,15.274,16.327,42.647,,,17.374,19.831,57.001,,,19.846,16.221,,,-6.06665,18.804
632,US,US,EEMA,,iShares MSCI Emerging Markets Asia ETF,Equity,USD,901574139,0.902,118.69,56483,927,BlackRock,Pacific/Asia ex-Japan Stk,MSCI EM Asia Custom Capped,Asia-Pacific,,Long,2012-02-08,0.49,1.3,17.22659,0.75286,56883.7,26.239,35.636,84.215,33.796,104.532,26.608,37.837,94.308,47.123,144.788,37.867,24.779,8.029,9.367,-3.29178,34.967
633,US,US,PID,,Invesco International Dividend Achievers ETF,Equity,USD,901201755,0.901,22.4399,67938,67,Invesco,Foreign Large Value,NASDAQ International Dividend Achiever Index,Global,,Long,2005-09-15,0.53,3.57,13.62554,0.71191,56589.95,2,5.899,28.965,24.597,49.999,4.38,9.842,44.201,49.263,117.656,9.849,12.974,8.342,8.089,-5.55598,6.857
634,US,US,TSME,,Thrivent Small-Mid Cap Equity ETF,Equity,USD,895702166,0.896,47.04,51506,69,Thrivent,Mid-Cap Blend,,Global,,Long,2022-10-05,0.65,0.1477,25.50382,1.27194,36049.2,12.974,11.522,62.409,,,12.975,11.705,64.144,,,11.713,17.957,,,-10.17758,22.564
635,US,US,AGIX,,KraneShares Public-Private AI & Technology ETF,Equity,USD,884008228,0.884,46.22,61147,68,KraneShares,Technology,Solactive Etna Artificial General Intelligence Index,,,Long,2024-07-18,1,0.9469,35.62609,1.99893,145590.3,27.314,33.426,,,,27.315,35.034,,,,35.062,,,,-6.94584,49.652
636,CA,TSX,HYLD,,Hamilton Enhanced U.S. Covered Call ETF,Equity,CAD,1215301600,0.883,15.83,77378,10,Hamilton,Total Market,S&P 500 Index - CAD ,North America,,1.25X Long,2022-02-04,0,11.807,28.03,0.98934,139047.7,7.249,12.589,29.436,,,16.688,27.57,88.554,,,27.591,23.535,,,-2.94298,22.904
637,US,US,INFO,,Harbor PanAgora Dynamic Large Cap Core ETF,Equity,USD,881389169,0.881,27.96,97030,136,Harbor,Large Blend,,North America,United States,Long,2024-10-09,0.35,0.3073,22.87107,,57406.8,14.076,20.621,,,,14.076,21.053,,,,21.069,,,,-3.1856,23.118
638,US,US,AVRE,,Avantis Real Estate ETF,Equity,USD,881402682,0.881,46.38,65211,346,American Century Investments,Global Real Estate,S&P Global REIT Index,,,Long,2021-09-28,0.17,2.972,24.48725,0.89718,53878.15,6.547,3.666,16.008,,,8.45,8.425,30.806,,,8.431,9.362,,,-6.70824,7.911
639,US,US,RSPH,,Invesco S&P 500 Equal Weight Health Care ETF,Equity,USD,867760867,0.868,36.3,83579,64,Invesco,Health,S&P 500 Equal Weighted / Health Care,North America,United States,Long,2006-11-01,0.4,0.6383,22.78683,0.7866,160196.4,13.972,23.093,28.541,13.459,131.919,14.413,24.03,31.343,17.468,146.623,24.048,9.512,3.273,9.448,-4.94894,28.45
640,US,US,SH,,ProShares Short S&P500,Equity,USD,863063445,0.863,32.68,6831218,18,ProShares,Trading--Inverse Equity,S&P 500,North America,United States,-1X Short,2006-06-19,0.89,4.249,,-0.97316,6364903.15,-9.29781,-14.6959,-41.76764,-43.92588,-78.466,-7.99968,-11.34086,-32.72522,-33.6761,-73.79686,-11.34817,-12.3745,-7.88526,-12.5364,-16.63265,2.67
641,US,US,UDOW,,ProShares UltraPro Dow30,Equity,USD,855523369,0.856,69.14,1808828,42,ProShares,Trading--Leveraged Equity,Dow Jones Industrial Average,North America,United States,3X Long,2010-02-11,0.95,1.12,,2.60308,1389847.1,19.392,35.224,131.586,80.475,617.592,20.107,37.059,140.241,90.578,672.897,37.089,33.922,13.769,22.694,-12.77031,49.492
642,US,US,QQA,,Invesco QQQ Income Advantage ETF,Equity,USD,856445833,0.856,56.15,108437,122,Invesco,Derivative Income,,North America,United States,Long,2024-07-17,0.29,9.909,,0.93949,102501.45,5.903,8.637,,,,13.465,20.478,,,,20.493,,,,-4.06629,16.494
643,US,US,EPOL,,iShares MSCI Poland ETF,Equity,USD,854536838,0.855,45.55,755843,41,BlackRock,Focused Region,MSCI Poland IMI 25-50,Europe,Poland,Long,2010-05-25,0.59,3.23,10.62977,1.03615,371888.5,29.44,38.534,157.49,97.357,146.349,30.402,44.263,196.61,135.93,224.252,44.299,43.668,18.732,12.485,-1.0428,45.667
644,US,US,REZ,,iShares Residential and Multisector Real Estate ETF,Equity,USD,844162640,0.844,92.26,154333,40,BlackRock,Real Estate,FTSE Nareit All Residential Capped Index,North America,United States,Long,2007-05-01,0.48,2.044,39.24992,0.83903,62615.25,11.641,8.452,33.151,0.5011,38.445,12.254,10.861,43.572,13.952,87.592,10.869,12.809,2.647,6.494,-8.13502,14.091
645,US,US,SFLO,,VictoryShares Small Cap Free Cash Flow ETF,Equity,USD,839133279,0.839,38.595,262262,201,VictoryShares,Small Value,Victory US Small Cap Free Cash Flow Index,North America,United States,Long,2023-12-21,0.49,0.6753,13.0979,0.86935,230242.35,30.897,32.215,,,,31.502,33.196,,,,33.222,,,,-8.10714,40.575
646,US,US,ARKF,,ARK Blockchain & Fintech Innovation ETF,Equity,USD,830834937,0.831,45.24,77930,41,ARK,Technology,,,,Long,2019-02-04,0.75,0.095,35.44541,1.99541,88613.65,-5.01785,-16.02005,114.306,-15.12195,,-5.01785,-15.94662,114.493,-15.04774,,-15.95662,28.957,-3.20943,,-23.58108,26.291
647,US,US,ARGT,,Global X MSCI Argentina ETF,Equity,USD,817997388,0.818,96.12,54094,28,Global X,Focused Region,MSCI All Argentina 25/50,Latin America,Argentina,Long,2011-03-02,0.59,1.071,18.82912,0.95987,118698.1,5.153,34.66,115.082,163.624,315.205,5.532,36.179,123.202,185.637,366.522,36.208,30.679,23.36,16.653,-7.55025,44.563
648,US,US,FEM,,First Trust Emerging Markets AlphaDEX Fund,Equity,USD,817395884,0.817,33.8106,55493,168,First Trust,Diversified Emerging Mkts,NASDAQ AlphaDEX EM Index,Emerging Markets,,Long,2011-04-18,0.8,2.115,10.81555,0.65662,75438.35,23.622,26.065,57.259,19.337,56.967,24.509,29.307,73.908,48.317,126.779,29.33,20.251,8.204,8.534,-5.04774,30.79
649,US,US,SLVR,,Sprott Silver Miners & Physical Silver ETF,Equity,USD,803691840,0.804,64.03,88322,83,Sprott,Equity Precious Metals,Nasdaq Sprott Silver Miners,,,Long,2025-01-14,0.65,3.209,10.90988,,145136.15,14.749,73.711,,,,14.749,80.305,,,,80.378,,,,-25.45984,78.755
650,US,US,SAMT,,Strategas Macro Thematic Opportunities ETF,Equity,USD,801452830,0.801,42.02,71282,43,Strategas,Large Blend,,North America,United States,Long,2022-01-24,0.66,0.6428,28.24624,0.85038,163575,9.115,18.034,79.052,,,9.115,18.855,85.503,,,18.869,22.865,,,-12.20226,18.583
651,US,US,DIV,,Global X SuperDividend US ETF,Equity,USD,795342502,0.795,19.64,174778,52,Global X,Small Value,Indxx SuperDividend U.S. Low Volatility Index,North America,United States,Long,2013-03-11,0.45,6.449,12.53062,0.59006,171166.55,13.395,11.275,18.671,-1.75088,-22.738,18.461,19.094,44.736,36.197,51.135,19.108,13.113,6.374,4.217,-2.79634,16.627
652,US,US,AVMV,,Avantis U.S. Mid Cap Value ETF,Equity,USD,792981810,0.793,79.94,77375,295,American Century Investments,Mid-Cap Value,,North America,United States,Long,2023-11-07,0.2,1.099,16.14324,0.91751,56776.3,12.275,15.005,,,,13.185,16.614,,,,16.626,,,,-5.12699,20.883
653,US,US,FXU,,First Trust Utilities AlphaDEX Fund,Equity,USD,791317149,0.791,47.04,175364,42,First Trust,Utilities,StrataQuant Utilities Index,North America,United States,Long,2007-05-08,0.61,2.261,15.8901,0.61145,241436.05,4.51,8.437,54.89,46.629,76.18,5.463,10.943,66.973,65.016,130.72,10.951,18.631,10.538,8.721,-8.87253,8.562
654,US,US,IGE,,iShares North American Natural Resources ETF,Equity,USD,789318064,0.789,66.66,197007,155,BlackRock,Natural Resources,S&P North American Natural Resources Sector,North America,United States,Long,2001-10-22,0.37,1.782,17.14127,0.61238,232315.35,32.789,40.574,56.626,135.298,90.566,33.966,43.719,68.538,169.392,156.605,43.755,19,21.924,9.883,-0.9951,42.891
655,US,US,EWJV,,iShares MSCI Japan Value ETF,Equity,USD,787291928,0.787,48.86,138608,116,BlackRock,Japan Stock,MSCI Japan Value,Asia-Pacific,Japan,Long,2019-03-05,0.15,4.569,13.90262,0.47829,123617.3,23.005,23.362,70.72,67.938,,24.331,30.109,93.344,101.083,,30.132,24.572,14.996,,-1.74945,30.593
656,US,US,SMIN,,iShares MSCI India Small Cap ETF,Equity,USD,777366365,0.777,71.22,93729,469,BlackRock,India Equity,MSCI India Small Cap,Asia-Pacific,India,Long,2012-02-08,0.74,1.975,30.35722,0.44528,44027.25,1.874,-3.08886,9.738,21.391,93.27,1.874,-1.101,19.81,34.339,128.981,-1.10174,6.208,6.083,8.639,-6.21543,23.269
657,US,US,AFLG,,First Trust Active Factor Large Cap ETF,Equity,USD,776524794,0.777,44.47,64307,216,First Trust,Large Blend,,North America,United States,Long,2019-12-03,0.55,0.6987,19.5,0.95652,61212.15,13.734,17.026,74.604,67.093,,14.059,17.935,79.448,76.282,,17.948,21.514,12.008,,-2.09159,18.904
658,US,US,ROBT,,First Trust Nasdaq Artificial Intelligence & Robotics ETF,Equity,USD,769414618,0.769,57.28,51227,126,First Trust,Technology,Nasdaq CTA Artificial Intelligence & Robotics,Global,,Long,2018-02-21,0.65,0.0164,30.80347,1.28409,39209.4,10.436,11.513,35.96,0.9873,,10.457,11.532,36.99,2.278,,11.54,11.059,0.4516,,-6.05216,30.152
659,US,US,NUKZ,,Range Nuclear Renaissance Index ETF,Equity,USD,767671042,0.768,66.18,96506,53,Range,Miscellaneous Sector,VettaFi Nuclear Renaissance Index,,,Long,2024-01-23,0.85,0.8734,20.57327,1.66244,110651.65,4.22,13.4,,,,4.22,14.412,,,,14.423,,,,-14.42979,13.887
660,CA,TSX,XRE,,iShares S&P/TSX Capped REIT Index ETF,Equity,CAD,1052728060,0.765,15.84,144478,19,iShares,Real Estate,S&P/TSX Capped REIT Index - CAD,North America,,Long,2002-10-17,0.6,4.615,14.64109,1.01181,245800,2.657,-2.94118,-0.93809,-22.20039,-4.29003,5.604,1.54,14.875,-1.89483,51.839,1.541,4.73,-0.38192,4.266,-9.69213,6.309
661,US,US,ARKX,,ARK Space & Defense Innovation ETF,Equity,USD,762989400,0.763,31.84,302395,35,ARK,Technology,,Global,,Long,2021-03-30,0.75,0,37.44035,1.39239,65825.75,9.869,23.65,121.573,52.235,,9.869,23.65,121.573,52.235,,23.668,30.36,8.77,,-15.96727,26.5
662,US,US,QQH,,HCM Defender 100 Index ETF,Equity,USD,755896800,0.756,83.96,56079,98,HCM,Large Growth,HCM Defender 100 Index,,,Long,2019-10-10,0.98,0.195,32.4926,1.14042,34926.15,8.525,16.304,77.43,57.938,,8.525,16.553,78.709,59.077,,16.565,21.347,9.73,,-6.33646,22.444
663,US,US,QDVO,,Amplify CWP Growth & Income ETF,Equity,USD,750084613,0.75,29.59,207982,50,Amplify Investments,Derivative Income,,North America,United States,Long,2024-08-22,0.56,10.683,28.04566,1.03582,203377,1.964,3.245,,,,9.581,15.107,,,,15.118,,,,-4.45593,14.913
664,US,US,EWD,,iShares MSCI Sweden ETF,Equity,USD,748929142,0.749,52.38,350086,54,BlackRock,Focused Region,MSCI Sweden 25-50,Europe,Sweden,Long,1996-03-12,0.51,3.427,14.9414,1.09194,201292.6,6.399,10.46,60.135,9.95,78.406,8.916,14.475,76.665,29.334,145.291,14.486,20.883,5.28,9.389,-4.64227,15.527
665,US,US,ULTY,,YieldMax Ultra Option Income Strategy ETF,Equity,USD,748402286,0.748,25.86,351751,104,YieldMax,Derivative Income,,North America,United States,Long,2024-02-28,1.3,99.925,46.11063,1.47129,412103.25,-30.72596,-53.23689,,,,8.896,-4.22023,,,,-4.22306,,,,-54.55185,2.173
666,US,US,VOLT,,Tema Electrification ETF,Equity,USD,746714059,0.747,36.29,108104,29,Tema,Mid-Cap Blend,,,,Long,2024-12-03,0.75,0.3634,30.08863,,211282.4,25.462,34.308,,,,25.462,34.909,,,,34.937,,,,-13.92315,35.562
667,US,US,HEGD,,Swan Hedged Equity US Large Cap ETF,Equity,USD,740934173,0.741,26.86,108276,11,Swan,Equity Hedged,,North America,United States,Long,2020-12-22,0.87,0.3363,,0.55387,50974.55,6.545,10.626,43.867,42.116,,6.545,11.02,45.553,45.502,,11.028,13.326,7.79,,-2.23484,10.854
668,US,US,WTAI,,WisdomTree Artificial Intelligence and Innovation Fund,Equity,USD,727670395,0.728,42.65,191003,61,WisdomTree,Technology,WisdomTree Artificial Intelligence & Innovation Index,,,Long,2021-12-09,0.45,1.234,28.60738,1.6372,289090.6,46.362,59.618,132.933,,,46.362,62.483,138.135,,,62.537,33.53,,,-12.76335,60.64
669,US,US,JETS,,U.S. Global Jets ETF,Equity,USD,727322048,0.727,28.02,3270402,56,US Global Investors,Industrials,Stuttgart US Global Jets,North America,United States,Long,2015-04-28,0.6,0.8312,10.12578,1.17971,2604726,-0.17813,7.233,52.948,24.312,17.929,-0.17813,8.111,54.2,26.172,24.578,8.117,15.526,4.76,2.222,-17.73341,19.082
670,US,US,IEO,,iShares U.S. Oil & Gas Exploration & Production ETF,Equity,USD,724376238,0.724,141.69,111846,50,BlackRock,Equity Energy,DJ US Select / Oil & Gas Exploration & Production,North America,United States,Long,2006-05-01,0.37,1.645,12.5189,0.42385,16442.75,58.739,56.98,40.482,179.467,127.797,60.187,60.642,51.298,224.57,191.412,60.694,14.797,26.554,11.29,-0.55446,64.89
671,US,US,MISL,,First Trust Indxx Aerospace & Defense ETF,Equity,USD,718103936,0.718,42.5,86358,40,First Trust,Industrials,Indxx US Aerospace & Defense Index,North America,United States,Long,2022-10-25,0.65,0.3198,34.89113,0.69406,72709.45,-0.67773,9.423,89.141,,,-0.61667,9.782,92.52,,,9.789,24.395,,,-16.82975,11.344
672,US,US,MULL,,GraniteShares 2x Long MU Daily ETF,Equity,USD,705967915,0.706,24.39,3648763,18,GraniteShares,Trading--Leveraged Equity,,,,2X Long,2024-11-11,1.5,0.0569,,,4831540.9,579.766,2553.394,,,,579.842,2563.641,,,,2569.636,,,,-43.96453,2553.106
673,US,US,FEPI,,REX FANG & Innovation Equity Premium Income ETF,Equity,USD,701786522,0.702,42.48,184134,59,REX Shares,Derivative Income,,North America,United States,Long,2023-10-09,0.65,25.154,34.77369,1.11068,166801.5,-6.73985,-8.25054,,,,9.713,17.492,,,,17.505,,,,-14.49275,12.084
674,US,US,SMDV,,ProShares Russell 2000 Dividend Growers ETF,Equity,USD,702310438,0.702,75.35,78057,101,ProShares,Small Value,Russell 2000 Dividend Growth Index,North America,United States,Long,2015-02-05,0.4,2.342,16.81954,0.78284,121043.8,14.028,9.936,28.671,18.924,55.907,15.263,12.774,39.69,35.699,96.568,12.783,11.783,6.296,6.993,-5.2916,17.991
675,US,US,FCG,,First Trust Natural Gas ETF,Equity,USD,698544868,0.699,31.87,555279,44,First Trust,Equity Energy,Nasdaq FactSet Natural Gas Index,North America,United States,Long,2007-05-08,0.59,1.997,11.44794,0.48223,714474.25,36.138,38.205,18.874,122.245,16.911,37.545,41.599,28.734,156.675,51.146,41.633,8.782,20.75,4.218,-3.51196,46.461
676,US,US,GMOI,,GMO International Value ETF,Equity,USD,695087025,0.695,41.32,73335,190,GMO,Foreign Large Value,,Global,,Long,2024-10-28,0.6,2.589,11.93435,,93139.5,23.049,31.383,,,,23.546,35.734,,,,35.762,,,,-1.96916,35.89
677,CA,TSX,TQGD,,TD Q Global Dividend ETF,Equity,CAD,931459650,0.677,26.6,93345,202,TD,High Dividend Yield,,,,Long,2019-11-20,0.56,2.632,16.34431,0.69997,47561.35,16.564,20.362,62.195,71.946,,18.851,23.911,78.862,104.833,,23.929,21.382,15.422,,-2.67106,20.416
678,US,US,YINN,,Direxion Daily FTSE China Bull 3X ETF,Equity,USD,675558035,0.676,27.01,1184048,16,Direxion,Trading--Leveraged Equity,FTSE China 50 Net Tax USD Index,Asia-Pacific,China,3X Long,2009-12-03,1.34,1.406,,1.01179,1051457.5,-36.58136,-44.2403,-11.93349,-89.65134,-93.54137,-35.93565,-43.53539,-6.07238,-88.69655,-92.60883,-43.55749,-2.06607,-35.3429,-22.93524,-53.19702,30.546
679,US,US,TOPT,,iShares Top 20 U.S. Stocks ETF,Equity,USD,675973083,0.676,33.92,429534,25,BlackRock,Large Blend,S&P 500 Top 20 Select Index,North America,United States,Long,2024-10-23,0.2,0.3735,30.8619,,293079.4,8.614,15.926,,,,8.836,16.402,,,,16.414,,,,-1.60986,23.166
680,IN,NSE,BANKBEES,,Nippon Mutual Funds - Nippon India ETF Nifty Bank BeES,Equity,INR,63346532000,0.666,587.5,339418,17,Nippon,Financials,Nifty Bank Index - INR,,,Long,2004-05-27,0.19,,14.78348,1.077,537513.7,-4.4995,4.819,27.642,58.681,,-4.4995,4.819,27.642,58.681,,4.822,8.473,9.676,,-8.31312,13.545
681,US,US,GQGU,,GQG US Equity ETF,Equity,USD,663203035,0.663,26.17,206434,37,GQG Partners,Large Growth,,North America,United States,Long,2019-07-31,0.49,0.9553,14.6945,,198599.05,6.599,5.185,,,,6.599,6.254,,,,6.258,,,,-4.87096,10.282
682,US,US,TSLY,,YieldMax TSLA Option Income Strategy ETF,Equity,USD,661328259,0.661,22.79,298809,23,YieldMax,Derivative Income,,North America,United States,Long,2022-10-22,1.07,93.679,380.5586,1.51318,493423.15,-39.29142,-40.49608,-83.77936,,,-13.46995,9.697,23.059,,,9.704,7.16,,,-52.96182,11.688
683,US,US,PSQ,,ProShares Short QQQ,Equity,USD,660461312,0.66,25.87,11281116,18,ProShares,Trading--Inverse Equity,NASDAQ 100 Index,,,-1X Short,2006-06-19,0.95,4.414,,-1.18609,7702600.95,-14.33775,-20.35099,-51.18868,-55.0087,-89.30108,-13.16254,-17.22774,-42.79377,-45.97109,-86.79453,-17.23846,-16.98316,-11.58664,-18.32985,-22.7069,3.646
684,US,US,IAT,,iShares U.S. Regional Banks ETF,Equity,USD,658621323,0.659,61.77,99220,35,BlackRock,Financial,DJ US Select / Regional Banks,North America,United States,Long,2006-05-01,0.37,2.618,12.75294,0.88964,145972.75,12.004,14.857,77.347,7.576,73.074,13.264,18.244,96.355,25.885,128.092,18.258,25.216,4.712,8.597,-6.62837,30.399
685,US,US,OSCV,,Opus Small Cap Value ETF,Equity,USD,659088207,0.659,41.19,52135,64,Opus Capital Management,Small Blend,,North America,United States,Long,2018-07-18,0.79,1.083,16.52761,0.81739,96087.65,11.234,7.015,30.621,24.75,,11.71,8.244,35.828,33.176,,8.25,10.744,5.898,,-4.851,14.64
686,US,US,EMEQ,,Nomura ETF Trust Nomura Focused Emerging Markets Equity ETF,Equity,USD,651637284,0.652,67.6,70974,68,Nomura,Diversified Emerging Mkts,,Emerging Markets,,Long,2024-09-04,0.85,1.64,14.90121,1.64458,77971.95,68.159,110.421,,,,68.16,116.453,,,,116.568,,,,-14.11511,106.981
687,US,US,KIE,,State Street SPDR S&P Insurance ETF,Equity,USD,650285776,0.65,62.08,1407844,54,State Street,Financial,S&P Insurance Select Industry,North America,United States,Long,2005-11-08,0.35,1.574,10.25673,0.6078,990214,3.209,5.131,46.312,59.425,148.449,4.122,6.921,53.625,73.827,197.557,6.926,15.382,11.694,11.523,-6.68871,16.157
688,US,US,FIVA,,Fidelity International Value Factor ETF,Equity,USD,643506998,0.644,39.72,93822,130,Fidelity,Foreign Large Value,Fidelity International Value Factor Index,Global,,Long,2018-01-16,0.18,2.55,12.54838,0.73047,90615.85,16.039,27.635,71.207,60.55,,18.255,31.358,88.603,91.878,,31.383,23.546,13.923,,-1.91866,28.585
689,US,US,RSPG,,Invesco S&P 500 Equal Weight Energy ETF,Equity,USD,641979785,0.642,116.79,66445,25,Invesco,Equity Energy,S&P 500 Equal Weight Energy Plus Index,North America,United States,Long,2006-11-01,0.4,1.791,15.41787,0.51122,80484.4,46.749,52.547,47.484,192.414,91.742,48.273,56.212,59.066,237.425,150.159,56.26,16.729,27.541,9.604,-1.15108,56.913
690,US,US,EWN,,iShares MSCI Netherlands ETF,Equity,USD,641472382,0.641,68.49,327484,60,BlackRock,Focused Region,MSCI Netherlands IMI 25-50,Europe,Netherlands,Long,1996-03-12,0.5,4.143,19.80329,1.13536,276954.9,20.095,26.435,72.693,28.62,172.11,21.271,32.548,88.518,45.217,238.051,32.574,23.527,7.748,12.955,-4.66978,27.637
691,US,US,SILJ,,Amplify Junior Silver Miners ETF,Equity,USD,640116218,0.64,31.94,3766560,63,Amplify Investments,Equity Precious Metals,Nasdaq Junior Silver Miners Index,,,Long,2012-11-28,0.69,1.735,23.99568,0.96624,4022767.4,15.432,64.047,255.679,142.705,77.939,15.432,67.134,288.289,166.045,105.388,67.193,57.159,21.619,7.464,-22.2871,67.225
692,CA,TSX,XUT,,iShares S&P/TSX Capped Utilities Index ETF,Equity,CAD,880880100,0.64,34.68,1117787,17,iShares,Utilities,S&P/TSX Capped Utilities Index - CAD,North America,,Long,2011-04-12,0.61,3.252,28.48996,0.62563,403879.8,8.681,14.154,34.523,10.763,56.005,10.923,18.001,51.106,33.235,128.846,18.014,14.748,5.908,8.632,-9.54617,14.305
693,US,US,KSA,,iShares MSCI Saudi Arabia ETF,Equity,USD,634048211,0.634,38.3,666062,122,BlackRock,Focused Region,MSCI Saudi Arabia IMI 25-50,Middle East,Saudi Arabia,Long,2015-09-16,0.75,2.696,15.2528,0.2966,438073.15,5.191,4.388,-4.25,-8.35128,72.912,6.8,7.265,4.911,4.219,119.29,7.27,1.611,0.83,8.17,-7.71084,6.953
694,US,US,ROCY,,JPMorgan Equity Premium Yield ETF,Equity,USD,628743034,0.629,54.76,219822,118,JPMorgan Chase,,,North America,United States,Long,2026-03-18,0.35,3.316,24.94251,,391095.25,,,,,,,,,,,,,,,-2.16187,13.288
695,US,US,TSMX,,Direxion Daily TSM Bull 2X ETF,Equity,USD,620130151,0.62,83.02,281338,20,Direxion,Trading--Leveraged Equity,"Taiwan Semiconductor Manufacturing Co., Ltd. Sponsored ADR",,,2X Long,2024-10-03,0.99,5.01,,,456824.9,68.125,123.593,,,,69.413,141.744,,,,141.89,,,,-21.91497,123.292
696,US,US,SETM,,Sprott Critical Materials ETF,Equity,USD,619445591,0.619,34.56,126169,166,Sprott,Natural Resources,Nasdaq Sprott Critical Materials Net Total Return,North America,United States,Long,2023-02-01,0.65,1.31,24.14988,1.09752,128981.65,19.378,54.562,96.141,,,19.378,57.113,108.43,,,57.162,27.731,,,-14.77189,59.963
697,US,US,LVHD,,Franklin U.S. Low Volatility High Dividend Index ETF,Equity,USD,619008360,0.619,43.5127,92278,117,Franklin Templeton,Mid-Cap Value,Franklin Low Volatility High Dividend Index (NTR),North America,United States,Long,2015-12-29,0.27,3.419,18.72162,0.5594,62188.4,9.104,6.597,23.126,14.961,52.355,11.095,10.45,37.711,36.979,115.944,10.458,11.253,6.496,8.004,-6.41424,10.256
698,US,US,XPH,,State Street SPDR S&P Pharmaceuticals ETF,Equity,USD,617641353,0.618,69.32,78726,67,State Street,Health,S&P Pharmaceuticals Select Industry,North America,United States,Long,2006-06-19,0.35,0.4842,14.95871,0.60086,150546.6,23.764,45.63,61.209,42.928,53.363,24.027,46.557,66.997,52.264,68.795,46.595,18.637,8.774,5.375,-6.75903,51.354
699,US,US,FLBR,,Franklin FTSE Brazil ETF,Equity,USD,616028467,0.616,23.55,137440,76,Franklin Templeton,Focused Region,FTSE Brazil RIC Capped Index,Latin America,Brazil,Long,2017-11-03,0.19,5.495,8.45203,0.63615,212263.85,23.622,29.374,28.408,11.823,,25.138,38.208,55.999,72.218,,38.239,15.974,11.486,,-10.2823,33.428
700,US,US,GVAL,,Cambria Global Value ETF,Equity,USD,605115725,0.605,39.76,168679,121,Cambria,Foreign Large Value,,Global,,Long,2014-03-12,0.66,2.234,12.40324,0.62282,99097.9,26.343,36.538,103.272,66.221,99.099,27.851,40.287,127.926,107.325,187.249,40.32,31.594,15.702,11.13,-0.2759,39.509
701,CA,TSX,DXQ,,Dynamic Active Enhanced Yield Covered Options ETF,Equity,CAD,826935940,0.601,28.3,89894,200,Dynamic,Large Cap,,,,Long,2022-09-07,0.93,8.083,31.54817,0.31414,21043.1,3.364,5.21,25.589,,,9.277,14.257,55.824,,,14.267,15.93,,,-2.41379,8.429
702,US,US,MFSV,,MFS Active Value ETF,Equity,USD,600211443,0.6,29.1,77162,63,MFS,Large Value,,North America,United States,Long,2024-12-05,0.44,1.341,20.30904,,143929.9,9.646,13.406,,,,10.454,15.067,,,,15.078,,,,-3.48259,14.929
703,US,US,SEIS,,SEI Select Small Cap ETF,Equity,USD,600164977,0.6,32.1761,63893,376,SEI,Small Blend,,North America,United States,Long,2024-07-31,0.55,0.338,16.3056,,49430.95,15.153,14.87,,,,15.296,15.298,,,,15.309,,,,-4.69165,24.415
704,US,US,LGH,,HCM Defender 500 Index ETF,Equity,USD,598036473,0.598,65.47,52287,419,HCM,Large Blend,HCM Defender 500 Index,North America,United States,Long,2019-10-10,1,0.3625,26.48314,0.96461,22330.2,5.648,12.889,65.915,52.469,,5.648,13.324,68.255,55.754,,13.334,18.934,9.268,,-3.13226,16.671
705,US,US,HEZU,,iShares Currency Hedged MSCI Eurozone ETF,Equity,USD,592560877,0.593,48.67,75598,16,BlackRock,Europe Stock,MSCI EMU 100% Hedged to USD Net Variant,Global,,Long,2014-07-10,0.53,2.585,,0.81243,69112.8,11.22,19.231,55.57,30.728,93.058,13.136,22.448,69.039,79.524,207.002,22.465,19.118,12.417,11.872,-5.8243,19.202
706,US,US,PTF,,Invesco Dorsey Wright Technology Momentum ETF,Equity,USD,590808398,0.591,104,76181,40,Invesco,Technology,Dorsey Wright Technology Tech Leaders TR,,,Long,2006-10-12,0.6,0.1513,42.9505,1.67238,104544.3,35.971,48.612,120.013,96.412,669.06,35.972,48.627,120.642,97.054,674.395,48.667,30.178,14.532,22.718,-25.52811,56.438
707,CA,TSX,ZUT,,BMO Equal Weight Utilities Index ETF,Equity,CAD,809816770,0.588,28.35,279502,14,BMO,Utilities,Solactive Equal Weight Canada Utilities Index - CAD,North America,,Long,2010-01-19,0.61,2.882,28.14853,0.55627,65056.6,12.634,17.489,35.581,9.502,67.257,14.762,21.023,52.017,32.208,147.156,21.039,14.979,5.744,9.472,-8.84244,17.586
708,US,US,EZA,,iShares MSCI South Africa ETF,Equity,USD,588232832,0.588,71.31,112533,34,BlackRock,Focused Region,MSCI South Africa 25-50,Africa,South Africa,Long,2003-02-03,0.59,7.076,11.78929,0.7868,133847.75,3.648,20.172,85.558,46.427,26.931,5.92,29.526,118.916,84.223,106.04,29.549,29.837,12.999,7.498,-12.77598,21.131
709,US,US,DDM,,ProShares Ultra Dow30,Equity,USD,586226125,0.586,65.19,87317,44,ProShares,Trading--Leveraged Equity,Dow Jones Industrial Average,North America,United States,2X Long,2006-06-19,0.95,0.9377,,1.73347,118848.85,14.65,25.583,92.216,75.077,436.234,15.303,26.946,97.988,82.128,477.67,26.967,25.562,12.741,19.173,-8.50526,32.339
710,US,US,IPKW,,Invesco International BuyBack Achievers ETF,Equity,USD,576858667,0.577,60.795,62524,194,Invesco,Foreign Large Value,NASDAQ International BuyBack Achievers Index,Global,,Long,2014-03-06,0.55,3.366,13.70986,0.64369,37686.1,9.397,16.492,72.762,33.645,111.145,11.412,20.9,92.644,67.606,193.285,20.916,24.422,10.883,11.362,-2.20696,19.299
711,CA,TSX,ENCC,,Global X Canadian Oil and Gas Equity Covered Call ETF,Equity,CAD,792260300,0.575,12.995,73726,50,Global X,Energy,,North America,,Long,2011-04-11,1.08,11.081,17.64165,0.54062,84627.1,23,22.71,15.717,80.486,-16.21534,32.924,38.649,72.843,241.533,113.188,38.68,20.005,27.85,7.865,-3.16692,28.663
712,US,US,CONL,,GraniteShares 2x Long COIN Daily ETF,Equity,USD,571761994,0.572,5.3,13021488,20,GraniteShares,Trading--Leveraged Equity,,North America,United States,2X Long,2022-08-09,1.04,0,,6.04461,23573567.9,-63.82253,-82.8201,-55.16074,,,-63.82253,-82.8201,-55.05003,,,-82.84081,-23.39281,,,-89.8855,48.876
713,US,US,CSRE,,Cohen & Steers Real Estate Active ETF,Equity,USD,569899286,0.57,28.16,99793,47,Cohen & Steers,Real Estate,,,,Long,2025-02-04,0.7,2.221,25.14362,,139459.25,10.371,9.063,,,,11.35,11.683,,,,11.691,,,,-6.28533,12.316
714,CA,TSX,XMA,,iShares S&P/TSX Capped Materials Index ETF,Equity,CAD,779586500,0.566,49.98,71951,63,iShares,Materials,S&P/TSX Capped Materials Index - CAD,North America,,Long,2005-12-19,0.62,0.3878,18.44703,1.46413,95650.3,19.827,49.283,177.512,185.6,256.491,20.23,50.008,184.308,199.59,286.076,50.05,41.654,24.543,14.466,-10.30151,50.497
715,US,US,QCLN,,First Trust Nasdaq Clean Edge Green Energy Index Fund,Equity,USD,563529552,0.564,49.3543,128774,54,First Trust,Miscellaneous Sector,NASDAQ Clean Edge Green Energy,North America,United States,Long,2007-02-08,0.59,0.1688,32.47941,1.64137,156840.45,10.68,30.636,8.091,-24.86786,226.85,10.694,30.879,9.618,-23.25084,246.632,30.903,3.108,-5.15563,13.239,-28.67876,32.744
716,US,US,TXUE,,Thornburg International Equity ETF,Equity,USD,561647287,0.562,35.69,110991,52,Thornburg,Foreign Large Blend,,Global,,Long,2025-01-22,0.65,0.9484,18.078,,45785,13.844,18.14,,,,13.844,19.432,,,,19.447,,,,-7.05729,19.825
717,US,US,UFO,,Procure Space ETF,Equity,USD,557698077,0.558,43.06,203033,67,ProcureAM,Miscellaneous Sector,VettaFi Space Index,,,Long,2019-04-11,0.75,0.3441,23.26019,1.36013,221687.7,11.41,23.665,138.692,36.137,,11.551,24.108,147.872,47.859,,24.126,35.325,8.137,,-36.87328,39.398
718,US,US,ROCQ,,JPMorgan Nasdaq Equity Premium Yield ETF,Equity,USD,551747553,0.552,55.4544,219655,103,JPMorgan Chase,,,North America,United States,Long,2026-03-18,0.35,5.21,32.87733,,318254.7,,,,,,,,,,,,,,,-4.83199,17.513
719,US,US,MSFU,,Direxion Daily MSFT Bull 2X ETF,Equity,USD,550522583,0.551,36.73,1563619,15,Direxion,Trading--Leveraged Equity,,North America,United States,2X Long,2022-09-07,0.98,8.256,,1.95832,2767213.8,-11.38721,-24.85679,6.742,,,-10.3292,-19.14235,25.803,,,-19.15411,7.95,,,-37.62948,88.649
720,US,US,LABU,,Direxion Daily S&P Biotech Bull 3X ETF,Equity,USD,548181239,0.548,279.02,247163,171,Direxion,Trading--Leveraged Equity,S&P Biotechnology Select Industry,North America,United States,3X Long,2015-05-28,0.96,0.3629,,2.44375,379732.9,75.055,249.386,191.253,-78.64207,-68.15567,75.055,251.611,196.173,-78.25417,-67.27874,251.914,43.597,-26.30177,-10.57142,-18.3985,272.275
721,US,US,JNUG,,Direxion Daily Junior Gold Miners Index Bull 2X ETF,Equity,USD,545294393,0.545,195.79,154885,15,Direxion,Trading--Leveraged Equity,MVIS Global Junior Gold Miners,Global,,2X Long,2013-10-03,1.03,1.488,,1.76983,282701.7,-5.2048,55.896,579.355,204.211,-95.8039,-4.16126,58.514,622.554,226.238,-95.4227,58.564,93.297,26.684,-26.54141,-46.14422,96.932
722,US,US,ENFR,,Alerian Energy Infrastructure ETF,Equity,USD,545362815,0.545,40.13,56841,29,SS&C,Energy Limited Partnership,Alerian Midstream Energy Select Index,North America,United States,Long,2013-11-01,0.35,3.848,20.83813,0.59651,85383.5,27.579,27.721,81.534,111.355,70.403,31.609,33.385,109.97,177.28,189.207,33.411,28.045,22.63,11.206,-2.00244,34.529
723,US,US,NVDU,,Direxion Daily NVDA Bull 2X ETF,Equity,USD,536517012,0.537,141.2749,155416,18,Direxion,Trading--Leveraged Equity,,North America,United States,2X Long,2023-09-13,0.92,4.866,,3.96581,342641.85,20.009,29.836,,,,21.291,37.54,,,,37.57,,,,-18.28625,64.235
724,US,US,REM,,iShares Mortgage Real Estate ETF,Equity,USD,534725789,0.535,21.43,268626,35,BlackRock,Real Estate,FTSE Nareit All Mortgage Capped Index,,,Long,2007-05-01,0.48,9.045,7.48999,1.22507,154119.95,-3.38142,-8.88605,-10.4097,-41.1102,-50.93864,-0.38305,-0.59191,17.518,-8.79993,21.043,-0.59232,5.527,-1.82567,1.928,-10.89397,5.023
725,US,US,NBOS,,Neuberger Option Strategy ETF,Equity,USD,534409725,0.534,28.46,224628,34,Neuberger Berman,Equity Hedged,,North America,United States,1.25X Long,2016-09-16,0.57,8.011,,0.43417,77901.15,4.364,6.892,,,,10.254,16.156,,,,16.168,,,,-1.07751,9.168
726,US,US,DWX,,State Street SPDR S&P International Dividend ETF,Equity,USD,529704406,0.53,47.6551,58142,123,State Street,Foreign Large Value,S&P International Dividend Opportunities Index,Global,,Long,2008-02-12,0.45,4.123,16.49675,0.54191,13413,8.467,9.855,39.792,18.959,26.373,10.583,14.818,58.837,47.855,96.569,14.829,16.673,8.136,6.993,-2.42609,13.519
727,US,US,VNM,,VanEck Vietnam ETF,Equity,USD,524506171,0.525,17.85,687693,59,VanEck,Focused Region,MarketVector Vietnam Local Index,Asia-Pacific,Vietnam,Long,2009-08-14,0.66,0.2129,13.68715,0.93254,156431.7,-6.44654,2.763,15.459,-9.71168,21.017,-6.44654,2.976,21.945,-3.28149,36.993,2.978,6.835,-0.66518,3.198,-10.07557,10.049
728,US,US,RSPU,,Invesco S&P 500 Equal Weight Utilities ETF,Equity,USD,521185969,0.521,76.04,57728,34,Invesco,Utilities,S&P 500 Equal Weighted / Utilities Plus,North America,United States,Long,2006-11-01,0.4,2.662,17.8835,0.5788,57417.25,1.685,4.508,41.839,35.696,81.545,3.041,7.306,53.974,54.649,140.74,7.311,15.47,9.113,9.184,-10.03313,4.868
729,US,US,IAK,,iShares U.S. Insurance ETF,Equity,USD,516888135,0.517,142.94,432158,70,BlackRock,Financial,DJ US Select / Insurance,North America,United States,Long,2006-05-01,0.37,2.497,9.87899,0.52003,121598.95,4.987,8.034,56.827,77.264,168.684,6.914,10.979,66.515,95.21,228.316,10.987,18.523,14.316,12.625,-6.19504,14.701
730,US,US,EIDO,,iShares MSCI Indonesia ETF,Equity,USD,515690947,0.516,13.13,872700,71,BlackRock,Focused Region,MSCI Indonesia IMI 25-50,Asia-Pacific,Indonesia,Long,2010-05-05,0.59,2.966,10.00268,0.30519,1014594.4,-29.7861,-24.97143,-42.20951,-38.03681,-49.20696,-28.46555,-22.8202,-35.36556,-27.04309,-35.39628,-22.83389,-13.53592,-6.11212,-4.27549,-31.916,22.481
731,US,US,DJD,,Invesco Dow Jones Industrial Average Dividend ETF,Equity,USD,509893973,0.51,65.0704,52087,29,Invesco,Large Value,Dow Jones Industrial Average Yield Weighted Index,,,Long,2015-12-16,0.07,2.408,21.03354,0.70867,46671.75,13.879,19.107,51.154,46.952,133.68,15.389,22.345,65.414,71.899,218.087,22.362,18.261,11.445,12.269,-2.63295,20.478
732,US,US,VGSR,,Vert Global Sustainable Real Estate ETF,Equity,USD,505880664,0.506,11.1136,121295,155,Vert,Global Real Estate,S&P Global REIT Index,Global,,Long,2017-10-31,0.45,3.382,25.96158,0.70265,222311.85,6.862,4.697,,,,8.735,8.436,,,,8.442,,,,-9.35073,11.582
733,US,US,ICOP,,iShares Copper and Metals Mining ETF,Equity,USD,498818181,0.499,59.17,241313,59,BlackRock,Natural Resources,STOXX Global Copper and Metals Mining Index,,,Long,2023-06-21,0.47,1.511,19.42609,0.9515,154837.05,33.536,77.901,145.559,,,34.208,81.424,163.023,,,81.498,38.028,,,-2.88856,78.062
734,CA,TSX,BTCC,,Purpose Bitcoin ETF,Currency,CAD,683603260,0.497,13.64,95465,44,Purpose,"Long BTC, Short CAD",BTC/CAD Exchange Rate - CAD - Benchmark Price Return,,,Long,2021-02-23,1.35,,,2.053,198964.7,-13.28671,-32.90703,173.896,42.231,,-13.28671,-32.90703,173.896,42.231,,-32.92537,39.904,7.301,,-40.33246,33.725
735,US,US,CRAK,,VanEck Oil Refiners ETF,Equity,USD,496085079,0.496,66.3,1102373,27,VanEck,Equity Energy,MVIS Global Oil Refiners,,,Long,2015-08-18,0.61,1.14,8.66492,0.55233,435049.2,76.772,84.279,89.002,135.566,237.233,76.771,87.999,111.31,178.338,346.146,88.08,28.316,22.723,16.133,-0.28576,86.761
736,US,US,PAPI,,Parametric Equity Premium Income ETF,Equity,USD,489587269,0.49,27.3805,72660,193,Parametric,Derivative Income,,North America,United States,Long,2023-10-16,0.29,7.533,17.74446,0.2144,91780,6.192,4.546,,,,11.803,12.896,,,,12.905,,,,-4.04591,9.522
737,US,US,NAIL,,Direxion Daily Homebuilders & Supplies Bull 3X ETF,Equity,USD,488726896,0.489,31.23,1844842,60,Direxion,Trading--Leveraged Equity,DJ US Select / Home Construction,North America,United States,3X Long,2015-08-19,0.96,0.9814,,3.85326,1315834.7,-37.06167,-67.77755,-55.30271,-61.12287,1.13,-36.80427,-67.57539,-54.33729,-60.12581,5.842,-67.6004,-22.99012,-16.79921,0.5695,-67.25729,5.4
738,US,US,METU,,Direxion Daily META Bull 2X ETF,Equity,USD,485843311,0.486,25.54,10054740,10,Direxion,Trading--Leveraged Equity,Meta Platforms Inc Class A,North America,United States,2X Long,2024-06-05,1.02,3.438,,3.2327,6563378.2,-20.46092,-43.55801,,,,-19.29187,-41.88525,,,,-41.90685,,,,-48.66332,51.573
739,US,US,CXSE,,WisdomTree China ex-State-Owned Enterprises Fund,Equity,USD,476799306,0.477,36.5984,63617,265,WisdomTree,Greater China Region,WisdomTree China ex-State-Owned Enterprises Index,Global,China,Long,2012-09-19,0.32,1.58,17.39169,0.43076,17734.85,-8.75492,-12.33916,21.792,-36.18413,38.159,-8.49272,-11.09344,27.925,-31.23719,56.598,-11.1006,8.553,-7.21746,4.588,-19.82826,0.1598
740,US,US,ZAP,,Global X U.S. Electrification ETF,Equity,USD,471701590,0.472,31.98,193909,47,Global X,Utilities,Global X US Electrification Index,North America,United States,Long,2024-12-17,0.5,1.693,23.06232,,128372.8,10.048,16.291,,,,11.024,18.307,,,,18.321,,,,-9.63549,16.609
741,US,US,AVXC,,Avantis Emerging Markets ex-China Equity ETF,Equity,USD,471082747,0.471,84.3283,120480,2912,American Century Investments,Diversified Emerging Mkts,,Emerging Markets,,Long,2024-03-19,0.33,2.12,14.10956,0.92644,56798.65,32.236,44.385,,,,33.712,48.062,,,,48.102,,,,-5.0036,44.274
742,US,US,NCIQ,,Hashdex Nasdaq CME Crypto Index ETF,Currency,USD,466818022,0.467,19.9,97184,10,Hashdex,Digital Assets,Nasdaq CME Crypto Settlement Price Index,,,Long,2025-02-13,0.25,0,,,69243.05,-12.45821,-35.12632,,,,-12.45782,-35.12569,,,,-35.14491,,,,-41.91477,38.387
743,US,US,BBLU,,EA Bridgeway Blue Chip ETF,Equity,USD,465638828,0.466,17.33,104507,40,Alpha Architect,Large Blend,,North America,United States,Long,1997-07-31,0.15,1.103,25.84697,1.16688,77014.65,13.565,19.6,73.821,,,13.565,21.103,81.46,,,21.119,21.967,,,-1.39964,20.851
744,US,US,BITQ,,Bitwise Crypto Industry Innovators ETF,Equity,USD,463143484,0.463,26.06,71253,35,Bitwise,Equity Digital Assets,Bitwise Crypto Innovators 30 Index,Global,,Long,2021-05-11,0.85,0,27.00507,3.13768,108521.1,30.758,31.55,258.953,2.397,,30.758,31.55,267.238,7.704,,31.575,54.267,1.496,,-17.13831,56.517
745,US,US,POWR,,iShares U.S. Power Infrastructure ETF,Equity,USD,459599520,0.46,25.71,220473,82,BlackRock,,S&P U.S. Power Infrastructure Select Index,North America,United States,Long,2012-01-31,0.39,5.867,20.69322,0.47281,203231,9.265,4.533,-0.17085,61.749,32.253,9.895,11.12,15.274,104.426,101.267,11.128,4.851,15.376,7.246,-9.59916,10.915
746,CA,TSX,XBM,,iShares S&P/TSX Global Base Metals Index ETF,Equity,CAD,629986900,0.458,38.71,60248,60,iShares,Materials,S&P/TSX Base Metals,,,Long,2011-04-12,0.63,0.633,19.16542,1.72099,52749.2,31.131,72.428,101.72,114.519,303.65,31.671,73.739,109.085,142.632,423.343,73.805,27.864,19.399,18.002,-8.57345,72.967
747,US,US,TTEQ,,T. Rowe Price Technology ETF,Equity,USD,458251474,0.458,42.4385,56003,85,T. Rowe Price,Technology,,,,Long,2024-10-23,0.63,0,39.27744,,98291.45,30.5,37.106,,,,30.498,37.106,,,,37.136,,,,-7.25852,47.921
748,CA,TSX,AMAX,,Hamilton Gold Producer Yield Maximizer ETF,Equity,CAD,629243300,0.457,37.43,74048,17,Hamilton,Materials,,,,Long,2024-02-06,0.8,8.87,13.38746,1.88403,68647.55,4.466,22.641,,,,11.522,34.771,,,,34.799,,,,-18.20367,33.774
749,US,US,XRT,,State Street SPDR S&P Retail ETF,Equity,USD,454228683,0.454,84.3,4306705,76,State Street,Consumer Cyclical,S&P Retail Select Industry,North America,United States,Long,2006-06-19,0.35,0.7989,15.41526,1.16491,3615591.2,-1.16075,-3.59103,36.012,-9.68502,89.566,-0.67874,-2.81589,41.025,-2.35564,120.052,-2.81779,12.138,-0.4757,8.207,-9.85885,9.14
750,US,US,AIPI,,REX AI Equity Premium Income ETF,Equity,USD,444070484,0.444,36.9,182961,96,REX Shares,Derivative Income,,,,Long,2024-06-04,0.65,35.068,42.36313,1.13464,161209.25,-7.86517,-11.7858,,,,14.613,23.435,,,,23.453,,,,-18.14552,14.561
751,IN,NSE,JUNIORBEES,,Nippon Mutual Funds - Nippon India ETF Nifty Next 50 Junior BeES,Equity,INR,41815044000,0.439,789.37,239411,53,Nippon,Large Cap,NIFTY Next 50 Index - INR - Benchmark TR Gross,,,Long,2003-02-21,0.15,,19.65783,1.188,383536.75,5.973,9.026,61.07,77.498,,5.973,9.026,61.07,77.498,,9.032,17.217,12.162,,-4.19918,24.833
752,US,US,OSEA,,Harbor International Compounders ETF,Equity,USD,437328890,0.437,29.68,297209,38,Harbor,Foreign Large Growth,,Global,,Long,2022-09-06,0.55,1.267,23.61923,0.7956,177588.7,-1.8843,0.4229,24.884,,,-1.8843,1.686,27.944,,,1.687,8.559,,,-6.06109,6.228
753,US,US,OVL,,Overlay Shares Large Cap Equity ETF,Equity,USD,435825994,0.436,56.61,137847,10,Liquid Strategies,Derivative Income,,,,Long,2019-09-30,0.79,8.197,,1.12984,187108.55,6.39,11.657,58.861,44.491,,14.04,21.572,84.872,81.485,,21.588,22.726,12.661,,-3.90426,16.914
754,CA,TSX,EMAX,,Hamilton Energy Yield Maximizer ETF,Equity,CAD,585767310,0.425,18.06,101852,22,,Energy Equity,,North America,,Long,2024-02-06,,9.546,19.22,0.50741,54368.6,32.502,34.076,,,,42.106,49.754,,,,49.795,,,,-1.58038,35.892
755,US,US,MVLL,,GraniteShares 2x Long MRVL Daily ETF,Equity,USD,422269611,0.422,29.16,3737347,16,GraniteShares,Trading--Leveraged Equity,,,,2X Long,2025-03-03,1.5,0,,,4532551.3,306.355,488.259,,,,306.375,488.299,,,,489.013,,,,-62.4551,504.352
756,US,US,EUV,,Corgi Lithography & Semiconductor Photonics ETF,Equity,USD,422385942,0.422,24.3,527024,41,Corgi,Technology,,,,Long,2026-05-06,0.35,0,53.21828,,677204.3,,,,,,,,,,,,,,,-24.05063,17.904
757,US,US,COPY,,Tweedy Browne Insider + Value ETF Trust Units,Equity,USD,420287415,0.42,15.71,146386,599,"Tweedy, Browne Co.",,,Global,,Long,2024-12-27,0.8,0.7835,11.17763,,226372.45,21.783,27.724,,,,21.783,28.939,,,,28.961,,,,-3.0187,32.462
758,CA,TSX,HDIF,,Harvest Diversified Monthly Income ETF,Equity,CAD,570938750,0.415,9.46,67140,11,Harvest ETFs,Large Cap,,,,1.25X Long,2022-02-16,2.28,10.733,22.91,1.10176,55831.1,5.817,8.611,22.698,,,14.506,21.515,69.542,,,21.531,19.236,,,-4.44444,15.085
759,US,US,PLTU,,Direxion Daily PLTR Bull 2X ETF,Equity,USD,413149236,0.413,46.93,533878,17,Direxion,Trading--Leveraged Equity,,,,2X Long,2024-12-11,0.97,36.81,,,1119542.95,-36.18439,-38.22562,,,,-35.23634,-23.8462,,,,-23.8604,,,,-63.34596,123.051
760,US,US,KBWD,,Invesco KBW High Dividend Yield Financial ETF,Equity,USD,411282342,0.411,12.18,588818,40,Invesco,Financial,KBW Nasdaq Financial Sector Dividend Yield Index,North America,United States,Long,2010-12-02,5.39,14.179,8.46748,1.01192,361209.8,-10.86066,-15.06276,-22.71574,-40.49829,-46.10619,-2.67176,-3.14612,12.013,5.921,49.754,-3.14824,3.853,1.157,4.121,-17.33967,2.353
761,US,US,BBHM,,BBH Select Mid Cap ETF,Equity,USD,409970247,0.41,11.5,105080,30,BBH,Mid-Cap Growth,,,,Long,2025-11-17,0.81,0,29.99175,,123773.85,2.05,,,,,2.049,,,,,,,,,-8.73016,7.88
762,US,US,FXN,,First Trust Energy AlphaDEX Fund,Equity,USD,403470896,0.403,24.12,464259,41,First Trust,Equity Energy,StrataQuant Energy Index,North America,United States,Long,2007-05-08,0.63,1.487,12.85809,0.56219,376424.9,46.448,50.656,34.899,131.7,54.516,47.443,53.606,44.19,161.917,95.308,53.651,12.971,21.24,6.924,-1.06645,58.893
763,US,US,AMDY,,YieldMax AMD Option Income Strategy ETF,Equity,USD,401286775,0.401,46.26,358843,21,YieldMax,Derivative Income,,North America,United States,Long,2023-09-18,1,76.289,113.9666,2.28577,284936.4,21.577,25.027,,,,101.69,174.83,,,,175.02,,,,-22.57741,57.615
764,US,US,SPXU,,ProShares UltraPro Short S&P500,Equity,USD,400062222,0.4,35.32,5593413,18,ProShares,Trading--Inverse Equity,S&P 500,North America,United States,-3X Short,2009-06-25,0.9,7.176,,-2.86443,6572186.1,-28.96219,-40.45853,-83.57209,-88.54734,-99.61659,-27.6812,-37.34464,-80.16685,-85.83474,-99.50901,-37.3647,-41.67555,-32.35719,-41.24083,-43.8027,7.617
765,US,US,KSTR,,KraneShares China Technology & Semiconductor STAR 50 Index ETF,Equity,USD,393727049,0.394,22.76,595751,53,KraneShares,Greater China Region,China Shanghai Science & Technology Innovation Board 50 Index,Global,China,Long,2021-01-27,0.89,0,66.37825,0.78686,854462.75,22.3,29.245,78.51,-6.37598,,22.3,29.245,78.51,-6.37598,,29.268,21.302,-1.3092,,-30.05532,32.172
766,US,US,URNJ,,Sprott Junior Uranium Miners ETF,Equity,USD,393986567,0.394,25.91,250430,47,Sprott,Natural Resources,Nasdaq Sprott Junior Uranium Miners Index,,,Long,2019-12-03,0.8,6.403,,0.93436,364755.75,2.817,2.899,28.267,,,2.817,10.276,48.406,,,10.283,14.061,,,-36.51066,25.777
767,US,US,PBW,,Invesco WilderHill Clean Energy ETF,Equity,USD,392443658,0.392,31.45,380526,74,Invesco,Small Growth,The WilderHill Clean Energy Index (AMEX),,,Long,2005-03-03,0.64,1.501,,1.80484,510905.4,2.98,24.407,-9.85956,-60.79043,61.697,3.681,26.091,-4.73403,-55.88849,95.236,26.111,-1.60322,-15.10138,6.92,-33.39687,28.054
768,US,US,IEZ,,iShares U.S. Oil Equipment & Services ETF,Equity,USD,391290967,0.391,30.6,161586,35,BlackRock,Equity Energy,DJ US Select / Oil Equipment & Services,North America,United States,Long,2006-05-01,0.37,1.126,20.01373,0.93343,159503.05,46.622,61.478,23.437,142.472,-21.2963,47.385,63.923,29.437,158.371,-6.26479,63.978,8.979,20.909,-0.64496,-6.90599,71.381
769,US,US,IQQ,,iShares Nasdaq 100 ETF,Equity,USD,390179130,0.39,24.23,502323,106,BlackRock,Large Growth,NASDAQ 100 Index,North America,United States,Long,2026-07-08,0.1,0,33.2492,,528128,,,,,,,,,,,,,,,-2.49497,8.363
770,US,US,QNDX,,State Street SPDR Portfolio Nasdaq 100 ETF,Equity,USD,384829033,0.385,24.26,515958,105,State Street,Large Blend,NASDAQ 100 Index,North America,United States,Long,2026-06-23,0.1,0,33.44607,,537433.8,,,,,,,,,,,,,,,-2.88231,8.304
771,US,US,PBP,,Invesco S&P 500 BuyWrite ETF,Equity,USD,382887174,0.383,23.26,50443,508,Invesco,Derivative Income,Cboe S&P 500 BuyWrite Index,North America,United States,Long,2007-12-20,0.29,11.313,26.0456,0.45937,74897.45,1.883,5.154,5.392,-0.35984,9.614,9.629,18.089,44.103,47.054,102.342,18.102,12.948,8.019,7.303,-1.31523,8.388
772,US,US,SDS,,ProShares UltraShort S&P 500,Equity,USD,382039860,0.382,55.25,2247380,22,ProShares,Trading--Inverse Equity,S&P 500,North America,United States,-2X Short,2006-07-11,0.91,5.477,,-1.92684,2256250.5,-19.33129,-28.24675,-68.15562,-72.74969,-96.61458,-18.03427,-24.98047,-62.25468,-67.02564,-95.75525,-24.99524,-27.72526,-19.90193,-27.09347,-31.36646,5.158
773,US,US,YMAX,,YieldMax Universe Fund of Option Income ETFs,Equity,USD,380303715,0.38,7.53,690215,30,YieldMax,Derivative Income,,Global,,Long,2024-01-16,1.33,64.882,,1.30838,1015252.5,-24.5491,-40.19063,,,,5.238,1.133,,,,1.134,,,,-42.73764,3.862
774,US,US,PLTY,,YieldMax PLTR Option Income Strategy ETF,Equity,USD,378492354,0.378,34.71,286317,26,YieldMax,Derivative Income,,North America,United States,Long,2024-10-07,1.07,88.566,,,291203.65,-32.66731,-42.84538,,,,2.45,11.926,,,,11.935,,,,-48.11659,33.193
775,US,US,PINK,,Simplify Health Care ETF,Equity,USD,377680285,0.378,39.08,59151,53,Simplify,Health,,North America,United States,Long,2021-10-07,0.51,0.6397,27.96678,0.72979,64768,6.776,26.595,50.539,,,7.077,27.497,53.216,,,27.518,15.28,,,-3.81492,27.671
776,US,US,EEMS,,iShares MSCI Emerging Markets Small Cap ETF,Equity,USD,377368914,0.377,77.75,449048,1727,BlackRock,Diversified Emerging Mkts,MSCI Emerging Markets Small Cap,Emerging Markets,,Long,2011-08-16,0.72,2.751,16.21136,0.70727,59754.4,15.219,15.185,39.312,26.67,75.627,15.944,18.819,51.559,44.014,126.384,18.833,14.863,7.569,8.515,-2.12739,19.542
777,US,US,DAPP,,VanEck Digital Transformation ETF,Equity,USD,374405749,0.374,20.09,519325,22,VanEck,Equity Digital Assets,MVIS Global Digital Assets Equity,,,Long,2021-04-12,0.52,0,26.96526,3.45104,911035.7,21.537,17.692,234.833,-26.99855,,21.537,17.692,247.011,-16.8522,,17.705,51.382,-3.62421,,-26.91888,46.857
778,US,US,CLOU,,Global X Cloud Computing ETF,Equity,USD,369225187,0.369,27.36,143326,40,Global X,Technology,Indxx Global Cloud Computing Index,Global,,Long,2019-04-12,0.68,0,34.61451,1.07169,382890.85,20.955,18.802,35.647,-11.42765,,20.955,18.802,35.647,-9.86987,,18.816,10.695,-2.05714,,-6.58928,56.164
779,US,US,PEJ,,Invesco Leisure and Entertainment ETF,Equity,USD,369483600,0.369,62.86,98851,32,Invesco,Consumer Cyclical,Dynamic Leisure & Entertainment Int Index (AMEX),North America,United States,Long,2005-06-23,0.57,0.5318,22.62184,1.06662,57416.6,2.495,4.977,58.019,28.653,75.734,2.853,5.555,59.781,31.561,86.009,5.559,16.903,5.64,6.404,-9.45625,12.936
780,IN,NSE,NIFTY1,,Kotak Mahindra Mutual Fund - Kotak Nifty 50 ETF,Equity,INR,35125457000,0.369,262.01999,85491,52,Kotak,Large Cap,Nifty 50 Index - INR - Benchmark TR Gross,,,Long,2010-02-11,0.12,,19.8803,,363859.15,-9.03031,-3.64078,23.327,43.337,,-9.03031,-3.64078,23.327,43.337,,-3.64323,7.237,7.467,,-11.41988,7.034
781,US,US,MORT,,VanEck Mortgage REIT Income ETF,Equity,USD,363647055,0.364,9.65,731560,26,VanEck,Real Estate,MVIS US Mortgage REITs,North America,United States,Long,2011-08-16,0.43,15.391,7.71293,1.15227,813088.4,-8.18268,-14.60177,-18.49662,-49.26393,-57.31977,-0.78532,-1.44886,17.896,-7.64651,16.994,-1.44984,5.64,-1.57856,1.582,-15.64685,0.6257
782,US,US,DPST,,Direxion Daily Regional Banks Bull 3X ETF,Equity,USD,357669315,0.358,129.09,135700,184,Direxion,Trading--Leveraged Equity,S&P Regional Banks Select Industry,North America,United States,3X Long,2015-08-19,0.92,1.691,,2.51191,196115.6,27.774,16.528,113.055,-66.19973,-81.37606,29.01,18.867,127.844,-62.84995,-78.38898,18.881,31.579,-17.9686,-14.2057,-18.75,77.663
783,US,US,XTN,,State Street SPDR S&P Transportation ETF,Equity,USD,354546184,0.355,102.16,53753,44,State Street,Industrials,S&P Transportation Select Industry,North America,United States,Long,2011-01-26,0.35,0.7199,16.49816,1.36452,35439.35,11.81,19.191,31.819,19.527,111.95,12.208,20.139,35.313,24.676,132.441,20.154,10.604,4.51,8.802,-15.49692,29.022
784,US,US,CONY,,YieldMax COIN Option Income Strategy ETF,Equity,USD,352874743,0.353,19.76,505504,19,YieldMax,Derivative Income,,North America,United States,Long,2023-08-14,1.04,143.264,,2.39051,474760.7,-49.78399,-71.23726,-90.5176,,,-18.24676,-38.81592,27.829,,,-38.8365,8.526,,,-74.73146,14.75
785,US,US,IRE,,Defiance Daily Target 2X Long IREN ETF,Equity,USD,351519137,0.352,11.64,4693892,13,Defiance,Trading--Leveraged Equity,,,,2X Long,2025-10-20,1.35,0,,,7854584.95,-51.0101,,,,,-51.0101,,,,,,,,,-90.6641,104.211
786,US,US,INTW,,GraniteShares 2x Long INTC Daily ETF,Equity,USD,349295469,0.349,25.55,3410392,10,GraniteShares,Trading--Leveraged Equity,,,,2X Long,2025-02-13,1.5,0,,,3795600,373.674,825.725,,,,373.696,825.725,,,,827.137,,,,-51.44893,861.249
787,US,US,GREK,,Global X MSCI Greece ETF,Equity,USD,348782312,0.349,86.53,76817,36,Global X,Focused Region,MSCI All Greece Select 25-50,Europe,Greece,Long,2011-12-07,0.56,2.256,12.83026,0.71433,40156.4,31.285,35.5,143.746,206.409,284.066,32.26,39.378,171.602,261.094,407.717,39.41,39.512,29.282,17.645,-1.08596,42.954
788,US,US,THD,,iShares MSCI Thailand ETF,Equity,USD,348104644,0.348,74.83,173583,87,BlackRock,Focused Region,MSCI Thailand IMI 25-50,Asia-Pacific,Thailand,Long,2008-03-26,0.59,3.376,14.3658,0.4324,41399.65,25.406,24.862,11.537,-4.24824,5.439,28.36,29.523,23.597,12.391,39.927,29.546,7.315,2.364,3.417,-0.45231,30.094
789,US,US,SPXS,,Direxion Daily S&P 500 Bear 3X ETF,Equity,USD,347287368,0.347,25.2,12038974,12,Direxion,Trading--Inverse Equity,S&P 500,North America,United States,-3X Short,2008-11-05,1.04,4.702,,-2.86487,11018642.15,-28.95405,-39.27711,-82.16561,-87.63494,-99.58689,-27.62897,-37.19161,-79.83232,-85.69933,-99.51242,-37.21161,-41.34953,-32.22834,-41.28177,-43.78764,7.688
790,CA,TSX,QQU,,BetaPro NASDAQ-100 2x Daily Bull ETF,Equity,CAD,475036830,0.345,37.79,321338,102,BetaPro,Large Cap,NASDAQ 100 Index,,,2X Long,2008-06-17,2.91,,19.2476,2.09345,260793.15,25.598,37.264,162.708,96.214,1301.111,25.598,37.264,162.708,96.214,1301.111,37.294,37.973,14.434,30.216,-11.74685,56.935
791,US,US,XQQI,,NEOS Boosted Nasdaq-100 High Income ETF,Equity,USD,338976541,0.339,48.55,276133,108,Neos,Derivative Income,,North America,United States,1.5X Long,2026-01-29,0.98,13.903,33.60582,,285388.75,,,,,,,,,,,,,,,-11.23665,16.483
792,US,US,WQTM,,WisdomTree Quantum Computing Fund,Equity,USD,339294752,0.339,32,124775,53,WisdomTree,Technology,WisdomTree Classiq Quantum Computing UCITS Index,,,Long,2025-10-09,0.45,0,28.23997,,173541.8,23.648,,,,,23.648,,,,,,,,,-22.65861,38.05
793,US,US,WCLD,,WisdomTree Cloud Computing Fund,Equity,USD,338282796,0.338,38.9,1464271,67,WisdomTree,Technology,BVP Nasdaq Emerging Cloud,North America,United States,Long,2019-09-06,0.45,0,42.5615,1.09323,699491.8,11.111,7.104,22.674,-36.46905,,11.111,7.104,22.674,-36.46905,,7.109,7.048,-8.67458,,-10.65687,62.83
794,US,US,EWQ,,iShares MSCI France ETF,Equity,USD,336562646,0.337,44.89,488693,60,BlackRock,Focused Region,MSCI France,Europe,France,Long,1996-03-12,0.5,2.93,17.11833,0.8352,283908.1,-0.22227,4.42,22.15,15.696,82.183,2.16,7.456,33.341,36.941,137.844,7.461,10.064,6.49,9.052,-7.2329,7.961
795,US,US,KOID,,KraneShares Global Humanoid Robotics and Physical AI Index ETF,Equity,USD,334545321,0.335,36.06,177844,58,KraneShares,Technology,MerQube Global Humanoid Robotics and Physical AI Index,Global,,Long,2025-06-04,0.69,0.7469,38.15157,,170011.5,13.229,20.2,,,,13.228,21.259,,,,21.275,,,,-16.759,29.993
796,US,US,FLCH,,Franklin FTSE China ETF,Equity,USD,334138725,0.334,21.13,207640,1055,Franklin Templeton,Greater China Region,FTSE China RIC Capped Index,Asia-Pacific,China,Long,2017-11-02,0.19,2.421,13.07909,0.35576,103980.9,-11.21849,-14.38412,22.28,-26.86051,,-10.59783,-12.44166,32.905,-16.4953,,-12.44962,9.944,-3.5416,,-20.29423,5.597
797,US,US,GDXY,,YieldMax Gold Miners Option Income Strategy ETF,Equity,USD,330424866,0.33,11.41,612721,16,YieldMax,Commodities Focused,,North America,United States,Long,2024-05-20,1,75.168,,0.16236,935275.85,-28.77653,-31.47147,,,,4.079,23.136,,,,23.154,,,,-39.59767,23.085
798,US,US,DFEN,,Direxion Daily Aerospace & Defense Bull 3X ETF,Equity,USD,328569932,0.329,56.44,386924,67,Direxion,Trading--Leveraged Equity,DJ US Select / Aerospace & Defense,North America,United States,3X Long,2017-05-03,0.96,10.028,,2.26451,220112.55,-11.64684,-2.6225,216.013,180.099,,-11.57217,7.5,298.614,263.717,,7.505,58.54,29.47,,-42.26087,5.161
799,CA,TSX,UTES,,Evolve Canadian Utilities Enhanced Yield Index Fund,Equity,CAD,448988260,0.326,8.5,246176,41,Evolve,Utilities,Solactive Canada Utility Index - CAD - Benchmark TR Gross,North America,,1.25X Long,2024-09-03,1.83,19.414,11.83,0.38457,243987.55,-6.07735,-9.52634,,,,5.695,8.014,,,,8.02,,,,-14.48692,0.1178
800,US,US,KBWY,,Invesco KBW Premium Yield Equity REIT ETF,Equity,USD,322235988,0.322,17.59,245615,29,Invesco,Real Estate,KBW Nasdaq Premium Yield Equity REIT Index,,,Long,2010-12-02,0.35,8.443,25.62801,0.98297,210734.2,13.984,6.284,-7.12777,-27.76181,-53.83202,20.761,16.285,20.941,8.229,1.4,16.297,6.541,1.594,0.1391,-9.09561,18.731
801,US,US,URTY,,ProShares UltraPro Russell2000,Equity,USD,316124840,0.316,76.89,424237,1974,ProShares,Trading--Leveraged Equity,Russell 2000,North America,United States,3X Long,2010-02-11,0.95,0.8184,,3.31659,314639.7,44.584,51.12,101.864,-27.30453,60.505,45.121,52.693,107.888,-24.68237,67.197,52.737,27.62,-5.51215,5.275,-14.42404,77.456
802,US,US,SNDU,,T-REX 2X Long SNDK Daily Target ETF,Equity,USD,311919959,0.312,27.55,3413310,10,Tuttle Capital Management,Trading--Leveraged Equity,Sandisk Corp. - Benchmark Price Return,,,2X Long,2026-03-12,1.5,0,,,7965756.5,,,,,,,,,,,,,,,-65.12658,381.643
803,US,US,PTIR,,GraniteShares 2x Long PLTR Daily ETF,Equity,USD,311621611,0.312,17.47,1904217,20,GraniteShares,Trading--Leveraged Equity,,,,2X Long,2024-09-03,1.04,8.891,,2.75814,3273106.1,-34.64272,-27.57048,,,,-34.64272,-23.84724,,,,-23.86145,,,,-57.16037,122.69
804,US,US,IYRI,,NEOS Real Estate High Income ETF,Equity,USD,311567929,0.312,47.9619,94518,66,Neos,Derivative Income,,,,Long,2025-01-14,0.68,11.262,28.19161,,80397.1,-1.31296,-5.25109,,,,6.09,5.621,,,,5.625,,,,-6.34271,3.612
805,US,US,TCAL,,T. Rowe Price Capital Appreciation Premium Income ETF,Equity,USD,309099410,0.309,22.43,112546,401,T. Rowe Price,Derivative Income,,North America,United States,Long,2025-03-26,0.34,11.56,25.6151,,95832,-4.83666,-8.18666,,,,2.342,2.608,,,,2.61,,,,-10.56619,3.221
806,US,US,COPP,,Sprott Copper Miners ETF,Equity,USD,308561643,0.309,46.14,103276,85,Sprott,Natural Resources,Nasdaq Sprott Copper Miners Index,,,Long,2024-03-05,0.66,1.785,25.0661,0.9966,102974.7,32.548,82.733,,,,32.548,87.358,,,,87.439,,,,-2.78129,82.588
807,US,US,SPCH,,Leverage Shares 2X Long SPCX Daily ETF,Equity,USD,307443668,0.307,9.79,22955608,10,Leverage Shares,Trading--Leveraged Equity,,,,2X Long,2026-06-15,0.75,0,,,26981334.2,,,,,,,,,,,,,,,-65.0482,84.717
808,CA,TSX,CEW,,iShares Equal Weight Banc & Lifeco ETF,Equity,CAD,422476100,0.307,34.56,75703,14,iShares,Financials,,North America,,Long,2008-02-06,0.61,2.231,17.70474,0.94131,39808.75,25.581,45.455,127.518,117.838,229.771,27.696,49.375,152.558,160.949,367.258,49.416,36.173,21.15,16.672,-5.31507,45.455
809,US,US,UAE,,iShares MSCI UAE ETF,Equity,USD,304050863,0.304,19.71,268660,65,BlackRock,Focused Region,MSCI All United Arab Emirates Capped,Global,United Arab Emirates,Long,2014-04-29,0.59,4.32,9.5739,0.41283,243114.35,3.138,4.118,31.818,31.335,14.325,6.746,8.817,49.259,59.087,71.875,8.823,14.279,9.732,5.566,-11.5747,13.997
810,US,US,ELCV,,Eventide High Dividend ETF,Equity,USD,299704036,0.3,31.68,65527,48,Eventide,,,North America,United States,Long,2024-09-30,0.49,2.128,23.39888,,87307.05,19.367,21.055,,,,20.751,23.866,,,,23.884,,,,-4.54956,22.034
811,US,US,RSPD,,Invesco S&P 500 Equal Weight Consumer Discretionary ETF,Equity,USD,298661848,0.299,53.68,133589,50,Invesco,Consumer Cyclical,S&P 500 Equal Weighted / Consumer Discretionary,North America,United States,Long,2006-11-01,0.4,0.917,20.02355,1.0972,65197.35,-5.8741,-9.15553,21.341,9.002,82.778,-5.41988,-8.35563,25.08,14.646,105.905,-8.3611,7.743,2.772,7.491,-11.03745,5.327
812,US,US,BGGG,,Baillie Gifford Long Term Global Growth ETF,Equity,USD,297986072,0.298,35.0439,64654,39,Baillie Gifford Funds,Global Large-Stock Growth,,Global,,Long,2014-06-10,0.7,0,,,37713.85,,,,,,,,,,,,,,,-6.29973,7.135
813,US,US,WAGN,,Pabrai Wagons ETF,Equity,USD,296803681,0.297,15.85,135090,19,Pabrai,Global Small/Mid Stock,,Global,,Long,2023-09-29,0.9,0,11.85123,,107415.45,,,,,,,,,,,,,,,-3.70595,16.673
814,US,US,HEEM,,iShares Currency Hedged MSCI Emerging Markets ETF,Equity,USD,296758821,0.297,42.75,115178,326,BlackRock,Diversified Emerging Mkts,MSCI EM 100% Hedged to USD Net Variant,Global,,Long,2014-09-23,0.72,1.7,,0.6271,34010.5,22.986,33.719,77.165,35.156,91.104,23.635,36.362,90.362,59.458,150.351,36.391,23.929,9.783,9.613,-8.04474,33.053
815,US,US,YMAG,,YieldMax Magnificent 7 Fund of Option Income ETFs,Equity,USD,295825232,0.296,11.18,1269249,10,YieldMax,Large Blend,,North America,United States,Long,2024-01-29,1.34,50.653,,1.09859,1042674.95,-21.43359,-27.59067,,,,3.832,11.949,,,,11.958,,,,-30.16864,4.194
816,US,US,PATN,,Pacer Nasdaq International Patent Leaders ETF,Equity,USD,292000434,0.292,35.8852,54235,108,Pacer,Foreign Large Blend,Nasdaq International Patent Leaders Index,Global,,Long,2024-09-16,0.65,1.751,19.27387,1.04078,133533.7,33.135,44.687,,,,33.509,47.931,,,,47.971,,,,-7.6314,44.757
817,US,US,QTOP,,iShares Nasdaq Top 30 Stocks ETF,Equity,USD,286230914,0.286,37.62,144692,35,BlackRock,Large Growth,Nasdaq-100 Top 30 Index,North America,United States,Long,2024-10-24,0.2,0.3323,35.02081,,92924.15,17.71,25.358,,,,17.929,25.839,,,,25.859,,,,-4.5541,31.034
818,US,US,AVL,,Direxion Daily AVGO Bull 2X ETF,Equity,USD,285413215,0.285,38.95,943185,15,Direxion,Trading--Leveraged Equity,,,,2X Long,2024-10-10,1,33.216,,,1147623.7,-11.65797,-33.35044,,,,-10.65739,-18.9137,,,,-18.92535,,,,-51.43997,34.542
819,US,US,TBG,,TBG Dividend Focus ETF,Equity,USD,284195777,0.284,38.02,52100,40,Madison Avenue,Large Value,,North America,United States,Long,2023-11-06,0.45,2.599,20.85135,0.59315,54996.95,13.866,14.473,,,,15.385,17.797,,,,17.81,,,,-4.18347,17.6
820,IN,NSE,PSUBANK,,Kotak Mahindra Mutual Fund - Kotak Nifty PSU Bank ETF,Equity,INR,26577314000,0.279,83.96,579398,14,Kotak,Financials,NIFTY PSU Bank Index - INR - Benchmark TR Net,,,Long,2007-11-08,0.49,,7.95151,0.48679,688548.15,-1.57093,22.28,79.111,263.636,147.167,-1.57093,22.28,79.111,263.636,152.466,22.297,21.438,29.464,9.705,-16.87129,25.237
821,US,US,FMTM,,MarketDesk Focused U.S. Momentum ETF,Equity,USD,276798938,0.277,37.9883,207014,32,MarketDesk,Large Growth,,North America,United States,Long,2025-03-20,0.45,0.2505,32.88639,,204518.3,18.207,33.87,,,,18.206,34.261,,,,34.288,,,,-20.85771,34.567
822,IN,NSE,HDFCSML250,,HDFC Nifty Smallcap 250 ETF,Equity,INR,26042423000,0.274,185.46001,1166407,253,HDFC,Small Cap,Nifty Smallcap 250 Index - INR - Benchmark TR Gross,Asia Emerging,,Long,2023-02-15,0.2,,30.62394,0.42717,1440738.2,10.584,8.424,49.288,,,10.584,8.424,49.288,,,8.43,14.287,,,-2.30205,29.965
823,US,US,USDU,,WisdomTree Bloomberg US Dollar Bullish Fund,Currency,USD,273678328,0.274,26.17,282511,33,WisdomTree,Trading--Miscellaneous,,North America,United States,Long,2013-12-18,0.51,3.777,,-0.16115,395191.85,1.434,-0.22875,-4.41928,2.267,0.4607,1.434,3.609,10.41,27.238,30.799,3.612,3.355,4.936,2.722,-3.9633,4.097
824,US,US,FYEE,,Fidelity Yield Enhanced Equity ETF,Equity,USD,271973547,0.272,30.18,83651,188,Fidelity,Derivative Income,,North America,United States,Long,2024-04-09,0.28,8.174,24.66628,0.80553,129732.15,5.23,8.855,,,,11.164,18.746,,,,18.76,,,,-1.11402,14.797
825,US,US,ORCX,,Defiance Daily Target 2X Long ORCL ETF,Equity,USD,266623828,0.267,26.01,1767878,12,Defiance,Trading--Leveraged Equity,,,,2X Long,2025-02-06,1.36,0,,,1959947.85,-49.68079,-72.7101,,,,-49.68079,-72.71011,,,,-72.73437,,,,-85.67652,89.716
826,US,US,WGMI,,CoinShares Bitcoin Mining and Digital Power ETF,Equity,USD,266623542,0.267,47.83,441889,29,CoinShares,Equity Digital Assets,,,,Long,2022-02-07,0.75,0,,3.94934,695525.45,24.98,61.098,345.345,,,24.98,61.098,347.817,,,61.151,64.81,,,-37.83468,56.923
827,US,US,AMZU,,Direxion Daily AMZN Bull 2X ETF,Equity,USD,264902578,0.265,35.42,1588516,14,Direxion,Trading--Leveraged Equity,,North America,United States,2X Long,2022-09-07,0.99,5.692,,2.50658,1863181.8,1.345,-13.20755,41.567,,,2.518,-7.94693,62.836,,,-7.95215,17.643,,,-24.86211,44.336
828,US,US,LYTE,,Roundhill Photonics & Optics ETF,Equity,USD,263356602,0.263,25.37,1257332,22,Roundhill,Technology,,,,Long,2026-08-06,0.65,0,71.91332,,2363791.3,,,,,,,,,,,,,,,-12.2449,12.406
829,US,US,IDNA,,iShares Genomics Immunology and Healthcare ETF,Equity,USD,262300794,0.262,38.6,143906,62,BlackRock,Health,NYSE FactSet Global Genomics and Immuno Biopharma Index,,,Long,2019-06-11,0.47,0.7277,17.92782,0.94706,113491.3,47.384,69.217,73.952,-28.63746,,48.008,70.934,80.003,-25.16194,,70.997,21.639,-5.6328,,-6.96553,72.862
830,US,US,EMQQ,,EMQQ The Emerging Markets Internet ETF,Equity,USD,259100550,0.259,32.44,51451,66,EMQQ Global,Diversified Emerging Mkts,EMQQ The Emerging Markets Internet Index,Emerging Markets,,Long,2014-11-13,0.86,3.843,17.5,0.61129,37037.15,-19.62339,-26.79019,6.819,-40.80292,20.237,-19.62339,-24.53505,12.867,-37.45111,31.099,-24.54959,4.116,-8.95872,2.745,-30.97872,8.133
831,US,US,MSTX,,Defiance Daily Target 2x Long MSTR ETF,Equity,USD,258198186,0.258,14.46,7602503,12,Defiance,Trading--Leveraged Equity,,,,2X Long,2024-08-14,1.31,0,,4.89757,9991447.8,-62.44156,-93.80463,,,,-62.44156,-93.80463,,,,-93.81642,,,,-94.67403,115.179
832,US,US,ERX,,Direxion Daily Energy Bull 2X ETF,Equity,USD,256664892,0.257,112.82,306637,40,Direxion,Trading--Leveraged Equity,S&P Energy Select Sector,North America,United States,2X Long,2008-11-06,0.91,1.249,,0.8608,266946.55,102.005,111.194,62.87,419.429,-67.8117,103.699,115.505,75.12,493.024,-60.38891,115.618,20.53,42.77,-8.84591,-1.69905,123.406
833,US,US,RSPS,,Invesco S&P 500 Equal Weight Consumer Staples ETF,Equity,USD,247508414,0.248,30.09,222189,37,Invesco,Consumer Defensive,S&P 500 Equal Weighted / Consumer Staples,North America,United States,Long,2006-11-01,0.4,2.955,19.41338,0.43999,72879,3.669,-0.52893,-4.95894,-6.5702,20.785,5.292,2.518,3.63,6.919,53.861,2.52,1.195,1.347,4.404,-9.82919,6.664
834,US,US,GPZ,,VanEck Alternative Asset Manager ETF,Equity,USD,247881502,0.248,23.58,96268,24,VanEck,Financial,MarketVector Alternative Asset Managers Index,Global,,Long,2025-04-29,0.4,0.9529,30.32932,,186741.25,-13.14917,-16.14509,,,,-13.14917,-15.44917,,,,-15.45889,,,,-21.9076,16.964
835,US,US,GUSH,,Direxion Daily S&P Oil & Gas Exp. & Prod. Bull 2X ETF,Equity,USD,244820856,0.245,47.93,518882,67,Direxion,Trading--Leveraged Equity,S&P Oil & Gas Exploration & Production Select Industry,North America,United States,2X Long,2015-05-28,0.94,0.9972,,1.0525,597254.5,118.858,105.708,13.659,178.339,-99.00971,120.16,109.278,21.636,204.805,-98.86798,109.384,6.745,24.973,-36.12088,-1.50021,130.377
836,US,US,UWM,,ProShares Ultra Russell2000,Equity,USD,244985644,0.245,62.13,240475,1973,ProShares,Trading--Leveraged Equity,Russell 2000,North America,United States,2X Long,2007-01-23,0.95,0.8493,,2.21503,235637.4,32.135,37.699,89.884,9.965,158.573,32.461,39.171,95.45,13.636,171.243,39.203,25.023,2.59,10.495,-9.71445,51.851
837,US,US,BEDY,,BNY Mellon Enhanced Dividend and Income ETF,Equity,USD,244799413,0.245,29.51,117780,59,BNY Mellon,Large Value,,North America,United States,Long,2025-12-08,0.5,5.239,19.10494,,101621.1,10.94,,,,,17.031,,,,,,,,,-3.71941,13.456
838,IN,NSE,NEXT50BETA,,UTI Mutual Fund - UTI-Nifty Next 50 ETF,Equity,INR,23042630000,0.242,78.75,60519,51,UTI,Large Cap,Nifty 50,,,Long,2017-08-08,0.14,,19.65755,,137119.2,5.918,9.057,62.07,78.815,,5.918,9.057,62.07,78.815,,9.063,17.459,12.328,,-4.55702,22.397
839,US,US,TZA,,Direxion Daily Small Cap Bear 3X ETF,Equity,USD,236556116,0.237,42.09,4170036,13,Direxion,Trading--Inverse Equity,Russell 2000,North America,United States,-3X Short,2008-11-05,0.99,4.651,,-3.18435,3917858.7,-43.95473,-51.78694,-84.95173,-85.72252,-99.60897,-42.84752,-50.26012,-83.22843,-83.73471,-99.54475,-50.28391,-44.84517,-30.46063,-41.68331,-55.8805,15.855
840,US,US,QID,,ProShares UltraShort QQQ,Equity,USD,235626267,0.236,14.26,26950698,20,ProShares,Trading--Inverse Equity,NASDAQ 100 Index,,,-2X Short,2006-07-11,0.95,6.397,,-2.3441,29218545.8,-29.40594,-38.92934,-78.2622,-83.92334,-99.29041,-28.21931,-36.00559,-74.28288,-80.67772,-99.11386,-36.02516,-36.40071,-28.02327,-37.66644,-41.85525,6.489
841,US,US,STCE,,Schwab Crypto Thematic Natural Language Processing ETF,Equity,USD,236048948,0.236,68.198,56385,42,Charles Schwab,Equity Digital Assets,Schwab Crypto Thematic Index,,,Long,2022-08-04,0.3,1.663,21.62568,2.76777,59843.9,13.739,16.998,220.419,,,13.739,18.829,228.487,,,18.843,48.639,,,-37.79825,41.051
842,US,US,EWZS,,iShares MSCI Brazil Small-Cap ETF,Equity,USD,235121782,0.235,13.33,230538,80,BlackRock,Focused Region,MSCI Brazil Small Cap,Latin America,Brazil,Long,2010-09-29,0.59,3.832,8.42793,0.77651,287624.15,3.094,-1.76861,-2.70073,-17.10199,10.899,4.152,2.039,8.198,0.0575,57.029,2.04,2.661,0.0115,4.617,-19.0158,13.932
843,US,US,AMZY,,YieldMax AMZN Option Income Strategy ETF,Equity,USD,233849478,0.234,10.47,384747,15,YieldMax,Derivative Income,,North America,United States,Long,2023-07-24,1.09,51.554,,0.93098,308899.7,-21.15964,-32.36434,-50.91421,,,5.253,4.158,71.018,,,4.161,19.581,,,-33.09904,5.385
844,US,US,YOKE,,YOKE Core ETF,Equity,USD,233380659,0.233,31.0874,93226,54,Yoke,Large Blend,,Global,,Long,2025-02-21,0.31,0.7501,25.3939,,11209.8,14.376,14.629,,,,14.869,15.579,,,,15.59,,,,-5.93828,19.154
845,US,US,SPWO,,SP Funds S&P World (ex-US) ETF,Equity,USD,230850523,0.231,33.55,75283,384,SP Funds,Foreign Large Growth,S&P DM Ex-U.S. & EM 50/50 Shariah Index,Global,,Long,2023-12-19,0.55,1.052,23.10747,0.93215,73675.55,22.894,32.609,,,,23.698,34.213,,,,34.24,,,,-5.39702,31.827
846,US,US,GOOY,,YieldMax GOOGL Option Income Strategy ETF,Equity,USD,227745195,0.228,11.8,500354,15,YieldMax,Derivative Income,,North America,United States,Long,2023-07-27,1.14,53.073,23.87579,0.75719,258340.35,-19.17808,-14.86291,-41.95199,,,6.195,32.566,76.16,,,32.592,20.768,,,-26.06516,1.201
847,US,US,TUR,,iShares MSCI Turkey ETF,Equity,USD,228242952,0.228,40.78,108854,79,BlackRock,Focused Region,MSCI Turkey IMI 25-50,Asia-Pacific,Turkey,Long,2008-03-26,0.59,2.056,11.36299,0.32134,158910.7,18.478,25.323,3.845,78.546,4.457,19.934,28.168,10.756,104.421,37.807,28.19,3.463,15.376,3.259,-7.27603,28.562
848,US,US,COLO,,Global X MSCI Colombia ETF,Equity,USD,226015180,0.226,51.68,193910,30,Global X,,MSCI All Colombia Select 25/50,Latin America,Colombia,Long,2009-02-05,0.62,3.861,14.49709,0.65434,144071.75,45.006,57.657,155.842,81.972,27.921,45.587,66.186,209.536,152.87,104.893,66.244,45.725,20.39,7.438,-0.28941,60
849,US,US,AVSE,,Avantis Responsible Emerging Markets Equity ETF,Equity,USD,226180706,0.226,80.4693,50344,2426,American Century Investments,Diversified Emerging Mkts,,Global,,Long,2022-03-28,0.33,2.657,14.23648,0.81032,15155.05,23.854,30.334,76.228,,,25.466,34.356,93.772,,,34.383,24.664,,,-5.1045,30.934
850,CA,TSX,CGXF,,CI Gold+ Giants Covered Call ETF,Equity,CAD,300401200,0.218,19.97,61415,35,CI,Materials,,,,Long,2011-06-01,1.03,12.424,16.17173,1.25853,25034.75,-0.05005,15.701,105.242,72.751,16.989,8.487,31.551,173.567,172.694,182.144,31.576,39.847,22.221,10.931,-23.33973,30.523
851,IN,NSE,PSUBNKBEES,590108,Nippon Mutual Funds - Nippon India ETF Nifty PSU Bank BeES,Equity,INR,19863580000,0.209,94.01,530245,15,Nippon,Financials,NIFTY PSU Bank Index - INR - Benchmark TR Gross,,,Long,2007-10-24,0.49,,7.95151,0.48838,1534640.15,-0.86471,22.616,79.374,267.514,,-0.86471,22.616,79.374,267.514,,22.633,21.497,29.739,,-15.23551,24.425
852,US,US,SPRE,,SP Funds S&P Global REIT Sharia ETF,Equity,USD,207013289,0.207,20.21,68705,30,SP Funds,Real Estate,S&P Global All Equity REIT Shariah Capped Index,Global,,Long,2020-12-30,0.5,3.97,21.23165,0.996,86467.35,3.218,3.535,7.902,-20.94042,,5.906,7.685,22.137,-3.61103,,7.69,6.891,-0.73297,,-7.75901,6.615
853,US,US,FBL,,GraniteShares 2x Long META Daily ETF,Equity,USD,201985486,0.202,26.41,1882010,14,GraniteShares,Trading--Leveraged Equity,Meta Platforms Inc Class A,North America,United States,2X Long,2022-12-13,1.09,2.553,,2.78544,1015911.25,-18.76346,-42.42424,40.568,,,-18.76346,-41.24501,116.594,,,-41.26641,29.377,,,-47.60752,51.52
854,US,US,NEBX,,Tradr 2X Long NBIS Daily ETF,Equity,USD,197891574,0.198,28.87,987871,10,Tradr,Trading--Leveraged Equity,,,,2X Long,2025-09-08,1.3,0,,,2663901.2,207.128,,,,,207.128,,,,,,,,,-59.2053,336.366
855,US,US,CWEB,,Direxion Daily CSI China Internet Index Bull 2X ETF,Equity,USD,192823980,0.193,18.98,876955,11,Direxion,Trading--Leveraged Equity,CSI Overseas China Internet,Asia-Pacific,China,2X Long,2016-11-02,1.27,7.583,,0.78653,498704.3,-52.68013,-62.10064,-46.92394,-92.26884,,-52.04394,-60.54611,-41.11835,-91.37312,,-60.57124,-16.18068,-38.74498,,-69.00718,11.059
856,US,US,AVGX,,Defiance Daily Target 2X Long AVGO ETF,Equity,USD,191406030,0.191,41,708589,12,Defiance,,,,,2X Long,2024-08-21,1.31,1.891,,3.9487,882466.65,-12.56131,-23.36449,,,,-12.56131,-22.12042,,,,-22.13376,,,,-51.65094,32.944
857,US,US,SEPI,,Shelton Equity Premium Income ETF,Equity,USD,190502018,0.191,28.79,60587,178,Shelton Capital,Derivative Income,,North America,United States,Long,2025-09-08,0.54,7.267,25.54247,,59865.1,9.426,15.349,,,,15.929,24.679,,,,24.698,,,,-2.53893,18.795
858,US,US,JEDI,,Defiance Drone and Modern Warfare ETF,Equity,USD,185361419,0.185,25.5,190864,46,Defiance,Technology,BITA Drone & Modern Warfare Select Index,,,Long,2025-09-25,0.99,0,38.97869,,337490.35,5.064,,,,,5.065,,,,,,,,,-40.68388,16.385
859,US,US,XHE,,State Street SPDR S&P Health Care Equipment ETF,Equity,USD,178927942,0.179,91.4062,52798,70,State Street,Health,S&P Healthcare Equipment Select Industry,North America,United States,Long,2011-01-26,0.35,0.0563,26.85637,0.9534,18277.75,3.6,10.876,10.787,-31.19076,74.413,3.6,10.944,10.96,-31.05716,76.532,10.952,3.527,-7.16892,5.849,-6.39406,20.271
860,CA,TSX,HHIC,,Harvest Canadian High Income Shares ETF,Equity,CAD,245089890,0.178,13.945,185509,12,Harvest ETFs,Large Cap,,North America,,1.25X Long,2025-08-21,1.63,15.489,18.23,0.689,86229,3.835,10.412,,,,15.539,28.85,,,,28.872,,,,-6.62872,10.324
861,US,US,COPJ,,Sprott Junior Copper Miners ETF,Equity,USD,178425050,0.178,48.32,59866,76,Sprott,Natural Resources,Nasdaq Sprott Junior Copper Miners Index,,,Long,2023-02-01,0.75,9.411,11.67447,1.13178,87066.95,22.983,73.06,157.803,,,22.983,95.549,231.317,,,95.639,49.065,,,-10.42729,75.072
862,US,US,RKLX,,Defiance Daily Target 2X Long RKLB ETF,Equity,USD,177032974,0.177,14.49,4695786,13,Defiance,Trading--Leveraged Equity,,,,2X Long,2025-03-12,1.63,0,,,2059716,-63.58382,-51.42962,,,,-63.58382,-44.25882,,,,-44.28113,,,,-87.38135,9.021
863,US,US,EGGY,,NestYield Dynamic Income ETF,Equity,USD,175231577,0.175,35.19,58614,55,NestYield,Equity Hedged,,North America,United States,Long,2024-12-26,0.92,32.869,42.63855,,107189.65,0.3708,-8.7893,,,,26.653,25.993,,,,26.013,,,,-23.40842,20.741
864,US,US,XPAY,,Roundhill S&P 500 Target 20 Managed Distribution ETF,Equity,USD,169760181,0.17,51.78,105638,13,Roundhill,Derivative Income,,North America,United States,Long,2024-10-31,0.49,21.156,,,49382.75,-3.9439,-5.70024,,,,11.987,17.842,,,,17.855,,,,-8.3702,9.356
865,US,US,AAPU,,Direxion Daily AAPL Bull 2X ETF,Equity,USD,169477797,0.169,40.13,4581968,17,Direxion,Trading--Leveraged Equity,,North America,United States,2X Long,2022-08-09,0.96,7.401,,1.83457,1574365.35,19.506,39.583,58.868,,,20.96,51.82,105.08,,,51.863,27.043,,,-17.91777,55.002
866,US,US,XBCI,,NEOS Boosted Bitcoin High Income ETF,Currency,USD,168014239,0.168,37.405,114347,11,Neos,Digital Assets,,,,1.5X Long,2026-02-03,0.98,28.115,,,183122.65,,,,,,,,,,,,,,,-25.85728,28.451
867,US,US,SMCX,,Defiance Daily Target 2X Long SMCI ETF,Equity,USD,166696191,0.167,12.92,3611920,14,Defiance,Trading--Leveraged Equity,,,,2X Long,2024-08-21,1.32,7.74,,7.96271,7127197.8,-43.33333,-76.83758,,,,-43.33333,-75.87963,,,,-75.90311,,,,-88.71024,136.63
868,US,US,FTXN,,First Trust Nasdaq Oil & Gas ETF,Equity,USD,165793999,0.166,41.2727,51895,45,First Trust,Equity Energy,NASDAQ US Smart Oil & Gas Index,North America,United States,Long,2016-09-20,0.6,1.573,14.34258,0.49122,43795.05,47.825,48.207,34.207,148.182,,48.864,51.315,44.247,181.696,,51.358,12.986,23.018,,-0.35563,55.981
869,US,US,SMCY,,YieldMax SMCI Option Income Strategy ETF,Equity,USD,163880567,0.164,5.39,3008363,18,YieldMax,Derivative Income,,North America,United States,Long,2024-09-11,1.01,134.202,21.62383,2.6747,1363228.6,-33.45679,-62.30769,,,,16.788,-11.69058,,,,-11.6981,,,,-69.59097,35.088
870,US,US,SDOW,,ProShares UltraPro Short Dow30,Equity,USD,160759385,0.161,24.14,4311573,17,ProShares,Trading--Inverse Equity,Dow Jones Industrial Average,North America,United States,-3X Short,2010-02-09,0.95,5.398,,-2.44752,3325705.45,-24.44444,-36.5238,-74.67478,-80.30995,-99.27631,-23.27992,-33.89275,-70.32426,-76.41397,-99.10488,-33.91149,-33.29261,-25.09448,-37.60354,-37.15178,14.272
871,US,US,ORCU,,Direxion Daily ORCL Bull 2X ETF,Equity,USD,160959784,0.161,9.35,4220816,20,Direxion,Trading--Leveraged Equity,,,,2X Long,2025-11-19,0.97,1.708,,,4274337.6,-49.2675,,,,,-48.68597,,,,,,,,,-66.14159,90.816
872,US,US,OKLL,,Defiance Daily Target 2x Long OKLO ETF,Equity,USD,156788068,0.157,2.66,7844975,13,Defiance,Trading--Leveraged Equity,,,,2X Long,2025-06-23,1.45,0,,,2247947.25,-96.82767,-98.06264,,,,-96.82767,-98.06264,,,,-98.06786,,,,-99.68698,0.3774
873,CA,TSX,ECHI,,Ninepoint Enhanced Canadian HighShares ETF,Equity,CAD,210374340,0.153,12.27,50366,10,Ninepoint,Large Cap,,North America,,Long,2025-08-22,1.49,15.211,,,83702.4,7.821,20.353,,,,19.257,40.458,,,,40.491,,,,-4.51362,20.176
874,US,US,IONX,,Defiance Daily Target 2X Long IONQ ETF,Equity,USD,151062102,0.151,21.43,1462707,13,Defiance,Trading--Leveraged Equity,,,,2X Long,2025-03-11,1.38,7.746,,,909706.15,-67.08141,-74.40124,,,,-67.08142,-73.76107,,,,-73.7851,,,,-93.12844,27.597
875,US,US,FLCC,,Federated Hermes MDT Large Cap Core ETF,Equity,USD,146990582,0.147,36.27,53965,155,Federated Hermes,Large Blend,,North America,United States,Long,2024-07-30,0.29,0.4519,23.16135,0.99306,40564.1,11.631,14.633,,,,11.631,15.207,,,,15.218,,,,-3.40879,21.386
876,US,US,EPHE,,iShares MSCI Philippines ETF,Equity,USD,144174003,0.144,24.35,94232,39,BlackRock,Focused Region,MSCI Philippines IMI 25/50 Index,Asia-Pacific,Philippines,Long,2010-09-28,0.59,2.788,8.36181,0.53322,275558.7,-2.28732,-6.66922,-1.09667,-20.34675,-35.6331,-0.37639,-4.07726,6.162,-11.72545,-26.20589,-4.07999,2.013,-2.46385,-2.99361,-14.26056,5.093
877,US,US,KBA,,KraneShares Bosera MSCI China A 50 Connect Index ETF,Equity,USD,142304562,0.142,32.6985,423319,54,KraneShares,Greater China Region,MSCI China A 50 Connect Index,Asia-Pacific,China,Long,2014-03-05,0.56,1.478,16.03166,0.37536,44769.95,5.82,13.517,44.173,-29.69576,10.319,5.82,15.331,53.36,1.379,73.44,15.342,15.316,0.2743,5.662,-7.78765,15.014
878,US,US,FOTO,,Tuttle Capital Pure Play Photonics ETF,Equity,USD,138790000,0.139,18.34,280017,42,Tuttle Capital,,,,,Long,2026-05-29,0.75,0,50.59616,,262928.15,,,,,,,,,,,,,,,-34.17085,15.056
879,US,US,GPTY,,YieldMax AI & Tech Portfolio Option Income ETF,Equity,USD,137662293,0.138,42.68,76250,90,YieldMax,Derivative Income,,North America,United States,Long,2025-01-22,1.06,37.109,36.81914,,52225.9,0.6604,-3.80888,,,,29.885,39.726,,,,39.758,,,,-15.7188,24.613
880,US,US,MRNY,,YieldMax MRNA Option Income Strategy ETF,Equity,USD,134912671,0.135,31.58,310047,20,YieldMax,Derivative Income,,North America,United States,Long,2023-10-23,1,50.255,,0.16008,494925.15,114.83,75.444,,,,280.618,315.325,,,,315.73,,,,-25.5013,132.206
881,CA,TSX,SPXU,,BetaPro S&P 500 2x Daily Bull ETF,Equity,CAD,186375040,0.135,36.98,100719,508,BetaPro,Large Cap,S&P 500,,,2X Long,2008-06-17,2.96,,7.02464,2.01776,74978.8,17.947,27.807,127.833,91.412,545.161,17.947,27.807,127.833,91.412,545.161,27.828,31.577,13.868,20.497,-4.93573,41.064
882,US,US,NFXL,,Direxion Daily NFLX Bull 2X ETF,Equity,USD,132532564,0.133,16.89,526393,18,Direxion,Trading--Leveraged Equity,,North America,United States,2X Long,2024-10-03,1.05,12.79,,,1009803.7,-44.89396,-72.41548,,,,-44.24154,-70.60749,,,,-70.63213,,,,-73.34701,34.368
883,US,US,TSMY,,YieldMax TSM Option Income Strategy ETF,Equity,USD,132938588,0.133,15.43,146111,20,YieldMax,Derivative Income,,North America,United States,Long,2024-08-20,1.01,52.521,34.68717,0.99327,146330.25,-0.70785,-0.5158,,,,37.986,63.708,,,,63.763,,,,-14.37292,8.815
884,US,US,RWM,,ProShares Short Russell2000,Equity,USD,131483153,0.131,13.85,15839620,10,ProShares,Trading--Inverse Equity,Russell 2000,North America,United States,-1X Short,2007-01-23,0.95,3.715,,-1.07662,15277688.1,-15.39401,-19.4299,-41.11395,-34.88481,-74.21337,-14.1813,-16.7049,-32.58066,-23.91431,-69.07742,-16.71533,-12.31179,-5.3202,-11.07567,-22.19101,5.243
885,US,US,BABX,,GraniteShares 2x Long BABA Daily ETF,Equity,USD,130520883,0.131,17,435603,11,GraniteShares,Trading--Leveraged Equity,Alibaba Group Holding Limited - Benchmark Price Return,,,2X Long,2022-12-13,1.15,0,,1.47792,1030177.4,-52.83019,-53.33516,-20.39335,,,-52.83019,-53.33516,-20.39335,,,-53.35952,-7.31901,,,-74.24242,33.827
886,US,US,PBD,,Invesco Global Clean Energy ETF,Equity,USD,129645266,0.13,17.74,170588,123,Invesco,Global Small/Mid Stock,Wilderhill New Energy Global Innovation Index,Global,,Long,2007-06-13,0.75,1.714,21.49881,1.3656,271994.5,10.31,23.28,8.502,-39.72137,55.614,10.858,25.566,16.179,-32.6312,88.746,25.586,5.125,-7.59679,6.559,-21.4349,25.282
887,US,US,HOOY,,YieldMax HOOD Option Income Strategy ETF,Equity,USD,128867170,0.129,28.82,237213,18,YieldMax,Derivative Income,,North America,United States,Long,2025-05-07,0.99,119.939,,,99725.95,-39.23677,-57.93315,,,,0.4836,-6.59628,,,,-6.60064,,,,-64.41536,20.839
888,US,US,MRVU,,Direxion Daily MRVL Bull 2X ETF,Equity,USD,119148240,0.119,119.64,182417,22,Direxion,Trading--Leveraged Equity,,,,2X Long,2026-02-11,0.97,0.3345,,,195186.95,,,,,,,,,,,,,,,-61.25271,475.192
889,US,US,DUST,,Direxion Daily Gold Miners Index Bear 2X ETF,Equity,USD,118248126,0.118,32.11,1555193,12,Direxion,Trading--Inverse Equity,MarketVector Global Gold Miners Index,,,-2X Short,2010-12-08,0.94,8.629,,-1.42323,1916765.05,-56.8414,-77.73232,-97.60552,-98.42906,-99.95854,-56.06339,-76.9107,-97.2991,-98.18953,-99.95119,-76.93387,-69.98843,-55.17602,-53.35506,-78.10433,10.686
890,US,US,CRPT,,First Trust SkyBridge Crypto Industry & Digital Economy ETF,Equity,USD,117119130,0.117,14.81,131639,16,First Trust,Equity Digital Assets,,,,Long,2021-09-20,0.85,0.7637,40.95284,3.19768,75717.75,-1.33245,-26.35505,168.735,,,-1.33245,-25.87737,174.56,,,-25.89257,40.016,,,-40.37602,37.832
891,US,US,DRNZ,,REX Drone ETF,Equity,USD,114614091,0.115,20.6321,96272,55,REX Shares,Industrials,VettaFi Drone Index,North America,United States,Long,2025-10-29,0.65,0,,,129680.1,-5.23998,,,,,-5.23824,,,,,,,,,-31.50033,14.623
892,US,US,GIAX,,Nicholas Global Equity and Income ETF,Equity,USD,112888638,0.113,16.2,82116,80,Nicholas,Derivative Income,,Global,,Long,2024-07-29,1.03,24.95,,1.4144,69711.7,-1.51976,-7.11009,,,,16.28,18.637,,,,18.651,,,,-13.71505,22.172
893,US,US,KURE,,KraneShares MSCI All China Health Care Index ETF,Equity,USD,110683582,0.111,18.15,147620,46,KraneShares,Greater China Region,MSCI China All Shares Health Care 10/40 Index,Asia-Pacific,China,Long,2018-02-01,0.65,3.938,25.17624,0.1933,48572.25,6.514,-16.8956,8.1,-50.65253,,6.514,-13.57665,14.587,-40.1893,,-13.58528,4.642,-9.77027,,-16.16628,26.217
894,US,US,RIET,,Hoya Capital High Dividend Yield ETF,Equity,USD,109524040,0.11,9.235,102074,99,Hoya,Real Estate,Hoya Capital High Dividend Yield Index,North America,United States,Long,2021-09-21,0.5,11.11,12.8676,1.00724,90314.15,-0.60273,-8.01793,-12.04762,,,6.759,2.416,19.984,,,2.418,6.26,,,-8.74506,5.543
895,US,US,AFK,,VanEck Africa Index ETF,Equity,USD,107070673,0.107,29.8,198465,80,VanEck,Focused Region,MVIS GDP Africa,Africa,,Long,2008-07-10,0.76,0.9114,12.70699,0.74529,57921,11.402,30.53,105.376,39.252,43.614,11.402,31.882,112.244,55.542,89.168,31.907,28.505,9.238,6.583,-3.40357,30.639
896,US,US,MSFO,,YieldMax MSFT Option Income Strategy ETF,Equity,USD,105907057,0.106,12.03,57425,17,YieldMax,Derivative Income,,North America,United States,Long,2023-08-24,1.03,40.583,,0.82493,143588.85,-22.13592,-29.8951,-42.24676,,,1.883,1.01,49.164,,,1.011,14.255,,,-33.53591,21.638
897,US,US,HYDR,,Global X Hydrogen ETF,Equity,USD,105244897,0.105,46.47,254966,31,Global X,Miscellaneous Sector,Solactive Global Hydrogen Index,Global,,Long,2021-07-12,0.5,2.838,,2.42245,44839.1,46.201,80.796,13.066,-60.17995,,47.341,87.511,19.127,-58.02032,,87.592,6.006,-15.93843,,-37.87433,81.879
898,US,US,TSLQ,,Tradr 2X Short TSLA Daily ETF New Oct 2025,Equity,USD,103922940,0.104,18.17,5320412,11,Tradr,Trading--Inverse Equity,,North America,United States,-2X Short,2022-07-14,1.15,10.558,,-1.95154,5911097.05,0.0551,-56.5207,-96.94848,,,0.0551,-51.28838,-95.91484,,,-51.31237,-65.5511,,,-57.19065,22.978
899,US,US,DOG,,ProShares Short Dow30,Equity,USD,101884772,0.102,21.75,3372672,10,ProShares,Trading--Inverse Equity,Dow Jones Industrial Average,North America,United States,-1X Short,2006-06-19,0.95,3.367,,-0.82948,2393367.2,-7.40741,-12.68567,-33.15919,-34.68468,-73.59155,-6.31829,-9.92134,-24.1414,-24.33839,-68.65067,-9.92779,-8.79666,-5.42599,-10.95369,-13.41561,4.739
900,US,US,CNXT,,VanEck ChiNext Innovators ETF,Equity,USD,102145394,0.102,48,96433,100,VanEck,Greater China Region,ChiNext Index - CNY,,,Long,2014-07-23,0.65,0.1642,35.18292,0.60936,87470.25,9.664,20.105,86.952,-5.68262,42.138,9.664,20.323,87.554,3.12,56.43,20.338,23.317,0.6164,4.577,-23.31043,23.393
901,US,US,BOAT,,SonicShares Global Shipping ETF,Equity,USD,100979960,0.101,50.81,77111,57,Tidal,Industrials,Solactive Global Shipping Index,Global,,Long,2021-08-03,0.69,5.51,9.18573,0.70953,51437.3,60.98,53.988,82.271,74.126,,66.959,66.648,143.377,197.137,,66.706,34.503,24.338,,-1.43932,74.485
902,US,US,YANG,,Direxion Daily FTSE China Bear 3X ETF,Equity,USD,97091481,0.097,30.83,1254839,11,Direxion,Trading--Inverse Equity,FTSE China 50 Net Tax USD Index,Asia-Pacific,China,-3X Short,2009-12-03,1.03,2.972,,-0.76313,747036,22.633,24.666,-85.45755,-90.25601,-98.86068,24.265,28.982,-83.74124,-88.87336,-98.67126,29.004,-45.41302,-35.54647,-35.08898,-26.97774,54.614
903,US,US,APLY,,YieldMax AAPL Option Income Strategy ETF,Equity,USD,96833985,0.097,11.46,143677,15,YieldMax,Derivative Income,,North America,United States,Long,2023-04-18,1.04,35.646,,0.66751,80443.15,-14.02851,-15.36189,-40.52932,,,6.944,16.642,41.982,,,16.654,12.391,,,-19.35257,3.71
904,US,US,FBY,,YieldMax META Option Income Strategy ETF,Equity,USD,90919725,0.091,9.01,200140,16,YieldMax,Derivative Income,,North America,United States,Long,2023-07-27,1.06,54.666,26.70295,1.11172,149624.5,-28.54877,-45.12789,-52.81734,,,-6.04814,-16.59181,70.351,,,-16.60218,19.426,,,-45.91837,13.619
905,US,US,GNOM,,Global X Genomics & Biotechnology ETF,Equity,USD,91309138,0.091,62.7532,115447,52,Global X,Health,Solactive Genomics Index,,,Long,2019-04-05,0.5,1.034,,1.1928,34449.3,38.053,68.217,43.929,-34.52295,,38.194,70.55,46.07,-33.52713,,70.612,13.46,-7.84391,,-7.71588,74.314
906,US,US,PBJ,,Invesco Food & Beverage ETF,Equity,USD,91387065,0.091,46.9,91325,33,Invesco,Consumer Defensive,Dynamic Food & Beverage Intellidex Index (AMEX),North America,United States,Long,2005-06-23,0.61,1.302,18.21,0.486,23672.5,4.676,-0.97128,7.692,10.473,39.252,5.329,0.3428,12.497,19.185,59.905,0.343,4.002,3.573,4.807,-8.16526,9.875
907,CA,TSX,SIXY,,Evolve Big Six Canadian Banks Ultrayield Index ETF,Equity,CAD,124944904,0.091,29.6,59444,18,Evolve,Financials,Solactive Equal Weight Canada Banks Index - CAD,,,1.33X Long,2025-12-01,,14.238,,,125216.55,12.06,,,,,26.909,,,,,,,,,-8.83893,19.596
908,US,US,ENOR,,iShares MSCI Norway ETF,Equity,USD,90408475,0.09,37.77,2312513,67,BlackRock,Focused Region,MSCI Norway IMI 25/50 Index,Europe,Norway,Long,2012-01-23,0.53,4.869,12.49083,0.69835,21794.65,31.237,33.699,63.648,30.331,80.2,37.189,41.156,90.068,64.427,160.577,41.189,23.865,10.459,10.052,-0.99607,41.461
909,US,US,DIG,,ProShares Ultra Energy,Equity,USD,87801731,0.088,72.73,70219,29,ProShares,Trading--Leveraged Equity,Energy Select Sector Index,North America,United States,2X Long,2007-01-30,0.95,1.22,,0.85615,29343.7,101.524,110.385,62.816,413.521,46.633,102.92,114.698,74.064,465.574,81.673,114.81,20.287,41.422,6.153,-1.71622,122.416
910,US,US,ENZL,,iShares MSCI New Zealand ETF,Equity,USD,84205799,0.084,46.61,64077,29,BlackRock,Focused Region,MSCI New Zealand All Cap Top 25 Capped Index,Global,New Zealand,Long,2010-09-01,0.5,2.171,24.78137,0.88615,89030.95,2.955,-0.27813,5.524,-26.80016,-4.44854,3.944,1.96,13.542,-17.9091,26.908,1.961,4.323,-3.87051,2.412,-4.95514,11.807
911,US,US,LABD,,Direxion Daily S&P Biotech Bear 3X ETF,Equity,USD,82622517,0.083,7,14083661,11,Direxion,Trading--Inverse Equity,S&P Biotechnology Select Industry,North America,United States,-3X Short,2015-05-28,1.07,9.276,,-2.42386,18828074.3,-66.76163,-85.80122,-95.82339,-96.2766,-99.98294,-66.36529,-85.37495,-95.34674,-95.75411,-99.98007,-85.3942,-64.02338,-46.84351,-57.35235,-86.51252,20.482
912,US,US,XUDV,,Franklin U.S. Dividend Booster Index ETF,Equity,USD,82224644,0.082,33.1815,68535,97,Franklin Templeton,Large Value,VettaFi New Frontier US Dividend Select Index,North America,United States,Long,2025-01-21,0.09,3.272,14.23644,,8600.8,25.289,25.412,,,,27.39,30.351,,,,30.375,,,,-2.49339,31.168
913,US,US,OILU,,MicroSectors Oil & Gas Exp. & Prod. 3x Leveraged ETN,Equity,USD,82294069,0.082,57.055,54058,25,REX Microsectors,Trading--Leveraged Equity,Solactive MicroSectors Oil & Gas Exploration & Production Index,North America,United States,3X Long,2021-11-12,0.95,0,,1.27144,84198.4,147.503,154.806,15.478,,,147.503,154.806,15.478,,,154.969,4.913,,,-7.10227,188.448
914,US,US,TECS,,Direxion Daily Technology Bear 3X ETF,Equity,USD,76168128,0.076,59.8959,227039,13,Direxion,Trading--Inverse Equity,S&P Technology Select Sector,North America,United States,-3X Short,2008-12-17,1.01,9.184,,-3.67164,335107.5,-65.35807,-74.58808,-95.72782,-98.51743,-99.99399,-64.83543,-73.66716,-95.21319,-98.29763,-99.99293,-73.69122,-63.68252,-55.72464,-61.54945,-75.0849,5.748
915,US,US,DTEC,,ALPS Disruptive Technologies ETF,Equity,USD,75678633,0.076,50.64,95367,99,SS&C,Technology,Indxx Disruptive Technologies Index,Global,,Long,2017-12-29,0.5,0.0355,22.42384,1.14398,7722.75,4.238,-0.4717,36.444,-1.35001,,4.239,-0.43391,37.48,-0.31671,,-0.4342,11.191,-0.063432,,-6.02732,20.6
916,US,US,TSLR,,GraniteShares 2x Long TSLA Daily ETF,Equity,USD,75425130,0.075,17,1204622,17,GraniteShares,Trading--Leveraged Equity,,North America,United States,2X Long,2023-08-21,0.95,0,,3.57427,1450438.85,-46.90818,-19.58373,-39.06373,,,-46.90818,-19.58373,-39.06461,,,-19.59573,-15.2175,,,-57.00556,47.698
917,US,US,SLJY,,Amplify SILJ Junior Silver Miners Covered Call ETF,Equity,USD,74071099,0.074,31.935,89443,81,Amplify Investments,Derivative Income,,,,Long,2025-08-18,0.76,22.212,,,46679.5,-2.26772,17.507,,,,13.846,46.68,,,,46.718,,,,-32.03873,26.101
918,US,US,SRTY,,ProShares UltraPro Short Russell2000,Equity,USD,71686595,0.072,23.72,1164544,13,ProShares,Trading--Inverse Equity,Russell 2000,North America,United States,-3X Short,2010-02-11,0.95,8.058,,-3.18063,1406503.2,-44.10933,-52.93651,-86.16426,-87.13666,-99.66573,-43.01083,-50.46191,-83.57953,-84.49395,-99.58597,-50.48573,-45.23268,-31.12239,-42.23422,-56.53289,15.849
919,US,US,LINT,,Direxion Daily INTC Bull 2X ETF,Equity,USD,72265824,0.072,130.83,94724,16,Direxion,Trading--Leveraged Equity,,,,2X Long,2025-11-19,0.97,0.57,,,107226.25,374.675,,,,,377.949,,,,,,,,,-50.94672,448.163
920,US,US,GXPS,,Global X PureCap MSCI Consumer Staples ETF,Equity,USD,72384248,0.072,26.03,65625,32,Global X,Consumer Defensive,MSCI USA Consumer Staples Index,North America,United States,Long,2025-07-22,0.15,1.288,24.55439,,25714.1,6.781,4.433,,,,7.543,5.799,,,,5.803,,,,-12.14985,11.813
921,US,US,MSOX,,AdvisorShares MSOS Daily Leveraged ETF,Equity,USD,69705269,0.07,3.11,1725083,12,AdvisorShares,Trading--Leveraged Equity,,North America,United States,2X Long,2022-08-23,0.97,0,,2.5378,1629035.35,-30.58036,-61.5099,-97.52389,,,-30.58036,-61.5099,-97.52389,,,-61.53506,-70.84504,,,-73.82155,87.915
922,US,US,SNOY,,YieldMax SNOW Option Income Strategy ETF,Equity,USD,70262750,0.07,11.4,137432,17,YieldMax,Derivative Income,,North America,United States,Long,2024-06-10,1,62.285,,2.1456,214690.5,-6.71031,-24.30279,,,,48.827,44.056,,,,44.092,,,,-29.84615,84.765
923,US,US,REXC,,Sprott Rare Earths Ex-China ETF,Equity,USD,69801315,0.07,17.86,81529,44,Sprott,Natural Resources,Nasdaq Sprott Rare Earths Ex-China Index,Global,China,Long,2026-04-14,0.65,0,,,140802.95,,,,,,,,,,,,,,,-29.65735,21.995
924,US,US,AMUU,,Direxion Daily AMD Bull 2X ETF,Equity,USD,70334341,0.07,208.51,58198,12,Direxion,Trading--Leveraged Equity,,North America,United States,2X Long,2025-02-12,1.06,3.913,,,60120.85,281.328,477.015,,,,284.296,554.31,,,,555.152,,,,-28.9937,492.526
925,US,US,LOFF,,Direxion Daily SpaceX Bull 2X ETF,Equity,USD,66659183,0.067,16.44,1878960,15,Direxion,Trading--Leveraged Equity,Space Exploration Technologies Corp. Class A - Benchmark Price Return,,,2X Long,2026-06-15,0.97,0.0583,,,2530028.2,,,,,,,,,,,,,,,-64.78149,85.553
926,CA,TSX,ETHY,,Purpose Ether Yield ETF,Currency,CAD,91385910,0.066,1.54,58819,22,Purpose,"Long ETH, Short USD",ETH/USD Exchange Rate - USD - Benchmark Price Return,North America,,Long,2021-11-19,2.01,36.058,,2.277,201340.5,-42.96296,-61.97531,-40.76923,,,-27.32517,-48.5634,16.612,,,-48.58682,5.255,,,-64.88027,58.763
927,US,US,REGS,,Columbia Large Cap Growth ETF,Equity,USD,64743344,0.065,11.45,244659,65,Columbia Threadneedle,,,North America,United States,Long,1992-11-20,0.35,0,28.59325,,41467.05,,,,,,,,,,,,,,,-2.95858,23.044
928,US,US,OZEM,,Roundhill GLP-1 & Weight Loss ETF,Equity,USD,62419347,0.062,31.9737,153882,25,Roundhill,Health,,,,Long,2024-05-21,0.59,1.282,16.83375,0.43225,18690.8,-6.39195,22.364,,,,-6.39168,23.806,,,,23.824,,,,-13.93351,24.605
929,US,US,WNTR,,YieldMax MSTR Short Option Income Strategy ETF,Equity,USD,62302337,0.062,18.44,85435,24,YieldMax,Derivative Income,,North America,United States,-1X Short,2025-03-26,1,153.715,,,214958.8,-53.50479,-45.55654,,,,-18.53394,34.887,,,,34.915,,,,-59.49923,6.528
930,US,US,SOFX,,Defiance Daily Target 2X Long SOFI ETF,Equity,USD,60652204,0.061,8.6,1303002,13,Defiance,Trading--Leveraged Equity,,,,2X Long,2025-01-15,1.29,0,,,1149098.6,-69.72897,-77.53396,,,,-69.72897,-74.83324,,,,-74.85701,,,,-84.49864,27.502
931,US,US,TSLS,,Direxion Daily TSLA Bear 1X ETF,Equity,USD,61292241,0.061,55.62,237630,13,Direxion,Trading--Inverse Equity,,North America,United States,-1X Short,2022-08-09,0.95,2.83,,-1.40784,308186.2,9.704,-21.10638,-72.24551,,,11.037,-18.7163,-69.3126,,,-18.72784,-32.5432,,,-21.6156,20.39
932,US,US,NCLD,,Roundhill Neocloud ETF,Equity,USD,59565016,0.06,25.155,794019,20,Roundhill,Technology,,,,Long,2026-08-06,0.65,0,,,1026838.15,,,,,,,,,,,,,,,-10.48043,20.301
933,US,US,TRUD,,VanEck Consumer Discretionary TruSector ETF,Equity,USD,60391117,0.06,25.2557,100401,49,VanEck,Consumer Cyclical,,North America,United States,Long,2025-08-20,0.16,0.4961,,,48167.55,-3.47894,-2.01094,,,,-3.15697,-1.52192,,,,-1.52295,,,,-8.16109,10.383
934,US,US,EMOP,,AB Emerging Markets Opportunities ETF,Equity,USD,59781301,0.06,52.4,51726,71,AB Funds,Diversified Emerging Mkts,,Emerging Markets,,Long,2025-06-17,0.7,0.2122,12.62317,,56353.5,28.703,39.166,,,,28.703,39.558,,,,39.59,,,,-3.58786,39.166
935,US,US,NIKL,,Sprott Nickel Miners ETF,Equity,USD,59182751,0.059,15.0963,57589,30,Sprott,Natural Resources,Nasdaq Sprott Nickel Miners Index,,,Long,2023-03-21,0.75,2.633,13.74796,0.82752,53362.8,-4.02861,14.063,-24.27239,,,-4.02861,17.418,-2.97426,,,17.431,-1.00119,,,-30.92519,23.437
936,US,US,HIMZ,,Defiance Daily Target 2X Long HIMS ETF,Equity,USD,55931866,0.056,25.12,289699,13,Defiance,Trading--Leveraged Equity,,,,2X Long,2025-03-12,1.33,7.884,,,350079.3,-69.01061,-90.15751,,,,-69.0106,-89.94025,,,,-89.95607,,,,-93.58496,102.875
937,US,US,NETL,,Colterpoint Net Lease Real Estate ETF,Equity,USD,55548220,0.056,25.89,222060,24,Exchange Traded Concepts,Real Estate,Colterpoint Net Lease Real Estate Index,North America,United States,Long,2019-03-22,0.6,4.847,22.95876,0.82405,21724.3,9.116,3.859,10.123,-19.99382,,12.672,9.111,27.704,2.234,,9.118,8.491,0.4429,,-8.93422,9.89
938,US,US,PSIL,,AdvisorShares Psychedelics ETF,Equity,USD,55503137,0.056,25.21,51662,34,AdvisorShares,Miscellaneous Sector,,,,Long,2021-09-15,1,6.759,,0.99975,45531.75,46.826,42.028,41.629,,,46.826,56.337,61.431,,,56.385,17.304,,,-6.69184,61.241
939,US,US,GXPD,,Global X PureCap MSCI Consumer Discretionary ETF,Equity,USD,53722096,0.054,25.44,157255,51,Global X,Consumer Cyclical,MSCI USA / Consumer Discretionary,North America,United States,Long,2025-07-22,0.15,0.3522,26.61311,,35618.2,-3.8912,-2.78574,,,,-3.741,-2.45239,,,,-2.45405,,,,-8.71905,11.384
940,US,US,FNGD,,MicroSectors FANG+ Index - 3X Inverse Leveraged ETN,Equity,USD,52585208,0.053,26.94,197371,10,REX Microsectors,Trading--Inverse Equity,NYSE FANG+ Index,North America,United States,-3X Short,2018-01-25,0.95,0,,-3.58173,360696.55,-48.88046,-50.11111,-96.82311,-99.38493,,-48.88046,-50.11111,-96.82311,-99.38493,,-50.13487,-68.32029,-63.88196,,-69.16915,6.693
941,US,US,SEMY,,GraniteShares YieldBOOST Semiconductor ETF,Equity,USD,53046794,0.053,12.98,55448,11,GraniteShares,Derivative Income,,,,3X Long,2025-11-18,1.07,132.266,,,122384.85,-37.62614,,,,,34.804,,,,,,,,,-49.70941,1.884
942,US,US,URSP,,ProShares Ultra S&P 500 Equal Weight,Equity,USD,52303914,0.052,49.25,148777,508,ProShares,Trading--Leveraged Equity,S&P 500 Equal Weighted,North America,United States,2X Long,2025-08-25,0.95,0.9232,,,48112.3,20.504,23.103,,,,21.318,24.398,,,,24.417,,,,-8.06422,33.469
943,US,US,HDGE,,AdvisorShares Ranger Equity Bear ETF,Equity,USD,51432554,0.051,14.5159,269648,58,AdvisorShares,Trading--Inverse Equity,,North America,United States,Long,2011-01-26,3.62,3.858,11.83128,-1.0088,57450.05,-9.38889,-8.53245,-35.19687,-41.32619,-84.62299,-9.38889,-5.30689,-20.71302,-28.21228,-81.14526,-5.31043,-7.44321,-6.41503,-15.36848,-21.32304,5.402
944,US,US,MRAL,,GraniteShares 2x Long MARA Daily ETF,Equity,USD,50576678,0.051,42.05,61351,17,GraniteShares,Trading--Leveraged Equity,,,,2X Long,2025-03-07,1.5,0,,,172149.75,-8.3878,-75.01827,,,,-8.3878,-75.01827,,,,-75.04199,,,,-88.52034,89.911
945,US,US,SPCU,,Defiance Daily Target 2X Long SPCX ETF,Equity,USD,50410998,0.05,13.04,1966961,12,Defiance,Trading--Leveraged Equity,,,,2X Long,2026-06-12,1.31,0,,,1949247.75,,,,,,,,,,,,,,,-65.08701,84.441
946,US,US,KYLD,,Kurv High Income ETF,Equity,USD,50121358,0.05,20.46,53255,63,Kurv,Derivative Income,,Global,,Long,2025-10-30,1,25.147,59.08232,,43894.1,-4.83721,,,,,14.117,,,,,,,,,-21.21679,15.822
947,US,US,UTSL,,Direxion Daily Utilities Bull 3X ETF,Equity,USD,49359973,0.049,37.63,123132,44,Direxion,Trading--Leveraged Equity,S&P Utilities Select Sector,North America,United States,3X Long,2017-05-03,0.97,1.871,,1.66455,151863.9,-7.1781,1.074,71.591,2.814,,-6.37212,2.74,82.484,13.216,,2.742,22.195,2.514,,-31.84206,7.699
948,US,US,NVD,,GraniteShares 2x Short NVDA Daily ETF,Equity,USD,48291534,0.048,3.81,67831839,11,GraniteShares,Trading--Inverse Equity,,North America,United States,-2X Short,2023-08-21,1.35,22.194,,-3.05942,83503787.5,-46.71329,-64.9494,-99.4094,,,-46.71329,-60.61915,-99.15967,,,-60.64427,-79.66199,,,-65.61372,10.116
949,US,US,SMCL,,GraniteShares 2x Long SMCI Daily ETF,Equity,USD,47583878,0.048,18,460716,16,GraniteShares,Trading--Leveraged Equity,,,,2X Long,2024-12-12,1.5,0,,,924196.8,-40.26483,-74.18726,,,,-40.26549,-74.18738,,,,-74.21131,,,,-87.47103,139.362
950,US,US,DXD,,ProShares UltraShort Dow30,Equity,USD,46618861,0.047,17.23,2605995,10,ProShares,Trading--Inverse Equity,Dow Jones Industrial Average,North America,United States,-2X Short,2006-07-11,0.95,3.995,,-1.65234,1441035.75,-15.95122,-24.95645,-57.21381,-61.62584,-94.81024,-14.83138,-22.3876,-51.5281,-55.81095,-93.8425,-22.40108,-21.44257,-15.07154,-24.32998,-26.01975,9.397
951,US,US,TWM,,ProShares UltraShort Russell2000,Equity,USD,45161743,0.045,22.27,1287561,10,ProShares,Trading--Inverse Equity,Russell 2000,North America,United States,-2X Short,2007-01-23,0.95,5.276,,-2.14228,597558.4,-30.40625,-37.26761,-69.43034,-67.20177,-96.12696,-29.30287,-34.68135,-64.69178,-61.56565,-95.3555,-34.7004,-29.31515,-17.40904,-26.43426,-40.86564,10.494
952,US,US,LLYX,,Defiance Daily Target 2X Long LLY ETF,Equity,USD,43777270,0.044,23.34,178356,12,Defiance,Trading--Leveraged Equity,,,,2X Long,2024-08-07,1.49,3.017,,0.59231,293536.15,-8.43468,76.284,,,,-8.43468,81.117,,,,81.191,,,,-25.17552,91.626
953,US,US,CRCO,,YieldMax CRCL Option Income Strategy ETF,Equity,USD,42443309,0.042,15.28,252156,12,YieldMax,Derivative Income,,,,Long,2025-09-29,1.01,136.374,,,99921.1,-36.92727,,,,,15.832,,,,,,,,,-73.33799,30.598
954,US,US,MARO,,YieldMax MARA Option Income Strategy ETF,Equity,USD,41686399,0.042,4.38,226724,13,YieldMax,Derivative Income,,North America,United States,Long,2024-12-09,1,200.708,,,370811.8,-42.44415,-76,,,,6.479,-37.96443,,,,-37.98471,,,,-78.92204,18.219
955,US,US,AIYY,,YieldMax AI Option Income Strategy ETF,Equity,USD,42317980,0.042,7.62,62760,11,YieldMax,Derivative Income,,North America,United States,Long,2023-11-27,0.99,130.533,,1.57241,75212.2,-56.1565,-70,,,,-30.91827,-40.75873,,,,-40.77997,,,,-73.54167,9.64
956,US,US,DRN,,Direxion Daily Real Estate Bull 3X ETF,Equity,USD,40683146,0.041,9.83,1961122,38,Direxion,Trading--Leveraged Equity,S&P Real Estate Select Sector,North America,United States,3X Long,2009-07-16,0.98,2.068,,2.81044,1263538.95,15.376,2.717,15.783,-63.52505,-62.89166,16.616,4.997,24.458,-57.58183,-51.91198,5.001,7.564,-15.76352,-7.06071,-19.49222,22.112
957,US,US,LITP,,Sprott Lithium Miners ETF,Equity,USD,41362281,0.041,11.38,69421,42,Sprott,Natural Resources,Nasdaq Sprott Lithium Miners Index,Global,,Long,2023-02-01,0.65,7.845,11.01785,1.43551,52431.55,-5.56017,36.615,-26.10869,,,-5.55938,47.412,-12.88176,,,47.451,-4.49174,,,-38.68534,55.89
958,US,US,NFLY,,YieldMax NFLX Option Income Strategy ETF,Equity,USD,38633954,0.039,7.42,52476,10,YieldMax,Derivative Income,,North America,United States,Long,2023-08-07,1.01,61.906,,0.53881,54688.35,-38.21815,-56.83537,-61.58028,,,-17.92448,-35.2607,45.477,,,-35.27997,13.306,,,-57.46632,6
959,US,US,RGTX,,Defiance Daily Target 2X Long RGTI ETF,Equity,USD,38382254,0.038,9.15,1310333,13,Defiance,Trading--Leveraged Equity,,,,2X Long,2025-03-31,1.56,2.896,,,773269.7,-81.17284,-78.21947,,,,-81.17284,-78.10267,,,,-78.12544,,,,-98.17656,18.986
960,US,US,SARK,,Tradr 1X Short Innovation Daily ETF,Equity,USD,38010761,0.038,25.1,170348,11,Tradr,Trading--Inverse Equity,,,,-1X Short,2021-11-09,0.99,3.396,,-1.98527,137699.1,-17.02479,-23.31195,-76.77861,,,-17.02479,-21.02068,-68.5027,,,-21.03345,-31.95505,,,-29.63274,3.356
961,US,US,QPUX,,Defiance 2X Daily Long Pure Quantum ETF,Equity,USD,35739855,0.036,13.33,255698,17,Defiance,Trading--Leveraged Equity,,,,2X Long,2025-08-06,1.29,0,,,203751.1,-72.33292,-73.79183,,,,-72.33292,-73.79183,,,,-73.81586,,,,-95.04148,12.68
962,US,US,WARP,,VanEck Space ETF,Equity,USD,36084606,0.036,20.2278,78088,23,VanEck,Industrials,MarketVector Space Index,Global,,Long,2026-05-06,0.5,0,,,36008.5,,,,,,,,,,,,,,,-51.57338,13.416
963,US,US,VUSG,,Vanguard Wellington U.S. Growth Active ETF,Equity,USD,35629200,0.036,65.32,61610,44,Vanguard,Large Growth,,North America,United States,Long,2025-11-14,0.35,0.0164,34.92525,,36312.25,7.381,,,,,7.381,,,,,,,,,-2.53656,24.242
964,US,US,PLTZ,,Defiance Daily Target 2x Short PLTR ETF,Equity,USD,35380274,0.035,9.83,2125366,10,Defiance,Trading--Inverse Equity,,,,-2X Short,2025-06-05,1.31,0,,,4643111.9,-60.34691,-75.52291,,,,-60.34691,-75.52291,,,,-75.54649,,,,-77.55195,20.762
965,US,US,SSG,,Proshares Ultrashort Semiconductors,Equity,USD,35443604,0.035,11.65,230326,11,ProShares,Trading--Inverse Equity,DJ Global United States (All) / Semiconductors -SUB,North America,United States,-2X Short,2007-01-30,0.95,10.581,,-3.36611,440839.1,-61.96539,-73.42609,-98.37967,-99.60642,-99.99327,-61.47467,-72.30223,-98.13352,-99.5357,-99.9919,-72.32657,-73.46581,-65.85752,-61.02627,-73.85548,6.783
966,US,US,PALU,,Direxion Daily PANW Bull 2X ETF,Equity,USD,35189928,0.035,45.92,103904,17,Direxion,Trading--Leveraged Equity,,,,2X Long,2025-03-26,1.08,4.22,,,140052.65,156.536,94.001,,,,158.55,112.309,,,,112.419,,,,-32.33127,366.193
967,IN,NSE,IT,,Kotak Mahindra Mutual Fund - Kotak Nifty IT ETF,Equity,INR,3223113000,0.034,32.23,618119,12,Kotak,Information Technology,Nifty IT Index - INR - Benchmark TR Net,,,Long,2021-02-26,0.22,,19.60637,0.18106,328575.8,-22.43081,-13.68506,-4.67317,-7.99315,,-22.43081,-13.68506,-4.67317,-7.99315,,-13.69376,-1.58228,-1.65256,,-27.55675,12.929
968,US,US,NVOX,,Defiance Daily Target 2X Long NVO ETF,Equity,USD,34407472,0.034,13.3,204475,12,Defiance,Trading--Leveraged Equity,,,,2X Long,2024-12-02,1.31,0,,,335161.5,-39.24166,-51.67151,,,,-39.24166,-51.67151,,,,-51.69558,,,,-63.05556,44.095
969,US,US,PLTD,,Direxion Dailly PLTR Bear 1X ETF,Equity,USD,31011496,0.031,5.32,18106795,10,Direxion,Trading--Inverse Equity,,,,-1X Short,2024-12-11,0.98,4.28,,,26909584.25,-19.27162,-33.74844,,,,-18.24895,-31.53696,,,,-31.55472,,,,-45.31812,9.917
970,US,US,ONDL,,Defiance Daily Target 2X Long ONDS ETF,Equity,USD,31354510,0.031,5.35,547400,12,Defiance,Trading--Leveraged Equity,,,,2X Long,2025-12-29,1.31,0,,,1426418.55,-79.68869,,,,,-79.68869,,,,,,,,,-90.9764,13.83
971,US,US,AAPD,,Direxion Daily AAPL Bear 1X ETF,Equity,USD,29945442,0.03,11.04,23237179,12,Direxion,Trading--Inverse Equity,,North America,United States,-1X Short,2022-08-09,0.96,3.589,,-1.00289,10098550.55,-15.78947,-27.03239,-49.70387,,,-14.72136,-24.82843,-44.19527,,,-24.84312,-17.66656,,,-30.67504,8.876
972,US,US,AVS,,Direxion Daily AVGO Bear 1X ETF,Equity,USD,29300329,0.029,8.0147,12224576,12,Direxion,Trading--Inverse Equity,,,,-1X Short,2024-10-10,1.03,3.377,,,12383967.8,-15.18836,-21.88402,,,,-14.27697,-19.61654,,,,-19.62857,,,,-26.8398,28.235
973,US,US,TSDD,,GraniteShares 2x Short TSLA Daily ETF,Equity,USD,28542870,0.029,7.63,8613162,17,GraniteShares,Trading--Inverse Equity,,North America,United States,-2X Short,2023-08-21,0.95,8.532,,-2.49531,5989536.7,-1.29366,-56.14943,-98.25446,,,-1.29366,-52.03547,-97.59309,,,-52.0596,-71.11915,,,-56.79502,16.134
974,US,US,AMA,,Defiance Daily Target 2X Long AMAT ETF,Equity,USD,29024297,0.029,21.7536,111967,10,Defiance,Trading--Leveraged Equity,,,,2X Long,2026-04-30,1.29,0,,,412086.55,,,,,,,,,,,,,,,-64.91355,20.133
975,US,US,OILD,,MicroSectors Oil & Gas Exp. & Prod. - 3x Inverse Leveraged ETN,Equity,USD,27621899,0.028,26.52,92306,25,REX Microsectors,Trading--Inverse Equity,Solactive MicroSectors Oil & Gas Exploration & Production Index,North America,United States,-3X Short,2021-11-08,0.95,0,,,60377.55,-74.08423,-78.16832,-84.60733,,,-74.08423,-78.16832,-84.60733,,,-78.19106,-46.3998,,,-79.47368,3.191
976,IN,NSE,HNGSNGBEES,,Nippon Mutual Funds - Nippon ETF Hang Seng BeES,Equity,INR,2652349000,0.028,466,66397,96,Nippon,Large Cap,Hang Seng Index,,,Long,2010-03-09,0.93,,13.51245,0.0886,87758.25,-5.70047,-4.97359,73.647,41.353,,-5.70047,-4.97359,73.647,41.353,,-4.97691,20.191,7.168,,-19.58718,5.167
977,US,US,RETL,,Direxion Daily Retail Bull 3X ETF,Equity,USD,26671114,0.027,7.75,261289,87,Direxion,Trading--Leveraged Equity,S&P Retail Select Industry,North America,United States,3X Long,2010-07-14,0.96,0.6501,,3.45929,269679.7,-15.9436,-27.43446,24.799,-81.41309,-53.51488,-15.40284,-26.96762,28.92,-80.41747,-47.9991,-26.98334,8.834,-27.83039,-6.33072,-31.35518,19.451
978,US,US,EEMO,,Invesco S&P Emerging Markets Momentum ETF,Equity,USD,26716382,0.027,23.26,203479,287,Invesco,Diversified Emerging Mkts,S&P Momentum Emerging Plus LargeMidCap Index,Global,,Long,2012-02-24,0.29,1.7,14.10022,0.92948,48464.3,32.505,31.561,61.416,23.684,44.266,33.51,34.259,73.007,42.437,112.801,34.286,20.043,7.332,7.845,-11.1196,43.227
979,CA,TSX,SHHI,,Ninepoint Shopify HighShares ETF,Equity,CAD,37406428,0.027,6.48,57549,10,Ninepoint,Information Technology,,North America,,1.25X Long,2025-08-22,0.98,33.683,,,20387.4,-35.08443,-33.01065,,,,-20.8053,-10.05567,,,,-10.0622,,,,-49.45398,25.338
980,US,US,LNOK,,Defiance Daily Target 2X Long NOK ETF,Equity,USD,26172528,0.026,18.97,182341,12,Defiance,Trading--Leveraged Equity,,,,2X Long,2026-01-20,1.31,0,,,116961.65,,,,,,,,,,,,,,,-68.70153,113.867
981,US,US,LUNL,,Defiance Daily Target 2X Long LUNR ETF,Equity,USD,24346089,0.024,3.87,1398752,12,Defiance,Trading--Leveraged Equity,,,,2X Long,2026-01-12,1.31,0,,,782018.75,,,,,,,,,,,,,,,-93.17219,56.048
982,US,US,QCMU,,Direxion Daily QCOM Bull 2X ETF,Equity,USD,23509002,0.024,21.47,224636,12,Direxion,Trading--Leveraged Equity,QUALCOMM Incorporated,,,2X Long,2025-06-25,1.07,3.114,,,102140.7,-20.71054,-16.48189,,,,-19.75933,-14.212,,,,-14.22101,,,,-58.85397,63.893
983,US,US,MST,,Defiance Leveraged Long Income MSTR ETF,Equity,USD,23874450,0.024,12.19,82108,13,Defiance,Trading--Miscellaneous,,,,Long,2025-05-01,1.91,427.404,,,147781.9,-70.23199,-95.72341,,,,-55.4029,-90.94053,,,,-90.95542,,,,-96.1336,86.677
984,US,US,RIOX,,Defiance Daily Target 2X Long RIOT ETF,Equity,USD,23368822,0.023,29.14,180144,13,Defiance,Trading--Leveraged Equity,,,,2X Long,2025-01-02,0.95,0,,,436635.3,37.778,-45.46135,,,,37.778,-12.83278,,,,-12.84098,,,,-81.04715,124.846
985,US,US,PILL,,Direxion Daily Pharmaceutical & Medical Bull 3X ETF,Equity,USD,23027655,0.023,19.54,66196,79,Direxion,Trading--Leveraged Equity,S&P Pharmaceuticals Select Industry,North America,United States,3X Long,2017-11-15,0.98,0.3507,,1.75952,52693.15,58.862,142.733,114.49,2.734,,59.204,144.19,122.153,7.912,,144.339,30.474,1.535,,-19.08903,176.771
986,IN,NSE,NIF100BEES,,Nippon India Mutual Fund - Nippon India ETF Nifty 100,Equity,INR,2143950300,0.023,262.29,57443,103,Nippon,Large Cap,Nifty 100 Index - INR - Benchmark TR Gross,,,Long,2013-03-22,0.5,,19.83829,0.34616,35524.7,-6.94977,-2.45816,27.747,44.361,,-6.94977,-2.45816,27.747,44.361,,-2.45983,8.503,7.62,,-9.55517,9.288
987,US,US,MUD,,Direxion Daily MU Bear 1X ETF,Equity,USD,22246310,0.022,9.69,5633175,15,Direxion,Trading--Inverse Equity,,,,-1X Short,2024-10-10,1.02,14.562,,,6152946.65,-83.40753,-93.25486,,,,-83.19928,-93.0839,,,,-93.09655,,,,-93.24268,8.815
988,US,US,HIBS,,Direxion Daily S&P 500 High Beta Bear 3X ETF,Equity,USD,22073340,0.022,18.69,111281,10,Direxion,Trading--Inverse Equity,S&P 500 High Beta Index,North America,United States,-3X Short,2019-11-07,1.06,9.412,,-3.90593,162193.6,-62.91667,-74.81132,-95.34727,-98.37619,,-62.25064,-73.79691,-94.73274,-98.12294,,-73.82094,-62.50626,-54.851,,-75.26142,9.171
989,US,US,AMDD,,Direxion Daily AMD Bear 1X ETF,Equity,USD,20533395,0.021,27.17,389861,13,Direxion,Trading--Inverse Equity,,North America,United States,-1X Short,2025-02-12,1.03,14.67,,,336148.95,-71.12646,-82.50483,,,,-70.50704,-81.70157,,,,-81.72284,,,,-82.59449,4.1
990,US,US,NVDD,,Direxion Daily NVDA Bear 1X ETF,Equity,USD,19515891,0.02,29.87,166864,10,Direxion,Trading--Inverse Equity,,North America,United States,-1X Short,2023-09-13,1.01,4.128,,-1.65899,193804.2,-22.11213,-31.80365,,,,-20.94785,-29.54978,,,,-29.56668,,,,-32.57336,4.954
991,US,US,MRNX,,Defiance Daily Target 2X Long MRNA ETF,Equity,USD,20196245,0.02,72.66,150088,11,Defiance,Trading--Leveraged Equity,,,,2X Long,2026-02-03,1.34,0,,,610817.75,,,,,,,,,,,,,,,-49.48554,386.02
992,US,US,DRAL,,Defiance Daily Target 2X Long DRAM ETF,Equity,USD,20141493,0.02,12.39,124776,10,Defiance,Trading--Leveraged Equity,,,,2X Long,2026-06-24,1.31,0,,,257715.6,,,,,,,,,,,,,,,-51.44794,75.994
993,US,US,ULTI,,REX IncomeMax Option Strategy ETF,Equity,USD,20298571,0.02,6.785,62959,94,REX Shares,Derivative Income,,North America,United States,Long,2025-10-31,1.32,119.839,46.37945,,85407.25,-51.87943,,,,,-21.50006,,,,,,,,,-74.39623,9.968
994,US,US,STXL,,Defiance Daily Target 2x Long STX ETF,Equity,USD,19387662,0.019,34.445,108435,10,Defiance,Trading--Leveraged Equity,,,,2X Long,2026-04-22,1.31,0,,,110598.25,,,,,,,,,,,,,,,-51.0787,89.227
995,US,US,POEL,,Defiance Daily Target 2X Long POET ETF,Equity,USD,16666416,0.017,9.24,190554,12,Defiance,Trading--Leveraged Equity,,,,2X Long,2026-04-30,1.31,0,,,310316.75,,,,,,,,,,,,,,,-93.10448,36.869
996,US,US,ELIL,,Direxion Daily LLY Bull 2X ETF,Equity,USD,16535141,0.017,26.3124,110101,14,Direxion,Trading--Leveraged Equity,,,,2X Long,2025-03-26,1.07,12.029,,,83371.1,-6.95757,65.8,,,,-6.24876,88.303,,,,88.385,,,,-25.09991,80.469
997,US,US,TSXU,,Direxion Daily Semiconductors Top 5 Bull 2X ETF,Equity,USD,17041314,0.017,58.76,81385,19,Direxion,Trading--Leveraged Equity,NYSE Semiconductor Top 5 Equal Weight Index,North America,United States,2X Long,2025-10-01,0.97,1.713,,,162947.5,103.745,,,,,104.943,,,,,,,,,-18.86219,174.579
998,US,US,HOOX,,Defiance Daily Target 2X Long HOOD ETF,Equity,USD,16253723,0.016,39.1267,75544,11,Defiance,Trading--Leveraged Equity,,,,2X Long,2025-03-18,1.32,0,,,40271.7,-36.9026,-58.04017,,,,-36.9026,-52.57997,,,,-52.60419,,,,-74.65559,137.997
999,US,US,BMNZ,,Defiance Daily Target 2X Short BMNR ETF,Equity,USD,15383762,0.015,5.68,2997895,10,Defiance,Trading--Inverse Equity,,,,-2X Short,2025-11-12,1.31,0,,,2879018.15,-76.22436,,,,,-76.22436,,,,,,,,,-88.1642,19.579
1000,US,US,HODU,,Direxion Daily HOOD Bull 2X ETF,Equity,USD,12910060,0.013,14.37,160687,15,Direxion,Trading--Leveraged Equity,,,,2X Long,2025-11-19,0.97,1.375,,,146865.2,-36.53388,,,,,-35.69526,,,,,,,,,-59.61214,140.301
1001,US,US,HIYY,,YieldMax HIMS Option Income Strategy ETF,Equity,USD,12848855,0.013,11.4799,87060,20,YieldMax,Derivative Income,,North America,United States,Long,2025-09-22,1.01,144.855,,,62499.15,-53.36786,,,,,-14.84388,,,,,,,,,-78.72911,20.461
1002,US,US,VSTL,,Defiance Daily Target 2X Long VST ETF,Equity,USD,12772068,0.013,24.14,78021,13,Defiance,Trading--Leveraged Equity,,,,2X Long,2025-07-21,1.3,0,,,110140.7,-35.7295,-57.99182,,,,-35.7295,-57.99204,,,,-58.01699,,,,-68.91979,24.369
1003,CA,NEO,ZGHC,,BMO Global Health Care Fund,Equity,CAD,17267032,0.013,19.58,62596,38,BMO,Health Care,,,,Long,2023-06-26,0.9,,,0.53675,4130.7,,,,,,,,,,,,,,,-5.08968,5.325
1004,US,US,UGE,,ProShares Ultra Consumer Staples,Equity,USD,9511725,0.01,18.33,75409,39,ProShares,Trading--Leveraged Equity,S&P Consumer Staples Select Sector Index,North America,United States,2X Long,2007-01-30,0.95,2.211,,1.32673,30741.05,9.629,1.215,16.826,-22.45209,83.3,10.668,3.563,23.2,-17.11413,103.225,3.565,7.2,-3.68501,7.35,-17.65499,16.455
1005,US,US,AVXX,,Defiance Daily Target 2x Long AVAV ETF,Equity,USD,9051259,0.009,21.33,565515,11,Defiance,Trading--Leveraged Equity,,,,2X Long,2025-10-23,1.31,0.4019,,,120665.15,-82.13014,,,,,-82.13007,,,,,,,,,-94.21517,1.33
1006,US,US,SOFA,,Direxion Daily SOFI Bull 2X ETF,Equity,USD,8918642,0.009,12.9147,65007,14,Direxion,Trading--Leveraged Equity,SoFi Technologies Inc,,,2X Long,2026-02-11,0.97,0.7944,,,55486.85,,,,,,,,,,,,,,,-45.9862,29.302
1007,US,US,SOUX,,Defiance Daily Target 2X Long SOUN ETF,Equity,USD,8617818,0.009,9.9983,61861,13,Defiance,Trading--Leveraged Equity,,,,2X Long,2025-06-23,1.32,0,,,73120.8,-77.03546,-93.96675,,,,-77.03525,-92.86086,,,,-92.87376,,,,-96.79931,19.027
1008,US,US,SHPU,,Direxion Daily SHOP Bull 2X ETF,Equity,USD,7706073,0.008,12.4903,565263,16,Direxion,Trading--Leveraged Equity,,,,2X Long,2025-08-06,1.09,47.916,,,97729.25,-57.18248,-60.29658,,,,-56.70107,-51.70153,,,,-51.7256,,,,-73.0998,56.953
1009,US,US,QSU,,Defiance Daily Target 2X Long QS ETF,Equity,USD,7556295,0.008,5.25,58497,11,Defiance,Trading--Leveraged Equity,,,,2X Long,2025-10-20,1.31,0,,,50339.8,-86.66159,,,,,-86.66159,,,,,,,,,-96.38866,9.959
1010,US,US,METD,,Direxion Daily META Bear 1X ETF,Equity,USD,6628193,0.007,14.58,1290332,12,Direxion,Trading--Inverse Equity,Meta Platforms Inc Class A,North America,United States,-1X Short,2024-06-05,1.02,2.973,,-1.52364,571804.95,-8.01262,2.165,,,,-7.12259,5.025,,,,5.029,,,,-25.38383,7.048
1011,US,US,RCAX,,Defiance Daily Target 2x Long RCAT ETF,Equity,USD,6645082,0.007,14.0637,59829,10,Defiance,Trading--Leveraged Equity,,,,2X Long,2026-02-02,1.3,0,,,65995.75,,,,,,,,,,,,,,,-91.10455,30.631
1012,US,US,PLU,,Defiance Daily Target 2x Long PL ETF,Equity,USD,6353254,0.006,5.27,449660,11,Defiance,Trading--Leveraged Equity,,,,2X Long,2026-01-06,1.31,0,,,235364.75,,,,,,,,,,,,,,,-92.57746,2.529
1013,US,US,AMKL,,Defiance Daily Target 2X Long AMKR ETF,Equity,USD,6190912,0.006,6.63,182015,11,Defiance,Trading--Leveraged Equity,,,,2X Long,2026-05-04,1.31,0,,,172492.75,,,,,,,,,,,,,,,-79.90909,30.128
1014,US,US,DWSH,,AdvisorShares Dorsey Wright Short ETF,Equity,USD,6061886,0.006,5.69,51313,101,AdvisorShares,Trading--Inverse Equity,,North America,United States,-1X Short,2018-07-10,6.22,7.143,,-1.11816,16415.35,-11.64596,-14.62866,-34.89703,-34.10539,,-11.64596,-9.19661,-18.95086,-17.96531,,-9.20261,-6.76269,-3.88368,,-24.13333,6.554
1015,US,US,BABU,,Direxion Daily BABA Bull 2X ETF,Equity,USD,6407251,0.006,9.2141,51098,13,Direxion,Trading--Leveraged Equity,Alibaba Group Holding Limited,,,2X Long,2026-02-11,0.97,1.052,,,108930.4,,,,,,,,,,,,,,,-62.3607,34.121
1016,US,US,RGTZ,,Defiance Daily Target 2x Short RGTI ETF,Equity,USD,5380623,0.005,3.52,4218787,11,Defiance,Trading--Inverse Equity,,,,-2X Short,2025-10-08,1.29,0,,,921261.3,-96.77951,,,,,-96.77951,,,,,,,,,-90.60832,57.143
1017,US,US,INFH,,Defiance Daily Target 2X Long INFQ ETF,Equity,USD,4661640,0.005,8.43,176459,15,Defiance,,,,,2X Long,2026-06-04,1.31,0,,,261716.6,,,,,,,,,,,,,,,-53.65585,99.291
1018,US,US,WTID,,MicroSectors Energy 3X Inverse Leveraged ETNs,Equity,USD,5147250,0.005,2.572,107199,12,REX Microsectors,Trading--Inverse Commodities,Solactive MicroSectors Energy Index,North America,United States,-3X Short,2023-02-17,0.95,0,,-0.01604,70880.9,-77.82185,-80.65002,-86.61323,,,-77.82204,-80.64943,-86.6133,,,-80.67119,-48.83681,,,-81.71997,0.4688
1019,US,US,TBXU,,Direxion Daily Biotech Top 5 Bull 2X ETF,Equity,USD,5086964,0.005,40.1528,52842,11,Direxion,Trading--Leveraged Equity,NYSE Biotechnology Top 5 Equal Weight Index,North America,United States,2X Long,2025-10-01,0.98,1.55,,,8286.35,29.254,,,,,30.161,,,,,,,,,-12.483,56.176
1020,US,US,UMAL,,Defiance Daily Target 2X Long UMAC ETF,Equity,USD,3611434,0.004,12.42,200543,11,Defiance,Trading--Leveraged Equity,,,,2X Long,2026-06-17,1.31,0,,,129422.6,,,,,,,,,,,,,,,-56.45161,72.261
1021,US,US,LITU,,T-REX 2X Long LITE Daily Target ETF,Equity,USD,4393494,0.004,22.76,76400,11,Tuttle Capital Management,Trading--Leveraged Equity,,,,2X Long,2026-05-21,1.5,0,,,122414.8,,,,,,,,,,,,,,,-33.25513,138.825
1022,IN,NSE,CONSUMBEES,,Nippon India Mutual Fund - Nippon India ETF Nifty India Consumption,Equity,INR,399255800,0.004,128.84,62177,33,Nippon,Total Market,Nifty India Consumption Index - INR - Benchmark TR Gross,,,Long,2014-04-03,0.29,,40.21937,0.23016,85250.4,-5.40382,-6.86041,38.926,68.97,210.159,-5.40382,-6.86041,38.926,68.97,210.159,-6.86494,11.579,11.063,11.986,-10.76326,13.018
1023,US,US,AMPU,,Defiance Daily Target 2X Long AMPX ETF,Equity,USD,3080283,0.003,2.22,327966,10,Defiance,Trading--Leveraged Equity,,,,2X Long,2026-05-05,1.31,0,,,267068.8,,,,,,,,,,,,,,,-89.89117,19.548
1024,US,US,IONZ,,Defiance Daily Target 2x Short IONQ ETF,Equity,USD,1732888,0.002,29.2559,536789,10,Defiance,Trading--Inverse Equity,,,,-2X Short,2025-06-23,1.91,0,,,1059962.05,-87.09488,-96.68526,,,,-87.09488,-96.68526,,,,-96.69298,,,,-96.67735,69.109
1025,IN,NSE,GROWWPOWER,544473,Groww BSE Power ETF FOF,Equity,INR,,,11.43,13766421,19,Groww,Theme,BSE POWER,,,Long,2025-08-07,1,,27.293,,2952440.4,16.752,16.159,,,,16.752,16.159,,,,16.171,,,,-13.40909,47.484
1026,IN,NSE,MIDCAPETF,543481,Mirae Asset Nifty Midcap 150 ETF,Equity,INR,,,23.52,10482815,152,Mirae Asset,Mid Cap,Nifty Midcap 150 Index - INR,,,Long,2022-03-09,0.05,,30.81986,0.34347,2816758.3,3.831,9.217,52.621,,,3.831,9.217,52.621,,,9.224,15.131,,,-4.2735,20
1027,IN,NSE,NV20IETF,,ICICI Prudential Mutual Fund - ICICI Prudential Fixed Maturity Plan - Series 79 - 1126 Days Plan C,Equity,INR,,,13.33,7924811,22,ICICI,Large Cap,Nifty 50 Value 20 Index - INR - Benchmark TR Gross,,,Long,2016-06-17,0.12,,11.40826,,424565.95,-11.95509,-6.65266,16.991,42.278,,-11.95509,-6.65266,16.991,42.278,,-6.65706,5.369,7.308,,-16.6875,6.64
1028,IN,NSE,ITIETF,,ICICI Prudential Mutual Fund - ICICI Prudential Nifty IT ETF,Equity,INR,,,32.21,7155037,12,ICICI,Information Technology,Nifty IT Index - INR - Benchmark TR Gross,,,Long,2020-08-17,0.2,,19.60638,,832201.25,-22.47894,-14.06083,-5.3204,-8.58002,,-22.47894,-14.06083,-5.3204,-8.58002,,-14.06975,-1.80547,-1.77837,,-27.35892,12.754
1029,IN,NSE,MIDSELIETF,,ICICI Prudential Mutual Fund - ICICI Prudential BSE Midcap Select ETF,Equity,INR,,,19.86,4891705,32,ICICI,Mid Cap,S&P BSE Midcap Select Index - INR - Benchmark TR Gross,,,Long,2016-07-04,0.15,,36.18883,0.32085,244024.75,7.351,14.072,61.254,91.717,,7.351,14.072,61.254,91.717,,14.082,17.261,13.904,,-2.99166,35.945
1030,IN,NSE,LOWVOLIETF,,ICICI Prudential Mutual Fund - ICICI Prudential Nifty 100 Low Volatility 30 ETF,Equity,INR,,,21.57,4536922,32,ICICI,Large Cap,NIFTY100 Low Volatility 30 Index - INR - Benchmark TR Gross,,,Long,2017-07-03,0.42,,26.64219,,2090197.7,-7.14593,-4.09071,31.26,52.665,,-7.14593,-4.09071,31.26,52.665,,-4.09345,9.488,8.831,,-19.54495,8.72
1031,IN,NSE,PVTBANIETF,542758,ICICI Prudential Mutual Fund - ICICI Prudential Private Banks ETF,Equity,INR,,,27.55,4144284,12,ICICI,Financials,NIFTY Private Bank Index - INR - Benchmark TR Net,,,Long,2019-08-09,0.15,,18.88122,,2092163.3,-4.41684,4.331,18.23,47.694,,-4.41684,4.331,18.23,47.694,,4.334,5.739,8.113,,-9.13588,13.937
1032,IN,NSE,METALIETF,544229,"ICICI Prudential Amc Ltd - ICICI Pru MF - ICICI Pru Interval Fund, Series IX - 181 Days Plan D",Equity,INR,,,13.48,3860364,17,ICICI,Materials,ICICI Prudential Nifty Metal ETF - SC - India - INR - Benchmark TR Gross,,,Long,2024-08-14,0.4,,17.56062,0.90839,8737163.5,20.036,37.973,,,,20.036,37.973,,,,38.003,,,,-4.86944,40.71
1033,US,US,SMCZ,,Defiance Daily Target 2X Short SMCI ETF,Equity,USD,17328,0.0,2.85,3749404,10,Defiance,Trading--Inverse Equity,,,,-2X Short,2025-03-31,1.55,0,,,2707890.4,-97.54997,-96.97581,,,,-97.54996,-96.9111,,,,-96.91845,,,,-95.72714,13.501
1034,IN,NSE,ALPHAETF,,Mirae Asset Nifty 200 Alpha 30 ETF,Equity,INR,,,27,2668623,41,Mirae Asset,Total Market,Nifty 200 Alpha 30 Index - INR - Benchmark TR Gross,,,Long,2023-10-23,0.38,,27.10819,,578449.45,8.303,8.39,,,,8.303,8.39,,,,8.396,,,,-2.20934,23.853
1035,IN,NSE,MAFANG,543291,Mirae Asset Nyse Fang Plus ETF,Equity,INR,,,228.06,2290776,12,Mirae Asset,Theme,NYSE FANG+ Index,,,Long,2021-05-06,0.64,,31.35951,0.52511,388516.55,34.636,40.379,254.406,314.428,,34.636,40.379,254.406,314.428,,40.412,52.449,32.894,,-9.85414,55.603
1036,US,US,QBTZ,,Defiance Daily Target 2x Short QBTS ETF,Equity,USD,80145,0.0,3.38,2164158,10,Defiance,Trading--Inverse Equity,,,,-2X Short,2025-10-06,1.29,0,,,669669.35,-97.64049,,,,,-97.64049,,,,,,,,,-99.30194,6.289
1037,IN,NSE,AUTOIETF,,ICICI Prudential Mutual Fund - ICICI Prudential Nifty Auto ETF,Equity,INR,,,28.75,2073974,17,ICICI,Total Market,Nifty Auto Index - INR - Benchmark TR Gross,,,Long,2022-01-18,0.2,,15.07835,,598487.5,-0.65653,2.642,75.701,,,-0.65653,2.642,75.701,,,2.644,20.663,,,-8.61411,18.802
1038,IN,NSE,MONQ50,543437,Motilal Oswal Nasdaq Q 50 ETF,Equity,INR,,,213.01,1928274,53,Motilal Oswal,Large Cap,NASDAQ Q-50,,,Long,2021-12-29,0.42,,23.32745,0.52773,205467.25,115.401,134.206,297.778,,,115.401,134.206,297.778,,,134.343,58.429,,,-9.32658,145.262
1039,IN,NSE,FMCGIETF,543326,ICICI Prudential Mutual Fund - ICICI Prudential Nifty FMCG ETF,Equity,INR,,,48.89,1908992,17,ICICI,Total Market,NIFTY FMCG Index - INR - Benchmark TR Gross,,,Long,2021-08-05,0.2,,32.28496,0.21285,1789492,-17.44343,-18.57095,-8.52963,21.415,,-17.44343,-18.57095,-8.52963,21.415,,-18.58241,-2.92745,3.958,,-20.80026,0.7003
1040,IN,NSE,SETFNIF50,,SBI Mutual Fund - SBI-ETF Nifty 50,Equity,INR,,,253.43,1608380,52,SBI,Large Cap,Nifty 50 Index - INR - Benchmark TR Gross,Asia Emerging,,Long,2015-07-22,0.07,,19.88031,0.32468,903045.55,-9.26894,-4.22509,22.756,43.173,,-9.26894,-4.22509,22.756,43.173,,-4.22792,7.072,7.443,,-11.79828,6.528
1041,IN,NSE,MON100,533385,Motilal Oswal NASDAQ 100 ETF,Equity,INR,,,340.57,1496649,104,Motilal Oswal,Large Cap,NASDAQ-100 Index - INR - Benchmark TR Net,,,Long,2011-03-29,0.58,,33.94476,0.65598,487245.95,47.032,65.905,177.111,199.35,,47.032,65.905,177.111,199.35,,65.963,40.449,24.523,,-4.03776,67.102
1042,US,US,SPCQ,,Defiance Daily Target 2X Short SPCX ETF,Equity,USD,116025,0.0,11.57,1483063,11,Defiance,Trading--Inverse Equity,,,,-2X Short,2026-06-14,1.31,0,,,1534219.15,,,,,,,,,,,,,,,-63.26984,44.987
1043,IN,NSE,BANKIETF,542730,ICICI Prudential Mutual Fund - ICICI Prudential Nifty Bank ETF,Equity,INR,,,58.3,1363283,16,ICICI,Financials,Nifty Bank Index - INR,,,Long,2019-07-10,0.15,,14.78349,,453980.55,-4.25357,4.932,27.823,59.324,,-4.25357,4.932,27.823,59.324,,4.935,8.525,9.764,,-9.07669,13.543
1044,IN,NSE,METAL,544268,Mirae Asset Nifty Metal Fund,Equity,INR,,,13.53,1266388,16,Mirae Asset,Materials,Nifty Metal Index - INR - Benchmark TR Gross,,,Long,2024-10-09,1,,17.56061,,1977725.6,20.588,38.202,,,,20.588,38.202,,,,38.233,,,,-3.14961,55.517
1045,IN,NSE,NIF100IETF,,ICICI Prudential Mutual Fund - ICICI Prudential Nifty 100 ETF,Equity,INR,,,27.69,1251043,102,ICICI,Large Cap,Nifty 100 Index - INR - Benchmark TR Gross,,,Long,2013-08-20,0.47,,,0.32008,143748.15,-7.63843,-2.05164,27.457,45.133,,-7.63843,-2.05164,27.457,45.133,,-2.05304,8.421,7.735,,-10.62176,20
1046,IN,NSE,BSE500IETF,,ICICI Prudential BSE 500 ETF,Equity,INR,,,39.1,979143,503,ICICI,Total Market,S&P BSE 500 Index - INR - Benchmark TR Gross,,,Long,2018-05-09,0.31,,22.32179,,182335.25,-3.07388,1.138,33.174,58.911,,-3.07388,1.138,33.174,58.911,,1.139,10.018,9.707,,-7.0868,13.246
1047,IN,NSE,SMALLCAP,544130,Mirae Asset Nifty Smallcap 250 Momentum Quality 100 ETF,Equity,INR,,,49.46,907332,103,Mirae Asset,Small Cap,Nifty Smallcap 250 Momentum Quality 100 Index - INR - Benchmark TR Gross,,,Long,2024-02-26,0.38,,28.72647,0.57883,1771132.85,12.333,9.838,,,,12.333,9.838,,,,9.845,,,,-9.24771,32.458
1048,IN,NSE,NIFTYIETF,,ICICI Prudential Mutual Fund - ICICI Prudential Nifty 50 ETF,Equity,INR,,,266.76,901843,52,ICICI,Large Cap,Nifty 50 Index - INR - Benchmark TR Gross,,,Long,2013-03-20,0.05,,19.88031,0.32053,626836.8,-9.01177,-3.95922,23.095,43.726,,-9.01177,-3.95922,23.095,43.726,,-3.96188,7.17,7.525,,-12.29039,6.534
1049,IN,NSE,OILIETF,,ICICI Prudential Mutual Fund - ICICI Prudential Nifty Oil & Gas ETF,Equity,INR,,,11.24,887967,17,ICICI,Energy,Nifty Oil & Gas Index - INR - Benchmark TR Gross,,,Long,2024-07-19,1,,9.08023,0.53629,1986653.7,-9.28168,0.9883,,,,-9.28168,0.9883,,,,0.989,,,,-19.71429,14.694
1050,IN,NSE,ITETF,,Mirae Asset Nifty It ETF,Equity,INR,,,30.64,887118,12,Mirae Asset,Total Market,Nifty IT Index - INR - Benchmark TR Gross,,,Long,2023-10-23,0.1,,19.60628,,295443.25,-22.55544,-13.75246,,,,-22.55544,-13.75246,,,,-13.7612,,,,-27.08234,12.564
1051,IN,NSE,HEALTHIETF,,ICICI Prudential Nifty Healthcare ETF,Equity,INR,,,170.48,759201,22,ICICI,Health Care,Nifty Healthcare Index - INR - Benchmark TR Gross,,,Long,2021-05-18,0.15,,38.93891,,89326.9,13.608,15.259,74.636,86.93,,13.608,15.259,74.636,86.93,,15.27,20.418,13.33,,-2.48255,22.957
1052,IN,NSE,PSUBNKIETF,,ICICI Prudential PSU Bank ETF,Equity,INR,,,85.34,704658,14,ICICI,Total Market,NIFTY PSU Bank Index - INR - Benchmark TR Gross,,,Long,2023-03-15,0.4,,7.95151,,130194.2,-0.95172,22.194,80.423,,,-0.95172,22.194,80.423,,,22.211,21.734,,,-18.43269,25.007
1053,IN,NSE,GROWWHOSPI,,Groww BSE Hospitals ETF,Equity,INR,,,52.79,596324,18,Groww,Health Care,BSE Hospitals Index - INR - Benchmark TR Gross,,,Long,2026-03-02,1,,71.33006,,421507.7,,,,,,,,,,,,,,,-15.16129,21.338
1054,IN,NSE,NEXT50IETF,,ICICI Prudential Mutual Fund - ICICI Prudential Nifty Next 50 ETF,Equity,INR,,,77,501933,53,ICICI,Large Cap,NIFTY Next 50 Index - INR - Benchmark TR Net,,,Long,2018-08-23,0.1,,19.65795,,622486.1,5.869,9.055,62.015,78.745,,5.869,9.055,62.015,78.745,,9.061,17.445,12.319,,-4.20503,23.003
1055,IN,NSE,MIDCAPIETF,,ICICI Prudential Amc Ltd. - ICICI Prudential Mutual Fund ICICI Prudential Nifty Midcap 150 ETF,Equity,INR,,,23.86,493061,152,ICICI,Mid Cap,Nifty Midcap 150 Index - INR,,,Long,2020-01-24,0.15,,30.92156,0.3361,903808.4,4.147,8.85,52.372,115.46,,4.147,8.85,52.372,115.46,,8.856,15.068,16.596,,-4.09968,19.96
1056,IN,NSE,TOP10ADD,,DSP Nifty Top 10 Equal Weight ETF,Equity,INR,,,85.64,427972,12,DSP,Large Cap,Nifty Top 10 Equal Weight Index - INR - Benchmark TR Gross,,,Long,2024-09-05,1,,19.24995,,158218.05,-16.01451,-8.41621,,,,-16.01451,-8.41621,,,,-8.42173,,,,-17.06134,2.902
1057,IN,NSE,QUAL30IETF,,ICICI Prudential Mutual Fund - ICICI Prudential Nifty 200 Quality 30 ETF,Equity,INR,,,20.71,426924,32,Nifty,Total Market,Nifty200 Quality 30 Index - INR - Indian Rupee - Benchmark TR Net,,,Long,2023-08-07,0.3,,,0.43594,113367.45,-6.11967,-2.72428,25.219,,,-6.11967,-2.72428,25.219,,,-2.72612,7.783,,,-9.95652,15.056
1058,IN,NSE,SENSEXIETF,,ICICI Prudential Mutual Fund - ICICI Prudential BSE Sensex ETF,Equity,INR,,,867.08002,340755,32,ICICI,Large Cap,India S&P BSE SENSEX,,,Long,2003-01-10,0.05,,21.49167,,12963.5,-10.96918,-6.05647,17.127,36.975,,-10.96918,-6.05647,17.127,36.975,,-6.06049,5.41,6.496,,-13.61818,18.15
1059,IN,NSE,BSLNIFTY,,Aditya Birla Sun Life Mutual Fund - Aditya Birla Sun Life Nifty 50 ETF,Equity,INR,,,27.69,338451,52,Aditya Birla Capital,Large Cap,Nifty 50 Index - INR - Benchmark TR Gross,,,Long,2011-07-21,0.05,,19.88025,0.32854,1156109.8,-8.8845,-3.78735,23.286,43.904,,-8.8845,-3.78735,23.286,43.904,,-3.7899,7.225,7.552,,-16.33333,7.432
1060,IN,NSE,ICICIB22,,ICICI Prudential Mutual Fund - Bharat 22 ETF,Equity,INR,,,113.61,333198,24,ICICI,Total Market,S&P BSE Bharat 22 Index - INR - Benchmark TR Gross,,,Long,2017-11-27,0.05,,12.22385,1.058,326532.95,-3.49201,6.903,52.757,170.988,,-3.49201,6.903,52.757,170.988,,6.908,15.165,22.068,,-13.27481,6.776
1061,IN,NSE,BFSI,,Mirae Asset Nifty Financial Services ETF,Equity,INR,,,26.47,283798,22,Mirae Asset,Financials,NIFTY Financial Services Index - INR - Benchmark TR Gross,,,Long,2021-07-30,0.12,,18.09736,1.071,411426.5,-7.25298,-1.305,29.374,45.6,,-7.25298,-1.305,29.374,45.6,,-1.30588,8.962,7.804,,-11.58985,10.154
1062,US,US,RKLZ,,Defiance Daily Target 2x Short RKLB ETF,Equity,USD,56247,0.0,20.6216,264027,10,Defiance,Trading--Inverse Equity,,,,-2X Short,2025-11-17,1.29,0,,,878099.65,-89.97004,,,,,-89.97004,,,,,,,,,-97.97896,146.965
1063,IN,NSE,HDFCMID150,,HDFC Nifty Midcap 150 ETF,Equity,INR,,,23.3,247192,152,HDFC,Total Market,Nifty Midcap 150 Index - INR,,,Long,2023-02-15,0.3,,30.9214,0.45485,395517.7,3.556,8.372,50.985,,,3.556,8.372,50.985,,,8.378,14.718,,,-7.53968,19.979
1064,IN,NSE,NIFTYETF,,Mirae Asset NIFTY 50 ETF,Equity,INR,,,255.83,160962,52,Mirae Asset,Large Cap,Nifty 50 Index - INR - Benchmark TR Gross,,,Long,2018-11-20,0.05,,19.8803,,314415.95,-8.86202,-3.65872,22.919,43.591,,-8.86202,-3.65872,22.919,43.591,,-3.66118,7.119,7.505,,-11.49282,6.68
1065,IN,NSE,MOM100,,Motilal Oswal Nifty Midcap 100 ETF,Equity,INR,,,67.8,159734,101,Motilal Oswal,Mid Cap,Nifty Midcap 100 Index - INR,,,Long,2011-01-31,0.2,,32.10178,0.34251,241041.55,3.972,10.083,55.326,119.276,,3.972,10.083,55.326,119.276,,10.09,15.807,17.006,,-3.85381,20.41
1066,IN,NSE,HDFCNIFIT,,HDFC Nifty IT ETF,Equity,INR,,,30.98,157768,12,HDFC,Information Technology,Nifty IT Index - INR - Benchmark TR Gross,,,Long,2022-11-22,0.2,,19.6064,,184062.35,-22.666,-14.0161,-5.39014,,,-22.666,-14.0161,-5.39014,,,-14.02499,-1.82958,,,-26.95035,13.104
1067,IN,NSE,ABSLBANETF,,Aditya Birla Sun Life Mutual Fund - Aditya Birla Sun Life Nifty Bank ETF,Equity,INR,,,58,156871,16,Aditya Birla Capital,Financials,Nifty Bank Index - INR,,,Long,2019-10-23,0.15,,14.73,1.081,120243.25,-4.63663,4.901,27.417,58.687,,-4.63663,4.901,27.417,58.687,,4.904,8.41,9.677,,-10.68679,13.792
1068,IN,NSE,INFRAIETF,,ICICI Prudential Mutul Fund - ICICI Prudential Nifty Infrastructure ETF,Equity,INR,,,94.5,149918,32,ICICI,Theme,,,,Long,2022-08-17,0.5,,21.99924,,955947.3,-4.4586,2.74,48.795,,,-4.4586,2.74,48.795,,,2.742,14.161,,,-7.0198,8.191
1069,IN,NSE,CONSUMIETF,,ICICI Prudential Nifty Consumption ETF,Equity,INR,,,119.7,131853,32,ICICI,Total Market,Nifty India Consumption Index - INR - Benchmark TR Gross,,,Long,2021-10-18,0.2,,40.21863,,32499.35,-5.53232,-7.1157,39.138,,,-5.53232,-7.1157,39.138,,,-7.12039,11.636,,,-15.75706,25.737
1070,IN,NSE,HDFCMOMENT,,HDFC NIFTY 200 Momentum 30 ETF,Equity,INR,,,31.48,128708,32,HDFC,Total Market,Nifty 200 Momentum 30 Index - INR - Benchmark TR Gross,,,Long,2022-10-11,0.3,,28.21389,,154023.4,0.3187,3.179,35.977,,,0.3187,3.179,35.977,,,3.181,10.784,,,-5.62745,15.592
1071,IN,NSE,HDFCSENSEX,,HDFC BSE Sensex ETF,Equity,INR,,,85.42,118369,32,HDFC,Large Cap,India S&P BSE SENSEX,,,Long,2015-12-09,0.05,,21.49172,,41174.85,-11.09492,-5.98723,16.922,35.881,,-11.09492,-5.98723,16.922,35.881,,-5.99121,5.348,6.325,,-13.26158,8.899
1072,IN,NSE,HEALTHCARE,,Mirae Asset Nifty 500 Healthcare ETF,Equity,INR,,,21.83,82086,50,Mirae Asset,Health Care,Nifty 500 Healthcare Index - IND - Benchmark TR Gross,,,Long,2026-01-27,1,,,,38040.5,,,,,,,,,,,,,,,-2.67499,27.066
1073,IN,NSE,HDFCNIFTY,,HDFC Nifty 50 ETF,Equity,INR,,,266.26999,81768,52,HDFC,Large Cap,Nifty 50 Index - INR - Benchmark TR Gross,,,Long,2015-12-09,0.05,,19.8803,,202204.05,-8.96441,-3.93261,23.33,43.883,,-8.96441,-3.93261,23.33,43.883,,-3.93525,7.238,7.549,,-11.79608,7.558
1074,IN,NSE,HDFCPVTBAN,,HDFC Nifty Private Bank ETF,Equity,INR,,,27.98,56332,12,HDFC,Total Market,NIFTY Private Bank Index - INR - Benchmark TR Gross,,,Long,2022-11-16,0.15,,18.88124,0.40807,210043.7,-3.88183,4.364,18.419,,,-3.88183,4.364,18.419,,,4.367,5.796,,,-7.55718,14.726
1075,IN,NSE,SELECTIPO,,Mirae Asset BSE Select IPO ETF,Equity,INR,,,48.59,55023,79,Mirae Asset,Total Market,BSE Select IPO Index - INR - Indian Rupee - Benchmark TR Gross,,,Long,2025-02-24,,,,,58017.95,5.976,-1.73913,,,,5.976,-1.73913,,,,-1.74031,,,,-6.68331,28.545
1076,IN,NSE,MOVALUE,,Motilal Oswal BSE Enhanced Value ETF,Equity,INR,,,112,54956,31,,,,,,Long,,,,,,62292.85,-4.09157,10.588,76.043,,,-4.09157,10.588,76.043,,,10.596,20.741,,,-13.02322,13.143
1077,IN,NSE,HDFCNIFBAN,,HDFC Banking ETF,Equity,INR,,,58.51,53583,16,HDFC,Financials,Nifty Bank Index - INR,,,Long,2020-08-21,0.16,,14.88837,,132728.15,-4.3798,5.026,27.821,59.298,,-4.3798,5.026,27.821,59.298,,5.03,8.524,9.761,,-11.2603,13.594
1078,IN,NSE,ITADD,,Dsp Mutual Fund - Dsp Nifty It ETF,Equity,INR,,,30.68,50953,12,DSP,Information Technology,Nifty IT Index - INR - Benchmark TR Gross,,,Long,2023-06-21,0.2,,19.60643,,130093.35,-22.75932,-14.2298,-5.48367,,,-22.75932,-14.2298,-5.48367,,,-14.23882,-1.86194,,,-26.81298,12.919
