rank,ticker,yahoo,tv,exchange,name,aum_usd_bn,category,leverage,avg_volume,err,link,dot_last2,dot_bar,wt2_trough,wt2_now,close,zone_low,zone_top,pct_of_range,wk_wt2,mo_wt2,is_index,in_zone,pass_wk,flag,tier,bucket
1,VOO,VOO,AMEX:VOO,US,Vanguard S&P 500 ETF,1066.082,Large Blend,Long,6529078.6,,https://www.tradingview.com/chart/?symbol=AMEX%3AVOO,False,,-48.497120909337305,-48.497120909337305,693.219970703125,581.010009765625,612.5986040039063,0.8383263459428599,31.152730019240114,69.44453661538368,True,False,False,False,,
2,IVV,IVV,AMEX:IVV,US,iShares Core S&P 500 ETF,870.627,Large Blend,Long,5835774.4,,https://www.tradingview.com/chart/?symbol=AMEX%3AIVV,False,,-54.72791165447444,-54.72791165447444,755.5800170898438,634.8499755859375,669.455837890625,0.8233370850308932,31.113692246777607,69.53154860351457,True,False,False,False,,
3,SPY,SPY,AMEX:SPY,US,State Street SPDR S&P 500 ETF,806.132,Large Blend,Long,36401387.5,,https://www.tradingview.com/chart/?symbol=AMEX%3ASPY,False,,-48.58475993402118,-48.58475993402118,754.0700073242188,632.0,666.4040869140625,0.8373575441916549,31.271213453604364,69.40949637543078,True,False,False,False,,
4,VTI,VTI,AMEX:VTI,US,Vanguard Morningstar Total Stock Market ETF,694.179,Large Blend,Long,2881206.6,,https://www.tradingview.com/chart/?symbol=AMEX%3AVTI,False,,-52.66626222678517,-52.66626222678517,371.260009765625,311.70001220703125,328.84776586914063,0.8197084994804533,26.70659557693575,69.59643955939308,True,False,False,False,,
5,QQQ,QQQ,AMEX:QQQ,US,Invesco QQQ Trust Series I,485.914,Large Growth,Long,30766206.3,,https://www.tradingview.com/chart/?symbol=AMEX%3AQQQ,False,,-44.54833481804021,-44.54833481804021,704.75,558.2703247070312,602.6075715332031,0.7796876406122434,3.0605217235006195,68.81408255799316,True,False,False,False,,
6,VEA,VEA,AMEX:VEA,US,Vanguard FTSE Developed Markets ETF,240.5,Foreign Large Blend,Long,9065470.8,,https://www.tradingview.com/chart/?symbol=AMEX%3AVEA,True,2026-09-16 09:30,-54.51105033759584,-54.51105033759584,71.26499938964844,62.0099983215332,64.78889958190918,0.7859869953708548,37.296118593667686,72.48244736956197,True,False,False,False,,
7,VUG,VUG,AMEX:VUG,US,Vanguard Morningstar Growth ETF,227.648,Large Growth,Long,4903100.4,,https://www.tradingview.com/chart/?symbol=AMEX%3AVUG,False,,-37.73939241869296,-37.73939241869296,87.05999755859375,69.98749542236328,74.77888671875,0.8409061700280712,23.22198507497291,49.79134045988834,True,False,False,False,,
8,IEFA,IEFA,AMEX:IEFA,US,iShares Core MSCI EAFE ETF,196.629,Foreign Large Blend,Long,6945021.05,,https://www.tradingview.com/chart/?symbol=AMEX%3AIEFA,True,2026-09-16 09:30,-56.31190326910715,-56.24716930226294,97.98999786376953,87.27999877929688,90.61231942749023,0.7584983711894234,41.47410710580812,69.79745732898043,True,False,False,False,,
9,VTV,VTV,AMEX:VTV,US,Vanguard Morningstar Value ETF,193.784,Large Value,Long,2362488.25,,https://www.tradingview.com/chart/?symbol=AMEX%3AVTV,False,,-56.448183898645574,-56.448183898645574,220.60000610351562,193.05999755859375,201.1949178466797,0.7989558331776615,35.15000176672512,78.20264619840775,True,False,False,False,,
10,VXUS,VXUS,AMEX:VXUS,US,Vanguard Total International Stock ETF,166.881,Foreign Large Blend,Long,4723841.9,,https://www.tradingview.com/chart/?symbol=AMEX%3AVXUS,True,2026-09-16 09:30,-55.48261969899198,-55.48261969899198,85.44000244140625,74.62000274658203,77.8720824584961,0.7851959835497394,37.37487866496864,71.46938598005913,True,False,False,False,,
11,IEMG,IEMG,AMEX:IEMG,US,iShares Core MSCI Emerging Markets ETF,163.85,Diversified Emerging Mkts,Long,8431150.55,,https://www.tradingview.com/chart/?symbol=AMEX%3AIEMG,False,,-42.68252684101643,-42.68252684101643,80.12000274658203,67.2750015258789,71.73894174194336,0.6790907004481639,35.299111063339986,73.44151431907562,True,False,False,False,,
12,SPYM,SPYM,AMEX:SPYM,US,State Street SPDR Portfolio S&P 500 ETF,157.41,,Long,8278035.9,,https://www.tradingview.com/chart/?symbol=AMEX%3ASPYM,True,2026-09-16 09:30,-58.682718202369365,-58.682718202369365,88.54000091552734,74.38999938964844,78.44211895751953,0.8241119997014005,31.165281663735882,69.46022365970255,False,False,False,False,,
13,VGT,VGT,AMEX:VGT,US,Vanguard Information Technology ETF,148.595,Technology,Long,3423389.5,,https://www.tradingview.com/chart/?symbol=AMEX%3AVGT,False,,-27.8348675994376,-27.8348675994376,118.9000015258789,83.59249877929688,93.54638827514648,0.8371170537575008,31.91550039578193,63.628095720153716,False,False,False,False,,
14,VWO,VWO,AMEX:VWO,US,Vanguard FTSE Emerging Markets ETF,128.892,Diversified Emerging Mkts,Long,5896685.8,,https://www.tradingview.com/chart/?symbol=AMEX%3AVWO,True,2026-09-16 09:30,-56.76591700770541,-56.76591700770541,59.17499923706055,52.40999984741211,54.54412426757813,0.7481006453376485,35.181774042492115,65.79174725909742,True,False,False,False,,
15,IWF,IWF,AMEX:IWF,US,iShares Russell 1000 Growth ETF,125.575,Large Growth,Long,3223898.0,,https://www.tradingview.com/chart/?symbol=AMEX%3AIWF,False,,-49.58622637241745,-49.58622637241745,120.55999755859375,102.73999786376953,108.87835836791992,0.6851210392636593,0.6483249751190646,45.10217668324329,True,False,False,False,,
16,IJH,IJH,AMEX:IJH,US,iShares Core S&P Mid-Cap ETF,123.821,Mid-Cap Blend,Long,5643079.85,,https://www.tradingview.com/chart/?symbol=AMEX%3AIJH,True,2026-09-16 09:30,-66.05322083567808,-66.05322083567808,72.81500244140625,65.5999984741211,68.68451840209961,0.5520278604246893,-16.222266786421454,71.57613659004112,True,False,False,False,,
17,XLK,XLK,AMEX:XLK,US,State Street Technology Select Sector SPDR ETF,122.009,Technology,Long,6010274.85,,https://www.tradingview.com/chart/?symbol=AMEX%3AXLK,False,,-22.961732874297283,-22.961732874297283,183.9600067138672,127.51000213623047,144.19284091186523,0.7985572035725298,21.932076074510615,74.11511303508166,False,False,False,False,,
18,VIG,VIG,AMEX:VIG,US,Vanguard Dividend Appreciation ETF,112.791,Large Blend,Long,866170.8,,https://www.tradingview.com/chart/?symbol=AMEX%3AVIG,False,,-65.93000269004791,-65.93000269004791,235.7100067138672,210.69000244140625,219.15768359375,0.6973244388951073,11.64782945659032,69.75375426637144,True,False,False,False,,
19,SCHD,SCHD,AMEX:SCHD,US,Schwab US Dividend Equity ETF,112.566,Large Value,Long,22873899.35,,https://www.tradingview.com/chart/?symbol=AMEX%3ASCHD,False,,-56.14782886827751,-30.193139284913073,33.839900970458984,30.375499725341797,31.51526222229004,0.7173412847297644,53.75061521277845,75.53987320595566,True,False,False,False,,
20,IJR,IJR,AMEX:IJR,US,iShares Core S&P Small Cap ETF,109.957,Small Blend,Long,2462353.6,,https://www.tradingview.com/chart/?symbol=AMEX%3AIJR,True,2026-09-16 09:30,-70.7339723590344,-70.42426564363575,139.50999450683594,120.4000015258789,127.48707943725586,0.6363635901710606,-18.70187776029358,74.8569451337601,True,False,False,False,,
21,VO,VO,AMEX:VO,US,Vanguard Morningstar Mid-Cap ETF,107.824,Mid-Cap Blend,Long,2158324.2,,https://www.tradingview.com/chart/?symbol=AMEX%3AVO,True,2026-09-16 09:30,-67.23778689397359,-67.23778689397359,79.55999755859375,70.23249816894531,73.5937282409668,0.6549060340380535,12.716851362747164,66.86292589097944,True,False,False,False,,
22,QQQM,QQQM,AMEX:QQQM,US,Invesco NASDAQ 100 ETF,105.077,Large Growth,Long,2476964.95,,https://www.tradingview.com/chart/?symbol=AMEX%3AQQQM,False,,-44.50068960574928,-44.50068960574928,290.1400146484375,229.88999938964844,248.1363363647461,0.7792798971366206,3.0872479039549057,68.8957372702239,True,False,False,False,,
23,RSP,RSP,AMEX:RSP,US,Invesco S&P 500 Equal Weight ETF,100.922,Large Blend,Long,5559336.2,,https://www.tradingview.com/chart/?symbol=AMEX%3ARSP,True,2026-09-16 09:30,-66.99901870876079,-56.418387168266555,212.2550048828125,188.07000732421875,196.25566674804688,0.6972754580056627,20.137885085509165,75.14399263422656,True,False,False,False,,
24,ITOT,ITOT,AMEX:ITOT,US,iShares Core S&P Total U.S. Stock Market ETF,97.071,Large Blend,Long,1431655.1,,https://www.tradingview.com/chart/?symbol=AMEX%3AITOT,False,,-57.95607354334614,-57.95607354334614,164.4199981689453,138.30999755859375,145.9516787109375,0.806361849074671,26.59111180435112,69.70260072558924,False,False,False,False,,
25,IWD,IWD,AMEX:IWD,US,iShares Russell 1000 Value ETF,84.061,Large Value,Long,1501150.05,,https://www.tradingview.com/chart/?symbol=AMEX%3AIWD,False,,-50.357128262497525,-50.357128262497525,251.1699981689453,209.42999267578125,221.21819555664064,0.83563554139209,38.7894594693907,82.1849444828685,True,False,False,False,,
26,VYM,VYM,AMEX:VYM,US,Vanguard High Dividend Yield Index ETF,83.276,Large Value,Long,1028885.45,,https://www.tradingview.com/chart/?symbol=AMEX%3AVYM,False,,-70.99149559733,-70.99149559733,159.77999877929688,145.1699981689453,150.32895831298828,0.6683440165794486,19.649244907731614,72.19736942222481,False,False,False,False,,
27,VT,VT,AMEX:VT,US,Vanguard Total World Stock ETF,82.541,Global Large-Stock Blend,Long,2010584.65,,https://www.tradingview.com/chart/?symbol=AMEX%3AVT,True,2026-09-16 09:30,-56.39091225164631,-56.39091225164631,157.4250030517578,134.19000244140625,140.84402056884767,0.8240825376517964,33.659362391035025,70.02343212186462,True,False,False,False,,
28,IWM,IWM,AMEX:IWM,US,iShares Russell 2000 ETF,80.508,Small Blend,Long,16947349.7,,https://www.tradingview.com/chart/?symbol=AMEX%3AIWM,True,2026-09-16 09:30,-67.29641215728087,-67.29641215728087,283.92999267578125,239.60000610351562,255.05328149414063,0.6770006077418104,-14.24079672926348,72.00661123937117,True,False,False,False,,
29,VB,VB,AMEX:VB,US,Vanguard Morningstar Small-Cap ETF,80.365,Small Blend,Long,448941.7,,https://www.tradingview.com/chart/?symbol=AMEX%3AVB,True,2026-09-16 09:30,-65.47726936491667,-61.748878299662664,289.1000061035156,253.85000610351562,266.9196872558594,0.6365113198272765,-6.206773415205583,71.71363698425817,True,False,False,False,,
30,EFA,EFA,AMEX:EFA,US,iShares MSCI EAFE ETF,79.617,Foreign Large Blend,Long,8936537.35,,https://www.tradingview.com/chart/?symbol=AMEX%3AEFA,True,2026-09-16 09:30,-56.323992457490114,-56.323992457490114,105.0250015258789,93.5999984741211,97.18955825805664,0.751150804698022,38.34551805875582,70.03130225342471,True,False,False,False,,
31,IVW,IVW,AMEX:IVW,US,iShares S&P 500 Growth ETF,77.267,Large Growth,Long,1274009.7,,https://www.tradingview.com/chart/?symbol=AMEX%3AIVW,False,,-49.94707684624345,-49.94707684624345,137.30999755859375,108.69000244140625,116.71400244140625,0.8417645622702206,19.70323025814616,64.6566191886697,False,False,False,False,,
32,SCHX,SCHX,AMEX:SCHX,US,Schwab U.S. Large-Cap ETF,74.481,Large Blend,Long,6339939.05,,https://www.tradingview.com/chart/?symbol=AMEX%3ASCHX,False,,-48.3676140482111,-48.3676140482111,29.729999542236328,24.90999984741211,26.276440063476564,0.8324695911356728,30.14802262529062,67.80459670852107,True,False,False,False,,
33,VEU,VEU,AMEX:VEU,US,Vanguard FTSE All-World ex-US Index Fund,71.053,Foreign Large Blend,Long,2277116.15,,https://www.tradingview.com/chart/?symbol=AMEX%3AVEU,True,2026-09-16 09:30,-54.88445846478218,-54.88445846478218,83.50499725341797,72.75499725341797,75.97757876586914,0.787257045383562,38.36679068895881,71.90615170291414,True,False,False,False,,
34,SCHF,SCHF,AMEX:SCHF,US,Schwab International Equity ETF,70.289,Foreign Large Blend,Long,6697863.8,,https://www.tradingview.com/chart/?symbol=AMEX%3ASCHF,False,,-52.98015370292401,-52.98015370292401,27.6299991607666,23.959999084472656,25.05267933654785,0.7926564210897509,37.64909853279983,70.94217739167162,False,False,False,False,,
35,SMH,SMH,AMEX:SMH,US,VanEck Semiconductor ETF,68.996,Technology,Long,6750803.0,,https://www.tradingview.com/chart/?symbol=AMEX%3ASMH,False,,-32.31432941977822,-32.31432941977822,545.4000244140625,362.5690002441406,434.7899625244141,0.5974459539413686,-25.198112606264186,81.42364990893402,False,False,False,False,,
36,SCHG,SCHG,AMEX:SCHG,US,Schwab U.S. Large-Cap Growth ETF,62.427,Large Growth,Long,6403379.35,,https://www.tradingview.com/chart/?symbol=AMEX%3ASCHG,False,,-35.24557304340772,-26.540551929800056,34.959999084472656,28.100000381469727,29.951420219421387,0.8744422311580318,33.04498859794367,54.45602123790667,True,False,False,False,,
37,IXUS,IXUS,AMEX:IXUS,US,iShares Core MSCI Total International Stock ETF,61.154,Foreign Large Blend,Long,1711203.8,,https://www.tradingview.com/chart/?symbol=AMEX%3AIXUS,True,2026-09-16 09:30,-55.51711741541626,-55.51711741541626,95.33999633789062,83.73500061035156,87.26202053833008,0.7765136142196194,37.54628024547066,71.71601584203597,True,False,False,False,,
38,IWR,IWR,AMEX:IWR,US,iShares Russell Midcap ETF,56.98,Mid-Cap Blend,Long,1081359.95,,https://www.tradingview.com/chart/?symbol=AMEX%3AIWR,True,2026-09-16 09:30,-66.6654002643014,-66.6654002643014,107.86000061035156,94.72000122070312,99.46832006835938,0.6530816390916316,10.62023004972531,73.74311297237665,False,False,False,False,,
39,XLF,XLF,AMEX:XLF,US,State Street Financial Select Sector SPDR ETF,55.333,Financial,Long,28267865.4,,https://www.tradingview.com/chart/?symbol=AMEX%3AXLF,False,,-58.56394933120473,-58.56394933120473,55.939998626708984,47.79999923706055,50.33511137390137,0.7577731288648133,33.110660656708255,54.048107260742235,False,False,False,False,,
40,SPYG,SPYG,AMEX:SPYG,US,State Street SPDR Portfolio S&P 500 Growth ETF,54.676,Large Growth,Long,1937375.2,,https://www.tradingview.com/chart/?symbol=AMEX%3ASPYG,False,,-47.9693051822042,-47.9693051822042,119.01000213623047,94.08999633789062,101.04019741821288,0.8461800314035675,20.141164364104252,64.81626255381981,False,False,False,False,,
41,VV,VV,AMEX:VV,US,Vanguard Morningstar Large-Cap ETF,54.571,Large Blend,Long,202690.75,,https://www.tradingview.com/chart/?symbol=AMEX%3AVV,False,,-47.593514514727566,-47.593514514727566,347.7799987792969,290.3500061035156,306.4027235107422,0.8443105256050238,32.39326523402794,69.02944540962669,False,False,False,False,,
42,IVE,IVE,AMEX:IVE,US,iShares S&P 500 Value ETF,50.167,Large Value,Long,467621.75,,https://www.tradingview.com/chart/?symbol=AMEX%3AIVE,False,,-54.37716353832548,-54.37716353832548,231.2899932861328,207.47000122070312,214.84424499511718,0.7623179134579229,39.349264000211775,72.0581770438257,False,False,False,False,,
43,DFAC,DFAC,AMEX:DFAC,US,Dimensional U.S. Core Equity 2 ETF,49.563,Large Blend,Long,1774320.9,,https://www.tradingview.com/chart/?symbol=AMEX%3ADFAC,True,2026-09-16 09:30,-57.22139800174245,-57.22139800174245,44.4900016784668,37.810001373291016,39.80184104919434,0.7914693592527893,27.194954875767024,72.1400531558784,False,False,False,False,,
44,IWB,IWB,AMEX:IWB,US,iShares Russell 1000 ETF,49.368,Large Blend,Long,449975.55,,https://www.tradingview.com/chart/?symbol=AMEX%3AIWB,False,,-55.52825852553274,-55.52825852553274,411.385009765625,346.6700134277344,365.4084119873047,0.8150503943647789,29.54788325297288,69.22067497620277,True,False,False,False,,
45,QUAL,QUAL,AMEX:QUAL,US,iShares MSCI USA Quality Factor ETF,47.541,Large Blend,Long,724596.45,,https://www.tradingview.com/chart/?symbol=AMEX%3AQUAL,False,,-54.32946844300496,-54.32946844300496,217.3300018310547,186.52000427246094,196.10160211181642,0.7588671060647687,15.810901959381388,71.63094327205424,False,False,False,False,,
46,DIA,DIA,AMEX:DIA,US,State Street SPDR Dow Jones Industrial Average ETF Trust,46.42,Large Value,Long,2882949.55,,https://www.tradingview.com/chart/?symbol=AMEX%3ADIA,False,,-57.40102713255021,-57.40102713255021,515.1599731445312,451.3550109863281,473.3561124267578,0.6844189646644278,13.469872073526327,71.82415193924531,True,False,False,False,,
47,VONG,VONG,AMEX:VONG,US,Vanguard Russell 1000 Growth ETF,46.22,Large Growth,Long,852084.1,,https://www.tradingview.com/chart/?symbol=AMEX%3AVONG,False,,-47.57030435038656,-47.57030435038656,124.2699966430664,105.7300033569336,112.05480227661133,0.6917909124216528,0.9597749013105185,48.93245755138327,False,False,False,False,,
48,JEPI,JEPI,AMEX:JEPI,US,JPMorgan Equity Premium Income ETF,46.091,Derivative Income,Long,4378934.3,,https://www.tradingview.com/chart/?symbol=AMEX%3AJEPI,False,,-63.01395327161092,-63.01395327161092,55.91999816894531,55.27000045776367,56.08302038574219,0.18867859760864414,28.4202686609118,59.98753401285244,False,True,False,False,,
49,SCHB,SCHB,AMEX:SCHB,US,Schwab U.S. Broad Market ETF,44.843,Large Blend,Long,5337629.15,,https://www.tradingview.com/chart/?symbol=AMEX%3ASCHB,False,,-52.543977802336144,-52.543977802336144,29.06999969482422,24.389999389648438,25.734019317626952,0.8217735831362909,26.69452118295771,68.14225275650581,True,False,False,False,,
50,XLV,XLV,AMEX:XLV,US,State Street Health Care Select Sector SPDR ETF,44.505,Health,Long,7535099.3,,https://www.tradingview.com/chart/?symbol=AMEX%3AXLV,False,,-56.97497186262706,-15.859805199381567,167.77999877929688,142.56500244140625,150.38486114501953,0.7609778336522321,45.37414969406759,59.303520471927435,False,False,False,False,,
51,DGRO,DGRO,AMEX:DGRO,US,iShares Core Dividend Growth ETF,43.59,Large Value,Long,1205039.15,,https://www.tradingview.com/chart/?symbol=AMEX%3ADGRO,False,,-67.04577256598276,-67.04577256598276,76.81999969482422,68.8949966430664,71.54763793945312,0.705071101306635,24.860915631529164,73.75232274707048,False,False,False,False,,
52,SOXX,SOXX,AMEX:SOXX,US,iShares Semiconductor ETF,42.612,Technology,Long,7059654.95,,https://www.tradingview.com/chart/?symbol=AMEX%3ASOXX,False,,-27.05101428772744,-27.05101428772744,501.8699951171875,309.7900085449219,391.28104333496094,0.5562682686242639,-33.40201362217405,84.61959084230877,False,False,False,False,,
53,SPDW,SPDW,AMEX:SPDW,US,State Street SPDR Portfolio Developed World ex-US ETF,42.462,Foreign Large Blend,Long,2364130.55,,https://www.tradingview.com/chart/?symbol=AMEX%3ASPDW,False,,-53.145888844128905,-53.145888844128905,50.61000061035156,44.209999084472656,46.12395922851562,0.7891493272774823,40.57031595781252,73.11905763303707,True,False,False,False,,
54,JEPQ,JEPQ,AMEX:JEPQ,US,JPMorgan NASDAQ Equity Premium Income ETF,42.441,Derivative Income,Long,5575682.5,,https://www.tradingview.com/chart/?symbol=AMEX%3AJEPQ,False,,-35.97515939830626,-35.97515939830626,59.060001373291016,53.77000045776367,55.584840133666994,0.6879066138131751,37.98414554349737,66.306544299586,False,False,False,False,,
55,XLE,XLE,AMEX:XLE,US,State Street Energy Select Sector SPDR ETF,42.113,Equity Energy,Long,25136576.85,,https://www.tradingview.com/chart/?symbol=AMEX%3AXLE,False,,24.069708962781572,24.069708962781572,64.05000305175781,52.81999969482422,55.91632034301758,0.8559451986288027,64.3106513202993,75.82799268210245,False,False,False,False,,
56,DYNF,DYNF,AMEX:DYNF,US,iShares U.S. Equity Factor Rotation Active ETF,41.834,Large Blend,Long,1659228.3,,https://www.tradingview.com/chart/?symbol=AMEX%3ADYNF,False,,-47.6313255088213,-47.6313255088213,68.44499969482422,56.43000030517578,59.7104006652832,0.8643883504098192,43.086195397310554,70.25453577396836,False,False,False,False,,
57,CGDV,CGDV,AMEX:CGDV,US,Capital Group Dividend Value ETF,38.955,Large Value,Long,3070981.45,,https://www.tradingview.com/chart/?symbol=AMEX%3ACGDV,True,2026-09-16 09:30,-72.23881605959981,-72.23881605959981,48.54999923706055,41.470001220703125,43.819380752563475,0.711200344261648,8.165618340275959,71.20907952738553,False,False,False,False,,
58,VNQ,VNQ,AMEX:VNQ,US,Vanguard Real Estate ETF,38.016,Real Estate,Long,2810927.75,,https://www.tradingview.com/chart/?symbol=AMEX%3AVNQ,True,2026-09-16 09:30,-64.91677641128477,-60.76919206042183,93.5,86.98999786376953,90.43087829589844,0.4465021480562838,-36.636126857400036,75.59118933747537,False,False,False,False,,
59,VBR,VBR,AMEX:VBR,US,Vanguard Morningstar Small-Cap Value ETF,37.526,Small Value,Long,275114.5,,https://www.tradingview.com/chart/?symbol=AMEX%3AVBR,False,,-59.155152386192306,-54.49013740051803,238.9199981689453,212.08999633789062,221.42143835449218,0.6785532633502798,2.517170152975224,72.82913813261915,False,False,False,False,,
60,SPYV,SPYV,AMEX:SPYV,US,State Street SPDR Portfolio S&P 500 Value ETF,36.839,Large Value,Long,1420567.55,,https://www.tradingview.com/chart/?symbol=AMEX%3ASPYV,False,,-44.064430130734046,-44.064430130734046,62.209999084472656,55.58000183105469,57.5529610748291,0.7930621763951371,39.667221986122485,72.07962746913546,False,False,False,False,,
61,TQQQ,TQQQ,AMEX:TQQQ,US,ProShares UltraPro QQQ,35.929,Trading--Leveraged Equity,3X Long,46665537.9,,https://www.tradingview.com/chart/?symbol=AMEX%3ATQQQ,False,,-49.31850590058292,-49.31850590058292,67.9000015258789,37.88999938964844,49.53069866943359,0.6084136643276558,-15.220524263098172,63.89903376374533,False,False,False,False,,
62,MGK,MGK,AMEX:MGK,US,Vanguard Morningstar Mega Cap Growth ETF,33.608,Large Growth,Long,1046912.1,,https://www.tradingview.com/chart/?symbol=AMEX%3AMGK,False,,-27.09452686308842,-27.09452686308842,89.13999938964844,70.68400573730469,75.7287398071289,0.8633982369867307,31.611784775115314,45.291832517657184,False,False,False,False,,
63,IUSG,IUSG,AMEX:IUSG,US,iShares Core S&P U.S. Growth ETF,33.336,Large Growth,Long,462130.0,,https://www.tradingview.com/chart/?symbol=AMEX%3AIUSG,False,,-52.293348283204494,-52.293348283204494,187.27999877929688,149.15499877929688,160.00273791503906,0.8294355060912334,17.091085339595562,65.37402231183985,False,False,False,False,,
64,ACWI,ACWI,AMEX:ACWI,US,iShares MSCI ACWI ETF,33.113,Global Large-Stock Blend,Long,1869786.35,,https://www.tradingview.com/chart/?symbol=AMEX%3AACWI,True,2026-09-16 09:30,-55.30190200650389,-55.30190200650389,157.64999389648438,134.25999450683594,140.91165753173829,0.8298736474309105,35.610199989505965,70.14983297625294,True,False,False,False,,
65,IDEV,IDEV,AMEX:IDEV,US,iShares Core MSCI International Developed Markets ETF,32.932,Foreign Large Blend,Long,1870726.1,,https://www.tradingview.com/chart/?symbol=AMEX%3AIDEV,True,2026-09-16 09:30,-55.228062643418745,-55.228062643418745,90.5199966430664,80.58000183105469,83.70582067871094,0.7504717611494613,42.74425516500785,69.83511308941199,False,False,False,False,,
66,EFV,EFV,AMEX:EFV,US,iShares MSCI EAFE Value ETF,32.15,Foreign Large Value,Long,1640948.25,,https://www.tradingview.com/chart/?symbol=AMEX%3AEFV,False,,-32.419011135028,-32.419011135028,81.1449966430664,71.16000366210938,73.99672286987305,0.8306984833241827,54.24624070969049,71.89794091199883,False,False,False,False,,
67,EEM,EEM,AMEX:EEM,US,iShares MSCI Emerging Markets ETF,31.971,Diversified Emerging Mkts,Long,15836071.25,,https://www.tradingview.com/chart/?symbol=AMEX%3AEEM,False,,-41.283731927431155,-41.283731927431155,65.73999786376953,54.67499923706055,58.603219345092775,0.664764092664712,34.971620533521026,74.31986874178183,True,False,False,False,,
68,XLI,XLI,AMEX:XLI,US,State Street Industrial Select Sector SPDR ETF,31.888,Industrials,Long,6528465.9,,https://www.tradingview.com/chart/?symbol=AMEX%3AXLI,True,2026-09-16 09:30,-63.9469087744101,-62.6022047321405,168.67999267578125,156.66000366210938,163.87098193359375,0.39338870544712184,-32.93558877497082,66.9647735569941,False,False,False,False,,
69,AVUV,AVUV,AMEX:AVUV,US,Avantis U.S. Small Cap Value ETF,31.856,Small Value,Long,1225791.95,,https://www.tradingview.com/chart/?symbol=AMEX%3AAVUV,False,,-48.159193397057955,-48.159193397057955,122.70999908447266,106.06999969482422,111.46024063110352,0.7285462565366764,4.233121887309784,74.33944317222533,False,False,False,False,,
70,VXF,VXF,AMEX:VXF,US,Vanguard Extended Market ETF,31.308,Mid-Cap Blend,Long,296304.5,,https://www.tradingview.com/chart/?symbol=AMEX%3AVXF,True,2026-09-16 09:30,-58.8818670358271,-58.8818670358271,234.33999633789062,198.97999572753906,211.16231817626954,0.6850056858339524,-5.870082544722593,70.66315467536832,True,False,False,False,,
71,VGK,VGK,AMEX:VGK,US,Vanguard FTSE Europe ETF,31.133,Europe Stock,Long,1672988.45,,https://www.tradingview.com/chart/?symbol=AMEX%3AVGK,True,2026-09-16 09:30,-68.51531185331714,-65.78145497275366,88.66000366210938,79.19999694824219,82.49809838867188,0.6769232616998556,27.08908462577786,67.42657687858343,False,False,False,False,,
72,GDX,GDX,AMEX:GDX,US,VanEck Gold Miners ETF,30.265,Equity Precious Metals,Long,25081121.6,,https://www.tradingview.com/chart/?symbol=AMEX%3AGDX,True,2026-09-16 09:30,-60.80315580504452,-60.30413178992251,92.83000183105469,70.73999786376953,78.95279858398438,0.6347701732793196,45.94059961563608,43.052123184179834,False,False,False,False,,
73,EWY,EWY,AMEX:EWY,US,iShares MSCI South Korea ETF,28.967,Focused Region,Long,14084983.55,,https://www.tradingview.com/chart/?symbol=AMEX%3AEWY,False,,-25.1365811137448,-25.1365811137448,175.5399932861328,115.7699966430664,140.44615786743165,0.5716334513909598,24.453099896468775,80.23037012808555,False,False,False,False,,
74,AVEM,AVEM,AMEX:AVEM,US,Avantis Emerging Markets Equity ETF,28.726,Diversified Emerging Mkts,Long,1616709.6,,https://www.tradingview.com/chart/?symbol=AMEX%3AAVEM,False,,-47.2518058187205,-47.2518058187205,92.41999816894531,77.76010131835938,83.07609530639648,0.6508163223141196,37.35655659985371,73.0253671183698,False,False,False,False,,
75,FNDX,FNDX,AMEX:FNDX,US,Schwab Fundamental U.S. Large Company ETF,27.895,Large Value,Long,2555669.1,,https://www.tradingview.com/chart/?symbol=AMEX%3AFNDX,False,,-36.18842275464127,-36.18842275464127,32.03499984741211,27.309999465942383,28.605450355529786,0.8607814460508124,46.6038145572511,74.95486226289655,False,False,False,False,,
76,IUSV,IUSV,AMEX:IUSV,US,iShares Core S&P US Value ETF,27.757,Large Value,Long,527471.9,,https://www.tradingview.com/chart/?symbol=AMEX%3AIUSV,False,,-57.737424436133445,-57.737424436133445,111.86000061035156,100.43000030517578,104.01193661499023,0.7530787369475075,36.5339062294777,72.17653743467612,False,False,False,False,,
77,VOOG,VOOG,AMEX:VOOG,US,Vanguard S&P 500 Growth ETF,27.271,Large Growth,Long,1003953.25,,https://www.tradingview.com/chart/?symbol=AMEX%3AVOOG,False,,-47.82560860751755,-47.82560860751755,82.63999938964844,65.32833099365234,70.15138473510743,0.8470885792416026,20.01232883210649,58.266288006876096,False,False,False,False,,
78,MDY,MDY,AMEX:MDY,US,State Street SPDR S&P MIDCAP 400 ETF Trust,26.567,Mid-Cap Blend,Long,446235.3,,https://www.tradingview.com/chart/?symbol=AMEX%3AMDY,True,2026-09-16 09:30,-62.43722702655373,-62.43722702655373,665.8800048828125,599.0750122070312,626.8982224121094,0.5666484260902023,-16.58903598925097,71.34257767070388,True,False,False,False,,
79,FNDF,FNDF,AMEX:FNDF,US,Schwab Fundamental International Equity ETF,26.322,Foreign Large Value,Long,1807914.05,,https://www.tradingview.com/chart/?symbol=AMEX%3AFNDF,False,,-41.01369539580392,-41.01369539580392,54.900001525878906,47.13999938964844,49.30647946166992,0.84531610874297,58.0914505498155,75.78140160644107,False,False,False,False,,
80,RDVY,RDVY,AMEX:RDVY,US,First Trust Rising Dividend Achievers ETF,25.697,Large Value,Long,1020926.8,,https://www.tradingview.com/chart/?symbol=AMEX%3ARDVY,False,,-61.499607691430015,-61.499607691430015,78.94999694824219,66.41500091552734,70.5438215637207,0.7164900865856557,7.205201983719815,76.60606891754435,False,False,False,False,,
82,CGGR,CGGR,AMEX:CGGR,US,Capital Group Growth ETF,25.648,Large Growth,Long,2315423.8,,https://www.tradingview.com/chart/?symbol=AMEX%3ACGGR,False,,-54.9954535062215,-54.9954535062215,46.04029846191406,38.75,40.912940216064456,0.7954498345507898,19.336252080519007,51.244352667716754,False,False,False,False,,
83,EMXC,EMXC,AMEX:EMXC,US,iShares MSCI Emerging Markets ex China ETF,25.486,Diversified Emerging Mkts,Long,1597490.4,,https://www.tradingview.com/chart/?symbol=AMEX%3AEMXC,False,,-30.021232053390406,-30.021232053390406,97.16000366210938,75.48500061035156,82.84348068237304,0.6951572430921314,39.125446037158554,79.38379447891349,False,False,False,False,,
84,XIC,XIC.TO,TSX:XIC,TSX,iShares Core S&P/TSX Capped Composite Index ETF,25.141,Total Market,Long,496767.5,,https://www.tradingview.com/chart/?symbol=TSX%3AXIC,False,,-50.936473781125926,-45.38892001134999,56.869998931884766,50.119998931884766,52.23927882385254,0.7516704169362372,36.334240870860256,70.83270272261903,True,False,False,False,,
85,IYW,IYW,AMEX:IYW,US,iShares U.S. Technology ETF,25.124,Technology,Long,464096.5,,https://www.tradingview.com/chart/?symbol=AMEX%3AIYW,False,,-12.416127030739892,-12.416127030739892,250.30999755859375,173.5500030517578,193.9639994506836,0.8873989369649611,29.06779284361828,71.97750905330042,False,False,False,False,,
86,MTUM,MTUM,AMEX:MTUM,US,iShares MSCI USA Momentum Factor ETF,24.803,Large Blend,Long,677646.35,,https://www.tradingview.com/chart/?symbol=AMEX%3AMTUM,False,,-23.188577578296634,-23.188577578296634,299.75970458984375,230.82000732421875,257.87504357910154,0.6013582240811517,-27.06063034841297,74.5069752317904,False,False,False,False,,
87,VOE,VOE,AMEX:VOE,US,Vanguard Morningstar Mid-Cap Value ETF,24.42,Mid-Cap Value,Long,280431.9,,https://www.tradingview.com/chart/?symbol=AMEX%3AVOE,False,,-60.72983272528429,-60.72983272528429,201.74000549316406,180.9499969482422,188.03943896484375,0.6920773179485773,28.64132669446397,76.4009872650414,False,False,False,False,,
88,USMV,USMV,AMEX:USMV,US,iShares MSCI USA Min Vol Factor ETF,24.118,Large Blend,Long,1453280.6,,https://www.tradingview.com/chart/?symbol=AMEX%3AUSMV,False,,-53.03539708554293,-44.69010837083838,98.51000213623047,91.16000366210938,93.72060330200195,0.6774193094728966,45.74797415525884,67.94151672607263,False,False,False,False,,
89,DVY,DVY,AMEX:DVY,US,iShares Select Dividend ETF,23.742,Mid-Cap Value,Long,288560.85,,https://www.tradingview.com/chart/?symbol=AMEX%3ADVY,False,,-65.27917972201182,-65.27917972201182,158.5500030517578,145.9499969482422,150.62397882080077,0.6362030323412236,33.91240304443351,73.7466659170396,False,False,False,False,,
90,VBK,VBK,AMEX:VBK,US,Vanguard Morningstar Small-Cap Growth ETF,23.685,Small Growth,Long,177359.7,,https://www.tradingview.com/chart/?symbol=AMEX%3AVBK,True,2026-09-16 09:30,-67.16287924029486,-65.46359275128974,335.1400146484375,289.6099853515625,307.7041085205078,0.5938440240367182,-20.866337565020473,69.5974053545685,False,False,False,False,,
91,EWJ,EWJ,AMEX:EWJ,US,iShares MSCI Japan ETF,23.506,Japan Stock,Long,3586266.25,,https://www.tradingview.com/chart/?symbol=AMEX%3AEWJ,False,,3.3519829456802985,3.3519829456802985,97.0199966430664,81.19999694824219,85.32881759643554,0.90425820012603,53.24384480605003,75.68209097423691,True,False,False,False,,
92,SCHA,SCHA,AMEX:SCHA,US,Schwab U.S. Small-Cap ETF,22.93,Small Blend,Long,2616628.35,,https://www.tradingview.com/chart/?symbol=AMEX%3ASCHA,True,2026-09-16 09:30,-61.46159342773084,-61.46159342773084,33.05500030517578,28.079999923706055,29.98215979766846,0.617245745795846,-19.136592565853014,71.81636118763431,False,False,False,False,,
93,SPMO,SPMO,AMEX:SPMO,US,Invesco S&P 500 Momentum ETF,22.756,Large Blend,Long,1655237.45,,https://www.tradingview.com/chart/?symbol=AMEX%3ASPMO,False,,-45.843520808304866,-45.843520808304866,143.63499450683594,107.86000061035156,120.54027960205079,0.6658290850774824,-14.284659474437325,74.13470770517003,False,False,False,False,,
94,XLC,XLC,AMEX:XLC,US,State Street Communication Services Select Sector SPDR ETF,22.667,Communications,Long,4128262.0,,https://www.tradingview.com/chart/?symbol=AMEX%3AXLC,False,,6.09989292350103,39.15980246778308,113.0,105.38999938964844,108.61847946166992,0.5562865819142083,33.01087779301949,21.308802492001135,False,False,False,False,,
95,DFIV,DFIV,AMEX:DFIV,US,Dimensional International Value ETF,22.446,Foreign Large Value,Long,1087696.4,,https://www.tradingview.com/chart/?symbol=AMEX%3ADFIV,False,,-31.171994308797395,-31.171994308797395,57.720001220703125,50.79999923706055,52.77649923706055,0.826268893569263,57.71198985145809,71.83974378701544,False,False,False,False,,
96,XLU,XLU,AMEX:XLU,US,State Street Utilities Select Sector SPDR ETF,22.359,Utilities,Long,19658230.6,,https://www.tradingview.com/chart/?symbol=AMEX%3AXLU,False,,-66.31221148637734,-66.31221148637734,41.33000183105469,41.329898834228516,42.79430267333984,1.659873480754689e-05,-55.39960697811724,37.43279600713297,False,True,False,False,,
97,VONV,VONV,AMEX:VONV,US,Vanguard Russell 1000 Value ETF,22.314,Large Value,Long,563540.05,,https://www.tradingview.com/chart/?symbol=AMEX%3AVONV,False,,-41.83380757806875,-41.83380757806875,110.58000183105469,91.83999633789062,97.0095778503418,0.85551244055918,38.79907836528397,82.11793825560241,False,False,False,False,,
98,VYMI,VYMI,AMEX:VYMI,US,Vanguard International High Dividend Yield ETF,22.12,Foreign Large Value,Long,809480.5,,https://www.tradingview.com/chart/?symbol=AMEX%3AVYMI,False,,-44.98833259503474,-44.98833259503474,104.0,90.5770034790039,94.50711145019531,0.806040750578859,57.917272108799445,73.31498317114851,False,False,False,False,,
99,XLY,XLY,AMEX:XLY,US,State Street Consumer Discretionary Select Sector SPDR ETF,21.972,Consumer Cyclical,Long,5333676.6,,https://www.tradingview.com/chart/?symbol=AMEX%3AXLY,False,,-65.04604420839134,-65.04604420839134,110.16000366210938,105.6500015258789,109.52748159790039,0.27449799467196156,-29.95062599033014,23.73502248470876,False,False,False,False,,
100,AVLV,AVLV,AMEX:AVLV,US,Avantis U.S. Large Cap Value ETF,21.76,Large Value,Long,2716989.25,,https://www.tradingview.com/chart/?symbol=AMEX%3AAVLV,False,,-53.85177739652155,-53.85177739652155,91.80500030517578,78.81999969482422,82.64791998291015,0.8005548479107125,36.31191763485225,79.53215398118817,False,False,False,False,,
101,SDY,SDY,AMEX:SDY,US,State Street SPDR S&P Dividend ETF,21.715,Mid-Cap Value,Long,184075.5,,https://www.tradingview.com/chart/?symbol=AMEX%3ASDY,False,,-68.66796591752528,-46.06524011215449,151.8300018310547,143.94500732421875,147.55226458740233,0.5158652593496966,10.894203959414876,73.10312952919688,False,False,False,False,,
102,DFUS,DFUS,AMEX:DFUS,US,Dimensional U.S. Equity Market ETF,21.635,Large Blend,Long,487947.15,,https://www.tradingview.com/chart/?symbol=AMEX%3ADFUS,False,,-50.89898388131479,-50.89898388131479,82.23999786376953,68.88999938964844,72.70965881347657,0.8248378429339116,26.097938692705565,69.6016749524975,False,False,False,False,,
103,FTEC,FTEC,AMEX:FTEC,US,Fidelity MSCI Information Technology Index ETF,21.251,Technology,Long,220448.75,,https://www.tradingview.com/chart/?symbol=AMEX%3AFTEC,False,,-27.542612915091627,-27.542612915091627,283.80999755859375,199.4600067138672,223.2889234008789,0.8353966779449036,31.500555814250443,73.45054924317812,False,False,False,False,,
104,AVDV,AVDV,AMEX:AVDV,US,Avantis International Small Cap Value ETF,20.779,Foreign Small/Mid Value,Long,703701.95,,https://www.tradingview.com/chart/?symbol=AMEX%3AAVDV,False,,-52.1012639047885,-46.428646511631065,110.41999816894531,95.43000030517578,99.79128109741211,0.811146923203635,55.24085483038069,68.93279752936468,False,False,False,False,,
105,IWV,IWV,AMEX:IWV,US,iShares Russell 3000 ETF,20.483,Large Blend,Long,123942.7,,https://www.tradingview.com/chart/?symbol=AMEX%3AIWV,False,,-57.042406633092135,-57.042406633092135,427.3299865722656,360.1000061035156,379.66322351074217,0.8110258686162773,28.002136866954686,69.53902060711654,True,False,False,False,,
106,OEF,OEF,AMEX:OEF,US,iShares S&P 100 ETF,20.321,Large Blend,Long,195785.4,,https://www.tradingview.com/chart/?symbol=AMEX%3AOEF,False,,-41.9418870790394,-41.9418870790394,374.7799987792969,308.2200012207031,326.19139978027346,0.8740643846810161,39.73033870847925,65.41218410924341,False,False,False,False,,
107,SOXL,SOXL,AMEX:SOXL,US,Direxion Daily Semiconductor Bull 3X ETF,20.257,Trading--Leveraged Equity,3X Long,52949440.0,,https://www.tradingview.com/chart/?symbol=AMEX%3ASOXL,False,,-31.845667635847747,-31.845667635847747,104.08000183105469,40.630001068115234,102.03248023986816,0.24386963494044575,-42.419184080595386,77.72054697961205,False,False,False,False,,
108,COWZ,COWZ,AMEX:COWZ,US,Pacer US Cash Cows 100 ETF,19.959,Mid-Cap Value,Long,831648.65,,https://www.tradingview.com/chart/?symbol=AMEX%3ACOWZ,False,,-51.99434379677792,-15.754445891496005,69.55000305175781,61.435001373291016,64.01448054504395,0.7424523590228089,59.29942585475559,73.48329710242471,False,False,False,False,,
109,BBJP,BBJP,AMEX:BBJP,US,JPMorgan BetaBuilders Japan ETF,19.758,Japan Stock,Long,666684.75,,https://www.tradingview.com/chart/?symbol=AMEX%3ABBJP,False,,5.888470050007714,5.888470050007714,78.30000305175781,66.2699966430664,69.43239700317383,0.8977615700608929,51.04126216042906,73.2656512047311,False,False,False,False,,
110,IWP,IWP,AMEX:IWP,US,iShares Russell Mid-Cap Growth ETF,19.626,Mid-Cap Growth,Long,811008.1,,https://www.tradingview.com/chart/?symbol=AMEX%3AIWP,True,2026-09-16 09:30,-67.33782161430032,-67.13519297516197,135.5,123.62000274658203,129.36306253051757,0.4881856462036276,-20.83261715497288,33.62431302616213,False,False,False,False,,
111,VOT,VOT,AMEX:VOT,US,Vanguard Morningstar Mid-Cap Growth ETF,19.529,Mid-Cap Growth,Long,159724.4,,https://www.tradingview.com/chart/?symbol=AMEX%3AVOT,True,2026-09-16 09:30,-69.9822276803303,-69.84355627968993,289.57000732421875,249.52000427246094,264.7077832641602,0.622329356081667,-14.417634539920108,49.24384179958199,False,False,False,False,,
112,VHT,VHT,AMEX:VHT,US,Vanguard Health Care ETF,19.455,Health,Long,207120.15,,https://www.tradingview.com/chart/?symbol=AMEX%3AVHT,False,,-59.04940171828562,-20.28604931212647,314.7799987792969,265.3800048828125,280.50760632324216,0.7706706582321993,44.92059993799547,62.562157117943684,False,False,False,False,,
113,AVDE,AVDE,AMEX:AVDE,US,Avantis International Equity ETF,19.336,Foreign Large Blend,Long,953200.8,,https://www.tradingview.com/chart/?symbol=AMEX%3AAVDE,True,2026-09-16 09:30,-57.190715355688305,-56.07128450829021,91.58000183105469,81.56999969482422,84.67340005493165,0.7612168041601372,48.86355852103185,68.94132107642558,False,False,False,False,,
114,SPHQ,SPHQ,AMEX:SPHQ,US,Invesco S&P 500 Quality ETF,18.922,Large Blend,Long,1431862.65,,https://www.tradingview.com/chart/?symbol=AMEX%3ASPHQ,True,2026-09-16 09:30,-66.29407406624843,-66.29407406624843,82.94499969482422,73.4800033569336,77.39996170043945,0.569837467646255,-35.69938933483161,72.6176162638191,False,False,False,False,,
115,SPMD,SPMD,AMEX:SPMD,US,State Street SPDR Portfolio S&P 400 Mid Cap ETF,18.739,Mid-Cap Blend,Long,1306087.0,,https://www.tradingview.com/chart/?symbol=AMEX%3ASPMD,True,2026-09-16 09:30,-62.23640621591726,-62.23640621591726,64.01000213623047,57.5,60.198659423828126,0.5693050744324823,-16.08939554060814,71.61691235730198,False,False,False,False,,
116,DFAI,DFAI,AMEX:DFAI,US,Dimensional International Core Equity Market ETF,18.389,Foreign Large Blend,Long,1816393.9,,https://www.tradingview.com/chart/?symbol=AMEX%3ADFAI,True,2026-09-16 09:30,-55.05463997029045,-55.05463997029045,42.15999984741211,37.665000915527344,39.05386051940918,0.7638063235188307,45.055152856031434,69.83257206603358,False,False,False,False,,
117,ESGU,ESGU,AMEX:ESGU,US,iShares ESG Aware MSCI USA ETF,18.097,Large Blend,Long,351580.65,,https://www.tradingview.com/chart/?symbol=AMEX%3AESGU,False,,-58.77473060008484,-58.77473060008484,164.47999572753906,137.39700317382812,145.1939698486328,0.8197529256255144,28.946315341382657,69.81796404230941,False,False,False,False,,
118,SPEM,SPEM,AMEX:SPEM,US,State Street SPDR Portfolio Emerging Markets ETF,17.929,Diversified Emerging Mkts,Long,1056716.35,,https://www.tradingview.com/chart/?symbol=AMEX%3ASPEM,False,,-52.997043980274235,-52.997043980274235,51.58000183105469,45.44499969482422,47.32473973083496,0.7702450745386563,40.245513689949824,67.09823956565045,True,False,False,False,,
119,ZSP,ZSP.TO,TSX:ZSP,TSX,BMO S&P 500 Index ETF,17.807,US Equity,Long,102495.6,,https://www.tradingview.com/chart/?symbol=TSX%3AZSP,False,,-24.75230701908016,-15.366274046936402,115.83000183105469,96.7300033569336,102.04236206054688,0.8485119118230224,6.552531451528732,71.65332133145745,True,False,False,False,,
120,VTWO,VTWO,AMEX:VTWO,US,Vanguard Russell 2000 ETF,17.544,Small Blend,Long,1142010.7,,https://www.tradingview.com/chart/?symbol=AMEX%3AVTWO,True,2026-09-16 09:30,-64.56580097545891,-64.56580097545891,115.08000183105469,96.77999877929688,103.04579949951172,0.6892655724401588,-13.785217357612007,72.07745161083709,False,False,False,False,,
121,XEF,XEF.TO,TSX:XEF,TSX,iShares Core MSCI EAFE IMI Index ETF,17.286,Total Market,Long,204264.55,,https://www.tradingview.com/chart/?symbol=TSX%3AXEF,False,,-40.980927608368994,-34.81746933484084,51.65999984741211,45.130001068115234,47.027440383911134,0.8121891957675824,19.90643040655381,72.17896176167709,True,False,False,False,,
122,DGRW,DGRW,AMEX:DGRW,US,WisdomTree US Quality Dividend Growth Fund,17.282,Large Blend,Long,434898.85,,https://www.tradingview.com/chart/?symbol=AMEX%3ADGRW,False,,-53.1169578293688,-53.1169578293688,97.22000122070312,85.6500015258789,89.1144815979004,0.7881471017916084,39.59945458517677,68.89634555204218,False,False,False,False,,
123,EFG,EFG,AMEX:EFG,US,iShares MSCI EAFE Growth ETF,17.001,Foreign Large Growth,Long,28804.4,,https://www.tradingview.com/chart/?symbol=AMEX%3AEFG,True,2026-09-16 09:30,-67.18284735585225,-64.17327873823315,119.4800033569336,107.6500015258789,112.26380044555664,0.6051153248620367,2.800316105131369,65.90265485484996,False,False,False,False,,
124,SPSM,SPSM,AMEX:SPSM,US,State Street SPDR Portfolio S&P 600 Small Cap ETF,16.562,Small Blend,Long,1670337.95,,https://www.tradingview.com/chart/?symbol=AMEX%3ASPSM,True,2026-09-16 09:30,-67.5549262834219,-66.0602515372297,54.439998626708984,47.0099983215332,49.71927911376953,0.6472123808821252,-18.581486616139255,74.87142460955532,False,False,False,False,,
125,XIU,XIU.TO,TSX:XIU,TSX,iShares S&P/TSX 60 Index ETF,16.454,Large Cap,Long,3394011.4,,https://www.tradingview.com/chart/?symbol=TSX%3AXIU,False,,-48.356204012557804,-36.029366428900026,52.79999923706055,46.22999954223633,48.276120010375976,0.7577852585523778,29.548377016919748,72.96410784284102,True,False,False,False,,
126,IWY,IWY,AMEX:IWY,US,iShares Russell Top 200 Growth ETF,15.936,Large Growth,Long,316418.15,,https://www.tradingview.com/chart/?symbol=AMEX%3AIWY,False,,-45.4126590573824,-45.4126590573824,282.82000732421875,239.94000244140625,254.6262850341797,0.6890566818674224,5.187215021980566,48.98138941517445,False,False,False,False,,
127,DFUV,DFUV,AMEX:DFUV,US,Dimensional US Marketwide Value ETF,15.855,Large Value,Long,417935.35,,https://www.tradingview.com/chart/?symbol=AMEX%3ADFUV,False,,-56.09277843805373,-56.09277843805373,56.060001373291016,47.5099983215332,49.916019149780276,0.8386464059352853,43.4352833817137,81.1885437334397,False,False,False,False,,
128,SCHV,SCHV,AMEX:SCHV,US,Schwab U.S. Large-Cap Value ETF,15.795,Large Value,Long,2839295.5,,https://www.tradingview.com/chart/?symbol=AMEX%3ASCHV,True,2026-09-16 09:30,-62.75421741919117,-62.75421741919117,33.81999969482422,29.90999984741211,31.209180099487305,0.7102632313840385,7.6794933257057165,73.57565660607041,True,False,False,False,,
129,IWS,IWS,AMEX:IWS,US,iShares Russell Mid-Cap Value ETF,15.674,Mid-Cap Value,Long,325583.65,,https://www.tradingview.com/chart/?symbol=AMEX%3AIWS,False,,-64.88185433038379,-64.88185433038379,163.9199981689453,142.3300018310547,149.65898010253906,0.6952182073682452,17.68692580917799,78.88761476557295,False,False,False,False,,
130,DFAS,DFAS,AMEX:DFAS,US,Dimensional U.S. Small Cap ETF,15.668,Small Blend,Long,419337.1,,https://www.tradingview.com/chart/?symbol=AMEX%3ADFAS,True,2026-09-16 09:30,-60.91179152044318,-60.91179152044318,79.30999755859375,69.19999694824219,72.80607846069336,0.6616489770973462,-2.8136384320960595,72.58650557440461,False,False,False,False,,
131,DFIC,DFIC,AMEX:DFIC,US,Dimensional International Core Equity 2 ETF,15.558,Foreign Large Blend,Long,1212764.65,,https://www.tradingview.com/chart/?symbol=AMEX%3ADFIC,True,2026-09-16 09:30,-54.70276129634379,-54.70276129634379,38.39500045776367,34.279998779296875,35.53433935546875,0.7742238548018512,49.75240527446541,69.05936840705665,False,False,False,False,,
132,HDV,HDV,AMEX:HDV,US,iShares Core High Dividend ETF,15.521,Large Value,Long,3980489.25,,https://www.tradingview.com/chart/?symbol=AMEX%3AHDV,False,,-44.53344366836584,-23.30343705318751,28.8700008392334,26.417999267578125,27.244471458435058,0.7001716177656794,53.51494383348643,67.83638026588737,False,False,False,False,,
133,CIBR,CIBR,AMEX:CIBR,US,First Trust NASDAQ Cybersecurity ETF,15.231,Technology,Long,1638809.45,,https://www.tradingview.com/chart/?symbol=AMEX%3ACIBR,False,,-12.919654492315894,54.6744639499758,100.27999877929688,60.599998474121094,70.41759811401367,0.9538461961689801,30.55106816290994,56.68187897422681,False,False,False,False,,
134,GSLC,GSLC,AMEX:GSLC,US,TR Activebeta US Large Cap Equity ETF,15.153,Large Blend,Long,196846.9,,https://www.tradingview.com/chart/?symbol=AMEX%3AGSLC,False,,-46.236989798408366,-46.236989798408366,143.85000610351562,121.63500213623047,128.03178292846678,0.8195905263226041,33.35867035974871,67.07686651334586,False,False,False,False,,
135,SCHM,SCHM,AMEX:SCHM,US,Schwab U.S. Mid-Cap ETF,15.025,Mid-Cap Blend,Long,1542884.6,,https://www.tradingview.com/chart/?symbol=AMEX%3ASCHM,True,2026-09-16 09:30,-56.96511801470197,-56.96511801470197,34.560001373291016,29.975000381469727,31.59986043548584,0.6659405721713273,-11.446746806524033,70.45433105418705,False,False,False,False,,
136,DFAT,DFAT,AMEX:DFAT,US,Dimensional U.S. Targeted Value ETF,14.897,Small Value,Long,271444.8,,https://www.tradingview.com/chart/?symbol=AMEX%3ADFAT,False,,-49.687186296754625,-49.687186296754625,69.33999633789062,60.29499816894531,63.23909780883789,0.725050042106924,8.054100015871349,73.52052121323743,False,False,False,False,,
137,IWO,IWO,AMEX:IWO,US,iShares Russell 2000 Growth ETF,14.704,Small Growth,Long,382951.95,,https://www.tradingview.com/chart/?symbol=AMEX%3AIWO,True,2026-09-16 09:30,-69.48161961053525,-68.6852186002938,360.989990234375,301.0299987792969,323.3319987792969,0.6344972640749008,-26.05137279027045,69.11672439630597,False,False,False,False,,
138,AVUS,AVUS,AMEX:AVUS,US,Avantis U.S. Equity ETF,14.626,Large Blend,Long,281214.5,,https://www.tradingview.com/chart/?symbol=AMEX%3AAVUS,False,,-56.057379199853585,-56.057379199853585,127.52999877929688,108.0801010131836,113.83375875854492,0.7977839621245099,26.44203536986463,73.10889056333315,False,False,False,False,,
139,IWN,IWN,AMEX:IWN,US,iShares Russell 2000 Value ETF,14.61,Small Value,Long,389647.5,,https://www.tradingview.com/chart/?symbol=AMEX%3AIWN,True,2026-09-16 09:30,-61.52702618272313,-61.52702618272313,216.0500030517578,183.33999633789062,193.75467749023437,0.7412191954369552,2.319564527098682,74.19350633321747,False,False,False,False,,
140,XLP,XLP,AMEX:XLP,US,State Street Consumer Staples Select Sector SPDR ETF,14.575,Consumer Defensive,Long,9355049.05,,https://www.tradingview.com/chart/?symbol=AMEX%3AXLP,False,,-58.070720519045956,-25.227641577814513,83.36000061035156,81.03500366210938,82.55720294189453,0.36046481368891453,4.887853940476105,57.87362627502565,False,False,False,False,,
141,BAI,BAI,AMEX:BAI,US,iShares A.I. Innovation and Tech Active ETF,14.422,Technology,Long,2517037.0,,https://www.tradingview.com/chart/?symbol=AMEX%3ABAI,False,,-39.65638662937735,-39.08103306779813,43.16999816894531,31.17259979248047,36.61650663757324,0.5201018491706854,-19.751013907820145,,False,False,False,False,,
142,QQQI,QQQI,AMEX:QQQI,US,NEOS Nasdaq 100 High Income ETF,14.379,Derivative Income,Long,3876140.85,,https://www.tradingview.com/chart/?symbol=AMEX%3AQQQI,False,,-50.39413603235545,-50.39413603235545,53.279998779296875,48.11000061035156,50.3744208984375,0.5388220438982345,15.720513925640956,,False,False,False,False,,
143,PVAL,PVAL,AMEX:PVAL,US,Putnam Focused Large Cap Value ETF,14.243,Large Value,Long,1432213.15,,https://www.tradingview.com/chart/?symbol=AMEX%3APVAL,False,,-43.634409471127434,-43.634409471127434,53.19499969482422,45.470001220703125,47.61757745361328,0.8489103259548167,40.07308445500474,76.63927443234103,False,False,False,False,,
144,QLD,QLD,AMEX:QLD,US,ProShares Ultra QQQ,14.233,Trading--Leveraged Equity,2X Long,3432575.85,,https://www.tradingview.com/chart/?symbol=AMEX%3AQLD,False,,-47.91104933966405,-47.91104933966405,86.97000122070312,57.15999984741211,67.39531959533691,0.6873415288782793,-8.545854501223696,65.99450575821966,False,False,False,False,,
145,SPTM,SPTM,AMEX:SPTM,US,State Street SPDR Portfolio S&P 1500 Composite Stock Market ETF,14.221,Large Blend,Long,471068.05,,https://www.tradingview.com/chart/?symbol=AMEX%3ASPTM,False,,-51.109192416184065,-51.109192416184065,91.30500030517578,76.86000061035156,81.00534118652344,0.8223739076046354,27.421542216587067,69.82233496376563,False,False,False,False,,
146,IGV,IGV,AMEX:IGV,US,iShares Expanded Tech-Software Sector ETF,14.212,Technology,Long,11730524.1,,https://www.tradingview.com/chart/?symbol=AMEX%3AIGV,False,,-38.6855361692464,13.920420763120832,105.0,74.45500183105469,82.88374096679688,0.8552429315676459,49.62230978297881,-0.14488897458908193,False,False,False,False,,
147,IQLT,IQLT,AMEX:IQLT,US,iShares MSCI Intl Quality Factor ETF,14.12,Foreign Large Blend,Long,1149645.85,,https://www.tradingview.com/chart/?symbol=AMEX%3AIQLT,True,2026-09-16 09:30,-62.08994585418632,-57.82781487543176,49.94499969482422,44.560001373291016,46.396081085205076,0.6921592758938553,35.271216845806286,73.02963467816805,False,False,False,False,,
148,PAVE,PAVE,AMEX:PAVE,US,Global X U.S. Infrastructure Development ETF,13.906,Infrastructure,Long,1337193.15,,https://www.tradingview.com/chart/?symbol=AMEX%3APAVE,True,2026-09-16 09:30,-64.50672700729594,-60.75750937098578,52.75,49.029998779296875,51.6023991394043,0.34128446788480316,-42.0794150519871,64.33745638789412,False,False,False,False,,
149,MGV,MGV,AMEX:MGV,US,Vanguard Morningstar Mega Cap Value ETF,13.851,Large Value,Long,282850.65,,https://www.tradingview.com/chart/?symbol=AMEX%3AMGV,True,2026-09-16 09:30,-57.6694626038936,-57.6694626038936,163.85499572753906,142.67999267578125,148.88443469238283,0.8054391848361697,31.701861991754328,78.87135510754993,False,False,False,False,,
150,VFH,VFH,AMEX:VFH,US,Vanguard Financials ETF,13.63,Financial,Long,498169.65,,https://www.tradingview.com/chart/?symbol=AMEX%3AVFH,False,,-58.68282924514043,-58.68282924514043,136.42999267578125,117.0,123.13953985595703,0.7468765378296565,29.82606786280496,56.34292140112032,False,False,False,False,,
151,AMLP,AMLP,AMEX:AMLP,US,Alerian MLP ETF,13.594,Energy Limited Partnership,Long,1149814.1,,https://www.tradingview.com/chart/?symbol=AMEX%3AAMLP,False,,-43.097108520550755,-43.097108520550755,54.744998931884766,50.369998931884766,51.738798751831055,0.7543104440505514,59.50547602748284,76.14042494005969,False,False,False,False,,
152,ESGV,ESGV,AMEX:ESGV,US,Vanguard ESG U.S. Stock ETF,13.535,Large Blend,Long,56725.9,,https://www.tradingview.com/chart/?symbol=AMEX%3AESGV,False,,-48.169425888365566,-48.169425888365566,133.57000732421875,108.62999725341797,115.51647732543945,0.8546953327610852,31.469201693868182,67.01891583518828,False,False,False,False,,
153,ZCN,ZCN.TO,TSX:ZCN,TSX,BMO S&P/TSX Capped Composite Index ETF,13.496,Total Market,Long,242974.3,,https://www.tradingview.com/chart/?symbol=TSX%3AZCN,False,,-50.72285012838986,-45.59917459312657,47.65999984741211,42.0099983215332,43.789438537597654,0.749336981411195,36.1496934311464,70.78668324900434,True,False,False,False,,
154,ITA,ITA,AMEX:ITA,US,iShares U.S. Aerospace & Defense ETF,13.377,Industrials,Long,110026.75,,https://www.tradingview.com/chart/?symbol=AMEX%3AITA,True,2026-09-16 09:30,-66.54916025199392,-62.98451327059259,215.3000030517578,210.64999389648438,220.70595404052733,0.10912952566688713,-32.38502824557897,57.30622289389933,False,True,False,False,,
155,SCZ,SCZ,AMEX:SCZ,US,iShares MSCI EAFE Small-Cap ETF,13.125,Foreign Small/Mid Blend,Long,1017203.35,,https://www.tradingview.com/chart/?symbol=AMEX%3ASCZ,False,,-52.371754323840236,-49.60325732190439,85.17500305175781,75.91000366210938,78.66176272583007,0.7945971305353207,44.70352401733899,66.95042932307564,False,False,False,False,,
156,SCHE,SCHE,AMEX:SCHE,US,Schwab Emerging Markets Equity ETF,13.075,Diversified Emerging Mkts,Long,2827658.3,,https://www.tradingview.com/chart/?symbol=AMEX%3ASCHE,False,,-54.559412755998096,-54.559412755998096,36.150001525878906,31.875,33.22492028808594,0.7473777296420587,42.315918857986475,66.39292873895637,False,False,False,False,,
157,VCN,VCN.TO,TSX:VCN,TSX,Vanguard FTSE Canada All Cap Index ETF,13.034,Total Market,Long,151641.95,,https://www.tradingview.com/chart/?symbol=TSX%3AVCN,False,,-49.97910491705861,-45.6894068340674,72.3499984741211,63.439998626708984,66.22479844665527,0.7550847816522102,36.712624934125245,70.6713947124929,True,False,False,False,,
158,DFAU,DFAU,AMEX:DFAU,US,Dimensional US Core Equity Market ETF,12.886,Large Blend,Long,477635.2,,https://www.tradingview.com/chart/?symbol=AMEX%3ADFAU,False,,-51.929764440012114,-51.929764440012114,52.025001525878906,43.86000061035156,46.21646075439453,0.8177266315900468,28.96604648286866,70.05883588120281,False,False,False,False,,
159,DUHP,DUHP,AMEX:DUHP,US,Dimensional US High Profitability ETF,12.821,Large Blend,Long,622546.9,,https://www.tradingview.com/chart/?symbol=AMEX%3ADUHP,True,2026-09-16 09:30,-57.671330618155366,-57.671330618155366,41.29100036621094,35.82500076293945,37.48762033081055,0.7758695562712664,23.619429438690076,69.1373665328238,False,False,False,False,,
160,DFAX,DFAX,AMEX:DFAX,US,Dimensional World ex U.S. Core Equity 2 ETF,12.708,Foreign Large Blend,Long,575785.5,,https://www.tradingview.com/chart/?symbol=AMEX%3ADFAX,True,2026-09-16 09:30,-55.90405410123183,-55.90405410123183,37.38999938964844,32.959999084472656,34.305199264526365,0.7771929319692334,43.44804023769587,70.943589628877,False,False,False,False,,
161,ACWX,ACWX,AMEX:ACWX,US,iShares MSCI ACWI ex U.S. ETF,12.631,Foreign Large Blend,Long,1787123.55,,https://www.tradingview.com/chart/?symbol=AMEX%3AACWX,True,2026-09-16 09:30,-55.735628843514746,-55.735628843514746,75.7300033569336,66.30000305175781,69.18392153930664,0.7716861907262226,38.921556658075865,72.28201059249538,False,False,False,False,,
162,ESGD,ESGD,AMEX:ESGD,US,iShares ESG Aware MSCI EAFE ETF,12.275,Foreign Large Blend,Long,284110.2,,https://www.tradingview.com/chart/?symbol=AMEX%3AESGD,True,2026-09-16 09:30,-56.985626303605834,-56.985626303605834,104.01499938964844,92.20500183105469,95.89722103881836,0.7548737675075013,36.68184147064117,70.48093574525569,False,False,False,False,,
163,EWT,EWT,AMEX:EWT,US,iShares MSCI Taiwan ETF,12.142,Greater China Region,Long,3666142.5,,https://www.tradingview.com/chart/?symbol=AMEX%3AEWT,False,,-29.844716546440182,-27.742572421350093,108.41000366210938,68.93499755859375,79.1431787109375,0.9126112968999139,49.037866110653205,88.58812604734014,False,False,False,False,,
164,VSS,VSS,AMEX:VSS,US,Vanguard FTSE All-World ex-US Small-Cap ETF,12.121,Foreign Small/Mid Blend,Long,262643.45,,https://www.tradingview.com/chart/?symbol=AMEX%3AVSS,True,2026-09-16 09:30,-62.38621166567881,-59.2068975495262,155.9199981689453,141.52999877929688,146.500158203125,0.6832859001817144,27.636882206164554,61.431099724643765,False,False,False,False,,
165,MOAT,MOAT,AMEX:MOAT,US,VanEck Morningstar Wide Moat ETF,12.073,Large Blend,Long,133553.45,,https://www.tradingview.com/chart/?symbol=AMEX%3AMOAT,False,,-65.00905680234378,-39.58321583608796,108.27999877929688,94.29000091552734,99.26488134765626,0.6636620801028448,40.02170652378342,60.745300918156566,False,False,False,False,,
166,CGUS,CGUS,AMEX:CGUS,US,Capital Group Core Equity ETF,12.049,Large Blend,Long,1304013.5,,https://www.tradingview.com/chart/?symbol=AMEX%3ACGUS,True,2026-09-16 09:30,-70.6204253371262,-70.6204253371262,43.83000183105469,37.36000061035156,39.50052053833008,0.7133408421606917,5.346704182069236,69.20364184189384,False,False,False,False,,
167,CGGO,CGGO,AMEX:CGGO,US,Capital Group Global Growth Equity ETF,12.022,Global Large-Stock Growth,Long,1058514.3,,https://www.tradingview.com/chart/?symbol=AMEX%3ACGGO,True,2026-09-16 09:30,-63.01694790924201,-63.01694790924201,38.97999954223633,32.099998474121094,34.580358978271484,0.6546146212852079,-14.600406091155383,71.74492313455876,False,False,False,False,,
168,GRID,GRID,AMEX:GRID,US,First Trust Nasdaq Clean Edge Smart GRID Infrastructure Index,11.931,Infrastructure,Long,555452.0,,https://www.tradingview.com/chart/?symbol=AMEX%3AGRID,False,,-37.00795576222458,-36.763616012428464,174.3800048828125,157.625,167.53909942626953,0.39884420988015307,-32.64532290140881,64.42858064234792,False,False,False,False,,
169,SPYI,SPYI,AMEX:SPYI,US,NEOS S&P 500 High Income ETF,11.836,Derivative Income,Long,2265085.15,,https://www.tradingview.com/chart/?symbol=AMEX%3ASPYI,False,,-56.111609863424576,-56.111609863424576,52.470001220703125,47.97999954223633,49.49747961425781,0.6982894969464626,43.3064263467159,68.75682659748894,False,False,False,False,,
170,XSP,XSP.TO,TSX:XSP,TSX,iShares Core S&P 500 Index ETF (CAD-Hedged),11.729,US Equity,Long,114496.1,,https://www.tradingview.com/chart/?symbol=TSX%3AXSP,False,,-51.333705449105615,-51.333705449105615,75.75,64.23999786376953,67.55107757568359,0.8203851131630179,25.757858813735442,66.97815623700457,True,False,False,False,,
171,PBUS,PBUS,AMEX:PBUS,US,Invesco MSCI USA ETF,11.719,Large Blend,Long,161187.85,,https://www.tradingview.com/chart/?symbol=AMEX%3APBUS,False,,-48.65580552020979,-48.65580552020979,75.62000274658203,63.310001373291016,66.7862812652588,0.8357095557263062,31.066474896645996,69.2763088647133,False,False,False,False,,
172,NOBL,NOBL,AMEX:NOBL,US,ProShares S&P 500 Dividend Aristocrats ETF,11.577,Large Value,Long,119721.65,,https://www.tradingview.com/chart/?symbol=AMEX%3ANOBL,False,,-74.45617654145668,-53.905241731905086,55.849998474121094,52.084999084472656,53.74053894042969,0.5367070159983469,14.04156378473823,70.64976223805871,False,False,False,False,,
173,SDVY,SDVY,AMEX:SDVY,US,First Trust SMID Cap Rising Dividend Achievers ETF,11.559,Small Value,Long,828009.0,,https://www.tradingview.com/chart/?symbol=AMEX%3ASDVY,False,,-59.260087824779056,-59.260087824779056,41.880001068115234,38.5099983215332,40.02511878967285,0.5249223840067976,-12.435067581533097,66.95257223069743,False,False,False,False,,
174,FENI,FENI,AMEX:FENI,US,Fidelity Enhanced International ETF,11.465,Foreign Large Blend,Long,1074497.55,,https://www.tradingview.com/chart/?symbol=AMEX%3AFENI,True,2026-09-16 09:30,-54.93545678627181,-54.79613861418096,40.42499923706055,35.91999816894531,37.35605885314941,0.7403449337271111,33.00122472052548,,False,False,False,False,,
175,BBCA,BBCA,AMEX:BBCA,US,JPMorgan BetaBuilders Canada ETF,11.394,Focused Region,Long,75418.3,,https://www.tradingview.com/chart/?symbol=AMEX%3ABBCA,False,,-51.2426370718995,-51.2426370718995,103.26000213623047,91.52999877929688,95.38859841918945,0.7174314649325464,43.846397386698875,70.35832730563794,False,False,False,False,,
176,JIRE,JIRE,AMEX:JIRE,US,JPMorgan International Research Enhanced Equity ETF,11.293,Foreign Large Blend,Long,343991.4,,https://www.tradingview.com/chart/?symbol=AMEX%3AJIRE,True,2026-09-16 09:30,-56.40205395680715,-56.40205395680715,82.58999633789062,72.87000274658203,75.95806253051758,0.7428348698046793,30.972338847030528,69.35772538332795,False,False,False,False,,
177,VFLO,VFLO,AMEX:VFLO,US,VictoryShares Free Cash Flow ETF,11.269,Mid-Cap Value,Long,2255343.8,,https://www.tradingview.com/chart/?symbol=AMEX%3AVFLO,False,,-43.499941381835335,-20.343492228286504,53.33539962768555,38.628700256347656,42.766086959838866,0.8388824396585958,64.2618788642675,,False,False,False,False,,
178,SCHH,SCHH,AMEX:SCHH,US,Schwab U.S. REIT ETF,11.197,Real Estate,Long,5052361.6,,https://www.tradingview.com/chart/?symbol=AMEX%3ASCHH,True,2026-09-16 09:30,-65.38015549256215,-61.76219377437125,22.880199432373047,21.09000015258789,22.00450015258789,0.4619869109122984,-41.88326613390525,80.69292111610683,False,False,False,False,,
179,XLG,XLG,AMEX:XLG,US,Invesco S&P 500 Top 50 ETF,11.186,Large Blend,Long,1139683.45,,https://www.tradingview.com/chart/?symbol=AMEX%3AXLG,False,,-32.30187666164231,-32.30187666164231,62.040000915527344,52.83000183105469,55.605360534667966,0.7831635532753862,27.844604441082197,56.15585185055064,False,False,False,False,,
180,XBI,XBI,AMEX:XBI,US,State Street SPDR S&P Biotech ETF,10.998,Health,Long,8055291.35,,https://www.tradingview.com/chart/?symbol=AMEX%3AXBI,True,2026-09-16 09:30,-71.0303315451019,-68.99965690524289,154.1699981689453,118.62000274658203,130.6442038269043,0.6977427326467228,40.444991357958706,72.34784548806834,False,False,False,False,,
181,VDE,VDE,AMEX:VDE,US,Vanguard Energy ETF,10.926,Equity Energy,Long,458027.3,,https://www.tradingview.com/chart/?symbol=AMEX%3AVDE,False,,21.56386931572563,21.56386931572563,180.10000610351562,149.33999633789062,157.89499633789063,0.8485519935344827,63.65455593940995,79.46397250974049,False,False,False,False,,
182,ONEQ,ONEQ,AMEX:ONEQ,US,Fidelity Nasdaq Composite Index ETF,10.809,Large Growth,Long,185141.3,,https://www.tradingview.com/chart/?symbol=AMEX%3AONEQ,False,,-41.35404206761115,-41.35404206761115,102.44000244140625,81.83000183105469,87.72764132690429,0.8247299868813481,19.187655696896538,64.95333638820263,False,False,False,False,,
183,IJK,IJK,AMEX:IJK,US,iShares S&P Mid-Cap 400 Growth ETF,10.748,Mid-Cap Growth,Long,197416.65,,https://www.tradingview.com/chart/?symbol=AMEX%3AIJK,True,2026-09-16 09:30,-68.61708056729242,-67.56160595712544,109.13999938964844,97.19999694824219,102.38845709228515,0.5430976624937796,-22.813954380785457,71.9903669759525,False,False,False,False,,
184,IBB,IBB,AMEX:IBB,US,iShares Biotechnology ETF,10.734,Health,Long,1531582.5,,https://www.tradingview.com/chart/?symbol=AMEX%3AIBB,False,,-57.500167649623684,-51.018895506640696,202.4199981689453,160.4199981689453,173.7752373046875,0.7421806453074165,58.165384503215854,68.71508534635463,False,False,False,False,,
185,IGM,IGM,AMEX:IGM,US,iShares Expanded Tech Sector ETF,10.682,Technology,Long,248038.6,,https://www.tradingview.com/chart/?symbol=AMEX%3AIGM,False,,-16.25082670838398,-16.25082670838398,159.69000244140625,113.37999725341797,126.96887948608398,0.8042722747344784,17.05218579614232,71.60964101656889,False,False,False,False,,
186,FNDE,FNDE,AMEX:FNDE,US,Schwab Fundamental Emerging Markets Equity ETF,10.536,Diversified Emerging Mkts,Long,1551985.35,,https://www.tradingview.com/chart/?symbol=AMEX%3AFNDE,False,,-45.85663166617859,-45.85663166617859,41.80500030517578,36.71500015258789,38.21596029663086,0.800314412596657,67.21575005701287,68.81864076733393,False,False,False,False,,
187,IGF,IGF,AMEX:IGF,US,iShares Global Infrastructure ETF,10.522,Infrastructure,Long,660418.7,,https://www.tradingview.com/chart/?symbol=AMEX%3AIGF,True,2026-09-16 09:30,-72.9598025814596,-71.31474226372029,62.992000579833984,62.992000579833984,64.48776887512207,0.0,-65.40978429237744,55.313432937123906,False,True,True,True,HIGH,FULL PASS
188,FDVV,FDVV,AMEX:FDVV,US,Fidelity High Dividend ETF,10.517,Large Value,Long,687722.3,,https://www.tradingview.com/chart/?symbol=AMEX%3AFDVV,False,,-36.039883268161255,-36.039883268161255,62.15999984741211,53.880001068115234,56.34384074401856,0.7931034356761205,22.38724619149593,70.8040794527459,False,False,False,False,,
189,MGC,MGC,AMEX:MGC,US,Vanguard Morningstar Mega Cap ETF,10.391,Large Blend,Long,66729.4,,https://www.tradingview.com/chart/?symbol=AMEX%3AMGC,False,,-40.582625461670254,-40.582625461670254,277.8399963378906,229.30999755859375,242.40563525390624,0.8745721268704325,35.16425554645722,68.0638098225321,False,False,False,False,,
190,DFAE,DFAE,AMEX:DFAE,US,Dimensional Emerging Core Equity Market ETF,10.165,Diversified Emerging Mkts,Long,801425.65,,https://www.tradingview.com/chart/?symbol=AMEX%3ADFAE,False,,-40.345535221456224,-40.345535221456224,38.994998931884766,32.69499969482422,34.8921600189209,0.6766915475581229,35.032953196007604,73.38463637299209,False,False,False,False,,
191,AIQ,AIQ,AMEX:AIQ,US,Global X Artificial Intelligence & Technology ETF,10.143,Technology,Long,1092338.55,,https://www.tradingview.com/chart/?symbol=AMEX%3AAIQ,False,,-36.278302584167314,-36.278302584167314,63.01499938964844,44.779998779296875,50.76259841918945,0.7193294559353532,26.13191754495443,72.56247977362123,False,False,False,False,,
192,PRF,PRF,AMEX:PRF,US,Invesco RAFI US 1000 ETF,10.054,Large Value,Long,263684.7,,https://www.tradingview.com/chart/?symbol=AMEX%3APRF,False,,-40.29635371688912,-40.29635371688912,55.224998474121094,46.53969955444336,48.89741017150879,0.8693732514108039,42.699789117349894,77.72428440957941,False,False,False,False,,
193,RWL,RWL,AMEX:RWL,US,Invesco S&P 500 Revenue ETF,10.001,Large Value,Long,231502.25,,https://www.tradingview.com/chart/?symbol=AMEX%3ARWL,False,,-32.5057973239972,-32.5057973239972,131.94000244140625,112.55000305175781,118.04408276367188,0.8329037975247726,40.980998925983165,76.78003458077032,False,False,False,False,,
194,JGRO,JGRO,AMEX:JGRO,US,JPMorgan Active Growth ETF,9.973,Large Growth,Long,485607.55,,https://www.tradingview.com/chart/?symbol=AMEX%3AJGRO,False,,-40.748812387242594,-39.99579931021212,93.05000305175781,81.54000091552734,85.78210055541992,0.6403339701420065,-20.286176968093944,41.61979637802446,False,False,False,False,,
195,ZEA,ZEA.TO,TSX:ZEA,TSX,BMO MSCI EAFE Index ETF,9.918,Total Market,Long,55692.85,,https://www.tradingview.com/chart/?symbol=TSX%3AZEA,False,,-44.6894576311908,-43.51280619997297,31.43000030517578,27.450000762939453,28.615840438842774,0.805668147500639,14.691583376672222,72.48047957342584,True,False,False,False,,
196,EZU,EZU,AMEX:EZU,US,iShares MSCI Eurozone ETF,9.906,Europe Stock,Long,817469.75,,https://www.tradingview.com/chart/?symbol=AMEX%3AEZU,True,2026-09-16 09:30,-69.10041755063314,-67.74522363822415,68.18000030517578,60.244998931884766,63.015639328002926,0.675894398537028,18.21728156165693,67.00460105580936,False,False,False,False,,
197,VLUE,VLUE,AMEX:VLUE,US,iShares MSCI USA Value Factor ETF,9.815,Large Value,Long,290951.9,,https://www.tradingview.com/chart/?symbol=AMEX%3AVLUE,False,,-49.72500882006242,-49.72500882006242,196.76499938964844,138.5,154.312,0.869626856561917,45.76427631140259,90.36283207280344,False,False,False,False,,
198,DFEM,DFEM,AMEX:DFEM,US,Dimensional Emerging Markets Core Equity 2 ETF,9.656,Diversified Emerging Mkts,Long,780231.8,,https://www.tradingview.com/chart/?symbol=AMEX%3ADFEM,False,,-42.51193761225473,-42.51193761225473,39.400001525878906,33.40999984741211,35.535180099487306,0.6651861152661159,34.23026583245221,72.51578350692279,False,False,False,False,,
199,GDXJ,GDXJ,AMEX:GDXJ,US,VanEck Junior Gold Miners ETF,9.635,Equity Precious Metals,Long,4505808.75,,https://www.tradingview.com/chart/?symbol=AMEX%3AGDXJ,True,2026-09-16 09:30,-66.62271393732442,-66.31282081698774,118.07499694824219,91.69499969482422,103.55990005493165,0.5247140020441162,43.38518406841508,42.42107104950285,False,False,False,False,,
200,IXN,IXN,AMEX:IXN,US,iShares Global Tech ETF,9.474,Technology,Long,461190.2,,https://www.tradingview.com/chart/?symbol=AMEX%3AIXN,False,,-27.945487139814418,-27.945487139814418,139.38999938964844,95.80999755859375,108.54219683837891,0.8077850657315861,29.021440363028585,78.4800250780615,False,False,False,False,,
201,BBEU,BBEU,AMEX:BBEU,US,JPMorgan BetaBuilders Europe ETF,9.446,Europe Stock,Long,100846.45,,https://www.tradingview.com/chart/?symbol=AMEX%3ABBEU,True,2026-09-16 09:30,-67.0622997168674,-65.18808113835887,77.20500183105469,69.77999877929688,72.49399877929687,0.6456524392832881,24.092427026135663,67.17790306953381,False,False,False,False,,
202,AIRR,AIRR,AMEX:AIRR,US,First Trust RBA American Industrial Renaissance ETF,9.432,Industrials,Long,721053.35,,https://www.tradingview.com/chart/?symbol=AMEX%3AAIRR,False,,-46.67699455680824,-39.96400906407598,105.6500015258789,104.7300033569336,111.47724429321289,0.032179015085064135,-66.3277849461796,57.233855206093615,False,True,True,False,,
203,DBEF,DBEF,AMEX:DBEF,US,Xtrackers MSCI EAFE Hedged Equity ETF,9.372,Foreign Large Blend,Long,396183.65,,https://www.tradingview.com/chart/?symbol=AMEX%3ADBEF,False,,-54.02807123489671,-45.40638743548459,54.810001373291016,47.525001525878906,49.68322073364258,0.7966104452247648,17.895557108983223,74.33828983217569,False,False,False,False,,
204,IEUR,IEUR,AMEX:IEUR,US,iShares Core MSCI Europe ETF,9.323,Europe Stock,Long,1056704.55,,https://www.tradingview.com/chart/?symbol=AMEX%3AIEUR,True,2026-09-16 09:30,-68.61619240833004,-65.32478061508021,74.94999694824219,67.51000213623047,70.16972134399414,0.6601594523623036,24.53038135799842,67.2172161190034,False,False,False,False,,
205,BBUS,BBUS,AMEX:BBUS,US,JPMorgan BetaBuilders U.S. Equity ETF,9.236,Large Blend,Long,140946.15,,https://www.tradingview.com/chart/?symbol=AMEX%3ABBUS,False,,-48.79192289804208,-48.79192289804208,136.08999633789062,113.88999938964844,120.14872039794922,0.837103822464133,31.620622632704237,68.85728233252375,False,False,False,False,,
206,FNDA,FNDA,AMEX:FNDA,US,Schwab Fundamental U.S. Small Company ETF,9.145,Small Blend,Long,1164911.75,,https://www.tradingview.com/chart/?symbol=AMEX%3AFNDA,True,2026-09-16 09:30,-66.78816440278077,-65.22460909469463,35.869998931884766,31.610000610351562,33.24548068237305,0.6147183454453177,-23.698210324384885,70.88071734358323,False,False,False,False,,
207,VIGI,VIGI,AMEX:VIGI,US,Vanguard International Dividend Appreciation ETF,9.145,Foreign Large Growth,Long,236288.8,,https://www.tradingview.com/chart/?symbol=AMEX%3AVIGI,False,,-38.26529639428497,-30.186956667861924,96.44999694824219,85.4800033569336,88.89256314086914,0.7586441414846508,35.59471188626972,71.03510430022298,False,False,False,False,,
208,IOO,IOO,AMEX:IOO,US,iShares Global 100 ETF,9.128,Global Large-Stock Blend,Long,257884.7,,https://www.tradingview.com/chart/?symbol=AMEX%3AIOO,False,,-39.714090315875495,-39.714090315875495,141.89999389648438,117.01000213623047,123.89648220825195,0.8529812028767889,38.80442767490161,69.82316587290167,False,False,False,False,,
209,SSO,SSO,AMEX:SSO,US,ProShares Ultra S&P 500,9.115,Trading--Leveraged Equity,2X Long,2811804.4,,https://www.tradingview.com/chart/?symbol=AMEX%3ASSO,False,,-51.51005737755542,-51.51005737755542,67.79000091552734,49.064998626708984,54.59801945495605,0.7986777345208654,22.5384743247202,67.70623109278813,False,False,False,False,,
210,IJJ,IJJ,AMEX:IJJ,US,iShares S&P Mid-Cap 400 Value ETF,8.87,Mid-Cap Value,Long,118020.7,,https://www.tradingview.com/chart/?symbol=AMEX%3AIJJ,False,,-62.71253956193883,-62.71253956193883,141.92999267578125,128.19500732421875,133.72802545166016,0.5858387715905918,-13.91163384883805,70.40787190067806,False,False,False,False,,
211,JQUA,JQUA,AMEX:JQUA,US,JPMorgan U.S. Quality Factor ETF,8.799,Large Blend,Long,529272.05,,https://www.tradingview.com/chart/?symbol=AMEX%3AJQUA,False,,-52.50666667670868,-23.45075139129467,73.19000244140625,59.93000030517578,63.60215972900391,0.852185360974366,32.83854965087213,79.1605816122942,False,False,False,False,,
212,TCAF,TCAF,AMEX:TCAF,US,T. Rowe Price Capital Appreciation Equity ETF,8.775,Large Blend,Long,555420.85,,https://www.tradingview.com/chart/?symbol=AMEX%3ATCAF,True,2026-09-16 09:30,-58.35312155949936,-58.35312155949936,41.939998626708984,34.54499816894531,36.54391845703125,0.8730813922066691,41.414773611276864,,False,False,False,False,,
213,VPL,VPL,AMEX:VPL,US,Vanguard FTSE Pacific ETF,8.773,Focused Region,Long,410883.2,,https://www.tradingview.com/chart/?symbol=AMEX%3AVPL,False,,-21.676958769763086,-21.676958769763086,114.9000015258789,94.41000366210938,100.6545400390625,0.7743792659606614,40.658118097601054,77.75819030658143,False,False,False,False,,
214,VONE,VONE,AMEX:VONE,US,Vanguard Russell 1000 ETF,8.749,Large Blend,Long,75694.65,,https://www.tradingview.com/chart/?symbol=AMEX%3AVONE,False,,-50.57916149233851,-50.57916149233851,341.1300048828125,286.67999267578125,302.1875578613281,0.8286409070094269,29.772138891762353,69.20475084985983,False,False,False,False,,
215,IDV,IDV,AMEX:IDV,US,iShares International Select Dividend ETF,8.744,Foreign Large Value,Long,566816.45,,https://www.tradingview.com/chart/?symbol=AMEX%3AIDV,False,,-65.25867360308635,-65.25867360308635,43.94499969482422,40.790000915527344,41.86852084350586,0.6903717702366782,47.44208645225732,68.2277555701945,False,False,False,False,,
216,XLB,XLB,AMEX:XLB,US,State Street Materials Select Sector SPDR ETF,8.723,Natural Resources,Long,10776782.05,,https://www.tradingview.com/chart/?symbol=AMEX%3AXLB,False,,-74.3142629239574,-58.290247180388455,50.380001068115234,46.9900016784668,48.577101318359375,0.504089242948339,21.133885953863917,60.415412600147306,False,False,False,False,,
217,EWZ,EWZ,AMEX:EWZ,US,iShares MSCI Brazil ETF,8.618,Focused Region,Long,25141111.9,,https://www.tradingview.com/chart/?symbol=AMEX%3AEWZ,False,,-10.667734455069569,-10.667734455069569,37.47999954223633,33.51499938964844,35.474979461669925,0.4774232398422493,39.23191237720223,52.70649795769623,False,False,False,False,,
218,DFSV,DFSV,AMEX:DFSV,US,Dimensional US Small Cap Value ETF,8.608,Small Value,Long,837131.8,,https://www.tradingview.com/chart/?symbol=AMEX%3ADFSV,False,,-42.58867255381603,-42.58867255381603,39.16999816894531,33.779998779296875,35.45205946350097,0.7607617761567789,21.59317998017306,73.54707486623077,False,False,False,False,,
219,FELC,FELC,AMEX:FELC,US,Fidelity Enhanced Large Cap Core ETF,8.565,Large Blend,Long,632209.2,,https://www.tradingview.com/chart/?symbol=AMEX%3AFELC,False,,-42.78831754934595,-42.78831754934595,42.974998474121094,35.2400016784668,37.358101318359374,0.8618382296061362,42.36094718352743,,False,False,False,False,,
220,CORO,CORO,AMEX:CORO,US,iShares International Country Rotation Active ETF,8.507,Foreign Large Blend,Long,722265.1,,https://www.tradingview.com/chart/?symbol=AMEX%3ACORO,False,,-50.227691082804675,-50.227691082804675,36.31999969482422,31.1200008392334,32.636583793640135,0.8091873420794798,41.3645768488057,,False,False,False,False,,
221,VIU,VIU.TO,TSX:VIU,TSX,Vanguard FTSE Developed All Cap Ex North America Index ETF,8.37,Total Market,Long,161707.7,,https://www.tradingview.com/chart/?symbol=TSX%3AVIU,False,,-39.11167638387602,-38.3765382579855,49.880001068115234,42.58000183105469,44.77716125488281,0.7841032386009769,18.2774823846346,75.08305267218161,False,False,False,False,,
222,QYLD,QYLD,AMEX:QYLD,US,Global X NASDAQ 100 Covered Call ETF,8.346,Derivative Income,Long,4004806.6,,https://www.tradingview.com/chart/?symbol=AMEX%3AQYLD,False,,3.720965882642048,3.720965882642048,18.292400360107422,16.69499969482422,17.124519622802733,0.8776928204031842,55.27355126890259,72.20171232993134,False,False,False,False,,
223,VPU,VPU,AMEX:VPU,US,Vanguard Utilities ETF,8.326,Utilities,Long,244056.45,,https://www.tradingview.com/chart/?symbol=AMEX%3AVPU,True,2026-09-16 13:30,-65.66084164815972,-65.66084164815972,178.89999389648438,178.82000732421875,185.06102545166016,0.003024639677248674,-56.471369222668834,36.49321821752157,False,True,False,False,,"NEAR: 4h+band ok, weekly shallow"
224,URTH,URTH,AMEX:URTH,US,iShares MSCI World ETF,8.305,Global Large-Stock Blend,Long,367201.7,,https://www.tradingview.com/chart/?symbol=AMEX%3AURTH,False,,-54.316277135672244,-54.316277135672244,204.75999450683594,174.9499969482422,183.59231939697264,0.8140357485575614,35.16777429678603,69.71017299856842,False,False,False,False,,
225,IJS,IJS,AMEX:IJS,US,iShares S&P Small-Cap 600 Value ETF,8.304,Small Value,Long,158588.45,,https://www.tradingview.com/chart/?symbol=AMEX%3AIJS,True,2026-09-16 09:30,-64.69780767259459,-64.69780767259459,132.25,114.51000213623047,120.68730105590821,0.6777459776979715,-4.573800275908759,71.86061204993507,False,False,False,False,,
226,IJT,IJT,AMEX:IJT,US,iShares S&P Small-Cap 600 Growth ETF,8.254,Small Growth,Long,177090.85,,https://www.tradingview.com/chart/?symbol=AMEX%3AIJT,True,2026-09-16 09:30,-74.65541584705956,-72.86185991524162,163.19500732421875,139.92999267578125,149.13399267578126,0.5965388371394231,-27.040502180509304,76.98031638808139,False,False,False,False,,
227,FMDE,FMDE,AMEX:FMDE,US,Fidelity Enhanced Mid Cap Core ETF,8.219,Mid-Cap Blend,Long,750094.85,,https://www.tradingview.com/chart/?symbol=AMEX%3AFMDE,True,2026-09-16 09:30,-55.99470076896123,-55.99470076896123,40.84000015258789,34.97999954223633,36.8632794342041,0.7343359582085072,25.84411682563571,,False,False,False,False,,
228,XLRE,XLRE,AMEX:XLRE,US,State Street Real Estate Select Sector SPDR ETF,8.208,Real Estate,Long,5019824.25,,https://www.tradingview.com/chart/?symbol=AMEX%3AXLRE,True,2026-09-16 09:30,-63.883219027780605,-59.50593461356993,42.79999923706055,40.0099983215332,41.50033889770508,0.4418051998260281,-34.16578611388473,73.45742800009077,False,False,False,False,,
229,COPX,COPX,AMEX:COPX,US,Global X Copper Miners ETF,8.12,Natural Resources,Long,3040092.2,,https://www.tradingview.com/chart/?symbol=AMEX%3ACOPX,False,,-49.45821644070417,-49.45821644070417,84.19000244140625,69.05999755859375,75.52639791870118,0.5521899284758225,45.17921534272917,61.5723184493801,False,False,False,False,,
230,FVD,FVD,AMEX:FVD,US,First Trust Value Line Dividend Index Fund,8.051,Mid-Cap Value,Long,488302.35,,https://www.tradingview.com/chart/?symbol=AMEX%3AFVD,True,2026-09-16 09:30,-68.42470937015564,-57.93496488221812,48.72999954223633,46.36000061035156,47.46802053833008,0.5047921375793611,13.51388562938412,70.28343625956168,False,False,False,False,,
231,FDL,FDL,AMEX:FDL,US,First Trust Morningstar Dividend Leaders Index Fund,8.04,Large Value,Long,582114.8,,https://www.tradingview.com/chart/?symbol=AMEX%3AFDL,False,,-47.66500153385878,-33.08292570064701,51.650001525878906,48.650001525878906,49.785160949707034,0.6237009402718032,48.630816529945946,74.21120079514375,False,False,False,False,,
232,VIS,VIS,AMEX:VIS,US,Vanguard Industrials ETF,8.023,Industrials,Long,95321.0,,https://www.tradingview.com/chart/?symbol=AMEX%3AVIS,True,2026-09-16 09:30,-60.44036386596091,-59.84017030101657,323.94000244140625,301.8299865722656,315.6855517578125,0.37659696123837594,-38.78486312823668,65.18324983103142,False,False,False,False,,
233,DIVO,DIVO,AMEX:DIVO,US,Amplify CWP Enhanced Dividend Income ETF,7.948,Derivative Income,Long,763237.55,,https://www.tradingview.com/chart/?symbol=AMEX%3ADIVO,False,,-59.77895523728578,-59.77895523728578,47.060001373291016,44.02000045776367,45.15280027770996,0.6333336247338652,50.93984306708773,66.9493815248495,False,False,False,False,,
234,PPA,PPA,AMEX:PPA,US,Invesco Aerospace & Defense ETF,7.89,Industrials,Long,194455.65,,https://www.tradingview.com/chart/?symbol=AMEX%3APPA,True,2026-09-16 09:30,-59.3227924904761,-54.663235572922986,160.2100067138672,159.4949951171875,165.5236146850586,0.027990277859910626,-33.448651022839954,54.51491752082581,False,True,False,False,,
235,FTCS,FTCS,AMEX:FTCS,US,First Trust Capital Strength ETF,7.854,Large Blend,Long,309918.65,,https://www.tradingview.com/chart/?symbol=AMEX%3AFTCS,False,,-68.1220861949569,-36.78154501705426,96.81900024414062,91.45999908447266,94.01894763183594,0.4942359138032696,24.960051453981833,64.09616763373272,False,False,False,False,,
236,VDC,VDC,AMEX:VDC,US,Vanguard Consumer Staples ETF,7.832,Consumer Defensive,Long,140908.8,,https://www.tradingview.com/chart/?symbol=AMEX%3AVDC,False,,-59.52271552137324,-23.864148843478308,225.07000732421875,220.86000061035156,224.50501873779297,0.2725806977454127,-9.438709469632412,56.835207631509356,False,False,False,False,,
237,SPYD,SPYD,AMEX:SPYD,US,State Street SPDR Portfolio S&P 500 High Dividend ETF,7.601,Mid-Cap Value,Long,755859.35,,https://www.tradingview.com/chart/?symbol=AMEX%3ASPYD,False,,-73.5258719801951,-57.32805150398355,47.880001068115234,44.650001525878906,46.075440841674805,0.5347683928180079,11.994210345753794,78.21719162382816,False,False,False,False,,
238,HEFA,HEFA,AMEX:HEFA,US,iShares Currency Hedged MSCI EAFE ETF,7.596,Foreign Large Blend,Long,705220.0,,https://www.tradingview.com/chart/?symbol=AMEX%3AHEFA,False,,-51.170713629614475,-45.4476681763077,46.36000061035156,40.875,42.55272427368164,0.7715571410326993,18.664262372820687,74.40979145664659,False,False,False,False,,
239,FBCG,FBCG,AMEX:FBCG,US,Fidelity Blue Chip Growth ETF,7.435,Large Growth,Long,236270.95,,https://www.tradingview.com/chart/?symbol=AMEX%3AFBCG,False,,-47.92722393471795,-47.92722393471795,60.720001220703125,47.86000061035156,51.699719818115234,0.7904120014574163,6.634074785825497,62.155654760339594,False,False,False,False,,
240,XMMO,XMMO,AMEX:XMMO,US,Invesco S&P MidCap Momentum ETF,7.384,Mid-Cap Blend,Long,309466.1,,https://www.tradingview.com/chart/?symbol=AMEX%3AXMMO,True,2026-09-16 09:30,-62.7894557667694,-62.7894557667694,146.25,139.14999389648438,147.33683447265625,0.2046700952387655,-48.085916515880875,63.143077855828146,False,True,False,False,,"NEAR: 4h+band ok, weekly shallow"
241,GUNR,GUNR,AMEX:GUNR,US,Northern Trust Morningstar Global Upstream Natural Resources ETF,7.355,Natural Resources,Long,314991.5,,https://www.tradingview.com/chart/?symbol=AMEX%3AGUNR,False,,-35.496157259912586,-35.496157259912586,55.290000915527344,48.869998931884766,50.93735943603516,0.7328767600512458,60.16996796854726,64.90955496231169,False,False,False,False,,
242,DXJ,DXJ,AMEX:DXJ,US,WisdomTree Japan Hedged Equity Fund,7.278,Japan Stock,Long,263773.65,,https://www.tradingview.com/chart/?symbol=AMEX%3ADXJ,False,,-33.23786650021931,4.542499231190814,178.08999633789062,151.58999633789062,158.98741662597655,0.8454298602003869,24.35300737909631,75.15008565503749,False,False,False,False,,
243,SPLV,SPLV,AMEX:SPLV,US,Invesco S&P 500 Low Volatility ETF,7.185,Large Value,Long,1887236.45,,https://www.tradingview.com/chart/?symbol=AMEX%3ASPLV,False,,-65.53143987440434,-65.53143987440434,72.94000244140625,71.31500244140625,72.92098251342773,0.23879499296481285,-37.08888611959431,60.76895507554131,False,False,False,False,,
244,SPXL,SPXL,AMEX:SPXL,US,Direxion Daily S&P 500 Bull 3X ETF,7.175,Trading--Leveraged Equity,3X Long,1337932.15,,https://www.tradingview.com/chart/?symbol=AMEX%3ASPXL,False,,-52.66034847016612,-52.66034847016612,271.57000732421875,170.32000732421875,201.25960876464845,0.7723111768587846,19.175521349903224,67.55942485644412,False,False,False,False,,
245,DFLV,DFLV,AMEX:DFLV,US,Dimensional US Large Cap Value ETF,7.163,Large Value,Long,553223.9,,https://www.tradingview.com/chart/?symbol=AMEX%3ADFLV,False,,-51.478039805588935,-51.478039805588935,41.040000915527344,35.064998626708984,36.75593884277344,0.8339150768103705,46.311055675186594,81.20879657485376,False,False,False,False,,
246,ESGE,ESGE,AMEX:ESGE,US,iShares ESG Aware MSCI EM ETF,7.053,Diversified Emerging Mkts,Long,635286.55,,https://www.tradingview.com/chart/?symbol=AMEX%3AESGE,False,,-35.07899399018927,-35.07899399018927,53.334999084472656,43.75,46.85811956787109,0.7277904644720423,40.99241301800854,74.52831734173006,False,False,False,False,,
247,JAVA,JAVA,AMEX:JAVA,US,JPMorgan Active Value ETF,7.051,Large Value,Long,345117.55,,https://www.tradingview.com/chart/?symbol=AMEX%3AJAVA,False,,-53.56656336502811,-53.56656336502811,80.77999877929688,70.26000213623047,73.47432098388671,0.7723935693479722,30.348098879675394,76.21275980289701,False,False,False,False,,
248,BBAX,BBAX,AMEX:BBAX,US,JPMorgan BetaBuilders Developed Asia Pacific ex-Japan ETF,6.953,Pacific/Asia ex-Japan Stk,Long,50108.15,,https://www.tradingview.com/chart/?symbol=AMEX%3ABBAX,False,,-59.60151715518756,-59.60151715518756,62.52000045776367,58.05500030517578,59.88046044921875,0.5772462573063653,38.83371427707131,67.85162659148351,False,False,False,False,,
249,VSGX,VSGX,AMEX:VSGX,US,Vanguard ESG International Stock ETF,6.95,Foreign Large Blend,Long,141581.25,,https://www.tradingview.com/chart/?symbol=AMEX%3AVSGX,True,2026-09-16 09:30,-54.41389814344907,-54.41389814344907,81.33999633789062,69.20500183105469,72.7910217590332,0.7986176209644419,37.010119668666135,73.1986606299691,False,False,False,False,,
250,SHLD,SHLD,AMEX:SHLD,US,Global X Defense Tech ETF,6.934,Industrials,Long,723747.8,,https://www.tradingview.com/chart/?symbol=AMEX%3ASHLD,False,,-57.11028931772506,-12.242137866356456,62.665000915527344,58.22999954223633,62.896899002075195,0.22427316746455417,-11.58165328739725,,False,True,False,False,,
251,EWC,EWC,AMEX:EWC,US,iShares MSCI Canada ETF,6.931,Focused Region,Long,1807889.2,,https://www.tradingview.com/chart/?symbol=AMEX%3AEWC,False,,-52.061132971945376,-52.061132971945376,59.849998474121094,53.220001220703125,55.44312078857422,0.703821501290194,43.856092806066734,69.59728420121614,False,False,False,False,,
252,FNGU,FNGU,AMEX:FNGU,US,MicroSectors FANG+ 3 Leveraged ETNs,6.867,Trading--Leveraged Equity,3X Long,3590625.1,,https://www.tradingview.com/chart/?symbol=AMEX%3AFNGU,False,,-29.695329057373062,-29.695329057373062,31.389999389648438,13.729999542236328,19.091919830322265,0.7772886839160821,36.761578022497275,,False,False,False,False,,
253,BLCR,BLCR,AMEX:BLCR,US,iShares Large Cap Core Active ETF,6.844,Large Blend,Long,388658.6,,https://www.tradingview.com/chart/?symbol=AMEX%3ABLCR,True,2026-09-16 09:30,-55.62706336995683,-55.62706336995683,48.369998931884766,39.68000030517578,42.31848037719727,0.7772807146244843,-9.765436264048937,,False,False,False,False,,
254,KBWB,KBWB,AMEX:KBWB,US,Invesco KBW Bank ETF,6.838,Financial,Long,1208117.9,,https://www.tradingview.com/chart/?symbol=AMEX%3AKBWB,False,,-58.11901994118602,-58.11901994118602,91.9800033569336,75.83000183105469,81.52468118286133,0.6692914780001182,7.77138398414833,70.78119306820828,False,False,False,False,,
255,THRO,THRO,AMEX:THRO,US,iShares U.S. Thematic Rotation Active ETF,6.821,Large Blend,Long,513976.35,,https://www.tradingview.com/chart/?symbol=AMEX%3ATHRO,False,,-41.29711459550557,-41.29711459550557,43.27000045776367,35.11000061035156,37.31896075439453,0.8717947986443154,31.787332248386154,67.73974213119006,False,False,False,False,,
256,BBIN,BBIN,AMEX:BBIN,US,JPMorgan BetaBuilders International Equity ETF,6.817,Foreign Large Blend,Long,209864.7,,https://www.tradingview.com/chart/?symbol=AMEX%3ABBIN,True,2026-09-16 09:30,-55.709713663764525,-55.709713663764525,78.9800033569336,70.68000030517578,73.27836080932617,0.7538602580688973,39.687478807504014,69.32934477638936,False,False,False,False,,
257,CGXU,CGXU,AMEX:CGXU,US,Capital Group International Focus Equity ETF,6.797,Foreign Large Growth,Long,987328.55,,https://www.tradingview.com/chart/?symbol=AMEX%3ACGXU,False,,-39.02177225760411,-39.02177225760411,34.2599983215332,28.280000686645508,30.147940452575682,0.7555272753298461,38.60569771534288,72.9140301603503,False,False,False,False,,
258,VOOV,VOOV,AMEX:VOOV,US,Vanguard S&P 500 Value ETF,6.797,Large Value,Long,62696.45,,https://www.tradingview.com/chart/?symbol=AMEX%3AVOOV,False,,-43.98483318040774,-43.98483318040774,224.22999572753906,200.4250030517578,207.5179813232422,0.7920478614843802,39.37347882521908,71.9803286332767,False,False,False,False,,
259,INDA,INDA,AMEX:INDA,US,iShares MSCI India ETF,6.663,India Equity,Long,3914945.05,,https://www.tradingview.com/chart/?symbol=AMEX%3AINDA,False,,-66.53068931398697,-66.53068931398697,47.46500015258789,45.400001525878906,46.80302145385742,0.3473505017177368,-8.480371361503872,-44.83866615734963,False,False,False,False,,
260,VDY,VDY.TO,TSX:VDY,TSX,Vanguard FTSE Canadian High Dividend Yield Index ETF,6.658,High Dividend Yield,Long,202540.4,,https://www.tradingview.com/chart/?symbol=TSX%3AVDY,False,,-21.918551387349236,5.321261217841664,76.8499984741211,65.30000305175781,68.53556283569336,0.8424504882311991,6.316010719293506,81.71774908953086,False,False,False,False,,
261,URA,URA,AMEX:URA,US,Global X Uranium ETF,6.635,Natural Resources,Long,3250506.7,,https://www.tradingview.com/chart/?symbol=AMEX%3AURA,False,,-54.642358964400124,-54.642358964400124,41.35499954223633,37.51499938964844,42.400199569702146,0.18550724691097067,14.32904565250462,21.342122197267148,False,True,False,False,,
262,JGLO,JGLO,AMEX:JGLO,US,JPMorgan Global Select Equity ETF Global Select Equity ETF,6.626,Global Large-Stock Blend,Long,167736.75,,https://www.tradingview.com/chart/?symbol=AMEX%3AJGLO,True,2026-09-16 09:30,-63.18873685520119,-63.18873685520119,71.43000030517578,63.349998474121094,66.01443869018554,0.7156776949364206,27.260095734770346,,False,False,False,False,,
263,ARKK,ARKK,AMEX:ARKK,US,ARK Innovation ETF,6.6,Mid-Cap Growth,Long,4728227.5,,https://www.tradingview.com/chart/?symbol=AMEX%3AARKK,False,,-32.168040306682144,-32.168040306682144,83.12999725341797,63.53499984741211,69.18837937927246,0.8179920279110697,43.589247472430664,38.577575488566005,False,False,False,False,,
264,DIHP,DIHP,AMEX:DIHP,US,Dimensional International High Profitability ETF,6.575,Foreign Large Blend,Long,335570.5,,https://www.tradingview.com/chart/?symbol=AMEX%3ADIHP,True,2026-09-16 09:30,-60.62013686552897,-58.441330980292236,34.220001220703125,31.315000534057617,32.389980155944826,0.637761077595827,29.02082830340835,68.36388053659671,False,False,False,False,,
265,FESM,FESM,AMEX:FESM,US,Fidelity Enhanced Small Cap Core ETF,6.505,Small Blend,Long,820220.4,,https://www.tradingview.com/chart/?symbol=AMEX%3AFESM,True,2026-09-16 09:30,-64.99251818929788,-64.20504590835388,45.83000183105469,36.779998779296875,39.63559931945801,0.747933995030806,-13.252904716413582,,False,False,False,False,,
266,DLN,DLN,AMEX:DLN,US,WisdomTree U.S. LargeCap Dividend Fund,6.364,Large Value,Long,99066.75,,https://www.tradingview.com/chart/?symbol=AMEX%3ADLN,False,,-58.68197288869525,-58.68197288869525,98.3499984741211,87.66000366210938,90.94512322998047,0.7679594984330143,38.58767008444902,72.86573003558198,False,False,False,False,,
267,MCHI,MCHI,AMEX:MCHI,US,iShares MSCI China ETF,6.321,Greater China Region,Long,1795401.75,,https://www.tradingview.com/chart/?symbol=AMEX%3AMCHI,False,,-67.90340554171561,-59.43262441740876,52.314998626708984,50.439998626708984,52.64423866271973,0.2007494613884436,-13.787674211077055,-9.399271379158181,False,True,False,False,,
268,GSIE,GSIE,AMEX:GSIE,US,Goldman Sachs ActiveBeta International Equity ETF,6.133,Foreign Large Blend,Long,399971.2,,https://www.tradingview.com/chart/?symbol=AMEX%3AGSIE,False,,-52.7054341719269,-52.7054341719269,46.845001220703125,41.72999954223633,43.32181929016113,0.7583398796829022,42.71399400567858,69.70863947442116,False,False,False,False,,
269,RECS,RECS,AMEX:RECS,US,Columbia Research Enhanced Core ETF,6.094,Large Blend,Long,448800.55,,https://www.tradingview.com/chart/?symbol=AMEX%3ARECS,False,,-27.7470829402199,-27.7470829402199,44.79999923706055,37.95989990234375,39.824323669433596,0.8658243214271228,46.848705798511254,66.43590318043864,False,False,False,False,,
270,JHMM,JHMM,AMEX:JHMM,US,John Hancock Multifactor Mid Cap ETF,6.049,Mid-Cap Blend,Long,183257.05,,https://www.tradingview.com/chart/?symbol=AMEX%3AJHMM,True,2026-09-16 09:30,-62.34810782456983,-62.34810782456983,72.46499633789062,65.3499984741211,68.18199847412109,0.5929164886474609,-1.4855201387283732,70.53013387527317,False,False,False,False,,
271,DFIS,DFIS,AMEX:DFIS,US,Dimensional International Small Cap ETF,6.046,Foreign Small/Mid Blend,Long,352333.0,,https://www.tradingview.com/chart/?symbol=AMEX%3ADFIS,True,2026-09-16 09:30,-57.59273700530937,-52.57589625137657,36.70000076293945,32.42499923706055,33.710019165039064,0.7851242911808678,51.564478577916155,67.13340780232454,False,False,False,False,,
272,TECL,TECL,AMEX:TECL,US,Direxion Daily Technology Bull 3X ETF,5.929,Trading--Leveraged Equity,3X Long,479145.05,,https://www.tradingview.com/chart/?symbol=AMEX%3ATECL,False,,-27.0357295764355,-27.0357295764355,193.9600067138672,76.7300033569336,123.13704141235351,0.5961656238262152,2.748253420632272,67.86569640749173,False,False,False,False,,
273,LVHI,LVHI,AMEX:LVHI,US,Franklin International Low Volatility High Dividend Index ETF,5.92,Foreign Large Value,Long,882171.6,,https://www.tradingview.com/chart/?symbol=AMEX%3ALVHI,False,,-56.944969329553025,-14.606232887001207,42.400001525878906,38.83000183105469,39.86368118286133,0.8150689345839974,44.098271552141654,73.99597275849376,False,False,False,False,,
274,SCHK,SCHK,AMEX:SCHK,US,Schwab 1000 Index ETF,5.885,Large Blend,Long,1642150.85,,https://www.tradingview.com/chart/?symbol=AMEX%3ASCHK,False,,-50.795349640017655,-50.795349640017655,36.31999969482422,30.43000030517578,32.112680557250975,0.8260867471658623,29.357964171002962,69.04766843044062,False,False,False,False,,
275,FEQT,FEQT.NE,NEO:FEQT,NEO,Fidelity All-in-One Equity ETF,5.856,Total Market,Long,362368.1,,https://www.tradingview.com/chart/?symbol=NEO%3AFEQT,False,,-42.149101217563135,-42.149101217563135,18.940000534057617,16.329999923706055,17.05451985168457,0.8501631497722365,29.6717047359102,70.98503832794358,False,False,False,False,,
276,RSPT,RSPT,AMEX:RSPT,US,Invesco S&P 500 Equal Weight Technology ETF,5.854,Technology,Long,413167.75,,https://www.tradingview.com/chart/?symbol=AMEX%3ARSPT,False,,-11.551551878897172,-11.551551878897172,63.525001525878906,43.529998779296875,49.18219985961914,0.8348642557359816,24.832527838425808,83.58045452140172,False,False,False,False,,
277,BKLC,BKLC,AMEX:BKLC,US,BNY Mellon US Large Cap Core Equity ETF,5.825,Large Blend,Long,398203.8,,https://www.tradingview.com/chart/?symbol=AMEX%3ABKLC,False,,-49.0861080611997,-49.0861080611997,48.209999084472656,40.4033317565918,42.60442535400391,0.8370264179342558,31.306160778625152,67.32201936280326,False,False,False,False,,
278,SCHC,SCHC,AMEX:SCHC,US,Schwab International Small-Cap Equity ETF,5.773,Foreign Small/Mid Blend,Long,283419.6,,https://www.tradingview.com/chart/?symbol=AMEX%3ASCHC,True,2026-09-16 09:30,-58.58538857536223,-56.0567588000278,49.970001220703125,45.13999938964844,46.73535989379883,0.7144970864976689,37.68029690657399,60.79367734168724,False,False,False,False,,
279,VOX,VOX,AMEX:VOX,US,Vanguard Communication Services ETF,5.755,Communications,Long,225151.9,,https://www.tradingview.com/chart/?symbol=AMEX%3AVOX,False,,52.82155499861418,67.67817802660552,192.5,172.86000061035156,179.11635931396484,0.7408526389767457,32.528782043550926,36.811322024453375,False,False,False,False,,
280,CGDG,CGDG,AMEX:CGDG,US,Capital Group Dividend Growers ETF,5.706,Global Large-Stock Blend,Long,559157.75,,https://www.tradingview.com/chart/?symbol=AMEX%3ACGDG,True,2026-09-16 09:30,-69.15285071584744,-69.15285071584744,37.724998474121094,35.0,35.95933967590332,0.6703565546656156,24.519502991155758,,False,False,False,False,,
281,GPIQ,GPIQ,AMEX:GPIQ,US,Goldman Sachs Nasdaq-100 Premium Income ETF,5.704,Derivative Income,Long,1370799.7,,https://www.tradingview.com/chart/?symbol=AMEX%3AGPIQ,False,,-45.08783322541928,-45.08783322541928,55.70000076293945,47.95000076293945,50.68642015075684,0.6683916976113969,8.714196678797931,,False,False,False,False,,
282,GPIX,GPIX,AMEX:GPIX,US,Goldman Sachs S&P 500 Premium Income ETF,5.688,Derivative Income,Long,1102839.65,,https://www.tradingview.com/chart/?symbol=AMEX%3AGPIX,False,,-49.4417163667591,-49.4417163667591,55.04999923706055,48.66999816894531,50.555638565063475,0.7984980885935802,39.1730173285855,,False,False,False,False,,
283,FELG,FELG,AMEX:FELG,US,Fidelity Enhanced Large Cap Growth ETF,5.687,Large Growth,Long,388217.85,,https://www.tradingview.com/chart/?symbol=AMEX%3AFELG,False,,-41.67569005198732,-41.67569005198732,43.5,36.119998931884766,38.328959075927735,0.7884616011620154,16.63638194614703,,False,False,False,False,,
284,XAR,XAR,AMEX:XAR,US,State Street SPDR S&P Aerospace & Defense ETF,5.687,Industrials,Long,212934.25,,https://www.tradingview.com/chart/?symbol=AMEX%3AXAR,True,2026-09-16 09:30,-64.25342007438344,-60.74306431296312,242.1999969482422,241.375,254.43170288085938,0.014911825869192284,-38.04841993449461,54.46601703496558,False,True,False,False,,
285,XMHQ,XMHQ,AMEX:XMHQ,US,Invesco S&P MidCap Quality ETF,5.606,Mid-Cap Blend,Long,151243.3,,https://www.tradingview.com/chart/?symbol=AMEX%3AXMHQ,False,,-63.9682979529432,-45.41315360926223,114.02999877929688,100.26000213623047,104.89740249633789,0.7007631335260418,27.167281939648987,70.82859556447202,False,False,False,False,,
286,UPRO,UPRO,AMEX:UPRO,US,ProShares UltraPro S&P500,5.569,Trading--Leveraged Equity,3X Long,1720095.9,,https://www.tradingview.com/chart/?symbol=AMEX%3AUPRO,False,,-52.52590208142745,-52.52590208142745,142.1199951171875,89.33999633789062,105.46351806640625,0.7725408829191811,18.750962635738244,67.30923443356032,False,False,False,False,,
287,QTUM,QTUM,AMEX:QTUM,US,Defiance Quantum ETF,5.548,Technology,Long,314410.2,,https://www.tradingview.com/chart/?symbol=AMEX%3AQTUM,False,,-48.11086993919499,-47.02464161134139,143.27000427246094,102.16000366210938,117.88114135742188,0.6171283740448223,-20.418414429545937,77.7116102312552,False,False,False,False,,
288,DSI,DSI,AMEX:DSI,US,iShares ESG MSCI KLD 400 ETF,5.522,Large Blend,Long,105283.95,,https://www.tradingview.com/chart/?symbol=AMEX%3ADSI,True,2026-09-16 09:30,-55.746725457157076,-55.746725457157076,143.42999267578125,117.54000091552734,124.91264041137696,0.8287449913778555,31.707737207346113,68.0727033071169,False,False,False,False,,
289,EFAV,EFAV,AMEX:EFAV,US,iShares MSCI EAFE Min Vol Factor ETF,5.47,Foreign Large Blend,Long,334039.95,,https://www.tradingview.com/chart/?symbol=AMEX%3AEFAV,False,,-19.95945445618018,-9.272281483342988,93.36000061035156,86.88999938964844,88.86767874145508,0.77207677103524,48.937228037770005,63.52167456644812,False,False,False,False,,
290,DISV,DISV,AMEX:DISV,US,Dimensional International Small Cap Value ETF,5.405,Foreign Small/Mid Value,Long,279168.35,,https://www.tradingview.com/chart/?symbol=AMEX%3ADISV,False,,-49.30964860097614,-43.89851247061597,43.96500015258789,37.650001525878906,39.38578141784668,0.8585994588367948,60.439370738426476,69.44558869350801,False,False,False,False,,
291,SIL,SIL,AMEX:SIL,US,Global X Silver Miners ETF,5.311,Equity Precious Metals,Long,1320416.9,,https://www.tradingview.com/chart/?symbol=AMEX%3ASIL,True,2026-09-16 09:30,-61.58535916632806,-61.58535916632806,90.83999633789062,71.37999725341797,79.78395739746094,0.5464756739941133,43.92033376071649,48.053448863033225,False,False,False,False,,
292,FDN,FDN,AMEX:FDN,US,First Trust Dow Jones Internet Index Fund,5.264,Technology,Long,159714.05,,https://www.tradingview.com/chart/?symbol=AMEX%3AFDN,False,,-14.84383344925748,14.369724193361881,288.70001220703125,226.0800018310547,242.41356341552734,0.9047826080246539,46.107869950479206,37.338546523742515,False,False,False,False,,
293,GNR,GNR,AMEX:GNR,US,State Street SPDR S&P Global Natural Resources ETF,5.252,Natural Resources,Long,305858.65,,https://www.tradingview.com/chart/?symbol=AMEX%3AGNR,False,,-27.980876614517868,-27.980876614517868,77.0999984741211,66.75499725341797,69.86429797363282,0.7851991517620857,59.32968196111665,69.10407713293591,False,False,False,False,,
294,AKRE,AKRE,AMEX:AKRE,US,Akre Focus ETF,5.2,Large Growth,Long,390993.2,,https://www.tradingview.com/chart/?symbol=AMEX%3AAKRE,False,,-59.07592538826765,-42.40765040688924,56.18000030517578,51.31999969482422,53.840479766845704,0.45505622392129436,37.89715445231971,,False,False,False,False,,
295,QLTY,QLTY,AMEX:QLTY,US,GMO US Quality ETF,5.136,Large Blend,Long,390882.8,,https://www.tradingview.com/chart/?symbol=AMEX%3AQLTY,False,,-38.97881557765996,-27.437087649969556,42.28499984741211,35.290000915527344,37.2157608795166,0.8572302772901624,38.5350229186342,,False,False,False,False,,
296,SLYV,SLYV,AMEX:SLYV,US,State Street SPDR S&P 600 Small Cap Value ETF,5.032,Small Value,Long,157131.4,,https://www.tradingview.com/chart/?symbol=AMEX%3ASLYV,False,,-59.55920481713954,-57.39394185554678,105.97000122070312,91.83999633789062,96.64967749023438,0.6933268644468803,-4.552971905926095,71.83061879694436,False,False,False,False,,
297,KWEB,KWEB,AMEX:KWEB,US,KraneShares CSI China Internet ETF,5.028,Greater China Region,Long,16810167.8,,https://www.tradingview.com/chart/?symbol=AMEX%3AKWEB,False,,-65.26482582066014,-56.72874555272179,24.239999771118164,23.645000457763672,25.490520385742187,0.07608687168470112,-38.301518167643714,-35.16803612913578,False,True,False,False,,
298,SLYG,SLYG,AMEX:SLYG,US,State Street SPDR S&P 600 Small Cap Growth ETF,5.02,Small Growth,Long,107225.45,,https://www.tradingview.com/chart/?symbol=AMEX%3ASLYG,True,2026-09-16 09:30,-73.37611454794971,-70.97192401228146,109.17500305175781,93.37999725341797,99.54549725341796,0.6045935233814295,-26.716102190554256,77.0379968836489,False,False,False,False,,
299,AIA,AIA,AMEX:AIA,US,iShares Asia 50 ETF,5.007,Pacific/Asia ex-Japan Stk,Long,478582.25,,https://www.tradingview.com/chart/?symbol=AMEX%3AAIA,False,,-31.08930651276174,-31.08930651276174,137.10499572753906,101.98999786376953,113.43599966430664,0.7240204606171503,37.95262806856101,81.01895946784781,False,False,False,False,,
300,REET,REET,AMEX:REET,US,iShares Global REIT ETF,4.933,Global Real Estate,Long,3139593.25,,https://www.tradingview.com/chart/?symbol=AMEX%3AREET,True,2026-09-16 09:30,-76.5411572646558,-76.2971359915182,26.354999542236328,24.709999084472656,25.72692308807373,0.38175921372441135,-41.26609807228882,74.05868904230464,False,False,False,False,,
301,XME,XME,AMEX:XME,US,State Street SPDR S&P Metals & Mining ETF,4.871,Natural Resources,Long,1860237.4,,https://www.tradingview.com/chart/?symbol=AMEX%3AXME,True,2026-09-16 09:30,-65.23435917222719,-64.38332506505803,108.7699966430664,97.22000122070312,105.62160266113281,0.3244380180379429,25.4895001370144,48.98400661904298,False,False,False,False,,
302,TTP,TTP.TO,TSX:TTP,TSX,TD Canadian Equity Index ETF,4.816,Total Market,Long,70540.6,,https://www.tradingview.com/chart/?symbol=TSX%3ATTP,False,,-50.656369620114596,-46.078634354124596,40.959999084472656,36.02000045776367,37.56108016967774,0.7565083537796472,37.61488978935965,70.9919305691751,False,False,False,False,,
303,OMFL,OMFL,AMEX:OMFL,US,Invesco Russell 1000 Dynamic Multifactor ETF,4.789,Large Blend,Long,108793.55,,https://www.tradingview.com/chart/?symbol=AMEX%3AOMFL,False,,-47.018120869772424,-41.67101502777866,69.13999938964844,58.61000061035156,61.63316003417969,0.8220141128936197,24.73282181583251,77.07501311799312,False,False,False,False,,
304,HELO,HELO,AMEX:HELO,US,JPMorgan Hedged Equity Laddered Overlay ETF,4.785,Equity Hedged,Long,288807.85,,https://www.tradingview.com/chart/?symbol=AMEX%3AHELO,False,,-57.37897391783084,-57.37897391783084,68.5199966430664,63.29999923706055,64.91896028137207,0.7609320756332755,38.732963156127106,,False,False,False,False,,
305,EAGL,EAGL,AMEX:EAGL,US,Eagle Capital Select Equity ETF,4.725,Large Blend,Long,206743.3,,https://www.tradingview.com/chart/?symbol=AMEX%3AEAGL,False,,-53.553066783521636,-50.14265096212046,34.369998931884766,29.315000534057617,30.956380516052246,0.7268150184441026,52.46958767611653,,False,False,False,False,,
306,IVLU,IVLU,AMEX:IVLU,US,iShares MSCI Intl Value Factor ETF,4.675,Foreign Large Value,Long,685618.8,,https://www.tradingview.com/chart/?symbol=AMEX%3AIVLU,False,,-34.186877915389175,-34.186877915389175,43.88999938964844,37.939998626708984,39.62031927490234,0.835673942091632,57.848097662808165,71.99200549819582,False,False,False,False,,
307,QTEC,QTEC,AMEX:QTEC,US,First Trust NASDAQ-100 Technology Sector Index Fund,4.669,Technology,Long,119722.85,,https://www.tradingview.com/chart/?symbol=AMEX%3AQTEC,True,2026-09-16 09:30,-57.045955870164796,-57.045955870164796,303.6400146484375,207.05499267578125,237.39161584472657,0.7513712076194582,-10.855483373617787,78.05168139848675,False,False,False,False,,
308,TPU,TPU.TO,TSX:TPU,TSX,TD U.S. Equity Index ETF,4.564,US Equity,Long,51337.7,,https://www.tradingview.com/chart/?symbol=TSX%3ATPU,False,,-23.37133706123222,-15.676198970992493,60.31999969482422,50.22999954223633,53.02660008239746,0.8514766416635039,7.092033244166198,71.48658893014907,False,False,False,False,,
309,USRT,USRT,AMEX:USRT,US,iShares Core U.S. REIT ETF,4.563,Real Estate,Long,478535.55,,https://www.tradingview.com/chart/?symbol=AMEX%3AUSRT,True,2026-09-16 09:30,-72.66958622042138,-72.66958622042138,63.14500045776367,58.16999816894531,60.93945831298828,0.42394563528440377,-42.48417905847156,81.37471327809767,False,False,False,False,,
310,TSPA,TSPA,AMEX:TSPA,US,T. Rowe Price U.S. Equity Research ETF,4.541,Large Blend,Long,331346.05,,https://www.tradingview.com/chart/?symbol=AMEX%3ATSPA,False,,-48.88665089962527,-48.88665089962527,47.54999923706055,39.70000076293945,41.89952069091797,0.8422745419702666,27.657608850920553,69.15805576693396,False,False,False,False,,
311,GRNY,GRNY,AMEX:GRNY,US,Fundstrat Granny Shots US Large Cap ETF,4.539,Large Growth,Long,1213087.2,,https://www.tradingview.com/chart/?symbol=AMEX%3AGRNY,False,,-52.259799596780006,-52.259799596780006,27.174999237060547,23.184999465942383,24.402759429931642,0.7732557924627198,24.023824775210638,,False,False,False,False,,
312,XDIV,XDIV.TO,TSX:XDIV,TSX,iShares Core MSCI Canadian Quality Dividend Index ETF,4.521,High Dividend Yield,Long,158284.45,,https://www.tradingview.com/chart/?symbol=TSX%3AXDIV,False,,-12.531507198771772,28.38477636345674,46.189998626708984,38.040000915527344,40.10028080749512,0.9335622151812724,37.93096153336205,82.79122340531825,False,False,False,False,,
313,FEZ,FEZ,AMEX:FEZ,US,State Street SPDR EURO STOXX 50 ETF,4.489,Europe Stock,Long,703533.55,,https://www.tradingview.com/chart/?symbol=AMEX%3AFEZ,True,2026-09-16 09:30,-71.65503006742088,-70.40238113302462,68.27999877929688,59.79999923706055,62.705159561157224,0.6888707226820758,24.35899979356519,67.46786181125884,False,False,False,False,,
314,JTEK,JTEK,AMEX:JTEK,US,JPMorgan U.S. Tech Leaders ETF,4.474,Technology,Long,243777.65,,https://www.tradingview.com/chart/?symbol=AMEX%3AJTEK,False,,-14.004339161798612,-14.004339161798612,99.4800033569336,75.83999633789062,84.24867749023437,0.6634859326232266,-12.51804298393578,,False,False,False,False,,
315,TDIV,TDIV,AMEX:TDIV,US,First Trust NASDAQ Technology Dividend Index Fund,4.437,Technology,Long,134281.75,,https://www.tradingview.com/chart/?symbol=AMEX%3ATDIV,False,,-26.7339952765898,-26.7339952765898,113.30000305175781,90.77999877929688,99.65831762695312,0.5986179477777814,21.537367494041032,69.07787105374958,False,False,False,False,,
316,IDMO,IDMO,AMEX:IDMO,US,Invesco S&P International Developed Momentum ETF,4.404,Foreign Large Blend,Long,301666.0,,https://www.tradingview.com/chart/?symbol=AMEX%3AIDMO,False,,-48.99290756968899,-48.99290756968899,61.45500183105469,52.94499969482422,55.473739730834964,0.7942139071435412,48.5396131632425,67.0337835860923,False,False,False,False,,
317,IYR,IYR,AMEX:IYR,US,iShares U.S. Real Estate ETF,4.403,Real Estate,Long,4573164.2,,https://www.tradingview.com/chart/?symbol=AMEX%3AIYR,True,2026-09-16 09:30,-70.64273920056742,-70.52796827685626,98.66000366210938,92.61000061035156,96.21136111450195,0.3964614813122357,-34.904498104025826,74.38628068636153,False,False,False,False,,
318,IYF,IYF,AMEX:IYF,US,iShares U.S. Financials ETF,4.374,Financial,Long,353526.3,,https://www.tradingview.com/chart/?symbol=AMEX%3AIYF,False,,-64.14105033011441,-64.14105033011441,131.67999267578125,113.94999694824219,119.84055853271484,0.7103361762194037,30.48259264189699,58.384705397320374,False,False,False,False,,
319,MAGS,MAGS,AMEX:MAGS,US,Roundhill Magnificent Seven ETF,4.361,Technology,Long,2665850.8,,https://www.tradingview.com/chart/?symbol=AMEX%3AMAGS,False,,36.12561512229227,36.12561512229227,69.51000213623047,55.36000061035156,59.02047814941406,0.912285439391793,44.64679291789138,50.61099927259027,False,False,False,False,,
320,IMTM,IMTM,AMEX:IMTM,US,iShares MSCI Intl Momentum Factor ETF,4.352,Foreign Large Blend,Long,280510.6,,https://www.tradingview.com/chart/?symbol=AMEX%3AIMTM,False,,-45.77404081912749,-45.77404081912749,52.65999984741211,46.275001525878906,48.25622073364258,0.7605718731057146,30.361787177421856,66.36874476172824,False,False,False,False,,
321,IDEF,IDEF,AMEX:IDEF,US,iShares Defense Industrials and Tech Active ETF,4.33,Industrials,Long,416427.9,,https://www.tradingview.com/chart/?symbol=AMEX%3AIDEF,False,,-55.86257214911941,-41.99988850548183,31.6200008392334,30.90999984741211,32.14425633239746,0.13575803417537877,-16.244722301625995,,False,True,False,False,,
322,EUFN,EUFN,AMEX:EUFN,US,iShares MSCI Europe Financials ETF,4.318,Europe Stock,Long,1451570.6,,https://www.tradingview.com/chart/?symbol=AMEX%3AEUFN,False,,-53.75360268353247,-53.75360268353247,41.27000045776367,33.11000061035156,35.45348068237305,0.8217522252400032,44.48656578212166,71.39324165859112,False,False,False,False,,
323,IXJ,IXJ,AMEX:IXJ,US,iShares Global Healthcare ETF,4.31,Health,Long,193496.85,,https://www.tradingview.com/chart/?symbol=AMEX%3AIXJ,False,,-57.29808556328148,-19.292338972868247,102.05000305175781,90.69619750976562,94.65481518554688,0.6768772150701181,40.93306600772518,54.80173222864667,False,False,False,False,,
324,FXI,FXI,AMEX:FXI,US,iShares China Large-Cap ETF,4.277,Greater China Region,Long,15487882.6,,https://www.tradingview.com/chart/?symbol=AMEX%3AFXI,False,,-48.86315726645258,-48.86315726645258,33.91999816894531,31.565000534057617,33.143840660095215,0.35201755558894443,-0.4629695571799625,-9.409719155321897,False,False,False,False,,
325,VIOO,VIOO,AMEX:VIOO,US,Vanguard S&P Small-Cap 600 ETF,4.266,Small Blend,Long,78765.6,,https://www.tradingview.com/chart/?symbol=AMEX%3AVIOO,True,2026-09-16 09:30,-67.19478323460667,-65.77228394719653,129.7100067138672,111.19999694824219,117.86935925292968,0.6549895035117881,-18.70652529314421,74.57372404096311,False,False,False,False,,
326,DEM,DEM,AMEX:DEM,US,WisdomTree Emerging Markets High Dividend Fund,4.257,Diversified Emerging Mkts,Long,186576.65,,https://www.tradingview.com/chart/?symbol=AMEX%3ADEM,False,,-33.876719876099244,-33.876719876099244,55.72999954223633,48.209999084472656,50.30803894042969,0.8458943727847721,66.4533124065362,76.97658666330099,False,False,False,False,,
327,IFRA,IFRA,AMEX:IFRA,US,iShares U.S. Infrastructure ETF,4.231,Infrastructure,Long,390719.7,,https://www.tradingview.com/chart/?symbol=AMEX%3AIFRA,True,2026-09-16 09:30,-68.12865495308492,-68.12865495308492,56.665000915527344,55.16999816894531,57.26567932128906,0.16835607258230806,-66.3200237386682,64.30019771570149,False,True,True,True,HIGH,FULL PASS
328,SMLF,SMLF,AMEX:SMLF,US,iShares U.S. SmallCap Equity Factor ETF,4.227,Small Blend,Long,176907.45,,https://www.tradingview.com/chart/?symbol=AMEX%3ASMLF,True,2026-09-16 09:30,-64.39292279088706,-64.39292279088706,84.62999725341797,73.01499938964844,77.16978018188476,0.659755504062148,-6.406466260914363,72.44291776319915,False,False,False,False,,
329,FLJP,FLJP,AMEX:FLJP,US,Franklin FTSE Japan ETF,4.19,Japan Stock,Long,850697.65,,https://www.tradingview.com/chart/?symbol=AMEX%3AFLJP,False,,6.375180297249334,6.375180297249334,41.33000183105469,34.75,36.451559783935544,0.9126217290686317,52.37610750064325,74.97942476666867,False,False,False,False,,
330,NLR,NLR,AMEX:NLR,US,VanEck Uranium and Nuclear ETF,4.183,Natural Resources,Long,331423.85,,https://www.tradingview.com/chart/?symbol=AMEX%3ANLR,False,,-54.97439033035494,-54.97439033035494,107.3499984741211,102.68499755859375,113.62123669433593,0.10066899620604701,8.318737387258684,9.891940831242815,False,True,False,False,,
331,TPE,TPE.TO,TSX:TPE,TSX,TD International Equity Index ETF,4.182,Total Market,Long,32856.05,,https://www.tradingview.com/chart/?symbol=TSX%3ATPE,False,,-40.90833353192292,-39.14401666710223,30.579999923706055,26.639999389648438,27.79639974975586,0.8040814912503328,20.73805841026309,72.48412720022556,False,False,False,False,,
332,EMLP,EMLP,AMEX:EMLP,US,First Trust North American Energy Infrastructure Fund,4.181,Energy Limited Partnership,Long,216517.85,,https://www.tradingview.com/chart/?symbol=AMEX%3AEMLP,False,,-71.46994705236362,-71.46994705236362,43.08000183105469,42.525001525878906,43.090220733642575,0.23173322884711564,15.57781661767921,67.58389389921355,False,True,False,False,,
333,KRE,KRE,AMEX:KRE,US,State Street SPDR S&P Regional Banking ETF,4.176,Financial,Long,11545391.2,,https://www.tradingview.com/chart/?symbol=AMEX%3AKRE,False,,-20.29046690134803,-11.682143473905242,72.76000213623047,62.43000030517578,66.15880102539063,0.6537974579634929,-12.722559735485646,72.65629292204447,False,False,False,False,,
334,NVDL,NVDL,AMEX:NVDL,US,GraniteShares 2x Long NVDA Daily ETF,4.09,Trading--Leveraged Equity,2X Long,15112620.45,,https://www.tradingview.com/chart/?symbol=AMEX%3ANVDL,False,,-53.312696397038614,-49.08813237845223,32.400001525878906,21.75666618347168,26.768126777648924,0.5012165801975109,27.06058723868394,43.76817282106159,False,False,False,False,,
335,ARTY,ARTY,AMEX:ARTY,US,iShares Future AI & Tech ETF,4.076,Technology,Long,473230.7,,https://www.tradingview.com/chart/?symbol=AMEX%3AARTY,False,,-43.20744153950765,-43.20744153950765,72.7300033569336,44.15999984741211,52.78816017150879,0.7814552088718837,29.083504278312812,82.83988364332284,False,False,False,False,,
336,IMCG,IMCG,AMEX:IMCG,US,iShares Morningstar Mid-Cap Growth ETF,4.075,Mid-Cap Growth,Long,156462.45,,https://www.tradingview.com/chart/?symbol=AMEX%3AIMCG,True,2026-09-16 09:30,-69.84527816514331,-69.84527816514331,93.25,76.06999969482422,81.8378402709961,0.7029459324467753,-12.004160421124752,77.5347851054342,False,False,False,False,,
337,MSLC,MSLC,AMEX:MSLC,US,Morgan Stanley Pathway Large Cap Equity ETF,4.054,Large Blend,Long,61219.5,,https://www.tradingview.com/chart/?symbol=AMEX%3AMSLC,False,,-54.721267850479826,-54.721267850479826,59.356300354003906,50.38999938964844,53.02611985778809,0.8027125668809887,28.772284129597086,,False,False,False,False,,
338,DON,DON,AMEX:DON,US,WisdomTree U.S. MidCap Dividend Fund,4.052,Mid-Cap Value,Long,151923.95,,https://www.tradingview.com/chart/?symbol=AMEX%3ADON,False,,-59.07369366476083,-57.741512794692675,55.939998626708984,51.244998931884766,53.058659255981446,0.6109302349823312,8.026701200285155,71.96514800429975,False,False,False,False,,
339,XOP,XOP,AMEX:XOP,US,State Street SPDR S&P Oil & Gas Exploration & Production ETF,4.044,Equity Energy,Long,2537412.55,,https://www.tradingview.com/chart/?symbol=AMEX%3AXOP,False,,41.17149998145239,41.17149998145239,191.77000427246094,152.32000732421875,163.55360516357422,0.8287816078984124,66.47828325131212,74.03728497618927,False,False,False,False,,
340,MUU,MUU,AMEX:MUU,US,Direxion Daily MU Bull 2X ETF,4.028,Trading--Leveraged Equity,2X Long,26785422.9,,https://www.tradingview.com/chart/?symbol=AMEX%3AMUU,False,,-35.38597579044298,-35.38597579044298,28.24799919128418,5.478499889373779,18.758573915481566,0.4046364368667443,-5.412665507864273,,False,False,False,False,,
341,XQQ,XQQ.TO,TSX:XQQ,TSX,iShares NASDAQ 100 Index ETF (CAD-Hedged),3.992,US Equity,Long,101792.35,,https://www.tradingview.com/chart/?symbol=TSX%3AXQQ,False,,-47.07395485776033,-47.07395485776033,70.2300033569336,56.31999969482422,60.68836019897461,0.7514857945306604,-1.6506115327485837,66.60341357164577,True,False,False,False,,
342,JIVE,JIVE,AMEX:JIVE,US,JPMorgan International Value ETF,3.987,Foreign Large Value,Long,300480.8,,https://www.tradingview.com/chart/?symbol=AMEX%3AJIVE,False,,-36.4529539247599,-36.4529539247599,97.33999633789062,82.5199966430664,86.66179736328125,0.8444442802156575,63.53235280554651,,False,False,False,False,,
343,ILF,ILF,AMEX:ILF,US,iShares Latin America 40 ETF,3.98,Focused Region,Long,3014460.35,,https://www.tradingview.com/chart/?symbol=AMEX%3AILF,False,,-39.32217636396129,-39.32217636396129,35.029998779296875,32.59000015258789,33.9057003326416,0.43766785520984935,38.71106221977761,59.872070931673534,False,False,False,False,,
344,IWX,IWX,AMEX:IWX,US,iShares Russell Top 200 Value ETF,3.975,Large Value,Long,288989.75,,https://www.tradingview.com/chart/?symbol=AMEX%3AIWX,False,,-33.87817569654718,-33.87817569654718,110.66999816894531,90.87000274658203,96.29092123413086,0.8619939463045919,46.18849710696471,83.03653846507122,False,False,False,False,,
345,CALF,CALF,AMEX:CALF,US,Pacer US Small Cap Cash Cows ETF,3.948,Small Value,Long,515325.15,,https://www.tradingview.com/chart/?symbol=AMEX%3ACALF,False,,-50.845884904913454,-7.826704795467627,56.012001037597656,44.029998779296875,47.31275874328613,0.8613948518863555,52.27584451534776,73.80501230984392,False,False,False,False,,
346,AAXJ,AAXJ,AMEX:AAXJ,US,iShares MSCI All Country Asia ex Japan ETF,3.942,Pacific/Asia ex-Japan Stk,Long,453746.6,,https://www.tradingview.com/chart/?symbol=AMEX%3AAAXJ,False,,-44.418588416572305,-44.418588416572305,113.77999877929688,92.91000366210938,100.3605235900879,0.6610704884045043,34.20973109286419,75.51222987233835,False,False,False,False,,
347,SMMD,SMMD,AMEX:SMMD,US,iShares Russell 2500 ETF,3.924,Small Blend,Long,159870.45,,https://www.tradingview.com/chart/?symbol=AMEX%3ASMMD,True,2026-09-16 09:30,-67.05910503435244,-67.05910503435244,86.97000122070312,73.73999786376953,78.37975872802734,0.6729400250535921,-7.297584338185515,75.15541099120684,False,False,False,False,,
348,XT,XT,AMEX:XT,US,iShares Future Exponential Technologies ETF,3.91,Technology,Long,60337.2,,https://www.tradingview.com/chart/?symbol=AMEX%3AXT,False,,-49.545764125966826,-22.83353956002955,81.05500030517578,65.7750015258789,70.12802145385743,0.8284087303934484,6.394447466123155,73.35082668276529,False,False,False,False,,
349,IVOO,IVOO,AMEX:IVOO,US,Vanguard S&P Mid-Cap 400 ETF,3.858,Mid-Cap Blend,Long,74533.7,,https://www.tradingview.com/chart/?symbol=AMEX%3AIVOO,True,2026-09-16 09:30,-62.23290138237834,-62.23290138237834,123.55999755859375,111.05999755859375,116.27087799072265,0.5661231414582232,-16.090154401032194,71.54751559751216,False,False,False,False,,
350,FLTW,FLTW,AMEX:FLTW,US,Franklin FTSE Taiwan ETF,3.825,Greater China Region,Long,243423.1,,https://www.tradingview.com/chart/?symbol=AMEX%3AFLTW,False,,-30.005908412314966,-27.4799294805467,104.27999877929688,66.23999786376953,76.40923880004883,0.8828033746390025,46.59216685478631,88.04932338343387,False,False,False,False,,
351,DFGR,DFGR,AMEX:DFGR,US,Dimensional Global Real Estate ETF,3.824,Global Real Estate,Long,413536.2,,https://www.tradingview.com/chart/?symbol=AMEX%3ADFGR,True,2026-09-16 09:30,-69.23857737892662,-65.81143413372742,28.010000228881836,26.075000762939453,27.093340438842773,0.44843570840674674,-41.04857810831802,72.97288261347536,False,False,False,False,,
352,INTF,INTF,AMEX:INTF,US,iShares International Equity Factor ETF,3.814,Foreign Large Blend,Long,236767.6,,https://www.tradingview.com/chart/?symbol=AMEX%3AINTF,False,,-53.68579346258239,-53.68579346258239,42.06999969482422,37.459999084472656,38.86301901245117,0.7754416899911836,48.45434775526086,70.96259550635627,False,False,False,False,,
353,EWU,EWU,AMEX:EWU,US,iShares MSCI United Kingdom ETF,3.76,Focused Region,Long,933170.8,,https://www.tradingview.com/chart/?symbol=AMEX%3AEWU,False,,-49.98256372140985,-45.97162874468896,47.439998626708984,43.86000061035156,45.16272071838379,0.6485503114990308,35.58732595170712,66.77587265571728,False,False,False,False,,
354,LRGF,LRGF,AMEX:LRGF,US,iShares U.S. Equity Factor ETF,3.718,Large Blend,Long,147103.45,,https://www.tradingview.com/chart/?symbol=AMEX%3ALRGF,False,,-48.99836651774843,-48.99836651774843,77.02999877929688,64.16000366210938,67.73540222167969,0.8495049704392317,41.17878945025178,69.42967324044055,False,False,False,False,,
355,MLPX,MLPX,AMEX:MLPX,US,Global X MLP & Energy Infrastructure ETF,3.711,Energy Limited Partnership,Long,348577.75,,https://www.tradingview.com/chart/?symbol=AMEX%3AMLPX,False,,-60.29917698829603,-60.29917698829603,73.3499984741211,70.19999694824219,71.95229766845704,0.42424245537962,39.42407222319787,74.75351813503694,False,False,False,False,,
356,IYH,IYH,AMEX:IYH,US,iShares U.S. Healthcare ETF,3.691,Health,Long,520962.8,,https://www.tradingview.com/chart/?symbol=AMEX%3AIYH,False,,-58.12338019450876,-23.332955628355972,70.74500274658203,59.845001220703125,63.264640716552734,0.7522431423632593,46.64323434381512,58.43396226608987,False,False,False,False,,
357,EEMV,EEMV,AMEX:EEMV,US,iShares MSCI Emerging Markets Min Vol Factor ETF,3.688,Diversified Emerging Mkts,Long,104420.25,,https://www.tradingview.com/chart/?symbol=AMEX%3AEEMV,False,,-49.3933104535929,-49.3933104535929,74.26000213623047,63.04999923706055,66.37877912902832,0.7947538647982537,42.54413911726497,79.05807193205317,False,False,False,False,,
358,DCOR,DCOR,AMEX:DCOR,US,Dimensional US Core Equity 1 ETF,3.557,Large Blend,Long,110530.45,,https://www.tradingview.com/chart/?symbol=AMEX%3ADCOR,False,,-53.953688234246975,-53.953688234246975,82.66000366210938,70.1781997680664,73.83898519897461,0.8046649481620509,29.33946435391675,,False,False,False,False,,
359,GCOW,GCOW,AMEX:GCOW,US,Pacer Global Cash Cows Dividend ETF,3.555,Global Large-Stock Value,Long,227828.6,,https://www.tradingview.com/chart/?symbol=AMEX%3AGCOW,False,,-58.406190051900374,-29.644319704923436,46.20000076293945,43.060001373291016,44.232920761108396,0.6317909514105561,42.66117305442084,69.52121895907766,False,False,False,False,,
360,FRDM,FRDM,AMEX:FRDM,US,Freedom 100 Emerging Markets ETF,3.51,Diversified Emerging Mkts,Long,64258.2,,https://www.tradingview.com/chart/?symbol=AMEX%3AFRDM,False,,-26.36418488118748,-26.36418488118748,68.54000091552734,52.2599983215332,57.95939958190918,0.6741200411513338,36.8648552919636,80.68202581272287,False,False,False,False,,
361,XGD,XGD.TO,TSX:XGD,TSX,iShares S&P/TSX Global Gold Index ETF,3.499,Materials,Long,590633.85,,https://www.tradingview.com/chart/?symbol=TSX%3AXGD,True,2026-09-16 09:30,-57.046321294695666,-55.97079145059414,58.130001068115234,43.959999084472656,48.982078796386716,0.6658835900605619,44.798599920328094,48.0345437060053,False,False,False,False,,
362,VNQI,VNQI,AMEX:VNQI,US,Vanguard Global ex-U.S. Real Estate ETF,3.478,Global Real Estate,Long,257192.05,,https://www.tradingview.com/chart/?symbol=AMEX%3AVNQI,True,2026-09-16 09:30,-65.156799336608,-64.96521077575893,43.38999938964844,43.290000915527344,44.45418859863281,0.020271336172897933,-44.27182580107915,21.083396134853896,False,True,False,False,,"NEAR: 4h+band ok, weekly shallow"
363,FHLC,FHLC,AMEX:FHLC,US,Fidelity MSCI Health Care Index ETF,3.476,Health,Long,195280.65,,https://www.tradingview.com/chart/?symbol=AMEX%3AFHLC,False,,-59.535882710952706,-20.907042768579487,81.30999755859375,68.55999755859375,72.46933813476562,0.769695026915892,44.826073555929774,62.78814805852111,False,False,False,False,,
364,CGMM,CGMM,AMEX:CGMM,US,Capital Group U.S. Small and Mid Cap ETF,3.441,Mid-Cap Blend,Long,673508.25,,https://www.tradingview.com/chart/?symbol=AMEX%3ACGMM,True,2026-09-16 09:30,-64.57818244364344,-64.57818244364344,31.440000534057617,28.405000686645508,29.66288066864014,0.5694183660141244,-1.4912843971766752,,False,False,False,False,,
365,SPHD,SPHD,AMEX:SPHD,US,Invesco S&P 500 High Dividend Low Volatility ETF,3.441,Large Value,Long,644489.65,,https://www.tradingview.com/chart/?symbol=AMEX%3ASPHD,False,,-73.1906278025679,-59.115777188949274,50.6150016784668,48.65999984741211,49.819940063476565,0.39776225165665713,14.746008762588858,73.5007478180089,False,False,False,False,,
366,ZWB,ZWB.TO,TSX:ZWB,TSX,BMO Covered Call Canadian Banks Fund,3.414,Financials,Long,193441.75,,https://www.tradingview.com/chart/?symbol=TSX%3AZWB,False,,-10.206811344035144,-7.826953353851072,30.270000457763672,24.489999771118164,26.30956000518799,0.7496757384048185,-6.275609637286991,83.05722795701074,False,False,False,False,,
367,ACWV,ACWV,AMEX:ACWV,US,iShares MSCI Global Min Vol Factor ETF,3.4,Global Large-Stock Blend,Long,32558.2,,https://www.tradingview.com/chart/?symbol=AMEX%3AACWV,False,,-41.45072913448743,-27.774786813797117,125.16500091552734,117.0999984741211,119.75971768188477,0.715617111240938,50.647395260173774,63.55364522494465,False,False,False,False,,
368,BOTZ,BOTZ,AMEX:BOTZ,US,Global X Robotics & Artificial Intelligence ETF,3.399,Technology,Long,612684.25,,https://www.tradingview.com/chart/?symbol=AMEX%3ABOTZ,True,2026-09-16 09:30,-55.51588950091278,-51.32333022737098,34.720001220703125,32.0,34.27740036010742,0.28186536690266395,-30.43229228464612,32.69512961775348,False,False,False,False,,
369,TSLL,TSLL,AMEX:TSLL,US,Direxion Daily TSLA Bull 2X ETF,3.397,Trading--Leveraged Equity,2X Long,106549464.7,,https://www.tradingview.com/chart/?symbol=AMEX%3ATSLL,False,,-36.96321128693402,-36.96321128693402,9.3149995803833,6.730199813842773,9.165672477722168,0.2504699617247572,-12.120037269190725,-33.62667003490413,False,False,False,False,,
370,FELV,FELV,AMEX:FELV,US,Fidelity Enhanced Large Cap Value ETF,3.392,Large Value,Long,161748.05,,https://www.tradingview.com/chart/?symbol=AMEX%3AFELV,False,,-39.07101575269208,-39.07101575269208,42.04999923706055,34.16999816894531,36.29163856506348,0.8765294323570284,40.31924941541056,,False,False,False,False,,
371,IHI,IHI,AMEX:IHI,US,iShares U.S. Medical Devices ETF,3.38,Health,Long,2264115.15,,https://www.tradingview.com/chart/?symbol=AMEX%3AIHI,False,,-74.9936175269347,-25.66382512542636,51.904998779296875,47.540000915527344,49.852800735473636,0.4454079799580461,19.291600628572578,-45.31578328842091,False,False,False,False,,
372,SITU,SITU.NE,NEO:SITU,NEO,Scotia U.S. Equity Index Tracker ETF,3.38,US Equity,Long,66301.05,,https://www.tradingview.com/chart/?symbol=NEO%3ASITU,False,,-25.656699012541278,-17.38242110954063,48.2400016784668,40.150001525878906,42.389641021728515,0.8524764988065502,12.913061730187598,70.82411970187766,False,False,False,False,,
373,GSUS,GSUS,AMEX:GSUS,US,Goldman Sachs MarketBeta U.S. Equity ETF,3.376,Large Blend,Long,108923.35,,https://www.tradingview.com/chart/?symbol=AMEX%3AGSUS,False,,-48.58634262009702,-48.58634262009702,104.33000183105469,87.02999877929688,91.85619985961914,0.8459657300358936,32.74264026594218,69.0338953527295,False,False,False,False,,
374,BULZ,BULZ,AMEX:BULZ,US,MicroSectors Solactive FANG & Innovation 3X Leveraged ETN,3.362,Trading--Leveraged Equity,3X Long,550814.95,,https://www.tradingview.com/chart/?symbol=AMEX%3ABULZ,False,,-26.796995260761705,-26.796995260761705,37.33000183105469,15.329999923706055,24.810119941711427,0.5476724387743227,24.587700664225206,52.89251419603554,False,False,False,False,,
375,WTV,WTV,AMEX:WTV,US,WisdomTree US Value Fund of Benef Interest,3.357,Mid-Cap Value,Long,164342.05,,https://www.tradingview.com/chart/?symbol=AMEX%3AWTV,False,,-30.91314811268201,-28.845127733819094,106.48500061035156,93.4000015258789,97.2267406616211,0.806968981787316,47.45732460387342,73.7638077332394,False,False,False,False,,
376,XYLD,XYLD,AMEX:XYLD,US,Global X S&P 500 Covered Call ETF,3.349,Derivative Income,Long,408177.55,,https://www.tradingview.com/chart/?symbol=AMEX%3AXYLD,False,,-23.562857734391212,-23.562857734391212,41.255001068115234,38.349998474121094,39.13351840209961,0.8750008617539796,56.69440822772928,73.19888671204455,False,False,False,False,,
377,PTLC,PTLC,AMEX:PTLC,US,Pacer Trendpilot US Large Cap ETF,3.34,Large Blend,Long,83817.7,,https://www.tradingview.com/chart/?symbol=AMEX%3APTLC,False,,-48.961144116617305,-48.961144116617305,58.77000045776367,51.709999084472656,53.8151195526123,0.7914797985737654,30.61133166615481,60.02669415296483,False,False,False,False,,
378,SKYY,SKYY,AMEX:SKYY,US,First Trust Cloud Computing ETF,3.312,Technology,Long,246452.35,,https://www.tradingview.com/chart/?symbol=AMEX%3ASKYY,False,,-37.947177463114045,20.604918926693085,161.8800048828125,104.11000061035156,119.3839208984375,0.8926143878684142,54.890349688527245,47.15701682811103,False,False,False,False,,
380,XEI,XEI.TO,TSX:XEI,TSX,iShares S&P/TSX Composite High Dividend Index ETF,3.209,High Dividend Yield,Long,154448.6,,https://www.tradingview.com/chart/?symbol=TSX%3AXEI,False,,-39.6623022229365,-18.694039614616255,39.65999984741211,35.41999816894531,36.687318817138674,0.789571603322834,10.968492483453673,80.83358610837354,False,False,False,False,,
381,FWD,FWD,AMEX:FWD,US,AB Disruptors ETF,3.205,Global Large-Stock Growth,Long,158130.3,,https://www.tradingview.com/chart/?symbol=AMEX%3AFWD,False,,-46.092239241680915,-41.3093046248786,126.0,103.52999877929688,114.23849877929688,0.49520663847279617,-34.79744917538988,69.29349862578447,False,False,False,False,,
382,FNDC,FNDC,AMEX:FNDC,US,Schwab Fundamental International Small Equity ETF,3.19,Foreign Small/Mid Value,Long,103092.1,,https://www.tradingview.com/chart/?symbol=AMEX%3AFNDC,False,,-48.001953047567206,-48.001953047567206,50.375,44.79999923706055,46.41895938110351,0.8126822546527068,48.27404827478464,66.91815201167168,False,False,False,False,,
383,SPUS,SPUS,AMEX:SPUS,US,SP Funds S&P 500 Sharia Industry Exclusions ETF,3.171,Large Growth,Long,390807.15,,https://www.tradingview.com/chart/?symbol=AMEX%3ASPUS,False,,-48.9507395387692,-48.9507395387692,57.790000915527344,46.654998779296875,49.689958923339844,0.8658632665435048,32.90352494636189,69.01693069396963,False,False,False,False,,
384,CGGE,CGGE,AMEX:CGGE,US,Capital Group Global Equity ETF,3.169,Global Large-Stock Blend,Long,467355.5,,https://www.tradingview.com/chart/?symbol=AMEX%3ACGGE,True,2026-09-16 09:30,-62.833304069843365,-62.66901433687386,34.35499954223633,29.520000457763672,31.05046060180664,0.7455664810200446,6.353998169452805,,False,False,False,False,,
385,AVSC,AVSC,AMEX:AVSC,US,Avantis U.S Small Cap Equity ETF,3.152,Small Value,Long,102088.15,,https://www.tradingview.com/chart/?symbol=AMEX%3AAVSC,True,2026-09-16 09:30,-59.402792752212804,-57.367078229112735,70.62000274658203,60.09000015258789,63.66776011657715,0.6945912071227143,-6.8652186956786005,74.6917503602893,False,False,False,False,,
386,BDYN,BDYN,AMEX:BDYN,US,iShares Dynamic Equity Active ETF,3.117,Global Large-Stock Blend,Long,405836.6,,https://www.tradingview.com/chart/?symbol=AMEX%3ABDYN,False,,-53.212472294268686,-53.212472294268686,27.559999465942383,23.58009910583496,24.795475608825683,0.7728111269833569,14.347827401137048,,False,False,False,False,,
387,CGNG,CGNG,AMEX:CGNG,US,Capital Group New Geography Equity ETF,3.112,Diversified Emerging Mkts,Long,527046.75,,https://www.tradingview.com/chart/?symbol=AMEX%3ACGNG,False,,-47.94659821560615,-47.94659821560615,35.90999984741211,30.274999618530273,32.1240598526001,0.7192086171736335,29.350039685420892,,False,False,False,False,,
388,GARP,GARP,AMEX:GARP,US,iShares MSCI USA Quality GARP ETF,3.087,Large Growth,Long,211350.85,,https://www.tradingview.com/chart/?symbol=AMEX%3AGARP,True,2026-09-16 09:30,-54.9359129706144,-54.9359129706144,81.4000015258789,61.59000015258789,67.14779997253417,0.8411890452257887,31.477227171079857,73.56162066184713,False,False,False,False,,
389,PXF,PXF,AMEX:PXF,US,Invesco RAFI Developed Markets ex-U.S. ETF,3.06,Foreign Large Value,Long,101976.05,,https://www.tradingview.com/chart/?symbol=AMEX%3APXF,False,,-44.245439170520775,-44.245439170520775,78.29000091552734,67.48999786376953,70.56743807983399,0.828221034777516,57.547388401822104,75.0487406054579,False,False,False,False,,
390,TMSL,TMSL,AMEX:TMSL,US,T. Rowe Price Small-Mid Cap ETF,3.011,Mid-Cap Blend,Long,412432.0,,https://www.tradingview.com/chart/?symbol=AMEX%3ATMSL,True,2026-09-16 09:30,-64.48228346767307,-63.439678162857284,41.130001068115234,35.22999954223633,37.47436004638672,0.6203996004797452,-19.010453551017136,,False,False,False,False,,
391,XSMO,XSMO,AMEX:XSMO,US,Invesco S&P SmallCap Momentum ETF,3.009,Small Blend,Long,280620.75,,https://www.tradingview.com/chart/?symbol=AMEX%3AXSMO,True,2026-09-16 09:30,-63.97542473572641,-63.63785249006614,81.77989959716797,73.54000091552734,78.2883215637207,0.40953765192901936,-49.103003522840424,70.95896175903198,False,False,False,False,,
392,QGRW,QGRW,AMEX:QGRW,US,WisdomTree U.S. Quality Growth Fund,2.997,Large Growth,Long,207763.65,,https://www.tradingview.com/chart/?symbol=AMEX%3AQGRW,False,,-47.26402282191837,-47.26402282191837,66.11000061035156,51.220001220703125,55.36652114868164,0.8474672537435924,17.70422486393962,64.52734790278906,False,False,False,False,,
393,CQQQ,CQQQ,AMEX:CQQQ,US,Invesco China Technology ETF,2.982,Greater China Region,Long,733209.75,,https://www.tradingview.com/chart/?symbol=AMEX%3ACQQQ,False,,-69.70604686134556,-51.348974040811754,46.18000030517578,44.654998779296875,47.626238815307616,0.1211279989989071,-60.40785195452625,24.48859474309671,False,True,True,False,,"WATCH: weekly+band ok, waiting on 4h dot"
394,SNPE,SNPE,AMEX:SNPE,US,Xtrackers S&P 500 Scored & Screened ETF,2.963,Large Blend,Long,274740.3,,https://www.tradingview.com/chart/?symbol=AMEX%3ASNPE,True,2026-09-16 09:30,-56.72319455206451,-56.72319455206451,68.94999694824219,57.880001068115234,61.178101608276364,0.7921283768936659,29.942427684457453,69.99475572419186,False,False,False,False,,
395,JMEE,JMEE,AMEX:JMEE,US,JPMorgan Small & Mid Cap Enhanced Equity ETF,2.953,Small Blend,Long,119051.65,,https://www.tradingview.com/chart/?symbol=AMEX%3AJMEE,True,2026-09-16 09:30,-62.71084479356671,-62.576285042202876,74.26000213623047,64.9800033569336,68.48224249267578,0.625336999282302,-12.0412647475681,74.48642521846388,False,False,False,False,,
396,SOXQ,SOXQ,AMEX:SOXQ,US,Invesco PHLX Semiconductor ETF,2.944,Technology,Long,1520967.65,,https://www.tradingview.com/chart/?symbol=AMEX%3ASOXQ,False,,-31.877172303435994,-31.877172303435994,88.61000061035156,56.220001220703125,70.129841796875,0.549541873905556,-32.855161477491286,83.73899133892509,False,False,False,False,,
397,CWI,CWI,AMEX:CWI,US,State Street SPDR MSCI ACWI ex-US ETF,2.914,Foreign Large Blend,Long,190439.0,,https://www.tradingview.com/chart/?symbol=AMEX%3ACWI,False,,-53.816596154656594,-53.816596154656594,40.459999084472656,35.43000030517578,36.954560089111325,0.7786376922849804,38.833396851578186,71.86857079489887,False,False,False,False,,
398,ESML,ESML,AMEX:ESML,US,iShares ESG Aware MSCI USA Small-Cap ETF,2.885,Small Blend,Long,50437.05,,https://www.tradingview.com/chart/?symbol=AMEX%3AESML,True,2026-09-16 09:30,-65.69572948301759,-65.69572948301759,52.900001525878906,45.630001068115234,48.22600106811524,0.6609091325239702,-1.8778160153912726,73.02599542692076,False,False,False,False,,
399,SECT,SECT,AMEX:SECT,US,Main Sector Rotation ETF,2.883,Large Blend,Long,97856.9,,https://www.tradingview.com/chart/?symbol=AMEX%3ASECT,True,2026-09-16 09:30,-55.152354328251285,-55.152354328251285,70.26000213623047,58.65999984741211,62.17404060363769,0.7790463258888255,2.880490477058212,67.94743409687716,False,False,False,False,,
400,MDYG,MDYG,AMEX:MDYG,US,State Street SPDR S&P 400 Mid Cap Growth ETF,2.865,Mid-Cap Growth,Long,78049.75,,https://www.tradingview.com/chart/?symbol=AMEX%3AMDYG,True,2026-09-16 09:30,-68.2525644298096,-66.26037540263083,104.25,92.73999786376953,97.68422235107423,0.5494007222214938,-22.62842772945216,71.97615123100822,False,False,False,False,,
401,EQWL,EQWL,AMEX:EQWL,US,Invesco S&P 100 Equal Weight ETF,2.856,Large Value,Long,109022.05,,https://www.tradingview.com/chart/?symbol=AMEX%3AEQWL,False,,-58.507343852373516,-53.41393501830802,130.9550018310547,112.76000213623047,118.13961990356445,0.7982016778315709,36.529316838959424,72.81395157048279,False,False,False,False,,
402,IXC,IXC,AMEX:IXC,US,iShares Global Energy ETF,2.854,Equity Energy,Long,436581.65,,https://www.tradingview.com/chart/?symbol=AMEX%3AIXC,False,,37.01503082444691,37.01503082444691,58.869998931884766,48.689998626708984,51.491319274902345,0.8576240901129626,59.933118740754914,78.53994832235446,False,False,False,False,,
403,IPAC,IPAC,AMEX:IPAC,US,iShares Core MSCI Pacific ETF,2.847,Focused Region,Long,121205.4,,https://www.tradingview.com/chart/?symbol=AMEX%3AIPAC,False,,-26.069491855231234,-26.069491855231234,85.05000305175781,74.03500366210938,77.14076272583007,0.8370062849765234,55.82089955623176,73.10909134650872,False,False,False,False,,
404,MDYV,MDYV,AMEX:MDYV,US,State Street SPDR S&P 400 Mid Cap Value ETF,2.844,Mid-Cap Value,Long,66445.6,,https://www.tradingview.com/chart/?symbol=AMEX%3AMDYV,True,2026-09-16 09:30,-56.58249423392787,-56.58249423392787,91.55999755859375,82.81999969482422,86.26088012695313,0.5994510813540342,-13.87506596544354,70.4399170912035,False,False,False,False,,
405,SPYX,SPYX,AMEX:SPYX,US,State Street SPDR S&P 500 Fossil Fuel Reserves Free ETF,2.84,Large Blend,Long,43812.65,,https://www.tradingview.com/chart/?symbol=AMEX%3ASPYX,False,,-48.930252509749856,-48.930252509749856,61.779998779296875,51.4900016784668,54.39516110229492,0.8359056979378938,28.77806510334307,68.3793848835076,False,False,False,False,,
406,PRFZ,PRFZ,AMEX:PRFZ,US,Invesco RAFI US 1500 Small-Mid ETF,2.819,Small Blend,Long,77481.25,,https://www.tradingview.com/chart/?symbol=AMEX%3APRFZ,True,2026-09-16 09:30,-68.87328307625052,-64.95047514402951,52.900001525878906,44.47999954223633,47.38869972229004,0.6831644188583764,-0.038282684230896535,73.6564136922676,False,False,False,False,,
407,USD,USD,AMEX:USD,US,ProShares Ultra Semiconductors,2.776,Trading--Leveraged Equity,2X Long,582541.75,,https://www.tradingview.com/chart/?symbol=AMEX%3AUSD,False,,-42.91715637681106,-42.91715637681106,79.73999786376953,43.189998626708984,59.783158950805664,0.5198406844427251,-22.001892102875257,73.93104327863716,False,False,False,False,,
408,DIVI,DIVI,AMEX:DIVI,US,Franklin International Core Dividend Tilt Index Fund,2.754,Foreign Large Value,Long,209275.55,,https://www.tradingview.com/chart/?symbol=AMEX%3ADIVI,False,,-53.58522213324903,-53.58522213324903,43.435001373291016,38.38999938964844,39.892092071533206,0.7926411482450642,39.68027156805476,71.83437003809345,False,False,False,False,,
409,PSC,PSC,AMEX:PSC,US,Principal U.S. Small-Cap ETF,2.721,Small Blend,Long,180890.3,,https://www.tradingview.com/chart/?symbol=AMEX%3APSC,True,2026-09-16 09:30,-61.82675672387638,-56.25381401352383,67.58999633789062,55.68000030517578,59.24832095336914,0.7876980072247124,2.2871264756254566,77.22400603788101,False,False,False,False,,
410,JMOM,JMOM,AMEX:JMOM,US,JPMorgan U.S. Momentum Factor ETF,2.701,Large Blend,Long,132290.95,,https://www.tradingview.com/chart/?symbol=AMEX%3AJMOM,False,,-43.75358044158364,-43.75358044158364,81.16999816894531,65.7300033569336,70.43820263671876,0.7739346954322291,-7.116786329672093,76.58821848143752,False,False,False,False,,
411,TQCD,TQCD.TO,TSX:TQCD,TSX,TD Q Canadian Dividend ETF,2.683,Canadian Dividend and Income Equity,Long,150525.6,,https://www.tradingview.com/chart/?symbol=TSX%3ATQCD,False,,-44.542001764058796,-34.84278964391084,29.3799991607666,25.6299991607666,26.70615948486328,0.8223681733879772,39.42422851277224,74.68698555377263,False,False,False,False,,
412,FLIN,FLIN,AMEX:FLIN,US,Franklin FTSE India ETF,2.674,India Equity,Long,168164.05,,https://www.tradingview.com/chart/?symbol=AMEX%3AFLIN,False,,-67.25954475519957,-67.25954475519957,34.14500045776367,32.31999969482422,33.33951962280273,0.42245391015327666,-6.846397939663792,-40.859027165065896,False,False,False,False,,
413,PSI,PSI,AMEX:PSI,US,Invesco Semiconductors ETF,2.644,Technology,Long,364262.8,,https://www.tradingview.com/chart/?symbol=AMEX%3APSI,False,,-27.16302193267838,-27.16302193267838,129.75999450683594,88.41510009765625,111.86521618652344,0.4160915469923271,-40.898214188400004,83.40512814314879,False,False,False,False,,
414,CNEQ,CNEQ,AMEX:CNEQ,US,Alger Concentrated Equity ETF,2.622,Large Growth,Long,247896.75,,https://www.tradingview.com/chart/?symbol=AMEX%3ACNEQ,False,,-49.475457046440944,-49.475457046440944,38.724998474121094,29.655000686645508,32.52830095672607,0.7449689474272102,6.8642496994447795,,False,False,False,False,,
415,SCHY,SCHY,AMEX:SCHY,US,Schwab International Dividend Equity ETF,2.617,Foreign Large Value,Long,546316.05,,https://www.tradingview.com/chart/?symbol=AMEX%3ASCHY,False,,-58.02471966669561,-27.274122583103104,32.595001220703125,30.790000915527344,31.495640411376954,0.6036794631351986,21.881478916075256,67.71510475041556,False,False,False,False,,
416,PICK,PICK,AMEX:PICK,US,iShares MSCI Global Metals & Mining Producers ETF,2.612,Natural Resources,Long,624921.45,,https://www.tradingview.com/chart/?symbol=AMEX%3APICK,False,,-52.77994569384615,-52.77994569384615,60.96500015258789,51.810001373291016,55.81964176940918,0.5388462551419263,38.961105201339684,63.07286627454649,False,False,False,False,,
417,ZEM,ZEM.TO,TSX:ZEM,TSX,BMO MSCI Emerging Markets Index ETF,2.561,Total Market,Long,106257.2,,https://www.tradingview.com/chart/?symbol=TSX%3AZEM,False,,-31.663627284379725,-31.663627284379725,33.189998626708984,27.360000610351562,29.50996075439453,0.6399558315871987,26.838652308935824,76.2870677879984,False,False,False,False,,
418,FSMD,FSMD,AMEX:FSMD,US,Fidelity Small-Mid Multifactor ETF,2.556,Small Blend,Long,106860.5,,https://www.tradingview.com/chart/?symbol=AMEX%3AFSMD,True,2026-09-16 09:30,-56.13014341799726,-56.13014341799726,50.099998474121094,43.45000076293945,45.80292015075683,0.6670009469787551,-13.42910327143109,75.50301343327538,False,False,False,False,,
419,NULV,NULV,AMEX:NULV,US,Nuveen ESG Large-Cap Value ETF,2.548,Large Value,Long,318917.3,,https://www.tradingview.com/chart/?symbol=AMEX%3ANULV,False,,-29.798336589084318,-29.798336589084318,52.84000015258789,44.59000015258789,46.85559979248047,0.8593751365939993,54.49760314784362,78.0544344610704,False,False,False,False,,
420,CGIC,CGIC,AMEX:CGIC,US,Capital Group International Core Equity ETF,2.547,Foreign Large Blend,Long,360555.75,,https://www.tradingview.com/chart/?symbol=AMEX%3ACGIC,False,,-54.00095690567421,-54.00095690567421,36.189998626708984,32.130001068115234,33.36664056396484,0.7748090102603751,40.068098330802805,,False,False,False,False,,
421,FTHI,FTHI,AMEX:FTHI,US,First Trust BuyWrite Income ETF,2.527,Derivative Income,Long,563753.15,,https://www.tradingview.com/chart/?symbol=AMEX%3AFTHI,False,,-42.29295408630379,-42.29295408630379,23.6299991607666,22.454999923706055,22.90575988769531,0.615182895774873,40.03606407654621,63.49616021668577,False,False,False,False,,
422,RING,RING,AMEX:RING,US,iShares MSCI Global Gold Miners ETF,2.502,Equity Precious Metals,Long,932039.85,,https://www.tradingview.com/chart/?symbol=AMEX%3ARING,True,2026-09-16 09:30,-60.502520034373134,-60.25923924917196,81.61000061035156,60.55500030517578,68.24685342407227,0.6460055847678955,46.8786537018641,45.483344485679,False,False,False,False,,
423,FEGE,FEGE,AMEX:FEGE,US,First Eagle Global Equity ETF,2.499,Global Large-Stock Blend,Long,339284.85,,https://www.tradingview.com/chart/?symbol=AMEX%3AFEGE,False,,-53.54192683929558,-45.30174077065154,51.560001373291016,45.849998474121094,47.641238510131835,0.7523060321972505,53.299964377071014,,False,False,False,False,,
424,CGIE,CGIE,AMEX:CGIE,US,Capital Group International Equity ETF,2.493,Foreign Large Growth,Long,370065.45,,https://www.tradingview.com/chart/?symbol=AMEX%3ACGIE,True,2026-09-16 09:30,-58.74048429904858,-58.673484035341,36.810001373291016,32.61000061035156,33.97526057434082,0.7260157085083248,31.343597722416522,,False,False,False,False,,
425,BSVO,BSVO,AMEX:BSVO,US,EA Bridgeway Omni Small-Cap Value ETF,2.489,Small Value,Long,124128.45,,https://www.tradingview.com/chart/?symbol=AMEX%3ABSVO,False,,-41.84718785365285,-41.84718785365285,29.010000228881836,24.305200576782227,25.684573150634765,0.8049549040941039,14.223988641575717,73.63261113470959,False,False,False,False,,
426,PWB,PWB,AMEX:PWB,US,Invesco Large Cap Growth ETF,2.487,Large Growth,Long,117576.1,,https://www.tradingview.com/chart/?symbol=AMEX%3APWB,False,,-30.71345215552436,-30.71345215552436,152.82000732421875,121.1500015258789,132.31516275024413,0.6694145492586135,-21.617040679237338,73.33716545757682,False,False,False,False,,
427,APUE,APUE,AMEX:APUE,US,ActivePassive U.S. Equity ETF,2.484,Large Blend,Long,117781.15,,https://www.tradingview.com/chart/?symbol=AMEX%3AAPUE,False,,-51.008705583966076,-51.008705583966076,46.47999954223633,38.77000045776367,40.97424049377442,0.8254816872070821,26.892737745879028,71.0391312999588,False,False,False,False,,
428,DFSU,DFSU,AMEX:DFSU,US,Dimensional US Sustainability Core 1 ETF,2.434,Large Blend,Long,92405.95,,https://www.tradingview.com/chart/?symbol=AMEX%3ADFSU,False,,-50.203221181453415,-50.203221181453415,47.209999084472656,39.93000030517578,42.06816062927246,0.8035317522973442,25.50430864963648,68.02553076328421,False,False,False,False,,
429,ACIO,ACIO,AMEX:ACIO,US,Aptus Collared Investment Opportunity ETF,2.41,Equity Hedged,Long,132430.25,,https://www.tradingview.com/chart/?symbol=AMEX%3AACIO,False,,-49.24281116046523,-49.24281116046523,46.39339828491211,41.2599983215332,42.7656785736084,0.8046080100258359,17.16413707672789,63.68696795121565,False,False,False,False,,
430,FNCL,FNCL,AMEX:FNCL,US,Fidelity MSCI Financials Index ETF,2.396,Financial,Long,96725.0,,https://www.tradingview.com/chart/?symbol=AMEX%3AFNCL,False,,-58.32341463817564,-58.32341463817564,79.47000122070312,67.91999816894531,71.54967932128906,0.750975252593398,29.916397735702574,56.351955066613606,False,False,False,False,,
431,MLPA,MLPA,AMEX:MLPA,US,Global X MLP ETF,2.39,Energy Limited Partnership,Long,158615.45,,https://www.tradingview.com/chart/?symbol=AMEX%3AMLPA,False,,-48.564742480539756,-48.564742480539756,56.150001525878906,51.810001373291016,53.19178126525879,0.7412468816231913,60.15556893078957,76.9373679937771,False,False,False,False,,
432,EWL,EWL,AMEX:EWL,US,iShares MSCI Switzerland ETF,2.389,Focused Region,Long,504798.65,,https://www.tradingview.com/chart/?symbol=AMEX%3AEWL,False,,-68.93815869842679,-54.021004427699516,60.040000915527344,56.30500030517578,58.27913980102539,0.4465034744992097,-11.920008471270952,64.1728241284385,False,False,False,False,,
433,HDEF,HDEF,AMEX:HDEF,US,Xtrackers MSCI EAFE High Dividend Yield Equity ETF,2.338,Foreign Large Value,Long,115104.6,,https://www.tradingview.com/chart/?symbol=AMEX%3AHDEF,False,,-39.249672695870586,-20.044687263124196,33.5,31.284000396728516,32.05595637512207,0.6774685616923215,36.475468323424906,67.5136244558426,False,False,False,False,,
434,FAS,FAS,AMEX:FAS,US,Direxion Daily Financial Bull 3X ETF,2.334,Trading--Leveraged Equity,3X Long,286342.5,,https://www.tradingview.com/chart/?symbol=AMEX%3AFAS,False,,-59.73484365381554,-59.73484365381554,162.02999877929688,107.95999908447266,126.51344467163085,0.6877708977577044,26.95559891401773,25.876175779223512,False,False,False,False,,
435,EPP,EPP,AMEX:EPP,US,iShares MSCI Pacific ex-Japan ETF,2.326,Pacific/Asia ex-Japan Stk,Long,206702.7,,https://www.tradingview.com/chart/?symbol=AMEX%3AEPP,False,,-63.443308262744836,-63.443308262744836,55.2599983215332,51.8650016784668,53.436761642456055,0.5097592673948195,37.74640272365395,66.35044844906422,False,False,False,False,,
436,ITB,ITB,AMEX:ITB,US,iShares U.S. Home Construction ETF,2.32,Consumer Cyclical,Long,1733198.0,,https://www.tradingview.com/chart/?symbol=AMEX%3AITB,False,,-70.35221113987335,-49.932123247450384,88.13999938964844,86.28500366210938,90.66162322998046,0.10002674093790755,-60.70796401475178,-21.015101817555518,False,True,True,False,,"WATCH: weekly+band ok, waiting on 4h dot"
437,BGIG,BGIG,AMEX:BGIG,US,Bahl & Gaynor Income Growth ETF,2.315,Large Value,Long,130613.6,,https://www.tradingview.com/chart/?symbol=AMEX%3ABGIG,False,,-67.39219620085355,-67.39219620085355,35.75,32.720001220703125,33.86814071655274,0.6228160554523143,11.106060425107481,,False,False,False,False,,
438,COWG,COWG,AMEX:COWG,US,Pacer US Large Cap Cash Cows Growth Leaders ETF,2.314,Mid-Cap Growth,Long,229752.15,,https://www.tradingview.com/chart/?symbol=AMEX%3ACOWG,False,,-56.89935393636129,-27.35466779842773,38.95500183105469,32.790000915527344,34.626080627441404,0.7924166944515268,28.936149407845846,63.419589239976894,False,False,False,False,,
439,FIDU,FIDU,AMEX:FIDU,US,Fidelity MSCI Industrial Index ETF,2.284,Industrials,Long,100929.1,,https://www.tradingview.com/chart/?symbol=AMEX%3AFIDU,True,2026-09-16 09:30,-61.24642665882143,-60.35496663510812,89.58000183105469,83.70999908447266,87.4789193725586,0.36756432673106504,-38.94994235839433,64.96430815246667,False,False,False,False,,
440,EWP,EWP,AMEX:EWP,US,iShares MSCI Spain ETF,2.277,Focused Region,Long,348149.15,,https://www.tradingview.com/chart/?symbol=AMEX%3AEWP,False,,-52.10117456576253,-52.10117456576253,60.85499954223633,51.650001525878906,54.38052145385742,0.7955918979388765,38.861741083891545,69.66741357208151,False,False,False,False,,
441,HFXI,HFXI,AMEX:HFXI,US,NYLIM FTSE International Equity Currency Neutral ETF,2.265,Foreign Large Blend,Long,421386.25,,https://www.tradingview.com/chart/?symbol=AMEX%3AHFXI,False,,-51.49943995274663,-50.98243532166865,37.209999084472656,32.54999923706055,33.982519165039065,0.7677100628828052,20.98946400815576,74.50170643580581,False,False,False,False,,
442,FUTY,FUTY,AMEX:FUTY,US,Fidelity MSCI Utilities Index ETF,2.251,Utilities,Long,387702.15,,https://www.tradingview.com/chart/?symbol=AMEX%3AFUTY,True,2026-09-16 13:30,-65.57886849288984,-65.57886849288984,53.369998931884766,53.369998931884766,55.224959075927735,0.0,-55.952292085041336,36.7287789660677,False,True,False,False,,"NEAR: 4h+band ok, weekly shallow"
443,SPGP,SPGP,AMEX:SPGP,US,Invesco S&P 500 GARP ETF,2.241,Large Value,Long,75705.3,,https://www.tradingview.com/chart/?symbol=AMEX%3ASPGP,False,,-58.06270790604077,-34.983605657295065,121.61499786376953,104.2300033569336,110.08870083618164,0.7003021948386855,6.0814919098408735,66.97406310217245,False,False,False,False,,
444,IYG,IYG,AMEX:IYG,US,iShares US Financial Services ETF,2.235,Financial,Long,77891.35,,https://www.tradingview.com/chart/?symbol=AMEX%3AIYG,False,,-66.84073061751563,-66.84073061751563,93.7300033569336,80.11499786376953,84.46565908813477,0.7385409092282332,35.77815798728573,55.61766471526786,False,False,False,False,,
445,FINN,FINN.NE,NEO:FINN,NEO,Fidelity Global Innovators ETF,2.224,Total Market,Long,194894.7,,https://www.tradingview.com/chart/?symbol=NEO%3AFINN,False,,-18.58306020484247,21.270770181412427,32.349998474121094,22.270000457763672,25.014680709838867,0.8667237395181936,1.695782999568651,81.7511578774785,False,False,False,False,,
446,REMX,REMX,AMEX:REMX,US,VanEck Rare Earth and Strategic Metals ETF,2.211,Natural Resources,Long,544250.6,,https://www.tradingview.com/chart/?symbol=AMEX%3AREMX,False,,-81.56011071344125,-74.82367981790496,67.58999633789062,64.47000122070312,75.39208093261719,0.06741562660937697,-26.524603014731316,32.26129149868178,False,True,False,False,,
447,DES,DES,AMEX:DES,US,WisdomTree U.S. SmallCap Dividend Fund,2.198,Small Value,Long,101949.2,,https://www.tradingview.com/chart/?symbol=AMEX%3ADES,True,2026-09-16 09:30,-66.12091747920364,-66.12091747920364,39.09000015258789,34.814998626708984,36.439859130859375,0.6209150616501428,-14.934579971836099,76.56539362857298,False,False,False,False,,
448,DTCR,DTCR,AMEX:DTCR,US,Global X Data Center And Digital Infrastructure ETF,2.19,Real Estate,Long,662025.6,,https://www.tradingview.com/chart/?symbol=AMEX%3ADTCR,False,,-39.56414532551057,-39.56414532551057,27.299999237060547,23.03499984741211,25.266380279541014,0.45108393058583734,-32.292018636643874,75.19043367170049,False,False,False,False,,
449,TCHP,TCHP,AMEX:TCHP,US,T. Rowe Price Blue Chip Growth ETF,2.186,Large Growth,Long,201025.65,,https://www.tradingview.com/chart/?symbol=AMEX%3ATCHP,True,2026-09-16 09:30,-56.87435425269461,-56.87435425269461,49.40999984741211,42.5,44.978,0.658095223563058,2.3711715805700977,41.63472919154965,False,False,False,False,,
450,DFEV,DFEV,AMEX:DFEV,US,Dimensional Emerging Markets Value ETF,2.179,Diversified Emerging Mkts,Long,214388.95,,https://www.tradingview.com/chart/?symbol=AMEX%3ADFEV,False,,-31.222727412474566,-31.222727412474566,42.275001525878906,34.755001068115234,37.13142646789551,0.7468023646760883,44.69169382014082,76.11847785467408,False,False,False,False,,
451,IYT,IYT,AMEX:IYT,US,iShares US Transportation ETF,2.168,Industrials,Long,321360.85,,https://www.tradingview.com/chart/?symbol=AMEX%3AIYT,False,,-56.49685384661594,-56.49685384661594,80.26000213623047,72.18000030517578,76.39732095336915,0.4521544817669453,-47.53102280988208,71.6214750061847,False,False,False,False,,
452,DSTL,DSTL,AMEX:DSTL,US,Distillate US Fundamental Stability & Value ETF,2.161,Large Value,Long,131000.05,,https://www.tradingview.com/chart/?symbol=AMEX%3ADSTL,False,,-54.035637363802046,-17.45376354401928,67.08999633789062,56.70500183105469,59.88746197509766,0.7701145003185279,52.40748088135507,77.08282915097818,False,False,False,False,,
453,URNM,URNM,AMEX:URNM,US,Sprott Uranium Miners ETF,2.16,Natural Resources,Long,728080.45,,https://www.tradingview.com/chart/?symbol=AMEX%3AURNM,False,,-67.98136378213712,-64.97704495812964,50.314998626708984,47.119998931884766,52.87131867980957,0.1311038093909805,11.968316208685836,11.598543370513184,False,True,False,False,,
454,IHDG,IHDG,AMEX:IHDG,US,WisdomTree International Hedged Quality Dividend Growth Fund,2.151,Foreign Large Growth,Long,107764.7,,https://www.tradingview.com/chart/?symbol=AMEX%3AIHDG,True,2026-09-16 09:30,-61.51099435801975,-50.142084474941726,51.9900016784668,46.59000015258789,48.34348022460937,0.7267834864175219,8.48275143023324,73.55765881608535,False,False,False,False,,
455,FENY,FENY,AMEX:FENY,US,Fidelity MSCI Energy Index ETF,2.14,Equity Energy,Long,917053.5,,https://www.tradingview.com/chart/?symbol=AMEX%3AFENY,False,,21.929911381387956,21.929911381387956,35.43000030517578,29.375,31.057680252075194,0.849228527083009,63.63234698210718,79.56887338811663,False,False,False,False,,
457,FLQL,FLQL,AMEX:FLQL,US,Franklin U.S. Large Cap Multifactor Index ETF,2.128,Large Blend,Long,79832.15,,https://www.tradingview.com/chart/?symbol=AMEX%3AFLQL,False,,-39.959009610183564,-39.959009610183564,77.36000061035156,65.52999877929688,68.94017465209961,0.8186910400707084,14.544304980236655,69.54698884283344,False,False,False,False,,
458,XCEM,XCEM,AMEX:XCEM,US,Columbia EM Core ex-China ETF,2.127,Diversified Emerging Mkts,Long,117674.0,,https://www.tradingview.com/chart/?symbol=AMEX%3AXCEM,False,,-31.926820125697507,-31.926820125697507,50.35559844970703,39.18000030517578,42.90412773132324,0.7082037911999585,35.6858352135793,78.2231407244889,False,False,False,False,,
459,PXH,PXH,AMEX:PXH,US,Invesco RAFI Emerging Markets ETF,2.126,Diversified Emerging Mkts,Long,163441.8,,https://www.tradingview.com/chart/?symbol=AMEX%3APXH,False,,-48.49157727438946,-48.49157727438946,29.270000457763672,25.940000534057617,26.96893682098389,0.7637790521921234,65.91897956152873,68.27435489259021,False,False,False,False,,
461,AVIV,AVIV,AMEX:AVIV,US,Avantis International Large Cap Value ETF,2.107,Foreign Large Value,Long,81174.1,,https://www.tradingview.com/chart/?symbol=AMEX%3AAVIV,False,,-49.532552166955774,-49.532552166955774,81.46499633789062,71.76000213623047,74.62976119995118,0.7981083361828546,53.475492191841255,71.06968866156785,False,False,False,False,,
462,RWJ,RWJ,AMEX:RWJ,US,Invesco S&P SmallCap 600 Revenue ETF,2.097,Small Value,Long,87099.95,,https://www.tradingview.com/chart/?symbol=AMEX%3ARWJ,False,,-54.7081667102618,-54.7081667102618,58.75,48.58409881591797,51.94141181945801,0.7146050061205582,-2.136886430032115,76.1002208288686,False,False,False,False,,
463,SQQQ,SQQQ,AMEX:SQQQ,US,ProShares UltraPro Short QQQ,2.087,Trading--Inverse Equity,-3X Short,39767135.35,,https://www.tradingview.com/chart/?symbol=AMEX%3ASQQQ,False,,12.676107452805363,46.721170980177526,40.6150016784668,35.88990020751953,48.521116363525394,0.08828318139527193,-11.473656112911312,-50.50589682178056,False,True,False,False,,
465,GSEW,GSEW,AMEX:GSEW,US,Goldman Sachs Equal Weight U.S. Large Cap Equity ETF,2.06,Large Blend,Long,81334.95,,https://www.tradingview.com/chart/?symbol=AMEX%3AGSEW,True,2026-09-16 09:30,-62.59106149580688,-62.59106149580688,94.30000305175781,82.69000244140625,86.61232128906249,0.6985561986324008,22.756336576110225,72.98321148561612,False,False,False,False,,
466,ICLN,ICLN,AMEX:ICLN,US,iShares Global Clean Energy ETF,2.057,Miscellaneous Sector,Long,6810889.9,,https://www.tradingview.com/chart/?symbol=AMEX%3AICLN,False,,-32.93078676200739,-32.93078676200739,17.325000762939453,16.860000610351562,18.481320358276367,0.06768562225384787,-39.26445378627529,44.89395821570755,False,True,False,False,,
467,EPI,EPI,AMEX:EPI,US,WisdomTree India Earnings Fund,2.049,India Equity,Long,283423.9,,https://www.tradingview.com/chart/?symbol=AMEX%3AEPI,True,2026-09-16 13:30,-66.17956837796666,-66.17956837796666,41.33000183105469,39.56999969482422,40.827880126953126,0.33020666634221474,-2.6589499472233293,-41.83304044794067,False,False,False,False,,
468,ROBO,ROBO,AMEX:ROBO,US,ROBO Global Robotics & Automation Index ETF,2.049,Technology,Long,192072.6,,https://www.tradingview.com/chart/?symbol=AMEX%3AROBO,True,2026-09-16 09:30,-63.01976645964069,-56.98433919954775,77.55000305175781,65.69999694824219,71.50677774047851,0.48160961133038577,-32.9435930786918,65.90920865652662,False,False,False,False,,
469,WCMI,WCMI,AMEX:WCMI,US,First Trust WCM International Equity ETF,2.048,,Long,894419.55,,https://www.tradingview.com/chart/?symbol=AMEX%3AWCMI,False,,-55.77361584419945,-55.77361584419945,19.21500015258789,16.136999130249023,17.087607551574706,0.7641508585195894,26.33408673165778,,False,False,False,False,,
470,DIVB,DIVB,AMEX:DIVB,US,iShares Core Dividend ETF,2.039,Large Value,Long,225661.55,,https://www.tradingview.com/chart/?symbol=AMEX%3ADIVB,False,,-23.317211062536913,-9.539783739769403,67.375,52.84000015258789,56.826040908813475,0.8605682113590325,54.81311426845921,86.552314331596,False,False,False,False,,
471,CGCV,CGCV,AMEX:CGCV,US,Capital Group Conservative Equity ETF,2.036,Large Value,Long,273546.85,,https://www.tradingview.com/chart/?symbol=AMEX%3ACGCV,True,2026-09-16 09:30,-70.50340113752017,-70.50340113752017,32.279998779296875,29.375,30.43109963989258,0.6491619597406516,-7.017236774797781,,False,False,False,False,,
472,OIH,OIH,AMEX:OIH,US,VanEck Oil Services ETF,2.032,Equity Energy,Long,243822.3,,https://www.tradingview.com/chart/?symbol=AMEX%3AOIH,False,,-54.654578104842905,-54.654578104842905,399.8999938964844,358.6875,381.15470288085936,0.4329042921429428,44.439076932780516,56.24446201328815,False,False,False,False,,
473,ICF,ICF,AMEX:ICF,US,iShares Select U.S. REIT ETF,2.009,Real Estate,Long,74104.15,,https://www.tradingview.com/chart/?symbol=AMEX%3AICF,True,2026-09-16 09:30,-72.37747809882411,-71.8161576854839,64.8499984741211,60.66999816894531,63.07011773681641,0.41101288670234554,-44.816856023922874,78.60507106856396,False,False,False,False,,
474,ARKG,ARKG,AMEX:ARKG,US,ARK Genomic Revolution ETF,2.002,Health,Long,3925006.7,,https://www.tradingview.com/chart/?symbol=AMEX%3AARKG,False,,-57.260480948229116,19.597894780743456,47.880001068115234,24.739999771118164,30.74147939300537,0.9099489876088335,57.6534752176323,75.87417679198494,False,False,False,False,,
475,QGRO,QGRO,AMEX:QGRO,US,American Century U.S. Quality Growth ETF,2.0,Large Growth,Long,70050.65,,https://www.tradingview.com/chart/?symbol=AMEX%3AQGRO,False,,-49.47792959910629,-43.39946954385844,115.45999908447266,101.47000122070312,106.02008093261719,0.725622341781068,8.29734307905479,47.101350318457406,False,False,False,False,,
476,PHO,PHO,AMEX:PHO,US,Invesco Water Resources ETF,1.991,Natural Resources,Long,71313.3,,https://www.tradingview.com/chart/?symbol=AMEX%3APHO,False,,-73.39690427635588,-44.83457172678903,68.38999938964844,64.06999969482422,66.26951962280273,0.4635192957380989,7.274222999225233,6.97001154170196,False,False,False,False,,
477,BKDV,BKDV,AMEX:BKDV,US,BNY Mellon Dynamic Value ETF,1.983,Large Value,Long,312254.6,,https://www.tradingview.com/chart/?symbol=AMEX%3ABKDV,False,,-50.67878707685156,-50.67878707685156,33.9900016784668,29.049999237060547,30.47305554199219,0.8192511934570843,36.19340648927439,,False,False,False,False,,
478,EMGF,EMGF,AMEX:EMGF,US,iShares Emerging Markets Equity Factor ETF,1.97,Diversified Emerging Mkts,Long,153001.9,,https://www.tradingview.com/chart/?symbol=AMEX%3AEMGF,False,,-43.00014103499833,-43.00014103499833,70.51000213623047,58.16999816894531,62.47933526611328,0.6757978943427697,34.802734479212056,75.31440916808388,False,False,False,False,,
479,EUSA,EUSA,AMEX:EUSA,US,iShares MSCI USA Equal Weighted ETF,1.944,Mid-Cap Blend,Long,65945.8,,https://www.tradingview.com/chart/?symbol=AMEX%3AEUSA,False,,-67.98191425604806,-67.98191425604806,112.94999694824219,99.4800033569336,104.24366278076172,0.6673269864020247,18.12928412717796,73.72619961675814,False,False,False,False,,
480,FEOE,FEOE,AMEX:FEOE,US,First Eagle Overseas Equity ETF,1.94,Foreign Large Blend,Long,361083.9,,https://www.tradingview.com/chart/?symbol=AMEX%3AFEOE,False,,-54.72760334476101,-54.50833013125828,54.630001068115234,48.81999969482422,50.72805947875977,0.7186149698457229,34.79814789644404,,False,False,False,False,,
481,ARKQ,ARKQ,AMEX:ARKQ,US,ARK Autonomous Technology & Robotics ETF,1.934,Mid-Cap Growth,Long,10247.65,,https://www.tradingview.com/chart/?symbol=AMEX%3AARKQ,True,2026-09-16 09:30,-54.76417521107802,-54.76417521107802,119.41999816894531,106.5,115.30515942382813,0.34628783206578906,-20.240077549114844,51.23454959399152,False,False,False,False,,
482,RPG,RPG,AMEX:RPG,US,Invesco S&P 500 Pure Growth ETF,1.927,Large Growth,Long,343313.85,,https://www.tradingview.com/chart/?symbol=AMEX%3ARPG,False,,-52.39558175837766,-52.32728900161234,55.685001373291016,44.65999984741211,49.19120002746582,0.5742188066554543,-30.346308490398627,74.5014989860468,False,False,False,False,,
483,IYJ,IYJ,AMEX:IYJ,US,iShares U.S. Industrials ETF,1.924,Industrials,Long,126348.45,,https://www.tradingview.com/chart/?symbol=AMEX%3AIYJ,True,2026-09-16 09:30,-64.05702430080092,-63.675929822269005,155.3300018310547,143.3350067138672,149.6491842651367,0.4483274068032953,-24.82220225545628,64.93155069936337,False,False,False,False,,
484,PWV,PWV,AMEX:PWV,US,Invesco Large Cap Value ETF,1.909,Large Value,Long,129143.9,,https://www.tradingview.com/chart/?symbol=AMEX%3APWV,False,,-52.53743506307552,-52.53743506307552,80.06999969482422,68.37000274658203,71.91944296264649,0.7779252816509522,52.393318918099794,81.30173147827206,False,False,False,False,,
485,ILOW,ILOW,AMEX:ILOW,US,AB International Low Volatility Equity ETF,1.874,Foreign Large Blend,Long,54996.3,,https://www.tradingview.com/chart/?symbol=AMEX%3AILOW,False,,-49.421720673548066,-49.421720673548066,46.28350067138672,41.119998931884766,42.688219039916994,0.7770506220912576,40.01350321864131,,False,False,False,False,,
486,IYE,IYE,AMEX:IYE,US,iShares U.S. Energy ETF,1.867,Equity Energy,Long,533452.3,,https://www.tradingview.com/chart/?symbol=AMEX%3AIYE,False,,11.5995268108636,11.5995268108636,67.18000030517578,56.29499816894531,59.350018096923826,0.8408653837653317,63.66860208445044,80.14829866293425,False,False,False,False,,
487,CHAT,CHAT,AMEX:CHAT,US,Roundhill Generative AI & Technology ETF,1.866,Technology,Long,281833.0,,https://www.tradingview.com/chart/?symbol=AMEX%3ACHAT,False,,-33.89373605007725,-33.89373605007725,86.18000030517578,59.099998474121094,69.72235897827149,0.6016440912198233,-4.163433089818548,78.563232851126,False,False,False,False,,
488,HMAX,HMAX.TO,TSX:HMAX,TSX,Hamilton Canadian Financials Yield Maximizer ETF,1.863,Financials,Long,363585.85,,https://www.tradingview.com/chart/?symbol=TSX%3AHMAX,False,,-17.491000416898274,-7.804331041902274,17.5,15.199999809265137,15.99531978225708,0.6824926613768397,-10.377317660154022,78.5716314741574,False,False,False,False,,
489,ARKW,ARKW,AMEX:ARKW,US,ARK Next Generation Internet ETF,1.854,Mid-Cap Growth,Long,25441.65,,https://www.tradingview.com/chart/?symbol=AMEX%3AARKW,False,,-23.546815699979074,-23.546815699979074,153.75999450683594,114.44999694824219,125.32959838867187,0.8527113308906035,53.14092621521831,27.975198045602713,False,False,False,False,,
490,RWR,RWR,AMEX:RWR,US,State Street SPDR Dow Jones REIT ETF,1.848,Real Estate,Long,193509.05,,https://www.tradingview.com/chart/?symbol=AMEX%3ARWR,True,2026-09-16 09:30,-64.34043009479738,-62.16665547826282,108.5199966430664,99.2750015258789,104.02922073364257,0.45892264372103947,-38.94454195216438,80.83378373319728,False,False,False,False,,
491,RODM,RODM,AMEX:RODM,US,Hartford Multifactor Developed Markets (ex-US) ETF,1.824,Foreign Large Value,Long,71477.2,,https://www.tradingview.com/chart/?symbol=AMEX%3ARODM,False,,-26.97884919154258,-18.06333696904656,41.79999923706055,38.189998626708984,39.24963902282715,0.8040087440644947,50.05335646686538,69.61222945704993,False,False,False,False,,
492,ICOW,ICOW,AMEX:ICOW,US,Pacer Developed Markets International Cash Cows 100 ETF,1.823,Foreign Large Value,Long,95016.0,,https://www.tradingview.com/chart/?symbol=AMEX%3AICOW,False,,-54.348865941908706,-50.70627668483335,43.61000061035156,41.14500045776367,42.30730027770996,0.5005077227299449,43.06639058347725,68.50259303217216,False,False,False,False,,
493,ZWC,ZWC.TO,TSX:ZWC,TSX,BMO Canadian High Dividend Covered Call Fund,1.823,High Dividend Yield,Long,73819.6,,https://www.tradingview.com/chart/?symbol=TSX%3AZWC,False,,-40.12441447938567,-26.681947633792287,22.649999618530273,20.8799991607666,21.425159484863283,0.7662335088753586,36.77279483724337,75.42149335265653,False,False,False,False,,
494,QDPL,QDPL,AMEX:QDPL,US,Pacer Metaurus US Large Cap Dividend Multiplier 400 ETF,1.808,Large Blend,Long,123996.75,,https://www.tradingview.com/chart/?symbol=AMEX%3AQDPL,False,,-52.300044041252875,-52.300044041252875,45.439998626708984,39.27000045776367,41.09576759338379,0.7975384918824965,31.895564859781643,69.51211534012359,False,False,False,False,,
495,GSWO,GSWO,AMEX:GSWO,US,Goldman Sachs ActiveBeta World Equity ETF,1.807,Global Large-Stock Blend,Long,54634.65,,https://www.tradingview.com/chart/?symbol=AMEX%3AGSWO,False,,-48.525437474587854,-48.525437474587854,64.3499984741211,54.72999954223633,57.4515518951416,0.8342002848121679,38.12133052836879,73.86331013858779,False,False,False,False,,
496,FCOM,FCOM,AMEX:FCOM,US,Fidelity MSCI Communication Services Index ETF,1.792,Communications,Long,149907.45,,https://www.tradingview.com/chart/?symbol=AMEX%3AFCOM,False,,53.530802732250685,68.12951627159383,72.73999786376953,65.43000030517578,67.7664006652832,0.7383834779707047,32.84083497279422,35.54747520680637,False,False,False,False,,
497,GEM,GEM,AMEX:GEM,US,Goldman Sachs ActiveBeta Emerging Markets Equity ETF,1.786,Diversified Emerging Mkts,Long,108771.55,,https://www.tradingview.com/chart/?symbol=AMEX%3AGEM,False,,-41.44632504075178,-41.44632504075178,49.9900016784668,41.61000061035156,44.56826057434082,0.6685282146090582,35.53241274682258,74.84941130471115,False,False,False,False,,
498,BDVL,BDVL,AMEX:BDVL,US,iShares Disciplined Volatility Equity Active ETF Trust Unit,1.78,Global Large-Stock Blend,Long,231793.3,,https://www.tradingview.com/chart/?symbol=AMEX%3ABDVL,False,,-46.06938154768608,-46.06938154768608,26.200000762939453,24.110000610351562,24.792040466308595,0.7231835965343006,35.44986531154959,,False,False,False,False,,
499,EWW,EWW,AMEX:EWW,US,iShares MSCI Mexico ETF,1.773,Focused Region,Long,1093486.15,,https://www.tradingview.com/chart/?symbol=AMEX%3AEWW,True,2026-09-16 09:30,-71.39949531859399,-71.39949531859399,72.8010025024414,69.86000061035156,72.34508032226563,0.27929745802745715,-3.5731251685456744,53.59966343905595,False,False,False,False,,
500,RPV,RPV,AMEX:RPV,US,Invesco S&P 500 Pure Value ETF,1.766,Mid-Cap Value,Long,121782.8,,https://www.tradingview.com/chart/?symbol=AMEX%3ARPV,False,,-19.80498759065712,-19.548771826244792,120.27999877929688,104.54000091552734,108.9720806274414,0.8381256063297167,50.51574155302014,77.88733909370403,False,False,False,False,,
501,SPGM,SPGM,AMEX:SPGM,US,State Street SPDR Portfolio MSCI Global Stock Market ETF,1.762,Global Large-Stock Blend,Long,87066.0,,https://www.tradingview.com/chart/?symbol=AMEX%3ASPGM,True,2026-09-16 09:30,-56.18501906408465,-56.18501906408465,85.8499984741211,73.34500122070312,76.95462078857422,0.8175873651824221,33.92280283889896,70.17409412104487,False,False,False,False,,
502,XEG,XEG.TO,TSX:XEG,TSX,iShares S&P/TSX Capped Energy Index ETF,1.739,Energy,Long,1590472.7,,https://www.tradingview.com/chart/?symbol=TSX%3AXEG,False,,22.306374111851508,51.01448246473881,29.0,23.81999969482422,25.278479766845702,0.8381877102558563,58.194136312144906,80.04628266292292,False,False,False,False,,
503,DFAR,DFAR,AMEX:DFAR,US,Dimensional US Real Estate ETF,1.737,Real Estate,Long,2813620.45,,https://www.tradingview.com/chart/?symbol=AMEX%3ADFAR,True,2026-09-16 09:30,-65.24900599571119,-62.31614982362563,25.184999465942383,23.200000762939453,24.220700492858885,0.4589593591306898,-43.82577368243326,81.27123030384855,False,False,False,False,,
504,HACK,HACK,AMEX:HACK,US,Amplify Cybersecurity ETF,1.734,Technology,Long,281297.35,,https://www.tradingview.com/chart/?symbol=AMEX%3AHACK,False,,-14.668325278163232,54.67158582614875,119.41999816894531,71.06999969482422,83.03755947875976,0.9534608429706284,26.465951421011436,62.924545333614184,False,False,False,False,,
505,EWG,EWG,AMEX:EWG,US,iShares MSCI Germany ETF,1.714,Focused Region,Long,792172.5,,https://www.tradingview.com/chart/?symbol=AMEX%3AEWG,False,,-65.69640751328394,-58.78031002298969,42.41999816894531,38.09000015258789,39.633440368652344,0.6620791147103805,31.478065079761752,49.20019051103427,False,False,False,False,,
506,FDIS,FDIS,AMEX:FDIS,US,Fidelity MSCI Consumer Discretionary Index ETF,1.692,Consumer Cyclical,Long,55628.05,,https://www.tradingview.com/chart/?symbol=AMEX%3AFDIS,False,,-66.72506844846471,-66.72506844846471,96.16000366210938,90.31999969482422,93.84819897460937,0.3906357966161204,-30.38490838368868,33.35336278314253,False,False,False,False,,
507,TOUS,TOUS,AMEX:TOUS,US,T. Rowe Price International Equity ETF,1.688,Foreign Large Blend,Long,100223.2,,https://www.tradingview.com/chart/?symbol=AMEX%3ATOUS,False,,-52.81670034134057,-52.81670034134057,38.75,33.470001220703125,35.0582811126709,0.7845466773304373,32.80367911231252,,False,False,False,False,,
508,FLKR,FLKR,AMEX:FLKR,US,Franklin FTSE South Korea ETF,1.687,Focused Region,Long,573190.8,,https://www.tradingview.com/chart/?symbol=AMEX%3AFLKR,False,,-25.64857177712993,-25.64857177712993,57.70000076293945,37.60499954223633,45.7930203704834,0.5791900616233797,26.99431502214989,81.36961995182138,False,False,False,False,,
509,IDIV.B,IDIV-B.TO,TSX:IDIV.B,TSX,Manulife Smart International Dividend ETF,1.685,Total Market,Long,113557.2,,https://www.tradingview.com/chart/?symbol=TSX%3AIDIV.B,False,,-23.939163772497,-21.529740356894155,20.850000381469727,18.110000610351562,18.87464055633545,0.8456790014440514,23.533155976293855,71.89081363981971,False,False,False,False,,
510,IEV,IEV,AMEX:IEV,US,iShares Europe ETF,1.683,Europe Stock,Long,102898.7,,https://www.tradingview.com/chart/?symbol=AMEX%3AIEV,True,2026-09-16 09:30,-67.86337751648169,-65.44771899546735,72.44999694824219,65.26000213623047,67.85364163208008,0.654230774303861,22.589326907453458,67.31756244941892,False,False,False,False,,
511,BIZD,BIZD,AMEX:BIZD,US,VanEck BDC Income ETF,1.681,Financial,Long,2866820.1,,https://www.tradingview.com/chart/?symbol=AMEX%3ABIZD,False,,-63.54968786506695,-33.94395795190197,13.085000038146973,12.109999656677246,12.455739692687988,0.6655292013092352,45.39626235181873,-28.8643244083991,False,False,False,False,,
512,KORU,KORU,AMEX:KORU,US,Direxion Daily MSCI South Korea Bull 3X ETF,1.675,Trading--Leveraged Equity,3X Long,23657476.95,,https://www.tradingview.com/chart/?symbol=AMEX%3AKORU,False,,-31.542436039270697,-31.542436039270697,18.309999465942383,11.954999923706055,24.03831758880615,0.12411987614126417,-11.665346932665111,66.12170770994108,False,True,False,False,,
513,IHE,IHE,AMEX:IHE,US,iShares U.S. Pharmaceuticals ETF,1.675,Health,Long,197113.5,,https://www.tradingview.com/chart/?symbol=AMEX%3AIHE,False,,-58.990063694481044,-51.75406970743101,101.19999694824219,83.7699966430664,89.50007815551757,0.717874617155638,31.587688345895685,80.37804260956521,False,False,False,False,,
514,INFL,INFL,AMEX:INFL,US,Horizon Kinetics Inflation Beneficiaries ETF,1.67,Global Small/Mid Stock,Long,144663.0,,https://www.tradingview.com/chart/?symbol=AMEX%3AINFL,False,,-69.2775763828811,-69.2775763828811,52.880001068115234,48.189998626708984,50.03787905883789,0.5989784603632098,60.89826281202685,65.47576975767343,False,False,False,False,,
515,FGD,FGD,AMEX:FGD,US,First Trust Dow Jones Global Select Dividend Index Fund,1.668,Foreign Large Value,Long,135659.25,,https://www.tradingview.com/chart/?symbol=AMEX%3AFGD,False,,-46.94428745946029,-46.94428745946029,35.0099983215332,30.959999084472656,32.14943930053711,0.8035711312240483,53.82881249794499,70.6178312460553,False,False,False,False,,
516,XFN,XFN.TO,TSX:XFN,TSX,iShares S&P/TSX Capped Financials Index ETF,1.654,Financials,Long,103181.3,,https://www.tradingview.com/chart/?symbol=TSX%3AXFN,False,,-18.1176387505714,-8.324813525323343,92.8550033569336,73.91999816894531,79.6453586730957,0.7805030305298404,-12.298199793980402,79.78189349552157,False,False,False,False,,
517,QQC,QQC.TO,TSX:QQC,TSX,CI Invesco NASDAQ 100 Index ETF,1.646,US Equity,Long,92352.3,,https://www.tradingview.com/chart/?symbol=TSX%3AQQC,False,,-23.3372253643944,-21.81550849089812,48.150001525878906,38.029998779296875,41.14283935546875,0.767247981305384,-14.673518891665973,70.78955945011516,False,False,False,False,,
518,BUG,BUG,AMEX:BUG,US,Global X Cybersecurity ETF,1.64,Technology,Long,1312198.55,,https://www.tradingview.com/chart/?symbol=AMEX%3ABUG,False,,-35.66855841461223,41.14752153489286,44.970001220703125,23.299999237060547,28.494359741210936,0.9845524707138388,36.924994802217036,22.170509994837783,False,False,False,False,,
519,KBE,KBE,AMEX:KBE,US,State Street SPDR S&P Bank ETF,1.612,Financial,Long,1199488.9,,https://www.tradingview.com/chart/?symbol=AMEX%3AKBE,False,,-33.979299323344826,-33.979299323344826,66.78500366210938,57.29999923706055,60.69013963317871,0.6602856468347577,-9.060700674511429,71.69787367013596,False,False,False,False,,
520,FFSM,FFSM,AMEX:FFSM,US,Fidelity Fundamental Small-Mid Cap ETF,1.606,Mid-Cap Blend,Long,224548.1,,https://www.tradingview.com/chart/?symbol=AMEX%3AFFSM,True,2026-09-16 09:30,-71.64767997057386,-70.61389152334938,34.66999816894531,30.889999389648438,32.66943960571289,0.50132603717761,-30.449421681475446,73.12631872053079,False,False,False,False,,
521,TGRT,TGRT,AMEX:TGRT,US,T. Rowe Price Growth ETF,1.601,Large Growth,Long,72388.85,,https://www.tradingview.com/chart/?symbol=AMEX%3ATGRT,False,,-51.04773287784439,-49.51619612365181,45.45000076293945,37.790000915527344,40.0992608795166,0.7828308601801348,8.35358819824251,,False,False,False,False,,
522,SEIV,SEIV,AMEX:SEIV,US,SEI Enhanced U.S. Large Cap Value Factor ETF,1.589,Large Value,Long,143790.65,,https://www.tradingview.com/chart/?symbol=AMEX%3ASEIV,False,,-13.101116535995118,-13.101116535995118,50.189998626708984,40.56999969482422,43.13886019897461,0.88378475369011,49.85811055101944,78.855161622127,False,False,False,False,,
523,BKGI,BKGI,AMEX:BKGI,US,BNY Mellon Global Infrastructure Income ETF,1.585,Infrastructure,Long,500717.75,,https://www.tradingview.com/chart/?symbol=AMEX%3ABKGI,True,2026-09-16 09:30,-64.25610922522345,-62.812201108200874,43.52000045776367,43.43000030517578,44.15687983703613,0.02922084758169093,-44.07866889676357,61.674738493260776,False,True,False,False,,"NEAR: 4h+band ok, weekly shallow"
524,ZWU,ZWU.TO,TSX:ZWU,TSX,BMO Covered Call Utilities Fund,1.58,Utilities,Long,224160.25,,https://www.tradingview.com/chart/?symbol=TSX%3AZWU,True,2026-09-16 09:30,-64.70196451447661,-63.890646965591195,11.135000228881836,11.119999885559082,11.391400020599365,0.01304377031221623,-50.00185508123389,58.004780072108645,False,True,False,False,,"NEAR: 4h+band ok, weekly shallow"
525,AVES,AVES,AMEX:AVES,US,Avantis Emerging Markets Value ETF,1.563,Diversified Emerging Mkts,Long,82668.3,,https://www.tradingview.com/chart/?symbol=AMEX%3AAVES,False,,-58.072036014311486,-58.072036014311486,64.45999908447266,58.25,60.765760864257814,0.5825513087341507,38.038482513727324,63.38159345385515,False,False,False,False,,
526,XOVR,XOVR,AMEX:XOVR,US,ERShares Private-Public Crossover ETF,1.549,Large Growth,Long,1229508.85,,https://www.tradingview.com/chart/?symbol=AMEX%3AXOVR,False,,-15.252914783541462,-13.301205842209662,20.7549991607666,16.450000762939453,17.60876072692871,0.8767817783326742,39.707583154454575,28.798105538906032,False,False,False,False,,
527,LIT,LIT,AMEX:LIT,US,Global X Lithium & Battery Tech ETF,1.549,Natural Resources,Long,274797.9,,https://www.tradingview.com/chart/?symbol=AMEX%3ALIT,False,,-80.20492549780245,-70.95487691835301,69.61000061035156,66.7300033569336,72.63472256469727,0.11510781933762088,-8.793998040281673,49.44866625904393,False,True,False,False,,
528,ASHR,ASHR,AMEX:ASHR,US,Xtrackers Harvest CSI 300 China A-Shares ETF,1.543,Greater China Region,Long,2948509.35,,https://www.tradingview.com/chart/?symbol=AMEX%3AASHR,True,2026-09-16 09:30,-82.6362484378597,-75.79899415573034,33.290000915527344,31.93000030517578,33.19496044921875,0.2537314282623487,-49.75077662876647,55.17423768984037,False,False,False,False,,
529,FLQM,FLQM,AMEX:FLQM,US,Franklin U.S. Mid Cap Multifactor Index ETF,1.543,Mid-Cap Blend,Long,42324.9,,https://www.tradingview.com/chart/?symbol=AMEX%3AFLQM,False,,-61.936803526873035,-32.02798926396631,59.21500015258789,54.040000915527344,55.92328080749512,0.6484961821953058,21.276050754559552,69.7025463612304,False,False,False,False,,
530,SEIM,SEIM,AMEX:SEIM,US,SEI Enhanced U.S. Large Cap Momentum Factor ETF,1.504,Large Growth,Long,92607.65,,https://www.tradingview.com/chart/?symbol=AMEX%3ASEIM,False,,-51.98935381725087,-51.93068344750875,52.61000061035156,43.904998779296875,46.79481942749023,0.7109023992244126,-16.290782279716584,71.02777726085068,False,False,False,False,,
531,FNDB,FNDB,AMEX:FNDB,US,Schwab Fundamental U.S. Broad Market ETF,1.498,Large Value,Long,581123.5,,https://www.tradingview.com/chart/?symbol=AMEX%3AFNDB,False,,-42.199858449423665,-42.199858449423665,31.149999618530273,26.655000686645508,27.898720344543456,0.8529412084052208,40.824513507425856,74.18038430383608,False,False,False,False,,
532,USXF,USXF,AMEX:USXF,US,iShares ESG Advanced MSCI USA ETF,1.497,Large Growth,Long,52914.4,,https://www.tradingview.com/chart/?symbol=AMEX%3AUSXF,True,2026-09-16 09:30,-62.74850964224844,-62.74850964224844,65.875,53.310001373291016,57.39516169738769,0.7258808567223181,-8.04216649386464,72.04572307534251,False,False,False,False,,
533,DDWM,DDWM,AMEX:DDWM,US,WisdomTree Dynamic International Equity Fund,1.495,Foreign Large Value,Long,95261.7,,https://www.tradingview.com/chart/?symbol=AMEX%3ADDWM,False,,-50.73458647366896,-50.09590175831261,46.400001525878906,42.68000030517578,43.9048399810791,0.7167634306412147,28.95979169471479,65.24367474712183,False,False,False,False,,
534,SMIG,SMIG,AMEX:SMIG,US,Bahl & Gaynor Small/Mid Cap Income Growth ETF,1.488,Mid-Cap Value,Long,204331.75,,https://www.tradingview.com/chart/?symbol=AMEX%3ASMIG,True,2026-09-16 09:30,-73.55360500715722,-73.55360500715722,31.264999389648438,28.90999984741211,30.026279739379884,0.4978857865011319,-30.628751595770172,74.61674710535554,False,False,False,False,,
535,IWC,IWC,AMEX:IWC,US,iShares Micro-Cap ETF,1.484,Small Blend,Long,49218.2,,https://www.tradingview.com/chart/?symbol=AMEX%3AIWC,True,2026-09-16 09:30,-61.499376206680495,-61.499376206680495,187.66000366210938,153.0449981689453,164.62198004150392,0.7056365282691145,-0.011174040691136847,71.60640273933673,False,False,False,False,,
536,FREL,FREL,AMEX:FREL,US,Fidelity MSCI Real Estate Index ETF,1.476,Real Estate,Long,338787.4,,https://www.tradingview.com/chart/?symbol=AMEX%3AFREL,True,2026-09-16 09:30,-64.90374357469949,-60.039112560173805,28.354999542236328,26.420000076293945,27.46548014831543,0.43679443174792343,-38.04590505273788,75.34543974791494,False,False,False,False,,
537,AVLC,AVLC,AMEX:AVLC,US,Avantis U.S. Large Cap Equity ETF,1.473,Large Blend,Long,67313.1,,https://www.tradingview.com/chart/?symbol=AMEX%3AAVLC,False,,-56.8149920647464,-56.8149920647464,89.5,75.37999725341797,79.52651718139649,0.8036427428477139,26.15013769909058,,False,False,False,False,,
538,RDIV,RDIV,AMEX:RDIV,US,Invesco S&P Ultra Dividend Revenue ETF,1.471,Mid-Cap Value,Long,92747.0,,https://www.tradingview.com/chart/?symbol=AMEX%3ARDIV,False,,-69.27174504105737,-60.13799490942616,60.15999984741211,54.5099983215332,56.775598861694334,0.5885416852931137,24.375490720955927,78.25394769143413,False,False,False,False,,
539,NVDY,NVDY,AMEX:NVDY,US,YieldMax NVDA Option Income Strategy ETF,1.447,Derivative Income,Long,1913077.85,,https://www.tradingview.com/chart/?symbol=AMEX%3ANVDY,True,2026-09-16 09:30,-58.136016607305635,-51.295798240610644,12.1899995803833,11.59000015258789,12.371160026550292,0.18126873855086428,43.06903699060428,60.374176854840556,False,True,False,False,,
540,IDVO,IDVO,AMEX:IDVO,US,Amplify CWP International Enhanced Dividend Income ETF,1.446,Derivative Income,Long,253072.95,,https://www.tradingview.com/chart/?symbol=AMEX%3AIDVO,False,,-52.515777437248715,-52.515777437248715,42.08000183105469,38.959999084472656,40.04441937255859,0.6789993292111922,48.89755163868804,68.22797184120054,False,False,False,False,,
541,IAI,IAI,AMEX:IAI,US,iShares U.S. Broker-Dealers & Securities Exchanges ETF,1.434,Financial,Long,76946.25,,https://www.tradingview.com/chart/?symbol=AMEX%3AIAI,False,,-72.38065787723183,-72.38065787723183,181.01499938964844,158.27000427246094,167.66044268798828,0.5716260104299727,42.11340727021439,55.35514863466748,False,False,False,False,,
542,QQQE,QQQE,AMEX:QQQE,US,Direxion NASDAQ-100 Equal Weighted Index ETF,1.431,Large Growth,Long,141525.4,,https://www.tradingview.com/chart/?symbol=AMEX%3AQQQE,True,2026-09-16 09:30,-69.71699488251348,-67.38747311573542,116.6500015258789,96.06300354003906,102.82251513671875,0.7187696115566609,2.8900606892634877,76.44074195722045,False,False,False,False,,
543,HHIS,HHIS.TO,TSX:HHIS,TSX,Harvest Diversified High Income Shares ETF,1.43,Total Market,Long,827952.3,,https://www.tradingview.com/chart/?symbol=TSX%3AHHIS,False,,-8.01833250494786,12.948960711858971,11.140000343322754,9.779999732971191,10.369999732971191,0.544000244140625,43.79429715299134,,False,False,False,False,,
544,FSTA,FSTA,AMEX:FSTA,US,Fidelity MSCI Consumer Staples Index ETF,1.414,Consumer Defensive,Long,122094.6,,https://www.tradingview.com/chart/?symbol=AMEX%3AFSTA,False,,-59.84650871198846,-24.062766744148036,52.439998626708984,51.34000015258789,52.21792044067383,0.2956984175164278,-8.060341636167843,56.21973462009267,False,False,False,False,,
545,IYK,IYK,AMEX:IYK,US,iShares U.S. Consumer Staples ETF,1.404,Consumer Defensive,Long,119163.05,,https://www.tradingview.com/chart/?symbol=AMEX%3AIYK,False,,-48.42279414325145,-33.52454477992496,73.18000030517578,69.02999877929688,70.94395892333985,0.5117140830522091,17.508181267332002,68.01854799125498,False,False,False,False,,
546,RYLD,RYLD,AMEX:RYLD,US,Global X Russell 2000 Covered Call ETF,1.397,Derivative Income,Long,442053.9,,https://www.tradingview.com/chart/?symbol=AMEX%3ARYLD,True,2026-09-16 09:30,-61.79454271235318,-61.79454271235318,15.739999771118164,14.649999618530273,15.0677197265625,0.6158191359820687,34.46715134921036,76.71821890087188,False,False,False,False,,
547,HHL,HHL.TO,TSX:HHL,TSX,Harvest Healthcare Leaders Income ETF,1.392,Health Care,Long,316378.75,,https://www.tradingview.com/chart/?symbol=TSX%3AHHL,False,,-67.56250567218308,-23.174726264635876,7.260000228881836,6.690000057220459,6.93307999420166,0.5533983683831883,38.08457207552937,31.14627259064949,False,False,False,False,,
548,HDIV,HDIV.TO,TSX:HDIV,TSX,Hamilton Enhanced Canadian Covered Call ETF,1.391,Total Market,1.25X Long,188717.45,,https://www.tradingview.com/chart/?symbol=TSX%3AHDIV,False,,-47.83991417973706,-47.47694611948233,23.5,20.280000686645508,21.202760650634765,0.8235292682903034,45.686509001289856,75.72241856561743,False,False,False,False,,
549,BALI,BALI,AMEX:BALI,US,iShares U.S. Large Cap Premium Income Active ETF,1.382,Derivative Income,Long,230153.7,,https://www.tradingview.com/chart/?symbol=AMEX%3ABALI,False,,-52.86798976050964,-52.86798976050964,34.02000045776367,30.059999465942383,31.268319664001464,0.7734375669387991,40.79211185373949,,False,False,False,False,,
550,BKIE,BKIE,AMEX:BKIE,US,BNY Mellon International Equity ETF,1.366,Foreign Large Blend,Long,92094.7,,https://www.tradingview.com/chart/?symbol=AMEX%3ABKIE,True,2026-09-16 09:30,-57.039725743345,-57.039725743345,33.790000915527344,30.06333351135254,31.24018662261963,0.7473264921212844,41.33152251848117,65.28660100065679,False,False,False,False,,
551,BUYW,BUYW,AMEX:BUYW,US,Main BuyWrite ETF,1.359,Derivative Income,Long,233695.2,,https://www.tradingview.com/chart/?symbol=AMEX%3ABUYW,False,,-41.114385975673464,-41.114385975673464,14.53499984741211,13.859999656677246,14.04643964767456,0.8544306624415271,56.399552841919466,68.47981508629435,False,False,False,False,,
552,FDT,FDT,AMEX:FDT,US,First Trust Developed Markets ex-US AlphaDEX Fund,1.347,Foreign Large Value,Long,114642.8,,https://www.tradingview.com/chart/?symbol=AMEX%3AFDT,False,,-34.69124880674096,-34.69124880674096,94.9000015258789,83.81999969482422,87.84615911865234,0.6494726504502506,36.812254151055434,68.34160765605964,False,False,False,False,,
553,EWA,EWA,AMEX:EWA,US,iShares MSCI Australia ETF,1.34,Focused Region,Long,2256429.7,,https://www.tradingview.com/chart/?symbol=AMEX%3AEWA,False,,-66.25166996433269,-66.25166996433269,28.5,27.15999984741211,27.931719955444336,0.4097859220191995,31.76101283015002,64.49608054408507,False,False,False,False,,
554,XHB,XHB,AMEX:XHB,US,State Street SPDR S&P Homebuilders ETF,1.339,Consumer Cyclical,Long,1525099.25,,https://www.tradingview.com/chart/?symbol=AMEX%3AXHB,False,,-67.26334410606722,-50.20990928256205,96.81999969482422,94.8499984741211,99.88387890625,0.09235823026676768,-64.74400551537865,3.453747226931378,False,True,True,False,,"WATCH: weekly+band ok, waiting on 4h dot"
556,IHF,IHF,AMEX:IHF,US,iShares U.S. Healthcare Providers ETF,1.325,Health,Long,528318.9,,https://www.tradingview.com/chart/?symbol=AMEX%3AIHF,False,,-32.28418626906437,-6.6867844073517775,56.66999816894531,40.970001220703125,45.02212078857422,0.9143854759774024,35.062246930181196,30.936665255580348,False,False,False,False,,
557,MGNR,MGNR,AMEX:MGNR,US,American Beacon GLG Natural Resources ETF,1.325,Natural Resources,Long,383997.75,,https://www.tradingview.com/chart/?symbol=AMEX%3AMGNR,False,,-51.47237426448425,-51.47237426448425,52.130001068115234,47.429901123046875,49.528483840942386,0.5285584302097369,45.87895888874733,,False,False,False,False,,
558,SEIE,SEIE,AMEX:SEIE,US,SEI Select International Equity ETF,1.32,Foreign Large Blend,Long,88725.45,,https://www.tradingview.com/chart/?symbol=AMEX%3ASEIE,False,,-48.34430115171642,-47.08440730115293,36.2400016784668,31.520000457763672,32.91239991760254,0.8000005172472875,35.36243056008797,,False,False,False,False,,
559,IDU,IDU,AMEX:IDU,US,iShares U.S. Utilities ETF,1.315,Utilities,Long,75343.05,,https://www.tradingview.com/chart/?symbol=AMEX%3AIDU,False,,-69.9356857654215,-69.9356857654215,104.74500274658203,104.74500274658203,108.34518209838868,0.0,-53.53213812590243,36.58344382246119,False,True,False,False,,
560,NUGT,NUGT,AMEX:NUGT,US,Direxion Daily Gold Miners Index Bull 2X ETF,1.304,Trading--Leveraged Equity,2X Long,738789.75,,https://www.tradingview.com/chart/?symbol=AMEX%3ANUGT,True,2026-09-16 09:30,-62.81995426835351,-61.812357670467385,166.86000061035156,101.83000183105469,138.04892211914063,0.42373101102526295,41.209859632080004,27.977469283974425,False,False,False,False,,
561,FTGS,FTGS,AMEX:FTGS,US,First Trust Growth Strength ETF,1.301,Large Blend,Long,104437.15,,https://www.tradingview.com/chart/?symbol=AMEX%3AFTGS,True,2026-09-16 09:30,-62.56962890693682,-54.32117579109808,37.65999984741211,33.08000183105469,34.71786491394043,0.6599327765273003,15.328444718489374,62.378933727655756,False,False,False,False,,
562,SOXS,SOXS,AMEX:SOXS,US,Direxion Daily Semiconductor Bear 3X ETF,1.299,Trading--Inverse Equity,-3X Short,48290028.4,,https://www.tradingview.com/chart/?symbol=AMEX%3ASOXS,False,,-24.43508883333351,20.820395972844118,50.16999816894531,32.5,139.80447827148436,0.038862493299865214,-16.032209809922595,-39.33808800207251,False,True,False,False,,
563,EWS,EWS,AMEX:EWS,US,iShares MSCI Singapore ETF,1.29,Focused Region,Long,865185.2,,https://www.tradingview.com/chart/?symbol=AMEX%3AEWS,False,,-58.59945808757897,-58.59945808757897,32.71500015258789,27.125,28.88083967590332,0.7513442452153484,54.17751760976213,73.43733651512935,False,False,False,False,,
564,DVYE,DVYE,AMEX:DVYE,US,iShares Emerging Markets Dividend ETF,1.289,Diversified Emerging Mkts,Long,117777.6,,https://www.tradingview.com/chart/?symbol=AMEX%3ADVYE,False,,-52.91469206288273,-52.91469206288273,34.71500015258789,31.969999313354492,32.98951969146729,0.6354166252745675,67.66032726251237,65.00700757044069,False,False,False,False,,
565,BTCI,BTCI,AMEX:BTCI,US,NEOS Bitcoin High Income ETF,1.285,Digital Assets,Long,596300.35,,https://www.tradingview.com/chart/?symbol=AMEX%3ABTCI,False,,-44.32104590602211,-44.32104590602211,30.821500778198242,26.629899978637695,29.29908325958252,0.37060691776329824,60.12985753892996,,False,False,False,False,,
566,TGED,TGED.TO,TSX:TGED,TSX,TD Active Global Enhanced Dividend ETF,1.281,Total Market,Long,100768.75,,https://www.tradingview.com/chart/?symbol=TSX%3ATGED,True,2026-09-16 09:30,-53.56317734634856,-49.733895018656675,31.540000915527344,27.68000030517578,29.655320053100585,0.4611709800400612,-42.74800323133608,67.52917368621503,False,False,False,False,,
567,IGPT,IGPT,AMEX:IGPT,US,Invesco AI and Next Gen Software ETF,1.255,Technology,Long,130976.8,,https://www.tradingview.com/chart/?symbol=AMEX%3AIGPT,False,,-10.822076436873674,-10.822076436873674,93.70999908447266,55.4900016784668,68.01688121032714,0.7200451928093098,11.150408692355853,85.71081328510915,False,False,False,False,,
568,UTES,UTES,AMEX:UTES,US,Virtus Reaves Utilities ETF,1.252,Utilities,Long,183396.1,,https://www.tradingview.com/chart/?symbol=AMEX%3AUTES,False,,-56.35529125670419,-56.35529125670419,71.97000122070312,71.8499984741211,74.94277926635742,0.009157017614844044,-55.8526006915092,18.383198571045476,False,True,False,False,,
569,AVGE,AVGE,AMEX:AVGE,US,Avantis All Equity Markets ETF,1.248,Global Large-Stock Blend,Long,78872.1,,https://www.tradingview.com/chart/?symbol=AMEX%3AAVGE,True,2026-09-16 09:30,-59.492887009205845,-59.492887009205845,98.82499694824219,85.62000274658203,89.59424188232421,0.7841447193161452,36.98033240658356,73.72764242686249,False,False,False,False,,
570,TNA,TNA,AMEX:TNA,US,Direxion Daily Small Cap Bull 3X ETF,1.246,Trading--Leveraged Equity,3X Long,3135456.25,,https://www.tradingview.com/chart/?symbol=AMEX%3ATNA,True,2026-09-16 09:30,-65.89635467288862,-65.75700099127043,61.939998626708984,39.9900016784668,48.76448085021973,0.5903711409403548,-25.759049174136663,69.56536855881602,False,False,False,False,,
571,FTXL,FTXL,AMEX:FTXL,US,First Trust Nasdaq Semiconductor ETF,1.245,Technology,Long,125588.4,,https://www.tradingview.com/chart/?symbol=AMEX%3AFTXL,False,,-9.658652110853545,-9.658652110853545,223.99000549316406,139.3300018310547,176.59204168701172,0.536196111149392,-28.102540782017297,83.45764803010643,False,False,False,False,,
572,RWO,RWO,AMEX:RWO,US,State Street SPDR Dow Jones Global Real Estate ETF,1.243,Global Real Estate,Long,63768.55,,https://www.tradingview.com/chart/?symbol=AMEX%3ARWO,True,2026-09-16 09:30,-69.63101357284911,-65.9783821891394,48.099998474121094,44.83000183105469,46.57998886108398,0.4409856727628161,-36.921098616938714,73.20294487951743,False,False,False,False,,
573,IYZ,IYZ,AMEX:IYZ,US,iShares U.S. Telecommunications ETF,1.238,Communications,Long,604137.45,,https://www.tradingview.com/chart/?symbol=AMEX%3AIYZ,False,,-30.85525947565867,-30.85525947565867,42.064998626708984,38.599998474121094,40.346398834228516,0.4682431673115566,12.17927721719905,73.06313482061871,False,False,False,False,,
574,SDIV,SDIV,AMEX:SDIV,US,Global X Superdividend ETF,1.238,Global Small/Mid Stock,Long,357267.6,,https://www.tradingview.com/chart/?symbol=AMEX%3ASDIV,False,,-62.99086233653653,-62.99086233653653,24.295000076293945,24.149999618530273,24.629079780578614,0.07142877276720488,51.02607954385015,57.3822422858926,False,True,False,False,,
575,EDIV,EDIV,AMEX:EDIV,US,State Street SPDR S&P Emerging Markets Dividend ETF,1.238,Diversified Emerging Mkts,Long,84103.35,,https://www.tradingview.com/chart/?symbol=AMEX%3AEDIV,False,,-47.59366823847338,-47.59366823847338,41.380001068115234,38.599998474121094,39.4983197479248,0.7303407269924848,32.86457387098407,62.813639197617796,False,False,False,False,,
576,MFSI,MFSI,AMEX:MFSI,US,MFS Active International ETF,1.229,Foreign Large Blend,Long,178068.65,,https://www.tradingview.com/chart/?symbol=AMEX%3AMFSI,False,,-52.12287004758616,-52.12287004758616,32.84000015258789,28.780000686645508,29.98832088470459,0.7929685157142032,34.65143466442643,,False,False,False,False,,
577,FFLC,FFLC,AMEX:FFLC,US,Fidelity Fundamental Large Cap Core ETF,1.226,Large Blend,Long,64949.75,,https://www.tradingview.com/chart/?symbol=AMEX%3AFFLC,False,,-55.919792555132716,-55.919792555132716,58.6150016784668,49.619998931884766,52.277359436035155,0.7988455630607282,22.025048013399,67.9063660592098,False,False,False,False,,
578,IYM,IYM,AMEX:IYM,US,iShares U.S. Basic Materials ETF,1.221,Natural Resources,Long,150211.25,,https://www.tradingview.com/chart/?symbol=AMEX%3AIYM,False,,-79.51913124336232,-71.7297146253038,182.24000549316406,163.22999572753906,171.08171673583985,0.5713858528524576,35.806409714145076,67.92532717090432,False,False,False,False,,
579,WINN,WINN,AMEX:WINN,US,Harbor Long-Term Growers ETF,1.2,Large Growth,Long,95545.35,,https://www.tradingview.com/chart/?symbol=AMEX%3AWINN,False,,-37.76949356625905,-37.76949356625905,33.1151008605957,26.760000228881836,28.53590013885498,0.8445316882228756,22.405113386408434,51.354588290760496,False,False,False,False,,
580,EWH,EWH,AMEX:EWH,US,iShares MSCI Hong Kong ETF,1.198,Greater China Region,Long,2359591.05,,https://www.tradingview.com/chart/?symbol=AMEX%3AEWH,False,,-49.33181633790741,-49.33181633790741,22.28499984741211,20.875,21.7458401260376,0.38211372448275455,24.54137333655427,48.31282130676851,False,False,False,False,,
581,DFSI,DFSI,AMEX:DFSI,US,Dimensional International Sustainability Core 1 ETF,1.197,Foreign Large Blend,Long,50292.1,,https://www.tradingview.com/chart/?symbol=AMEX%3ADFSI,True,2026-09-16 09:30,-54.683610251654294,-53.09657503806008,45.900001525878906,40.869998931884766,42.49752603149414,0.7293768641195161,38.98576100754314,67.1078791472683,False,False,False,False,,
582,QQQJ,QQQJ,AMEX:QQQJ,US,Invesco NASDAQ Next Gen 100 ETF,1.196,Mid-Cap Growth,Long,148141.25,,https://www.tradingview.com/chart/?symbol=AMEX%3AQQQJ,False,,-61.769824474288896,-46.527385623459246,43.900001525878906,34.689998626708984,37.54205931091309,0.7621018361363013,0.6672314744109519,77.19329820912526,False,False,False,False,,
583,IYC,IYC,AMEX:IYC,US,iShares U.S. Consumer Discretionary ETF,1.183,Consumer Cyclical,Long,66847.3,,https://www.tradingview.com/chart/?symbol=AMEX%3AIYC,False,,-58.645581121126504,-52.345591584606744,96.36499786376953,94.20999908447266,96.7776784362793,0.19806979074557016,-26.230977776309413,18.48111209004442,False,True,False,False,,
584,CHPY,CHPY,AMEX:CHPY,US,YieldMax Semiconductor Portfolio Option Income ETF,1.182,Derivative Income,Long,546018.8,,https://www.tradingview.com/chart/?symbol=AMEX%3ACHPY,False,,-43.93741422570459,-43.93741422570459,63.5099983215332,52.400001525878906,61.14144174194336,0.2999459103954,-31.294298933827466,,False,False,False,False,,
585,MOO,MOO,AMEX:MOO,US,VanEck Agribusiness ETF,1.174,Natural Resources,Long,462897.5,,https://www.tradingview.com/chart/?symbol=AMEX%3AMOO,False,,-40.10667530736357,-40.10667530736357,85.11000061035156,76.58000183105469,79.4875217590332,0.6923700479376174,65.16660247205486,60.16890252803233,False,False,False,False,,
586,RSPA,RSPA,AMEX:RSPA,US,Invesco S&P 500 Equal Weight Income Advantage ETF,1.17,Derivative Income,Long,270430.45,,https://www.tradingview.com/chart/?symbol=AMEX%3ARSPA,True,2026-09-16 09:30,-69.23112103219401,-57.75740338633941,52.63999938964844,49.17499923706055,50.54497930908203,0.5968992197120939,23.45353582989644,,False,False,False,False,,
587,APIE,APIE,AMEX:APIE,US,ActivePassive International Equity ETF,1.168,Foreign Large Blend,Long,64151.6,,https://www.tradingview.com/chart/?symbol=AMEX%3AAPIE,True,2026-09-16 09:30,-57.24721938326122,-57.24721938326122,38.59000015258789,34.13199996948242,35.53808801269531,0.7482376713828566,29.41829678057235,67.1555654806054,False,False,False,False,,
588,FXH,FXH,AMEX:FXH,US,First Trust Health Care AlphaDEX Fund,1.161,Health,Long,53424.65,,https://www.tradingview.com/chart/?symbol=AMEX%3AFXH,False,,-60.81883124269905,-14.910266831812166,131.00999450683594,104.81999969482422,112.08424325561523,0.8508578661921578,49.18680681858103,69.82462649664102,False,False,False,False,,
589,BLOK,BLOK,AMEX:BLOK,US,Amplify Blockchain Technology ETF,1.153,Equity Digital Assets,Long,205400.35,,https://www.tradingview.com/chart/?symbol=AMEX%3ABLOK,False,,-47.3939894828932,-47.3939894828932,60.720001220703125,47.369998931884766,52.49827882385254,0.6143581486446941,25.27553055862595,36.42077070852056,False,False,False,False,,
590,OAKM,OAKM,AMEX:OAKM,US,Oakmark U.S. Large Cap ETF,1.15,Large Value,Long,156439.55,,https://www.tradingview.com/chart/?symbol=AMEX%3AOAKM,False,,-40.44593369357583,-37.56438288286254,30.579999923706055,26.989999771118164,28.198319969177245,0.7011717898713099,58.24623758315338,,False,False,False,False,,
591,PEY,PEY,AMEX:PEY,US,Invesco High Yield Equity Dividend Achievers ETF,1.14,Mid-Cap Value,Long,287329.65,,https://www.tradingview.com/chart/?symbol=AMEX%3APEY,False,,-75.60621471052043,-56.36934804146143,23.7549991607666,20.604999542236328,21.708299812316895,0.6737965449050957,23.755339764907276,84.93551634067855,False,False,False,False,,
592,EWI,EWI,AMEX:EWI,US,iShares MSCI Italy ETF,1.12,Focused Region,Long,322325.7,,https://www.tradingview.com/chart/?symbol=AMEX%3AEWI,False,,-46.88631573551808,-46.41705075463744,60.66999816894531,50.685001373291016,53.675120941162106,0.7880819446468379,16.299370552529705,70.53646148256568,False,False,False,False,,
593,EIPI,EIPI,AMEX:EIPI,US,FT Energy Income Partners Enhanced Income ETF,1.117,Derivative Income,Long,69614.35,,https://www.tradingview.com/chart/?symbol=AMEX%3AEIPI,False,,-62.93897997632002,-62.93897997632002,22.190000534057617,21.600000381469727,21.93035302734375,0.4214890897645177,59.803805034058826,,False,False,False,False,,
594,EUAD,EUAD,AMEX:EUAD,US,Select STOXX Europe Aerospace & Defense ETF,1.111,Industrials,Long,111209.35,,https://www.tradingview.com/chart/?symbol=AMEX%3AEUAD,False,,-58.915849956049065,-34.93900946433215,42.72999954223633,37.63999938964844,40.10494909667969,0.48732841590407067,0.7976760669925079,,False,False,False,False,,
595,OMAH,OMAH,AMEX:OMAH,US,VistaShares Target 15 Berkshire Select Income ETF,1.102,Derivative Income,Long,1073346.75,,https://www.tradingview.com/chart/?symbol=AMEX%3AOMAH,False,,-10.858898315162074,29.034653814966518,18.264999389648438,17.8700008392334,18.17562085723877,0.3050181676787642,-10.979326983021442,,False,False,False,False,,
596,GSID,GSID,AMEX:GSID,US,Marketbeta INTL Equity ETF,1.095,Foreign Large Blend,Long,89488.5,,https://www.tradingview.com/chart/?symbol=AMEX%3AGSID,False,,-52.69302080215479,-52.69302080215479,76.16999816894531,67.5199966430664,70.16319772338868,0.772321249149357,40.976576835342364,70.34858952207448,False,False,False,False,,
597,IMFL,IMFL,AMEX:IMFL,US,Invesco International Developed Dynamic Multifactor ETF,1.09,Foreign Large Blend,Long,58737.8,,https://www.tradingview.com/chart/?symbol=AMEX%3AIMFL,True,2026-09-16 09:30,-58.310703425661096,-57.626761490836294,34.150001525878906,30.65999984741211,31.771559631347657,0.7409771458283726,29.326879597059175,71.376941261353,False,False,False,False,,
598,TRFK,TRFK,AMEX:TRFK,US,Pacer Data and Digital Revolution ETF,1.078,Technology,Long,121242.3,,https://www.tradingview.com/chart/?symbol=AMEX%3ATRFK,False,,-22.494969779068555,-22.494969779068555,93.61000061035156,59.404998779296875,71.52575006103515,0.6659967063503028,-4.224142625560162,79.01996352824523,False,False,False,False,,
599,UMAX,UMAX.TO,TSX:UMAX,TSX,Hamilton Utilities YIELD MAXIMIZER ETF,1.07,Utilities,Long,378770.1,,https://www.tradingview.com/chart/?symbol=TSX%3AUMAX,True,2026-09-16 09:30,-74.77210302886446,-63.426653730858504,12.470000267028809,12.460000038146973,12.777420101165772,0.007435112934161033,-49.2117609889983,,False,True,False,False,,"NEAR: 4h+band ok, weekly shallow"
600,HAUZ,HAUZ,AMEX:HAUZ,US,Xtrackers International Real Estate ETF,1.068,Global Real Estate,Long,86107.95,,https://www.tradingview.com/chart/?symbol=AMEX%3AHAUZ,True,2026-09-16 09:30,-66.01375127052306,-65.85698943932772,21.712499618530273,21.712499618530273,22.350313331604003,0.0,-40.10240398350231,20.708381676402826,False,True,False,False,,"NEAR: 4h+band ok, weekly shallow"
601,IVES,IVES,AMEX:IVES,US,Dan IVES Wedbush AI Revolution ETF,1.063,Technology,Long,248198.45,,https://www.tradingview.com/chart/?symbol=AMEX%3AIVES,False,,4.61094604951126,4.61094604951126,39.41999816894531,27.139999389648438,30.59503924560547,0.8387977657963389,40.45461954270072,,False,False,False,False,,
602,XLSR,XLSR,AMEX:XLSR,US,State Street US Sector Rotation ETF,1.061,Large Blend,Long,41900.45,,https://www.tradingview.com/chart/?symbol=AMEX%3AXLSR,False,,-33.57545509809864,-33.57545509809864,65.23049926757812,55.93600082397461,58.56966535949707,0.8328705509395058,19.476487253531058,60.18278484819581,False,False,False,False,,
603,GFLW,GFLW,AMEX:GFLW,US,VictoryShares Free Cash Flow Growth ETF,1.056,Large Growth,Long,156446.75,,https://www.tradingview.com/chart/?symbol=AMEX%3AGFLW,False,,-53.692188321373884,-51.28376615386401,32.81999969482422,25.190000534057617,27.462680335998535,0.7923156620669125,20.452817547661386,,False,False,False,False,,
604,IDHQ,IDHQ,AMEX:IDHQ,US,Invesco S&P International Developed High Quality ETF,1.055,Foreign Large Growth,Long,136760.05,,https://www.tradingview.com/chart/?symbol=AMEX%3AIDHQ,False,,-65.54688000584038,-55.336768500687675,43.650001525878906,34.25,37.105151306152344,0.7769817155844467,27.095120278786293,85.46941442335738,False,False,False,False,,
605,ECH,ECH,AMEX:ECH,US,iShares MSCI Chile ETF,1.051,Focused Region,Long,404518.4,,https://www.tradingview.com/chart/?symbol=AMEX%3AECH,False,,-71.73352322286462,-64.31955447034836,38.900001525878906,37.79999923706055,39.518079849243165,0.15109916165769496,18.941365547474962,51.67376070543671,False,True,False,False,,
606,PPH,PPH,AMEX:PPH,US,VanEck Pharmaceutical ETF,1.049,Health,Long,239042.15,,https://www.tradingview.com/chart/?symbol=AMEX%3APPH,False,,-52.918839956638315,-26.38505109972454,110.51000213623047,98.8550033569336,103.34254321289063,0.6129371103551932,36.08311084596411,68.58935801911485,False,False,False,False,,
607,TVAL,TVAL,AMEX:TVAL,US,T. Rowe Price Value ETF,1.046,Large Value,Long,88694.0,,https://www.tradingview.com/chart/?symbol=AMEX%3ATVAL,False,,-37.310698220649535,-37.310698220649535,42.41999816894531,35.45000076293945,37.34980058288574,0.8658382691413709,31.627457367346278,,False,False,False,False,,
608,TAN,TAN,AMEX:TAN,US,Invesco Solar ETF,1.045,Miscellaneous Sector,Long,846303.35,,https://www.tradingview.com/chart/?symbol=AMEX%3ATAN,False,,-64.58700815477927,-64.58700815477927,44.63999938964844,44.63999938964844,51.55951931762695,0.0,-56.27427068950439,33.83229428372092,False,True,False,False,,
609,JHEM,JHEM,AMEX:JHEM,US,John Hancock Multifactor Emerging Markets ETF,1.039,Diversified Emerging Mkts,Long,103655.95,,https://www.tradingview.com/chart/?symbol=AMEX%3AJHEM,False,,-39.00261493482337,-39.00261493482337,39.347599029541016,33.18000030517578,35.289816574096676,0.6898957603045989,39.19774982583893,74.5843027084505,False,False,False,False,,
610,PBPH,PBPH,AMEX:PBPH,US,Portfolio Building Block World Pharma and Biotech Index ETF,1.037,Health,Long,85330.2,,https://www.tradingview.com/chart/?symbol=AMEX%3APBPH,False,,-52.48217861502231,-26.181948826572853,28.09000015258789,24.280000686645508,25.589800506591796,0.6864864846288299,49.104825669669715,,False,False,False,False,,
611,SLVP,SLVP,AMEX:SLVP,US,iShares MSCI Global Silver Miners ETF,1.027,Equity Precious Metals,Long,314734.6,,https://www.tradingview.com/chart/?symbol=AMEX%3ASLVP,True,2026-09-16 09:30,-65.98249790313342,-65.98249790313342,36.52000045776367,28.799999237060547,32.02850271606445,0.5643234705907941,45.509320685061795,49.785097743263925,False,False,False,False,,
612,AIS,AIS,AMEX:AIS,US,VistaShares Artificial Intelligence Supercycle ETF,1.007,Technology,Long,389869.0,,https://www.tradingview.com/chart/?symbol=AMEX%3AAIS,False,,-24.54105333328773,-24.54105333328773,67.83999633789062,39.5,51.05219927978516,0.5789580818126757,-9.627183925414004,,False,False,False,False,,
613,RSPN,RSPN,AMEX:RSPN,US,Invesco S&P 500 Equal Weight Industrials ETF,1.006,Industrials,Long,274057.85,,https://www.tradingview.com/chart/?symbol=AMEX%3ARSPN,True,2026-09-16 09:30,-61.80265664270365,-58.671113053795274,58.939998626708984,55.900001525878906,58.07238195800781,0.3302549153846026,-34.060969479869506,61.11522693759493,False,False,False,False,,
614,MSOS,MSOS,AMEX:MSOS,US,AdvisorShares Pure US Cannabis ETF,1.002,Miscellaneous Sector,Long,4107084.5,,https://www.tradingview.com/chart/?symbol=AMEX%3AMSOS,False,,-21.398465833174924,-14.491521983628317,4.920000076293945,3.1500000953674316,3.768320068359375,0.6755725413128456,35.87324890462734,14.425436396032362,False,False,False,False,,
615,AMDL,AMDL,AMEX:AMDL,US,GraniteShares 2x Long AMD Daily ETF,0.996,Trading--Leveraged Equity,2X Long,2024996.95,,https://www.tradingview.com/chart/?symbol=AMEX%3AAMDL,False,,18.921110943487246,27.51352082688324,56.619998931884766,11.260000228881836,28.079719886779785,0.6364529202412728,-25.904278221532607,,False,False,False,False,,
616,MSTY,MSTY,AMEX:MSTY,US,YieldMax MSTR Option Income Strategy ETF,0.976,Derivative Income,Long,2264183.15,,https://www.tradingview.com/chart/?symbol=AMEX%3AMSTY,False,,-36.643843640038796,-36.643843640038796,14.255000114440918,11.550000190734863,15.379100055694579,0.16671802891234982,45.66903398644822,,False,True,False,False,,
617,FHEQ,FHEQ,AMEX:FHEQ,US,Fidelity Hedged Equity ETF,0.976,Equity Hedged,Long,66490.95,,https://www.tradingview.com/chart/?symbol=AMEX%3AFHEQ,False,,-56.56165056875497,-56.56165056875497,33.474998474121094,28.920000076293945,30.25339998626709,0.8061944611267131,30.295617176243997,,False,False,False,False,,
618,JHMD,JHMD,AMEX:JHMD,US,John Hancock Multifactor Developed International ETF,0.974,Foreign Large Blend,Long,75572.6,,https://www.tradingview.com/chart/?symbol=AMEX%3AJHMD,False,,-53.40525974713815,-53.40525974713815,45.20500183105469,40.779998779296875,42.2007188873291,0.7350502849299826,39.76879565012308,68.78600166401769,False,False,False,False,,
619,FTQI,FTQI,AMEX:FTQI,US,First Trust Nasdaq BuyWrite Income ETF,0.97,Derivative Income,Long,239094.65,,https://www.tradingview.com/chart/?symbol=AMEX%3AFTQI,False,,-10.210949422144212,-10.210949422144212,21.924999237060547,19.309999465942383,20.05103977203369,0.8328021308841529,42.18899071977989,74.38090182804835,False,False,False,False,,
620,GII,GII,AMEX:GII,US,State Street SPDR S&P Global Infrastructure ETF,0.954,Infrastructure,Long,36493.0,,https://www.tradingview.com/chart/?symbol=AMEX%3AGII,True,2026-09-16 09:30,-73.91755276083136,-72.05185627712659,71.51000213623047,71.51000213623047,73.23277764892578,0.0,-65.72233837688587,54.48217179607287,False,True,True,True,HIGH,FULL PASS
621,FDD,FDD,AMEX:FDD,US,First Trust Stoxx European Select Dividend Index Fund,0.948,Europe Stock,Long,119342.35,,https://www.tradingview.com/chart/?symbol=AMEX%3AFDD,False,,-37.24547658617565,-36.87290642302276,20.264999389648438,17.110000610351562,17.969040466308595,0.8667580517373643,53.316929566858555,73.00503732050765,False,False,False,False,,
622,BANK,BANK.TO,TSX:BANK,TSX,Evolve Canadian Banks and Lifecos Enhanced Yield Index Fund,0.947,Financials,1.25X Long,524530.7,,https://www.tradingview.com/chart/?symbol=TSX%3ABANK,False,,-1.644749317761028,18.378062465152624,11.4399995803833,9.09000015258789,9.805080089569092,0.7755774372597126,1.832265771641491,83.73687448194859,False,False,False,False,,
623,EYLD,EYLD,AMEX:EYLD,US,Cambria Emerging Shareholder Yield ETF,0.945,Diversified Emerging Mkts,Long,68648.4,,https://www.tradingview.com/chart/?symbol=AMEX%3AEYLD,False,,-37.11249081303951,-37.11249081303951,48.39500045776367,40.13999938964844,42.50233558654785,0.8246837408799806,65.26105347307886,74.15002259867968,False,False,False,False,,
624,JDVL,JDVL,AMEX:JDVL,US,John Hancock Disciplined Value Select ETF,0.945,Large Value,Long,106036.65,,https://www.tradingview.com/chart/?symbol=AMEX%3AJDVL,True,2026-09-16 09:30,-65.94806400441,-65.94806400441,31.34000015258789,26.447599411010742,27.91235750579834,0.7882575144120537,27.35589277135429,,False,False,False,False,,
625,MLPI,MLPI,AMEX:MLPI,US,NEOS MLP & Energy Infrastructure High Income ETF,0.944,Energy Limited Partnership,Long,206137.25,,https://www.tradingview.com/chart/?symbol=AMEX%3AMLPI,False,,-72.3494419408812,-72.3494419408812,52.47999954223633,52.47999954223633,53.86886004638672,0.0,20.365182229879775,,False,True,False,False,,
626,GWX,GWX,AMEX:GWX,US,State Street SPDR S&P International Small Cap ETF,0.944,Foreign Small/Mid Blend,Long,40693.5,,https://www.tradingview.com/chart/?symbol=AMEX%3AGWX,False,,-48.53185061712437,-47.890201930675524,45.77000045776367,40.900001525878906,42.351400985717774,0.7918700397286912,39.68526888030851,63.899301431066164,False,False,False,False,,
627,AIPO,AIPO,AMEX:AIPO,US,Defiance AI & Power Infrastructure ETF,0.929,Technology,Long,1125872.0,,https://www.tradingview.com/chart/?symbol=AMEX%3AAIPO,False,,-41.56491054988052,-41.56491054988052,27.610000610351562,23.840999603271484,26.422603408813476,0.3445471515657905,-39.18624986063324,,False,False,False,False,,
628,AUSF,AUSF,AMEX:AUSF,US,Global X Adaptive U.S. Factor ETF,0.926,Mid-Cap Value,Long,52274.15,,https://www.tradingview.com/chart/?symbol=AMEX%3AAUSF,False,,-51.257090737035355,-23.905968540050157,50.76490020751953,47.369998931884766,48.57477882385254,0.6650150009901027,34.4100713378841,70.45135726180425,False,False,False,False,,
629,SPHB,SPHB,AMEX:SPHB,US,Invesco S&P 500 High Beta ETF,0.923,Mid-Cap Blend,Long,213099.65,,https://www.tradingview.com/chart/?symbol=AMEX%3ASPHB,False,,-40.42404174650249,-40.42404174650249,142.1699981689453,111.31999969482422,122.06743991088867,0.6774263911708105,0.6841038713276438,73.38189549147144,False,False,False,False,,
630,GGLL,GGLL,AMEX:GGLL,US,Direxion Daily GOOGL Bull 2X ETF,0.92,Trading--Leveraged Equity,2X Long,1023362.45,,https://www.tradingview.com/chart/?symbol=AMEX%3AGGLL,False,,-21.073539293376403,24.697537369468424,99.97000122070312,70.91000366210938,89.29912322998047,0.37294658934136743,-43.14140968202265,57.14876870097597,False,False,False,False,,
631,FDV,FDV,AMEX:FDV,US,Federated Hermes U.S. Strategic Dividend ETF,0.916,Large Value,Long,109184.4,,https://www.tradingview.com/chart/?symbol=AMEX%3AFDV,False,,-45.428102182751466,-38.252350155356446,32.62900161743164,30.0,30.960519927978517,0.6459463917834977,39.58879249863559,75.06435956363596,False,False,False,False,,
632,EEMA,EEMA,AMEX:EEMA,US,iShares MSCI Emerging Markets Asia ETF,0.902,Pacific/Asia ex-Japan Stk,Long,56883.7,,https://www.tradingview.com/chart/?symbol=AMEX%3AEEMA,False,,-43.619966397233746,-43.619966397233746,114.12000274658203,92.377197265625,99.33985806274414,0.7369743037933111,36.4970041201022,75.01226306054484,False,False,False,False,,
633,PID,PID,AMEX:PID,US,Invesco International Dividend Achievers ETF,0.901,Foreign Large Value,Long,56589.95,,https://www.tradingview.com/chart/?symbol=AMEX%3APID,False,,-54.64814164770951,-46.30910993260162,22.25,21.709999084472656,22.132439300537108,0.3016763348236929,-17.472306965690414,60.727146985193734,False,False,False,False,,
634,TSME,TSME,AMEX:TSME,US,Thrivent Small-Mid Cap Equity ETF,0.896,Mid-Cap Blend,Long,36049.2,,https://www.tradingview.com/chart/?symbol=AMEX%3ATSME,True,2026-09-16 09:30,-61.13514701750798,-60.72876756861941,45.619998931884766,40.005699157714844,42.907153976440426,0.45665875551564644,-34.467816726722596,65.7681343418568,False,False,False,False,,
635,AGIX,AGIX,AMEX:AGIX,US,KraneShares Public-Private AI & Technology ETF,0.884,Technology,Long,145590.3,,https://www.tradingview.com/chart/?symbol=AMEX%3AAGIX,False,,-26.89544572005846,-26.89544572005846,44.91999816894531,31.219999313354492,35.51283943939209,0.7531609924881504,19.76078070629046,,False,False,False,False,,
636,HYLD,HYLD.TO,TSX:HYLD,TSX,Hamilton Enhanced U.S. Covered Call ETF,0.883,Total Market,1.25X Long,139047.7,,https://www.tradingview.com/chart/?symbol=TSX%3AHYLD,True,2026-09-16 09:30,-56.2156962458439,-56.2156962458439,15.5649995803833,12.944999694824219,13.732059928894042,0.7856069284489972,27.68236770081327,71.59026586692639,False,False,False,False,,
637,INFO,INFO,AMEX:INFO,US,Harbor PanAgora Dynamic Large Cap Core ETF,0.881,Large Blend,Long,57406.8,,https://www.tradingview.com/chart/?symbol=AMEX%3AINFO,False,,-38.901639565870205,-38.901639565870205,27.739999771118164,22.79789924621582,24.165637199401857,0.8527479413436384,34.691860408138304,,False,False,False,False,,
638,AVRE,AVRE,AMEX:AVRE,US,Avantis Real Estate ETF,0.881,Global Real Estate,Long,53878.15,,https://www.tradingview.com/chart/?symbol=AMEX%3AAVRE,False,,-71.0724759191044,-64.40790641361822,45.5,43.15959930419922,44.70313404846191,0.35783746770975317,-42.2885477827798,71.03647459590013,False,False,False,False,,
639,RSPH,RSPH,AMEX:RSPH,US,Invesco S&P 500 Equal Weight Health Care ETF,0.868,Health,Long,160196.4,,https://www.tradingview.com/chart/?symbol=AMEX%3ARSPH,False,,-58.56707167121607,-5.76738787149527,36.775001525878906,29.610000610351562,31.597120178222657,0.8509504125491788,57.0038546480406,65.09933233071517,False,False,False,False,,
640,SH,SH,AMEX:SH,US,ProShares Short S&P500,0.863,Trading--Inverse Equity,-1X Short,6364903.15,,https://www.tradingview.com/chart/?symbol=AMEX%3ASH,False,,36.048975127208315,53.76204712998983,33.07500076293945,31.895000457763672,33.57886006164551,0.16538200178892504,-16.850773778459182,-58.07577721777049,False,True,False,False,,
641,UDOW,UDOW,AMEX:UDOW,US,ProShares UltraPro Dow30,0.856,Trading--Leveraged Equity,3X Long,1389847.1,,https://www.tradingview.com/chart/?symbol=AMEX%3AUDOW,False,,-58.85172514498699,-58.85172514498699,65.4800033569336,46.54999923706055,54.05833891296387,0.5950025125564875,2.7714855902575466,68.35574667558382,False,False,False,False,,
642,QQA,QQA,AMEX:QQA,US,Invesco QQQ Income Advantage ETF,0.856,Derivative Income,Long,102501.45,,https://www.tradingview.com/chart/?symbol=AMEX%3AQQA,False,,-36.30840954552385,-36.30840954552385,55.54999923706055,48.439998626708984,50.80471873474121,0.709580866819483,23.048425376117596,,False,False,False,False,,
643,EPOL,EPOL,AMEX:EPOL,US,iShares MSCI Poland ETF,0.855,Focused Region,Long,371888.5,,https://www.tradingview.com/chart/?symbol=AMEX%3AEPOL,False,,-18.01219684407,-18.01219684407,44.17499923706055,34.470001220703125,37.17220050048828,0.8475983059408012,61.20100274209643,72.64278827929934,False,False,False,False,,
644,REZ,REZ,AMEX:REZ,US,iShares Residential and Multisector Real Estate ETF,0.844,Real Estate,Long,62615.25,,https://www.tradingview.com/chart/?symbol=AMEX%3AREZ,True,2026-09-16 09:30,-64.16633614304668,-64.16633614304668,90.94000244140625,82.30000305175781,86.40406631469726,0.49683441148921514,-26.660352673893545,82.77537225605985,False,False,False,False,,
645,SFLO,SFLO,AMEX:SFLO,US,VictoryShares Small Cap Free Cash Flow ETF,0.839,Small Value,Long,230242.35,,https://www.tradingview.com/chart/?symbol=AMEX%3ASFLO,False,,-39.95755635148572,7.245195676450706,39.27000045776367,29.31999969482422,31.920696395874025,0.9029119693602986,54.45086982265597,,False,False,False,False,,
646,ARKF,ARKF,AMEX:ARKF,US,ARK Blockchain & Fintech Innovation ETF,0.831,Technology,Long,88613.65,,https://www.tradingview.com/chart/?symbol=AMEX%3AARKF,False,,-32.184724738398394,-32.184724738398394,43.959999084472656,36.16999816894531,38.87691845703125,0.6791630415406187,63.00330936018261,-5.031449433136851,False,False,False,False,,
647,ARGT,ARGT,AMEX:ARGT,US,Global X MSCI Argentina ETF,0.818,Focused Region,Long,118698.1,,https://www.tradingview.com/chart/?symbol=AMEX%3AARGT,False,,-44.400909238548884,-44.400909238548884,93.23999786376953,85.52999877929688,88.75609494018555,0.5640128790935743,27.853833516210642,45.67506224601092,False,False,False,False,,
648,FEM,FEM,AMEX:FEM,US,First Trust Emerging Markets AlphaDEX Fund,0.817,Diversified Emerging Mkts,Long,75438.35,,https://www.tradingview.com/chart/?symbol=AMEX%3AFEM,False,,-41.44410584271768,-41.44410584271768,32.540000915527344,28.770000457763672,29.97360009765625,0.7392159971995625,44.98361630147652,68.2984607681082,False,False,False,False,,
649,SLVR,SLVR,AMEX:SLVR,US,Sprott Silver Miners & Physical Silver ETF,0.804,Equity Precious Metals,Long,145136.15,,https://www.tradingview.com/chart/?symbol=AMEX%3ASLVR,True,2026-09-16 09:30,-63.09545076614503,-62.696090128641146,57.0,46.86000061035156,53.21784118652344,0.37639192541658645,36.95421643230086,,False,False,False,False,,
650,SAMT,SAMT,AMEX:SAMT,US,Strategas Macro Thematic Opportunities ETF,0.801,Large Blend,Long,163575.0,,https://www.tradingview.com/chart/?symbol=AMEX%3ASAMT,False,,-71.95707582370333,-59.310836888338976,41.5099983215332,38.5,40.69716032409668,0.32330804270001856,-59.20044286474913,66.00609074270477,False,False,False,False,,
651,DIV,DIV,AMEX:DIV,US,Global X SuperDividend US ETF,0.795,Small Value,Long,171166.55,,https://www.tradingview.com/chart/?symbol=AMEX%3ADIV,False,,-52.94415765310723,-52.94415765310723,19.520000457763672,18.610000610351562,18.96400061035156,0.6066665649414062,48.53156558690483,77.89711040762887,False,False,False,False,,
652,AVMV,AVMV,AMEX:AVMV,US,Avantis U.S. Mid Cap Value ETF,0.793,Mid-Cap Value,Long,56776.3,,https://www.tradingview.com/chart/?symbol=AMEX%3AAVMV,False,,-59.36401380649132,-59.36401380649132,78.3499984741211,71.89510345458984,74.74961737060546,0.533665369806884,-4.638044120975785,,False,False,False,False,,
653,FXU,FXU,AMEX:FXU,US,First Trust Utilities AlphaDEX Fund,0.791,Utilities,Long,241436.05,,https://www.tradingview.com/chart/?symbol=AMEX%3AFXU,True,2026-09-16 09:30,-67.01954730255478,-67.01954730255478,45.689998626708984,45.60499954223633,47.00919972229004,0.014285558583805041,-55.01914515101663,47.838223135724434,False,True,False,False,,"NEAR: 4h+band ok, weekly shallow"
654,IGE,IGE,AMEX:IGE,US,iShares North American Natural Resources ETF,0.789,Natural Resources,Long,232315.35,,https://www.tradingview.com/chart/?symbol=AMEX%3AIGE,False,,-43.90335067468957,-43.90335067468957,64.22000122070312,55.720001220703125,58.3502204284668,0.7626740744949504,61.120936598191044,72.714673874738,False,False,False,False,,
655,EWJV,EWJV,AMEX:EWJV,US,iShares MSCI Japan Value ETF,0.787,Japan Stock,Long,123617.3,,https://www.tradingview.com/chart/?symbol=AMEX%3AEWJV,False,,27.497091910444535,27.497091910444535,49.15999984741211,40.5,42.78683967590332,0.8937049612723533,73.10286190783988,75.03417930496381,False,False,False,False,,
656,SMIN,SMIN,AMEX:SMIN,US,iShares MSCI India Small Cap ETF,0.777,India Equity,Long,44027.25,,https://www.tradingview.com/chart/?symbol=AMEX%3ASMIN,False,,-72.93812582834052,-72.93812582834052,68.7125015258789,57.850101470947266,61.29315965270996,0.7445492575590035,37.764864700833165,-3.40658030000055,False,False,False,False,,
657,AFLG,AFLG,AMEX:AFLG,US,First Trust Active Factor Large Cap ETF,0.777,Large Blend,Long,61212.15,,https://www.tradingview.com/chart/?symbol=AMEX%3AAFLG,False,,-36.81815751512373,-36.81815751512373,44.13999938964844,37.53799819946289,39.37860986328125,0.8464970159167411,36.20293999643349,71.3606794458301,False,False,False,False,,
658,ROBT,ROBT,AMEX:ROBT,US,First Trust Nasdaq Artificial Intelligence & Robotics ETF,0.769,Technology,Long,39209.4,,https://www.tradingview.com/chart/?symbol=AMEX%3AROBT,False,,-54.304344301525816,-9.630668175709461,57.56869888305664,44.349998474121094,48.22629919433594,0.8047913517751751,24.98317110366084,53.68335989935773,False,False,False,False,,
659,NUKZ,NUKZ,AMEX:NUKZ,US,Range Nuclear Renaissance Index ETF,0.768,Miscellaneous Sector,Long,110651.65,,https://www.tradingview.com/chart/?symbol=AMEX%3ANUKZ,False,,-53.93343738414601,-53.93343738414601,61.959999084472656,60.81999969482422,64.46619897460937,0.07378638283667364,-24.29662398400754,,False,True,False,False,,
660,XRE,XRE.TO,TSX:XRE,TSX,iShares S&P/TSX Capped REIT Index ETF,0.765,Real Estate,Long,245800.0,,https://www.tradingview.com/chart/?symbol=TSX%3AXRE,False,,-70.06508362651851,-70.06508362651851,15.470000267028809,15.260000228881836,15.788640174865723,0.09375002660921913,-59.79540417071497,61.25340776757176,False,True,False,False,,
661,ARKX,ARKX,AMEX:ARKX,US,ARK Space & Defense Innovation ETF,0.763,Technology,Long,65825.75,,https://www.tradingview.com/chart/?symbol=AMEX%3AARKX,False,,-49.901515586072286,-49.901515586072286,31.575000762939453,28.020000457763672,30.316280349731446,0.365364899529965,-19.62869091923188,56.056409355895426,False,False,False,False,,
662,QQH,QQH,AMEX:QQH,US,HCM Defender 100 Index ETF,0.756,Large Growth,Long,34926.15,,https://www.tradingview.com/chart/?symbol=AMEX%3AQQH,False,,-41.97690393788442,-41.97690393788442,82.38990020751953,68.77999877929688,73.62271978759766,0.663250418835826,6.520215386368854,56.30028158089423,False,False,False,False,,
663,QDVO,QDVO,AMEX:QDVO,US,Amplify CWP Growth & Income ETF,0.75,Derivative Income,Long,203377.0,,https://www.tradingview.com/chart/?symbol=AMEX%3AQDVO,False,,-38.19428688125378,-38.19428688125378,29.360000610351562,25.850000381469727,27.048880363464356,0.6909449373221951,26.300475289906235,,False,False,False,False,,
664,EWD,EWD,AMEX:EWD,US,iShares MSCI Sweden ETF,0.749,Focused Region,Long,201292.6,,https://www.tradingview.com/chart/?symbol=AMEX%3AEWD,True,2026-09-16 09:30,-65.91513275244996,-61.70150067005935,51.040000915527344,46.779998779296875,48.585399139404295,0.5568629132712544,34.530124582513814,61.72514300401574,False,False,False,False,,
665,ULTY,ULTY,AMEX:ULTY,US,YieldMax Ultra Option Income Strategy ETF,0.748,Derivative Income,Long,412103.25,,https://www.tradingview.com/chart/?symbol=AMEX%3AULTY,False,,-60.15479561767304,-60.15479561767304,25.135000228881836,25.135000228881836,27.096160102844237,0.0,12.319705096645833,,False,True,False,False,,
666,VOLT,VOLT,AMEX:VOLT,US,Tema Electrification ETF,0.747,Mid-Cap Blend,Long,211282.4,,https://www.tradingview.com/chart/?symbol=AMEX%3AVOLT,False,,-37.77085300387473,-37.77085300387473,34.95000076293945,33.119998931884766,35.253439147949216,0.20243381036736713,-50.23928793248805,,False,True,False,False,,
667,HEGD,HEGD,AMEX:HEGD,US,Swan Hedged Equity US Large Cap ETF,0.741,Equity Hedged,Long,50974.55,,https://www.tradingview.com/chart/?symbol=AMEX%3AHEGD,True,2026-09-16 09:30,-61.60744983637809,-61.60744983637809,26.56999969482422,24.450000762939453,25.150920600891112,0.7138045191971152,9.329410739437682,65.68264967235754,False,False,False,False,,
668,WTAI,WTAI,AMEX:WTAI,US,WisdomTree Artificial Intelligence and Innovation Fund,0.728,Technology,Long,289090.6,,https://www.tradingview.com/chart/?symbol=AMEX%3AWTAI,False,,-30.75703791250753,-30.75703791250753,40.40999984741211,26.760000228881836,31.871759742736817,0.6301939481389568,-5.4341997188071325,79.16693465351467,False,False,False,False,,
669,JETS,JETS,AMEX:JETS,US,U.S. Global Jets ETF,0.727,Industrials,Long,2604726.0,,https://www.tradingview.com/chart/?symbol=AMEX%3AJETS,False,,-39.25203444258246,-38.25980414024327,27.790000915527344,23.6200008392334,26.013040245056153,0.4112427131834127,-42.542270970694375,60.86157618827662,False,False,False,False,,
670,IEO,IEO,AMEX:IEO,US,iShares U.S. Oil & Gas Exploration & Production ETF,0.724,Equity Energy,Long,16442.75,,https://www.tradingview.com/chart/?symbol=AMEX%3AIEO,False,,43.0582073211531,43.0582073211531,139.5449981689453,107.04000091552734,115.96316213989257,0.8596930122544485,69.51833628848901,80.64540238973784,False,False,False,False,,
671,MISL,MISL,AMEX:MISL,US,First Trust Indxx Aerospace & Defense ETF,0.718,Industrials,Long,72709.45,,https://www.tradingview.com/chart/?symbol=AMEX%3AMISL,True,2026-09-16 09:30,-62.963261702475656,-50.07882870998392,42.474998474121094,42.13999938964844,43.86043960571289,0.04595322941031799,-31.197791305710336,44.22934493228818,False,True,False,False,,
672,MULL,MULL,AMEX:MULL,US,GraniteShares 2x Long MU Daily ETF,0.706,Trading--Leveraged Equity,2X Long,4831540.9,,https://www.tradingview.com/chart/?symbol=AMEX%3AMULL,False,,-35.614801968717394,-35.614801968717394,19.649999618530273,3.883999824523926,13.065816082000731,0.4052331093377793,-5.697661627510868,,False,False,False,False,,
673,FEPI,FEPI,AMEX:FEPI,US,REX FANG & Innovation Equity Premium Income ETF,0.702,Derivative Income,Long,166801.5,,https://www.tradingview.com/chart/?symbol=AMEX%3AFEPI,False,,-29.79239309276677,-29.79239309276677,41.709999084472656,37.91999816894531,39.97437860107422,0.4353819779803713,41.9128849857737,,False,False,False,False,,
674,SMDV,SMDV,AMEX:SMDV,US,ProShares Russell 2000 Dividend Growers ETF,0.702,Small Value,Long,121043.8,,https://www.tradingview.com/chart/?symbol=AMEX%3ASMDV,True,2026-09-16 09:30,-60.65381992270016,-56.65937161684558,74.45999908447266,66.66000366210938,69.61472286987305,0.6230029963053489,-19.323586833662997,78.59947800292441,False,False,False,False,,
675,FCG,FCG,AMEX:FCG,US,First Trust Natural Gas ETF,0.699,Equity Energy,Long,714474.25,,https://www.tradingview.com/chart/?symbol=AMEX%3AFCG,False,,32.37228017443456,32.37228017443456,30.69499969482422,26.15999984741211,27.71170002746582,0.689733737062666,60.866163654158704,65.02878979477602,False,False,False,False,,
676,GMOI,GMOI,AMEX:GMOI,US,GMO International Value ETF,0.695,Foreign Large Value,Long,93139.5,,https://www.tradingview.com/chart/?symbol=AMEX%3AGMOI,False,,-29.66501624893954,-29.66501624893954,40.9900016784668,34.84000015258789,36.56289450073242,0.8424198278150402,58.97422967607458,,False,False,False,False,,
677,TQGD,TQGD.TO,TSX:TQGD,TSX,TD Q Global Dividend ETF,0.677,High Dividend Yield,Long,47561.35,,https://www.tradingview.com/chart/?symbol=TSX%3ATQGD,False,,-29.695679599984697,4.216523686583222,26.799999237060547,22.65999984741211,23.745599937438964,0.8999997926795136,46.084966201963425,78.84447680508262,False,False,False,False,,
678,YINN,YINN,AMEX:YINN,US,Direxion Daily FTSE China Bull 3X ETF,0.676,Trading--Leveraged Equity,3X Long,1051457.5,,https://www.tradingview.com/chart/?symbol=AMEX%3AYINN,False,,-51.34535412086177,-51.34535412086177,25.440000534057617,21.451799392700195,25.568394844055177,0.2286392919786543,-13.555735668679079,-34.86484195444768,False,True,False,False,,
679,TOPT,TOPT,AMEX:TOPT,US,iShares Top 20 U.S. Stocks ETF,0.676,Large Blend,Long,293079.4,,https://www.tradingview.com/chart/?symbol=AMEX%3ATOPT,False,,-9.217681378704812,-9.217681378704812,33.73500061035156,27.665000915527344,29.258000915527344,0.8992592140480324,38.415416339282224,,False,False,False,False,,
681,GQGU,GQGU,AMEX:GQGU,US,GQG US Equity ETF,0.663,Large Growth,Long,198599.05,,https://www.tradingview.com/chart/?symbol=AMEX%3AGQGU,False,,-47.72068411391575,-47.72068411391575,25.520000457763672,25.139999389648438,25.597839515686037,0.19587678531223976,-7.650796583468309,,False,True,False,False,,
682,TSLY,TSLY,AMEX:TSLY,US,YieldMax TSLA Option Income Strategy ETF,0.661,Derivative Income,Long,493423.15,,https://www.tradingview.com/chart/?symbol=AMEX%3ATSLY,False,,-35.58597563262629,-35.58597563262629,22.100000381469727,20.469999313354492,23.35391915130615,0.13338798360928758,-4.016314807134056,11.245725279428319,False,True,False,False,,
683,PSQ,PSQ,AMEX:PSQ,US,ProShares Short QQQ,0.66,Trading--Inverse Equity,-1X Short,7702600.95,,https://www.tradingview.com/chart/?symbol=AMEX%3APSQ,False,,16.644062275602487,49.70595089144073,26.31999969482422,25.030099868774414,26.981819526672364,0.15597340412896077,2.138407041151417,-59.83416884488142,False,True,False,False,,
684,IAT,IAT,AMEX:IAT,US,iShares U.S. Regional Banks ETF,0.659,Financial,Long,145972.75,,https://www.tradingview.com/chart/?symbol=AMEX%3AIAT,False,,-47.78697650164681,-47.78697650164681,59.33000183105469,51.47999954223633,54.83591893005371,0.5520396428133585,-11.29869348658456,70.64512743234862,False,False,False,False,,
685,OSCV,OSCV,AMEX:OSCV,US,Opus Small Cap Value ETF,0.659,Small Blend,Long,96087.65,,https://www.tradingview.com/chart/?symbol=AMEX%3AOSCV,True,2026-09-16 09:30,-61.717283261030616,-61.717283261030616,40.599998474121094,38.349998474121094,39.50403923034668,0.46012239787500436,-21.215680014688953,68.90343256343458,False,False,False,False,,
686,EMEQ,EMEQ,AMEX:EMEQ,US,Nomura ETF Trust Nomura Focused Emerging Markets Equity ETF,0.652,Diversified Emerging Mkts,Long,77971.95,,https://www.tradingview.com/chart/?symbol=AMEX%3AEMEQ,False,,-35.08885214572157,-35.08885214572157,63.4900016784668,43.16999816894531,51.46535171508789,0.5780972205189536,16.026554926125197,,False,False,False,False,,
687,KIE,KIE,AMEX:KIE,US,State Street SPDR S&P Insurance ETF,0.65,Financial,Long,990214.0,,https://www.tradingview.com/chart/?symbol=AMEX%3AKIE,False,,-37.78452290913825,-3.9336515674700117,62.61000061035156,53.540000915527344,56.58675997924804,0.7025563502761889,3.0048190616582624,49.751963345506034,False,False,False,False,,
688,FIVA,FIVA,AMEX:FIVA,US,Fidelity International Value Factor ETF,0.644,Foreign Large Value,Long,90615.85,,https://www.tradingview.com/chart/?symbol=AMEX%3AFIVA,False,,-47.645025538117615,-47.645025538117615,39.130001068115234,33.40999984741211,35.074979919433595,0.810772639727137,42.17055610055118,74.29581954597006,False,False,False,False,,
689,RSPG,RSPG,AMEX:RSPG,US,Invesco S&P 500 Equal Weight Energy ETF,0.642,Equity Energy,Long,80484.4,,https://www.tradingview.com/chart/?symbol=AMEX%3ARSPG,False,,-3.4018465025090343,-3.4018465025090343,113.3499984741211,96.79000091552734,101.61384149169922,0.8101759090325451,65.0630590195946,78.88328696634683,False,False,False,False,,
690,EWN,EWN,AMEX:EWN,US,iShares MSCI Netherlands ETF,0.641,Focused Region,Long,276954.9,,https://www.tradingview.com/chart/?symbol=AMEX%3AEWN,True,2026-09-16 09:30,-58.7604661031691,-58.513903297833565,66.23500061035156,55.33000183105469,59.175621398925784,0.669223688535259,1.908755088733044,74.11509407443073,False,False,False,False,,
691,SILJ,SILJ,AMEX:SILJ,US,Amplify Junior Silver Miners ETF,0.64,Equity Precious Metals,Long,4022767.4,,https://www.tradingview.com/chart/?symbol=AMEX%3ASILJ,True,2026-09-16 09:30,-65.56566216399983,-65.42146518346368,28.625,23.704999923706055,26.659719581604005,0.3929712975989799,36.180121869425925,46.40345310641768,False,False,False,False,,
692,XUT,XUT.TO,TSX:XUT,TSX,iShares S&P/TSX Capped Utilities Index ETF,0.64,Utilities,Long,403879.8,,https://www.tradingview.com/chart/?symbol=TSX%3AXUT,True,2026-09-16 09:30,-69.16001301888717,-62.063500501541704,33.959999084472656,33.31999969482422,34.46695983886719,0.13168710067345882,-52.29092525266242,67.20705867875198,False,True,False,False,,"NEAR: 4h+band ok, weekly shallow"
693,KSA,KSA,AMEX:KSA,US,iShares MSCI Saudi Arabia ETF,0.634,Focused Region,Long,438073.15,,https://www.tradingview.com/chart/?symbol=AMEX%3AKSA,True,2026-09-16 09:30,-80.37301502802534,-80.37301502802534,37.237998962402344,36.34000015258789,37.36187968444824,0.20739012037005222,27.91350319015406,-4.868100890533351,False,True,False,False,,
695,TSMX,TSMX,AMEX:TSMX,US,Direxion Daily TSM Bull 2X ETF,0.62,Trading--Leveraged Equity,2X Long,456824.9,,https://www.tradingview.com/chart/?symbol=AMEX%3ATSMX,False,,-32.74707097276485,-32.74707097276485,76.41000366210938,49.817100524902344,62.826105377197266,0.48242930275129553,-1.6687410176392123,,False,False,False,False,,
696,SETM,SETM,AMEX:SETM,US,Sprott Critical Materials ETF,0.619,Natural Resources,Long,128981.65,,https://www.tradingview.com/chart/?symbol=AMEX%3ASETM,True,2026-09-16 09:30,-66.49817213031604,-65.65999840893521,30.219999313354492,27.729999542236328,30.47231929016113,0.21428571428571427,18.956225048745612,43.08218420795768,False,True,False,False,,
697,LVHD,LVHD,AMEX:LVHD,US,Franklin U.S. Low Volatility High Dividend Index ETF,0.619,Mid-Cap Value,Long,62188.4,,https://www.tradingview.com/chart/?symbol=AMEX%3ALVHD,False,,-64.56995580935467,-61.92111546083489,42.95000076293945,41.87779998779297,42.843559478759765,0.2620107648968162,-16.266801470825218,72.30416380632973,False,False,False,False,,
698,XPH,XPH,AMEX:XPH,US,State Street SPDR S&P Pharmaceuticals ETF,0.618,Health,Long,150546.6,,https://www.tradingview.com/chart/?symbol=AMEX%3AXPH,True,2026-09-16 09:30,-78.54128018093081,-72.08096935684047,66.86000061035156,51.36000061035156,56.73371981811523,0.6807203462948177,27.393700987441395,78.93576374339759,False,False,False,False,,
699,FLBR,FLBR,AMEX:FLBR,US,Franklin FTSE Brazil ETF,0.616,Focused Region,Long,212263.85,,https://www.tradingview.com/chart/?symbol=AMEX%3AFLBR,False,,2.481773914842699,2.481773914842699,23.3799991607666,20.471599578857422,21.799902168273924,0.5167364023825927,32.94528786523714,57.15594949917914,False,False,False,False,,
700,GVAL,GVAL,AMEX:GVAL,US,Cambria Global Value ETF,0.605,Foreign Large Value,Long,99097.9,,https://www.tradingview.com/chart/?symbol=AMEX%3AGVAL,False,,-30.485996080153612,-30.485996080153612,38.32500076293945,31.75,33.645079711914065,0.8188047026720937,68.71305419117242,73.21346008030365,False,False,False,False,,
701,DXQ,DXQ.TO,TSX:DXQ,TSX,Dynamic Active Enhanced Yield Covered Options ETF,0.601,Large Cap,Long,21043.1,,https://www.tradingview.com/chart/?symbol=TSX%3ADXQ,False,,-45.280277787509675,-45.280277787509675,28.059999465942383,26.219999313354492,26.850119331359863,0.6891386142362498,18.545591755355307,67.22133024941517,False,False,False,False,,
702,MFSV,MFSV,AMEX:MFSV,US,MFS Active Value ETF,0.6,Large Value,Long,143929.9,,https://www.tradingview.com/chart/?symbol=AMEX%3AMFSV,False,,-60.989807234483294,-60.989807234483294,28.709999084472656,26.260000228881836,27.160340354919434,0.6422014449851237,10.713760382791003,,False,False,False,False,,
703,SEIS,SEIS,AMEX:SEIS,US,SEI Select Small Cap ETF,0.6,Small Blend,Long,49430.95,,https://www.tradingview.com/chart/?symbol=AMEX%3ASEIS,True,2026-09-16 09:30,-70.0701377419888,-69.54553463210483,31.5,26.719999313354492,28.35193907928467,0.6912511022766546,-17.261906908999766,,False,False,False,False,,
704,LGH,LGH,AMEX:LGH,US,HCM Defender 500 Index ETF,0.598,Large Blend,Long,22330.2,,https://www.tradingview.com/chart/?symbol=AMEX%3ALGH,False,,-49.419018268133236,-49.419018268133236,64.5009994506836,56.27000045776367,58.89472172546387,0.7400845896414562,27.262182121211495,57.686473930538575,False,False,False,False,,
705,HEZU,HEZU,AMEX:HEZU,US,iShares Currency Hedged MSCI Eurozone ETF,0.593,Europe Stock,Long,69112.8,,https://www.tradingview.com/chart/?symbol=AMEX%3AHEZU,True,2026-09-16 09:30,-62.9109298035126,-57.41338805245288,48.369998931884766,42.11000061035156,44.1384208984375,0.7283301259404703,1.5937990826181518,74.3241553585051,False,False,False,False,,
706,PTF,PTF,AMEX:PTF,US,Invesco Dorsey Wright Technology Momentum ETF,0.591,Technology,Long,104544.3,,https://www.tradingview.com/chart/?symbol=AMEX%3APTF,False,,-32.195276029406664,-32.195276029406664,95.77999877929688,81.26000213623047,94.76156192016602,0.2538017282892646,-38.46390282303127,71.0134393833544,False,False,False,False,,
707,ZUT,ZUT.TO,TSX:ZUT,TSX,BMO Equal Weight Utilities Index ETF,0.588,Utilities,Long,65056.6,,https://www.tradingview.com/chart/?symbol=TSX%3AZUT,True,2026-09-16 09:30,-62.027619834286696,-55.734835523997454,27.649999618530273,27.059999465942383,27.98983959197998,0.1497462113235497,-59.891207846862066,67.98462500639994,False,True,False,False,,"NEAR: 4h+band ok, weekly shallow"
708,EZA,EZA,AMEX:EZA,US,iShares MSCI South Africa ETF,0.588,Focused Region,Long,133847.75,,https://www.tradingview.com/chart/?symbol=AMEX%3AEZA,False,,-60.63964637496819,-60.63964637496819,67.58999633789062,60.45000076293945,63.85784043884277,0.49445957437590465,41.35749019466707,44.9679645291885,False,False,False,False,,
709,DDM,DDM,AMEX:DDM,US,ProShares Ultra Dow30,0.586,Trading--Leveraged Equity,2X Long,118848.85,,https://www.tradingview.com/chart/?symbol=AMEX%3ADDM,False,,-58.783600782290954,-58.783600782290954,62.900001525878906,49.505001068115234,54.5259005279541,0.6296123101683613,6.085514593464194,69.56265325155498,False,False,False,False,,
710,IPKW,IPKW,AMEX:IPKW,US,Invesco International BuyBack Achievers ETF,0.577,Foreign Large Value,Long,37686.1,,https://www.tradingview.com/chart/?symbol=AMEX%3AIPKW,False,,-6.889029984996847,-6.889029984996847,60.7599983215332,54.43000030517578,56.22832005310059,0.8307085175393497,44.99116194269067,64.78450979980623,False,False,False,False,,
711,ENCC,ENCC.TO,TSX:ENCC,TSX,Global X Canadian Oil and Gas Equity Covered Call ETF,0.575,Energy,Long,84627.1,,https://www.tradingview.com/chart/?symbol=TSX%3AENCC,False,,-36.140480628091325,-1.4962248945073668,12.819999694824219,11.569999694824219,12.001879676818847,0.6830601377668595,43.02593918102061,83.13002738118844,False,False,False,False,,
712,CONL,CONL,AMEX:CONL,US,GraniteShares 2x Long COIN Daily ETF,0.572,Trading--Leveraged Equity,2X Long,23573567.9,,https://www.tradingview.com/chart/?symbol=AMEX%3ACONL,False,,-31.455457027134113,-28.901947905461373,4.579999923706055,3.924999952316284,5.482599873542785,0.09924242492659145,11.74302438929877,-49.00892200197658,False,True,False,False,,
713,CSRE,CSRE,AMEX:CSRE,US,Cohen & Steers Real Estate Active ETF,0.57,Real Estate,Long,139459.25,,https://www.tradingview.com/chart/?symbol=AMEX%3ACSRE,True,2026-09-16 09:30,-68.97228523171137,-63.62269716098171,27.709999084472656,25.829999923706055,26.811759887695313,0.4519228917607121,-37.58258968256669,,False,False,False,False,,
714,XMA,XMA.TO,TSX:XMA,TSX,iShares S&P/TSX Capped Materials Index ETF,0.566,Materials,Long,95650.3,,https://www.tradingview.com/chart/?symbol=TSX%3AXMA,True,2026-09-16 09:30,-55.400314460436675,-54.85222221827414,47.04999923706055,37.599998474121094,41.11167872619629,0.6350806508467832,43.90983771554439,51.83226548034643,False,False,False,False,,
715,QCLN,QCLN,AMEX:QCLN,US,First Trust Nasdaq Clean Edge Green Energy Index Fund,0.564,Miscellaneous Sector,Long,156840.45,,https://www.tradingview.com/chart/?symbol=AMEX%3AQCLN,False,,-51.01261748865651,-51.01261748865651,46.720001220703125,43.64500045776367,49.50134013366699,0.12391702329694088,-49.42066016279978,49.396547931182546,False,True,False,False,,
716,TXUE,TXUE,AMEX:TXUE,US,Thornburg International Equity ETF,0.562,Foreign Large Blend,Long,45785.0,,https://www.tradingview.com/chart/?symbol=AMEX%3ATXUE,True,2026-09-16 09:30,-58.85195790921728,-58.85195790921728,35.31999969482422,31.110000610351562,32.44104046630859,0.7464538191616864,27.801038303757604,,False,False,False,False,,
717,UFO,UFO,AMEX:UFO,US,Procure Space ETF,0.558,Miscellaneous Sector,Long,221687.7,,https://www.tradingview.com/chart/?symbol=AMEX%3AUFO,False,,-38.87285219888374,-38.87285219888374,42.93000030517578,42.53499984741211,48.49045909118652,0.015652883214619415,-41.06633687782384,58.20594032664371,False,True,False,False,,
719,MSFU,MSFU,AMEX:MSFU,US,Direxion Daily MSFT Bull 2X ETF,0.551,Trading--Leveraged Equity,2X Long,2767213.8,,https://www.tradingview.com/chart/?symbol=AMEX%3AMSFU,False,,-19.1146011357229,-6.098447914747466,36.45000076293945,19.7549991607666,24.72119425201416,0.7933680223430408,48.64500315060104,-21.446581186324305,False,False,False,False,,
720,LABU,LABU,AMEX:LABU,US,Direxion Daily S&P Biotech Bull 3X ETF,0.548,Trading--Leveraged Equity,3X Long,379732.9,,https://www.tradingview.com/chart/?symbol=AMEX%3ALABU,True,2026-09-16 09:30,-71.28599612139399,-68.65268616934706,250.6999969482422,135.21499633789062,183.8888151855469,0.5599408632666868,30.515096689098126,68.61194614098956,False,False,False,False,,
721,JNUG,JNUG,AMEX:JNUG,US,Direxion Daily Junior Gold Miners Index Bull 2X ETF,0.545,Trading--Leveraged Equity,2X Long,282701.7,,https://www.tradingview.com/chart/?symbol=AMEX%3AJNUG,True,2026-09-16 09:30,-67.17836731549758,-66.73078842890096,162.5,103.58000183105469,147.74032427978517,0.31487812581112257,37.48595233441907,25.63182129178224,False,False,False,False,,
722,ENFR,ENFR,AMEX:ENFR,US,Alerian Energy Infrastructure ETF,0.545,Energy Limited Partnership,Long,85383.5,,https://www.tradingview.com/chart/?symbol=AMEX%3AENFR,False,,-66.30460992991853,-66.30460992991853,38.689998626708984,36.165000915527344,37.202221023559574,0.5745159154013938,48.03157415348954,76.98264619317075,False,False,False,False,,
723,NVDU,NVDU,AMEX:NVDU,US,Direxion Daily NVDA Bull 2X ETF,0.537,Trading--Leveraged Equity,2X Long,342641.85,,https://www.tradingview.com/chart/?symbol=AMEX%3ANVDU,False,,-53.01978325965249,-48.94246839605336,128.9499969482422,86.87999725341797,106.90931790161133,0.4956992851814006,27.259736585771524,,False,False,False,False,,
724,REM,REM,AMEX:REM,US,iShares Mortgage Real Estate ETF,0.535,Real Estate,Long,154119.95,,https://www.tradingview.com/chart/?symbol=AMEX%3AREM,True,2026-09-16 09:30,-85.75444506476724,-85.71126212686276,19.719999313354492,19.719999313354492,20.5200396194458,0.0,-33.85183511116245,43.30061777298445,False,True,False,False,,
725,NBOS,NBOS,AMEX:NBOS,US,Neuberger Option Strategy ETF,0.534,Equity Hedged,1.25X Long,77901.15,,https://www.tradingview.com/chart/?symbol=AMEX%3ANBOS,False,,-42.27305303955102,-42.27305303955102,28.229999542236328,26.161100387573242,26.748480606079102,0.8312506705494674,56.25129019621833,,False,False,False,False,,
726,DWX,DWX,AMEX:DWX,US,State Street SPDR S&P International Dividend ETF,0.53,Foreign Large Value,Long,13413.0,,https://www.tradingview.com/chart/?symbol=AMEX%3ADWX,False,,-47.594881693697836,-46.87586576579667,47.402099609375,44.5,45.44201760864258,0.7270517042663522,34.452293594254336,65.50221834690086,False,False,False,False,,
727,VNM,VNM,AMEX:VNM,US,VanEck Vietnam ETF,0.525,Focused Region,Long,156431.7,,https://www.tradingview.com/chart/?symbol=AMEX%3AVNM,False,,-70.92892070136311,-65.01856680532794,17.364999771118164,16.28499984741211,17.107459991455077,0.3098994934170487,8.172242534948527,29.713822228542707,False,False,False,False,,
728,RSPU,RSPU,AMEX:RSPU,US,Invesco S&P 500 Equal Weight Utilities ETF,0.521,Utilities,Long,57417.25,,https://www.tradingview.com/chart/?symbol=AMEX%3ARSPU,True,2026-09-16 13:30,-65.88683886782397,-65.88683886782397,73.33999633789062,73.2300033569336,75.82364285278321,0.010008462451084048,-56.656964724142135,42.026389070153186,False,True,False,False,,"NEAR: 4h+band ok, weekly shallow"
729,IAK,IAK,AMEX:IAK,US,iShares U.S. Insurance ETF,0.517,Financial,Long,121598.95,,https://www.tradingview.com/chart/?symbol=AMEX%3AIAK,False,,-21.099491400247853,10.02001350540583,143.9149932861328,125.52999877929688,131.77573791503906,0.6946909900196608,1.8482196044435657,75.3044998977689,False,False,False,False,,
730,EIDO,EIDO,AMEX:EIDO,US,iShares MSCI Indonesia ETF,0.516,Focused Region,Long,1014594.4,,https://www.tradingview.com/chart/?symbol=AMEX%3AEIDO,False,,-39.32586420785487,-39.32586420785487,12.609999656677246,10.795000076293945,12.153179878234862,0.31537790530998644,44.35377380419831,-70.15808782453256,False,False,False,False,,
731,DJD,DJD,AMEX:DJD,US,Invesco Dow Jones Industrial Average Dividend ETF,0.51,Large Value,Long,46671.75,,https://www.tradingview.com/chart/?symbol=AMEX%3ADJD,False,,-53.49511658931167,-45.827730487134794,64.20999908447266,58.84000015258789,60.69024018859863,0.6849488300216668,36.88242064801643,75.18805974438311,False,False,False,False,,
732,VGSR,VGSR,AMEX:VGSR,US,Vert Global Sustainable Real Estate ETF,0.506,Global Real Estate,Long,222311.85,,https://www.tradingview.com/chart/?symbol=AMEX%3AVGSR,True,2026-09-16 09:30,-68.48182678629327,-67.44029219012337,10.880000114440918,10.130000114440918,10.535117588043214,0.43691030758589655,-45.53700230640751,,False,False,False,False,,
733,ICOP,ICOP,AMEX:ICOP,US,iShares Copper and Metals Mining ETF,0.499,Natural Resources,Long,154837.05,,https://www.tradingview.com/chart/?symbol=AMEX%3AICOP,False,,-53.22377438991027,-53.22377438991027,52.81999969482422,42.310001373291016,46.70196061706543,0.5647501413857008,46.01564282129235,,False,False,False,False,,
734,BTCC,BTCC.TO,TSX:BTCC,TSX,Purpose Bitcoin ETF,0.497,"Long BTC, Short CAD",Long,198964.7,,https://www.tradingview.com/chart/?symbol=TSX%3ABTCC,False,,-42.286446294398424,-42.286446294398424,13.25,10.260000228881836,11.260640174865722,0.7051886633309057,59.28531400189005,-33.992568760779776,False,False,False,False,,
735,CRAK,CRAK,AMEX:CRAK,US,VanEck Oil Refiners ETF,0.496,Equity Energy,Long,435049.2,,https://www.tradingview.com/chart/?symbol=AMEX%3ACRAK,False,,29.882890543299947,30.060167012856507,65.26000213623047,44.88999938964844,49.933320037841796,0.9532054341846099,71.74600138018594,76.97765045299958,False,False,False,False,,
736,PAPI,PAPI,AMEX:PAPI,US,Parametric Equity Premium Income ETF,0.49,Derivative Income,Long,91780.0,,https://www.tradingview.com/chart/?symbol=AMEX%3APAPI,False,,-57.591562343463885,-38.0297585827872,27.290000915527344,26.045000076293945,26.572460220336914,0.5570472032388222,34.069823390636095,,False,False,False,False,,
737,NAIL,NAIL,AMEX:NAIL,US,Direxion Daily Homebuilders & Supplies Bull 3X ETF,0.489,Trading--Leveraged Equity,3X Long,1315834.7,,https://www.tradingview.com/chart/?symbol=AMEX%3ANAIL,False,,-69.54139854176779,-39.36950282870503,29.6200008392334,28.809999465942383,34.608519844055174,0.032967086710298917,-67.82090712789082,-49.48117209316049,False,True,True,False,,"WATCH: weekly+band ok, waiting on 4h dot"
738,METU,METU,AMEX:METU,US,Direxion Daily META Bull 2X ETF,0.486,Trading--Leveraged Equity,2X Long,6563378.2,,https://www.tradingview.com/chart/?symbol=AMEX%3AMETU,False,,67.84702702162902,67.84702702162902,27.09000015258789,17.42009925842285,20.86803554534912,0.661873196345333,5.765082900762811,,False,False,False,False,,
739,CXSE,CXSE,AMEX:CXSE,US,WisdomTree China ex-State-Owned Enterprises Fund,0.477,Greater China Region,Long,17734.85,,https://www.tradingview.com/chart/?symbol=AMEX%3ACXSE,True,2026-09-16 09:30,-74.94738126623157,-64.56534891829581,35.810001373291016,35.810001373291016,37.379377426147464,0.0,-60.8662625209686,12.031069655707268,False,True,True,True,HIGH,FULL PASS
740,ZAP,ZAP,AMEX:ZAP,US,Global X U.S. Electrification ETF,0.472,Utilities,Long,128372.8,,https://www.tradingview.com/chart/?symbol=AMEX%3AZAP,False,,-49.32235214011521,-49.32235214011521,30.8700008392334,30.7549991607666,31.74737914276123,0.027348794424100903,-61.095681401645415,,False,True,True,False,,
741,AVXC,AVXC,AMEX:AVXC,US,Avantis Emerging Markets ex-China Equity ETF,0.471,Diversified Emerging Mkts,Long,56798.65,,https://www.tradingview.com/chart/?symbol=AMEX%3AAVXC,False,,-35.03914528674455,-35.03914528674455,81.16999816894531,65.12000274658203,70.65892123413086,0.6838517172968857,38.556938986394755,,False,False,False,False,,
742,NCIQ,NCIQ,AMEX:NCIQ,US,Hashdex Nasdaq CME Crypto Index ETF,0.467,Digital Assets,Long,69243.05,,https://www.tradingview.com/chart/?symbol=AMEX%3ANCIQ,False,,-39.260731087256644,-39.260731087256644,19.1299991607666,14.539999961853027,15.974880168914794,0.7549339698271921,62.45406911015792,,False,False,False,False,,
743,BBLU,BBLU,AMEX:BBLU,US,EA Bridgeway Blue Chip ETF,0.466,Large Blend,Long,77014.65,,https://www.tradingview.com/chart/?symbol=AMEX%3ABBLU,False,,-25.183712562733962,-25.183712562733962,17.200000762939453,14.399999618530273,15.144579780578614,0.8874803597542876,50.57577211230619,70.74661093634349,False,False,False,False,,
744,BITQ,BITQ,AMEX:BITQ,US,Bitwise Crypto Industry Innovators ETF,0.463,Equity Digital Assets,Long,108521.1,,https://www.tradingview.com/chart/?symbol=AMEX%3ABITQ,False,,-40.03102602506288,-40.03102602506288,24.360000610351562,17.780000686645508,20.463320434570313,0.578715966740668,26.51252702801187,42.33522355926993,False,False,False,False,,
745,POWR,POWR,AMEX:POWR,US,iShares U.S. Power Infrastructure ETF,0.46,,Long,203231.0,,https://www.tradingview.com/chart/?symbol=AMEX%3APOWR,False,,-62.04919366421768,-62.04919366421768,24.459999084472656,24.459999084472656,25.39455931854248,0.0,-58.60240092752864,52.724254634465815,False,True,False,False,,
746,XBM,XBM.TO,TSX:XBM,TSX,iShares S&P/TSX Global Base Metals Index ETF,0.458,Materials,Long,52749.2,,https://www.tradingview.com/chart/?symbol=TSX%3AXBM,True,2026-09-16 09:30,-53.656113292114895,-53.2582935410891,35.119998931884766,28.84000015258789,31.997680404663086,0.46935712092446813,26.912961593427678,63.60311611612884,False,False,False,False,,
747,TTEQ,TTEQ,AMEX:TTEQ,US,T. Rowe Price Technology ETF,0.458,Technology,Long,98291.45,,https://www.tradingview.com/chart/?symbol=AMEX%3ATTEQ,False,,-25.803380291506205,-25.803380291506205,41.2400016784668,28.885000228881836,32.775459922790525,0.7494693613372476,5.228056393370793,,False,False,False,False,,
748,AMAX,AMAX.TO,TSX:AMAX,TSX,Hamilton Gold Producer Yield Maximizer ETF,0.457,Materials,Long,68647.55,,https://www.tradingview.com/chart/?symbol=TSX%3AAMAX,True,2026-09-16 09:30,-57.723330075198,-57.723330075198,35.369998931884766,28.389999389648438,31.457999389648435,0.5369230417104868,42.8804979507625,,False,False,False,False,,
749,XRT,XRT,AMEX:XRT,US,State Street SPDR S&P Retail ETF,0.454,Consumer Cyclical,Long,3615591.2,,https://www.tradingview.com/chart/?symbol=AMEX%3AXRT,False,,-49.280354523397534,-46.16941181951585,82.72000122070312,78.38500213623047,81.71850213623047,0.3069025900511615,-32.26220251230182,46.402179907938795,False,False,False,False,,
750,AIPI,AIPI,AMEX:AIPI,US,REX AI Equity Premium Income ETF,0.444,Derivative Income,Long,161209.25,,https://www.tradingview.com/chart/?symbol=AMEX%3AAIPI,False,,-42.1976407859653,-42.1976407859653,36.41999816894531,32.41999816894531,34.08143838500977,0.5681817442917723,47.21022738983678,,False,False,False,False,,
752,OSEA,OSEA,AMEX:OSEA,US,Harbor International Compounders ETF,0.437,Foreign Large Growth,Long,177588.7,,https://www.tradingview.com/chart/?symbol=AMEX%3AOSEA,False,,-72.62584958789442,-72.34391355169039,29.099899291992188,27.959999084472656,28.767119102478027,0.33330414681007103,-14.848716809045749,40.75087781597544,False,False,False,False,,
753,OVL,OVL,AMEX:OVL,US,Overlay Shares Large Cap Equity ETF,0.436,Derivative Income,Long,187108.55,,https://www.tradingview.com/chart/?symbol=AMEX%3AOVL,False,,-47.171262004214604,-47.171262004214604,55.915000915527344,48.709999084472656,51.03341937255859,0.731843670664381,24.709823719085126,70.28134667850956,False,False,False,False,,
754,EMAX,EMAX.TO,TSX:EMAX,TSX,Hamilton Energy Yield Maximizer ETF,0.425,Energy Equity,Long,54368.6,,https://www.tradingview.com/chart/?symbol=TSX%3AEMAX,False,,37.08271118933025,43.51258605409988,17.8799991607666,15.470000267028809,16.154400402069093,0.8310339373159861,66.36189822544343,,False,False,False,False,,
755,MVLL,MVLL,AMEX:MVLL,US,GraniteShares 2x Long MRVL Daily ETF,0.422,Trading--Leveraged Equity,2X Long,4532551.3,,https://www.tradingview.com/chart/?symbol=AMEX%3AMVLL,False,,-2.74964362300569,-1.5696101073745925,27.5,6.87666654586792,22.778346910476685,0.30607499230128804,-18.755722271452516,,False,False,False,False,,
757,COPY,COPY,AMEX:COPY,US,Tweedy Browne Insider + Value ETF Trust Units,0.42,,Long,226372.45,,https://www.tradingview.com/chart/?symbol=AMEX%3ACOPY,False,,-43.75061053729547,-30.353921097400885,15.619999885559082,13.140000343322754,13.826760082244872,0.8522338436530656,44.56061075203505,,False,False,False,False,,
758,HDIF,HDIF.TO,TSX:HDIF,TSX,Harvest Diversified Monthly Income ETF,0.415,Large Cap,1.25X Long,55831.1,,https://www.tradingview.com/chart/?symbol=TSX%3AHDIF,False,,-53.63061104171078,-53.63061104171078,9.350000381469727,8.270000457763672,8.647600322723388,0.6750001937151648,24.05273316549106,75.87774566986785,False,False,False,False,,
759,PLTU,PLTU,AMEX:PLTU,US,Direxion Daily PLTR Bull 2X ETF,0.413,Trading--Leveraged Equity,2X Long,1119542.95,,https://www.tradingview.com/chart/?symbol=AMEX%3APLTU,False,,-47.98168597789342,-4.456261089923557,49.380001068115234,21.239999771118164,29.79263971710205,0.7764901069183651,38.844097989974436,,False,False,False,False,,
760,KBWD,KBWD,AMEX:KBWD,US,Invesco KBW High Dividend Yield Financial ETF,0.411,Financial,Long,361209.8,,https://www.tradingview.com/chart/?symbol=AMEX%3AKBWD,False,,-80.272038742012,-68.93925488121397,11.78499984741211,11.78499984741211,12.195639793395996,0.0,15.40119916059993,6.278349458299701,False,True,False,False,,
761,BBHM,BBHM,AMEX:BBHM,US,BBH Select Mid Cap ETF,0.41,Mid-Cap Growth,Long,123773.85,,https://www.tradingview.com/chart/?symbol=AMEX%3ABBHM,True,2026-09-16 09:30,-63.818165839214515,-61.491344751254395,11.329999923706055,10.699999809265137,11.124799854278564,0.3500000264909504,-17.053737450105718,,False,False,False,False,,
762,FXN,FXN,AMEX:FXN,US,First Trust Energy AlphaDEX Fund,0.403,Equity Energy,Long,376424.9,,https://www.tradingview.com/chart/?symbol=AMEX%3AFXN,False,,4.776361216253793,4.776361216253793,23.350000381469727,20.014999389648438,21.045139335632324,0.7640323405943674,65.97398325373696,72.42737025119332,False,False,False,False,,
763,AMDY,AMDY,AMEX:AMDY,US,YieldMax AMD Option Income Strategy ETF,0.401,Derivative Income,Long,284936.4,,https://www.tradingview.com/chart/?symbol=AMEX%3AAMDY,False,,13.766353383293245,24.36586621896645,45.2400016784668,29.965999603271484,36.93130358886719,0.5175171819062836,-14.209521130019446,,False,False,False,False,,
764,SPXU,SPXU,AMEX:SPXU,US,ProShares UltraPro Short S&P500,0.4,Trading--Inverse Equity,-3X Short,6572186.1,,https://www.tradingview.com/chart/?symbol=AMEX%3ASPXU,False,,32.749901346210116,51.37524939955963,36.56999969482422,33.02000045776367,39.87108016967773,0.12228726787244219,-25.39102293024857,-53.63310641289147,False,True,False,False,,
765,KSTR,KSTR,AMEX:KSTR,US,KraneShares China Technology & Semiconductor STAR 50 Index ETF,0.394,Greater China Region,Long,854462.75,,https://www.tradingview.com/chart/?symbol=AMEX%3AKSTR,False,,-65.84596290448489,-26.427065001433608,23.309999465942383,18.0,21.393680252075196,0.36926280052344645,-43.46965080050622,72.58861477216287,False,False,False,False,,
766,URNJ,URNJ,AMEX:URNJ,US,Sprott Junior Uranium Miners ETF,0.394,Natural Resources,Long,364755.75,,https://www.tradingview.com/chart/?symbol=AMEX%3AURNJ,True,2026-09-16 09:30,-69.1612019963019,-66.96813378668321,22.040000915527344,20.899999618530273,23.87359970855713,0.09047629067326225,11.826210486291965,7.469264010654439,False,True,False,False,,
767,PBW,PBW,AMEX:PBW,US,Invesco WilderHill Clean Energy ETF,0.392,Small Growth,Long,510905.4,,https://www.tradingview.com/chart/?symbol=AMEX%3APBW,False,,-61.23362864600906,-61.23362864600906,29.950000762939453,29.889999389648438,33.93267964172363,0.003502706920590835,-52.3254308407604,41.58186237092844,False,True,False,False,,
768,IEZ,IEZ,AMEX:IEZ,US,iShares U.S. Oil Equipment & Services ETF,0.391,Equity Energy,Long,159503.05,,https://www.tradingview.com/chart/?symbol=AMEX%3AIEZ,False,,-60.763901266943556,-60.763901266943556,28.15999984741211,25.850000381469727,27.426480003356932,0.34580838622562743,41.356460739111945,57.65819292495351,False,False,False,False,,
771,PBP,PBP,AMEX:PBP,US,Invesco S&P 500 BuyWrite ETF,0.383,Derivative Income,Long,74897.45,,https://www.tradingview.com/chart/?symbol=AMEX%3APBP,False,,-19.188665902556522,-19.188665902556522,23.15999984741211,21.485000610351562,21.941660484313964,0.8656329195650653,54.81301925579019,73.16063917610208,False,False,False,False,,
772,SDS,SDS,AMEX:SDS,US,ProShares UltraShort S&P 500,0.382,Trading--Inverse Equity,-2X Short,2256250.5,,https://www.tradingview.com/chart/?symbol=AMEX%3ASDS,False,,33.71172294631159,52.13419952675908,56.52000045776367,52.7599983215332,59.14497929382324,0.13897621747056352,-22.740924463520443,-57.37337244946527,False,True,False,False,,
773,YMAX,YMAX,AMEX:YMAX,US,YieldMax Universe Fund of Option Income ETFs,0.38,Derivative Income,Long,1015252.5,,https://www.tradingview.com/chart/?symbol=AMEX%3AYMAX,False,,-63.171788130012864,-63.171788130012864,7.275000095367432,7.255000114440918,7.619620132446289,0.01294497083423351,38.92507361937904,,False,True,False,False,,
774,PLTY,PLTY,AMEX:PLTY,US,YieldMax PLTR Option Income Strategy ETF,0.378,Derivative Income,Long,291203.65,,https://www.tradingview.com/chart/?symbol=AMEX%3APLTY,False,,-59.286371335972355,-15.37623563681907,35.15999984741211,26.209999084472656,30.007239120483398,0.5562461577416423,46.388372916182796,,False,False,False,False,,
775,PINK,PINK,AMEX:PINK,US,Simplify Health Care ETF,0.378,Health,Long,64768.0,,https://www.tradingview.com/chart/?symbol=AMEX%3APINK,False,,-58.59765769461825,-45.064852905467,38.614349365234375,32.040000915527344,34.01916751098633,0.7839391780816933,10.674513599591805,67.60769281163294,False,False,False,False,,
776,EEMS,EEMS,AMEX:EEMS,US,iShares MSCI Emerging Markets Small Cap ETF,0.377,Diversified Emerging Mkts,Long,59754.4,,https://www.tradingview.com/chart/?symbol=AMEX%3AEEMS,False,,-53.94800890221455,-53.94800890221455,74.20999908447266,67.4800033569336,70.27896170043945,0.5674536012243062,28.169946015361404,57.74846474441714,False,False,False,False,,
777,DAPP,DAPP,AMEX:DAPP,US,VanEck Digital Transformation ETF,0.374,Equity Digital Assets,Long,911035.7,,https://www.tradingview.com/chart/?symbol=AMEX%3ADAPP,False,,-43.4986676867847,-43.4986676867847,18.600000381469727,13.970000267028809,16.16126000595093,0.498653814333095,21.562075733882782,27.141863223078428,False,False,False,False,,
778,CLOU,CLOU,AMEX:CLOU,US,Global X Cloud Computing ETF,0.369,Technology,Long,382890.85,,https://www.tradingview.com/chart/?symbol=AMEX%3ACLOU,False,,-33.65942886517296,20.91691390584499,28.024999618530273,17.610000610351562,20.33344037628174,0.9025129898882416,54.06023451586253,23.059606351041822,False,False,False,False,,
779,PEJ,PEJ,AMEX:PEJ,US,Invesco Leisure and Entertainment ETF,0.369,Consumer Cyclical,Long,57416.6,,https://www.tradingview.com/chart/?symbol=AMEX%3APEJ,False,,-59.55920219417202,-49.711336243941254,62.310001373291016,55.939998626708984,59.04162815856934,0.48468736602842133,-12.890293459899405,64.40601364109686,False,False,False,False,,
781,MORT,MORT,AMEX:MORT,US,VanEck Mortgage REIT Income ETF,0.364,Real Estate,Long,813088.4,,https://www.tradingview.com/chart/?symbol=AMEX%3AMORT,False,,-77.73442284537298,-74.77064773540685,9.114999771118164,9.114999771118164,9.477283367156982,0.0,-33.831735872365705,37.054012847223184,False,True,False,False,,
782,DPST,DPST,AMEX:DPST,US,Direxion Daily Regional Banks Bull 3X ETF,0.358,Trading--Leveraged Equity,3X Long,196115.6,,https://www.tradingview.com/chart/?symbol=AMEX%3ADPST,False,,-23.143323753709087,-18.998281702528487,125.05999755859375,84.70999908447266,102.07487771606445,0.5483827351702985,-19.443560375954064,57.59708490304612,False,False,False,False,,
783,XTN,XTN,AMEX:XTN,US,State Street SPDR S&P Transportation ETF,0.355,Industrials,Long,35439.35,,https://www.tradingview.com/chart/?symbol=AMEX%3AXTN,False,,-54.69406456981918,-54.552651207539476,100.22000122070312,87.6500015258789,94.74416094970704,0.4181636964647931,-64.94327522374086,68.09500835478589,False,False,True,False,,
784,CONY,CONY,AMEX:CONY,US,YieldMax COIN Option Income Strategy ETF,0.353,Derivative Income,Long,474760.7,,https://www.tradingview.com/chart/?symbol=AMEX%3ACONY,False,,-43.06818131791285,-34.233427777911906,18.530000686645508,17.719999313354492,20.99921942138672,0.05829444739877188,38.973422444054485,,False,True,False,False,,
785,IRE,IRE,AMEX:IRE,US,Defiance Daily Target 2X Long IREN ETF,0.352,Trading--Leveraged Equity,2X Long,7854584.95,,https://www.tradingview.com/chart/?symbol=AMEX%3AIRE,False,,-24.961734843074264,-24.961734843074264,10.180000305175781,5.889999866485596,14.32464015007019,0.12003358406419343,-26.461089908962226,,False,True,False,False,,
786,INTW,INTW,AMEX:INTW,US,GraniteShares 2x Long INTC Daily ETF,0.349,Trading--Leveraged Equity,2X Long,3795600.0,,https://www.tradingview.com/chart/?symbol=AMEX%3AINTW,False,,7.505302025405592,7.856211303641434,22.860000610351562,5.621250152587891,16.649234756469724,0.3689110253744981,-26.291705532419655,,False,False,False,False,,
787,GREK,GREK,AMEX:GREK,US,Global X MSCI Greece ETF,0.349,Focused Region,Long,40156.4,,https://www.tradingview.com/chart/?symbol=AMEX%3AGREK,False,,-12.841165961540133,-12.841165961540133,85.40499877929688,60.7400016784668,67.01049729919434,0.9283060969781077,69.10280087835571,72.86096239868962,False,False,False,False,,
788,THD,THD,AMEX:THD,US,iShares MSCI Thailand ETF,0.348,Focused Region,Long,41399.65,,https://www.tradingview.com/chart/?symbol=AMEX%3ATHD,False,,-45.64927940892759,-45.64927940892759,71.05500030517578,65.08899688720703,67.43743383789062,0.5995378356786563,32.69025992820613,63.80735543517699,False,False,False,False,,
789,SPXS,SPXS,AMEX:SPXS,US,Direxion Daily S&P 500 Bear 3X ETF,0.347,Trading--Inverse Equity,-3X Short,11018642.15,,https://www.tradingview.com/chart/?symbol=AMEX%3ASPXS,False,,33.01484328151944,51.71787523725376,26.079999923706055,23.575000762939453,28.459020690917967,0.121043691602136,-25.322745283771336,-53.62257531485725,False,True,False,False,,
790,QQU,QQU.TO,TSX:QQU,TSX,BetaPro NASDAQ-100 2x Daily Bull ETF,0.345,Large Cap,2X Long,260793.15,,https://www.tradingview.com/chart/?symbol=TSX%3AQQU,False,,-48.85184417288449,-48.85184417288449,36.54999923706055,24.31999969482422,28.624640090942382,0.6705042991676056,-12.568378255478473,64.66846677489143,False,False,False,False,,
791,XQQI,XQQI,AMEX:XQQI,US,NEOS Boosted Nasdaq-100 High Income ETF,0.339,Derivative Income,1.5X Long,285388.75,,https://www.tradingview.com/chart/?symbol=AMEX%3AXQQI,False,,-52.363438040728205,-52.363438040728205,47.645301818847656,42.040000915527344,45.008880447387696,0.445572479107858,9.711308117441584,,False,False,False,False,,
792,WQTM,WQTM,AMEX:WQTM,US,WisdomTree Quantum Computing Fund,0.339,Technology,Long,173541.8,,https://www.tradingview.com/chart/?symbol=AMEX%3AWQTM,False,,-50.98923707771144,-50.98923707771144,31.06999969482422,23.31999969482422,27.56564009094238,0.43079484585465005,-35.372460490423975,,False,False,False,False,,
793,WCLD,WCLD,AMEX:WCLD,US,WisdomTree Cloud Computing Fund,0.338,Technology,Long,699491.8,,https://www.tradingview.com/chart/?symbol=AMEX%3AWCLD,False,,-48.026365777326454,10.97840908919738,40.849998474121094,24.094999313354492,28.59197983551025,0.879296626360606,55.71404107698596,2.1442996803616197,False,False,False,False,,
794,EWQ,EWQ,AMEX:EWQ,US,iShares MSCI France ETF,0.337,Focused Region,Long,283908.1,,https://www.tradingview.com/chart/?symbol=AMEX%3AEWQ,True,2026-09-16 09:30,-69.35270833803135,-66.6121740694204,44.141998291015625,41.84000015258789,43.27724018859863,0.37799640077997715,-5.732934927626723,57.465573171393565,False,False,False,False,,
795,KOID,KOID,AMEX:KOID,US,KraneShares Global Humanoid Robotics and Physical AI Index ETF,0.335,Technology,Long,170011.5,,https://www.tradingview.com/chart/?symbol=AMEX%3AKOID,True,2026-09-16 09:30,-62.00702761269478,-61.4938007652259,34.619998931884766,30.040000915527344,33.16464041137695,0.3459213561423839,-45.63712939719005,,False,False,False,False,,
796,FLCH,FLCH,AMEX:FLCH,US,Franklin FTSE China ETF,0.334,Greater China Region,Long,103980.9,,https://www.tradingview.com/chart/?symbol=AMEX%3AFLCH,False,,-73.13809505754897,-63.79660771336429,20.690000534057617,20.247600555419922,21.108386932373048,0.12129187653742532,-21.607732862853883,-6.801017313548376,False,True,False,False,,
797,GDXY,GDXY,AMEX:GDXY,US,YieldMax Gold Miners Option Income Strategy ETF,0.33,Commodities Focused,Long,935275.85,,https://www.tradingview.com/chart/?symbol=AMEX%3AGDXY,True,2026-09-16 09:30,-65.82077282295907,-63.52971891847867,10.680000305175781,9.404999732971191,11.0470407371521,0.1832476377107159,44.72379031459471,,False,True,False,False,,
798,DFEN,DFEN,AMEX:DFEN,US,Direxion Daily Aerospace & Defense Bull 3X ETF,0.329,Trading--Leveraged Equity,3X Long,220112.55,,https://www.tradingview.com/chart/?symbol=AMEX%3ADFEN,True,2026-09-16 09:30,-64.17587307137906,-60.4119368615515,53.31999969482422,52.42499923706055,60.87498020935058,0.02499651877618176,-36.29892657799964,48.70579554154936,False,True,False,False,,
799,UTES,UTES.TO,TSX:UTES,TSX,Evolve Canadian Utilities Enhanced Yield Index Fund,0.326,Utilities,1.25X Long,243987.55,,https://www.tradingview.com/chart/?symbol=TSX%3AUTES,False,,-84.6937063153783,-66.21015079140894,8.289999961853027,8.260000228881836,8.644680255889893,0.018404742861923767,-57.501256267340246,,False,True,False,False,,
800,KBWY,KBWY,AMEX:KBWY,US,Invesco KBW Premium Yield Equity REIT ETF,0.322,Real Estate,Long,210734.2,,https://www.tradingview.com/chart/?symbol=AMEX%3AKBWY,False,,-69.42027880802424,-58.50424067630317,17.270000457763672,14.96500015258789,15.960919990539551,0.546208691997044,-29.588255305689007,69.76365196316712,False,False,False,False,,
801,URTY,URTY,AMEX:URTY,US,ProShares UltraPro Russell2000,0.316,Trading--Leveraged Equity,3X Long,314639.7,,https://www.tradingview.com/chart/?symbol=AMEX%3AURTY,True,2026-09-16 09:30,-65.96955986035071,-65.66312645897888,72.0999984741211,46.63999938964844,56.80687982177734,0.5909934540931133,-26.136718869090032,69.3105394271878,False,False,False,False,,
803,PTIR,PTIR,AMEX:PTIR,US,GraniteShares 2x Long PLTR Daily ETF,0.312,Trading--Leveraged Equity,2X Long,3273106.1,,https://www.tradingview.com/chart/?symbol=AMEX%3APTIR,False,,-48.26831878864278,-4.292442030762023,18.40999984741211,7.909999847412109,11.096023704528807,0.7777719537362632,38.7751936868743,,False,False,False,False,,
804,IYRI,IYRI,AMEX:IYRI,US,NEOS Real Estate High Income ETF,0.312,Derivative Income,Long,80397.1,,https://www.tradingview.com/chart/?symbol=AMEX%3AIYRI,False,,-71.5540094265242,-71.5540094265242,46.880001068115234,46.32820129394531,47.33162622070312,0.12978025882302277,-20.40251890124608,,False,True,False,False,,
805,TCAL,TCAL,AMEX:TCAL,US,T. Rowe Price Capital Appreciation Premium Income ETF,0.309,Derivative Income,Long,95832.0,,https://www.tradingview.com/chart/?symbol=AMEX%3ATCAL,False,,-67.32310472963405,-51.8480497307035,22.280000686645508,21.80500030517578,22.202660179138185,0.2818994255313128,27.38241461915511,,False,False,False,False,,
806,COPP,COPP,AMEX:COPP,US,Sprott Copper Miners ETF,0.309,Natural Resources,Long,102974.7,,https://www.tradingview.com/chart/?symbol=AMEX%3ACOPP,False,,-46.79466530966181,-46.79466530966181,41.025001525878906,31.559999465942383,35.20147998809814,0.613415470041466,45.45319377563252,,False,False,False,False,,
808,CEW,CEW.TO,TSX:CEW,TSX,iShares Equal Weight Banc & Lifeco ETF,0.307,Financials,Long,39808.75,,https://www.tradingview.com/chart/?symbol=TSX%3ACEW,False,,5.240322228643087,35.05426857164833,35.25,26.459999084472656,28.80347915649414,0.8851964396159948,3.906576950334909,83.67598008159972,False,False,False,False,,
809,UAE,UAE,AMEX:UAE,US,iShares MSCI UAE ETF,0.304,Focused Region,Long,243114.35,,https://www.tradingview.com/chart/?symbol=AMEX%3AUAE,False,,52.773778470577135,61.53217235071668,20.020000457763672,17.450000762939453,18.148560546875,0.868243408690811,39.068433153353915,45.66573094732266,False,False,False,False,,
810,ELCV,ELCV,AMEX:ELCV,US,Eventide High Dividend ETF,0.3,,Long,87307.05,,https://www.tradingview.com/chart/?symbol=AMEX%3AELCV,False,,-59.43704599406891,-59.43704599406891,30.68000030517578,28.399999618530273,29.50683974456787,0.48614081599537357,-22.630862240755153,,False,False,False,False,,
811,RSPD,RSPD,AMEX:RSPD,US,Invesco S&P 500 Equal Weight Consumer Discretionary ETF,0.299,Consumer Cyclical,Long,65197.35,,https://www.tradingview.com/chart/?symbol=AMEX%3ARSPD,False,,-66.96561794315639,-59.178513868524306,52.560001373291016,51.619998931884766,53.28851885986328,0.1329565038163161,-20.398612450008443,21.89427238883623,False,True,False,False,,
813,WAGN,WAGN,AMEX:WAGN,US,Pabrai Wagons ETF,0.297,Global Small/Mid Stock,Long,107415.45,,https://www.tradingview.com/chart/?symbol=AMEX%3AWAGN,False,,-72.5192729024774,-72.5192729024774,14.949999809265137,13.710000038146973,14.331859867095947,0.4705882778736278,52.048376314313394,,False,False,False,False,,
814,HEEM,HEEM,AMEX:HEEM,US,iShares Currency Hedged MSCI Emerging Markets ETF,0.297,Diversified Emerging Mkts,Long,34010.5,,https://www.tradingview.com/chart/?symbol=AMEX%3AHEEM,False,,-41.73923117878609,-40.78301949962272,41.54499816894531,35.644798278808594,38.17476628112793,0.5503813379440952,13.318238994495294,74.12002765264413,False,False,False,False,,
815,YMAG,YMAG,AMEX:YMAG,US,YieldMax Magnificent 7 Fund of Option Income ETFs,0.296,Large Blend,Long,1042674.95,,https://www.tradingview.com/chart/?symbol=AMEX%3AYMAG,False,,-8.77849545853379,-8.77849545853379,11.125,10.755000114440918,11.317836536407471,0.1551427192413153,42.04486247855033,,False,True,False,False,,
816,PATN,PATN,AMEX:PATN,US,Pacer Nasdaq International Patent Leaders ETF,0.292,Foreign Large Blend,Long,133533.7,,https://www.tradingview.com/chart/?symbol=AMEX%3APATN,False,,-44.03312522366546,-43.5934484470906,34.94499969482422,27.34000015258789,29.907680404663086,0.6989888598929851,12.051492049043567,,False,False,False,False,,
817,QTOP,QTOP,AMEX:QTOP,US,iShares Nasdaq Top 30 Stocks ETF,0.286,Large Growth,Long,92924.15,,https://www.tradingview.com/chart/?symbol=AMEX%3AQTOP,False,,-18.5382227582851,-18.5382227582851,37.029998779296875,28.864999771118164,31.31939968109131,0.7850960872758751,6.074008188484258,,False,False,False,False,,
818,AVL,AVL,AMEX:AVL,US,Direxion Daily AVGO Bull 2X ETF,0.285,Trading--Leveraged Equity,2X Long,1147623.7,,https://www.tradingview.com/chart/?symbol=AMEX%3AAVL,True,2026-09-16 13:30,-69.78204279305278,-69.78204279305278,33.689998626708984,29.549999237060547,40.686862319946286,0.08773025659788074,-43.47003080402984,,False,True,False,False,,"NEAR: 4h+band ok, weekly shallow"
819,TBG,TBG,AMEX:TBG,US,TBG Dividend Focus ETF,0.284,Large Value,Long,54996.95,,https://www.tradingview.com/chart/?symbol=AMEX%3ATBG,False,,-77.21715144629594,-60.348621997060356,37.54999923706055,34.42499923706055,35.62033981323242,0.6169789721033921,36.13273499008354,,False,False,False,False,,
821,FMTM,FMTM,AMEX:FMTM,US,MarketDesk Focused U.S. Momentum ETF,0.277,Large Growth,Long,204518.3,,https://www.tradingview.com/chart/?symbol=AMEX%3AFMTM,False,,-53.52202283376757,8.811519195695663,38.59000015258789,33.20100021362305,35.65752430725097,0.5177250200373297,-36.38877858231599,,False,False,False,False,,
823,USDU,USDU,AMEX:USDU,US,WisdomTree Bloomberg US Dollar Bullish Fund,0.274,Trading--Miscellaneous,Long,395191.85,,https://www.tradingview.com/chart/?symbol=AMEX%3AUSDU,False,,2.2925117710227156,53.199063549402005,26.56999969482422,25.829999923706055,26.065999923706055,0.7399997711181641,-34.77035207651049,51.156201044101586,False,False,False,False,,
824,FYEE,FYEE,AMEX:FYEE,US,Fidelity Yield Enhanced Equity ETF,0.272,Derivative Income,Long,129732.15,,https://www.tradingview.com/chart/?symbol=AMEX%3AFYEE,False,,-36.78146518600434,-36.78146518600434,29.920000076293945,26.399999618530273,27.361699798583984,0.863803631591117,52.46910619986942,,False,False,False,False,,
825,ORCX,ORCX,AMEX:ORCX,US,Defiance Daily Target 2X Long ORCL ETF,0.267,Trading--Leveraged Equity,2X Long,1959947.85,,https://www.tradingview.com/chart/?symbol=AMEX%3AORCX,False,,-42.09138763983189,-42.09138763983189,20.260000228881836,13.890000343322754,27.129599758148192,0.11354724005535663,4.668349745162793,,False,True,False,False,,
826,WGMI,WGMI,AMEX:WGMI,US,CoinShares Bitcoin Mining and Digital Power ETF,0.267,Equity Digital Assets,Long,695525.45,,https://www.tradingview.com/chart/?symbol=AMEX%3AWGMI,False,,-30.50964025841839,-30.50964025841839,44.54999923706055,32.30070114135742,41.72873567199707,0.306621103390232,-43.70321923021449,49.75762295661789,False,False,False,False,,
827,AMZU,AMZU,AMEX:AMZU,US,Direxion Daily AMZN Bull 2X ETF,0.265,Trading--Leveraged Equity,2X Long,1863181.8,,https://www.tradingview.com/chart/?symbol=AMEX%3AAMZU,False,,-62.71111626928927,-62.71111626928927,33.54999923706055,24.639999389648438,29.783619857788086,0.4088093157366618,-15.605970463874757,21.556420734392606,False,False,False,False,,
829,IDNA,IDNA,AMEX:IDNA,US,iShares Genomics Immunology and Healthcare ETF,0.262,Health,Long,113491.3,,https://www.tradingview.com/chart/?symbol=AMEX%3AIDNA,False,,-57.12986509387838,-22.295373294352554,38.51499938964844,27.790000915527344,31.013760879516603,0.7851389893062808,71.35312226976681,74.67234721185628,False,False,False,False,,
830,EMQQ,EMQQ,AMEX:EMQQ,US,EMQQ The Emerging Markets Internet ETF,0.259,Diversified Emerging Mkts,Long,37037.15,,https://www.tradingview.com/chart/?symbol=AMEX%3AEMQQ,False,,-71.83747900435357,-68.26736075038077,31.568099975585938,30.18000030517578,31.52756008911133,0.2430998061251622,-11.152315646762437,-32.60440777078407,False,False,False,False,,
831,MSTX,MSTX,AMEX:MSTX,US,Defiance Daily Target 2x Long MSTR ETF,0.258,Trading--Leveraged Equity,2X Long,9991447.8,,https://www.tradingview.com/chart/?symbol=AMEX%3AMSTX,False,,-33.25616534225859,-33.25616534225859,12.949999809265137,6.75,15.585839675903319,0.16559829157798564,28.42893618448909,,False,True,False,False,,
832,ERX,ERX,AMEX:ERX,US,Direxion Daily Energy Bull 2X ETF,0.257,Trading--Leveraged Equity,2X Long,266946.55,,https://www.tradingview.com/chart/?symbol=AMEX%3AERX,False,,21.933924979368243,21.933924979368243,108.2699966430664,75.22000122070312,84.5762204284668,0.8336485867288744,64.24701184180273,69.04244517662,False,False,False,False,,
833,RSPS,RSPS,AMEX:RSPS,US,Invesco S&P 500 Equal Weight Consumer Staples ETF,0.248,Consumer Defensive,Long,72879.0,,https://www.tradingview.com/chart/?symbol=AMEX%3ARSPS,False,,-65.6368214854103,-46.5235398428101,29.93000030517578,29.145000457763672,29.842379989624025,0.26565156493058023,15.516240706688942,35.072960431067884,False,False,False,False,,
834,GPZ,GPZ,AMEX:GPZ,US,VanEck Alternative Asset Manager ETF,0.248,Financial,Long,186741.25,,https://www.tradingview.com/chart/?symbol=AMEX%3AGPZ,False,,-77.1647388389719,-68.77590523343947,22.290000915527344,20.170000076293945,21.601340202331542,0.3495466863240442,18.63515106019386,,False,False,False,False,,
835,GUSH,GUSH,AMEX:GUSH,US,Direxion Daily S&P Oil & Gas Exp. & Prod. Bull 2X ETF,0.245,Trading--Leveraged Equity,2X Long,597254.5,,https://www.tradingview.com/chart/?symbol=AMEX%3AGUSH,False,,40.11900407310142,40.11900407310142,46.209999084472656,29.8700008392334,34.69620056915283,0.7990219637969354,65.90354200522582,54.0374041832309,False,False,False,False,,
836,UWM,UWM,AMEX:UWM,US,ProShares Ultra Russell2000,0.245,Trading--Leveraged Equity,2X Long,235637.4,,https://www.tradingview.com/chart/?symbol=AMEX%3AUWM,True,2026-09-16 09:30,-65.49368615995591,-65.32887552716305,59.529998779296875,43.61000061035156,49.53832125854492,0.6337578195970331,-22.834984858697908,70.82689020394736,False,False,False,False,,
837,BEDY,BEDY,AMEX:BEDY,US,BNY Mellon Enhanced Dividend and Income ETF,0.245,Large Value,Long,101621.1,,https://www.tradingview.com/chart/?symbol=AMEX%3ABEDY,False,,-52.204299598226164,-49.135361972537716,29.15999984741211,26.46030044555664,27.3593896484375,0.7086383161942145,41.127903350200256,,False,False,False,False,,
839,TZA,TZA,AMEX:TZA,US,Direxion Daily Small Cap Bear 3X ETF,0.237,Trading--Inverse Equity,-3X Short,3917858.7,,https://www.tradingview.com/chart/?symbol=AMEX%3ATZA,False,,61.667794214401624,66.58888473901335,44.880001068115234,36.36000061035156,46.29323974609375,0.20242340696270678,14.717377679784851,-55.74498859758476,False,True,False,False,,
840,QID,QID,AMEX:QID,US,ProShares UltraShort QQQ,0.236,Trading--Inverse Equity,-2X Short,29218545.8,,https://www.tradingview.com/chart/?symbol=AMEX%3AQID,False,,13.846039222168315,47.533737627755066,14.760000228881836,13.494999885559082,16.04262012863159,0.11718390204975025,-5.728270612805587,-56.97293266238368,False,True,False,False,,
841,STCE,STCE,AMEX:STCE,US,Schwab Crypto Thematic Natural Language Processing ETF,0.236,Equity Digital Assets,Long,59843.9,,https://www.tradingview.com/chart/?symbol=AMEX%3ASTCE,False,,-40.06077131783212,-40.06077131783212,64.30000305175781,48.875,56.911980072021485,0.4529438529887041,2.2133439151497147,27.786175354711116,False,False,False,False,,
842,EWZS,EWZS,AMEX:EWZS,US,iShares MSCI Brazil Small-Cap ETF,0.235,Focused Region,Long,287624.15,,https://www.tradingview.com/chart/?symbol=AMEX%3AEWZS,False,,-27.340418522266976,-27.340418522266976,13.149999618530273,11.729999542236328,12.78373957824707,0.31802912156025814,1.2547530784205303,15.630939473057031,False,False,False,False,,
843,AMZY,AMZY,AMEX:AMZY,US,YieldMax AMZN Option Income Strategy ETF,0.234,Derivative Income,Long,308899.7,,https://www.tradingview.com/chart/?symbol=AMEX%3AAMZY,False,,-67.93812257793219,-67.93812257793219,10.199999809265137,9.949999809265137,10.633219917297364,0.08635577218288934,6.763109896283781,,False,True,False,False,,
844,YOKE,YOKE,AMEX:YOKE,US,YOKE Core ETF,0.233,Large Blend,Long,11209.8,,https://www.tradingview.com/chart/?symbol=AMEX%3AYOKE,False,,-60.586440330252366,-60.586440330252366,30.600000381469727,26.739999771118164,28.229159645080568,0.6117275653010029,-32.32218035020251,,False,False,False,False,,
845,SPWO,SPWO,AMEX:SPWO,US,SP Funds S&P World (ex-US) ETF,0.231,Foreign Large Growth,Long,73675.55,,https://www.tradingview.com/chart/?symbol=AMEX%3ASPWO,True,2026-09-16 09:30,-56.71032719407185,-56.702588800750355,32.40999984741211,27.18000030517578,29.034983856201173,0.6653858958940595,14.061178945390438,,False,False,False,False,,
846,GOOY,GOOY,AMEX:GOOY,US,YieldMax GOOGL Option Income Strategy ETF,0.228,Derivative Income,Long,258340.35,,https://www.tradingview.com/chart/?symbol=AMEX%3AGOOY,False,,-31.31277860557658,18.747962666009872,12.074999809265137,11.765000343322754,12.711360172271728,0.07730661395851254,-32.04633986642111,,False,True,False,False,,
847,TUR,TUR,AMEX:TUR,US,iShares MSCI Turkey ETF,0.228,Focused Region,Long,158910.7,,https://www.tradingview.com/chart/?symbol=AMEX%3ATUR,False,,-57.06279065411625,-57.06279065411625,36.20199966430664,36.20199966430664,37.978607635498044,0.0,28.038530643957163,45.0948037410372,False,True,False,False,,
848,COLO,COLO,AMEX:COLO,US,Global X MSCI Colombia ETF,0.226,,Long,144071.75,,https://www.tradingview.com/chart/?symbol=AMEX%3ACOLO,False,,6.290248846667022,6.290248846667022,49.72999954223633,36.02000045776367,39.724020385742186,0.8735265594808415,65.4500328154803,77.91110196208722,False,False,False,False,,
849,AVSE,AVSE,AMEX:AVSE,US,Avantis Responsible Emerging Markets Equity ETF,0.226,Diversified Emerging Mkts,Long,15155.05,,https://www.tradingview.com/chart/?symbol=AMEX%3AAVSE,False,,-47.09751267583766,-47.09751267583766,77.53730010986328,64.0999984741211,68.98165969848633,0.6496155796733949,36.210600868638515,73.25028007916033,False,False,False,False,,
850,CGXF,CGXF.TO,TSX:CGXF,TSX,CI Gold+ Giants Covered Call ETF,0.218,Materials,Long,25034.75,,https://www.tradingview.com/chart/?symbol=TSX%3ACGXF,True,2026-09-16 09:30,-61.64645467152218,-58.72140716191319,18.8700008392334,15.510000228881836,17.454640174865723,0.4077670756895679,41.686293962571085,38.24553546028405,False,False,False,False,,
852,SPRE,SPRE,AMEX:SPRE,US,SP Funds S&P Global REIT Sharia ETF,0.207,Real Estate,Long,86467.35,,https://www.tradingview.com/chart/?symbol=AMEX%3ASPRE,False,,-61.49114613157161,-61.49114613157161,19.84000015258789,19.219999313354492,19.842803298950194,0.23493779976235837,-57.630115281425184,69.35257688948862,False,True,False,False,,
853,FBL,FBL,AMEX:FBL,US,GraniteShares 2x Long META Daily ETF,0.202,Trading--Leveraged Equity,2X Long,1015911.25,,https://www.tradingview.com/chart/?symbol=AMEX%3AFBL,False,,67.7679784944189,67.7679784944189,27.969999313354492,18.010000228881836,21.5122398147583,0.6711590473178035,5.926725184203993,-42.989241068649314,False,False,False,False,,
854,NEBX,NEBX,AMEX:NEBX,US,Tradr 2X Long NBIS Daily ETF,0.198,Trading--Leveraged Equity,2X Long,2663901.2,,https://www.tradingview.com/chart/?symbol=AMEX%3ANEBX,False,,-32.9912882169478,-32.9912882169478,21.809999465942383,8.256667137145996,21.64573318862915,0.2388954104264523,-24.837682049629947,,False,False,False,False,,
855,CWEB,CWEB,AMEX:CWEB,US,Direxion Daily CSI China Internet Index Bull 2X ETF,0.193,Trading--Leveraged Equity,2X Long,498704.3,,https://www.tradingview.com/chart/?symbol=AMEX%3ACWEB,False,,-65.79636418054208,-56.80893263503507,18.06999969482422,17.690000534057617,21.355080696105958,0.02446871500098315,-41.27025469688529,-48.312333429338906,False,True,False,False,,
856,AVGX,AVGX,AMEX:AVGX,US,Defiance Daily Target 2X Long AVGO ETF,0.191,,2X Long,882466.65,,https://www.tradingview.com/chart/?symbol=AMEX%3AAVGX,True,2026-09-16 13:30,-69.99485821937667,-69.99485821937667,35.459999084472656,31.385000228881836,43.14842096710205,0.0817534075606767,-44.061395723122985,,False,True,False,False,,"NEAR: 4h+band ok, weekly shallow"
857,SEPI,SEPI,AMEX:SEPI,US,Shelton Equity Premium Income ETF,0.191,Derivative Income,Long,59865.1,,https://www.tradingview.com/chart/?symbol=AMEX%3ASEPI,False,,-12.928867986636641,-12.928867986636641,28.610000610351562,24.34000015258789,25.45391999053955,0.9046612455392483,55.62295506770741,,False,False,False,False,,
858,JEDI,JEDI,AMEX:JEDI,US,Defiance Drone and Modern Warfare ETF,0.185,Technology,Long,337490.35,,https://www.tradingview.com/chart/?symbol=AMEX%3AJEDI,False,,-44.066469841066926,-44.066469841066926,25.225000381469727,22.020000457763672,26.846200637817383,0.15672370680368486,-22.453874114620607,,False,True,False,False,,
859,XHE,XHE,AMEX:XHE,US,State Street SPDR S&P Health Care Equipment ETF,0.179,Health,Long,18277.75,,https://www.tradingview.com/chart/?symbol=AMEX%3AXHE,False,,-84.84848539096309,-31.77692558450518,91.31999969482422,76.25,81.15290036010742,0.7253910270982119,36.89810792083537,20.91676335611512,False,False,False,False,,
860,HHIC,HHIC.TO,TSX:HHIC,TSX,Harvest Canadian High Income Shares ETF,0.178,Large Cap,1.25X Long,86229.0,,https://www.tradingview.com/chart/?symbol=TSX%3AHHIC,False,,-55.27320159999033,-35.047521764940186,13.829999923706055,13.520000457763672,13.810280349731446,0.2520321799297227,43.64174059087909,,False,False,False,False,,
861,COPJ,COPJ,AMEX:COPJ,US,Sprott Junior Copper Miners ETF,0.178,Natural Resources,Long,87066.95,,https://www.tradingview.com/chart/?symbol=AMEX%3ACOPJ,False,,-51.37048786114874,-51.37048786114874,42.650001525878906,34.625,38.012779891967774,0.5590387866100003,43.7160224798834,62.60288831795501,False,False,False,False,,
862,RKLX,RKLX,AMEX:RKLX,US,Defiance Daily Target 2X Long RKLB ETF,0.177,Trading--Leveraged Equity,2X Long,2059716.0,,https://www.tradingview.com/chart/?symbol=AMEX%3ARKLX,False,,-37.17953617183375,-25.043769315992325,14.6899995803833,13.505000114440918,37.1746208076477,0.011815139650407034,-44.77388021668987,,False,True,False,False,,
863,EGGY,EGGY,AMEX:EGGY,US,NestYield Dynamic Income ETF,0.175,Equity Hedged,Long,107189.65,,https://www.tradingview.com/chart/?symbol=AMEX%3AEGGY,False,,-33.08365566229761,-33.08365566229761,32.77000045776367,29.334999084472656,33.21247915649414,0.20906885632917005,-13.095649382290018,,False,True,False,False,,
864,XPAY,XPAY,AMEX:XPAY,US,Roundhill S&P 500 Target 20 Managed Distribution ETF,0.17,Derivative Income,Long,49382.75,,https://www.tradingview.com/chart/?symbol=AMEX%3AXPAY,True,2026-09-16 09:30,-53.97245338256342,-53.97245338256342,51.20949935913086,47.52000045776367,49.33366078186035,0.4800908577830483,31.933129748167215,,False,False,False,False,,
865,AAPU,AAPU,AMEX:AAPU,US,Direxion Daily AAPL Bull 2X ETF,0.169,Trading--Leveraged Equity,2X Long,1574365.35,,https://www.tradingview.com/chart/?symbol=AMEX%3AAAPU,False,,34.678473824825,41.204238961055815,44.45000076293945,26.469999313354492,31.65373979949951,0.8185749949179345,25.556192698716114,59.28124790098036,False,False,False,False,,
866,XBCI,XBCI,AMEX:XBCI,US,NEOS Boosted Bitcoin High Income ETF,0.168,Digital Assets,1.5X Long,183122.65,,https://www.tradingview.com/chart/?symbol=AMEX%3AXBCI,False,,-47.23127511591025,-47.23127511591025,36.04999923706055,29.34000015258789,34.265319900512694,0.32151410770899724,58.147131524617954,,False,False,False,False,,
867,SMCX,SMCX,AMEX:SMCX,US,Defiance Daily Target 2X Long SMCI ETF,0.167,Trading--Leveraged Equity,2X Long,7127197.8,,https://www.tradingview.com/chart/?symbol=AMEX%3ASMCX,False,,-41.82461992697616,-41.82461992697616,11.319999694824219,5.670000076293945,12.469159950256348,0.19611245134556132,25.774641793671233,,False,True,False,False,,
868,FTXN,FTXN,AMEX:FTXN,US,First Trust Nasdaq Oil & Gas ETF,0.166,Equity Energy,Long,43795.05,,https://www.tradingview.com/chart/?symbol=AMEX%3AFTXN,False,,28.614340786919225,28.614340786919225,40.31999969482422,33.15999984741211,35.201400207519534,0.8277455010835503,64.58393095545603,72.22118713405156,False,False,False,False,,
869,SMCY,SMCY,AMEX:SMCY,US,YieldMax SMCI Option Income Strategy ETF,0.164,Derivative Income,Long,1363228.6,,https://www.tradingview.com/chart/?symbol=AMEX%3ASMCY,False,,-50.79496629084127,-50.79496629084127,5.079999923706055,4.074999809265137,5.131099899291992,0.22458101201565603,46.17757299122064,,False,True,False,False,,
870,SDOW,SDOW,AMEX:SDOW,US,ProShares UltraPro Short Dow30,0.161,Trading--Inverse Equity,-3X Short,3325705.45,,https://www.tradingview.com/chart/?symbol=AMEX%3ASDOW,False,,42.223242174377155,59.309084910507124,25.43000030517578,21.385000228881836,25.334459922790526,0.24170901642006762,-8.744230548596652,-59.66773646857897,False,False,False,False,,
871,ORCU,ORCU,AMEX:ORCU,US,Direxion Daily ORCL Bull 2X ETF,0.161,Trading--Leveraged Equity,2X Long,4274337.6,,https://www.tradingview.com/chart/?symbol=AMEX%3AORCU,False,,-41.98601842228536,-41.98601842228536,7.269999980926514,4.96999979019165,9.732078680038452,0.11398384142075602,5.21288152765368,,False,True,False,False,,
872,OKLL,OKLL,AMEX:OKLL,US,Defiance Daily Target 2x Long OKLO ETF,0.157,Trading--Leveraged Equity,2X Long,2247947.25,,https://www.tradingview.com/chart/?symbol=AMEX%3AOKLL,False,,-49.3148677949499,-49.3148677949499,9.130000114440918,9.130000114440918,22.834519367218014,0.0,-48.54658990873961,,False,True,False,False,,
873,ECHI,ECHI.TO,TSX:ECHI,TSX,Ninepoint Enhanced Canadian HighShares ETF,0.153,Large Cap,Long,83702.4,,https://www.tradingview.com/chart/?symbol=TSX%3AECHI,False,,-56.54547519548504,-53.78709607570429,12.050000190734863,11.619999885559082,11.903199840545653,0.3583336446020833,49.220466085130575,,False,False,False,False,,
874,IONX,IONX,AMEX:IONX,US,Defiance Daily Target 2X Long IONQ ETF,0.151,Trading--Leveraged Equity,2X Long,909706.15,,https://www.tradingview.com/chart/?symbol=AMEX%3AIONX,False,,-42.60428427395192,-42.55117766531351,19.75,16.8700008392334,37.46572049713134,0.033001022213869455,-40.65585450248867,,False,True,False,False,,
875,FLCC,FLCC,AMEX:FLCC,US,Federated Hermes MDT Large Cap Core ETF,0.147,Large Blend,Long,40564.1,,https://www.tradingview.com/chart/?symbol=AMEX%3AFLCC,False,,-45.33344649193591,-45.33344649193591,36.040000915527344,29.98259925842285,31.739950035095216,0.813466958363078,31.92153810345494,,False,False,False,False,,
876,EPHE,EPHE,AMEX:EPHE,US,iShares MSCI Philippines ETF,0.144,Focused Region,Long,275558.7,,https://www.tradingview.com/chart/?symbol=AMEX%3AEPHE,False,,-70.1315162909578,-70.1315162909578,23.459999084472656,23.459999084472656,24.097199264526367,0.0,-32.78013928453483,-10.702301644521247,False,True,False,False,,
877,KBA,KBA,AMEX:KBA,US,KraneShares Bosera MSCI China A 50 Connect Index ETF,0.142,Greater China Region,Long,44769.95,,https://www.tradingview.com/chart/?symbol=AMEX%3AKBA,True,2026-09-16 09:30,-80.2976666839874,-76.2097137424967,31.959999084472656,29.3700008392334,30.78836089324951,0.4309481109156511,-54.9214803586249,62.99058742188739,False,False,False,False,,
879,GPTY,GPTY,AMEX:GPTY,US,YieldMax AI & Tech Portfolio Option Income ETF,0.138,Derivative Income,Long,52225.9,,https://www.tradingview.com/chart/?symbol=AMEX%3AGPTY,False,,-32.599498951680594,-32.599498951680594,41.81999969482422,34.72999954223633,38.47175602722168,0.4471803664201554,34.78277836972111,,False,False,False,False,,
880,MRNY,MRNY,AMEX:MRNY,US,YieldMax MRNA Option Income Strategy ETF,0.135,Derivative Income,Long,494925.15,,https://www.tradingview.com/chart/?symbol=AMEX%3AMRNY,False,,-31.796404201981954,-0.8635190049238523,32.790000915527344,14.220000267028809,20.76191987991333,0.6699134829498883,72.01214057891139,,False,False,False,False,,
881,SPXU,SPXU.TO,TSX:SPXU,TSX,BetaPro S&P 500 2x Daily Bull ETF,0.135,Large Cap,2X Long,74978.8,,https://www.tradingview.com/chart/?symbol=TSX%3ASPXU,False,,-52.65744361177346,-52.65744361177346,36.15999984741211,26.43000030517578,29.335160629272462,0.7904141719551298,17.808465779939137,66.15481045680532,False,False,False,False,,
882,NFXL,NFXL,AMEX:NFXL,US,Direxion Daily NFLX Bull 2X ETF,0.133,Trading--Leveraged Equity,2X Long,1009803.7,,https://www.tradingview.com/chart/?symbol=AMEX%3ANFXL,False,,-33.67324956705528,-13.773074265463892,16.959999084472656,13.46500015258789,19.207210083007812,0.14364151745049253,15.494861051565417,,False,True,False,False,,
883,TSMY,TSMY,AMEX:TSMY,US,YieldMax TSM Option Income Strategy ETF,0.133,Derivative Income,Long,146330.25,,https://www.tradingview.com/chart/?symbol=AMEX%3ATSMY,False,,-46.778740437121826,-46.778740437121826,14.779999732971191,14.239999771118164,15.12263971710205,0.1443850253743682,26.09779802162211,,False,True,False,False,,
884,RWM,RWM,AMEX:RWM,US,ProShares Short Russell2000,0.131,Trading--Inverse Equity,-1X Short,15277688.1,,https://www.tradingview.com/chart/?symbol=AMEX%3ARWM,False,,63.15565784927637,66.91063008506016,14.154999732971191,13.164999961853027,14.025219844818116,0.27160491243070817,23.18375309535777,-64.14974412119788,False,False,False,False,,
885,BABX,BABX,AMEX:BABX,US,GraniteShares 2x Long BABA Daily ETF,0.131,Trading--Leveraged Equity,2X Long,1030177.4,,https://www.tradingview.com/chart/?symbol=AMEX%3ABABX,False,,-55.137733939680345,-47.18822100181097,16.299999237060547,13.494999885559082,17.93534023666382,0.14908313205983145,-27.079932207101137,-30.58808292704245,False,True,False,False,,
886,PBD,PBD,AMEX:PBD,US,Invesco Global Clean Energy ETF,0.13,Global Small/Mid Stock,Long,271994.5,,https://www.tradingview.com/chart/?symbol=AMEX%3APBD,True,2026-09-16 09:30,-60.90157100867757,-60.42590353452209,16.942100524902344,16.739999771118164,18.09463971710205,0.035209191958697594,-46.960297805652914,44.35829045392942,False,True,False,False,,"NEAR: 4h+band ok, weekly shallow"
887,HOOY,HOOY,AMEX:HOOY,US,YieldMax HOOD Option Income Strategy ETF,0.129,Derivative Income,Long,99725.95,,https://www.tradingview.com/chart/?symbol=AMEX%3AHOOY,False,,-49.10475446725497,-49.10475446725497,25.93000030517578,24.68000030517578,26.86772041320801,0.1348435747867864,40.9688593984327,,False,True,False,False,,
888,MRVU,MRVU,AMEX:MRVU,US,Direxion Daily MRVL Bull 2X ETF,0.119,Trading--Leveraged Equity,2X Long,195186.95,,https://www.tradingview.com/chart/?symbol=AMEX%3AMRVU,False,,-2.1614857391335964,-1.020054535158721,112.4000015258789,26.989999771118164,90.12590328216552,0.31925987105889053,-16.956411429948457,,False,False,False,False,,
889,DUST,DUST,AMEX:DUST,US,Direxion Daily Gold Miners Index Bear 2X ETF,0.118,Trading--Inverse Equity,-2X Short,1916765.05,,https://www.tradingview.com/chart/?symbol=AMEX%3ADUST,False,,30.594107740610127,57.36680427162825,36.71500015258789,29.049999237060547,38.945480209350585,0.18280467833043826,-52.269427025584946,-41.47644081790287,False,True,False,False,,
890,CRPT,CRPT,AMEX:CRPT,US,First Trust SkyBridge Crypto Industry & Digital Economy ETF,0.117,Equity Digital Assets,Long,75717.75,,https://www.tradingview.com/chart/?symbol=AMEX%3ACRPT,False,,-32.672864916814184,-32.672864916814184,13.92870044708252,10.907500267028809,12.202597576141358,0.5505402856417433,41.50662182749264,-29.717186760322416,False,False,False,False,,
891,DRNZ,DRNZ,AMEX:DRNZ,US,REX Drone ETF,0.115,Industrials,Long,129680.1,,https://www.tradingview.com/chart/?symbol=AMEX%3ADRNZ,False,,-56.31880282719393,-56.31880282719393,20.309999465942383,19.309999465942383,21.69241975402832,0.09905892809098137,-34.191313293530044,,False,True,False,False,,
892,GIAX,GIAX,AMEX:GIAX,US,Nicholas Global Equity and Income ETF,0.113,Derivative Income,Long,69711.7,,https://www.tradingview.com/chart/?symbol=AMEX%3AGIAX,False,,-50.820385508673645,-50.820385508673645,15.559900283813477,13.350000381469727,14.59136043548584,0.4201330430005566,20.448082866681233,,False,False,False,False,,
893,KURE,KURE,AMEX:KURE,US,KraneShares MSCI All China Health Care Index ETF,0.111,Greater China Region,Long,48572.25,,https://www.tradingview.com/chart/?symbol=AMEX%3AKURE,False,,-66.19484987062795,-41.603775552738334,17.850000381469727,14.479999542236328,15.617519470214845,0.6991703428637457,35.91506154631314,1.2531791385618334,False,False,False,False,,
894,RIET,RIET,AMEX:RIET,US,Hoya Capital High Dividend Yield ETF,0.11,Real Estate,Long,90314.15,,https://www.tradingview.com/chart/?symbol=AMEX%3ARIET,True,2026-09-16 09:30,-84.18395369090649,-82.96849644453383,8.892499923706055,8.774999618530273,9.063273712158203,0.09619342367016542,-50.253601737717936,67.97680796163509,False,True,False,False,,"NEAR: 4h+band ok, weekly shallow"
895,AFK,AFK,AMEX:AFK,US,VanEck Africa Index ETF,0.107,Focused Region,Long,57921.0,,https://www.tradingview.com/chart/?symbol=AMEX%3AAFK,False,,-46.75620618963194,-46.75620618963194,28.329999923706055,24.469999313354492,25.766819511413573,0.702456782679958,50.65575032988028,54.286137720888384,False,False,False,False,,
896,MSFO,MSFO,AMEX:MSFO,US,YieldMax MSFT Option Income Strategy ETF,0.106,Derivative Income,Long,143588.85,,https://www.tradingview.com/chart/?symbol=AMEX%3AMSFO,False,,-33.293893002572055,-13.13064726823366,11.979999542236328,9.9399995803833,10.668059589385987,0.6612641609814591,50.77375070372844,,False,False,False,False,,
897,HYDR,HYDR,AMEX:HYDR,US,Global X Hydrogen ETF,0.105,Miscellaneous Sector,Long,44839.1,,https://www.tradingview.com/chart/?symbol=AMEX%3AHYDR,False,,-17.750277218462372,-17.750277218462372,43.869998931884766,34.119998931884766,43.57415925598144,0.24338491427263315,-16.512339719521886,48.81814086999177,False,False,False,False,,
898,TSLQ,TSLQ,AMEX:TSLQ,US,Tradr 2X Short TSLA Daily ETF New Oct 2025,0.104,Trading--Inverse Equity,-2X Short,5911097.05,,https://www.tradingview.com/chart/?symbol=AMEX%3ATSLQ,False,,-31.653248371901025,18.57092156835539,19.165000915527344,15.899999618530273,19.130839744567872,0.23849533744534834,-29.131107981332065,-29.727497505684656,False,False,False,False,,
899,DOG,DOG,AMEX:DOG,US,ProShares Short Dow30,0.102,Trading--Inverse Equity,-1X Short,2393367.2,,https://www.tradingview.com/chart/?symbol=AMEX%3ADOG,False,,44.36165322110096,59.49386013194191,22.149999618530273,20.84000015258789,21.83591999053955,0.31042646424059717,-2.244271998895853,-63.89800756924158,False,False,False,False,,
900,CNXT,CNXT,AMEX:CNXT,US,VanEck ChiNext Innovators ETF,0.102,Greater China Region,Long,87470.25,,https://www.tradingview.com/chart/?symbol=AMEX%3ACNXT,True,2026-09-16 09:30,-58.593082372314456,-49.79650630505049,47.29999923706055,43.900001525878906,48.243345367431644,0.1847423296682888,-47.26425400660357,60.29049522291378,False,True,False,False,,"NEAR: 4h+band ok, weekly shallow"
901,BOAT,BOAT,AMEX:BOAT,US,SonicShares Global Shipping ETF,0.101,Industrials,Long,51437.3,,https://www.tradingview.com/chart/?symbol=AMEX%3ABOAT,False,,67.79144751659737,68.07133455133703,52.54999923706055,37.70500183105469,41.2910217590332,0.9769659561798097,76.90912084782751,79.23037412473316,False,False,False,False,,
902,YANG,YANG,AMEX:YANG,US,Direxion Daily FTSE China Bear 3X ETF,0.097,Trading--Inverse Equity,-3X Short,747036.0,,https://www.tradingview.com/chart/?symbol=AMEX%3AYANG,False,,36.60266323605944,50.26640404881194,32.61000061035156,23.989999771118164,27.968959465026856,0.5112693655010835,-3.01242573276601,-11.993173185652935,False,False,False,False,,
903,APLY,APLY,AMEX:APLY,US,YieldMax AAPL Option Income Strategy ETF,0.097,Derivative Income,Long,80443.15,,https://www.tradingview.com/chart/?symbol=AMEX%3AAPLY,False,,22.7920479186148,34.81626386245606,11.895000457763672,11.109999656677246,11.540699836730957,0.4301372454343841,19.150420586701077,61.888709373375946,False,False,False,False,,
904,FBY,FBY,AMEX:FBY,US,YieldMax META Option Income Strategy ETF,0.091,Derivative Income,Long,149624.5,,https://www.tradingview.com/chart/?symbol=AMEX%3AFBY,False,,66.18419725650688,67.63059649843964,9.180000305175781,7.974999904632568,8.875363550186158,0.31585026331593724,2.098427262614693,,False,False,False,False,,
905,GNOM,GNOM,AMEX:GNOM,US,Global X Genomics & Biotechnology ETF,0.091,Health,Long,34449.3,,https://www.tradingview.com/chart/?symbol=AMEX%3AGNOM,False,,-57.03342987243074,-0.4171123026210812,63.42499923706055,41.40999984741211,47.65102067565918,0.8324823773126734,64.6507431914719,67.74608415187406,False,False,False,False,,
906,PBJ,PBJ,AMEX:PBJ,US,Invesco Food & Beverage ETF,0.091,Consumer Defensive,Long,23672.5,,https://www.tradingview.com/chart/?symbol=AMEX%3APBJ,False,,-55.39989500339944,-40.33474065327124,46.93000030517578,46.16999816894531,47.22019834899902,0.17078696762479845,-15.981114805086966,27.90832362306342,False,True,False,False,,
907,SIXY,SIXY.TO,TSX:SIXY,TSX,Evolve Big Six Canadian Banks Ultrayield Index ETF,0.091,Financials,1.33X Long,125216.55,,https://www.tradingview.com/chart/?symbol=TSX%3ASIXY,False,,-28.566061748980363,-28.566061748980363,29.540000915527344,24.8799991607666,26.671239646911623,0.6139658089631289,-5.565232408831371,,False,False,False,False,,
908,ENOR,ENOR,AMEX:ENOR,US,iShares MSCI Norway ETF,0.09,Focused Region,Long,21794.65,,https://www.tradingview.com/chart/?symbol=AMEX%3AENOR,False,,-14.078749242793757,-14.078749242793757,36.84000015258789,31.190000534057617,32.80188051605224,0.8272327498745422,58.20481618880481,75.52470801484901,False,False,False,False,,
909,DIG,DIG,AMEX:DIG,US,ProShares Ultra Energy,0.088,Trading--Leveraged Equity,2X Long,29343.7,,https://www.tradingview.com/chart/?symbol=AMEX%3ADIG,False,,22.18107371282562,22.18107371282562,69.80000305175781,48.5099983215332,54.55631806945801,0.8309916322333892,64.21664240135844,68.7443623828907,False,False,False,False,,
910,ENZL,ENZL,AMEX:ENZL,US,iShares MSCI New Zealand ETF,0.084,Focused Region,Long,89030.95,,https://www.tradingview.com/chart/?symbol=AMEX%3AENZL,False,,-74.08173252732668,-68.6124278639657,44.91999816894531,41.810001373291016,43.51628126525879,0.4301517278785797,22.764600841237257,38.778085495080276,False,False,False,False,,
911,LABD,LABD,AMEX:LABD,US,Direxion Daily S&P Biotech Bear 3X ETF,0.083,Trading--Inverse Equity,-3X Short,18828074.3,,https://www.tradingview.com/chart/?symbol=AMEX%3ALABD,False,,66.16312273050373,70.21127511571333,7.71999979019165,5.864999771118164,9.48759986114502,0.12084690377681113,-44.39151915076268,-52.90003955835244,False,True,False,False,,
912,XUDV,XUDV,AMEX:XUDV,US,Franklin U.S. Dividend Booster Index ETF,0.082,Large Value,Long,8600.8,,https://www.tradingview.com/chart/?symbol=AMEX%3AXUDV,False,,-53.7329609429201,-53.7329609429201,32.660701751708984,27.620800018310547,29.127093353271484,0.789631595304693,45.04734431541331,,False,False,False,False,,
913,OILU,OILU,AMEX:OILU,US,MicroSectors Oil & Gas Exp. & Prod. 3x Leveraged ETN,0.082,Trading--Leveraged Equity,3X Long,84198.4,,https://www.tradingview.com/chart/?symbol=AMEX%3AOILU,False,,-2.5399473813095548,-2.5399473813095548,52.060001373291016,31.645000457763672,38.19282020568848,0.7358083150641707,61.89622046502384,45.20538224933092,False,False,False,False,,
914,TECS,TECS,AMEX:TECS,US,Direxion Daily Technology Bear 3X ETF,0.076,Trading--Inverse Equity,-3X Short,335107.5,,https://www.tradingview.com/chart/?symbol=AMEX%3ATECS,False,,-20.039821457409136,22.159502345253955,63.58000183105469,56.849998474121094,99.17660171508788,0.03752440948767354,-33.911715408791814,-51.19334948521225,False,True,False,False,,
915,DTEC,DTEC,AMEX:DTEC,US,ALPS Disruptive Technologies ETF,0.076,Technology,Long,7722.75,,https://www.tradingview.com/chart/?symbol=AMEX%3ADTEC,False,,-58.243412170749174,-16.71929623096426,51.24869918823242,42.03049850463867,44.8288455657959,0.7774215684413612,34.75954001454018,28.668342808237455,False,False,False,False,,
916,TSLR,TSLR,AMEX:TSLR,US,GraniteShares 2x Long TSLA Daily ETF,0.075,Trading--Leveraged Equity,2X Long,1450438.85,,https://www.tradingview.com/chart/?symbol=AMEX%3ATSLR,False,,-36.72620661103879,-36.72620661103879,16.079999923706055,11.595000267028809,15.719100131988526,0.2566523492723833,-11.410322645073434,,False,False,False,False,,
917,SLJY,SLJY,AMEX:SLJY,US,Amplify SILJ Junior Silver Miners Covered Call ETF,0.074,Derivative Income,Long,46679.5,,https://www.tradingview.com/chart/?symbol=AMEX%3ASLJY,True,2026-09-16 09:30,-62.34609709201943,-62.041230835655604,29.399999618530273,25.84000015258789,29.1912003326416,0.25070417427255476,38.72263414038545,,False,False,False,False,,
918,SRTY,SRTY,AMEX:SRTY,US,ProShares UltraPro Short Russell2000,0.072,Trading--Inverse Equity,-3X Short,1406503.2,,https://www.tradingview.com/chart/?symbol=AMEX%3ASRTY,False,,61.70025904749996,66.51728279159887,25.290000915527344,20.5049991607666,26.130059394836426,0.20075525721197415,14.945866216623529,-55.79042112799811,False,True,False,False,,
919,LINT,LINT,AMEX:LINT,US,Direxion Daily INTC Bull 2X ETF,0.072,Trading--Leveraged Equity,2X Long,107226.25,,https://www.tradingview.com/chart/?symbol=AMEX%3ALINT,False,,7.726488954746263,8.228958778516674,117.08999633789062,28.440000534057617,84.50416040802001,0.3731688668257564,-25.919246659514382,,False,False,False,False,,
920,GXPS,GXPS,AMEX:GXPS,US,Global X PureCap MSCI Consumer Staples ETF,0.072,Consumer Defensive,Long,25714.1,,https://www.tradingview.com/chart/?symbol=AMEX%3AGXPS,False,,-41.946336242300845,1.443277319524776,26.31999969482422,25.76919937133789,26.281508445739746,0.25373135639758376,-11.181338262343878,,False,False,False,False,,
921,MSOX,MSOX,AMEX:MSOX,US,AdvisorShares MSOS Daily Leveraged ETF,0.07,Trading--Leveraged Equity,2X Long,1629035.35,,https://www.tradingview.com/chart/?symbol=AMEX%3AMSOX,False,,-23.299560432329532,-20.66831031918092,2.930000066757202,1.728700041770935,2.3768268094062805,0.4374249298962268,27.61041398339957,-29.18245666048092,False,False,False,False,,
922,SNOY,SNOY,AMEX:SNOY,US,YieldMax SNOW Option Income Strategy ETF,0.07,Derivative Income,Long,214690.5,,https://www.tradingview.com/chart/?symbol=AMEX%3ASNOY,False,,-48.21056534575888,-43.98972874737475,11.239999771118164,6.235000133514404,7.651023653030395,0.8341527511338404,56.78409980939869,,False,False,False,False,,
924,AMUU,AMUU,AMEX:AMUU,US,Direxion Daily AMD Bull 2X ETF,0.07,Trading--Leveraged Equity,2X Long,60120.85,,https://www.tradingview.com/chart/?symbol=AMEX%3AAMUU,False,,19.3541066582705,27.98459069444273,199.8800048828125,39.529998779296875,99.50231762695313,0.6310011379843219,-25.394735489364603,,False,False,False,False,,
926,ETHY,ETHY.TO,TSX:ETHY,TSX,Purpose Ether Yield ETF,0.066,"Long ETH, Short USD",Long,201340.5,,https://www.tradingview.com/chart/?symbol=TSX%3AETHY,False,,-11.88236823084305,-11.88236823084305,1.4900000095367432,1.0,1.2147599921226502,0.5384615686921287,67.01156565471562,-40.58543557108515,False,False,False,False,,
928,OZEM,OZEM,AMEX:OZEM,US,Roundhill GLP-1 & Weight Loss ETF,0.062,Health,Long,18690.8,,https://www.tradingview.com/chart/?symbol=AMEX%3AOZEM,False,,-76.50738411272344,-65.53761261244425,30.55500030517578,29.68000030517578,30.764986862182617,0.190324938743641,8.682969831740744,,False,True,False,False,,
929,WNTR,WNTR,AMEX:WNTR,US,YieldMax MSTR Short Option Income Strategy ETF,0.062,Derivative Income,-1X Short,214958.8,,https://www.tradingview.com/chart/?symbol=AMEX%3AWNTR,False,,-26.328212252345324,8.030344777090678,18.850000381469727,17.34000015258789,21.500680404663086,0.08564946893921346,-46.61331596587548,,False,True,False,False,,
930,SOFX,SOFX,AMEX:SOFX,US,Defiance Daily Target 2X Long SOFI ETF,0.061,Trading--Leveraged Equity,2X Long,1149098.6,,https://www.tradingview.com/chart/?symbol=AMEX%3ASOFX,False,,-53.211978647213876,-53.211978647213876,8.069899559020996,7.110000133514404,8.701819993972778,0.1423127516164569,-20.6095745893104,,False,True,False,False,,
931,TSLS,TSLS,AMEX:TSLS,US,Direxion Daily TSLA Bear 1X ETF,0.061,Trading--Inverse Equity,-1X Short,308186.2,,https://www.tradingview.com/chart/?symbol=AMEX%3ATSLS,False,,-25.4034506480286,24.24795535709954,57.119998931884766,49.310001373291016,54.10788090515137,0.3841612553188575,-19.436415796558478,-26.724032108266965,False,False,False,False,,
933,TRUD,TRUD,AMEX:TRUD,US,VanEck Consumer Discretionary TruSector ETF,0.06,Consumer Cyclical,Long,48167.55,,https://www.tradingview.com/chart/?symbol=AMEX%3ATRUD,False,,-66.26223645665522,-66.26223645665522,24.56999969482422,22.969999313354492,24.023739349365233,0.35834273836303787,-19.34441343285147,,False,False,False,False,,
934,EMOP,EMOP,AMEX:EMOP,US,AB Emerging Markets Opportunities ETF,0.06,Diversified Emerging Mkts,Long,56353.5,,https://www.tradingview.com/chart/?symbol=AMEX%3AEMOP,False,,-32.137288617042664,-32.137288617042664,50.29999923706055,42.28670120239258,45.09351979064942,0.6737657873913843,33.27413817996732,,False,False,False,False,,
935,NIKL,NIKL,AMEX:NIKL,US,Sprott Nickel Miners ETF,0.059,Natural Resources,Long,53362.8,,https://www.tradingview.com/chart/?symbol=AMEX%3ANIKL,False,,-53.59027297994701,-53.59027297994701,13.850000381469727,12.277400016784668,13.703453540802002,0.2602522835329164,31.048519791540723,7.7670964471117125,False,False,False,False,,
936,HIMZ,HIMZ,AMEX:HIMZ,US,Defiance Daily Target 2X Long HIMS ETF,0.056,Trading--Leveraged Equity,2X Long,350079.3,,https://www.tradingview.com/chart/?symbol=AMEX%3AHIMZ,False,,-43.02286277905056,-11.942588631972002,24.90999984741211,19.020000457763672,28.764440673828126,0.14264953400457467,-48.17395560515754,,False,True,False,False,,
937,NETL,NETL,AMEX:NETL,US,Colterpoint Net Lease Real Estate ETF,0.056,Real Estate,Long,21724.3,,https://www.tradingview.com/chart/?symbol=AMEX%3ANETL,False,,-79.95703004566299,-79.71527298637477,24.8799991607666,24.368000030517578,25.281862640380858,0.13222096345187667,-40.41898397036782,74.02082904134876,False,True,False,False,,
938,PSIL,PSIL,AMEX:PSIL,US,AdvisorShares Psychedelics ETF,0.056,Miscellaneous Sector,Long,45531.75,,https://www.tradingview.com/chart/?symbol=AMEX%3APSIL,False,,-23.833359917298395,-23.833359917298395,24.270000457763672,15.9399995803833,18.50295949935913,0.7670350958306604,32.19044997155031,74.6403944802113,False,False,False,False,,
939,GXPD,GXPD,AMEX:GXPD,US,Global X PureCap MSCI Consumer Discretionary ETF,0.054,Consumer Cyclical,Long,35618.2,,https://www.tradingview.com/chart/?symbol=AMEX%3AGXPD,False,,-66.87202307256972,-66.87202307256972,24.8799991607666,23.149999618530273,24.211999618530275,0.38444434271918404,-18.728476184201956,,False,False,False,False,,
940,FNGD,FNGD,AMEX:FNGD,US,MicroSectors FANG+ Index - 3X Inverse Leveraged ETN,0.053,Trading--Inverse Equity,-3X Short,360696.55,,https://www.tradingview.com/chart/?symbol=AMEX%3AFNGD,False,,1.9587548971308693,20.908218614608526,27.5,25.559999465942383,39.839180168151856,0.03206347307914902,-48.06209814954243,-34.729665716589345,False,True,False,False,,
941,SEMY,SEMY,AMEX:SEMY,US,GraniteShares YieldBOOST Semiconductor ETF,0.053,Derivative Income,3X Long,122384.85,,https://www.tradingview.com/chart/?symbol=AMEX%3ASEMY,True,2026-09-16 09:30,-81.82852722336433,-78.06671421335466,12.420000076293945,12.390000343322754,13.808360172271728,0.0049916367036758995,-28.30853045746113,,False,True,False,False,,
942,URSP,URSP,AMEX:URSP,US,ProShares Ultra S&P 500 Equal Weight,0.052,Trading--Leveraged Equity,2X Long,48112.3,,https://www.tradingview.com/chart/?symbol=AMEX%3AURSP,True,2026-09-16 10:30,-67.97013382447768,-56.2223997016744,48.13999938964844,38.94020080566406,42.33253515625,0.6400172392928493,14.448153696807255,,False,False,False,False,,
943,HDGE,HDGE,AMEX:HDGE,US,AdvisorShares Ranger Equity Bear ETF,0.051,Trading--Inverse Equity,Long,57450.05,,https://www.tradingview.com/chart/?symbol=AMEX%3AHDGE,False,,46.764685389161286,58.8895841332008,14.854999542236328,13.960000038146973,15.012560047149659,0.200672532832804,-48.95781040480795,-32.829904197143755,False,True,False,False,,
944,MRAL,MRAL,AMEX:MRAL,US,GraniteShares 2x Long MARA Daily ETF,0.051,Trading--Leveraged Equity,2X Long,172149.75,,https://www.tradingview.com/chart/?symbol=AMEX%3AMRAL,False,,-18.703086144096815,-18.703086144096815,35.775001525878906,25.599700927734375,40.03117150878906,0.16639821476784047,-32.27291965883318,,False,True,False,False,,
946,KYLD,KYLD,AMEX:KYLD,US,Kurv High Income ETF,0.05,Derivative Income,Long,43894.1,,https://www.tradingview.com/chart/?symbol=AMEX%3AKYLD,True,2026-09-16 09:30,-62.25419204716954,-62.25419204716954,19.649999618530273,17.760099411010742,19.067515769958497,0.3411433901083938,-24.242331181767725,,False,False,False,False,,
947,UTSL,UTSL,AMEX:UTSL,US,Direxion Daily Utilities Bull 3X ETF,0.049,Trading--Leveraged Equity,3X Long,151863.9,,https://www.tradingview.com/chart/?symbol=AMEX%3AUTSL,True,2026-09-16 13:30,-66.8240513116924,-66.8240513116924,33.400001525878906,33.400001525878906,38.297001525878905,0.0,-60.170858652362575,14.69666266855152,False,True,True,True,HIGH,FULL PASS
948,NVD,NVD,AMEX:NVD,US,GraniteShares 2x Short NVDA Daily ETF,0.048,Trading--Inverse Equity,-2X Short,83503787.5,,https://www.tradingview.com/chart/?symbol=AMEX%3ANVD,False,,25.274071170172263,46.184615331131745,4.150000095367432,3.589400053024292,4.750661694526672,0.11392920016010859,-50.142665796651876,,False,True,False,False,,
949,SMCL,SMCL,AMEX:SMCL,US,GraniteShares 2x Long SMCI Daily ETF,0.048,Trading--Leveraged Equity,2X Long,924196.8,,https://www.tradingview.com/chart/?symbol=AMEX%3ASMCL,False,,-41.361648353874166,-41.361648353874166,15.8100004196167,7.820000171661377,16.956347578048707,0.20638883074861872,27.210819686557915,,False,True,False,False,,
950,DXD,DXD,AMEX:DXD,US,ProShares UltraShort Dow30,0.047,Trading--Inverse Equity,-2X Short,1441035.75,,https://www.tradingview.com/chart/?symbol=AMEX%3ADXD,False,,42.61759646126421,59.48304382523949,17.854999542236328,15.885000228881836,17.604260192871095,0.27041857990625845,-7.044276210859773,-63.14221605260526,False,False,False,False,,
951,TWM,TWM,AMEX:TWM,US,ProShares UltraShort Russell2000,0.045,Trading--Inverse Equity,-2X Short,597558.4,,https://www.tradingview.com/chart/?symbol=AMEX%3ATWM,False,,61.97089623863766,66.39354555564638,23.25,20.170000076293945,23.268679878234863,0.23457731306711121,17.88193651445313,-60.806697037803325,False,True,False,False,,
952,LLYX,LLYX,AMEX:LLYX,US,Defiance Daily Target 2X Long LLY ETF,0.044,Trading--Leveraged Equity,2X Long,293536.15,,https://www.tradingview.com/chart/?symbol=AMEX%3ALLYX,False,,-50.48303589138697,-8.749222291411767,23.829999923706055,14.5600004196167,18.35134032058716,0.5770307965279249,-11.875091507058924,,False,False,False,False,,
953,CRCO,CRCO,AMEX:CRCO,US,YieldMax CRCL Option Income Strategy ETF,0.042,Derivative Income,Long,99921.1,,https://www.tradingview.com/chart/?symbol=AMEX%3ACRCO,False,,-56.01935981110862,-56.01935981110862,13.180000305175781,12.078399658203125,16.862496978759765,0.05434207025188565,43.447480781584154,,False,True,False,False,,
954,MARO,MARO,AMEX:MARO,US,YieldMax MARA Option Income Strategy ETF,0.042,Derivative Income,Long,370811.8,,https://www.tradingview.com/chart/?symbol=AMEX%3AMARO,False,,-36.285377552317954,-36.285377552317954,3.990000009536743,3.799999952316284,4.531599986076355,0.06129033821058251,-29.04746786028718,,False,True,False,False,,
955,AIYY,AIYY,AMEX:AIYY,US,YieldMax AI Option Income Strategy ETF,0.042,Derivative Income,Long,75212.2,,https://www.tradingview.com/chart/?symbol=AMEX%3AAIYY,False,,-16.672205790992553,15.8450643884758,7.610000133514404,7.114999771118164,8.05309986114502,0.12452838110501453,33.95082951948101,,False,True,False,False,,
956,DRN,DRN,AMEX:DRN,US,Direxion Daily Real Estate Bull 3X ETF,0.041,Trading--Leveraged Equity,3X Long,1263538.95,,https://www.tradingview.com/chart/?symbol=AMEX%3ADRN,True,2026-09-16 09:30,-64.10272028048549,-59.407721282306106,9.380000114440918,8.100000381469727,9.046383842468261,0.3191940153544893,-48.99074685702942,34.283542508384,False,False,False,False,,
957,LITP,LITP,AMEX:LITP,US,Sprott Lithium Miners ETF,0.041,Natural Resources,Long,52431.55,,https://www.tradingview.com/chart/?symbol=AMEX%3ALITP,False,,-87.33082660662103,-79.88174665565076,9.854999542236328,9.854999542236328,11.807899452209472,0.0,-14.653055471488685,29.712111123199023,False,True,False,False,,
958,NFLY,NFLY,AMEX:NFLY,US,YieldMax NFLX Option Income Strategy ETF,0.039,Derivative Income,Long,54688.35,,https://www.tradingview.com/chart/?symbol=AMEX%3ANFLY,False,,-49.86948059872432,-21.65207420868278,7.440000057220459,7.21999979019165,8.28199990272522,0.048888943048165316,14.711184895194146,,False,True,False,False,,
959,RGTX,RGTX,AMEX:RGTX,US,Defiance Daily Target 2X Long RGTI ETF,0.038,Trading--Leveraged Equity,2X Long,773269.7,,https://www.tradingview.com/chart/?symbol=AMEX%3ARGTX,False,,-45.7121273836669,-45.7121273836669,8.550000190734863,7.829999923706055,15.832760337829589,0.02123268150311214,-44.306356915832964,,False,True,False,False,,
960,SARK,SARK,AMEX:SARK,US,Tradr 1X Short Innovation Daily ETF,0.038,Trading--Inverse Equity,-1X Short,137699.1,,https://www.tradingview.com/chart/?symbol=AMEX%3ASARK,False,,19.043050171956818,28.839799423241356,25.510000228881836,24.360000610351562,26.96072071838379,0.10435567792740791,-48.603136919336755,-43.9300208627979,False,True,False,False,,
961,QPUX,QPUX,AMEX:QPUX,US,Defiance 2X Daily Long Pure Quantum ETF,0.036,Trading--Leveraged Equity,2X Long,203751.1,,https://www.tradingview.com/chart/?symbol=AMEX%3AQPUX,True,2026-09-16 09:30,-60.29893018148641,-58.26248110984816,11.930000305175781,11.649999618530273,21.290599708557128,0.006854361910178121,-48.69848470454597,,False,True,False,False,,"NEAR: 4h+band ok, weekly shallow"
963,VUSG,VUSG,AMEX:VUSG,US,Vanguard Wellington U.S. Growth Active ETF,0.036,Large Growth,Long,36312.25,,https://www.tradingview.com/chart/?symbol=AMEX%3AVUSG,False,,-51.885787863828305,-51.885787863828305,64.13999938964844,52.779998779296875,56.11491580200195,0.8039061019480299,20.97209271757684,,False,False,False,False,,
964,PLTZ,PLTZ,AMEX:PLTZ,US,Defiance Daily Target 2x Short PLTR ETF,0.035,Trading--Inverse Equity,-2X Short,4643111.9,,https://www.tradingview.com/chart/?symbol=AMEX%3APLTZ,False,,-6.959295244476258,-6.959295244476258,9.220000267028809,8.46500015258789,16.720280044555665,0.021583765703864544,-53.048339913976854,,False,True,False,False,,
965,SSG,SSG,AMEX:SSG,US,Proshares Ultrashort Semiconductors,0.035,Trading--Inverse Equity,-2X Short,440839.1,,https://www.tradingview.com/chart/?symbol=AMEX%3ASSG,False,,-7.911857866734533,39.40245702276756,12.970000267028809,10.98900032043457,16.32755638885498,0.08757349017307792,-18.88481962584034,-38.36598766496839,False,True,False,False,,
966,PALU,PALU,AMEX:PALU,US,Direxion Daily PANW Bull 2X ETF,0.035,Trading--Leveraged Equity,2X Long,140052.65,,https://www.tradingview.com/chart/?symbol=AMEX%3APALU,False,,-22.934317797561665,42.408800653991534,56.66999816894531,10.48009967803955,23.781035289764404,0.819552576004099,1.038268113785816,,False,False,False,False,,
968,NVOX,NVOX,AMEX:NVOX,US,Defiance Daily Target 2X Long NVO ETF,0.034,Trading--Leveraged Equity,2X Long,335161.5,,https://www.tradingview.com/chart/?symbol=AMEX%3ANVOX,False,,-64.27180304314014,-64.27180304314014,11.59000015258789,9.289999961853027,11.444349590301513,0.2519554105079685,-34.656494248407796,,False,False,False,False,,
969,PLTD,PLTD,AMEX:PLTD,US,Direxion Dailly PLTR Bear 1X ETF,0.031,Trading--Inverse Equity,-1X Short,26909584.25,,https://www.tradingview.com/chart/?symbol=AMEX%3APLTD,False,,-2.816612003324066,-2.816612003324066,5.170100212097168,4.890100002288818,6.0228999347686765,0.058333380520346596,-50.97966495039871,,False,True,False,False,,
970,ONDL,ONDL,AMEX:ONDL,US,Defiance Daily Target 2X Long ONDS ETF,0.031,Trading--Leveraged Equity,2X Long,1426418.55,,https://www.tradingview.com/chart/?symbol=AMEX%3AONDL,False,,-54.852724320795836,-50.22655772295918,5.210000038146973,5.099999904632568,10.293179819107056,0.004998870044352466,-45.86935110749889,,False,True,False,False,,
971,AAPD,AAPD,AMEX:AAPD,US,Direxion Daily AAPL Bear 1X ETF,0.03,Trading--Inverse Equity,-1X Short,10098550.55,,https://www.tradingview.com/chart/?symbol=AMEX%3AAAPD,False,,-44.11683479736016,-41.80834658531649,10.479299545288086,10.194999694824219,11.185019847869873,0.06777111001535199,-37.55187182255405,-64.53657972932997,False,True,False,False,,
972,AVS,AVS,AMEX:AVS,US,Direxion Daily AVGO Bear 1X ETF,0.029,Trading--Inverse Equity,-1X Short,12383967.8,,https://www.tradingview.com/chart/?symbol=AMEX%3AAVS,False,,13.483635478211182,67.54033897125042,8.59000015258789,6.399899959564209,7.4501236591339115,0.49214624062031576,30.042904358276942,,False,False,False,False,,
973,TSDD,TSDD,AMEX:TSDD,US,GraniteShares 2x Short TSLA Daily ETF,0.029,Trading--Inverse Equity,-2X Short,5989536.7,,https://www.tradingview.com/chart/?symbol=AMEX%3ATSDD,False,,-32.54628305601286,17.034355171368368,8.039999961853027,6.73960018157959,8.089614547729493,0.2273267276553222,-29.774571924476444,,False,True,False,False,,
975,OILD,OILD,AMEX:OILD,US,MicroSectors Oil & Gas Exp. & Prod. - 3x Inverse Leveraged ETN,0.028,Trading--Inverse Equity,-3X Short,60377.55,,https://www.tradingview.com/chart/?symbol=AMEX%3AOILD,False,,-27.37263105958606,-10.405988689903191,28.489999771118164,25.881000518798828,32.48640414428711,0.09321517025416415,-58.120059383800445,-64.9674760856668,False,True,False,False,,
977,RETL,RETL,AMEX:RETL,US,Direxion Daily Retail Bull 3X ETF,0.027,Trading--Leveraged Equity,3X Long,269679.7,,https://www.tradingview.com/chart/?symbol=AMEX%3ARETL,False,,-51.26969263569047,-49.19143373159263,7.264999866485596,6.820000171661377,7.669600149154663,0.12361102961463477,-37.59785025620662,6.567540953948847,False,True,False,False,,
978,EEMO,EEMO,AMEX:EEMO,US,Invesco S&P Emerging Markets Momentum ETF,0.027,Diversified Emerging Mkts,Long,48464.3,,https://www.tradingview.com/chart/?symbol=AMEX%3AEEMO,False,,-32.27654695068072,-32.27654695068072,21.688100814819336,16.239500045776367,18.51937794494629,0.5640081786670731,25.349670017744007,70.55165796867384,False,False,False,False,,
979,SHHI,SHHI.TO,TSX:SHHI,TSX,Ninepoint Shopify HighShares ETF,0.027,Information Technology,1.25X Long,20387.4,,https://www.tradingview.com/chart/?symbol=TSX%3ASHHI,False,,-55.58996638210505,-34.85250507606556,6.679999828338623,5.25,6.0252599639892575,0.43531199231718776,24.098328691683204,,False,False,False,False,,
980,LNOK,LNOK,AMEX:LNOK,US,Defiance Daily Target 2X Long NOK ETF,0.026,Trading--Leveraged Equity,2X Long,116961.65,,https://www.tradingview.com/chart/?symbol=AMEX%3ALNOK,False,,-15.614078154068475,-15.614078154068475,16.270000457763672,9.327500343322754,20.525110622406004,0.14631961518330275,-27.375193567016282,,False,True,False,False,,
981,LUNL,LUNL,AMEX:LUNL,US,Defiance Daily Target 2X Long LUNR ETF,0.024,Trading--Leveraged Equity,2X Long,782018.75,,https://www.tradingview.com/chart/?symbol=AMEX%3ALUNL,False,,-59.66129553222613,-59.66129553222613,3.2850000858306885,2.5299999713897705,14.735919978141784,0.014597836698052407,-30.89782205948798,,False,True,False,False,,
982,QCMU,QCMU,AMEX:QCMU,US,Direxion Daily QCOM Bull 2X ETF,0.024,Trading--Leveraged Equity,2X Long,102140.7,,https://www.tradingview.com/chart/?symbol=AMEX%3AQCMU,False,,67.07901777495215,73.83115067808667,23.40999984741211,13.34000015258789,21.85724018859863,0.27902465093511875,-7.545858752587943,,False,False,False,False,,
983,MST,MST,AMEX:MST,US,Defiance Leveraged Long Income MSTR ETF,0.024,Trading--Miscellaneous,Long,147781.9,,https://www.tradingview.com/chart/?symbol=AMEX%3AMST,False,,-35.565579823242985,-35.565579823242985,10.875,6.644999980926514,14.316180345535278,0.1301338199668645,30.25713261690785,,False,True,False,False,,
984,RIOX,RIOX,AMEX:RIOX,US,Defiance Daily Target 2X Long RIOT ETF,0.023,Trading--Leveraged Equity,2X Long,436635.3,,https://www.tradingview.com/chart/?symbol=AMEX%3ARIOX,False,,-33.05097034670881,-33.05097034670881,24.420000076293945,13.550000190734863,26.50404072189331,0.198032418288453,-36.86365976406919,,False,True,False,False,,
985,PILL,PILL,AMEX:PILL,US,Direxion Daily Pharmaceutical & Medical Bull 3X ETF,0.023,Trading--Leveraged Equity,3X Long,52693.15,,https://www.tradingview.com/chart/?symbol=AMEX%3APILL,True,2026-09-16 09:30,-78.74706890014609,-72.1834091454423,17.364999771118164,8.90999984741211,12.480680099487305,0.5588234849185841,22.359483356156584,76.55252671557002,False,False,False,False,,
987,MUD,MUD,AMEX:MUD,US,Direxion Daily MU Bear 1X ETF,0.022,Trading--Inverse Equity,-1X Short,6152946.65,,https://www.tradingview.com/chart/?symbol=AMEX%3AMUD,False,,-19.919637557507233,31.666377864905503,10.699700355529785,9.18239974975586,17.850113372802735,0.04131227201721659,-32.33580613033685,,False,True,False,False,,
988,HIBS,HIBS,AMEX:HIBS,US,Direxion Daily S&P 500 High Beta Bear 3X ETF,0.022,Trading--Inverse Equity,-3X Short,162193.6,,https://www.tradingview.com/chart/?symbol=AMEX%3AHIBS,False,,-5.514560935359857,37.92919109315156,20.969999313354492,17.360000610351562,26.030640106201172,0.09825799980687705,-19.330182042452996,-47.94232828009342,False,True,False,False,,
989,AMDD,AMDD,AMEX:AMDD,US,Direxion Daily AMD Bear 1X ETF,0.021,Trading--Inverse Equity,-1X Short,336148.95,,https://www.tradingview.com/chart/?symbol=AMEX%3AAMDD,False,,-42.82980318296658,-34.383454471610385,27.520000457763672,26.450000762939453,43.0289998626709,0.015231313208926229,-17.054451435184415,,False,True,False,False,,
990,NVDD,NVDD,AMEX:NVDD,US,Direxion Daily NVDA Bear 1X ETF,0.02,Trading--Inverse Equity,-1X Short,193804.2,,https://www.tradingview.com/chart/?symbol=AMEX%3ANVDD,False,,27.459375640874907,47.50081806292395,31.219999313354492,28.969999313354492,32.18431951141358,0.16519822770632378,-44.200867480817664,,False,True,False,False,,
991,MRNX,MRNX,AMEX:MRNX,US,Defiance Daily Target 2X Long MRNA ETF,0.02,Trading--Leveraged Equity,2X Long,610817.75,,https://www.tradingview.com/chart/?symbol=AMEX%3AMRNX,False,,-25.10216537774117,8.133365638565264,83.2699966430664,18.829999923706055,47.737875740051265,0.5260794436224249,56.477649150264504,,False,False,False,False,,
993,ULTI,ULTI,AMEX:ULTI,US,REX IncomeMax Option Strategy ETF,0.02,Derivative Income,Long,85407.25,,https://www.tradingview.com/chart/?symbol=AMEX%3AULTI,True,2026-09-16 09:30,-63.30712321250524,-63.30712321250524,6.150000095367432,6.050000190734863,8.326999031066894,0.010364510106577301,-49.518218568695666,,False,True,False,False,,"NEAR: 4h+band ok, weekly shallow"
996,ELIL,ELIL,AMEX:ELIL,US,Direxion Daily LLY Bull 2X ETF,0.017,Trading--Leveraged Equity,2X Long,83371.1,,https://www.tradingview.com/chart/?symbol=AMEX%3AELIL,False,,-50.257133063042545,-9.137709477435402,26.70009994506836,16.3799991607666,20.651599250793456,0.5701713020330755,-11.03123480437713,,False,False,False,False,,
997,TSXU,TSXU,AMEX:TSXU,US,Direxion Daily Semiconductors Top 5 Bull 2X ETF,0.017,Trading--Leveraged Equity,2X Long,162947.5,,https://www.tradingview.com/chart/?symbol=AMEX%3ATSXU,False,,-32.402905400029404,-32.402905400029404,52.665000915527344,23.726499557495117,34.90428479766845,0.6109874338925568,-13.717601279625477,,False,False,False,False,,
998,HOOX,HOOX,AMEX:HOOX,US,Defiance Daily Target 2X Long HOOD ETF,0.016,Trading--Leveraged Equity,2X Long,40271.7,,https://www.tradingview.com/chart/?symbol=AMEX%3AHOOX,False,,-46.37153553717425,-46.37153553717425,31.81999969482422,17.149900436401367,24.015164329528808,0.5042986662834061,32.64163111080625,,False,False,False,False,,
999,BMNZ,BMNZ,AMEX:BMNZ,US,Defiance Daily Target 2X Short BMNR ETF,0.015,Trading--Inverse Equity,-2X Short,2879018.15,,https://www.tradingview.com/chart/?symbol=AMEX%3ABMNZ,False,,-43.525271322482205,2.3984893617766,6.195000171661377,4.84499979019165,11.027020055770873,0.05153656512593206,-58.96267124414447,,False,True,False,False,,
1000,HODU,HODU,AMEX:HODU,US,Direxion Daily HOOD Bull 2X ETF,0.013,Trading--Leveraged Equity,2X Long,146865.2,,https://www.tradingview.com/chart/?symbol=AMEX%3AHODU,False,,-47.59200306559503,-47.59200306559503,11.65719985961914,6.165599822998047,8.682634117126465,0.5148986693053201,33.369227461427485,,False,False,False,False,,
1001,HIYY,HIYY,AMEX:HIYY,US,YieldMax HIMS Option Income Strategy ETF,0.013,Derivative Income,Long,62499.15,,https://www.tradingview.com/chart/?symbol=AMEX%3AHIYY,False,,-50.446938621079816,-17.483134151313116,11.460000038146973,11.220000267028809,13.06316036605835,0.030729802589427112,-42.103369011667645,,False,True,False,False,,
1002,VSTL,VSTL,AMEX:VSTL,US,Defiance Daily Target 2X Long VST ETF,0.013,Trading--Leveraged Equity,2X Long,110140.7,,https://www.tradingview.com/chart/?symbol=AMEX%3AVSTL,False,,-33.62384667664196,-33.62384667664196,20.688600540161133,19.80030059814453,24.175669692993164,0.0479133946808596,-38.470869376191374,,False,True,False,False,,
1004,UGE,UGE,AMEX:UGE,US,ProShares Ultra Consumer Staples,0.01,Trading--Leveraged Equity,2X Long,30741.05,,https://www.tradingview.com/chart/?symbol=AMEX%3AUGE,False,,-60.56948206068363,-29.069998120006364,18.47610092163086,17.920000076293945,18.517080238342285,0.21980264601202157,-10.893574364279537,30.257117535564948,False,True,False,False,,
1005,AVXX,AVXX,AMEX:AVXX,US,Defiance Daily Target 2x Long AVAV ETF,0.009,Trading--Leveraged Equity,2X Long,120665.15,,https://www.tradingview.com/chart/?symbol=AMEX%3AAVXX,False,,-9.428143490536216,38.76036183316842,26.104999542236328,21.290000915527344,35.94796105957031,0.07752372531624951,-35.26622115154947,,False,True,False,False,,
1006,SOFA,SOFA,AMEX:SOFA,US,Direxion Daily SOFI Bull 2X ETF,0.009,Trading--Leveraged Equity,2X Long,55486.85,,https://www.tradingview.com/chart/?symbol=AMEX%3ASOFA,False,,-52.296133200128715,-52.296133200128715,12.098999977111816,10.489999771118164,12.711939987182618,0.17089750924400526,-14.132296433540269,,False,True,False,False,,
1007,SOUX,SOUX,AMEX:SOUX,US,Defiance Daily Target 2X Long SOUN ETF,0.009,Trading--Leveraged Equity,2X Long,73120.8,,https://www.tradingview.com/chart/?symbol=AMEX%3ASOUX,False,,-67.88146217419248,-67.47954151942082,8.260000228881836,8.229999542236328,13.371259506225584,0.001377125859795297,-41.8177137003732,,False,True,False,False,,
1008,SHPU,SHPU,AMEX:SHPU,US,Direxion Daily SHOP Bull 2X ETF,0.008,Trading--Leveraged Equity,2X Long,97729.25,,https://www.tradingview.com/chart/?symbol=AMEX%3ASHPU,False,,-59.34637399991855,-39.06315173201434,13.0,8.21500015258789,11.01041999053955,0.40396792948880317,20.997930237651815,,False,False,False,False,,
1009,QSU,QSU,AMEX:QSU,US,Defiance Daily Target 2X Long QS ETF,0.008,Trading--Leveraged Equity,2X Long,50339.8,,https://www.tradingview.com/chart/?symbol=AMEX%3AQSU,False,,-62.82647049190195,-62.82647049190195,4.78000020980835,4.760000228881836,24.112000679016113,0.00024390220074764808,-48.62398002455608,,False,True,False,False,,
1010,METD,METD,AMEX:METD,US,Direxion Daily META Bear 1X ETF,0.007,Trading--Inverse Equity,-1X Short,571804.95,,https://www.tradingview.com/chart/?symbol=AMEX%3AMETD,False,,-70.10371964088824,-63.63275704031148,14.149999618530273,14.09000015258789,15.349059936523437,0.011246387298736251,-25.159241862518968,,False,True,False,False,,
1011,RCAX,RCAX,AMEX:RCAX,US,Defiance Daily Target 2x Long RCAT ETF,0.007,Trading--Leveraged Equity,2X Long,65995.75,,https://www.tradingview.com/chart/?symbol=AMEX%3ARCAX,False,,-64.37389323049966,-64.37389323049966,10.359999656677246,10.359999656677246,42.371039737701416,0.0,-40.03948841893777,,False,True,False,False,,
1012,PLU,PLU,AMEX:PLU,US,Defiance Daily Target 2x Long PL ETF,0.006,Trading--Leveraged Equity,2X Long,235364.75,,https://www.tradingview.com/chart/?symbol=AMEX%3APLU,False,,-64.15149486980533,-57.851953584642075,4.5,4.489999771118164,20.060098960876466,0.00015157604247413386,-44.9861896639861,,False,True,False,False,,
1014,DWSH,DWSH,AMEX:DWSH,US,AdvisorShares Dorsey Wright Short ETF,0.006,Trading--Inverse Equity,-1X Short,16415.35,,https://www.tradingview.com/chart/?symbol=AMEX%3ADWSH,False,,29.864026139903558,36.55546199671514,5.71999979019165,5.340000152587891,5.672760116577148,0.26950331824588836,-42.93485637101309,-59.64629373517939,False,False,False,False,,
1015,BABU,BABU,AMEX:BABU,US,Direxion Daily BABA Bull 2X ETF,0.006,Trading--Leveraged Equity,2X Long,108930.4,,https://www.tradingview.com/chart/?symbol=AMEX%3ABABU,False,,-55.51707947381018,-47.26969042633908,8.800000190734863,7.321000099182129,9.770444255828856,0.14249927709488347,-27.832146669855433,,False,True,False,False,,
1016,RGTZ,RGTZ,AMEX:RGTZ,US,Defiance Daily Target 2x Short RGTI ETF,0.005,Trading--Inverse Equity,-2X Short,921261.3,,https://www.tradingview.com/chart/?symbol=AMEX%3ARGTZ,False,,1.3764839237802555,28.169607722960667,18.389999389648438,12.75,49.47159783935547,0.036246784842529974,-28.211390503376673,,False,True,False,False,,
1018,WTID,WTID,AMEX:WTID,US,MicroSectors Energy 3X Inverse Leveraged ETNs,0.005,Trading--Inverse Commodities,-3X Short,70880.9,,https://www.tradingview.com/chart/?symbol=AMEX%3AWTID,True,2026-09-16 09:30,-57.08136384008725,-49.9273766558791,2.619999885559082,2.380000114440918,3.229600091934204,0.06666660485444081,-58.997531402477556,-66.42815201795801,False,True,False,False,,"NEAR: 4h+band ok, weekly shallow"
1019,TBXU,TBXU,AMEX:TBXU,US,Direxion Daily Biotech Top 5 Bull 2X ETF,0.005,Trading--Leveraged Equity,2X Long,8286.35,,https://www.tradingview.com/chart/?symbol=AMEX%3ATBXU,False,,-49.20647738246503,-48.61279789614474,38.56420135498047,27.11840057373047,31.538019668579103,0.6111859249416863,62.553483418348456,,False,False,False,False,,
1024,IONZ,IONZ,AMEX:IONZ,US,Defiance Daily Target 2x Short IONQ ETF,0.002,Trading--Inverse Equity,-2X Short,1059962.05,,https://www.tradingview.com/chart/?symbol=AMEX%3AIONZ,False,,28.696484379463573,31.995399606552223,30.829999923706055,18.499000549316406,85.18103353881835,0.043641678603501925,-22.957883937126127,,False,True,False,False,,
1033,SMCZ,SMCZ,AMEX:SMCZ,US,Defiance Daily Target 2X Short SMCI ETF,0.0,Trading--Inverse Equity,-2X Short,2707890.4,,https://www.tradingview.com/chart/?symbol=AMEX%3ASMCZ,False,,-29.69271970833667,22.377509190572635,6.049900054931641,5.199999809265137,32.684560718536375,0.00729778651510621,-51.40651508907201,,False,True,False,False,,
1036,QBTZ,QBTZ,AMEX:QBTZ,US,Defiance Daily Target 2x Short QBTS ETF,0.0,Trading--Inverse Equity,-2X Short,669669.35,,https://www.tradingview.com/chart/?symbol=AMEX%3AQBTZ,False,,-28.70510426467094,4.924552668819044,18.610000610351562,14.049999237060547,85.66419941711425,0.015027191833337216,-23.567961754636553,,False,True,False,False,,
1062,RKLZ,RKLZ,AMEX:RKLZ,US,Defiance Daily Target 2x Short RKLB ETF,0.0,Trading--Inverse Equity,-2X Short,878099.65,,https://www.tradingview.com/chart/?symbol=AMEX%3ARKLZ,False,,-5.439050405083095,-5.439050405083095,20.15999984741211,8.450000762939453,44.876601303100585,0.07586653003451863,5.350781404972164,,False,True,False,False,,
