rank,ticker,yahoo,tv,exchange,name,aum_usd_bn,category,leverage,avg_volume,err,link,dot_last2,dot_bar,wt2_trough,wt2_now,close,zone_low,zone_top,pct_of_range,wk_wt2,mo_wt2,is_index,in_zone,pass_wk,flag,tier,bucket
1,VOO,VOO,AMEX:VOO,US,Vanguard S&P 500 ETF,1066.082,Large Blend,Long,6529078.6,,https://www.tradingview.com/chart/?symbol=AMEX%3AVOO,False,,31.080463124968773,31.080463124968773,707.0700073242188,581.010009765625,612.5986040039063,0.9418006765168049,20.445972711445584,69.75984919064702,True,False,False,False,,
2,IVV,IVV,AMEX:IVV,US,iShares Core S&P 500 ETF,870.627,Large Blend,Long,5835774.4,,https://www.tradingview.com/chart/?symbol=AMEX%3AIVV,False,,26.918922433562845,26.918922433562845,770.760009765625,634.8499755859375,669.455837890625,0.9268593796046399,20.457945259620143,69.8063654114664,True,False,False,False,,
3,SPY,SPY,AMEX:SPY,US,State Street SPDR S&P 500 ETF,806.132,Large Blend,Long,36401387.5,,https://www.tradingview.com/chart/?symbol=AMEX%3ASPY,False,,25.62664195398972,25.62664195398972,767.239990234375,632.0,666.4040869140625,0.9276990194518644,24.440959138754064,69.75889374926693,True,False,False,False,,
4,VTI,VTI,AMEX:VTI,US,Vanguard Morningstar Total Stock Market ETF,694.179,Large Blend,Long,2881206.6,,https://www.tradingview.com/chart/?symbol=AMEX%3AVTI,False,,27.028013758790525,27.028013758790525,377.989990234375,311.70001220703125,328.84776586914063,0.9123314413491916,13.52718645796292,69.86747681202642,True,False,False,False,,
5,QQQ,QQQ,AMEX:QQQ,US,Invesco QQQ Trust Series I,485.914,Large Growth,Long,30766206.3,,https://www.tradingview.com/chart/?symbol=AMEX%3AQQQ,False,,52.58739697553028,55.71060105738811,741.0599975585938,558.2703247070312,602.9202744140625,0.966145831653099,15.80359770240193,69.78988095424499,True,False,False,False,,
6,VEA,VEA,AMEX:VEA,US,Vanguard FTSE Developed Markets ETF,240.5,Foreign Large Blend,Long,9065470.8,,https://www.tradingview.com/chart/?symbol=AMEX%3AVEA,False,,-24.767853038852596,-24.767853038852596,71.05500030517578,62.0099983215332,64.78889958190918,0.7681526863069762,13.223032596060989,72.52062094875359,True,False,False,False,,
7,VUG,VUG,AMEX:VUG,US,Vanguard Morningstar Growth ETF,227.648,Large Growth,Long,4903100.4,,https://www.tradingview.com/chart/?symbol=AMEX%3AVUG,False,,50.442865621326234,50.442865621326234,90.45500183105469,69.98749542236328,74.98489157104493,0.9665696632286112,26.483551134460352,50.68704501193691,True,False,False,False,,
8,IEFA,IEFA,AMEX:IEFA,US,iShares Core MSCI EAFE ETF,196.629,Foreign Large Blend,Long,6945021.05,,https://www.tradingview.com/chart/?symbol=AMEX%3AIEFA,False,,-33.31132051787507,-33.31132051787507,97.4800033569336,87.27999877929688,90.61231942749023,0.7223797870794175,14.41674593763492,69.65798116376457,True,False,False,False,,
9,VTV,VTV,AMEX:VTV,US,Vanguard Morningstar Value ETF,193.784,Large Value,Long,2362488.25,,https://www.tradingview.com/chart/?symbol=AMEX%3AVTV,False,,-59.4020952837212,-59.4020952837212,219.85000610351562,193.05999755859375,201.1949178466797,0.777197783469513,13.096522999891604,78.16047815547729,True,False,False,False,,
10,VXUS,VXUS,AMEX:VXUS,US,Vanguard Total International Stock ETF,166.881,Foreign Large Blend,Long,4723841.9,,https://www.tradingview.com/chart/?symbol=AMEX%3AVXUS,False,,-15.087840985587098,-15.087840985587098,85.55999755859375,74.62000274658203,77.8720824584961,0.7939039028398182,16.426380782259173,71.56318674980758,True,False,False,False,,
11,IEMG,IEMG,AMEX:IEMG,US,iShares Core MSCI Emerging Markets ETF,163.85,Diversified Emerging Mkts,Long,8431150.55,,https://www.tradingview.com/chart/?symbol=AMEX%3AIEMG,False,,13.839152038835811,13.839152038835811,81.69000244140625,67.2750015258789,71.73894174194336,0.7620935880417565,27.228296681931457,73.64159521009013,True,False,False,False,,
12,SPYM,SPYM,AMEX:SPYM,US,State Street SPDR Portfolio S&P 500 ETF,157.41,,Long,8278035.9,,https://www.tradingview.com/chart/?symbol=AMEX%3ASPYM,False,,28.296832952267607,28.296832952267607,90.30500030517578,74.38999938964844,78.44211895751953,0.9269075487912496,20.491269640751195,69.73798808798846,False,False,False,False,,
13,VGT,VGT,AMEX:VGT,US,Vanguard Information Technology ETF,148.595,Technology,Long,3423389.5,,https://www.tradingview.com/chart/?symbol=AMEX%3AVGT,False,,55.32253185957143,55.32253185957143,125.16999816894531,83.59249877929688,93.69742993164063,0.9710397535643929,40.87275008674882,64.32402549904737,False,False,False,False,,
14,VWO,VWO,AMEX:VWO,US,Vanguard FTSE Emerging Markets ETF,128.892,Diversified Emerging Mkts,Long,5896685.8,,https://www.tradingview.com/chart/?symbol=AMEX%3AVWO,False,,5.5545111417098525,5.5545111417098525,59.86000061035156,52.40999984741211,54.54412426757813,0.8238508324256647,19.89296738618603,66.05530482117327,True,False,False,False,,
15,IWF,IWF,AMEX:IWF,US,iShares Russell 1000 Growth ETF,125.575,Large Growth,Long,3223898.0,,https://www.tradingview.com/chart/?symbol=AMEX%3AIWF,False,,46.566849291107474,46.566849291107474,125.63999938964844,102.73999786376953,108.87835836791992,0.8804305899683297,3.9460410355616524,46.35906963536511,True,False,False,False,,
16,IJH,IJH,AMEX:IJH,US,iShares Core S&P Mid-Cap ETF,123.821,Mid-Cap Blend,Long,5643079.85,,https://www.tradingview.com/chart/?symbol=AMEX%3AIJH,False,,-43.12979427518539,-40.02770011731119,72.73999786376953,65.5999984741211,68.68451840209961,0.5462891779925527,-34.418474789695004,71.5612716554157,True,False,False,False,,APPROACHING: 3-day heading toward -40
17,XLK,XLK,AMEX:XLK,US,State Street Technology Select Sector SPDR ETF,122.009,Technology,Long,6010274.85,,https://www.tradingview.com/chart/?symbol=AMEX%3AXLK,False,,56.66040105877906,57.24947038399071,194.72000122070312,127.51000213623047,144.19284091186523,0.9507710286753659,33.51666452923255,74.86952591216063,False,False,False,False,,
18,VIG,VIG,AMEX:VIG,US,Vanguard Dividend Appreciation ETF,112.791,Large Blend,Long,866170.8,,https://www.tradingview.com/chart/?symbol=AMEX%3AVIG,False,,-36.915682006533274,-36.915682006533274,235.94000244140625,210.69000244140625,219.15768359375,0.7037345753566338,-11.373131119564368,69.77165136572455,True,False,False,False,,
19,SCHD,SCHD,AMEX:SCHD,US,Schwab US Dividend Equity ETF,112.566,Large Value,Long,22873899.35,,https://www.tradingview.com/chart/?symbol=AMEX%3ASCHD,False,,-70.94219954064943,-70.94219954064943,33.09000015258789,30.375499725341797,31.51526222229004,0.5620663099069924,24.50337267847448,75.35609342924461,True,False,False,False,,
20,IJR,IJR,AMEX:IJR,US,iShares Core S&P Small Cap ETF,109.957,Small Blend,Long,2462353.6,,https://www.tradingview.com/chart/?symbol=AMEX%3AIJR,False,,-60.160592999815414,-60.160592999815414,137.77000427246094,120.4000015258789,127.48707943725586,0.5784218403487115,-37.156337546792834,74.57804190843184,True,False,False,False,,APPROACHING: 3-day heading toward -40
21,VO,VO,AMEX:VO,US,Vanguard Morningstar Mid-Cap ETF,107.824,Mid-Cap Blend,Long,2158324.2,,https://www.tradingview.com/chart/?symbol=AMEX%3AVO,False,,-30.25741796489953,-30.25741796489953,79.68000030517578,70.23249816894531,73.5937282409668,0.6633317138000839,-11.52378006708419,66.89910373246859,True,False,False,False,,
22,QQQM,QQQM,AMEX:QQQM,US,Invesco NASDAQ 100 ETF,105.077,Large Growth,Long,2476964.95,,https://www.tradingview.com/chart/?symbol=AMEX%3AQQQM,False,,52.55803487648381,55.67813386350571,305.14678955078125,229.88999938964844,248.27440155029296,0.9660690798011069,15.84905787899014,69.86946347045125,True,False,False,False,,
23,RSP,RSP,AMEX:RSP,US,Invesco S&P 500 Equal Weight ETF,100.922,Large Blend,Long,5559336.2,,https://www.tradingview.com/chart/?symbol=AMEX%3ARSP,False,,-65.97040854691024,-65.97040854691024,210.2100067138672,188.07000732421875,196.25566674804688,0.638316302379641,-6.020019002765667,75.08807688529144,True,False,False,False,,
24,ITOT,ITOT,AMEX:ITOT,US,iShares Core S&P Total U.S. Stock Market ETF,97.071,Large Blend,Long,1431655.1,,https://www.tradingview.com/chart/?symbol=AMEX%3AITOT,False,,23.209751911115404,23.209751911115404,167.4499969482422,138.30999755859375,145.9516787109375,0.8999380789196892,13.40195151179101,69.94604737202063,False,False,False,False,,
25,IWD,IWD,AMEX:IWD,US,iShares Russell 1000 Value ETF,84.061,Large Value,Long,1501150.05,,https://www.tradingview.com/chart/?symbol=AMEX%3AIWD,False,,-52.79748102468881,-52.79748102468881,250.72999572753906,209.42999267578125,221.21819555664064,0.8268266858590314,19.575011921196083,82.16844033217016,True,False,False,False,,
26,VYM,VYM,AMEX:VYM,US,Vanguard High Dividend Yield Index ETF,83.276,Large Value,Long,1028885.45,,https://www.tradingview.com/chart/?symbol=AMEX%3AVYM,False,,-74.19432945117546,-74.19432945117546,156.86000061035156,145.1699981689453,150.32895831298828,0.5347667939163084,-8.132615773385398,71.98902378964905,False,False,False,False,,
27,VT,VT,AMEX:VT,US,Vanguard Total World Stock ETF,82.541,Global Large-Stock Blend,Long,2010584.65,,https://www.tradingview.com/chart/?symbol=AMEX%3AVT,False,,2.7145167022698655,2.7145167022698655,159.0500030517578,134.19000244140625,140.84402056884767,0.8817168861995457,17.11472029590374,70.2605936252407,True,False,False,False,,
28,IWM,IWM,AMEX:IWM,US,iShares Russell 2000 ETF,80.508,Small Blend,Long,16947349.7,,https://www.tradingview.com/chart/?symbol=AMEX%3AIWM,False,,-48.53313039687287,-48.53313039687287,281.6600036621094,239.60000610351562,255.05328149414063,0.6423336912671603,-39.74817371861901,71.8285664264904,True,False,False,False,,APPROACHING: 3-day heading toward -40
29,VB,VB,AMEX:VB,US,Vanguard Morningstar Small-Cap ETF,80.365,Small Blend,Long,448941.7,,https://www.tradingview.com/chart/?symbol=AMEX%3AVB,False,,-36.32164217887739,-35.32068051747164,288.9200134277344,253.85000610351562,266.9196872558594,0.6332611815117938,-25.234590406399935,71.70832409947987,True,False,False,False,,APPROACHING: 3-day heading toward -40
30,EFA,EFA,AMEX:EFA,US,iShares MSCI EAFE ETF,79.617,Foreign Large Blend,Long,8936537.35,,https://www.tradingview.com/chart/?symbol=AMEX%3AEFA,False,,-34.995634210646564,-34.995634210646564,104.5,93.5999984741211,97.18955825805664,0.716633937013601,11.776586552629956,69.89852250845438,True,False,False,False,,
31,IVW,IVW,AMEX:IVW,US,iShares S&P 500 Growth ETF,77.267,Large Growth,Long,1274009.7,,https://www.tradingview.com/chart/?symbol=AMEX%3AIVW,False,,43.562970576223904,43.562970576223904,142.39500427246094,108.69000244140625,116.91696258544921,0.9668675054769247,21.283493972595696,65.2886484070638,False,False,False,False,,
32,SCHX,SCHX,AMEX:SCHX,US,Schwab U.S. Large-Cap ETF,74.481,Large Blend,Long,6339939.05,,https://www.tradingview.com/chart/?symbol=AMEX%3ASCHX,False,,22.387178283776198,22.387178283776198,30.219999313354492,24.90999984741211,26.276440063476564,0.917098208344369,17.89049162091982,68.07075381393675,True,False,False,False,,
33,VEU,VEU,AMEX:VEU,US,Vanguard FTSE All-World ex-US Index Fund,71.053,Foreign Large Blend,Long,2277116.15,,https://www.tradingview.com/chart/?symbol=AMEX%3AVEU,False,,-16.014750386517395,-16.014750386517395,83.58000183105469,72.75499725341797,75.97757876586914,0.7927498716329131,16.855869954197136,72.00338642655619,True,False,False,False,,
34,SCHF,SCHF,AMEX:SCHF,US,Schwab International Equity ETF,70.289,Foreign Large Blend,Long,6697863.8,,https://www.tradingview.com/chart/?symbol=AMEX%3ASCHF,False,,-19.990371416659574,-19.990371416659574,27.610000610351562,23.959999084472656,25.05267933654785,0.7883370807438576,13.92384212897612,70.93793870995425,False,False,False,False,,
35,SMH,SMH,AMEX:SMH,US,VanEck Semiconductor ETF,68.996,Technology,Long,6750803.0,,https://www.tradingview.com/chart/?symbol=AMEX%3ASMH,False,,47.836742592855295,54.82114352283975,600.5900268554688,362.5690002441406,434.7899625244141,0.7777930465988352,-11.58427557141741,82.20636435903278,False,False,False,False,,
36,SCHG,SCHG,AMEX:SCHG,US,Schwab U.S. Large-Cap Growth ETF,62.427,Large Growth,Long,6403379.35,,https://www.tradingview.com/chart/?symbol=AMEX%3ASCHG,False,,49.94334129392035,49.94334129392035,36.06999969482422,28.100000381469727,30.045820579528808,0.9666462707231847,28.949128271845836,55.07661675735985,True,False,False,False,,
37,IXUS,IXUS,AMEX:IXUS,US,iShares Core MSCI Total International Stock ETF,61.154,Foreign Large Blend,Long,1711203.8,,https://www.tradingview.com/chart/?symbol=AMEX%3AIXUS,False,,-7.304171819505527,-7.304171819505527,95.79000091552734,83.73500061035156,87.26202053833008,0.8066243259510197,16.02159507175162,71.77442317140778,True,False,False,False,,
38,IWR,IWR,AMEX:IWR,US,iShares Russell Midcap ETF,56.98,Mid-Cap Blend,Long,1081359.95,,https://www.tradingview.com/chart/?symbol=AMEX%3AIWR,False,,-33.350929108504296,-33.350929108504296,107.98999786376953,94.72000122070312,99.46832006835938,0.6595427367539725,-11.844561836185418,73.76931339243511,False,False,False,False,,
39,XLF,XLF,AMEX:XLF,US,State Street Financial Select Sector SPDR ETF,55.333,Financial,Long,28267865.4,,https://www.tradingview.com/chart/?symbol=AMEX%3AXLF,True,2026-09-24 09:30,-77.0745721670819,-76.26584843011109,54.529998779296875,47.79999923706055,50.33511137390137,0.626512677244739,0.1741826742486635,53.3849133477543,False,False,False,False,,
40,SPYG,SPYG,AMEX:SPYG,US,State Street SPDR Portfolio S&P 500 Growth ETF,54.676,Large Growth,Long,1937375.2,,https://www.tradingview.com/chart/?symbol=AMEX%3ASPYG,False,,43.67493896844494,43.67493896844494,123.2750015258789,94.08999633789062,101.21011770629883,0.9673516598924299,21.722419170898036,65.4780092611857,False,False,False,False,,
41,VV,VV,AMEX:VV,US,Vanguard Morningstar Large-Cap ETF,54.571,Large Blend,Long,202690.75,,https://www.tradingview.com/chart/?symbol=AMEX%3AVV,False,,32.91826238536537,32.91826238536537,355.0400085449219,290.3500061035156,306.4027235107422,0.9510440001453645,22.928375895678865,69.37299489288962,False,False,False,False,,
42,IVE,IVE,AMEX:IVE,US,iShares S&P 500 Value ETF,50.167,Large Value,Long,467621.75,,https://www.tradingview.com/chart/?symbol=AMEX%3AIVE,False,,-46.15762156548781,-46.15762156548781,231.19000244140625,207.47000122070312,214.84424499511718,0.7591178782980676,16.43810606063821,72.05681418243721,False,False,False,False,,
43,DFAC,DFAC,AMEX:DFAC,US,Dimensional U.S. Core Equity 2 ETF,49.563,Large Blend,Long,1774320.9,,https://www.tradingview.com/chart/?symbol=AMEX%3ADFAC,False,,-7.855049987131125,-7.855049987131125,44.82500076293945,37.810001373291016,39.80184104919434,0.8311612003642946,6.521581785461173,72.32545135643608,False,False,False,False,,
44,IWB,IWB,AMEX:IWB,US,iShares Russell 1000 ETF,49.368,Large Blend,Long,449975.55,,https://www.tradingview.com/chart/?symbol=AMEX%3AIWB,False,,24.91836967789254,24.91836967789254,419.1499938964844,346.6700134277344,365.4084119873047,0.9128461717924543,17.329345120997996,69.47121019490181,True,False,False,False,,
45,QUAL,QUAL,AMEX:QUAL,US,iShares MSCI USA Quality Factor ETF,47.541,Large Blend,Long,724596.45,,https://www.tradingview.com/chart/?symbol=AMEX%3AQUAL,False,,14.979335045820084,37.82917653401112,222.63999938964844,186.52000427246094,196.10160211181642,0.8896552527641528,0.3345093969699218,71.9849578289316,False,False,False,False,,
46,DIA,DIA,AMEX:DIA,US,State Street SPDR Dow Jones Industrial Average ETF Trust,46.42,Large Value,Long,2882949.55,,https://www.tradingview.com/chart/?symbol=AMEX%3ADIA,False,,-61.0276481828389,-61.0276481828389,512.6500244140625,451.3550109863281,473.3561124267578,0.6574954080418437,-10.96488389879913,71.79899715833754,True,False,False,False,,
47,VONG,VONG,AMEX:VONG,US,Vanguard Russell 1000 Growth ETF,46.22,Large Growth,Long,852084.1,,https://www.tradingview.com/chart/?symbol=AMEX%3AVONG,False,,46.31722269199006,46.31722269199006,129.35499572753906,105.7300033569336,112.05480227661133,0.8815297166391145,4.033142311368233,50.12798848309157,False,False,False,False,,
48,JEPI,JEPI,AMEX:JEPI,US,JPMorgan Equity Premium Income ETF,46.091,Derivative Income,Long,4378934.3,,https://www.tradingview.com/chart/?symbol=AMEX%3AJEPI,False,,-12.770499525696962,11.726333854267837,56.52000045776367,55.27000045776367,55.94850045776367,0.43478260869565216,3.8123477529427254,60.34105753005242,False,False,False,False,,
49,SCHB,SCHB,AMEX:SCHB,US,Schwab U.S. Broad Market ETF,44.843,Large Blend,Long,5337629.15,,https://www.tradingview.com/chart/?symbol=AMEX%3ASCHB,False,,18.922928202512377,18.922928202512377,29.524999618530273,24.389999389648438,25.734019317626952,0.9016682184458541,13.017203429382647,68.38177800326078,True,False,False,False,,
50,XLV,XLV,AMEX:XLV,US,State Street Health Care Select Sector SPDR ETF,44.505,Health,Long,7535099.3,,https://www.tradingview.com/chart/?symbol=AMEX%3AXLV,False,,29.065429979201706,41.756613439816014,169.8800048828125,142.56500244140625,150.38486114501953,0.8243551220680302,32.14835794217081,59.61666777492761,False,False,False,False,,
51,DGRO,DGRO,AMEX:DGRO,US,iShares Core Dividend Growth ETF,43.59,Large Value,Long,1205039.15,,https://www.tradingview.com/chart/?symbol=AMEX%3ADGRO,False,,-65.05592274942317,-65.05592274942317,76.13999938964844,68.8949966430664,71.54763793945312,0.6445728830816223,0.10361727293764982,73.55724867863074,False,False,False,False,,
52,SOXX,SOXX,AMEX:SOXX,US,iShares Semiconductor ETF,42.612,Technology,Long,7059654.95,,https://www.tradingview.com/chart/?symbol=AMEX%3ASOXX,False,,52.080325383082034,57.2529941159292,565.489990234375,309.7900085449219,391.28104333496094,0.7405133071900462,-16.86976066301879,85.56860175709858,False,False,False,False,,
53,SPDW,SPDW,AMEX:SPDW,US,State Street SPDR Portfolio Developed World ex-US ETF,42.462,Foreign Large Blend,Long,2364130.55,,https://www.tradingview.com/chart/?symbol=AMEX%3ASPDW,False,,-19.47172151924684,-19.47172151924684,50.540000915527344,44.209999084472656,46.12395922851562,0.7805180461978148,16.416129021955943,73.10867498859558,True,False,False,False,,
54,JEPQ,JEPQ,AMEX:JEPQ,US,JPMorgan NASDAQ Equity Premium Income ETF,42.441,Derivative Income,Long,5575682.5,,https://www.tradingview.com/chart/?symbol=AMEX%3AJEPQ,False,,51.14645447379443,54.42843160767668,61.10499954223633,53.77000045776367,55.584840133666994,0.9538362021283932,47.08306598057154,67.04771535756213,False,False,False,False,,
55,XLE,XLE,AMEX:XLE,US,State Street Energy Select Sector SPDR ETF,42.113,Equity Energy,Long,25136576.85,,https://www.tradingview.com/chart/?symbol=AMEX%3AXLE,False,,-62.85716714401969,-52.897630483228085,62.61000061035156,52.81999969482422,55.91632034301758,0.7461889379617542,53.6575266235079,75.54615437355254,False,False,False,False,,
56,DYNF,DYNF,AMEX:DYNF,US,iShares U.S. Equity Factor Rotation Active ETF,41.834,Large Blend,Long,1659228.3,,https://www.tradingview.com/chart/?symbol=AMEX%3ADYNF,False,,20.885339679375367,20.885339679375367,69.70999908447266,56.43000030517578,59.71984088134766,0.9526539780115852,35.10548018961304,70.49472433877055,False,False,False,False,,
57,CGDV,CGDV,AMEX:CGDV,US,Capital Group Dividend Value ETF,38.955,Large Value,Long,3070981.45,,https://www.tradingview.com/chart/?symbol=AMEX%3ACGDV,False,,1.7283657935695775,6.427962075746149,49.28499984741211,41.470001220703125,43.819380752563475,0.7850326653875646,-13.353773751142219,71.4001970980846,False,False,False,False,,
58,VNQ,VNQ,AMEX:VNQ,US,Vanguard Real Estate ETF,38.016,Real Estate,Long,2810927.75,,https://www.tradingview.com/chart/?symbol=AMEX%3AVNQ,False,,-77.4243358548862,-77.4243358548862,91.1500015258789,86.98999786376953,90.43087829589844,0.2853225747371836,-55.77690852392512,74.30551635848134,False,False,False,False,,
59,VBR,VBR,AMEX:VBR,US,Vanguard Morningstar Small-Cap Value ETF,37.526,Small Value,Long,275114.5,,https://www.tradingview.com/chart/?symbol=AMEX%3AVBR,False,,-67.73315809324542,-67.73315809324542,235.3699951171875,212.08999633789062,221.42143835449218,0.588770706836044,-21.18413214590122,72.48906896109501,False,False,False,False,,
60,SPYV,SPYV,AMEX:SPYV,US,State Street SPDR Portfolio S&P 500 Value ETF,36.839,Large Value,Long,1420567.55,,https://www.tradingview.com/chart/?symbol=AMEX%3ASPYV,False,,-68.10986271136302,-68.10986271136302,61.90999984741211,55.58000183105469,57.5529610748291,0.757177086437149,16.75306877257421,72.2054243983862,False,False,False,False,,
61,TQQQ,TQQQ,AMEX:TQQQ,US,ProShares UltraPro QQQ,35.929,Trading--Leveraged Equity,3X Long,46665537.9,,https://www.tradingview.com/chart/?symbol=AMEX%3ATQQQ,False,,50.38363597752804,53.97169105968489,78.58999633789062,37.88999938964844,49.53069866943359,0.8251393708336079,-2.0351510338868657,65.46872103657478,False,False,False,False,,
62,MGK,MGK,AMEX:MGK,US,Vanguard Morningstar Mega Cap Growth ETF,33.608,Large Growth,Long,1046912.1,,https://www.tradingview.com/chart/?symbol=AMEX%3AMGK,False,,56.18952827704717,56.18952827704717,92.98999786376953,70.68400573730469,76.07802059936523,0.9759361582171727,37.97848644651885,46.202063723094774,False,False,False,False,,
63,IUSG,IUSG,AMEX:IUSG,US,iShares Core S&P U.S. Growth ETF,33.336,Large Growth,Long,462130.0,,https://www.tradingview.com/chart/?symbol=AMEX%3AIUSG,False,,42.14743419928002,42.14743419928002,193.97999572753906,149.15499877929688,160.1077596435547,0.9658477356432265,17.650875203844166,65.97880559286294,False,False,False,False,,
64,ACWI,ACWI,AMEX:ACWI,US,iShares MSCI ACWI ETF,33.113,Global Large-Stock Blend,Long,1869786.35,,https://www.tradingview.com/chart/?symbol=AMEX%3AACWI,False,,15.075589764135623,15.075589764135623,160.0500030517578,134.25999450683594,140.91165753173829,0.9150256099587848,20.172540701703554,70.38011679545663,True,False,False,False,,
65,IDEV,IDEV,AMEX:IDEV,US,iShares Core MSCI International Developed Markets ETF,32.932,Foreign Large Blend,Long,1870726.1,,https://www.tradingview.com/chart/?symbol=AMEX%3AIDEV,False,,-33.167881608865855,-33.167881608865855,90.11000061035156,80.58000183105469,83.70582067871094,0.7195169718809619,15.92504216814911,69.70716698795616,False,False,False,False,,
66,EFV,EFV,AMEX:EFV,US,iShares MSCI EAFE Value ETF,32.15,Foreign Large Value,Long,1640948.25,,https://www.tradingview.com/chart/?symbol=AMEX%3AEFV,False,,-66.30146575852491,-66.30146575852491,80.07499694824219,71.16000366210938,73.99672286987305,0.7416801810236213,36.76296548017573,71.6054509158043,False,False,False,False,,
67,EEM,EEM,AMEX:EEM,US,iShares MSCI Emerging Markets ETF,31.971,Diversified Emerging Mkts,Long,15836071.25,,https://www.tradingview.com/chart/?symbol=AMEX%3AEEM,False,,17.71502990663741,17.71502990663741,67.23999786376953,54.67499923706055,58.603219345092775,0.7548812424843362,27.421107967262003,74.56284618653594,True,False,False,False,,
68,XLI,XLI,AMEX:XLI,US,State Street Industrial Select Sector SPDR ETF,31.888,Industrials,Long,6528465.9,,https://www.tradingview.com/chart/?symbol=AMEX%3AXLI,False,,-29.588386236237096,-8.596780905206856,168.8699951171875,156.66000366210938,163.87098193359375,0.39960708171781395,-44.771495661559534,67.12014573294687,False,False,False,False,,
69,AVUV,AVUV,AMEX:AVUV,US,Avantis U.S. Small Cap Value ETF,31.856,Small Value,Long,1225791.95,,https://www.tradingview.com/chart/?symbol=AMEX%3AAVUV,True,2026-09-24 13:30,-72.93690481855904,-72.93690481855904,120.22000122070312,106.06999969482422,111.46024063110352,0.6195271045550884,-20.81169947208952,73.9500318866863,False,False,False,False,,
70,VXF,VXF,AMEX:VXF,US,Vanguard Extended Market ETF,31.308,Mid-Cap Blend,Long,296304.5,,https://www.tradingview.com/chart/?symbol=AMEX%3AVXF,False,,-17.92759298611841,-17.92759298611841,234.88999938964844,198.97999572753906,211.16231817626954,0.6956605277790012,-23.02737178715663,70.69455457761956,True,False,False,False,,
71,VGK,VGK,AMEX:VGK,US,Vanguard FTSE Europe ETF,31.133,Europe Stock,Long,1672988.45,,https://www.tradingview.com/chart/?symbol=AMEX%3AVGK,False,,-49.55487403430768,-49.55487403430768,88.06500244140625,79.19999694824219,82.49809838867188,0.6343471643231652,-1.9381831768956683,67.33464077145086,False,False,False,False,,
72,GDX,GDX,AMEX:GDX,US,VanEck Gold Miners ETF,30.265,Equity Precious Metals,Long,25081121.6,,https://www.tradingview.com/chart/?symbol=AMEX%3AGDX,False,,-33.53474767198995,-33.53474767198995,92.36000061035156,70.73999786376953,78.95279858398438,0.6212643922595853,32.64605376664547,42.99118952328803,False,False,False,False,,
73,EWY,EWY,AMEX:EWY,US,iShares MSCI South Korea ETF,28.967,Focused Region,Long,14084983.55,,https://www.tradingview.com/chart/?symbol=AMEX%3AEWY,False,,18.38946867925002,18.38946867925002,182.52000427246094,115.7699966430664,140.44615786743165,0.6383894827604952,26.055765275042535,80.40934439899799,False,False,False,False,,
74,AVEM,AVEM,AMEX:AVEM,US,Avantis Emerging Markets Equity ETF,28.726,Diversified Emerging Mkts,Long,1616709.6,,https://www.tradingview.com/chart/?symbol=AMEX%3AAVEM,False,,12.792246053752807,12.792246053752807,94.26000213623047,77.76010131835938,83.07609530639648,0.7325020686216764,31.941814000806758,73.22653741487457,False,False,False,False,,
75,FNDX,FNDX,AMEX:FNDX,US,Schwab Fundamental U.S. Large Company ETF,27.895,Large Value,Long,2555669.1,,https://www.tradingview.com/chart/?symbol=AMEX%3AFNDX,False,,-65.60451242174594,-65.60451242174594,31.849899291992188,27.309999465942383,28.605450355529786,0.8270605760199811,28.023683636077692,74.86645340420792,False,False,False,False,,
76,IUSV,IUSV,AMEX:IUSV,US,iShares Core S&P US Value ETF,27.757,Large Value,Long,527471.9,,https://www.tradingview.com/chart/?symbol=AMEX%3AIUSV,False,,-50.97678172258762,-50.97678172258762,111.73200225830078,100.43000030517578,104.01193661499023,0.7446454180743561,13.169403875750705,72.15806527770278,False,False,False,False,,
77,VOOG,VOOG,AMEX:VOOG,US,Vanguard S&P 500 Growth ETF,27.271,Large Growth,Long,1003953.25,,https://www.tradingview.com/chart/?symbol=AMEX%3AVOOG,False,,42.672243476669145,42.672243476669145,85.58000183105469,65.32833099365234,70.29534487915039,0.9622268887914975,21.59003591530866,58.915350251172434,False,False,False,False,,
78,MDY,MDY,AMEX:MDY,US,State Street SPDR S&P MIDCAP 400 ETF Trust,26.567,Mid-Cap Blend,Long,446235.3,,https://www.tradingview.com/chart/?symbol=AMEX%3AMDY,False,,-46.90417966077942,-44.70288905907782,663.739990234375,599.0750122070312,626.8982224121094,0.5484965502531333,-34.540269331750686,71.40878140584546,True,False,False,False,,APPROACHING: 3-day heading toward -40
79,FNDF,FNDF,AMEX:FNDF,US,Schwab Fundamental International Equity ETF,26.322,Foreign Large Value,Long,1807914.05,,https://www.tradingview.com/chart/?symbol=AMEX%3AFNDF,False,,-49.72049287909389,-49.72049287909389,54.380001068115234,47.13999938964844,49.30647946166992,0.7886711805864328,41.112696328186075,75.61456153367085,False,False,False,False,,
80,RDVY,RDVY,AMEX:RDVY,US,First Trust Rising Dividend Achievers ETF,25.697,Large Value,Long,1020926.8,,https://www.tradingview.com/chart/?symbol=AMEX%3ARDVY,False,,-46.76881367963403,-46.76881367963403,78.76000213623047,66.41500091552734,70.5438215637207,0.7056301390472743,-14.453926669883382,76.5708991551266,False,False,False,False,,
82,CGGR,CGGR,AMEX:CGGR,US,Capital Group Growth ETF,25.648,Large Growth,Long,2315423.8,,https://www.tradingview.com/chart/?symbol=AMEX%3ACGGR,False,,40.49095659481816,47.86941533590314,48.08000183105469,38.75,41.017960144042966,0.9708638125376111,16.772419075827305,52.407392180975194,False,False,False,False,,
83,EMXC,EMXC,AMEX:EMXC,US,iShares MSCI Emerging Markets ex China ETF,25.486,Diversified Emerging Mkts,Long,1597490.4,,https://www.tradingview.com/chart/?symbol=AMEX%3AEMXC,False,,21.79632075873973,21.79632075873973,99.72000122070312,75.48500061035156,82.84348068237304,0.7772610767527359,37.20030408196196,79.60166567725051,False,False,False,False,,
84,XIC,XIC.TO,TSX:XIC,TSX,iShares Core S&P/TSX Capped Composite Index ETF,25.141,Total Market,Long,496767.5,,https://www.tradingview.com/chart/?symbol=TSX%3AXIC,False,,5.815555315583205,5.815555315583205,56.88999938964844,50.119998931884766,52.23927882385254,0.7538976395178868,13.47605247669326,70.83667318134327,True,False,False,False,,
85,IYW,IYW,AMEX:IYW,US,iShares U.S. Technology ETF,25.124,Technology,Long,464096.5,,https://www.tradingview.com/chart/?symbol=AMEX%3AIYW,False,,62.12327383785149,62.12327383785149,264.239990234375,173.5500030517578,195.37999945068358,0.9804324555981537,42.650575499785454,72.75900264035751,False,False,False,False,,
86,MTUM,MTUM,AMEX:MTUM,US,iShares MSCI USA Momentum Factor ETF,24.803,Large Blend,Long,677646.35,,https://www.tradingview.com/chart/?symbol=AMEX%3AMTUM,False,,51.778259783841406,55.06723605656443,317.4800109863281,230.82000732421875,257.87504357910154,0.7559317485877233,-14.11074943757545,75.34306709378825,False,False,False,False,,
87,VOE,VOE,AMEX:VOE,US,Vanguard Morningstar Mid-Cap Value ETF,24.42,Mid-Cap Value,Long,280431.9,,https://www.tradingview.com/chart/?symbol=AMEX%3AVOE,False,,-72.55170170197896,-72.55170170197896,199.1300048828125,180.9499969482422,188.03943896484375,0.6051931678842202,0.13148803183055216,76.12685814823088,False,False,False,False,,
88,USMV,USMV,AMEX:USMV,US,iShares MSCI USA Min Vol Factor ETF,24.118,Large Blend,Long,1453280.6,,https://www.tradingview.com/chart/?symbol=AMEX%3AUSMV,False,,-39.49619767908081,-39.343606707643325,98.26000213623047,91.16000366210938,93.72060330200195,0.6543778315781036,23.28176682699129,67.86120724171234,False,False,False,False,,
89,DVY,DVY,AMEX:DVY,US,iShares Select Dividend ETF,23.742,Mid-Cap Value,Long,288560.85,,https://www.tradingview.com/chart/?symbol=AMEX%3ADVY,True,2026-09-24 09:30,-75.28363307916455,-75.10835098414597,154.38999938964844,145.9499969482422,150.62397882080077,0.42615496390051627,3.684242391613265,73.0386095422649,False,False,False,False,,
90,VBK,VBK,AMEX:VBK,US,Vanguard Morningstar Small-Cap Growth ETF,23.685,Small Growth,Long,177359.7,,https://www.tradingview.com/chart/?symbol=AMEX%3AVBK,False,,-2.579657998487718,11.398289592822914,341.1199951171875,289.6099853515625,307.7041085205078,0.6718403644754277,-32.93209957086197,69.86560638849427,False,False,False,False,,
91,EWJ,EWJ,AMEX:EWJ,US,iShares MSCI Japan ETF,23.506,Japan Stock,Long,3586266.25,,https://www.tradingview.com/chart/?symbol=AMEX%3AEWJ,False,,-12.62737845371808,-12.62737845371808,95.80999755859375,81.19999694824219,85.3465168762207,0.8315310679632729,49.18110575477851,75.57389342579175,True,False,False,False,,
92,SCHA,SCHA,AMEX:SCHA,US,Schwab U.S. Small-Cap ETF,22.93,Small Blend,Long,2616628.35,,https://www.tradingview.com/chart/?symbol=AMEX%3ASCHA,False,,-23.695900127410596,-23.695900127410596,33.08000183105469,28.079999923706055,29.98215979766846,0.6203476722890859,-36.909083555773925,71.82708641853951,False,False,False,False,,
93,SPMO,SPMO,AMEX:SPMO,US,Invesco S&P 500 Momentum ETF,22.756,Large Blend,Long,1655237.45,,https://www.tradingview.com/chart/?symbol=AMEX%3ASPMO,False,,36.203578631769744,43.57878677119508,152.13499450683594,107.86000061035156,120.54027960205079,0.824027497061412,-9.96590072430567,74.8161199310327,False,False,False,False,,
94,XLC,XLC,AMEX:XLC,US,State Street Communication Services Select Sector SPDR ETF,22.667,Communications,Long,4128262.0,,https://www.tradingview.com/chart/?symbol=AMEX%3AXLC,False,,3.1811523131127615,4.154084946532247,114.0,105.38999938964844,108.61847946166992,0.6293859954881725,39.33267901417348,22.03423605358247,False,False,False,False,,
95,DFIV,DFIV,AMEX:DFIV,US,Dimensional International Value ETF,22.446,Foreign Large Value,Long,1087696.4,,https://www.tradingview.com/chart/?symbol=AMEX%3ADFIV,True,2026-09-24 13:30,-77.62297939779644,-77.62297939779644,56.6150016784668,50.79999923706055,52.77649923706055,0.6943286497201493,41.572640421832325,71.61499637165095,False,False,False,False,,
96,XLU,XLU,AMEX:XLU,US,State Street Utilities Select Sector SPDR ETF,22.359,Utilities,Long,19658230.6,,https://www.tradingview.com/chart/?symbol=AMEX%3AXLU,False,,-76.18190043230874,-76.18190043230874,39.369998931884766,39.369998931884766,41.29693914794922,0.0,-69.3110886135269,36.17600863379599,False,True,True,False,,"WATCH: weekly+band ok, waiting on 4h dot"
97,VONV,VONV,AMEX:VONV,US,Vanguard Russell 1000 Value ETF,22.314,Large Value,Long,563540.05,,https://www.tradingview.com/chart/?symbol=AMEX%3AVONV,False,,-59.946563221209665,-59.946563221209665,109.98999786376953,91.83999633789062,97.0095778503418,0.8285777774836623,19.04988710210037,82.03863901301969,False,False,False,False,,
98,VYMI,VYMI,AMEX:VYMI,US,Vanguard International High Dividend Yield ETF,22.12,Foreign Large Value,Long,809480.5,,https://www.tradingview.com/chart/?symbol=AMEX%3AVYMI,False,,-71.31921727726083,-71.31921727726083,102.2136001586914,90.5770034790039,94.50711145019531,0.6987687963121615,40.73198644124504,73.20103320350671,False,False,False,False,,
99,XLY,XLY,AMEX:XLY,US,State Street Consumer Discretionary Select Sector SPDR ETF,21.972,Consumer Cyclical,Long,5333676.6,,https://www.tradingview.com/chart/?symbol=AMEX%3AXLY,False,,-31.835059380025353,-31.835059380025353,110.33000183105469,105.6500015258789,109.52748159790039,0.284844809388195,-47.26702410134009,23.96755272684841,False,False,False,False,,
100,AVLV,AVLV,AMEX:AVLV,US,Avantis U.S. Large Cap Value ETF,21.76,Large Value,Long,2716989.25,,https://www.tradingview.com/chart/?symbol=AMEX%3AAVLV,False,,-63.17769898366824,-63.17769898366824,91.55000305175781,78.81999969482422,82.64791998291015,0.7848336867376485,12.99966403459497,79.50462311246848,False,False,False,False,,
101,SDY,SDY,AMEX:SDY,US,State Street SPDR S&P Dividend ETF,21.715,Mid-Cap Value,Long,184075.5,,https://www.tradingview.com/chart/?symbol=AMEX%3ASDY,False,,-75.96341328554182,-71.9066395477094,147.92999267578125,143.94500732421875,147.55226458740233,0.26071235688323147,-17.986868960974846,72.4582345488527,False,False,False,False,,
102,DFUS,DFUS,AMEX:DFUS,US,Dimensional U.S. Equity Market ETF,21.635,Large Blend,Long,487947.15,,https://www.tradingview.com/chart/?symbol=AMEX%3ADFUS,False,,22.8696564621866,22.8696564621866,83.66500091552734,68.88999938964844,72.70965881347657,0.9128825304044499,14.448558751447555,69.95665703507034,False,False,False,False,,
103,FTEC,FTEC,AMEX:FTEC,US,Fidelity MSCI Information Technology Index ETF,21.251,Technology,Long,220448.75,,https://www.tradingview.com/chart/?symbol=AMEX%3AFTEC,False,,55.83464283142848,56.186546262240995,298.7049865722656,199.4600067138672,223.5485248413086,0.9723227938998924,40.598822450748145,74.16077050656918,False,False,False,False,,
104,AVDV,AVDV,AMEX:AVDV,US,Avantis International Small Cap Value ETF,20.779,Foreign Small/Mid Value,Long,703701.95,,https://www.tradingview.com/chart/?symbol=AMEX%3AAVDV,False,,-15.480454255285709,-15.480454255285709,110.12999725341797,95.43000030517578,99.79128109741211,0.7954542358200833,43.8906089991901,68.90167485792058,False,False,False,False,,
105,IWV,IWV,AMEX:IWV,US,iShares Russell 3000 ETF,20.483,Large Blend,Long,123942.7,,https://www.tradingview.com/chart/?symbol=AMEX%3AIWV,False,,21.497153901674764,21.497153901674764,434.8800048828125,360.1000061035156,379.66322351074217,0.9021051775151742,14.39184117753823,69.7727917665673,True,False,False,False,,
106,OEF,OEF,AMEX:OEF,US,iShares S&P 100 ETF,20.321,Large Blend,Long,195785.4,,https://www.tradingview.com/chart/?symbol=AMEX%3AOEF,False,,34.473316412368284,34.473316412368284,383.9750061035156,308.2200012207031,326.82860266113283,0.9607482437396396,37.509951593910124,65.81971246687466,False,False,False,False,,
107,SOXL,SOXL,AMEX:SOXL,US,Direxion Daily Semiconductor Bull 3X ETF,20.257,Trading--Leveraged Equity,3X Long,52949440.0,,https://www.tradingview.com/chart/?symbol=AMEX%3ASOXL,False,,48.32914259523977,55.7548251201957,146.24000549316406,40.630001068115234,102.03248023986816,0.4059113146652445,-29.825307336435372,79.54189159042674,False,False,False,False,,
108,COWZ,COWZ,AMEX:COWZ,US,Pacer US Cash Cows 100 ETF,19.959,Mid-Cap Value,Long,831648.65,,https://www.tradingview.com/chart/?symbol=AMEX%3ACOWZ,False,,-69.04352346722715,-69.04352346722715,67.52999877929688,61.435001373291016,64.01448054504395,0.5576394659701323,40.567034752858774,72.83537352504938,False,False,False,False,,
109,BBJP,BBJP,AMEX:BBJP,US,JPMorgan BetaBuilders Japan ETF,19.758,Japan Stock,Long,666684.75,,https://www.tradingview.com/chart/?symbol=AMEX%3ABBJP,False,,-15.599368652056574,-15.599368652056574,77.2699966430664,66.2699966430664,69.43239700317383,0.8208954289114164,47.44240717506836,73.12024342136273,False,False,False,False,,
110,IWP,IWP,AMEX:IWP,US,iShares Russell Mid-Cap Growth ETF,19.626,Mid-Cap Growth,Long,811008.1,,https://www.tradingview.com/chart/?symbol=AMEX%3AIWP,False,,15.767864062593938,33.863881311387715,139.1199951171875,123.62000274658203,129.36306253051757,0.6369423856068888,-30.798878560415275,34.615783603690666,False,False,False,False,,
111,VOT,VOT,AMEX:VOT,US,Vanguard Morningstar Mid-Cap Growth ETF,19.529,Mid-Cap Growth,Long,159724.4,,https://www.tradingview.com/chart/?symbol=AMEX%3AVOT,False,,6.085396805622261,25.45252903700461,295.989990234375,249.52000427246094,264.7077832641602,0.7220882456220633,-26.96666121816891,49.764402869835685,False,False,False,False,,
112,VHT,VHT,AMEX:VHT,US,Vanguard Health Care ETF,19.455,Health,Long,207120.15,,https://www.tradingview.com/chart/?symbol=AMEX%3AVHT,False,,30.47496903507236,30.47496903507236,318.44000244140625,265.3800048828125,280.50760632324216,0.8277689938579214,30.69793952951062,62.71163895477809,False,False,False,False,,
113,AVDE,AVDE,AMEX:AVDE,US,Avantis International Equity ETF,19.336,Foreign Large Blend,Long,953200.8,,https://www.tradingview.com/chart/?symbol=AMEX%3AAVDE,False,,-38.33192248435849,-38.33192248435849,91.05000305175781,81.56999969482422,84.67340005493165,0.7209127191565081,25.370987833873503,68.80281800695535,False,False,False,False,,
114,SPHQ,SPHQ,AMEX:SPHQ,US,Invesco S&P 500 Quality ETF,18.922,Large Blend,Long,1431862.65,,https://www.tradingview.com/chart/?symbol=AMEX%3ASPHQ,False,,2.628766848718673,20.462677626425265,84.23999786376953,73.4800033569336,77.39996170043945,0.6478024716309043,-43.06571558256831,72.94564223178564,False,False,False,False,,
115,SPMD,SPMD,AMEX:SPMD,US,State Street SPDR Portfolio S&P 400 Mid Cap ETF,18.739,Mid-Cap Blend,Long,1306087.0,,https://www.tradingview.com/chart/?symbol=AMEX%3ASPMD,False,,-52.123904227391925,-52.123904227391925,63.720001220703125,57.5,60.198659423828126,0.5439442543674707,-34.27328002256477,71.71087621713218,False,False,False,False,,
116,DFAI,DFAI,AMEX:DFAI,US,Dimensional International Core Equity Market ETF,18.389,Foreign Large Blend,Long,1816393.9,,https://www.tradingview.com/chart/?symbol=AMEX%3ADFAI,False,,-56.430569815064835,-56.430569815064835,41.73500061035156,37.665000915527344,39.05386051940918,0.6915889304389593,19.133717084150856,69.74463026021793,False,False,False,False,,
117,ESGU,ESGU,AMEX:ESGU,US,iShares ESG Aware MSCI USA ETF,18.097,Large Blend,Long,351580.65,,https://www.tradingview.com/chart/?symbol=AMEX%3AESGU,False,,26.196482991841332,27.27901165098886,167.8800048828125,137.39700317382812,145.1939698486328,0.9226650187652008,16.54944393663189,70.0925017496637,False,False,False,False,,
118,SPEM,SPEM,AMEX:SPEM,US,State Street SPDR Portfolio Emerging Markets ETF,17.929,Diversified Emerging Mkts,Long,1056716.35,,https://www.tradingview.com/chart/?symbol=AMEX%3ASPEM,False,,9.623088670593063,9.623088670593063,52.279998779296875,45.44499969482422,47.32473973083496,0.8581291843731995,27.360156006377494,67.28690483197319,True,False,False,False,,
119,ZSP,ZSP.TO,TSX:ZSP,TSX,BMO S&P 500 Index ETF,17.807,US Equity,Long,102495.6,,https://www.tradingview.com/chart/?symbol=TSX%3AZSP,False,,59.878982340270795,59.878982340270795,119.4800033569336,96.7300033569336,102.1981229248047,0.9818731893769317,12.734754748545043,72.31466795166635,True,False,False,False,,
120,VTWO,VTWO,AMEX:VTWO,US,Vanguard Russell 2000 ETF,17.544,Small Blend,Long,1142010.7,,https://www.tradingview.com/chart/?symbol=AMEX%3AVTWO,False,,-50.20301909922045,-50.20301909922045,113.79000091552734,96.77999877929688,103.04579949951172,0.640677972920394,-33.292579726086394,71.81923966390859,False,False,False,False,,
121,XEF,XEF.TO,TSX:XEF,TSX,iShares Core MSCI EAFE IMI Index ETF,17.286,Total Market,Long,204264.55,,https://www.tradingview.com/chart/?symbol=TSX%3AXEF,False,,6.774698962605107,6.774698962605107,51.93000030517578,45.130001068115234,47.027440383911134,0.8457713543651018,1.7294901687673694,72.25005619661498,True,False,False,False,,
122,DGRW,DGRW,AMEX:DGRW,US,WisdomTree US Quality Dividend Growth Fund,17.282,Large Blend,Long,434898.85,,https://www.tradingview.com/chart/?symbol=AMEX%3ADGRW,False,,-6.56701913608715,-4.325539206120124,98.11000061035156,85.6500015258789,89.1144815979004,0.8487737619514619,19.661193989099967,69.05367398383054,False,False,False,False,,
123,EFG,EFG,AMEX:EFG,US,iShares MSCI EAFE Growth ETF,17.001,Foreign Large Growth,Long,28804.4,,https://www.tradingview.com/chart/?symbol=AMEX%3AEFG,False,,-12.819192951942759,-12.819192951942759,119.66999816894531,107.6500015258789,112.26380044555664,0.6148337318440856,-20.662834187885945,65.96955002943662,False,False,False,False,,
124,SPSM,SPSM,AMEX:SPSM,US,State Street SPDR Portfolio S&P 600 Small Cap ETF,16.562,Small Blend,Long,1670337.95,,https://www.tradingview.com/chart/?symbol=AMEX%3ASPSM,False,,-67.26150534012304,-67.26150534012304,53.56999969482422,47.0099983215332,49.71927911376953,0.571428523958485,-37.25688237789573,74.6482699808533,False,False,False,False,,
125,XIU,XIU.TO,TSX:XIU,TSX,iShares S&P/TSX 60 Index ETF,16.454,Large Cap,Long,3394011.4,,https://www.tradingview.com/chart/?symbol=TSX%3AXIU,False,,6.486023426779539,6.486023426779539,52.95000076293945,46.22999954223633,48.276120010375976,0.7750864686515114,10.40965148046302,72.99570189003303,True,False,False,False,,
126,IWY,IWY,AMEX:IWY,US,iShares Russell Top 200 Growth ETF,15.936,Large Growth,Long,316418.15,,https://www.tradingview.com/chart/?symbol=AMEX%3AIWY,False,,49.796128368710946,49.796128368710946,295.70001220703125,239.94000244140625,254.6262850341797,0.8960308520253262,12.197703322335888,50.295813136551736,False,False,False,False,,
127,DFUV,DFUV,AMEX:DFUV,US,Dimensional US Marketwide Value ETF,15.855,Large Value,Long,417935.35,,https://www.tradingview.com/chart/?symbol=AMEX%3ADFUV,False,,-63.045951073917784,-63.045951073917784,55.834999084472656,47.5099983215332,49.916019149780276,0.8165765470472308,23.64891716835508,81.26374852585452,False,False,False,False,,
128,SCHV,SCHV,AMEX:SCHV,US,Schwab U.S. Large-Cap Value ETF,15.795,Large Value,Long,2839295.5,,https://www.tradingview.com/chart/?symbol=AMEX%3ASCHV,False,,-48.29167274521334,-48.29167274521334,33.689998626708984,29.90999984741211,31.209180099487305,0.6866481463901052,-13.056165578270608,73.52159565335494,True,False,False,False,,
129,IWS,IWS,AMEX:IWS,US,iShares Russell Mid-Cap Value ETF,15.674,Mid-Cap Value,Long,325583.65,,https://www.tradingview.com/chart/?symbol=AMEX%3AIWS,False,,-62.27194917960233,-62.27194917960233,162.75999450683594,142.3300018310547,149.65898010253906,0.6578649973958589,-7.888384073954218,78.77500636048747,False,False,False,False,,
130,DFAS,DFAS,AMEX:DFAS,US,Dimensional U.S. Small Cap ETF,15.668,Small Blend,Long,419337.1,,https://www.tradingview.com/chart/?symbol=AMEX%3ADFAS,False,,-68.76998829917122,-68.76998829917122,78.375,69.19999694824219,72.80607846069336,0.6004580630633105,-24.244559511718535,72.40921508957808,False,False,False,False,,
131,DFIC,DFIC,AMEX:DFIC,US,Dimensional International Core Equity 2 ETF,15.558,Foreign Large Blend,Long,1212764.65,,https://www.tradingview.com/chart/?symbol=AMEX%3ADFIC,False,,-63.08169077690483,-63.08169077690483,37.98500061035156,34.279998779296875,35.53433935546875,0.6970837496124298,25.875338162422803,68.9581033145128,False,False,False,False,,
132,HDV,HDV,AMEX:HDV,US,iShares Core High Dividend ETF,15.521,Large Value,Long,3980489.25,,https://www.tradingview.com/chart/?symbol=AMEX%3AHDV,True,2026-09-24 09:30,-67.68924044917831,-63.082810677678616,28.329999923706055,26.417999267578125,27.244471458435058,0.5459737905740399,30.609539300211676,67.45185457614757,False,False,False,False,,
133,CIBR,CIBR,AMEX:CIBR,US,First Trust NASDAQ Cybersecurity ETF,15.231,Technology,Long,1638809.45,,https://www.tradingview.com/chart/?symbol=AMEX%3ACIBR,False,,50.78467945691514,58.428986519149255,103.12999725341797,60.599998474121094,70.83531912231444,0.980631682866302,45.21597915097609,57.037828491481456,False,False,False,False,,
134,GSLC,GSLC,AMEX:GSLC,US,TR Activebeta US Large Cap Equity ETF,15.153,Large Blend,Long,196846.9,,https://www.tradingview.com/chart/?symbol=AMEX%3AGSLC,False,,21.797869457112657,21.797869457112657,145.86000061035156,121.63500213623047,128.03178292846678,0.8937463742436401,18.951493935817485,67.29278552156872,False,False,False,False,,
135,SCHM,SCHM,AMEX:SCHM,US,Schwab U.S. Mid-Cap ETF,15.025,Mid-Cap Blend,Long,1542884.6,,https://www.tradingview.com/chart/?symbol=AMEX%3ASCHM,False,,-28.139327826809943,-28.139327826809943,34.45000076293945,29.975000381469727,31.59986043548584,0.6499637229781897,-28.33390332209628,70.41252970371679,False,False,False,False,,
136,DFAT,DFAT,AMEX:DFAT,US,Dimensional U.S. Targeted Value ETF,14.897,Small Value,Long,271444.8,,https://www.tradingview.com/chart/?symbol=AMEX%3ADFAT,False,,-75.1552255593199,-75.1552255593199,67.69999694824219,60.29499816894531,63.23909780883789,0.5935871491013214,-17.25518995840449,73.1173641378548,False,False,False,False,,
137,IWO,IWO,AMEX:IWO,US,iShares Russell 2000 Growth ETF,14.704,Small Growth,Long,382951.95,,https://www.tradingview.com/chart/?symbol=AMEX%3AIWO,False,,-32.04071016951277,-32.04071016951277,360.114990234375,301.0299987792969,323.3319987792969,0.6252380048156415,-39.97769856710298,69.02851941538962,False,False,False,False,,
138,AVUS,AVUS,AMEX:AVUS,US,Avantis U.S. Equity ETF,14.626,Large Blend,Long,281214.5,,https://www.tradingview.com/chart/?symbol=AMEX%3AAVUS,False,,8.141606861475966,8.141606861475966,129.19000244140625,108.0801010131836,113.83375875854492,0.8658729729061565,8.862373392142512,73.2564310971207,False,False,False,False,,
139,IWN,IWN,AMEX:IWN,US,iShares Russell 2000 Value ETF,14.61,Small Value,Long,389647.5,,https://www.tradingview.com/chart/?symbol=AMEX%3AIWN,False,,-66.29693599171293,-66.29693599171293,213.1199951171875,183.33999633789062,193.75467749023437,0.6748242801780295,-23.824918629723793,73.95275804071936,False,False,False,False,,
140,XLP,XLP,AMEX:XLP,US,State Street Consumer Staples Select Sector SPDR ETF,14.575,Consumer Defensive,Long,9355049.05,,https://www.tradingview.com/chart/?symbol=AMEX%3AXLP,False,,-66.97939142633999,-55.41190864291948,81.70999908447266,81.03500366210938,82.55720294189453,0.10465050259399537,-26.669663556968715,57.39142061557377,False,True,False,False,,
141,BAI,BAI,AMEX:BAI,US,iShares A.I. Innovation and Tech Active ETF,14.422,Technology,Long,2517037.0,,https://www.tradingview.com/chart/?symbol=AMEX%3ABAI,False,,48.063942828827244,53.03265941467665,47.09000015258789,31.17259979248047,36.61650663757324,0.6900387151869668,-9.40365383354871,,False,False,False,False,,
142,QQQI,QQQI,AMEX:QQQI,US,NEOS Nasdaq 100 High Income ETF,14.379,Derivative Income,Long,3876140.85,,https://www.tradingview.com/chart/?symbol=AMEX%3AQQQI,False,,30.990873862785747,47.407657321819975,55.56999969482422,48.11000061035156,50.3744208984375,0.7774880808119361,31.365309155611616,,False,False,False,False,,
143,PVAL,PVAL,AMEX:PVAL,US,Putnam Focused Large Cap Value ETF,14.243,Large Value,Long,1432213.15,,https://www.tradingview.com/chart/?symbol=AMEX%3APVAL,False,,-59.75899259229306,-59.75899259229306,53.02000045776367,45.470001220703125,47.61757745361328,0.8296794277387733,21.680999529467968,76.60343282868956,False,False,False,False,,
144,QLD,QLD,AMEX:QLD,US,ProShares Ultra QQQ,14.233,Trading--Leveraged Equity,2X Long,3432575.85,,https://www.tradingview.com/chart/?symbol=AMEX%3AQLD,False,,51.09825197180542,54.89421901318317,96.1050033569336,57.15999984741211,67.39531959533691,0.8979710506953664,4.223939059311543,67.26475550449204,False,False,False,False,,
145,SPTM,SPTM,AMEX:SPTM,US,State Street SPDR Portfolio S&P 1500 Composite Stock Market ETF,14.221,Large Blend,Long,471068.05,,https://www.tradingview.com/chart/?symbol=AMEX%3ASPTM,False,,21.501498451976857,21.501498451976857,92.73500061035156,76.86000061035156,81.00534118652344,0.9037858123251733,14.42674514520406,70.1364208083665,False,False,False,False,,
146,IGV,IGV,AMEX:IGV,US,iShares Expanded Tech-Software Sector ETF,14.212,Technology,Long,11730524.1,,https://www.tradingview.com/chart/?symbol=AMEX%3AIGV,False,,27.94032413365187,51.35869328415822,107.30999755859375,74.45500183105469,82.88374096679688,0.9199215762674644,49.385389227567664,0.09445110139342756,False,False,False,False,,
147,IQLT,IQLT,AMEX:IQLT,US,iShares MSCI Intl Quality Factor ETF,14.12,Foreign Large Blend,Long,1149645.85,,https://www.tradingview.com/chart/?symbol=AMEX%3AIQLT,False,,-25.07317642372099,-25.07317642372099,49.79499816894531,44.560001373291016,46.396081085205076,0.6728788710847863,9.001662731380051,72.94886696927367,False,False,False,False,,
148,PAVE,PAVE,AMEX:PAVE,US,Global X U.S. Infrastructure Development ETF,13.906,Infrastructure,Long,1337193.15,,https://www.tradingview.com/chart/?symbol=AMEX%3APAVE,False,,-32.62380416669547,4.954152507576912,53.06999969482422,49.029998779296875,51.6023991394043,0.3706422339424016,-52.475495569437136,64.42763248695509,False,False,False,False,,
149,MGV,MGV,AMEX:MGV,US,Vanguard Morningstar Mega Cap Value ETF,13.851,Large Value,Long,282850.65,,https://www.tradingview.com/chart/?symbol=AMEX%3AMGV,False,,-45.48329859969474,-45.48329859969474,163.75,142.67999267578125,148.88443469238283,0.8014454346112637,11.531974529757013,78.86622110123604,False,False,False,False,,
150,VFH,VFH,AMEX:VFH,US,Vanguard Financials ETF,13.63,Financial,Long,498169.65,,https://www.tradingview.com/chart/?symbol=AMEX%3AVFH,True,2026-09-24 13:30,-77.82287182574903,-77.82287182574903,132.8800048828125,117.0,123.13953985595703,0.6104172690902031,3.2728404732011476,55.443900021181946,False,False,False,False,,
151,AMLP,AMLP,AMEX:AMLP,US,Alerian MLP ETF,13.594,Energy Limited Partnership,Long,1149814.1,,https://www.tradingview.com/chart/?symbol=AMEX%3AAMLP,True,2026-09-24 09:30,-77.46536150893508,-76.40720491187288,53.400001525878906,50.369998931884766,51.738798751831055,0.5224143090628669,43.30490296327653,75.59839860836111,False,False,False,False,,
152,ESGV,ESGV,AMEX:ESGV,US,Vanguard ESG U.S. Stock ETF,13.535,Large Blend,Long,56725.9,,https://www.tradingview.com/chart/?symbol=AMEX%3AESGV,False,,28.618666418664915,28.618666418664915,136.33999633789062,108.62999725341797,115.51647732543945,0.949622988165549,22.453028615389524,67.43310763195531,False,False,False,False,,
153,ZCN,ZCN.TO,TSX:ZCN,TSX,BMO S&P/TSX Capped Composite Index ETF,13.496,Total Market,Long,242974.3,,https://www.tradingview.com/chart/?symbol=TSX%3AZCN,False,,9.19530573197495,9.19530573197495,47.95000076293945,42.0099983215332,43.789438537597654,0.7877986366253391,15.418229900519563,70.85506398070471,True,False,False,False,,
154,ITA,ITA,AMEX:ITA,US,iShares U.S. Aerospace & Defense ETF,13.377,Industrials,Long,110026.75,,https://www.tradingview.com/chart/?symbol=AMEX%3AITA,False,,-39.08205558960669,-34.983328031172306,212.58999633789062,210.64999389648438,220.70595404052733,0.045529275137699735,-42.001276006247814,57.081374541807726,False,True,False,False,,
155,SCZ,SCZ,AMEX:SCZ,US,iShares MSCI EAFE Small-Cap ETF,13.125,Foreign Small/Mid Blend,Long,1017203.35,,https://www.tradingview.com/chart/?symbol=AMEX%3ASCZ,False,,-23.27626432899253,-23.27626432899253,84.68000030517578,75.91000366210938,78.66176272583007,0.7521440503461692,21.61990649844145,66.7903738478942,False,False,False,False,,
156,SCHE,SCHE,AMEX:SCHE,US,Schwab Emerging Markets Equity ETF,13.075,Diversified Emerging Mkts,Long,2827658.3,,https://www.tradingview.com/chart/?symbol=AMEX%3ASCHE,False,,8.734246238247959,8.734246238247959,36.775001525878906,31.875,33.22492028808594,0.8566434405894373,27.684119010241716,66.60728280932524,False,False,False,False,,
157,VCN,VCN.TO,TSX:VCN,TSX,Vanguard FTSE Canada All Cap Index ETF,13.034,Total Market,Long,151641.95,,https://www.tradingview.com/chart/?symbol=TSX%3AVCN,False,,-7.655868538867371,-6.244509211848331,72.45999908447266,63.439998626708984,66.22479844665527,0.7644068678779516,15.525934994054388,70.86523422931127,True,False,False,False,,
158,DFAU,DFAU,AMEX:DFAU,US,Dimensional US Core Equity Market ETF,12.886,Large Blend,Long,477635.2,,https://www.tradingview.com/chart/?symbol=AMEX%3ADFAU,False,,11.975025159480888,11.975025159480888,52.720001220703125,43.86000061035156,46.21646075439453,0.8873310033818426,13.383461602796915,70.32562204400568,False,False,False,False,,
159,DUHP,DUHP,AMEX:DUHP,US,Dimensional US High Profitability ETF,12.821,Large Blend,Long,622546.9,,https://www.tradingview.com/chart/?symbol=AMEX%3ADUHP,False,,21.877432946379354,33.24841697903015,42.14500045776367,35.82500076293945,37.48762033081055,0.8970903246906548,6.084762858846292,69.56321900477253,False,False,False,False,,
160,DFAX,DFAX,AMEX:DFAX,US,Dimensional World ex U.S. Core Equity 2 ETF,12.708,Foreign Large Blend,Long,575785.5,,https://www.tradingview.com/chart/?symbol=AMEX%3ADFAX,False,,-24.41703783986169,-24.41703783986169,37.310001373291016,32.959999084472656,34.305199264526365,0.7631581941359411,25.55622650681539,71.07964436497211,False,False,False,False,,
161,ACWX,ACWX,AMEX:ACWX,US,iShares MSCI ACWI ex U.S. ETF,12.631,Foreign Large Blend,Long,1787123.55,,https://www.tradingview.com/chart/?symbol=AMEX%3AACWX,False,,-5.363534117468929,-5.363534117468929,76.20999908447266,66.30000305175781,69.18392153930664,0.8109657307646443,17.399150446398725,72.35504560353152,False,False,False,False,,
162,ESGD,ESGD,AMEX:ESGD,US,iShares ESG Aware MSCI EAFE ETF,12.275,Foreign Large Blend,Long,284110.2,,https://www.tradingview.com/chart/?symbol=AMEX%3AESGD,False,,-29.14823324501201,-29.14823324501201,103.66000366210938,92.20500183105469,95.89722103881836,0.7321830801498668,11.041072419067383,70.38760468669459,False,False,False,False,,
163,EWT,EWT,AMEX:EWT,US,iShares MSCI Taiwan ETF,12.142,Greater China Region,Long,3666142.5,,https://www.tradingview.com/chart/?symbol=AMEX%3AEWT,False,,33.60132055354769,33.60132055354769,113.08000183105469,68.93499755859375,79.95737799072265,0.9451879358049489,48.08095231632067,88.96213515791412,False,False,False,False,,
164,VSS,VSS,AMEX:VSS,US,Vanguard FTSE All-World ex-US Small-Cap ETF,12.121,Foreign Small/Mid Blend,Long,262643.45,,https://www.tradingview.com/chart/?symbol=AMEX%3AVSS,False,,-8.471556144173368,-8.471556144173368,156.11000061035156,141.52999877929688,146.500158203125,0.6923078595089944,11.101900624938828,61.535162963254926,False,False,False,False,,
165,MOAT,MOAT,AMEX:MOAT,US,VanEck Morningstar Wide Moat ETF,12.073,Large Blend,Long,133553.45,,https://www.tradingview.com/chart/?symbol=AMEX%3AMOAT,False,,-39.04635739466316,-37.03329921307809,107.1500015258789,94.29000091552734,99.26488134765626,0.6100569019593934,13.549500534361227,60.40712132098705,False,False,False,False,,
166,CGUS,CGUS,AMEX:CGUS,US,Capital Group Core Equity ETF,12.049,Large Blend,Long,1304013.5,,https://www.tradingview.com/chart/?symbol=AMEX%3ACGUS,False,,13.375422077797813,15.826415447037588,44.689998626708984,37.36000061035156,39.50052053833008,0.8081585736480535,-14.021117967920844,69.48600586324513,False,False,False,False,,
167,CGGO,CGGO,AMEX:CGGO,US,Capital Group Global Growth Equity ETF,12.022,Global Large-Stock Growth,Long,1058514.3,,https://www.tradingview.com/chart/?symbol=AMEX%3ACGGO,False,,17.08285690732427,22.978488844807533,39.9900016784668,32.099998474121094,34.580358978271484,0.7507137583870693,-26.05934643197945,72.07544837582091,False,False,False,False,,
168,GRID,GRID,AMEX:GRID,US,First Trust Nasdaq Clean Edge Smart GRID Infrastructure Index,11.931,Infrastructure,Long,555452.0,,https://www.tradingview.com/chart/?symbol=AMEX%3AGRID,False,,23.363143746664267,23.363143746664267,178.3300018310547,157.625,167.53909942626953,0.49287184060121425,-37.971677347001666,64.7545776843305,False,False,False,False,,
169,SPYI,SPYI,AMEX:SPYI,US,NEOS S&P 500 High Income ETF,11.836,Derivative Income,Long,2265085.15,,https://www.tradingview.com/chart/?symbol=AMEX%3ASPYI,False,,-0.04229639561897969,12.720832525410094,53.42499923706055,47.97999954223633,49.49747961425781,0.8468117319436682,38.70993904262974,69.50615236861726,False,False,False,False,,
170,XSP,XSP.TO,TSX:XSP,TSX,iShares Core S&P 500 Index ETF (CAD-Hedged),11.729,US Equity,Long,114496.1,,https://www.tradingview.com/chart/?symbol=TSX%3AXSP,False,,29.57959517958471,29.57959517958471,77.26000213623047,64.23999786376953,67.55107757568359,0.9280117894004155,15.664439676681852,67.31394083547764,True,False,False,False,,
171,PBUS,PBUS,AMEX:PBUS,US,Invesco MSCI USA ETF,11.719,Large Blend,Long,161187.85,,https://www.tradingview.com/chart/?symbol=AMEX%3APBUS,False,,26.893261052300762,26.893261052300762,76.9800033569336,63.310001373291016,66.7862812652588,0.9280381811585027,20.289037808956547,69.61934721861854,False,False,False,False,,
172,NOBL,NOBL,AMEX:NOBL,US,ProShares S&P 500 Dividend Aristocrats ETF,11.577,Large Value,Long,119721.65,,https://www.tradingview.com/chart/?symbol=AMEX%3ANOBL,False,,-69.33526078076996,-69.33526078076996,54.724998474121094,52.084999084472656,53.74053894042969,0.37633636769008233,-14.749226365991442,69.76924676780197,False,False,False,False,,
173,SDVY,SDVY,AMEX:SDVY,US,First Trust SMID Cap Rising Dividend Achievers ETF,11.559,Small Value,Long,828009.0,,https://www.tradingview.com/chart/?symbol=AMEX%3ASDVY,False,,-71.64894406542015,-71.64894406542015,41.02000045776367,38.5099983215332,40.02511878967285,0.3909659440332984,-32.685972210470936,66.28417639116971,False,False,False,False,,
174,FENI,FENI,AMEX:FENI,US,Fidelity Enhanced International ETF,11.465,Foreign Large Blend,Long,1074497.55,,https://www.tradingview.com/chart/?symbol=AMEX%3AFENI,False,,-44.1707439582194,-44.1707439582194,40.10499954223633,35.91999816894531,37.35605885314941,0.6877566769708372,7.0183637701782375,,False,False,False,False,,
175,BBCA,BBCA,AMEX:BBCA,US,JPMorgan BetaBuilders Canada ETF,11.394,Focused Region,Long,75418.3,,https://www.tradingview.com/chart/?symbol=AMEX%3ABBCA,False,,-54.273120373180575,-54.273120373180575,102.25,91.52999877929688,95.38859841918945,0.6556576282053376,14.068995143236704,70.2929085701714,False,False,False,False,,
176,JIRE,JIRE,AMEX:JIRE,US,JPMorgan International Research Enhanced Equity ETF,11.293,Foreign Large Blend,Long,343991.4,,https://www.tradingview.com/chart/?symbol=AMEX%3AJIRE,False,,-37.38791451056797,-37.38791451056797,82.16000366210938,72.87000274658203,75.95806253051758,0.7099733714579579,4.06383553122138,69.20090684624661,False,False,False,False,,
177,VFLO,VFLO,AMEX:VFLO,US,VictoryShares Free Cash Flow ETF,11.269,Mid-Cap Value,Long,2255343.8,,https://www.tradingview.com/chart/?symbol=AMEX%3AVFLO,False,,-69.11819176940075,-69.11819176940075,51.61000061035156,38.628700256347656,42.766086959838866,0.7404642357843431,46.34224358612386,,False,False,False,False,,
178,SCHH,SCHH,AMEX:SCHH,US,Schwab U.S. REIT ETF,11.197,Real Estate,Long,5052361.6,,https://www.tradingview.com/chart/?symbol=AMEX%3ASCHH,False,,-77.2282272095929,-77.2282272095929,22.350000381469727,21.09000015258789,22.00450015258789,0.3251613493888609,-56.14535523757095,79.70574657233652,False,False,False,False,,
179,XLG,XLG,AMEX:XLG,US,Invesco S&P 500 Top 50 ETF,11.186,Large Blend,Long,1139683.45,,https://www.tradingview.com/chart/?symbol=AMEX%3AXLG,False,,42.229590521318464,42.229590521318464,63.95000076293945,52.83000183105469,55.605360534667966,0.94557858215162,35.73968849840945,57.001166211735914,False,False,False,False,,
180,XBI,XBI,AMEX:XBI,US,State Street SPDR S&P Biotech ETF,10.998,Health,Long,8055291.35,,https://www.tradingview.com/chart/?symbol=AMEX%3AXBI,False,,-9.585389658691271,-9.585389658691271,155.97000122070312,118.62000274658203,130.6442038269043,0.733071543049772,18.99833343428538,72.42589978090972,False,False,False,False,,
181,VDE,VDE,AMEX:VDE,US,Vanguard Energy ETF,10.926,Equity Energy,Long,458027.3,,https://www.tradingview.com/chart/?symbol=AMEX%3AVDE,False,,-64.1672666092215,-58.48186754787509,175.44000244140625,149.33999633789062,157.89499633789063,0.7200001683728449,56.94063966848889,78.99882671853247,False,False,False,False,,
182,ONEQ,ONEQ,AMEX:ONEQ,US,Fidelity Nasdaq Composite Index ETF,10.809,Large Growth,Long,185141.3,,https://www.tradingview.com/chart/?symbol=AMEX%3AONEQ,False,,45.41922711762438,45.41922711762438,106.12999725341797,81.83000183105469,87.8456413269043,0.9533149258086965,24.31809462420831,65.66391096922372,False,False,False,False,,
183,IJK,IJK,AMEX:IJK,US,iShares S&P Mid-Cap 400 Growth ETF,10.748,Mid-Cap Growth,Long,197416.65,,https://www.tradingview.com/chart/?symbol=AMEX%3AIJK,False,,-16.26695712132477,7.090043689963473,110.43000030517578,97.19999694824219,102.38845709228515,0.6017740727605116,-37.00439193862235,72.16354135767791,False,False,False,False,,
184,IBB,IBB,AMEX:IBB,US,iShares Biotechnology ETF,10.734,Health,Long,1531582.5,,https://www.tradingview.com/chart/?symbol=AMEX%3AIBB,False,,18.92147450185299,28.57157164613516,209.25999450683594,160.4199981689453,173.7752373046875,0.8630499999730362,42.61431449268507,68.97929920863047,False,False,False,False,,
185,IGM,IGM,AMEX:IGM,US,iShares Expanded Tech Sector ETF,10.682,Technology,Long,248038.6,,https://www.tradingview.com/chart/?symbol=AMEX%3AIGM,False,,60.19002330361997,60.19002330361997,169.3000030517578,113.37999725341797,126.96887948608398,0.9711704864645845,33.63875943333069,72.44702066697285,False,False,False,False,,
186,FNDE,FNDE,AMEX:FNDE,US,Schwab Fundamental Emerging Markets Equity ETF,10.536,Diversified Emerging Mkts,Long,1551985.35,,https://www.tradingview.com/chart/?symbol=AMEX%3AFNDE,False,,-3.538518978616468,-3.538518978616468,42.08000183105469,36.71500015258789,38.21596029663086,0.8435536420758669,58.12143691991943,68.89379426837671,False,False,False,False,,
187,IGF,IGF,AMEX:IGF,US,iShares Global Infrastructure ETF,10.522,Infrastructure,Long,660418.7,,https://www.tradingview.com/chart/?symbol=AMEX%3AIGF,False,,-70.81193089316479,-70.81193089316479,62.19499969482422,62.19499969482422,63.87886019897461,0.0,-78.41312699056748,54.84681969285011,False,True,True,False,,"WATCH: weekly+band ok, waiting on 4h dot"
188,FDVV,FDVV,AMEX:FDVV,US,Fidelity High Dividend ETF,10.517,Large Value,Long,687722.3,,https://www.tradingview.com/chart/?symbol=AMEX%3AFDVV,False,,-71.70981473116244,-71.70981473116244,61.220001220703125,53.880001068115234,56.34384074401856,0.7030652411974204,0.8181552128232704,70.65848810648373,False,False,False,False,,
189,MGC,MGC,AMEX:MGC,US,Vanguard Morningstar Mega Cap ETF,10.391,Large Blend,Long,66729.4,,https://www.tradingview.com/chart/?symbol=AMEX%3AMGC,False,,39.506023288460504,39.506023288460504,284.5899963378906,229.30999755859375,242.87999755859374,0.9613912831182065,31.844432591745534,68.50676248123257,False,False,False,False,,
190,DFAE,DFAE,AMEX:DFAE,US,Dimensional Emerging Core Equity Market ETF,10.165,Diversified Emerging Mkts,Long,801425.65,,https://www.tradingview.com/chart/?symbol=AMEX%3ADFAE,False,,4.860401501194323,4.860401501194323,39.5,32.69499969482422,34.8921600189209,0.7309344040161257,28.95922572669738,73.70475616103653,False,False,False,False,,
191,AIQ,AIQ,AMEX:AIQ,US,Global X Artificial Intelligence & Technology ETF,10.143,Technology,Long,1092338.55,,https://www.tradingview.com/chart/?symbol=AMEX%3AAIQ,False,,49.754037121284604,51.29532102257267,65.9800033569336,44.779998779296875,50.76259841918945,0.8362921441308584,30.823058551920838,73.19895422386105,False,False,False,False,,
192,PRF,PRF,AMEX:PRF,US,Invesco RAFI US 1000 ETF,10.054,Large Value,Long,263684.7,,https://www.tradingview.com/chart/?symbol=AMEX%3APRF,False,,-63.71056222358872,-63.71056222358872,55.119998931884766,46.53969955444336,48.89741017150879,0.8588631015270933,25.5874562495592,77.81342222219283,False,False,False,False,,
193,RWL,RWL,AMEX:RWL,US,Invesco S&P 500 Revenue ETF,10.001,Large Value,Long,231502.25,,https://www.tradingview.com/chart/?symbol=AMEX%3ARWL,False,,-73.64299688057109,-73.64299688057109,130.11000061035156,112.55000305175781,118.04408276367188,0.7542954673266574,17.904007381336708,76.59555892753961,False,False,False,False,,
194,JGRO,JGRO,AMEX:JGRO,US,JPMorgan Active Growth ETF,9.973,Large Growth,Long,485607.55,,https://www.tradingview.com/chart/?symbol=AMEX%3AJGRO,False,,52.252908380330744,52.252908380330744,96.88999938964844,81.54000091552734,85.78210055541992,0.8539638262679545,-12.174267428646495,43.34581171299368,False,False,False,False,,
195,ZEA,ZEA.TO,TSX:ZEA,TSX,BMO MSCI EAFE Index ETF,9.918,Total Market,Long,55692.85,,https://www.tradingview.com/chart/?symbol=TSX%3AZEA,False,,7.685936557160425,7.685936557160425,31.649999618530273,27.450000762939453,28.615840438842774,0.8502024338393085,-1.6953429675749125,72.57695507144149,True,False,False,False,,
196,EZU,EZU,AMEX:EZU,US,iShares MSCI Eurozone ETF,9.906,Europe Stock,Long,817469.75,,https://www.tradingview.com/chart/?symbol=AMEX%3AEZU,False,,-31.198114578451044,-31.198114578451044,68.20500183105469,60.244998931884766,63.015639328002926,0.6780240000961798,-7.3860790850381015,67.00243922132604,False,False,False,False,,
197,VLUE,VLUE,AMEX:VLUE,US,iShares MSCI USA Value Factor ETF,9.815,Large Value,Long,290951.9,,https://www.tradingview.com/chart/?symbol=AMEX%3AVLUE,False,,-1.191492003474621,6.299764659753552,200.50999450683594,138.5,154.312,0.9255223060721782,38.357138489900564,90.47545789798555,False,False,False,False,,
198,DFEM,DFEM,AMEX:DFEM,US,Dimensional Emerging Markets Core Equity 2 ETF,9.656,Diversified Emerging Mkts,Long,780231.8,,https://www.tradingview.com/chart/?symbol=AMEX%3ADFEM,False,,-0.07499739407736665,-0.07499739407736665,39.849998474121094,33.40999984741211,35.535180099487306,0.7151580080885975,26.989118546307278,72.85711001371934,False,False,False,False,,
199,GDXJ,GDXJ,AMEX:GDXJ,US,VanEck Junior Gold Miners ETF,9.635,Equity Precious Metals,Long,4505808.75,,https://www.tradingview.com/chart/?symbol=AMEX%3AGDXJ,False,,-19.225956495351227,-19.225956495351227,119.83999633789062,91.69499969482422,102.11793991088867,0.6372692416988337,32.11097017081304,42.5278994134809,False,False,False,False,,
200,IXN,IXN,AMEX:IXN,US,iShares Global Tech ETF,9.474,Technology,Long,461190.2,,https://www.tradingview.com/chart/?symbol=AMEX%3AIXN,False,,51.74394336345682,51.94574274117872,147.22500610351562,95.80999755859375,108.54219683837891,0.9530122604872009,36.284023594196846,79.11359837111007,False,False,False,False,,
201,BBEU,BBEU,AMEX:BBEU,US,JPMorgan BetaBuilders Europe ETF,9.446,Europe Stock,Long,100846.45,,https://www.tradingview.com/chart/?symbol=AMEX%3ABBEU,False,,-53.01761399566408,-53.01761399566408,76.76000213623047,69.77999877929688,72.49399877929687,0.6069568136463994,-4.241690911707131,67.15185791372095,False,False,False,False,,
202,AIRR,AIRR,AMEX:AIRR,US,First Trust RBA American Industrial Renaissance ETF,9.432,Industrials,Long,721053.35,,https://www.tradingview.com/chart/?symbol=AMEX%3AAIRR,False,,-38.58762008386373,-38.58762008386373,104.3949966430664,104.3949966430664,111.22129916381836,0.0,-66.62608257915667,57.11584471520347,False,True,True,False,,
203,DBEF,DBEF,AMEX:DBEF,US,Xtrackers MSCI EAFE Hedged Equity ETF,9.372,Foreign Large Blend,Long,396183.65,,https://www.tradingview.com/chart/?symbol=AMEX%3ADBEF,False,,10.818657860206892,10.818657860206892,55.13999938964844,47.525001525878906,49.68322073364258,0.8326955340703273,0.9378870020195574,74.42484864662758,False,False,False,False,,
204,IEUR,IEUR,AMEX:IEUR,US,iShares Core MSCI Europe ETF,9.323,Europe Stock,Long,1056704.55,,https://www.tradingview.com/chart/?symbol=AMEX%3AIEUR,False,,-35.31798526915964,-35.31798526915964,74.80999755859375,67.51000213623047,70.16972134399414,0.6477371425708833,-3.7108171476947476,67.15378387657424,False,False,False,False,,
205,BBUS,BBUS,AMEX:BBUS,US,JPMorgan BetaBuilders U.S. Equity ETF,9.236,Large Blend,Long,140946.15,,https://www.tradingview.com/chart/?symbol=AMEX%3ABBUS,False,,24.004917249962094,24.004917249962094,138.52999877929688,113.88999938964844,120.14872039794922,0.929109932883203,21.77784141366631,69.2533186765204,False,False,False,False,,
206,FNDA,FNDA,AMEX:FNDA,US,Schwab Fundamental U.S. Small Company ETF,9.145,Small Blend,Long,1164911.75,,https://www.tradingview.com/chart/?symbol=AMEX%3AFNDA,False,,-60.00875807685694,-60.00875807685694,35.41999816894531,31.610000610351562,33.24548068237305,0.5497831732775239,-41.86872886175558,70.56895149346583,False,False,False,False,,
207,VIGI,VIGI,AMEX:VIGI,US,Vanguard International Dividend Appreciation ETF,9.145,Foreign Large Growth,Long,236288.8,,https://www.tradingview.com/chart/?symbol=AMEX%3AVIGI,False,,-63.859047167053575,-63.859047167053575,94.9749984741211,85.4800033569336,88.89256314086914,0.6566387080469013,13.998320627147065,70.70762649890348,False,False,False,False,,
208,IOO,IOO,AMEX:IOO,US,iShares Global 100 ETF,9.128,Global Large-Stock Blend,Long,257884.7,,https://www.tradingview.com/chart/?symbol=AMEX%3AIOO,False,,18.101261630629736,18.101261630629736,144.1699981689453,117.01000213623047,123.89648220825195,0.9307743573908517,28.979478897057646,70.04289372212037,False,False,False,False,,
209,SSO,SSO,AMEX:SSO,US,ProShares Ultra S&P 500,9.115,Trading--Leveraged Equity,2X Long,2811804.4,,https://www.tradingview.com/chart/?symbol=AMEX%3ASSO,False,,25.83587393154218,25.83587393154218,70.26499938964844,49.064998626708984,54.59801945495605,0.9042438724451335,14.29930610088507,68.10522798386536,False,False,False,False,,
210,IJJ,IJJ,AMEX:IJJ,US,iShares S&P Mid-Cap 400 Value ETF,8.87,Mid-Cap Value,Long,118020.7,,https://www.tradingview.com/chart/?symbol=AMEX%3AIJJ,False,,-64.50847403524256,-64.50847403524256,139.7899932861328,128.19500732421875,133.72802545166016,0.49456130885244365,-36.34900429116067,69.9393093506728,False,False,False,False,,
211,JQUA,JQUA,AMEX:JQUA,US,JPMorgan U.S. Quality Factor ETF,8.799,Large Blend,Long,529272.05,,https://www.tradingview.com/chart/?symbol=AMEX%3AJQUA,False,,39.883288489932,40.17152045795319,74.2020034790039,59.93000030517578,63.60215972900391,0.9172239982740699,24.108998661649508,79.41769896736001,False,False,False,False,,
212,TCAF,TCAF,AMEX:TCAF,US,T. Rowe Price Capital Appreciation Equity ETF,8.775,Large Blend,Long,555420.85,,https://www.tradingview.com/chart/?symbol=AMEX%3ATCAF,False,,14.462185555538602,14.462185555538602,42.54499816894531,34.54499816894531,36.54391845703125,0.9445098992956097,25.096727518338763,,False,False,False,False,,
213,VPL,VPL,AMEX:VPL,US,Vanguard FTSE Pacific ETF,8.773,Focused Region,Long,410883.2,,https://www.tradingview.com/chart/?symbol=AMEX%3AVPL,False,,1.517590868838073,1.517590868838073,115.30999755859375,94.41000366210938,100.6545400390625,0.7898742615663904,37.45918602700751,77.82089627294467,False,False,False,False,,
214,VONE,VONE,AMEX:VONE,US,Vanguard Russell 1000 ETF,8.749,Large Blend,Long,75694.65,,https://www.tradingview.com/chart/?symbol=AMEX%3AVONE,False,,20.61003562665698,20.61003562665698,346.70001220703125,286.67999267578125,302.1875578613281,0.9134073879358309,17.212148055908937,69.44709913399345,False,False,False,False,,
215,IDV,IDV,AMEX:IDV,US,iShares International Select Dividend ETF,8.744,Foreign Large Value,Long,566816.45,,https://www.tradingview.com/chart/?symbol=AMEX%3AIDV,True,2026-09-24 09:30,-76.36369158525835,-75.055046115931,43.13999938964844,40.790000915527344,41.86852084350586,0.5142228951968201,32.34630374192192,67.80929361070072,False,False,False,False,,
216,XLB,XLB,AMEX:XLB,US,State Street Materials Select Sector SPDR ETF,8.723,Natural Resources,Long,10776782.05,,https://www.tradingview.com/chart/?symbol=AMEX%3AXLB,False,,-62.46719827036768,-41.214875383331965,49.689998626708984,46.9900016784668,48.577101318359375,0.4014866261505073,-10.360427558958238,60.29511235976717,False,False,False,False,,
217,EWZ,EWZ,AMEX:EWZ,US,iShares MSCI Brazil ETF,8.618,Focused Region,Long,25141111.9,,https://www.tradingview.com/chart/?symbol=AMEX%3AEWZ,False,,-23.833300275340708,-23.833300275340708,36.900001525878906,33.51499938964844,35.474979461669925,0.407586033936795,46.73978035926947,52.50644451650726,False,False,False,False,,
218,DFSV,DFSV,AMEX:DFSV,US,Dimensional US Small Cap Value ETF,8.608,Small Value,Long,837131.8,,https://www.tradingview.com/chart/?symbol=AMEX%3ADFSV,True,2026-09-24 13:30,-77.16975910155911,-77.16975910155911,38.2400016784668,33.779998779296875,35.45205946350097,0.6294990930338864,-12.620683962224723,73.19722760230083,False,False,False,False,,
219,FELC,FELC,AMEX:FELC,US,Fidelity Enhanced Large Cap Core ETF,8.565,Large Blend,Long,632209.2,,https://www.tradingview.com/chart/?symbol=AMEX%3AFELC,False,,15.8727551675195,15.8727551675195,43.58000183105469,35.2400016784668,37.358101318359374,0.9292480858504673,29.689469837309215,,False,False,False,False,,
220,CORO,CORO,AMEX:CORO,US,iShares International Country Rotation Active ETF,8.507,Foreign Large Blend,Long,722265.1,,https://www.tradingview.com/chart/?symbol=AMEX%3ACORO,False,,-3.8138647669071104,-3.8138647669071104,36.58000183105469,31.1200008392334,32.636583793640135,0.8496470505128995,24.947829814131623,,False,False,False,False,,
221,VIU,VIU.TO,TSX:VIU,TSX,Vanguard FTSE Developed All Cap Ex North America Index ETF,8.37,Total Market,Long,161707.7,,https://www.tradingview.com/chart/?symbol=TSX%3AVIU,False,,5.083142583562456,5.083142583562456,50.11000061035156,42.58000183105469,44.77716125488281,0.8088078145999279,8.89314555558693,75.30076746984342,False,False,False,False,,
222,QYLD,QYLD,AMEX:QYLD,US,Global X NASDAQ 100 Covered Call ETF,8.346,Derivative Income,Long,4004806.6,,https://www.tradingview.com/chart/?symbol=AMEX%3AQYLD,False,,40.4609065191049,40.4609065191049,18.524999618530273,16.69499969482422,17.133959838867188,0.9838706038704809,59.10222959365033,72.90631765533449,False,False,False,False,,
223,VPU,VPU,AMEX:VPU,US,Vanguard Utilities ETF,8.326,Utilities,Long,244056.45,,https://www.tradingview.com/chart/?symbol=AMEX%3AVPU,False,,-78.48187801680349,-78.48187801680349,170.82000732421875,170.82000732421875,178.94902545166016,0.0,-70.59513488043407,34.93363835215265,False,True,True,False,,"WATCH: weekly+band ok, waiting on 4h dot"
224,URTH,URTH,AMEX:URTH,US,iShares MSCI World ETF,8.305,Global Large-Stock Blend,Long,367201.7,,https://www.tradingview.com/chart/?symbol=AMEX%3AURTH,False,,13.766073407805896,13.766073407805896,207.64999389648438,174.9499969482422,183.59231939697264,0.8929543332323582,17.44707446818901,69.90159822305331,False,False,False,False,,
225,IJS,IJS,AMEX:IJS,US,iShares S&P Small-Cap 600 Value ETF,8.304,Small Value,Long,158588.45,,https://www.tradingview.com/chart/?symbol=AMEX%3AIJS,False,,-67.28210786684987,-67.28210786684987,129.8699951171875,114.51000213623047,120.68730105590821,0.5868193187087943,-29.125856600272254,71.48363831318358,False,False,False,False,,
226,IJT,IJT,AMEX:IJT,US,iShares S&P Small-Cap 600 Growth ETF,8.254,Small Growth,Long,177090.85,,https://www.tradingview.com/chart/?symbol=AMEX%3AIJT,False,,-46.44564567896138,-46.44564567896138,162.22999572753906,139.92999267578125,149.13399267578126,0.5717949500450721,-42.725334049538056,76.8261631810539,False,False,False,False,,
227,FMDE,FMDE,AMEX:FMDE,US,Fidelity Enhanced Mid Cap Core ETF,8.219,Mid-Cap Blend,Long,750094.85,,https://www.tradingview.com/chart/?symbol=AMEX%3AFMDE,False,,-50.13963123991804,-50.13963123991804,40.755001068115234,34.97999954223633,36.8632794342041,0.7236844432525507,2.2934150515293545,,False,False,False,False,,
228,XLRE,XLRE,AMEX:XLRE,US,State Street Real Estate Select Sector SPDR ETF,8.208,Real Estate,Long,5019824.25,,https://www.tradingview.com/chart/?symbol=AMEX%3AXLRE,False,,-76.76459165413097,-76.76459165413097,41.65999984741211,40.0099983215332,41.50033889770508,0.2612828009471802,-57.480195870906776,72.66885810008675,False,False,False,False,,
229,COPX,COPX,AMEX:COPX,US,Global X Copper Miners ETF,8.12,Natural Resources,Long,3040092.2,,https://www.tradingview.com/chart/?symbol=AMEX%3ACOPX,False,,-4.0675432721676055,-4.0675432721676055,86.2300033569336,69.05999755859375,75.52639791870118,0.626642512487564,23.855631617305026,61.74304904437694,False,False,False,False,,
230,FVD,FVD,AMEX:FVD,US,First Trust Value Line Dividend Index Fund,8.051,Mid-Cap Value,Long,488302.35,,https://www.tradingview.com/chart/?symbol=AMEX%3AFVD,False,,-75.40022436571194,-75.40022436571194,47.38999938964844,46.36000061035156,47.46802053833008,0.21938207587794917,-16.55577722660897,68.91740016148945,False,True,False,False,,
231,FDL,FDL,AMEX:FDL,US,First Trust Morningstar Dividend Leaders Index Fund,8.04,Large Value,Long,582114.8,,https://www.tradingview.com/chart/?symbol=AMEX%3AFDL,False,,-77.05737835190352,-77.05737835190352,49.665000915527344,48.650001525878906,49.785160949707034,0.21101869123301228,21.1189628250046,73.20431505220733,False,True,False,False,,
232,VIS,VIS,AMEX:VIS,US,Vanguard Industrials ETF,8.023,Industrials,Long,95321.0,,https://www.tradingview.com/chart/?symbol=AMEX%3AVIS,False,,-20.923589691805088,-7.522224236824639,324.5450134277344,301.8299865722656,315.6855517578125,0.38690203294504133,-50.03541205285946,65.21427255721417,False,False,False,False,,
233,DIVO,DIVO,AMEX:DIVO,US,Amplify CWP Enhanced Dividend Income ETF,7.948,Derivative Income,Long,763237.55,,https://www.tradingview.com/chart/?symbol=AMEX%3ADIVO,False,,-56.15828641248276,-56.15828641248276,46.939998626708984,44.02000045776367,45.15280027770996,0.6083330485555408,28.59837177948735,66.90999621751153,False,False,False,False,,
234,PPA,PPA,AMEX:PPA,US,Invesco Aerospace & Defense ETF,7.89,Industrials,Long,194455.65,,https://www.tradingview.com/chart/?symbol=AMEX%3APPA,False,,-30.907078727601675,-30.907078727601675,159.0399932861328,159.0,165.14543841552734,0.0015358408772751218,-41.1553292506613,54.50253133639277,False,True,False,False,,
235,FTCS,FTCS,AMEX:FTCS,US,First Trust Capital Strength ETF,7.854,Large Blend,Long,309918.65,,https://www.tradingview.com/chart/?symbol=AMEX%3AFTCS,False,,-69.67837568676502,-69.67837568676502,94.87000274658203,91.45999908447266,94.01894763183594,0.31448888063303626,-2.2412444693220053,62.91779334574562,False,False,False,False,,
236,VDC,VDC,AMEX:VDC,US,Vanguard Consumer Staples ETF,7.832,Consumer Defensive,Long,140908.8,,https://www.tradingview.com/chart/?symbol=AMEX%3AVDC,False,,-54.519289403186555,-50.26776726889849,221.16009521484375,220.86000061035156,224.50501873779297,0.01942989696730794,-35.46222334754372,55.61983179581258,False,True,False,False,,
237,SPYD,SPYD,AMEX:SPYD,US,State Street SPDR Portfolio S&P 500 High Dividend ETF,7.601,Mid-Cap Value,Long,755859.35,,https://www.tradingview.com/chart/?symbol=AMEX%3ASPYD,False,,-80.38785135611027,-79.0175937228981,46.04499816894531,44.650001525878906,46.075440841674805,0.23095981997651813,-19.176864602440293,77.51425038182627,False,True,False,False,,
238,HEFA,HEFA,AMEX:HEFA,US,iShares Currency Hedged MSCI EAFE ETF,7.596,Foreign Large Blend,Long,705220.0,,https://www.tradingview.com/chart/?symbol=AMEX%3AHEFA,False,,9.633742657136501,9.633742657136501,46.665000915527344,40.875,42.55272427368164,0.8144605388976712,2.8676984571049196,74.48370431744846,False,False,False,False,,
239,FBCG,FBCG,AMEX:FBCG,US,Fidelity Blue Chip Growth ETF,7.435,Large Growth,Long,236270.95,,https://www.tradingview.com/chart/?symbol=AMEX%3AFBCG,False,,46.299140807419754,46.299140807419754,63.5099983215332,47.86000061035156,51.72096075439453,0.9566012914008892,10.881333275766423,63.01450699773613,False,False,False,False,,
240,XMMO,XMMO,AMEX:XMMO,US,Invesco S&P MidCap Momentum ETF,7.384,Mid-Cap Blend,Long,309466.1,,https://www.tradingview.com/chart/?symbol=AMEX%3AXMMO,False,,-39.92085309727265,-39.92085309727265,146.6199951171875,139.14999389648438,147.33683447265625,0.21533585168581237,-59.41519655403181,63.260628031113605,False,True,False,False,,
241,GUNR,GUNR,AMEX:GUNR,US,Northern Trust Morningstar Global Upstream Natural Resources ETF,7.355,Natural Resources,Long,314991.5,,https://www.tradingview.com/chart/?symbol=AMEX%3AGUNR,False,,-70.4865381995369,-64.07659221913106,54.15999984741211,48.869998931884766,50.93735943603516,0.6038812357874256,48.15005587379247,64.6827483355222,False,False,False,False,,
242,DXJ,DXJ,AMEX:DXJ,US,WisdomTree Japan Hedged Equity Fund,7.278,Japan Stock,Long,263773.65,,https://www.tradingview.com/chart/?symbol=AMEX%3ADXJ,False,,27.219116575905574,27.219116575905574,179.27999877929688,151.58999633789062,158.98741662597655,0.88339452426364,24.966854822636602,75.1972598196391,False,False,False,False,,
243,SPLV,SPLV,AMEX:SPLV,US,Invesco S&P 500 Low Volatility ETF,7.185,Large Value,Long,1887236.45,,https://www.tradingview.com/chart/?symbol=AMEX%3ASPLV,True,2026-09-24 09:30,-75.99959759694731,-75.99959759694731,71.11000061035156,71.11000061035156,72.76436111450195,0.0,-57.591399975775666,58.988286648005776,False,True,False,False,,"NEAR: 4h+band ok, weekly shallow"
244,SPXL,SPXL,AMEX:SPXL,US,Direxion Daily S&P 500 Bull 3X ETF,7.175,Trading--Leveraged Equity,3X Long,1337932.15,,https://www.tradingview.com/chart/?symbol=AMEX%3ASPXL,False,,26.424153038146386,26.424153038146386,286.9700012207031,170.32000732421875,201.25960876464845,0.8897787068322359,10.557322497937685,67.98657484113963,False,False,False,False,,
245,DFLV,DFLV,AMEX:DFLV,US,Dimensional US Large Cap Value ETF,7.163,Large Value,Long,553223.9,,https://www.tradingview.com/chart/?symbol=AMEX%3ADFLV,True,2026-09-24 13:30,-67.16543481517706,-67.16543481517706,40.79999923706055,35.064998626708984,36.75593884277344,0.8004186849331989,26.74702966046131,81.24562486215753,False,False,False,False,,
246,ESGE,ESGE,AMEX:ESGE,US,iShares ESG Aware MSCI EM ETF,7.053,Diversified Emerging Mkts,Long,635286.55,,https://www.tradingview.com/chart/?symbol=AMEX%3AESGE,False,,20.16336679171858,20.16336679171858,54.529998779296875,43.75,46.85811956787109,0.818526976314695,37.493449423049434,74.79035674698544,False,False,False,False,,
247,JAVA,JAVA,AMEX:JAVA,US,JPMorgan Active Value ETF,7.051,Large Value,Long,345117.55,,https://www.tradingview.com/chart/?symbol=AMEX%3AJAVA,False,,-60.907470613443955,-60.907470613443955,80.4800033569336,70.26000213623047,73.47432098388671,0.7503674658301591,7.345574568259278,76.25345439222522,False,False,False,False,,
248,BBAX,BBAX,AMEX:BBAX,US,JPMorgan BetaBuilders Developed Asia Pacific ex-Japan ETF,6.953,Pacific/Asia ex-Japan Stk,Long,50108.15,,https://www.tradingview.com/chart/?symbol=AMEX%3ABBAX,False,,-60.63499605585212,-60.63499605585212,61.689998626708984,58.05500030517578,59.88046044921875,0.46994156880460664,14.496214785046005,68.06567307559554,False,False,False,False,,
249,VSGX,VSGX,AMEX:VSGX,US,Vanguard ESG International Stock ETF,6.95,Foreign Large Blend,Long,141581.25,,https://www.tradingview.com/chart/?symbol=AMEX%3AVSGX,False,,-13.800528257875152,-13.800528257875152,81.54000091552734,69.20500183105469,72.7910217590332,0.8117801469041327,17.000981045997396,73.40737265778507,False,False,False,False,,
250,SHLD,SHLD,AMEX:SHLD,US,Global X Defense Tech ETF,6.934,Industrials,Long,723747.8,,https://www.tradingview.com/chart/?symbol=AMEX%3ASHLD,False,,-25.84177313251278,-25.84177313251278,61.599998474121094,58.22999954223633,62.6502794342041,0.17992520097426515,-21.44057950449788,,False,True,False,False,,
251,EWC,EWC,AMEX:EWC,US,iShares MSCI Canada ETF,6.931,Focused Region,Long,1807889.2,,https://www.tradingview.com/chart/?symbol=AMEX%3AEWC,False,,-37.07998092836642,-37.07998092836642,59.45000076293945,53.220001220703125,55.44312078857422,0.6613588910000664,16.80265038124775,69.46914018875391,False,False,False,False,,
252,FNGU,FNGU,AMEX:FNGU,US,MicroSectors FANG+ 3 Leveraged ETNs,6.867,Trading--Leveraged Equity,3X Long,3590625.1,,https://www.tradingview.com/chart/?symbol=AMEX%3AFNGU,False,,54.23543548289985,54.23543548289985,35.697601318359375,13.729999542236328,19.091919830322265,0.9668838290424707,43.95978552018422,,False,False,False,False,,
253,BLCR,BLCR,AMEX:BLCR,US,iShares Large Cap Core Active ETF,6.844,Large Blend,Long,388658.6,,https://www.tradingview.com/chart/?symbol=AMEX%3ABLCR,False,,26.176420011045376,28.916133751846704,49.43000030517578,39.68000030517578,42.31848037719727,0.8720929994506563,-18.061448763014432,,False,False,False,False,,
254,KBWB,KBWB,AMEX:KBWB,US,Invesco KBW Bank ETF,6.838,Financial,Long,1208117.9,,https://www.tradingview.com/chart/?symbol=AMEX%3AKBWB,True,2026-09-24 13:30,-73.17628291815028,-73.17628291815028,89.02999877929688,76.22000122070312,81.82264071655274,0.5395955649239358,-18.653060211187753,70.30098764796423,False,False,False,False,,
255,THRO,THRO,AMEX:THRO,US,iShares U.S. Thematic Rotation Active ETF,6.821,Large Blend,Long,513976.35,,https://www.tradingview.com/chart/?symbol=AMEX%3ATHRO,False,,37.75713693511795,37.75713693511795,44.279998779296875,35.11000061035156,37.354360214233395,0.9642481374767398,32.179109682922125,68.14384985176343,False,False,False,False,,
256,BBIN,BBIN,AMEX:BBIN,US,JPMorgan BetaBuilders International Equity ETF,6.817,Foreign Large Blend,Long,209864.7,,https://www.tradingview.com/chart/?symbol=AMEX%3ABBIN,False,,-49.10395010889687,-49.10395010889687,78.33000183105469,70.68000030517578,73.27836080932617,0.6948228920596797,12.919174887767431,69.24748153981278,False,False,False,False,,
257,CGXU,CGXU,AMEX:CGXU,US,Capital Group International Focus Equity ETF,6.797,Foreign Large Growth,Long,987328.55,,https://www.tradingview.com/chart/?symbol=AMEX%3ACGXU,False,,7.9426860267182455,7.9426860267182455,34.619998931884766,28.280000686645508,30.147940452575682,0.8010106177762023,26.1619895801287,73.02665202700298,False,False,False,False,,
258,VOOV,VOOV,AMEX:VOOV,US,Vanguard S&P 500 Value ETF,6.797,Large Value,Long,62696.45,,https://www.tradingview.com/chart/?symbol=AMEX%3AVOOV,False,,-52.8967937693736,-52.8967937693736,223.24000549316406,200.4250030517578,207.5179813232422,0.7591085676687225,15.913012082433783,71.89114221186618,False,False,False,False,,
259,INDA,INDA,AMEX:INDA,US,iShares MSCI India ETF,6.663,India Equity,Long,3914945.05,,https://www.tradingview.com/chart/?symbol=AMEX%3AINDA,False,,-24.209133328074532,-24.209133328074532,47.56999969482422,45.400001525878906,46.80302145385742,0.36501232638153647,-31.291028084736695,-44.78683318460037,False,False,False,False,,
260,VDY,VDY.TO,TSX:VDY,TSX,Vanguard FTSE Canadian High Dividend Yield Index ETF,6.658,High Dividend Yield,Long,202540.4,,https://www.tradingview.com/chart/?symbol=TSX%3AVDY,False,,-42.74331792815602,-42.74331792815602,76.05999755859375,65.30000305175781,68.53556283569336,0.7848282440093111,0.41547216805625925,81.66187416122905,False,False,False,False,,
261,URA,URA,AMEX:URA,US,Global X Uranium ETF,6.635,Natural Resources,Long,3250506.7,,https://www.tradingview.com/chart/?symbol=AMEX%3AURA,False,,-25.932537743878694,-25.932537743878694,40.86000061035156,37.51499938964844,42.400199569702146,0.1615942559138402,-4.975462828122423,21.236065534190427,False,True,False,False,,
262,JGLO,JGLO,AMEX:JGLO,US,JPMorgan Global Select Equity ETF Global Select Equity ETF,6.626,Global Large-Stock Blend,Long,167736.75,,https://www.tradingview.com/chart/?symbol=AMEX%3AJGLO,False,,7.236372043208072,7.236372043208072,72.44499969482422,63.349998474121094,66.01443869018554,0.8055802022296211,3.0000043399407397,,False,False,False,False,,
263,ARKK,ARKK,AMEX:ARKK,US,ARK Innovation ETF,6.6,Mid-Cap Growth,Long,4728227.5,,https://www.tradingview.com/chart/?symbol=AMEX%3AARKK,False,,51.349353695929544,51.349353695929544,91.66000366210938,63.53499984741211,70.18193916320801,0.9985800358512505,46.20473323417082,40.238445817785994,False,False,False,False,,
264,DIHP,DIHP,AMEX:DIHP,US,Dimensional International High Profitability ETF,6.575,Foreign Large Blend,Long,335570.5,,https://www.tradingview.com/chart/?symbol=AMEX%3ADIHP,False,,-54.510006687014105,-54.510006687014105,33.849998474121094,31.315000534057617,32.389980155944826,0.5565310278205007,1.843456753794981,68.23312794960314,False,False,False,False,,
265,FESM,FESM,AMEX:FESM,US,Fidelity Enhanced Small Cap Core ETF,6.505,Small Blend,Long,820220.4,,https://www.tradingview.com/chart/?symbol=AMEX%3AFESM,False,,-57.2498110839796,-57.2498110839796,45.275001525878906,36.779998779296875,39.63559931945801,0.7020662098909092,-30.61332059253758,,False,False,False,False,,
266,DLN,DLN,AMEX:DLN,US,WisdomTree U.S. LargeCap Dividend Fund,6.364,Large Value,Long,99066.75,,https://www.tradingview.com/chart/?symbol=AMEX%3ADLN,False,,-49.34661786536765,-49.34661786536765,98.32499694824219,87.66000366210938,90.94512322998047,0.7661634115675229,15.485688393598641,72.86283556119028,False,False,False,False,,
267,MCHI,MCHI,AMEX:MCHI,US,iShares MSCI China ETF,6.321,Greater China Region,Long,1795401.75,,https://www.tradingview.com/chart/?symbol=AMEX%3AMCHI,False,,0.28830981504275616,0.28830981504275616,52.82500076293945,50.439998626708984,52.64423866271973,0.25535354360456214,-34.61293525327113,-9.238824405789092,False,False,False,False,,
268,GSIE,GSIE,AMEX:GSIE,US,Goldman Sachs ActiveBeta International Equity ETF,6.133,Foreign Large Blend,Long,399971.2,,https://www.tradingview.com/chart/?symbol=AMEX%3AGSIE,False,,-43.37926811596527,-43.37926811596527,46.25,41.72999954223633,43.32181929016113,0.6701261932595505,17.1622146364555,69.33276056763516,False,False,False,False,,
269,RECS,RECS,AMEX:RECS,US,Columbia Research Enhanced Core ETF,6.094,Large Blend,Long,448800.55,,https://www.tradingview.com/chart/?symbol=AMEX%3ARECS,False,,28.06468900820494,28.06468900820494,45.47999954223633,37.95989990234375,39.824323669433596,0.9518992121543397,39.634503141266556,66.66505551902787,False,False,False,False,,
270,JHMM,JHMM,AMEX:JHMM,US,John Hancock Multifactor Mid Cap ETF,6.049,Mid-Cap Blend,Long,183257.05,,https://www.tradingview.com/chart/?symbol=AMEX%3AJHMM,False,,-46.52167574516904,-46.52167574516904,72.2699966430664,65.3499984741211,68.18199847412109,0.576666514078776,-20.81075514789619,70.4735963445113,False,False,False,False,,
271,DFIS,DFIS,AMEX:DFIS,US,Dimensional International Small Cap ETF,6.046,Foreign Small/Mid Blend,Long,352333.0,,https://www.tradingview.com/chart/?symbol=AMEX%3ADFIS,False,,-31.420991980674955,-31.420991980674955,36.40999984741211,32.42499923706055,33.710019165039064,0.7318642486131876,30.18669028270908,67.13330014245352,False,False,False,False,,
272,TECL,TECL,AMEX:TECL,US,Direxion Daily Technology Bull 3X ETF,5.929,Trading--Leveraged Equity,3X Long,479145.05,,https://www.tradingview.com/chart/?symbol=AMEX%3ATECL,False,,55.08532060427919,56.544134016447266,228.97999572753906,76.7300033569336,123.13704141235351,0.7742575200889485,16.79585514378847,69.11378756033514,False,False,False,False,,
273,LVHI,LVHI,AMEX:LVHI,US,Franklin International Low Volatility High Dividend Index ETF,5.92,Foreign Large Value,Long,882171.6,,https://www.tradingview.com/chart/?symbol=AMEX%3ALVHI,False,,-30.83851491894581,-30.83851491894581,42.25,38.83000183105469,39.86368118286133,0.7808219893919995,33.240479798161886,73.95429237311679,False,False,False,False,,
274,SCHK,SCHK,AMEX:SCHK,US,Schwab 1000 Index ETF,5.885,Large Blend,Long,1642150.85,,https://www.tradingview.com/chart/?symbol=AMEX%3ASCHK,False,,20.45287734783729,20.45287734783729,36.92499923706055,30.43000030517578,32.112680557250975,0.910939405174826,16.725782759376326,69.303542274095,False,False,False,False,,
275,FEQT,FEQT.NE,NEO:FEQT,NEO,Fidelity All-in-One Equity ETF,5.856,Total Market,Long,362368.1,,https://www.tradingview.com/chart/?symbol=NEO%3AFEQT,False,,27.04809669679788,27.04809669679788,19.139999389648438,16.329999923706055,17.05451985168457,0.9153093632809879,13.182592529578711,71.1641369547527,False,False,False,False,,
276,RSPT,RSPT,AMEX:RSPT,US,Invesco S&P 500 Equal Weight Technology ETF,5.854,Technology,Long,413167.75,,https://www.tradingview.com/chart/?symbol=AMEX%3ARSPT,False,,60.10151490979908,60.409195750742384,65.86000061035156,43.529998779296875,49.18219985961914,0.9323589796682249,32.789973652086054,84.03101730100526,False,False,False,False,,
277,BKLC,BKLC,AMEX:BKLC,US,BNY Mellon US Large Cap Core Equity ETF,5.825,Large Blend,Long,398203.8,,https://www.tradingview.com/chart/?symbol=AMEX%3ABKLC,False,,32.114297509663366,32.114297509663366,49.22999954223633,40.4033317565918,42.60442535400391,0.9463902852024393,21.14378622572163,67.65369237458042,False,False,False,False,,
278,SCHC,SCHC,AMEX:SCHC,US,Schwab International Small-Cap Equity ETF,5.773,Foreign Small/Mid Blend,Long,283419.6,,https://www.tradingview.com/chart/?symbol=AMEX%3ASCHC,False,,-13.621721275849845,-13.621721275849845,49.9900016784668,45.13999938964844,46.73535989379883,0.717455733160882,19.68595832009457,60.79672952298622,False,False,False,False,,
279,VOX,VOX,AMEX:VOX,US,Vanguard Communication Services ETF,5.755,Communications,Long,225151.9,,https://www.tradingview.com/chart/?symbol=AMEX%3AVOX,False,,25.09189191159113,25.09189191159113,196.1300048828125,172.86000061035156,179.11635931396484,0.8777823121185662,50.17154732951072,37.75572588156791,False,False,False,False,,
280,CGDG,CGDG,AMEX:CGDG,US,Capital Group Dividend Growers ETF,5.706,Global Large-Stock Blend,Long,559157.75,,https://www.tradingview.com/chart/?symbol=AMEX%3ACGDG,False,,-58.894936388333235,-58.894936388333235,37.525001525878906,35.0,35.95933967590332,0.6211567967793246,-4.729602529395675,,False,False,False,False,,
281,GPIQ,GPIQ,AMEX:GPIQ,US,Goldman Sachs Nasdaq-100 Premium Income ETF,5.704,Derivative Income,Long,1370799.7,,https://www.tradingview.com/chart/?symbol=AMEX%3AGPIQ,False,,52.10728066679653,54.71047669686365,58.040000915527344,47.95000076293945,50.68642015075684,0.8702028814048354,17.489224693780006,,False,False,False,False,,
282,GPIX,GPIX,AMEX:GPIX,US,Goldman Sachs S&P 500 Premium Income ETF,5.688,Derivative Income,Long,1102839.65,,https://www.tradingview.com/chart/?symbol=AMEX%3AGPIX,False,,33.886792158516734,33.886792158516734,56.060001373291016,48.66999816894531,50.555638565063475,0.9249063394144083,29.711661027634374,,False,False,False,False,,
283,FELG,FELG,AMEX:FELG,US,Fidelity Enhanced Large Cap Growth ETF,5.687,Large Growth,Long,388217.85,,https://www.tradingview.com/chart/?symbol=AMEX%3AFELG,False,,45.76423544315238,45.76423544315238,45.15999984741211,36.119998931884766,38.34193914794922,0.9601699454557094,21.396199918262383,,False,False,False,False,,
284,XAR,XAR,AMEX:XAR,US,State Street SPDR S&P Aerospace & Defense ETF,5.687,Industrials,Long,212934.25,,https://www.tradingview.com/chart/?symbol=AMEX%3AXAR,False,,-42.176945206828925,-42.176945206828925,239.6199951171875,238.88999938964844,252.5331624145508,0.012627496379304748,-45.43601896663154,54.29309915581407,False,True,False,False,,
285,XMHQ,XMHQ,AMEX:XMHQ,US,Invesco S&P MidCap Quality ETF,5.606,Mid-Cap Blend,Long,151243.3,,https://www.tradingview.com/chart/?symbol=AMEX%3AXMHQ,False,,-69.99516051581001,-69.99516051581001,112.5999984741211,100.26000213623047,104.89740249633789,0.6279895867508682,1.887987504383694,70.56079587303633,False,False,False,False,,
286,UPRO,UPRO,AMEX:UPRO,US,ProShares UltraPro S&P500,5.569,Trading--Leveraged Equity,3X Long,1720095.9,,https://www.tradingview.com/chart/?symbol=AMEX%3AUPRO,False,,25.504904282135602,25.504904282135602,149.97000122070312,89.33999633789062,105.46351806640625,0.8874414283225608,5.912160020565032,67.71377903098355,False,False,False,False,,
287,QTUM,QTUM,AMEX:QTUM,US,Defiance Quantum ETF,5.548,Technology,Long,314410.2,,https://www.tradingview.com/chart/?symbol=AMEX%3AQTUM,False,,42.63361945926493,48.733824155684225,152.57000732421875,102.16000366210938,117.88114135742188,0.7567366366751571,-18.698411316429716,78.34187435958113,False,False,False,False,,
288,DSI,DSI,AMEX:DSI,US,iShares ESG MSCI KLD 400 ETF,5.522,Large Blend,Long,105283.95,,https://www.tradingview.com/chart/?symbol=AMEX%3ADSI,False,,24.595159890394388,24.595159890394388,146.27999877929688,117.54000091552734,124.91264041137696,0.9199743863331257,20.968259128503487,68.31123480044033,False,False,False,False,,
289,EFAV,EFAV,AMEX:EFAV,US,iShares MSCI EAFE Min Vol Factor ETF,5.47,Foreign Large Blend,Long,334039.95,,https://www.tradingview.com/chart/?symbol=AMEX%3AEFAV,False,,-65.35348219356449,-65.35348219356449,92.26000213623047,86.88999938964844,88.86767874145508,0.640811993630637,34.39133545445566,63.106881853031474,False,False,False,False,,
290,DISV,DISV,AMEX:DISV,US,Dimensional International Small Cap Value ETF,5.405,Foreign Small/Mid Value,Long,279168.35,,https://www.tradingview.com/chart/?symbol=AMEX%3ADISV,False,,-66.57805979416213,-66.57805979416213,43.43000030517578,37.650001525878906,39.38578141784668,0.785859842152952,46.766218042077924,69.36151370434312,False,False,False,False,,
291,SIL,SIL,AMEX:SIL,US,Global X Silver Miners ETF,5.311,Equity Precious Metals,Long,1320416.9,,https://www.tradingview.com/chart/?symbol=AMEX%3ASIL,False,,-31.400904760390176,-31.400904760390176,90.87999725341797,71.37999725341797,78.88007876586914,0.6135933312671394,32.465776982121454,48.0557107559571,False,False,False,False,,
292,FDN,FDN,AMEX:FDN,US,First Trust Dow Jones Internet Index Fund,5.264,Technology,Long,159714.05,,https://www.tradingview.com/chart/?symbol=AMEX%3AFDN,False,,10.053863517370772,10.053863517370772,292.4700012207031,226.0800018310547,242.7699185180664,0.9387728021524563,45.40821269498482,37.719597733243944,False,False,False,False,,
293,GNR,GNR,AMEX:GNR,US,State Street SPDR S&P Global Natural Resources ETF,5.252,Natural Resources,Long,305858.65,,https://www.tradingview.com/chart/?symbol=AMEX%3AGNR,False,,-62.45695974023395,-62.45695974023395,76.0199966430664,66.75499725341797,69.86429797363282,0.7032255972352355,48.981787822335775,68.87523403585529,False,False,False,False,,
294,AKRE,AKRE,AMEX:AKRE,US,Akre Focus ETF,5.2,Large Growth,Long,390993.2,,https://www.tradingview.com/chart/?symbol=AMEX%3AAKRE,True,2026-09-24 13:30,-62.079971442967356,-61.59290989137683,54.720001220703125,51.31999969482422,53.840479766845704,0.318352193700892,8.318829135435363,,False,False,False,False,,
295,QLTY,QLTY,AMEX:QLTY,US,GMO US Quality ETF,5.136,Large Blend,Long,390882.8,,https://www.tradingview.com/chart/?symbol=AMEX%3AQLTY,False,,27.698996077329287,32.20062527008984,43.0099983215332,35.290000915527344,37.2157608795166,0.9460781311722948,26.606498392704328,,False,False,False,False,,
296,SLYV,SLYV,AMEX:SLYV,US,State Street SPDR S&P 600 Small Cap Value ETF,5.032,Small Value,Long,157131.4,,https://www.tradingview.com/chart/?symbol=AMEX%3ASLYV,False,,-72.72743809911778,-71.84649002735779,103.58000183105469,91.83999633789062,96.64967749023438,0.5760550873599156,-28.974334788086484,71.52221686620679,False,False,False,False,,
297,KWEB,KWEB,AMEX:KWEB,US,KraneShares CSI China Internet ETF,5.028,Greater China Region,Long,16810167.8,,https://www.tradingview.com/chart/?symbol=AMEX%3AKWEB,False,,4.051767099664757,4.051767099664757,24.709999084472656,23.645000457763672,25.281660331726073,0.15356866744390785,-48.056544072958616,-35.06340001334221,False,True,False,False,,
298,SLYG,SLYG,AMEX:SLYG,US,State Street SPDR S&P 600 Small Cap Growth ETF,5.02,Small Growth,Long,107225.45,,https://www.tradingview.com/chart/?symbol=AMEX%3ASLYG,False,,-52.83169414286064,-52.83169414286064,108.31999969482422,93.37999725341797,99.54549725341796,0.5718661221590909,-42.70906150741714,76.92279034896119,False,False,False,False,,
299,AIA,AIA,AMEX:AIA,US,iShares Asia 50 ETF,5.007,Pacific/Asia ex-Japan Stk,Long,478582.25,,https://www.tradingview.com/chart/?symbol=AMEX%3AAIA,False,,35.221686256011814,35.221686256011814,143.14999389648438,101.98999786376953,113.43599966430664,0.8486595785145586,38.89877114048058,81.40938729465402,False,False,False,False,,
300,REET,REET,AMEX:REET,US,iShares Global REIT ETF,4.933,Global Real Estate,Long,3139593.25,,https://www.tradingview.com/chart/?symbol=AMEX%3AREET,False,,-59.65235647927594,-59.65235647927594,26.079999923706055,24.709999084472656,25.72692308807373,0.31793939066651855,-57.972468073965565,73.68583379856864,False,False,False,False,,
301,XME,XME,AMEX:XME,US,State Street SPDR S&P Metals & Mining ETF,4.871,Natural Resources,Long,1860237.4,,https://www.tradingview.com/chart/?symbol=AMEX%3AXME,False,,-44.68647275849026,-35.79826601378253,107.98999786376953,97.22000122070312,105.62160266113281,0.30252794372422404,5.060178752407423,48.92995089204458,False,False,False,False,,
302,TTP,TTP.TO,TSX:TTP,TSX,TD Canadian Equity Index ETF,4.816,Total Market,Long,70540.6,,https://www.tradingview.com/chart/?symbol=TSX%3ATTP,False,,8.97627717644191,8.97627717644191,41.189998626708984,36.02000045776367,37.56108016967774,0.7917303423297114,16.11134111563536,71.0547986384985,False,False,False,False,,
303,OMFL,OMFL,AMEX:OMFL,US,Invesco Russell 1000 Dynamic Multifactor ETF,4.789,Large Blend,Long,108793.55,,https://www.tradingview.com/chart/?symbol=AMEX%3AOMFL,False,,19.618988714756004,19.618988714756004,69.94999694824219,58.61000061035156,61.63316003417969,0.885245784475817,9.633955575391402,77.31403530601445,False,False,False,False,,
304,HELO,HELO,AMEX:HELO,US,JPMorgan Hedged Equity Laddered Overlay ETF,4.785,Equity Hedged,Long,288807.85,,https://www.tradingview.com/chart/?symbol=AMEX%3AHELO,False,,18.792695745268524,18.792695745268524,69.30000305175781,63.29999923706055,64.91896028137207,0.8746355604070268,25.503624067712327,,False,False,False,False,,
305,EAGL,EAGL,AMEX:EAGL,US,Eagle Capital Select Equity ETF,4.725,Large Blend,Long,206743.3,,https://www.tradingview.com/chart/?symbol=AMEX%3AEAGL,False,,-53.37913865472507,-53.37913865472507,34.375,29.315000534057617,30.956380516052246,0.7275340792881133,29.322400368656137,,False,False,False,False,,
306,IVLU,IVLU,AMEX:IVLU,US,iShares MSCI Intl Value Factor ETF,4.675,Foreign Large Value,Long,685618.8,,https://www.tradingview.com/chart/?symbol=AMEX%3AIVLU,False,,-61.466137396904486,-61.466137396904486,43.345001220703125,37.939998626708984,39.62031927490234,0.7591292849695628,40.672492528336996,71.73131279681552,False,False,False,False,,
307,QTEC,QTEC,AMEX:QTEC,US,First Trust NASDAQ-100 Technology Sector Index Fund,4.669,Technology,Long,119722.85,,https://www.tradingview.com/chart/?symbol=AMEX%3AQTEC,False,,49.60571949170835,62.115955142323166,329.5199890136719,207.05499267578125,237.39161584472657,0.9527012606112346,-5.663249006477085,79.06205288971242,False,False,False,False,,
308,TPU,TPU.TO,TSX:TPU,TSX,TD U.S. Equity Index ETF,4.564,US Equity,Long,51337.7,,https://www.tradingview.com/chart/?symbol=TSX%3ATPU,False,,60.36955265632174,60.36955265632174,62.2599983215332,50.22999954223633,53.11155932617187,0.9852579591586795,12.856692189298267,72.11990285375994,False,False,False,False,,
309,USRT,USRT,AMEX:USRT,US,iShares Core U.S. REIT ETF,4.563,Real Estate,Long,478535.55,,https://www.tradingview.com/chart/?symbol=AMEX%3AUSRT,False,,-61.44336282325501,-61.44336282325501,62.459999084472656,58.16999816894531,60.93945831298828,0.3655731310097326,-55.060999203323526,81.06005823287171,False,False,False,False,,
310,TSPA,TSPA,AMEX:TSPA,US,T. Rowe Price U.S. Equity Research ETF,4.541,Large Blend,Long,331346.05,,https://www.tradingview.com/chart/?symbol=AMEX%3ATSPA,False,,31.72593086500747,31.72593086500747,48.584999084472656,39.70000076293945,41.89952069091797,0.9533260313803884,18.1460806374245,69.53690657548785,False,False,False,False,,
311,GRNY,GRNY,AMEX:GRNY,US,Fundstrat Granny Shots US Large Cap ETF,4.539,Large Growth,Long,1213087.2,,https://www.tradingview.com/chart/?symbol=AMEX%3AGRNY,False,,35.3962170727086,40.918417143964554,28.325000762939453,23.184999465942383,24.442879447937013,0.9643529775931264,15.285734792391438,,False,False,False,False,,
312,XDIV,XDIV.TO,TSX:XDIV,TSX,iShares Core MSCI Canadian Quality Dividend Index ETF,4.521,High Dividend Yield,Long,158284.45,,https://www.tradingview.com/chart/?symbol=TSX%3AXDIV,False,,-54.94675819476217,-54.94675819476217,45.59000015258789,38.54999923706055,40.48991952514648,0.8564476727565685,37.082325006002456,82.68165366494047,False,False,False,False,,
313,FEZ,FEZ,AMEX:FEZ,US,State Street SPDR EURO STOXX 50 ETF,4.489,Europe Stock,Long,703533.55,,https://www.tradingview.com/chart/?symbol=AMEX%3AFEZ,False,,-43.777565776772654,-43.777565776772654,68.20999908447266,59.79999923706055,62.705159561157224,0.683184314313666,-2.7162817259568435,67.46073459175877,False,False,False,False,,
314,JTEK,JTEK,AMEX:JTEK,US,JPMorgan U.S. Tech Leaders ETF,4.474,Technology,Long,243777.65,,https://www.tradingview.com/chart/?symbol=AMEX%3AJTEK,False,,67.5241311446775,71.989872915216,106.05000305175781,75.83999633789062,84.24867749023437,0.8478810713955345,6.775501628217055,,False,False,False,False,,
315,TDIV,TDIV,AMEX:TDIV,US,First Trust NASDAQ Technology Dividend Index Fund,4.437,Technology,Long,134281.75,,https://www.tradingview.com/chart/?symbol=AMEX%3ATDIV,False,,-18.206354364361996,-18.206354364361996,113.19000244140625,90.77999877929688,99.65831762695312,0.595693954565956,13.802787463129256,69.07713912928831,False,False,False,False,,
316,IDMO,IDMO,AMEX:IDMO,US,Invesco S&P International Developed Momentum ETF,4.404,Foreign Large Blend,Long,301666.0,,https://www.tradingview.com/chart/?symbol=AMEX%3AIDMO,False,,-45.58729888040207,-45.58729888040207,61.0099983215332,52.94499969482422,55.473739730834964,0.7526830155724378,26.47500585692082,67.0671390101857,False,False,False,False,,
317,IYR,IYR,AMEX:IYR,US,iShares U.S. Real Estate ETF,4.403,Real Estate,Long,4573164.2,,https://www.tradingview.com/chart/?symbol=AMEX%3AIYR,False,,-67.66906649438108,-67.66906649438108,96.81999969482422,92.61000061035156,96.21136111450195,0.27588456717690946,-55.63827613746411,73.33061995246422,False,False,False,False,,
318,IYF,IYF,AMEX:IYF,US,iShares U.S. Financials ETF,4.374,Financial,Long,353526.3,,https://www.tradingview.com/chart/?symbol=AMEX%3AIYF,False,,-73.16627624583992,-73.16627624583992,128.52000427246094,113.94999694824219,119.84055853271484,0.5837341107814686,2.8172988537467085,57.62190097319282,False,False,False,False,,
319,MAGS,MAGS,AMEX:MAGS,US,Roundhill Magnificent Seven ETF,4.361,Technology,Long,2665850.8,,https://www.tradingview.com/chart/?symbol=AMEX%3AMAGS,False,,63.62462521215269,63.62462521215269,72.5199966430664,55.36000061035156,59.50180133056641,0.9777773816965858,54.29841198482749,51.664369982295426,False,False,False,False,,
320,IMTM,IMTM,AMEX:IMTM,US,iShares MSCI Intl Momentum Factor ETF,4.352,Foreign Large Blend,Long,280510.6,,https://www.tradingview.com/chart/?symbol=AMEX%3AIMTM,False,,-15.46670291323404,-15.46670291323404,52.7599983215332,46.275001525878906,48.25622073364258,0.7724835484014617,13.459331801713935,66.38748914485926,False,False,False,False,,
321,IDEF,IDEF,AMEX:IDEF,US,iShares Defense Industrials and Tech Active ETF,4.33,Industrials,Long,416427.9,,https://www.tradingview.com/chart/?symbol=AMEX%3AIDEF,False,,1.2534901717178084,1.2534901717178084,31.709999084472656,30.90999984741211,32.0430121307373,0.16663528076870818,-25.190668124258007,,False,True,False,False,,
322,EUFN,EUFN,AMEX:EUFN,US,iShares MSCI Europe Financials ETF,4.318,Europe Stock,Long,1451570.6,,https://www.tradingview.com/chart/?symbol=AMEX%3AEUFN,True,2026-09-24 13:30,-67.657057788477,-67.657057788477,40.54499816894531,33.11000061035156,35.45348068237305,0.7487409194457356,22.74487070658054,71.07262622873567,False,False,False,False,,
323,IXJ,IXJ,AMEX:IXJ,US,iShares Global Healthcare ETF,4.31,Health,Long,193496.85,,https://www.tradingview.com/chart/?symbol=AMEX%3AIXJ,False,,33.023141871402736,34.60632217779076,103.37000274658203,90.69619750976562,94.65481518554688,0.7555713334449207,25.42956838229098,55.0154139057553,False,False,False,False,,
324,FXI,FXI,AMEX:FXI,US,iShares China Large-Cap ETF,4.277,Greater China Region,Long,15487882.6,,https://www.tradingview.com/chart/?symbol=AMEX%3AFXI,False,,-8.22047043119556,-8.22047043119556,34.244998931884766,31.565000534057617,33.143840660095215,0.4005976358572391,-18.17917485289818,-9.21728128386823,False,False,False,False,,
325,VIOO,VIOO,AMEX:VIOO,US,Vanguard S&P Small-Cap 600 ETF,4.266,Small Blend,Long,78765.6,,https://www.tradingview.com/chart/?symbol=AMEX%3AVIOO,False,,-61.13451751535026,-61.13451751535026,128.2100067138672,111.19999694824219,117.86935925292968,0.6019109655905247,-37.21135551541125,74.29531003801222,False,False,False,False,,
326,DEM,DEM,AMEX:DEM,US,WisdomTree Emerging Markets High Dividend Fund,4.257,Diversified Emerging Mkts,Long,186576.65,,https://www.tradingview.com/chart/?symbol=AMEX%3ADEM,False,,10.29963195370132,10.29963195370132,56.41999816894531,48.209999084472656,50.35759962463379,0.9021974746710453,61.40040771465679,77.14562485110153,False,False,False,False,,
327,IFRA,IFRA,AMEX:IFRA,US,iShares U.S. Infrastructure ETF,4.231,Infrastructure,Long,390719.7,,https://www.tradingview.com/chart/?symbol=AMEX%3AIFRA,False,,-64.35957753049638,-64.35957753049638,55.47999954223633,55.16999816894531,57.26567932128906,0.034910045363942536,-76.35917044687986,63.69931748714347,False,True,True,False,,"WATCH: weekly+band ok, waiting on 4h dot"
328,SMLF,SMLF,AMEX:SMLF,US,iShares U.S. SmallCap Equity Factor ETF,4.227,Small Blend,Long,176907.45,,https://www.tradingview.com/chart/?symbol=AMEX%3ASMLF,False,,-36.86055164726158,-36.86055164726158,84.56999969482422,73.01499938964844,77.16978018188476,0.6563475206964351,-24.594893403475485,72.43203064901282,False,False,False,False,,
329,FLJP,FLJP,AMEX:FLJP,US,Franklin FTSE Japan ETF,4.19,Japan Stock,Long,850697.65,,https://www.tradingview.com/chart/?symbol=AMEX%3AFLJP,False,,-15.88207674169835,-15.88207674169835,40.79999923706055,34.75,36.451559783935544,0.839112344700533,48.17436427123184,74.85716358892789,False,False,False,False,,
330,NLR,NLR,AMEX:NLR,US,VanEck Uranium and Nuclear ETF,4.183,Natural Resources,Long,331423.85,,https://www.tradingview.com/chart/?symbol=AMEX%3ANLR,False,,-33.02160217550723,-33.02160217550723,106.26000213623047,102.68499755859375,113.62123669433593,0.07714727794903946,-13.500933656883475,9.801952966337643,False,True,False,False,,
331,TPE,TPE.TO,TSX:TPE,TSX,TD International Equity Index ETF,4.182,Total Market,Long,32856.05,,https://www.tradingview.com/chart/?symbol=TSX%3ATPE,False,,5.381769166644002,5.381769166644002,30.829999923706055,26.639999389648438,27.79639974975586,0.8551018835256511,3.4348338929608264,72.59454992313836,False,False,False,False,,
332,EMLP,EMLP,AMEX:EMLP,US,First Trust North American Energy Infrastructure Fund,4.181,Energy Limited Partnership,Long,216517.85,,https://www.tradingview.com/chart/?symbol=AMEX%3AEMLP,False,,-85.13068491473074,-85.13068491473074,41.599998474121094,41.599998474121094,42.38351840209961,0.0,-27.63569436528699,66.44066803063019,False,True,False,False,,
333,KRE,KRE,AMEX:KRE,US,State Street SPDR S&P Regional Banking ETF,4.176,Financial,Long,11545391.2,,https://www.tradingview.com/chart/?symbol=AMEX%3AKRE,True,2026-09-24 13:30,-77.73619778414184,-76.91189706035783,70.94000244140625,62.43000030517578,66.15880102539063,0.5386076261095214,-32.061743856207876,72.27245671692656,False,False,False,False,,
334,NVDL,NVDL,AMEX:NVDL,US,GraniteShares 2x Long NVDA Daily ETF,4.09,Trading--Leveraged Equity,2X Long,15112620.45,,https://www.tradingview.com/chart/?symbol=AMEX%3ANVDL,False,,30.420032120901862,30.420032120901862,35.560001373291016,21.75666618347168,26.768126777648924,0.650027480727338,19.525478452281035,44.52742399263396,False,False,False,False,,
335,ARTY,ARTY,AMEX:ARTY,US,iShares Future AI & Tech ETF,4.076,Technology,Long,473230.7,,https://www.tradingview.com/chart/?symbol=AMEX%3AARTY,False,,40.709446475391765,47.22860227095805,78.33000183105469,44.15999984741211,52.78816017150879,0.9346280279027983,32.026896845475136,83.45025031589667,False,False,False,False,,
336,IMCG,IMCG,AMEX:IMCG,US,iShares Morningstar Mid-Cap Growth ETF,4.075,Mid-Cap Growth,Long,156462.45,,https://www.tradingview.com/chart/?symbol=AMEX%3AIMCG,False,,-7.573345466048603,15.317492831960708,94.75,76.06999969482422,81.8378402709961,0.7643207217331586,-23.951629041708145,77.7405261019602,False,False,False,False,,
337,MSLC,MSLC,AMEX:MSLC,US,Morgan Stanley Pathway Large Cap Equity ETF,4.054,Large Blend,Long,61219.5,,https://www.tradingview.com/chart/?symbol=AMEX%3AMSLC,False,,21.828228761293445,21.828228761293445,60.439998626708984,50.38999938964844,53.02611985778809,0.899731195372913,12.443039430837556,,False,False,False,False,,
338,DON,DON,AMEX:DON,US,WisdomTree U.S. MidCap Dividend Fund,4.052,Mid-Cap Value,Long,151923.95,,https://www.tradingview.com/chart/?symbol=AMEX%3ADON,False,,-73.53073085014078,-73.53073085014078,54.71500015258789,51.244998931884766,53.058659255981446,0.45152903066003436,-19.155197868852472,71.15842000385892,False,False,False,False,,
339,XOP,XOP,AMEX:XOP,US,State Street SPDR S&P Oil & Gas Exploration & Production ETF,4.044,Equity Energy,Long,2537412.55,,https://www.tradingview.com/chart/?symbol=AMEX%3AXOP,False,,-59.52003682714724,-54.437343110286804,184.11000061035156,152.32000732421875,163.55360516357422,0.667857130263602,61.56073626929162,73.54034818326546,False,False,False,False,,
340,MUU,MUU,AMEX:MUU,US,Direxion Daily MU Bull 2X ETF,4.028,Trading--Leveraged Equity,2X Long,26785422.9,,https://www.tradingview.com/chart/?symbol=AMEX%3AMUU,False,,41.171285621767474,51.69884426828323,37.619998931884766,5.478499889373779,18.758573915481566,0.5711861062762291,4.622974307452785,,False,False,False,False,,
341,XQQ,XQQ.TO,TSX:XQQ,TSX,iShares NASDAQ 100 Index ETF (CAD-Hedged),3.992,US Equity,Long,101792.35,,https://www.tradingview.com/chart/?symbol=TSX%3AXQQ,False,,51.29150564078248,55.512094011196446,74.05000305175781,56.31999969482422,60.68836019897461,0.9578606866948898,5.339400862760272,67.65964483967839,True,False,False,False,,
342,JIVE,JIVE,AMEX:JIVE,US,JPMorgan International Value ETF,3.987,Foreign Large Value,Long,300480.8,,https://www.tradingview.com/chart/?symbol=AMEX%3AJIVE,False,,-45.3033584845393,-45.3033584845393,96.58999633789062,82.5199966430664,86.66179736328125,0.8017092449117816,44.495482186319116,,False,False,False,False,,
343,ILF,ILF,AMEX:ILF,US,iShares Latin America 40 ETF,3.98,Focused Region,Long,3014460.35,,https://www.tradingview.com/chart/?symbol=AMEX%3AILF,False,,-34.22706935403934,-34.22706935403934,34.654998779296875,32.59000015258789,33.9057003326416,0.3704032904239822,38.468980139374914,59.69714130160022,False,False,False,False,,
344,IWX,IWX,AMEX:IWX,US,iShares Russell Top 200 Value ETF,3.975,Large Value,Long,288989.75,,https://www.tradingview.com/chart/?symbol=AMEX%3AIWX,False,,-43.020229325123644,-43.020229325123644,110.69000244140625,90.87000274658203,96.29092123413086,0.86286483346359,31.51483772561039,83.0343212114754,False,False,False,False,,
345,CALF,CALF,AMEX:CALF,US,Pacer US Small Cap Cash Cows ETF,3.948,Small Value,Long,515325.15,,https://www.tradingview.com/chart/?symbol=AMEX%3ACALF,False,,-72.33400028825235,-72.33400028825235,53.939998626708984,44.029998779296875,47.31275874328613,0.7124370924602,33.262715600696446,73.2335919193887,False,False,False,False,,
346,AAXJ,AAXJ,AMEX:AAXJ,US,iShares MSCI All Country Asia ex Japan ETF,3.942,Pacific/Asia ex-Japan Stk,Long,453746.6,,https://www.tradingview.com/chart/?symbol=AMEX%3AAAXJ,False,,21.32548092247923,21.32548092247923,117.22000122070312,92.91000366210938,100.3605235900879,0.7700347733161138,26.939770233349407,75.81313599474676,False,False,False,False,,
347,SMMD,SMMD,AMEX:SMMD,US,iShares Russell 2500 ETF,3.924,Small Blend,Long,159870.45,,https://www.tradingview.com/chart/?symbol=AMEX%3ASMMD,False,,-49.66919986503273,-49.66919986503273,86.45999908447266,73.73999786376953,78.37975872802734,0.6469989242788555,-27.70881860184365,75.02832071628353,False,False,False,False,,
348,XT,XT,AMEX:XT,US,iShares Future Exponential Technologies ETF,3.91,Technology,Long,60337.2,,https://www.tradingview.com/chart/?symbol=AMEX%3AXT,False,,59.61614937906979,59.61614937906979,83.75,65.7750015258789,70.1728620300293,0.9645825818916229,6.722204032887928,73.9192347433509,False,False,False,False,,
349,IVOO,IVOO,AMEX:IVOO,US,Vanguard S&P Mid-Cap 400 ETF,3.858,Mid-Cap Blend,Long,74533.7,,https://www.tradingview.com/chart/?symbol=AMEX%3AIVOO,False,,-45.98310603693102,-45.98310603693102,123.0999984741211,111.05999755859375,116.27087799072265,0.5452898513166579,-34.544324157531484,71.465301219671,False,False,False,False,,
350,FLTW,FLTW,AMEX:FLTW,US,Franklin FTSE Taiwan ETF,3.825,Greater China Region,Long,243423.1,,https://www.tradingview.com/chart/?symbol=AMEX%3AFLTW,False,,40.92105929286951,40.92105929286951,109.72000122070312,66.23999786376953,76.89303771972656,0.9632256079937938,46.7342834996357,88.47554462740713,False,False,False,False,,
351,DFGR,DFGR,AMEX:DFGR,US,Dimensional Global Real Estate ETF,3.824,Global Real Estate,Long,413536.2,,https://www.tradingview.com/chart/?symbol=AMEX%3ADFGR,False,,-75.19650672855586,-75.19650672855586,27.399999618530273,26.075000762939453,27.093340438842773,0.3070681986755084,-58.81397977150587,72.56056190908227,False,False,False,False,,
352,INTF,INTF,AMEX:INTF,US,iShares International Equity Factor ETF,3.814,Foreign Large Blend,Long,236767.6,,https://www.tradingview.com/chart/?symbol=AMEX%3AINTF,False,,-40.33061135581722,-40.33061135581722,41.810001373291016,37.459999084472656,38.86301901245117,0.731707739632942,23.549575213146166,70.80814425042023,False,False,False,False,,
353,EWU,EWU,AMEX:EWU,US,iShares MSCI United Kingdom ETF,3.76,Focused Region,Long,933170.8,,https://www.tradingview.com/chart/?symbol=AMEX%3AEWU,False,,-56.49303794945461,-56.49303794945461,47.15999984741211,43.86000061035156,45.16272071838379,0.5978258991662261,10.793862294366278,66.60031633581559,False,False,False,False,,
354,LRGF,LRGF,AMEX:LRGF,US,iShares U.S. Equity Factor ETF,3.718,Large Blend,Long,147103.45,,https://www.tradingview.com/chart/?symbol=AMEX%3ALRGF,False,,23.086075313624644,23.086075313624644,78.31999969482422,64.16000366210938,67.73540222167969,0.9346535800255824,30.684534646784556,69.65425707270987,False,False,False,False,,
355,MLPX,MLPX,AMEX:MLPX,US,Global X MLP & Energy Infrastructure ETF,3.711,Energy Limited Partnership,Long,348577.75,,https://www.tradingview.com/chart/?symbol=AMEX%3AMLPX,False,,-68.71202924465639,-68.71202924465639,72.13999938964844,70.19999694824219,71.95229766845704,0.2612796826995201,9.609823544395013,74.3841620932933,False,False,False,False,,
356,IYH,IYH,AMEX:IYH,US,iShares U.S. Healthcare ETF,3.691,Health,Long,520962.8,,https://www.tradingview.com/chart/?symbol=AMEX%3AIYH,False,,36.51317990894065,48.27128565316266,72.12000274658203,59.845001220703125,63.264640716552734,0.847136186028781,34.38906474431414,58.669830055678155,False,False,False,False,,
357,EEMV,EEMV,AMEX:EEMV,US,iShares MSCI Emerging Markets Min Vol Factor ETF,3.688,Diversified Emerging Mkts,Long,104420.25,,https://www.tradingview.com/chart/?symbol=AMEX%3AEEMV,False,,5.861839974449574,5.861839974449574,74.96499633789062,63.04999923706055,66.37877912902832,0.8447357311250909,33.29985898325357,79.1710192452647,False,False,False,False,,
358,DCOR,DCOR,AMEX:DCOR,US,Dimensional US Core Equity 1 ETF,3.557,Large Blend,Long,110530.45,,https://www.tradingview.com/chart/?symbol=AMEX%3ADCOR,False,,-5.728707872205507,-5.728707872205507,83.33999633789062,70.1781997680664,73.83898519897461,0.8485020630416745,10.227474275324452,,False,False,False,False,,
359,GCOW,GCOW,AMEX:GCOW,US,Pacer Global Cash Cows Dividend ETF,3.555,Global Large-Stock Value,Long,227828.6,,https://www.tradingview.com/chart/?symbol=AMEX%3AGCOW,True,2026-09-24 09:30,-72.10471118375621,-71.34410985375519,45.42599868774414,43.060001373291016,44.232920761108396,0.47605604614481273,25.358302433974917,69.07249581530812,False,False,False,False,,
360,FRDM,FRDM,AMEX:FRDM,US,Freedom 100 Emerging Markets ETF,3.51,Diversified Emerging Mkts,Long,64258.2,,https://www.tradingview.com/chart/?symbol=AMEX%3AFRDM,False,,34.00602067959773,34.00602067959773,71.2300033569336,52.2599983215332,57.95939958190918,0.7855072811734544,38.792536646959064,81.00048488086752,False,False,False,False,,
361,XGD,XGD.TO,TSX:XGD,TSX,iShares S&P/TSX Global Gold Index ETF,3.499,Materials,Long,590633.85,,https://www.tradingview.com/chart/?symbol=TSX%3AXGD,False,,-14.20363413670079,-14.20363413670079,58.310001373291016,43.959999084472656,48.982078796386716,0.674342251503292,36.18427144341352,48.05644515567249,False,False,False,False,,
362,VNQI,VNQI,AMEX:VNQI,US,Vanguard Global ex-U.S. Real Estate ETF,3.478,Global Real Estate,Long,257192.05,,https://www.tradingview.com/chart/?symbol=AMEX%3AVNQI,False,,-58.08679552878695,-58.08679552878695,42.974998474121094,42.974998474121094,44.21352673339844,0.0,-66.04460975513855,20.56521543559451,False,True,True,False,,
363,FHLC,FHLC,AMEX:FHLC,US,Fidelity MSCI Health Care Index ETF,3.476,Health,Long,195280.65,,https://www.tradingview.com/chart/?symbol=AMEX%3AFHLC,False,,20.87344725971745,32.78864336576222,82.27999877929688,68.55999755859375,72.46933813476562,0.828252290890601,30.7845276857456,63.04930890787168,False,False,False,False,,
364,CGMM,CGMM,AMEX:CGMM,US,Capital Group U.S. Small and Mid Cap ETF,3.441,Mid-Cap Blend,Long,673508.25,,https://www.tradingview.com/chart/?symbol=AMEX%3ACGMM,False,,-39.74303500150011,-39.74303500150011,31.40999984741211,28.405000686645508,29.66288066864014,0.5637897192833665,-22.229115603353833,,False,False,False,False,,
365,SPHD,SPHD,AMEX:SPHD,US,Invesco S&P 500 High Dividend Low Volatility ETF,3.441,Large Value,Long,644489.65,,https://www.tradingview.com/chart/?symbol=AMEX%3ASPHD,True,2026-09-24 09:30,-77.73175128543777,-76.85400413507195,48.869998931884766,48.65999984741211,49.819940063476565,0.04272615368376282,-19.37962314153845,72.14888605262952,False,True,False,False,,
366,ZWB,ZWB.TO,TSX:ZWB,TSX,BMO Covered Call Canadian Banks Fund,3.414,Financials,Long,193441.75,,https://www.tradingview.com/chart/?symbol=TSX%3AZWB,False,,7.331733067441469,7.331733067441469,30.25,24.489999771118164,26.30956000518799,0.7470816456433664,-9.347498027047367,83.10552179579554,False,False,False,False,,
367,ACWV,ACWV,AMEX:ACWV,US,iShares MSCI Global Min Vol Factor ETF,3.4,Global Large-Stock Blend,Long,32558.2,,https://www.tradingview.com/chart/?symbol=AMEX%3AACWV,False,,-66.10212801281257,-66.10212801281257,123.94000244140625,117.0999984741211,119.75971768188477,0.6069215620834549,30.127291902411276,63.089807861649966,False,False,False,False,,
368,BOTZ,BOTZ,AMEX:BOTZ,US,Global X Robotics & Artificial Intelligence ETF,3.399,Technology,Long,612684.25,,https://www.tradingview.com/chart/?symbol=AMEX%3ABOTZ,False,,14.596946706827842,14.596946706827842,35.2400016784668,32.0,34.27740036010742,0.33575141618142934,-35.722177801553535,33.01650879319748,False,False,False,False,,
369,TSLL,TSLL,AMEX:TSLL,US,Direxion Daily TSLA Bull 2X ETF,3.397,Trading--Leveraged Equity,2X Long,106549464.7,,https://www.tradingview.com/chart/?symbol=AMEX%3ATSLL,False,,36.877034872477324,56.017915897730184,10.260000228881836,6.730199813842773,9.165672477722168,0.34204157176714295,2.8589438191863983,-33.285445009962864,False,False,False,False,,
370,FELV,FELV,AMEX:FELV,US,Fidelity Enhanced Large Cap Value ETF,3.392,Large Value,Long,161748.05,,https://www.tradingview.com/chart/?symbol=AMEX%3AFELV,False,,-63.83699593342457,-63.83699593342457,41.77000045776367,34.16999816894531,36.29163856506348,0.8453838564927281,22.320957459515014,,False,False,False,False,,
371,IHI,IHI,AMEX:IHI,US,iShares U.S. Medical Devices ETF,3.38,Health,Long,2264115.15,,https://www.tradingview.com/chart/?symbol=AMEX%3AIHI,False,,-6.356401977403853,-6.356401977403853,51.33000183105469,47.540000915527344,49.694680267333986,0.41511523063257144,-5.377298179246542,-45.484221506575835,False,False,False,False,,
372,SITU,SITU.NE,NEO:SITU,NEO,Scotia U.S. Equity Index Tracker ETF,3.38,US Equity,Long,66301.05,,https://www.tradingview.com/chart/?symbol=NEO%3ASITU,False,,53.93531140184453,53.93531140184453,49.650001525878906,40.150001525878906,42.465160949707034,0.9683998332576356,15.2104199941829,71.50093686606658,False,False,False,False,,
373,GSUS,GSUS,AMEX:GSUS,US,Goldman Sachs MarketBeta U.S. Equity ETF,3.376,Large Blend,Long,108923.35,,https://www.tradingview.com/chart/?symbol=AMEX%3AGSUS,False,,25.57956163415714,25.57956163415714,106.2300033569336,87.02999877929688,91.85619985961914,0.9388753193059454,22.835177683027656,69.34571106238843,False,False,False,False,,
374,BULZ,BULZ,AMEX:BULZ,US,MicroSectors Solactive FANG & Innovation 3X Leveraged ETN,3.362,Trading--Leveraged Equity,3X Long,550814.95,,https://www.tradingview.com/chart/?symbol=AMEX%3ABULZ,False,,54.27459659698153,54.27459659698153,46.029998779296875,15.329999923706055,24.810119941711427,0.7642518993597965,36.73356331587505,54.59423701820393,False,False,False,False,,
375,WTV,WTV,AMEX:WTV,US,WisdomTree US Value Fund of Benef Interest,3.357,Mid-Cap Value,Long,164342.05,,https://www.tradingview.com/chart/?symbol=AMEX%3AWTV,False,,-79.54994619682758,-79.54994619682758,104.41000366210938,93.4000015258789,97.2267406616211,0.6790012101638708,25.35886132358981,73.31980983256516,False,False,False,False,,
376,XYLD,XYLD,AMEX:XYLD,US,Global X S&P 500 Covered Call ETF,3.349,Derivative Income,Long,408177.55,,https://www.tradingview.com/chart/?symbol=AMEX%3AXYLD,False,,0.911177699339941,0.911177699339941,41.5620002746582,38.349998474121094,39.14059901428222,0.9588058525387078,54.43032554288286,73.67984282444284,False,False,False,False,,
377,PTLC,PTLC,AMEX:PTLC,US,Pacer Trendpilot US Large Cap ETF,3.34,Large Blend,Long,83817.7,,https://www.tradingview.com/chart/?symbol=AMEX%3APTLC,False,,30.149704539707187,30.149704539707187,59.93000030517578,51.709999084472656,53.8151195526123,0.9215245955972758,19.62031847321469,60.48697963120919,False,False,False,False,,
378,SKYY,SKYY,AMEX:SKYY,US,First Trust Cloud Computing ETF,3.312,Technology,Long,246452.35,,https://www.tradingview.com/chart/?symbol=AMEX%3ASKYY,False,,51.73953204448651,55.550582595443835,166.97000122070312,104.11000061035156,119.3839208984375,0.9712608069334125,52.439367265271585,47.59136882141061,False,False,False,False,,
380,XEI,XEI.TO,TSX:XEI,TSX,iShares S&P/TSX Composite High Dividend Index ETF,3.209,High Dividend Yield,Long,154448.6,,https://www.tradingview.com/chart/?symbol=TSX%3AXEI,False,,-71.73798827849379,-71.73798827849379,39.040000915527344,35.70000076293945,36.9012407989502,0.656188615414824,-6.876429388065733,80.59261467661683,False,False,False,False,,
381,FWD,FWD,AMEX:FWD,US,AB Disruptors ETF,3.205,Global Large-Stock Growth,Long,158130.3,,https://www.tradingview.com/chart/?symbol=AMEX%3AFWD,False,,49.49291566305561,54.23463725503694,132.3800048828125,103.52999877929688,114.23849877929688,0.6358128066890496,-32.362017271517836,70.0517429175783,False,False,False,False,,
382,FNDC,FNDC,AMEX:FNDC,US,Schwab Fundamental International Small Equity ETF,3.19,Foreign Small/Mid Value,Long,103092.1,,https://www.tradingview.com/chart/?symbol=AMEX%3AFNDC,False,,-33.572509150484755,-33.572509150484755,49.970001220703125,44.79999923706055,46.41895938110351,0.7536445369758684,29.338926916985958,66.71160672119419,False,False,False,False,,
383,SPUS,SPUS,AMEX:SPUS,US,SP Funds S&P 500 Sharia Industry Exclusions ETF,3.171,Large Growth,Long,390807.15,,https://www.tradingview.com/chart/?symbol=AMEX%3ASPUS,False,,44.55689555410361,45.29553786515259,59.584999084472656,46.654998779296875,49.849258743286136,0.9553011046134585,31.30442399885977,69.55004865336119,False,False,False,False,,
384,CGGE,CGGE,AMEX:CGGE,US,Capital Group Global Equity ETF,3.169,Global Large-Stock Blend,Long,467355.5,,https://www.tradingview.com/chart/?symbol=AMEX%3ACGGE,False,,17.002674897943404,17.002674897943404,34.90999984741211,29.520000457763672,31.05046060180664,0.8311486325914528,-9.808463205760988,,False,False,False,False,,
385,AVSC,AVSC,AMEX:AVSC,US,Avantis U.S Small Cap Equity ETF,3.152,Small Value,Long,102088.15,,https://www.tradingview.com/chart/?symbol=AMEX%3AAVSC,False,,-54.939118283478514,-54.939118283478514,69.93000030517578,60.09000015258789,63.66776011657715,0.6490765337486221,-28.006748792457387,74.50518177049204,False,False,False,False,,
386,BDYN,BDYN,AMEX:BDYN,US,iShares Dynamic Equity Active ETF,3.117,Global Large-Stock Blend,Long,405836.6,,https://www.tradingview.com/chart/?symbol=AMEX%3ABDYN,False,,17.460768404399378,17.460768404399378,28.049999237060547,23.58009910583496,24.795475608825683,0.8679585530684648,-0.2965262136329307,,False,False,False,False,,
387,CGNG,CGNG,AMEX:CGNG,US,Capital Group New Geography Equity ETF,3.112,Diversified Emerging Mkts,Long,527046.75,,https://www.tradingview.com/chart/?symbol=AMEX%3ACGNG,False,,19.62326153591259,19.62326153591259,36.80500030517578,30.274999618530273,32.1240598526001,0.8334396758165021,18.977424538205096,,False,False,False,False,,
388,GARP,GARP,AMEX:GARP,US,iShares MSCI USA Quality GARP ETF,3.087,Large Growth,Long,211350.85,,https://www.tradingview.com/chart/?symbol=AMEX%3AGARP,False,,37.56041720926715,47.27063975127721,85.29499816894531,61.59000015258789,67.26816047668457,0.98524508160138,26.29136002307825,74.1373815284176,False,False,False,False,,
389,PXF,PXF,AMEX:PXF,US,Invesco RAFI Developed Markets ex-U.S. ETF,3.06,Foreign Large Value,Long,101976.05,,https://www.tradingview.com/chart/?symbol=AMEX%3APXF,False,,-68.35943139584593,-68.35943139584593,77.06999969482422,67.48999786376953,70.56743807983399,0.734662665525378,39.92206772052928,74.95959028070023,False,False,False,False,,
390,TMSL,TMSL,AMEX:TMSL,US,T. Rowe Price Small-Mid Cap ETF,3.011,Mid-Cap Blend,Long,412432.0,,https://www.tradingview.com/chart/?symbol=AMEX%3ATMSL,False,,-41.19737453306146,-41.19737453306146,41.040000915527344,35.22999954223633,37.47436004638672,0.6109358641631134,-34.04271775777079,,False,False,False,False,,
391,XSMO,XSMO,AMEX:XSMO,US,Invesco S&P SmallCap Momentum ETF,3.009,Small Blend,Long,280620.75,,https://www.tradingview.com/chart/?symbol=AMEX%3AXSMO,False,,-25.139644623625117,-19.424888633639696,82.31999969482422,73.54000091552734,78.2883215637207,0.4363815894999524,-60.06186965738556,71.14722983176627,False,False,True,False,,
392,QGRW,QGRW,AMEX:QGRW,US,WisdomTree U.S. Quality Growth Fund,2.997,Large Growth,Long,207763.65,,https://www.tradingview.com/chart/?symbol=AMEX%3AQGRW,False,,49.58561371065042,49.78805188725593,68.8499984741211,51.220001220703125,55.442064483642575,0.9854611578960387,17.660771013606904,65.22846630083575,False,False,False,False,,
393,CQQQ,CQQQ,AMEX:CQQQ,US,Invesco China Technology ETF,2.982,Greater China Region,Long,733209.75,,https://www.tradingview.com/chart/?symbol=AMEX%3ACQQQ,False,,12.066664484448618,12.066664484448618,46.59000015258789,44.654998779296875,47.626238815307616,0.15369351468143339,-64.20633388780581,24.589473055632254,False,True,True,False,,
394,SNPE,SNPE,AMEX:SNPE,US,Xtrackers S&P 500 Scored & Screened ETF,2.963,Large Blend,Long,274740.3,,https://www.tradingview.com/chart/?symbol=AMEX%3ASNPE,False,,8.874567143562695,8.874567143562695,69.9800033569336,57.880001068115234,61.178101608276364,0.8658318645500173,12.597355789518266,70.29266812749177,False,False,False,False,,
395,JMEE,JMEE,AMEX:JMEE,US,JPMorgan Small & Mid Cap Enhanced Equity ETF,2.953,Small Blend,Long,119051.65,,https://www.tradingview.com/chart/?symbol=AMEX%3AJMEE,False,,-33.59458527325093,-33.18204232252375,74.30000305175781,64.9800033569336,68.48224249267578,0.628032479430448,-29.936950060937875,74.49900087133592,False,False,False,False,,
396,SOXQ,SOXQ,AMEX:SOXQ,US,Invesco PHLX Semiconductor ETF,2.944,Technology,Long,1520967.65,,https://www.tradingview.com/chart/?symbol=AMEX%3ASOXQ,False,,47.26154053810199,53.198268026064135,98.25,56.220001220703125,70.129841796875,0.7130980155808436,-24.890616300678488,84.5806699407924,False,False,False,False,,
397,CWI,CWI,AMEX:CWI,US,State Street SPDR MSCI ACWI ex-US ETF,2.914,Foreign Large Blend,Long,190439.0,,https://www.tradingview.com/chart/?symbol=AMEX%3ACWI,False,,-8.032668960771655,-8.032668960771655,40.66999816894531,35.43000030517578,36.954560089111325,0.8111452951076206,17.336181519928918,71.94248224155119,False,False,False,False,,
398,ESML,ESML,AMEX:ESML,US,iShares ESG Aware MSCI USA Small-Cap ETF,2.885,Small Blend,Long,50437.05,,https://www.tradingview.com/chart/?symbol=AMEX%3AESML,False,,-45.23535601490613,-45.23535601490613,52.70000076293945,45.630001068115234,48.22600106811524,0.6427272449840199,-21.813723440904464,72.96516358198598,False,False,False,False,,
399,SECT,SECT,AMEX:SECT,US,Main Sector Rotation ETF,2.883,Large Blend,Long,97856.9,,https://www.tradingview.com/chart/?symbol=AMEX%3ASECT,False,,29.862973754028975,33.54953681727511,71.91000366210938,58.65999984741211,62.17404060363769,0.889859030441995,-5.748676655656965,68.3662084330475,False,False,False,False,,
400,MDYG,MDYG,AMEX:MDYG,US,State Street SPDR S&P 400 Mid Cap Growth ETF,2.865,Mid-Cap Growth,Long,78049.75,,https://www.tradingview.com/chart/?symbol=AMEX%3AMDYG,False,,-17.364179812226315,3.9277523412347826,105.3499984741211,92.73999786376953,97.68422235107423,0.6019063559278828,-36.84999748788682,72.25160768466351,False,False,False,False,,
401,EQWL,EQWL,AMEX:EQWL,US,Invesco S&P 100 Equal Weight ETF,2.856,Large Value,Long,109022.05,,https://www.tradingview.com/chart/?symbol=AMEX%3AEQWL,False,,-59.208460128554236,-59.208460128554236,130.35000610351562,112.76000213623047,118.13961990356445,0.7716609461524172,14.308294743209066,72.87525312861048,False,False,False,False,,
402,IXC,IXC,AMEX:IXC,US,iShares Global Energy ETF,2.854,Equity Energy,Long,436581.65,,https://www.tradingview.com/chart/?symbol=AMEX%3AIXC,False,,-56.667947947257744,-43.01130391069771,58.029998779296875,48.689998626708984,51.491319274902345,0.7868574550479649,57.27642479276184,78.26706275371579,False,False,False,False,,
403,IPAC,IPAC,AMEX:IPAC,US,iShares Core MSCI Pacific ETF,2.847,Focused Region,Long,121205.4,,https://www.tradingview.com/chart/?symbol=AMEX%3AIPAC,False,,-21.963261591714524,-21.963261591714524,84.38999938964844,74.03500366210938,77.14076272583007,0.7868540158976687,42.124450706836456,72.93985357738966,False,False,False,False,,
404,MDYV,MDYV,AMEX:MDYV,US,State Street SPDR S&P 400 Mid Cap Value ETF,2.844,Mid-Cap Value,Long,66445.6,,https://www.tradingview.com/chart/?symbol=AMEX%3AMDYV,False,,-69.68983732859458,-69.68983732859458,89.76000213623047,82.81999969482422,86.26088012695313,0.47599462070192516,-36.25796029774438,70.04189012384215,False,False,False,False,,
405,SPYX,SPYX,AMEX:SPYX,US,State Street SPDR S&P 500 Fossil Fuel Reserves Free ETF,2.84,Large Blend,Long,43812.65,,https://www.tradingview.com/chart/?symbol=AMEX%3ASPYX,False,,25.59567821204088,25.59567821204088,62.880001068115234,51.4900016784668,54.39516110229492,0.9252641469207237,17.417913431230605,68.73459980162744,False,False,False,False,,
406,PRFZ,PRFZ,AMEX:PRFZ,US,Invesco RAFI US 1500 Small-Mid ETF,2.819,Small Blend,Long,77481.25,,https://www.tradingview.com/chart/?symbol=AMEX%3APRFZ,False,,-42.664915774591066,-42.664915774591066,52.779998779296875,44.47999954223633,47.38869972229004,0.6734278882982427,-20.03581958763692,73.68766668107078,False,False,False,False,,
407,USD,USD,AMEX:USD,US,ProShares Ultra Semiconductors,2.776,Trading--Leveraged Equity,2X Long,582541.75,,https://www.tradingview.com/chart/?symbol=AMEX%3AUSD,False,,42.59281961776739,46.577775202326954,94.41000366210938,43.189998626708984,59.783158950805664,0.7284881814105265,-17.002815506706934,75.07839466848797,False,False,False,False,,
408,DIVI,DIVI,AMEX:DIVI,US,Franklin International Core Dividend Tilt Index Fund,2.754,Foreign Large Value,Long,209275.55,,https://www.tradingview.com/chart/?symbol=AMEX%3ADIVI,False,,-57.07302167317331,-57.07302167317331,42.88999938964844,38.38999938964844,39.892092071533206,0.7070136302557876,14.782715635231755,71.72410052498037,False,False,False,False,,
409,PSC,PSC,AMEX:PSC,US,Principal U.S. Small-Cap ETF,2.721,Small Blend,Long,180890.3,,https://www.tradingview.com/chart/?symbol=AMEX%3APSC,False,,-41.61253088020691,-41.61253088020691,67.4000015258789,55.68000030517578,59.24832095336914,0.7751322150620973,-16.91907559715469,77.16711629965589,False,False,False,False,,
410,JMOM,JMOM,AMEX:JMOM,US,JPMorgan U.S. Momentum Factor ETF,2.701,Large Blend,Long,132290.95,,https://www.tradingview.com/chart/?symbol=AMEX%3AJMOM,False,,36.87235210076664,42.30273217305109,83.61000061035156,65.7300033569336,70.43820263671876,0.896240600928683,-9.565285103007886,77.05581126033681,False,False,False,False,,
411,TQCD,TQCD.TO,TSX:TQCD,TSX,TD Q Canadian Dividend ETF,2.683,Canadian Dividend and Income Equity,Long,150525.6,,https://www.tradingview.com/chart/?symbol=TSX%3ATQCD,False,,-28.546434463528204,-28.546434463528204,29.209999084472656,25.6299991607666,26.70615948486328,0.7850874661299322,20.97445414582315,74.60801022139363,False,False,False,False,,
412,FLIN,FLIN,AMEX:FLIN,US,Franklin FTSE India ETF,2.674,India Equity,Long,168164.05,,https://www.tradingview.com/chart/?symbol=AMEX%3AFLIN,False,,-23.13617003114695,-23.13617003114695,34.22999954223633,32.31999969482422,33.33951962280273,0.4421296255415193,-29.163766677405903,-40.772113750478404,False,False,False,False,,
413,PSI,PSI,AMEX:PSI,US,Invesco Semiconductors ETF,2.644,Technology,Long,364262.8,,https://www.tradingview.com/chart/?symbol=AMEX%3APSI,False,,43.908661036998986,53.11420676310548,147.3300018310547,88.41510009765625,111.86521618652344,0.5929146259400754,-34.825557307743345,84.32273887376617,False,False,False,False,,
414,CNEQ,CNEQ,AMEX:CNEQ,US,Alger Concentrated Equity ETF,2.622,Large Growth,Long,247896.75,,https://www.tradingview.com/chart/?symbol=AMEX%3ACNEQ,False,,34.223432326391325,43.97974083362777,40.75,29.655000686645508,32.52830095672607,0.9112934924403987,7.503315007450602,,False,False,False,False,,
415,SCHY,SCHY,AMEX:SCHY,US,Schwab International Dividend Equity ETF,2.617,Foreign Large Value,Long,546316.05,,https://www.tradingview.com/chart/?symbol=AMEX%3ASCHY,False,,-67.85496952570107,-67.85496952570107,32.0099983215332,30.790000915527344,31.495640411376954,0.40802617981398553,-1.027786960376936,67.17140222988262,False,False,False,False,,
416,PICK,PICK,AMEX:PICK,US,iShares MSCI Global Metals & Mining Producers ETF,2.612,Natural Resources,Long,624921.45,,https://www.tradingview.com/chart/?symbol=AMEX%3APICK,False,,-39.01086764150808,-39.01086764150808,60.720001220703125,51.810001373291016,55.81964176940918,0.5244260722295679,16.417141786779965,63.05193527783351,False,False,False,False,,
417,ZEM,ZEM.TO,TSX:ZEM,TSX,BMO MSCI Emerging Markets Index ETF,2.561,Total Market,Long,106257.2,,https://www.tradingview.com/chart/?symbol=TSX%3AZEM,False,,34.14679795798208,34.14679795798208,34.20000076293945,27.360000610351562,29.50996075439453,0.7508232375764824,31.69660679432882,76.78060320747608,False,False,False,False,,
418,FSMD,FSMD,AMEX:FSMD,US,Fidelity Small-Mid Multifactor ETF,2.556,Small Blend,Long,106860.5,,https://www.tradingview.com/chart/?symbol=AMEX%3AFSMD,False,,-63.103915426979974,-63.103915426979974,49.619998931884766,43.45000076293945,45.80292015075683,0.6188565470667572,-30.258713334863618,75.45047490690173,False,False,False,False,,
419,NULV,NULV,AMEX:NULV,US,Nuveen ESG Large-Cap Value ETF,2.548,Large Value,Long,318917.3,,https://www.tradingview.com/chart/?symbol=AMEX%3ANULV,False,,-22.270608381547145,-5.126280633817313,53.15999984741211,44.59000015258789,46.85559979248047,0.8927084434363752,41.35927858330387,78.12775900502902,False,False,False,False,,
420,CGIC,CGIC,AMEX:CGIC,US,Capital Group International Core Equity ETF,2.547,Foreign Large Blend,Long,360555.75,,https://www.tradingview.com/chart/?symbol=AMEX%3ACGIC,False,,-7.578722141079955,-7.578722141079955,36.400001525878906,32.130001068115234,33.36664056396484,0.8148859157533958,18.414391269261696,,False,False,False,False,,
421,FTHI,FTHI,AMEX:FTHI,US,First Trust BuyWrite Income ETF,2.527,Derivative Income,Long,563753.15,,https://www.tradingview.com/chart/?symbol=AMEX%3AFTHI,False,,-2.4819866516625844,-2.4819866516625844,23.635000228881836,22.454999923706055,22.90575988769531,0.6178012562538072,22.07877902936001,63.610020165084954,False,False,False,False,,
422,RING,RING,AMEX:RING,US,iShares MSCI Global Gold Miners ETF,2.502,Equity Precious Metals,Long,932039.85,,https://www.tradingview.com/chart/?symbol=AMEX%3ARING,False,,-38.43913622498295,-38.43913622498295,80.66999816894531,60.55500030517578,68.24685342407227,0.6171646055210503,37.16647615669351,45.32290117704051,False,False,False,False,,
423,FEGE,FEGE,AMEX:FEGE,US,First Eagle Global Equity ETF,2.499,Global Large-Stock Blend,Long,339284.85,,https://www.tradingview.com/chart/?symbol=AMEX%3AFEGE,False,,-58.72599523108156,-58.72599523108156,51.04999923706055,45.849998474121094,47.641238510131835,0.6851120762054871,30.473378337879357,,False,False,False,False,,
424,CGIE,CGIE,AMEX:CGIE,US,Capital Group International Equity ETF,2.493,Foreign Large Growth,Long,370065.45,,https://www.tradingview.com/chart/?symbol=AMEX%3ACGIE,False,,-19.118589267936414,-19.118589267936414,36.834999084472656,32.61000061035156,33.97526057434082,0.7303368341506743,4.083544377107773,,False,False,False,False,,
425,BSVO,BSVO,AMEX:BSVO,US,EA Bridgeway Omni Small-Cap Value ETF,2.489,Small Value,Long,124128.45,,https://www.tradingview.com/chart/?symbol=AMEX%3ABSVO,True,2026-09-24 13:30,-76.34205741197974,-76.34205741197974,28.479999542236328,24.305200576782227,25.684573150634765,0.7142758776879202,-16.678941394474077,73.31292781106053,False,False,False,False,,
426,PWB,PWB,AMEX:PWB,US,Invesco Large Cap Growth ETF,2.487,Large Growth,Long,117576.1,,https://www.tradingview.com/chart/?symbol=AMEX%3APWB,False,,49.25612691243339,54.29011169126977,162.58999633789062,121.1500015258789,132.31516275024413,0.8759245459252893,-16.498346878561488,74.22793170335883,False,False,False,False,,
427,APUE,APUE,AMEX:APUE,US,ActivePassive U.S. Equity ETF,2.484,Large Blend,Long,117781.15,,https://www.tradingview.com/chart/?symbol=AMEX%3AAPUE,False,,27.59950020620963,27.59950020620963,47.33000183105469,38.77000045776367,40.97424049377442,0.9164883547586714,14.478029676124864,71.29425528722307,False,False,False,False,,
428,DFSU,DFSU,AMEX:DFSU,US,Dimensional US Sustainability Core 1 ETF,2.434,Large Blend,Long,92405.95,,https://www.tradingview.com/chart/?symbol=AMEX%3ADFSU,False,,1.6483938752120217,1.6483938752120217,47.63999938964844,39.93000030517578,42.06816062927246,0.8509931474405532,7.974143279444209,68.26746984669774,False,False,False,False,,
429,ACIO,ACIO,AMEX:ACIO,US,Aptus Collared Investment Opportunity ETF,2.41,Equity Hedged,Long,132430.25,,https://www.tradingview.com/chart/?symbol=AMEX%3AACIO,False,,34.249926848858046,34.249926848858046,47.185001373291016,41.2599983215332,42.7656785736084,0.9286837084352031,10.722994829421419,64.1793619371333,False,False,False,False,,
430,FNCL,FNCL,AMEX:FNCL,US,Fidelity MSCI Financials Index ETF,2.396,Financial,Long,96725.0,,https://www.tradingview.com/chart/?symbol=AMEX%3AFNCL,True,2026-09-24 13:30,-75.71758812082014,-75.43963059262808,77.30999755859375,67.91999816894531,71.54967932128906,0.6105329264324209,3.8440380679341306,55.63718487918121,False,False,False,False,,
431,MLPA,MLPA,AMEX:MLPA,US,Global X MLP ETF,2.39,Energy Limited Partnership,Long,158615.45,,https://www.tradingview.com/chart/?symbol=AMEX%3AMLPA,True,2026-09-24 09:30,-76.27962961720421,-76.27962961720421,54.7400016784668,51.810001373291016,53.19178126525879,0.5004270767298237,43.863339071243985,76.37338722776839,False,False,False,False,,
432,EWL,EWL,AMEX:EWL,US,iShares MSCI Switzerland ETF,2.389,Focused Region,Long,504798.65,,https://www.tradingview.com/chart/?symbol=AMEX%3AEWL,False,,-12.782932186640137,-9.084061713526642,60.41999816894531,56.30500030517578,58.27913980102539,0.49193053372941137,-32.28218724826487,64.3122201661151,False,False,False,False,,
433,HDEF,HDEF,AMEX:HDEF,US,Xtrackers MSCI EAFE High Dividend Yield Equity ETF,2.338,Foreign Large Value,Long,115104.6,,https://www.tradingview.com/chart/?symbol=AMEX%3AHDEF,True,2026-09-24 09:30,-69.89978716808942,-69.07105303599566,32.880001068115234,31.284000396728516,32.05595637512207,0.4879244011181693,14.82232761076265,67.22366579694902,False,False,False,False,,
434,FAS,FAS,AMEX:FAS,US,Direxion Daily Financial Bull 3X ETF,2.334,Trading--Leveraged Equity,3X Long,286342.5,,https://www.tradingview.com/chart/?symbol=AMEX%3AFAS,True,2026-09-24 13:30,-75.4922837534172,-75.04143941135256,150.07000732421875,107.95999908447266,126.51344467163085,0.5356396954891578,-0.28053792559235075,24.846170308395227,False,False,False,False,,
435,EPP,EPP,AMEX:EPP,US,iShares MSCI Pacific ex-Japan ETF,2.326,Pacific/Asia ex-Japan Stk,Long,206702.7,,https://www.tradingview.com/chart/?symbol=AMEX%3AEPP,False,,-38.726225245274776,-38.726225245274776,55.18000030517578,51.8650016784668,53.436761642456055,0.49774755295183687,10.91252647591804,66.3325231028067,False,False,False,False,,
436,ITB,ITB,AMEX:ITB,US,iShares U.S. Home Construction ETF,2.32,Consumer Cyclical,Long,1733198.0,,https://www.tradingview.com/chart/?symbol=AMEX%3AITB,False,,-46.418497209364055,-11.691528260254508,88.27999877929688,86.28500366210938,90.66162322998046,0.10757591340872906,-62.953519253103416,-21.064460660511973,False,True,True,False,,
437,BGIG,BGIG,AMEX:BGIG,US,Bahl & Gaynor Income Growth ETF,2.315,Large Value,Long,130613.6,,https://www.tradingview.com/chart/?symbol=AMEX%3ABGIG,False,,-60.62723256279588,-60.62723256279588,35.65999984741211,32.720001220703125,33.86814071655274,0.6043165298393357,-11.621740251255915,,False,False,False,False,,
438,COWG,COWG,AMEX:COWG,US,Pacer US Large Cap Cash Cows Growth Leaders ETF,2.314,Mid-Cap Growth,Long,229752.15,,https://www.tradingview.com/chart/?symbol=AMEX%3ACOWG,False,,55.18870446342117,62.11275365106309,40.03010177612305,32.790000915527344,34.626080627441404,0.9306043697413066,27.927885241298423,63.99911204021523,False,False,False,False,,
439,FIDU,FIDU,AMEX:FIDU,US,Fidelity MSCI Industrial Index ETF,2.284,Industrials,Long,100929.1,,https://www.tradingview.com/chart/?symbol=AMEX%3AFIDU,False,,-29.80828508931135,-5.447853043614198,89.69000244140625,83.70999908447266,87.4789193725586,0.37445227926352703,-49.80433626482314,65.09599118227773,False,False,False,False,,
440,EWP,EWP,AMEX:EWP,US,iShares MSCI Spain ETF,2.277,Focused Region,Long,348149.15,,https://www.tradingview.com/chart/?symbol=AMEX%3AEWP,False,,-33.51756159642931,-33.51756159642931,60.779998779296875,51.650001525878906,54.38052145385742,0.7891095500635343,15.845178469553517,69.61788721488175,False,False,False,False,,
441,HFXI,HFXI,AMEX:HFXI,US,NYLIM FTSE International Equity Currency Neutral ETF,2.265,Foreign Large Blend,Long,421386.25,,https://www.tradingview.com/chart/?symbol=AMEX%3AHFXI,False,,-9.757341558270381,-9.757341558270381,37.439998626708984,32.54999923706055,33.982519165039065,0.8056012579074845,-0.027572037845513542,74.63740471272962,False,False,False,False,,
442,FUTY,FUTY,AMEX:FUTY,US,Fidelity MSCI Utilities Index ETF,2.251,Utilities,Long,387702.15,,https://www.tradingview.com/chart/?symbol=AMEX%3AFUTY,False,,-74.12919316682105,-74.12919316682105,50.959999084472656,50.959999084472656,53.383719192504884,0.0,-70.21038043889041,35.52910468046142,False,True,True,False,,"WATCH: weekly+band ok, waiting on 4h dot"
443,SPGP,SPGP,AMEX:SPGP,US,Invesco S&P 500 GARP ETF,2.241,Large Value,Long,75705.3,,https://www.tradingview.com/chart/?symbol=AMEX%3ASPGP,False,,-71.2377774705185,-71.2377774705185,119.5199966430664,104.2300033569336,110.08870083618164,0.6159113742105148,-16.37329844781783,66.41378524668342,False,False,False,False,,
444,IYG,IYG,AMEX:IYG,US,iShares US Financial Services ETF,2.235,Financial,Long,77891.35,,https://www.tradingview.com/chart/?symbol=AMEX%3AIYG,True,2026-09-24 13:30,-72.09926013292947,-72.09926013292947,92.0199966430664,80.11499786376953,84.46565908813477,0.6457822310271889,9.423745371066689,55.03347441650525,False,False,False,False,,
445,FINN,FINN.NE,NEO:FINN,NEO,Fidelity Global Innovators ETF,2.224,Total Market,Long,194894.7,,https://www.tradingview.com/chart/?symbol=NEO%3AFINN,False,,70.86716280857372,70.86716280857372,34.31999969482422,22.270000457763672,25.11380027770996,1.0,18.69936626848536,82.52961552817817,False,False,False,False,,
446,REMX,REMX,AMEX:REMX,US,VanEck Rare Earth and Strategic Metals ETF,2.211,Natural Resources,Long,544250.6,,https://www.tradingview.com/chart/?symbol=AMEX%3AREMX,False,,-31.528576355560592,-31.528576355560592,66.9000015258789,64.47000122070312,75.39208093261719,0.052506490260817155,-41.691493442595174,32.20516030550431,False,True,False,False,,
447,DES,DES,AMEX:DES,US,WisdomTree U.S. SmallCap Dividend Fund,2.198,Small Value,Long,101949.2,,https://www.tradingview.com/chart/?symbol=AMEX%3ADES,False,,-67.39753971438039,-66.23693643090307,38.58000183105469,34.814998626708984,36.439859130859375,0.5468412543452076,-35.058899017108786,76.23828294102952,False,False,False,False,,
448,DTCR,DTCR,AMEX:DTCR,US,Global X Data Center And Digital Infrastructure ETF,2.19,Real Estate,Long,662025.6,,https://www.tradingview.com/chart/?symbol=AMEX%3ADTCR,False,,19.75065925329977,19.75065925329977,27.954999923706055,23.03499984741211,25.266380279541014,0.5203595053926212,-34.45761529974812,75.44309212914085,False,False,False,False,,
449,TCHP,TCHP,AMEX:TCHP,US,T. Rowe Price Blue Chip Growth ETF,2.186,Large Growth,Long,201025.65,,https://www.tradingview.com/chart/?symbol=AMEX%3ATCHP,False,,39.657307228304184,39.657307228304184,51.41999816894531,42.5,44.978,0.8495236351376488,-0.0726110222820792,42.9369825283981,False,False,False,False,,
450,DFEV,DFEV,AMEX:DFEV,US,Dimensional Emerging Markets Value ETF,2.179,Diversified Emerging Mkts,Long,214388.95,,https://www.tradingview.com/chart/?symbol=AMEX%3ADFEV,False,,-9.215954901511958,-9.215954901511958,42.369998931884766,34.755001068115234,37.13142646789551,0.7562364448788397,40.37426408678456,76.39009114451183,False,False,False,False,,
451,IYT,IYT,AMEX:IYT,US,iShares US Transportation ETF,2.168,Industrials,Long,321360.85,,https://www.tradingview.com/chart/?symbol=AMEX%3AIYT,False,,-66.4850825665895,-59.64299087907236,78.88999938964844,72.18000030517578,76.39732095336915,0.37548953850922423,-62.19706476451,71.14883276152979,False,False,True,False,,
452,DSTL,DSTL,AMEX:DSTL,US,Distillate US Fundamental Stability & Value ETF,2.161,Large Value,Long,131000.05,,https://www.tradingview.com/chart/?symbol=AMEX%3ADSTL,False,,-69.65070228461059,-69.65070228461059,64.62000274658203,56.70500183105469,59.88746197509766,0.5869485025793406,30.124310865868974,76.19156373034214,False,False,False,False,,
453,URNM,URNM,AMEX:URNM,US,Sprott Uranium Miners ETF,2.16,Natural Resources,Long,728080.45,,https://www.tradingview.com/chart/?symbol=AMEX%3AURNM,False,,-29.45756129644873,-29.45756129644873,49.15999984741211,47.119998931884766,52.87131867980957,0.08370952010417552,-11.663447396965026,11.382484843859048,False,True,False,False,,
454,IHDG,IHDG,AMEX:IHDG,US,WisdomTree International Hedged Quality Dividend Growth Fund,2.151,Foreign Large Growth,Long,107764.7,,https://www.tradingview.com/chart/?symbol=AMEX%3AIHDG,False,,1.7591274068518494,1.7591274068518494,52.2599983215332,46.59000015258789,48.34348022460937,0.7631221986620322,-12.89127227938566,73.63602074518269,False,False,False,False,,
455,FENY,FENY,AMEX:FENY,US,Fidelity MSCI Energy Index ETF,2.14,Equity Energy,Long,917053.5,,https://www.tradingview.com/chart/?symbol=AMEX%3AFENY,False,,-63.69071100383831,-53.64191557866045,34.529998779296875,29.375,31.057680252075194,0.7230011230081853,57.34188599247807,79.20726161096418,False,False,False,False,,
457,FLQL,FLQL,AMEX:FLQL,US,Franklin U.S. Large Cap Multifactor Index ETF,2.128,Large Blend,Long,79832.15,,https://www.tradingview.com/chart/?symbol=AMEX%3AFLQL,False,,19.798040536324542,19.798040536324542,78.58000183105469,65.52999877929688,68.94017465209961,0.9031207876336408,6.806667957461376,69.89052791617364,False,False,False,False,,
458,XCEM,XCEM,AMEX:XCEM,US,Columbia EM Core ex-China ETF,2.127,Diversified Emerging Mkts,Long,117674.0,,https://www.tradingview.com/chart/?symbol=AMEX%3AXCEM,False,,22.639654755587042,22.639654755587042,51.68539810180664,39.18000030517578,42.90412773132324,0.792473925377446,35.70177475952621,78.46568985727468,False,False,False,False,,
459,PXH,PXH,AMEX:PXH,US,Invesco RAFI Emerging Markets ETF,2.126,Diversified Emerging Mkts,Long,163441.8,,https://www.tradingview.com/chart/?symbol=AMEX%3APXH,False,,-32.007090435239824,-32.007090435239824,29.239999771118164,25.940000534057617,26.96893682098389,0.7568980021812521,57.39608490793623,68.64596942106631,False,False,False,False,,
461,AVIV,AVIV,AMEX:AVIV,US,Avantis International Large Cap Value ETF,2.107,Foreign Large Value,Long,81174.1,,https://www.tradingview.com/chart/?symbol=AMEX%3AAVIV,False,,-65.03306147711136,-65.03306147711136,80.57260131835938,71.76000213623047,74.62976119995118,0.7247205639228653,34.9479415827769,70.85419909803745,False,False,False,False,,
462,RWJ,RWJ,AMEX:RWJ,US,Invesco S&P SmallCap 600 Revenue ETF,2.097,Small Value,Long,87099.95,,https://www.tradingview.com/chart/?symbol=AMEX%3ARWJ,False,,-69.9706408946095,-67.88104794871892,57.18000030517578,48.58409881591797,51.94141181945801,0.6042429613580265,-29.08975927905263,75.67422351223986,False,False,False,False,,
463,SQQQ,SQQQ,AMEX:SQQQ,US,ProShares UltraPro Short QQQ,2.087,Trading--Inverse Equity,-3X Short,39767135.35,,https://www.tradingview.com/chart/?symbol=AMEX%3ASQQQ,False,,-63.88655744802886,-58.712212133597596,34.16999816894531,33.78499984741211,46.91297248840332,0.0069210689545568475,-21.29084150136793,-50.8569262698166,False,True,False,False,,
465,GSEW,GSEW,AMEX:GSEW,US,Goldman Sachs Equal Weight U.S. Large Cap Equity ETF,2.06,Large Blend,Long,81334.95,,https://www.tradingview.com/chart/?symbol=AMEX%3AGSEW,False,,-29.598865210481176,-29.598865210481176,94.2300033569336,82.69000244140625,86.61232128906249,0.6943444227365205,-2.886857862820756,72.97494345075351,False,False,False,False,,
466,ICLN,ICLN,AMEX:ICLN,US,iShares Global Clean Energy ETF,2.057,Miscellaneous Sector,Long,6810889.9,,https://www.tradingview.com/chart/?symbol=AMEX%3AICLN,False,,-30.13256407248816,-30.13256407248816,16.959999084472656,16.860000610351562,18.481320358276367,0.014555820912429086,-41.482503094443715,44.562312940452294,False,True,False,False,,
467,EPI,EPI,AMEX:EPI,US,WisdomTree India Earnings Fund,2.049,India Equity,Long,283423.9,,https://www.tradingview.com/chart/?symbol=AMEX%3AEPI,False,,-20.346508731180048,-20.346508731180048,41.5099983215332,39.56999969482422,40.827880126953126,0.36397710323583554,-26.101270474434823,-41.70987334838549,False,False,False,False,,
468,ROBO,ROBO,AMEX:ROBO,US,ROBO Global Robotics & Automation Index ETF,2.049,Technology,Long,192072.6,,https://www.tradingview.com/chart/?symbol=AMEX%3AROBO,False,,28.47388481877476,43.80685902115971,80.38999938964844,65.69999694824219,71.50677774047851,0.5970331411178883,-38.88208720557412,66.49611816114603,False,False,False,False,,
469,WCMI,WCMI,AMEX:WCMI,US,First Trust WCM International Equity ETF,2.048,,Long,894419.55,,https://www.tradingview.com/chart/?symbol=AMEX%3AWCMI,False,,-25.363260655766272,-25.363260655766272,19.239999771118164,16.136999130249023,17.087607551574706,0.7703573151854337,2.555797735828944,,False,False,False,False,,
470,DIVB,DIVB,AMEX:DIVB,US,iShares Core Dividend ETF,2.039,Large Value,Long,225661.55,,https://www.tradingview.com/chart/?symbol=AMEX%3ADIVB,False,,-69.16985375363824,-69.16985375363824,65.29000091552734,52.84000015258789,56.826040908813475,0.7371224630517618,39.48427879136243,86.0611707403882,False,False,False,False,,
471,CGCV,CGCV,AMEX:CGCV,US,Capital Group Conservative Equity ETF,2.036,Large Value,Long,273546.85,,https://www.tradingview.com/chart/?symbol=AMEX%3ACGCV,False,,-26.849020009961635,-25.27112338516942,32.415000915527344,29.375,30.43109963989258,0.6793300451626212,-26.77590123964482,,False,False,False,False,,
472,OIH,OIH,AMEX:OIH,US,VanEck Oil Services ETF,2.032,Equity Energy,Long,243822.3,,https://www.tradingview.com/chart/?symbol=AMEX%3AOIH,False,,-58.9386956685625,-48.0730852514781,394.20001220703125,358.6875,381.15470288085936,0.3730305425781067,22.336688117118396,56.0504713500472,False,False,False,False,,
473,ICF,ICF,AMEX:ICF,US,iShares Select U.S. REIT ETF,2.009,Real Estate,Long,74104.15,,https://www.tradingview.com/chart/?symbol=AMEX%3AICF,False,,-66.44082437989222,-66.44082437989222,63.80500030517578,60.66999816894531,63.07011773681641,0.30825985257336447,-60.789776964631926,77.85552151533155,False,False,True,False,,
474,ARKG,ARKG,AMEX:ARKG,US,ARK Genomic Revolution ETF,2.002,Health,Long,3925006.7,,https://www.tradingview.com/chart/?symbol=AMEX%3AARKG,False,,46.44657823664118,46.44657823664118,53.560001373291016,24.739999771118164,31.541520149230955,1.0,60.73172040916639,76.84123039594596,False,False,False,False,,
475,QGRO,QGRO,AMEX:QGRO,US,American Century U.S. Quality Growth ETF,2.0,Large Growth,Long,70050.65,,https://www.tradingview.com/chart/?symbol=AMEX%3AQGRO,False,,38.17923718307662,40.37767869280876,117.7300033569336,101.47000122070312,106.02008093261719,0.843361160047929,-1.6606227453603448,47.592772020368706,False,False,False,False,,
476,PHO,PHO,AMEX:PHO,US,Invesco Water Resources ETF,1.991,Natural Resources,Long,71313.3,,https://www.tradingview.com/chart/?symbol=AMEX%3APHO,False,,-37.89481958717421,-1.067384709220163,68.06999969482422,64.06999969482422,66.26951962280273,0.4291845634095209,-14.976089560670781,6.909781376348522,False,False,False,False,,
477,BKDV,BKDV,AMEX:BKDV,US,BNY Mellon Dynamic Value ETF,1.983,Large Value,Long,312254.6,,https://www.tradingview.com/chart/?symbol=AMEX%3ABKDV,False,,-32.7022844130587,-32.7022844130587,34.11000061035156,29.049999237060547,30.47305554199219,0.839151845192832,16.132009617282627,,False,False,False,False,,
478,EMGF,EMGF,AMEX:EMGF,US,iShares Emerging Markets Equity Factor ETF,1.97,Diversified Emerging Mkts,Long,153001.9,,https://www.tradingview.com/chart/?symbol=AMEX%3AEMGF,False,,16.899363865285064,16.899363865285064,72.02999877929688,58.16999816894531,62.47933526611328,0.7590402120531704,31.049391021082148,75.55711960898215,False,False,False,False,,
479,EUSA,EUSA,AMEX:EUSA,US,iShares MSCI USA Equal Weighted ETF,1.944,Mid-Cap Blend,Long,65945.8,,https://www.tradingview.com/chart/?symbol=AMEX%3AEUSA,False,,-38.59649532165886,-37.75887755752101,112.79000091552734,99.4800033569336,104.24366278076172,0.6594005037631043,-7.953859675557442,73.70564617398631,False,False,False,False,,
480,FEOE,FEOE,AMEX:FEOE,US,First Eagle Overseas Equity ETF,1.94,Foreign Large Blend,Long,361083.9,,https://www.tradingview.com/chart/?symbol=AMEX%3AFEOE,False,,-44.19198458486441,-39.1118178311853,54.30500030517578,48.81999969482422,50.72805947875977,0.6784169735882316,10.290215149203858,,False,False,False,False,,
481,ARKQ,ARKQ,AMEX:ARKQ,US,ARK Autonomous Technology & Robotics ETF,1.934,Mid-Cap Growth,Long,10247.65,,https://www.tradingview.com/chart/?symbol=AMEX%3AARKQ,False,,34.97358653348564,39.27067790364237,124.87999725341797,106.5,115.30515942382813,0.4926292805179891,-19.65681536316497,52.08947523501052,False,False,False,False,,
482,RPG,RPG,AMEX:RPG,US,Invesco S&P 500 Pure Growth ETF,1.927,Large Growth,Long,343313.85,,https://www.tradingview.com/chart/?symbol=AMEX%3ARPG,False,,39.03903601246527,45.10195653450501,58.31999969482422,44.65999984741211,49.19120002746582,0.7114582971152347,-28.30267488970595,75.23781591219155,False,False,False,False,,
483,IYJ,IYJ,AMEX:IYJ,US,iShares U.S. Industrials ETF,1.924,Industrials,Long,126348.45,,https://www.tradingview.com/chart/?symbol=AMEX%3AIYJ,False,,-34.36263041761055,-25.439157428036925,155.4600067138672,143.3350067138672,149.6491842651367,0.4531864960662479,-37.88632832503695,64.94368974345777,False,False,False,False,,
484,PWV,PWV,AMEX:PWV,US,Invesco Large Cap Value ETF,1.909,Large Value,Long,129143.9,,https://www.tradingview.com/chart/?symbol=AMEX%3APWV,False,,-82.36890779915895,-75.4314130612509,77.72000122070312,68.37000274658203,71.91944296264649,0.6216753926170394,30.6537298448573,80.89228235620085,False,False,False,False,,
485,ILOW,ILOW,AMEX:ILOW,US,AB International Low Volatility Equity ETF,1.874,Foreign Large Blend,Long,54996.3,,https://www.tradingview.com/chart/?symbol=AMEX%3AILOW,False,,-38.556954784155955,-38.556954784155955,45.970001220703125,41.119998931884766,42.688219039916994,0.7298723784363129,14.510465925142087,,False,False,False,False,,
486,IYE,IYE,AMEX:IYE,US,iShares U.S. Energy ETF,1.867,Equity Energy,Long,533452.3,,https://www.tradingview.com/chart/?symbol=AMEX%3AIYE,False,,-64.08791109002603,-53.0777392040377,65.94999694824219,56.29499816894531,59.350018096923826,0.7458477409742404,57.484625342067034,79.75843167261985,False,False,False,False,,
487,CHAT,CHAT,AMEX:CHAT,US,Roundhill Generative AI & Technology ETF,1.866,Technology,Long,281833.0,,https://www.tradingview.com/chart/?symbol=AMEX%3ACHAT,False,,44.19966813807491,44.19966813807491,92.19000244140625,59.099998474121094,69.72235897827149,0.7351700154808392,4.467300477164442,79.13438607353073,False,False,False,False,,
488,HMAX,HMAX.TO,TSX:HMAX,TSX,Hamilton Canadian Financials Yield Maximizer ETF,1.863,Financials,Long,363585.85,,https://www.tradingview.com/chart/?symbol=TSX%3AHMAX,False,,9.976245049883856,9.976245049883856,17.5,15.199999809265137,15.99531978225708,0.6824926613768397,-13.476476936829402,78.64019556885613,False,False,False,False,,
489,ARKW,ARKW,AMEX:ARKW,US,ARK Next Generation Internet ETF,1.854,Mid-Cap Growth,Long,25441.65,,https://www.tradingview.com/chart/?symbol=AMEX%3AARKW,False,,51.50791009856033,53.915151260564585,165.66000366210938,114.44999694824219,126.64883752441406,0.990713954249022,52.77514460939804,29.188472478257477,False,False,False,False,,
490,RWR,RWR,AMEX:RWR,US,State Street SPDR Dow Jones REIT ETF,1.848,Real Estate,Long,193509.05,,https://www.tradingview.com/chart/?symbol=AMEX%3ARWR,True,2026-09-24 09:30,-71.4528034279914,-71.30758333874554,106.31999969482422,99.2750015258789,104.02922073364257,0.3497145367542214,-52.092168540273974,80.68224557094264,False,False,False,False,,
491,RODM,RODM,AMEX:RODM,US,Hartford Multifactor Developed Markets (ex-US) ETF,1.824,Foreign Large Value,Long,71477.2,,https://www.tradingview.com/chart/?symbol=AMEX%3ARODM,False,,-64.92563898362489,-64.92563898362489,41.2599983215332,38.189998626708984,39.24963902282715,0.6837413245405586,29.769211611650558,69.23519995743126,False,False,False,False,,
492,ICOW,ICOW,AMEX:ICOW,US,Pacer Developed Markets International Cash Cows 100 ETF,1.823,Foreign Large Value,Long,95016.0,,https://www.tradingview.com/chart/?symbol=AMEX%3AICOW,False,,-74.07985409652721,-74.07985409652721,42.689998626708984,41.14500045776367,42.30730027770996,0.31370526056516396,24.576599499248818,68.00916501242507,False,False,False,False,,
493,ZWC,ZWC.TO,TSX:ZWC,TSX,BMO Canadian High Dividend Covered Call Fund,1.823,High Dividend Yield,Long,73819.6,,https://www.tradingview.com/chart/?symbol=TSX%3AZWC,False,,-40.19067384105026,-40.19067384105026,22.440000534057617,20.8799991607666,21.425159484863283,0.675324868343481,18.83156918656193,75.23945265890073,False,False,False,False,,
494,QDPL,QDPL,AMEX:QDPL,US,Pacer Metaurus US Large Cap Dividend Multiplier 400 ETF,1.808,Large Blend,Long,123996.75,,https://www.tradingview.com/chart/?symbol=AMEX%3AQDPL,False,,29.68107917760965,29.68107917760965,46.279998779296875,39.27000045776367,41.09576759338379,0.9061175281369805,19.54081254514892,69.8573516894027,False,False,False,False,,
495,GSWO,GSWO,AMEX:GSWO,US,Goldman Sachs ActiveBeta World Equity ETF,1.807,Global Large-Stock Blend,Long,54634.65,,https://www.tradingview.com/chart/?symbol=AMEX%3AGSWO,False,,9.40184981809743,9.40184981809743,65.05000305175781,54.72999954223633,57.4515518951416,0.8949013329275615,22.932551288523012,73.99773050053157,False,False,False,False,,
496,FCOM,FCOM,AMEX:FCOM,US,Fidelity MSCI Communication Services Index ETF,1.792,Communications,Long,149907.45,,https://www.tradingview.com/chart/?symbol=AMEX%3AFCOM,False,,25.420787571316197,25.420787571316197,74.08999633789062,65.43000030517578,67.7664006652832,0.8747469391875697,49.426873400371996,36.6553233374301,False,False,False,False,,
497,GEM,GEM,AMEX:GEM,US,Goldman Sachs ActiveBeta Emerging Markets Equity ETF,1.786,Diversified Emerging Mkts,Long,108771.55,,https://www.tradingview.com/chart/?symbol=AMEX%3AGEM,False,,19.554990910960896,19.554990910960896,51.45500183105469,41.61000061035156,44.56826057434082,0.7854009844871005,28.41441492652875,75.10787257264059,False,False,False,False,,
498,BDVL,BDVL,AMEX:BDVL,US,iShares Disciplined Volatility Equity Active ETF Trust Unit,1.78,Global Large-Stock Blend,Long,231793.3,,https://www.tradingview.com/chart/?symbol=AMEX%3ABDVL,False,,-16.71830569172266,-16.71830569172266,26.339000701904297,24.110000610351562,24.792040466308595,0.7712804713858046,14.22753003571504,,False,False,False,False,,
499,EWW,EWW,AMEX:EWW,US,iShares MSCI Mexico ETF,1.773,Focused Region,Long,1093486.15,,https://www.tradingview.com/chart/?symbol=AMEX%3AEWW,False,,-53.89412871218951,-53.89412871218951,72.5199966430664,69.86000061035156,72.34508032226563,0.2526112384689622,-32.03901602257201,53.516386542388496,False,False,False,False,,
500,RPV,RPV,AMEX:RPV,US,Invesco S&P 500 Pure Value ETF,1.766,Mid-Cap Value,Long,121782.8,,https://www.tradingview.com/chart/?symbol=AMEX%3ARPV,False,,-83.33520445442447,-80.29628639947019,116.62000274658203,104.54000091552734,108.9720806274414,0.6432376259987682,31.135199598676156,77.42673919345042,False,False,False,False,,
501,SPGM,SPGM,AMEX:SPGM,US,State Street SPDR Portfolio MSCI Global Stock Market ETF,1.762,Global Large-Stock Blend,Long,87066.0,,https://www.tradingview.com/chart/?symbol=AMEX%3ASPGM,False,,11.813757277498887,11.813757277498887,87.11000061035156,73.34500122070312,76.95462078857422,0.899967377413398,17.833073680898067,70.36757627432779,False,False,False,False,,
502,XEG,XEG.TO,TSX:XEG,TSX,iShares S&P/TSX Capped Energy Index ETF,1.739,Energy,Long,1590472.7,,https://www.tradingview.com/chart/?symbol=TSX%3AXEG,False,,-51.85082953435384,-44.70277673482274,28.315000534057617,23.81999969482422,25.278479766845702,0.7273463781982038,55.39255475350054,79.76104649696562,False,False,False,False,,
503,DFAR,DFAR,AMEX:DFAR,US,Dimensional US Real Estate ETF,1.737,Real Estate,Long,2813620.45,,https://www.tradingview.com/chart/?symbol=AMEX%3ADFAR,True,2026-09-24 13:30,-80.38016831347299,-80.38016831347299,24.524999618530273,23.200000762939453,24.220700492858885,0.30635819796299524,-59.97229025610044,81.0024237523118,False,False,False,False,,
504,HACK,HACK,AMEX:HACK,US,Amplify Cybersecurity ETF,1.734,Technology,Long,281297.35,,https://www.tradingview.com/chart/?symbol=AMEX%3AHACK,False,,49.425891054091615,54.89387255361032,122.23999786376953,71.06999969482422,83.57091998291015,0.9660184442084874,45.032338046281346,63.221960582038456,False,False,False,False,,
505,EWG,EWG,AMEX:EWG,US,iShares MSCI Germany ETF,1.714,Focused Region,Long,792172.5,,https://www.tradingview.com/chart/?symbol=AMEX%3AEWG,False,,-59.280445231646155,-59.280445231646155,41.880001068115234,38.09000015258789,39.633440368652344,0.5795107622277362,4.301479350486374,48.526914173244904,False,False,False,False,,
506,FDIS,FDIS,AMEX:FDIS,US,Fidelity MSCI Consumer Discretionary Index ETF,1.692,Consumer Cyclical,Long,55628.05,,https://www.tradingview.com/chart/?symbol=AMEX%3AFDIS,False,,-34.93119296418323,-34.93119296418323,96.12999725341797,90.31999969482422,93.84819897460937,0.38862867856818434,-48.84269616811738,33.44019051785156,False,False,False,False,,
507,TOUS,TOUS,AMEX:TOUS,US,T. Rowe Price International Equity ETF,1.688,Foreign Large Blend,Long,100223.2,,https://www.tradingview.com/chart/?symbol=AMEX%3ATOUS,False,,-31.9201346935877,-31.9201346935877,38.65999984741211,33.470001220703125,35.0582811126709,0.7711736968386758,9.234613800806711,,False,False,False,False,,
508,FLKR,FLKR,AMEX:FLKR,US,Franklin FTSE South Korea ETF,1.687,Focused Region,Long,573190.8,,https://www.tradingview.com/chart/?symbol=AMEX%3AFLKR,False,,14.51961819707636,14.51961819707636,59.7599983215332,37.60499954223633,45.7930203704834,0.6385645348966975,27.88859627108812,81.5357504845769,False,False,False,False,,
509,IDIV.B,IDIV-B.TO,TSX:IDIV.B,TSX,Manulife Smart International Dividend ETF,1.685,Total Market,Long,113557.2,,https://www.tradingview.com/chart/?symbol=TSX%3AIDIV.B,False,,-7.5341768788396095,-7.5341768788396095,20.899999618530273,18.110000610351562,18.87464055633545,0.8611108658244898,12.302135317250567,71.91777192860499,False,False,False,False,,
510,IEV,IEV,AMEX:IEV,US,iShares Europe ETF,1.683,Europe Stock,Long,102898.7,,https://www.tradingview.com/chart/?symbol=AMEX%3AIEV,False,,-41.91711424270712,-41.91711424270712,72.22000122070312,65.26000213623047,67.85364163208008,0.6333030425253787,-5.291881014711657,67.23816962878716,False,False,False,False,,
511,BIZD,BIZD,AMEX:BIZD,US,VanEck BDC Income ETF,1.681,Financial,Long,2866820.1,,https://www.tradingview.com/chart/?symbol=AMEX%3ABIZD,False,,-50.92265931376804,-50.92265931376804,12.890000343322754,12.109999656677246,12.455739692687988,0.5324236214362529,28.711021593345947,-29.575615748221324,False,False,False,False,,
512,KORU,KORU,AMEX:KORU,US,Direxion Daily MSCI South Korea Bull 3X ETF,1.675,Trading--Leveraged Equity,3X Long,23657476.95,,https://www.tradingview.com/chart/?symbol=AMEX%3AKORU,False,,10.049089844927122,10.049089844927122,20.1299991607666,11.954999923706055,24.03831758880615,0.1596663990320002,-11.294481837844636,66.32970515506149,False,True,False,False,,
513,IHE,IHE,AMEX:IHE,US,iShares U.S. Pharmaceuticals ETF,1.675,Health,Long,197113.5,,https://www.tradingview.com/chart/?symbol=AMEX%3AIHE,False,,3.913576865835483,3.913576865835483,102.33999633789062,83.7699966430664,89.50007815551757,0.7648268036773169,13.41542335615218,80.46792226607093,False,False,False,False,,
514,INFL,INFL,AMEX:INFL,US,Horizon Kinetics Inflation Beneficiaries ETF,1.67,Global Small/Mid Stock,Long,144663.0,,https://www.tradingview.com/chart/?symbol=AMEX%3AINFL,False,,-74.05012184385339,-74.05012184385339,51.86000061035156,48.189998626708984,50.03787905883789,0.46871023313007776,39.83435301102961,65.02731380860043,False,False,False,False,,
515,FGD,FGD,AMEX:FGD,US,First Trust Dow Jones Global Select Dividend Index Fund,1.668,Foreign Large Value,Long,135659.25,,https://www.tradingview.com/chart/?symbol=AMEX%3AFGD,False,,-88.53746282302478,-88.53746282302478,33.689998626708984,30.959999084472656,32.14943930053711,0.5416664774456065,35.115021521770046,69.84022528486814,False,False,False,False,,
516,XFN,XFN.TO,TSX:XFN,TSX,iShares S&P/TSX Capped Financials Index ETF,1.654,Financials,Long,103181.3,,https://www.tradingview.com/chart/?symbol=TSX%3AXFN,False,,3.20421327212112,3.20421327212112,92.36000061035156,73.91999816894531,79.6453586730957,0.7600989619810259,-18.657489178168507,79.75800670541314,False,False,False,False,,
517,QQC,QQC.TO,TSX:QQC,TSX,CI Invesco NASDAQ 100 Index ETF,1.646,US Equity,Long,92352.3,,https://www.tradingview.com/chart/?symbol=TSX%3AQQC,False,,69.29219691121114,69.29219691121114,51.2400016784668,38.029998779296875,41.18295892333985,0.9887726269214824,1.8646632034598565,71.98908107054093,False,False,False,False,,
518,BUG,BUG,AMEX:BUG,US,Global X Cybersecurity ETF,1.64,Technology,Long,1312198.55,,https://www.tradingview.com/chart/?symbol=AMEX%3ABUG,False,,43.14780983666012,58.106361612990604,46.619998931884766,23.299999237060547,28.923879669189454,0.9785983173712623,56.313997646672,22.59777663441116,False,False,False,False,,
519,KBE,KBE,AMEX:KBE,US,State Street SPDR S&P Bank ETF,1.612,Financial,Long,1199488.9,,https://www.tradingview.com/chart/?symbol=AMEX%3AKBE,True,2026-09-24 13:30,-80.91167852392833,-80.04316283926461,64.80500030517578,57.29999923706055,60.69013963317871,0.5224504135885529,-25.650693071339322,71.16663795462601,False,False,False,False,,
520,FFSM,FFSM,AMEX:FFSM,US,Fidelity Fundamental Small-Mid Cap ETF,1.606,Mid-Cap Blend,Long,224548.1,,https://www.tradingview.com/chart/?symbol=AMEX%3AFFSM,False,,-59.89362084791179,-59.89362084791179,34.310001373291016,30.889999389648438,32.66943960571289,0.45358110986427974,-45.61347080707731,72.91038559248143,False,False,False,False,,
521,TGRT,TGRT,AMEX:TGRT,US,T. Rowe Price Growth ETF,1.601,Large Growth,Long,72388.85,,https://www.tradingview.com/chart/?symbol=AMEX%3ATGRT,False,,47.180023450453206,47.180023450453206,47.34859848022461,37.790000915527344,40.13112048339844,0.963568480750388,5.996433000810662,,False,False,False,False,,
522,SEIV,SEIV,AMEX:SEIV,US,SEI Enhanced U.S. Large Cap Value Factor ETF,1.589,Large Value,Long,143790.65,,https://www.tradingview.com/chart/?symbol=AMEX%3ASEIV,False,,-73.07747917981254,-73.07747917981254,49.5,40.56999969482422,43.13886019897461,0.8203949060747071,35.80245236166171,78.65306289016337,False,False,False,False,,
523,BKGI,BKGI,AMEX:BKGI,US,BNY Mellon Global Infrastructure Income ETF,1.585,Infrastructure,Long,500717.75,,https://www.tradingview.com/chart/?symbol=AMEX%3ABKGI,False,,-66.212449890283,-66.212449890283,42.81999969482422,42.81999969482422,43.69083937072754,0.0,-60.53499314664172,61.217900844037416,False,True,True,False,,"WATCH: weekly+band ok, waiting on 4h dot"
524,ZWU,ZWU.TO,TSX:ZWU,TSX,BMO Covered Call Utilities Fund,1.58,Utilities,Long,224160.25,,https://www.tradingview.com/chart/?symbol=TSX%3AZWU,False,,-75.58368024100214,-75.58368024100214,10.90999984741211,10.90999984741211,11.223879829406739,0.0,-61.63703311067032,57.12291765364707,False,True,True,False,,"WATCH: weekly+band ok, waiting on 4h dot"
525,AVES,AVES,AMEX:AVES,US,Avantis Emerging Markets Value ETF,1.563,Diversified Emerging Mkts,Long,82668.3,,https://www.tradingview.com/chart/?symbol=AMEX%3AAVES,False,,-10.947105083632371,-10.947105083632371,64.9000015258789,58.25,60.765760864257814,0.623827320952629,26.75232454983139,63.45720934447371,False,False,False,False,,
526,XOVR,XOVR,AMEX:XOVR,US,ERShares Private-Public Crossover ETF,1.549,Large Growth,Long,1229508.85,,https://www.tradingview.com/chart/?symbol=AMEX%3AXOVR,False,,46.673468900739145,46.673468900739145,21.440000534057617,16.450000762939453,17.687820510864256,0.9513824189331209,43.02099595433748,29.564718289474417,False,False,False,False,,
527,LIT,LIT,AMEX:LIT,US,Global X Lithium & Battery Tech ETF,1.549,Natural Resources,Long,274797.9,,https://www.tradingview.com/chart/?symbol=AMEX%3ALIT,False,,-44.93503512810501,-44.93503512810501,68.80500030517578,66.7300033569336,72.63472256469727,0.08293354223199766,-24.446060492106977,49.2203126647396,False,True,False,False,,
528,ASHR,ASHR,AMEX:ASHR,US,Xtrackers Harvest CSI 300 China A-Shares ETF,1.543,Greater China Region,Long,2948509.35,,https://www.tradingview.com/chart/?symbol=AMEX%3AASHR,False,,-7.499616712195677,-7.499616712195677,33.189998626708984,31.93000030517578,33.19496044921875,0.23507428695060537,-61.179232392653546,55.05828915187461,False,True,True,False,,
529,FLQM,FLQM,AMEX:FLQM,US,Franklin U.S. Mid Cap Multifactor Index ETF,1.543,Mid-Cap Blend,Long,42324.9,,https://www.tradingview.com/chart/?symbol=AMEX%3AFLQM,False,,-69.68557025268166,-69.68557025268166,58.19499969482422,54.040000915527344,55.92328080749512,0.5206765686270292,-3.1159310487206433,69.20964533154574,False,False,False,False,,
530,SEIM,SEIM,AMEX:SEIM,US,SEI Enhanced U.S. Large Cap Momentum Factor ETF,1.504,Large Growth,Long,92607.65,,https://www.tradingview.com/chart/?symbol=AMEX%3ASEIM,False,,28.770234114701932,28.770234114701932,53.810001373291016,43.904998779296875,46.79481942749023,0.8089016228893,-23.1754694706235,71.30214349342285,False,False,False,False,,
531,FNDB,FNDB,AMEX:FNDB,US,Schwab Fundamental U.S. Broad Market ETF,1.498,Large Value,Long,581123.5,,https://www.tradingview.com/chart/?symbol=AMEX%3AFNDB,False,,-63.86168264717884,-63.86168264717884,30.96500015258789,26.655000686645508,27.898720344543456,0.8178369357621452,20.404325517537945,74.08031387481017,False,False,False,False,,
532,USXF,USXF,AMEX:USXF,US,iShares ESG Advanced MSCI USA ETF,1.497,Large Growth,Long,52914.4,,https://www.tradingview.com/chart/?symbol=AMEX%3AUSXF,False,,26.366715825873786,36.533962198667176,68.3550033569336,53.310001373291016,57.39516169738769,0.8691508255370051,-13.258321948643788,72.55154087059367,False,False,False,False,,
533,DDWM,DDWM,AMEX:DDWM,US,WisdomTree Dynamic International Equity Fund,1.495,Foreign Large Value,Long,95261.7,,https://www.tradingview.com/chart/?symbol=AMEX%3ADDWM,False,,-33.79274469344369,-33.79274469344369,46.27000045776367,42.68000030517578,43.9048399810791,0.6917150486539407,1.2234752652351026,65.12586925008983,False,False,False,False,,
534,SMIG,SMIG,AMEX:SMIG,US,Bahl & Gaynor Small/Mid Cap Income Growth ETF,1.488,Mid-Cap Value,Long,204331.75,,https://www.tradingview.com/chart/?symbol=AMEX%3ASMIG,False,,-39.35059531129868,-39.35059531129868,31.190000534057617,28.90999984741211,30.026279739379884,0.4820297901271109,-48.34991225845249,74.54813878903583,False,False,False,False,,
535,IWC,IWC,AMEX:IWC,US,iShares Micro-Cap ETF,1.484,Small Blend,Long,49218.2,,https://www.tradingview.com/chart/?symbol=AMEX%3AIWC,False,,-22.499030331813533,-22.499030331813533,187.61000061035156,153.0449981689453,164.62198004150392,0.7046172021317199,-20.44430628136921,71.58530245317183,False,False,False,False,,
536,FREL,FREL,AMEX:FREL,US,Fidelity MSCI Real Estate Index ETF,1.476,Real Estate,Long,338787.4,,https://www.tradingview.com/chart/?symbol=AMEX%3AFREL,False,,-70.74682672430656,-70.74682672430656,27.645000457763672,26.420000076293945,27.46548014831543,0.27652376909285986,-55.97539287069403,74.75217839583149,False,False,False,False,,
537,AVLC,AVLC,AMEX:AVLC,US,Avantis U.S. Large Cap Equity ETF,1.473,Large Blend,Long,67313.1,,https://www.tradingview.com/chart/?symbol=AMEX%3AAVLC,False,,17.19919962462873,17.19919962462873,90.94000244140625,75.37999725341797,79.52651718139649,0.8856007659790659,16.319132607046914,,False,False,False,False,,
538,RDIV,RDIV,AMEX:RDIV,US,Invesco S&P Ultra Dividend Revenue ETF,1.471,Mid-Cap Value,Long,92747.0,,https://www.tradingview.com/chart/?symbol=AMEX%3ARDIV,False,,-75.13490035972886,-72.51016076982607,58.150001525878906,54.5099983215332,56.775598861694334,0.37916691005224146,-6.125804715730194,77.82688809862563,False,False,False,False,,
539,NVDY,NVDY,AMEX:NVDY,US,YieldMax NVDA Option Income Strategy ETF,1.447,Derivative Income,Long,1913077.85,,https://www.tradingview.com/chart/?symbol=AMEX%3ANVDY,False,,26.08340224798917,26.08340224798917,12.545000076293945,11.59000015258789,12.371160026550292,0.288519660964404,37.169647707074134,60.895170098072434,False,False,False,False,,
540,IDVO,IDVO,AMEX:IDVO,US,Amplify CWP International Enhanced Dividend Income ETF,1.446,Derivative Income,Long,253072.95,,https://www.tradingview.com/chart/?symbol=AMEX%3AIDVO,False,,-16.119763723961846,-16.119763723961846,42.310001373291016,38.959999084472656,40.04441937255859,0.729053623255783,25.12872950375335,68.2993518437268,False,False,False,False,,
541,IAI,IAI,AMEX:IAI,US,iShares U.S. Broker-Dealers & Securities Exchanges ETF,1.434,Financial,Long,76946.25,,https://www.tradingview.com/chart/?symbol=AMEX%3AIAI,False,,-44.94140770749805,-44.94140770749805,181.1300048828125,158.27000427246094,167.66044268798828,0.5745163223819515,11.02046681793224,55.34702255909525,False,False,False,False,,
542,QQQE,QQQE,AMEX:QQQE,US,Direxion NASDAQ-100 Equal Weighted Index ETF,1.431,Large Growth,Long,141525.4,,https://www.tradingview.com/chart/?symbol=AMEX%3AQQQE,False,,16.52121515030615,41.931132797342194,120.5199966430664,96.06300354003906,102.82251513671875,0.8538857119720928,-11.984854097980957,76.99387982372454,False,False,False,False,,
543,HHIS,HHIS.TO,TSX:HHIS,TSX,Harvest Diversified High Income Shares ETF,1.43,Total Market,Long,827952.3,,https://www.tradingview.com/chart/?symbol=TSX%3AHHIS,False,,70.57340771302376,70.57340771302376,12.020000457763672,9.779999732971191,10.369999732971191,0.8960002899169922,52.511679600767856,,False,False,False,False,,
544,FSTA,FSTA,AMEX:FSTA,US,Fidelity MSCI Consumer Staples Index ETF,1.414,Consumer Defensive,Long,122094.6,,https://www.tradingview.com/chart/?symbol=AMEX%3AFSTA,False,,-63.22252569015948,-46.37898397891482,51.5,51.34000015258789,52.21792044067383,0.04301069755613346,-33.64523336900199,55.65264130102494,False,True,False,False,,
545,IYK,IYK,AMEX:IYK,US,iShares U.S. Consumer Staples ETF,1.404,Consumer Defensive,Long,119163.05,,https://www.tradingview.com/chart/?symbol=AMEX%3AIYK,False,,-66.93650605217464,-54.45788067241083,71.68000030517578,69.02999877929688,70.94395892333985,0.32675725356869373,-14.442898025617133,66.9213162264486,False,False,False,False,,
546,RYLD,RYLD,AMEX:RYLD,US,Global X Russell 2000 Covered Call ETF,1.397,Derivative Income,Long,442053.9,,https://www.tradingview.com/chart/?symbol=AMEX%3ARYLD,True,2026-09-24 13:30,-67.57584228223196,-67.57584228223196,15.53499984741211,14.649999618530273,15.0677197265625,0.5,4.660790583075407,76.80989607650095,False,False,False,False,,
547,HHL,HHL.TO,TSX:HHL,TSX,Harvest Healthcare Leaders Income ETF,1.392,Health Care,Long,316378.75,,https://www.tradingview.com/chart/?symbol=TSX%3AHHL,False,,38.58167503277712,49.917875691044834,7.400000095367432,6.690000057220459,6.93307999420166,0.6893206040926527,22.360222130675997,31.584354274661774,False,False,False,False,,
548,HDIV,HDIV.TO,TSX:HDIV,TSX,Hamilton Enhanced Canadian Covered Call ETF,1.391,Total Market,1.25X Long,188717.45,,https://www.tradingview.com/chart/?symbol=TSX%3AHDIV,False,,7.584849180695318,7.584849180695318,23.690000534057617,20.280000686645508,21.202760650634765,0.8721227571579236,39.860725989255045,75.7995859406467,False,False,False,False,,
549,BALI,BALI,AMEX:BALI,US,iShares U.S. Large Cap Premium Income Active ETF,1.382,Derivative Income,Long,230153.7,,https://www.tradingview.com/chart/?symbol=AMEX%3ABALI,False,,20.147864039425183,20.147864039425183,34.4900016784668,30.059999465942383,31.268319664001464,0.8652346653106612,28.639381041662627,,False,False,False,False,,
550,BKIE,BKIE,AMEX:BKIE,US,BNY Mellon International Equity ETF,1.366,Foreign Large Blend,Long,92094.7,,https://www.tradingview.com/chart/?symbol=AMEX%3ABKIE,False,,-34.94224174081259,-34.94224174081259,33.650001525878906,30.06333351135254,31.24018662261963,0.7192517429102652,14.362778527680488,65.17349181556706,False,False,False,False,,
551,BUYW,BUYW,AMEX:BUYW,US,Main BuyWrite ETF,1.359,Derivative Income,Long,233695.2,,https://www.tradingview.com/chart/?symbol=AMEX%3ABUYW,False,,-48.84904689455917,-48.84904689455917,14.460000038146973,13.859999656677246,14.04643964767456,0.7594941904330768,46.619238153670246,68.22136592333499,False,False,False,False,,
552,FDT,FDT,AMEX:FDT,US,First Trust Developed Markets ex-US AlphaDEX Fund,1.347,Foreign Large Value,Long,114642.8,,https://www.tradingview.com/chart/?symbol=AMEX%3AFDT,False,,-19.109402585313493,-19.109402585313493,94.29000091552734,83.81999969482422,87.84615911865234,0.6137164548085764,27.481353054698868,68.21839632599318,False,False,False,False,,
553,EWA,EWA,AMEX:EWA,US,iShares MSCI Australia ETF,1.34,Focused Region,Long,2256429.7,,https://www.tradingview.com/chart/?symbol=AMEX%3AEWA,False,,-49.47973933770704,-49.47973933770704,28.299999237060547,27.15999984741211,27.931719955444336,0.34862361775572176,3.3976713676670407,64.29534659977746,False,False,False,False,,
554,XHB,XHB,AMEX:XHB,US,State Street SPDR S&P Homebuilders ETF,1.339,Consumer Cyclical,Long,1525099.25,,https://www.tradingview.com/chart/?symbol=AMEX%3AXHB,False,,-44.50146934851298,-18.01148085988088,96.7699966430664,94.8499984741211,99.88387890625,0.0900139711263389,-66.77713031448933,3.7013827563058523,False,True,True,False,,
556,IHF,IHF,AMEX:IHF,US,iShares U.S. Healthcare Providers ETF,1.325,Health,Long,528318.9,,https://www.tradingview.com/chart/?symbol=AMEX%3AIHF,True,2026-09-24 13:30,-75.29046216863067,-75.23884032578064,54.970001220703125,40.970001220703125,45.02212078857422,0.8153757421664284,16.73984128001066,30.451505948217516,False,False,False,False,,
557,MGNR,MGNR,AMEX:MGNR,US,American Beacon GLG Natural Resources ETF,1.325,Natural Resources,Long,383997.75,,https://www.tradingview.com/chart/?symbol=AMEX%3AMGNR,False,,-57.34932316414797,-57.34932316414797,51.470001220703125,47.429901123046875,49.528483840942386,0.4543369269728017,23.170113853933795,,False,False,False,False,,
558,SEIE,SEIE,AMEX:SEIE,US,SEI Select International Equity ETF,1.32,Foreign Large Blend,Long,88725.45,,https://www.tradingview.com/chart/?symbol=AMEX%3ASEIE,False,,-43.30654963262476,-43.30654963262476,36.06999969482422,31.520000457763672,32.91239991760254,0.7711866105367152,15.968965473512398,,False,False,False,False,,
559,IDU,IDU,AMEX:IDU,US,iShares U.S. Utilities ETF,1.315,Utilities,Long,75343.05,,https://www.tradingview.com/chart/?symbol=AMEX%3AIDU,False,,-72.09477596719678,-72.09477596719678,100.87999725341797,100.87999725341797,105.39231790161134,0.0,-68.35033501764458,35.16254341547383,False,True,True,False,,"WATCH: weekly+band ok, waiting on 4h dot"
560,NUGT,NUGT,AMEX:NUGT,US,Direxion Daily Gold Miners Index Bull 2X ETF,1.304,Trading--Leveraged Equity,2X Long,738789.75,,https://www.tradingview.com/chart/?symbol=AMEX%3ANUGT,False,,-38.04279376687399,-38.04279376687399,163.9199981689453,101.83000183105469,131.04444024658204,0.501575246024721,28.918949477136238,27.85598550690203,False,False,False,False,,
561,FTGS,FTGS,AMEX:FTGS,US,First Trust Growth Strength ETF,1.301,Large Blend,Long,104437.15,,https://www.tradingview.com/chart/?symbol=AMEX%3AFTGS,False,,13.495448523481661,25.95344377562793,38.20000076293945,33.08000183105469,34.71786491394043,0.7377416101203481,-3.9009104453021877,62.63626478729094,False,False,False,False,,
562,SOXS,SOXS,AMEX:SOXS,US,Direxion Daily Semiconductor Bear 3X ETF,1.299,Trading--Inverse Equity,-3X Short,48290028.4,,https://www.tradingview.com/chart/?symbol=AMEX%3ASOXS,False,,-64.69172781744884,-58.89566895153359,33.63999938964844,32.415000915527344,139.73953897094725,0.002693695636903592,-17.16049043194108,-39.34007990277604,False,True,False,False,,
563,EWS,EWS,AMEX:EWS,US,iShares MSCI Singapore ETF,1.29,Focused Region,Long,865185.2,,https://www.tradingview.com/chart/?symbol=AMEX%3AEWS,False,,-33.41289616198157,2.766065071229985,33.279998779296875,27.375,29.07183967590332,0.8212795420240183,34.56608278402627,73.59077759982084,False,False,False,False,,
564,DVYE,DVYE,AMEX:DVYE,US,iShares Emerging Markets Dividend ETF,1.289,Diversified Emerging Mkts,Long,117777.6,,https://www.tradingview.com/chart/?symbol=AMEX%3ADVYE,False,,-62.449109145063346,-62.449109145063346,34.16999816894531,31.969999313354492,32.98951969146729,0.5092588054792101,57.38485376267908,64.61441735296465,False,False,False,False,,
565,BTCI,BTCI,AMEX:BTCI,US,NEOS Bitcoin High Income ETF,1.285,Digital Assets,Long,596300.35,,https://www.tradingview.com/chart/?symbol=AMEX%3ABTCI,False,,25.751160863135777,35.100592671062024,33.90999984741211,26.629899978637695,29.29908325958252,0.6436813767328095,60.6850914180873,,False,False,False,False,,
566,TGED,TGED.TO,TSX:TGED,TSX,TD Active Global Enhanced Dividend ETF,1.281,Total Market,Long,100768.75,,https://www.tradingview.com/chart/?symbol=TSX%3ATGED,False,,42.459063264240164,47.17537541398244,32.43000030517578,27.68000030517578,29.655320053100585,0.5675030592782154,-41.6817444142713,68.04836320153339,False,False,False,False,,
567,IGPT,IGPT,AMEX:IGPT,US,Invesco AI and Next Gen Software ETF,1.255,Technology,Long,130976.8,,https://www.tradingview.com/chart/?symbol=AMEX%3AIGPT,False,,61.09045894841381,61.09045894841381,102.95999908447266,55.4900016784668,68.01688121032714,0.8943104593066723,33.646400553987824,86.59830051556169,False,False,False,False,,
568,UTES,UTES,AMEX:UTES,US,Virtus Reaves Utilities ETF,1.252,Utilities,Long,183396.1,,https://www.tradingview.com/chart/?symbol=AMEX%3AUTES,False,,-63.26992378306008,-63.26992378306008,69.81999969482422,69.81999969482422,73.39186019897461,0.0,-65.78142812401029,17.71565898716082,False,True,True,False,,"WATCH: weekly+band ok, waiting on 4h dot"
569,AVGE,AVGE,AMEX:AVGE,US,Avantis All Equity Markets ETF,1.248,Global Large-Stock Blend,Long,78872.1,,https://www.tradingview.com/chart/?symbol=AMEX%3AAVGE,False,,-22.496426632105415,-22.496426632105415,99.2699966430664,85.62000274658203,89.59424188232421,0.8105698850878831,13.463583509586485,73.7801709011729,False,False,False,False,,
570,TNA,TNA,AMEX:TNA,US,Direxion Daily Small Cap Bull 3X ETF,1.246,Trading--Leveraged Equity,3X Long,3135456.25,,https://www.tradingview.com/chart/?symbol=AMEX%3ATNA,False,,-50.339536349516486,-50.339536349516486,60.15999984741211,39.9900016784668,48.76448085021973,0.5424959675321831,-48.27469844766244,69.23345897343903,False,False,False,False,,
571,FTXL,FTXL,AMEX:FTXL,US,First Trust Nasdaq Semiconductor ETF,1.245,Technology,Long,125588.4,,https://www.tradingview.com/chart/?symbol=AMEX%3AFTXL,False,,58.39559470131306,60.000196553009125,251.04989624023438,139.3300018310547,176.59204168701172,0.7075805614101753,-9.458090164781531,84.36927025247984,False,False,False,False,,
572,RWO,RWO,AMEX:RWO,US,State Street SPDR Dow Jones Global Real Estate ETF,1.243,Global Real Estate,Long,63768.55,,https://www.tradingview.com/chart/?symbol=AMEX%3ARWO,True,2026-09-24 13:30,-71.87012543970097,-71.04426800741273,47.099998474121094,44.83000183105469,46.57998886108398,0.3061275304164416,-55.06470326692918,72.9258506358628,False,False,False,False,,
573,IYZ,IYZ,AMEX:IYZ,US,iShares U.S. Telecommunications ETF,1.238,Communications,Long,604137.45,,https://www.tradingview.com/chart/?symbol=AMEX%3AIYZ,True,2026-09-24 13:30,-63.44877215754962,-63.44877215754962,41.4900016784668,38.599998474121094,40.346398834228516,0.39054089303075573,-1.1805704059977131,72.79566625555405,False,False,False,False,,
574,SDIV,SDIV,AMEX:SDIV,US,Global X Superdividend ETF,1.238,Global Small/Mid Stock,Long,357267.6,,https://www.tradingview.com/chart/?symbol=AMEX%3ASDIV,False,,-75.70536748174874,-75.70536748174874,23.700000762939453,23.700000762939453,24.285280654907226,0.0,22.996328502416123,56.472289456089335,False,True,False,False,,
575,EDIV,EDIV,AMEX:EDIV,US,State Street SPDR S&P Emerging Markets Dividend ETF,1.238,Diversified Emerging Mkts,Long,84103.35,,https://www.tradingview.com/chart/?symbol=AMEX%3AEDIV,True,2026-09-24 09:30,-80.155753756738,-79.96943415007938,40.66999816894531,38.599998474121094,39.4983197479248,0.5438142702665866,9.254046128966007,63.15601329746611,False,False,False,False,,
576,MFSI,MFSI,AMEX:MFSI,US,MFS Active International ETF,1.229,Foreign Large Blend,Long,178068.65,,https://www.tradingview.com/chart/?symbol=AMEX%3AMFSI,False,,-13.506563960699651,-13.506563960699651,33.0,28.780000686645508,29.98832088470459,0.8242184807896124,7.841997046931303,,False,False,False,False,,
577,FFLC,FFLC,AMEX:FFLC,US,Fidelity Fundamental Large Cap Core ETF,1.226,Large Blend,Long,64949.75,,https://www.tradingview.com/chart/?symbol=AMEX%3AFFLC,False,,12.79447324418062,12.79447324418062,59.540000915527344,49.619998931884766,52.277359436035155,0.8809946804293871,4.87139897138294,68.2164921601953,False,False,False,False,,
578,IYM,IYM,AMEX:IYM,US,iShares U.S. Basic Materials ETF,1.221,Natural Resources,Long,150211.25,,https://www.tradingview.com/chart/?symbol=AMEX%3AIYM,False,,-52.69465639419892,-22.459502022615993,182.26499938964844,163.22999572753906,171.08171673583985,0.572137097014607,10.05664359273075,67.91284306018497,False,False,False,False,,
579,WINN,WINN,AMEX:WINN,US,Harbor Long-Term Growers ETF,1.2,Large Growth,Long,95545.35,,https://www.tradingview.com/chart/?symbol=AMEX%3AWINN,False,,53.75614340271908,53.75614340271908,34.439998626708984,26.760000228881836,28.6102398147583,0.9795918516296521,23.360169529255913,52.303401382082946,False,False,False,False,,
580,EWH,EWH,AMEX:EWH,US,iShares MSCI Hong Kong ETF,1.198,Greater China Region,Long,2359591.05,,https://www.tradingview.com/chart/?symbol=AMEX%3AEWH,False,,-11.294593172985415,-11.294593172985415,22.475000381469727,20.875,21.7458401260376,0.4336043766666684,7.520666812047549,48.4807849254114,False,False,False,False,,
581,DFSI,DFSI,AMEX:DFSI,US,Dimensional International Sustainability Core 1 ETF,1.197,Foreign Large Blend,Long,50292.1,,https://www.tradingview.com/chart/?symbol=AMEX%3ADFSI,False,,-40.93031124902499,-40.93031124902499,45.54999923706055,40.869998931884766,42.49752603149414,0.6786246891290303,13.591900521195635,67.01798127440298,False,False,False,False,,
582,QQQJ,QQQJ,AMEX:QQQJ,US,Invesco NASDAQ Next Gen 100 ETF,1.196,Mid-Cap Growth,Long,148141.25,,https://www.tradingview.com/chart/?symbol=AMEX%3AQQQJ,False,,1.3551771418116936,3.9151513583603896,44.31999969482422,34.689998626708984,37.54205931091309,0.7968555033426336,-11.75976532780617,77.41346308451044,False,False,False,False,,
583,IYC,IYC,AMEX:IYC,US,iShares U.S. Consumer Discretionary ETF,1.183,Consumer Cyclical,Long,66847.3,,https://www.tradingview.com/chart/?symbol=AMEX%3AIYC,False,,-42.95379163048642,-42.95379163048642,95.87999725341797,94.20999908447266,96.7776784362793,0.15349251751149845,-44.47189464885924,18.116489495984773,False,True,False,False,,
584,CHPY,CHPY,AMEX:CHPY,US,YieldMax Semiconductor Portfolio Option Income ETF,1.182,Derivative Income,Long,546018.8,,https://www.tradingview.com/chart/?symbol=AMEX%3ACHPY,False,,35.953418505116844,46.94176445854805,69.52999877929688,52.400001525878906,61.14144174194336,0.46247291657698075,-21.22758132662865,,False,False,False,False,,
585,MOO,MOO,AMEX:MOO,US,VanEck Agribusiness ETF,1.174,Natural Resources,Long,462897.5,,https://www.tradingview.com/chart/?symbol=AMEX%3AMOO,False,,-71.71451544716568,-62.19120322123327,83.3499984741211,76.58000183105469,79.4875217590332,0.5495127281464596,54.56727658548095,59.48684570763165,False,False,False,False,,
586,RSPA,RSPA,AMEX:RSPA,US,Invesco S&P 500 Equal Weight Income Advantage ETF,1.17,Derivative Income,Long,270430.45,,https://www.tradingview.com/chart/?symbol=AMEX%3ARSPA,False,,-70.1164028098223,-70.1164028098223,51.97999954223633,49.17499923706055,50.54497930908203,0.48320416153549933,-2.389110871642204,,False,False,False,False,,
587,APIE,APIE,AMEX:APIE,US,ActivePassive International Equity ETF,1.168,Foreign Large Blend,Long,64151.6,,https://www.tradingview.com/chart/?symbol=AMEX%3AAPIE,False,,-7.420855079295383,-7.420855079295383,38.689998626708984,34.13199996948242,35.53808801269531,0.765021570518115,3.959319404437931,67.19595095139216,False,False,False,False,,
588,FXH,FXH,AMEX:FXH,US,First Trust Health Care AlphaDEX Fund,1.161,Health,Long,53424.65,,https://www.tradingview.com/chart/?symbol=AMEX%3AFXH,False,,-9.835836362291712,-9.835836362291712,130.86000061035156,104.81999969482422,112.08424325561523,0.8459848798620494,34.78861208382889,69.81107196335147,False,False,False,False,,
589,BLOK,BLOK,AMEX:BLOK,US,Amplify Blockchain Technology ETF,1.153,Equity Digital Assets,Long,205400.35,,https://www.tradingview.com/chart/?symbol=AMEX%3ABLOK,False,,28.821892385685192,28.821892385685192,64.97000122070312,47.369998931884766,52.49827882385254,0.8099402972655133,30.569225986927318,37.621190221429906,False,False,False,False,,
590,OAKM,OAKM,AMEX:OAKM,US,Oakmark U.S. Large Cap ETF,1.15,Large Value,Long,156439.55,,https://www.tradingview.com/chart/?symbol=AMEX%3AOAKM,False,,-70.22541563432715,-70.22541563432715,29.924999237060547,26.989999771118164,28.198319969177245,0.5732419892301875,34.13163173708021,,False,False,False,False,,
591,PEY,PEY,AMEX:PEY,US,Invesco High Yield Equity Dividend Achievers ETF,1.14,Mid-Cap Value,Long,287329.65,,https://www.tradingview.com/chart/?symbol=AMEX%3APEY,False,,-71.37445663404138,-71.37445663404138,23.1200008392334,20.604999542236328,21.708299812316895,0.5379680601799965,-4.296817739729387,84.47822058607592,False,False,False,False,,
592,EWI,EWI,AMEX:EWI,US,iShares MSCI Italy ETF,1.12,Focused Region,Long,322325.7,,https://www.tradingview.com/chart/?symbol=AMEX%3AEWI,False,,-50.118378157729886,-50.118378157729886,59.935001373291016,50.685001373291016,53.675120941162106,0.7300711394475282,-6.542315432755985,70.29042554673114,False,False,False,False,,
593,EIPI,EIPI,AMEX:EIPI,US,FT Energy Income Partners Enhanced Income ETF,1.117,Derivative Income,Long,69614.35,,https://www.tradingview.com/chart/?symbol=AMEX%3AEIPI,False,,-75.14604081403932,-75.14604081403932,21.684999465942383,21.600000381469727,21.93035302734375,0.06072233471136316,31.633991734410994,,False,True,False,False,,
594,EUAD,EUAD,AMEX:EUAD,US,Select STOXX Europe Aerospace & Defense ETF,1.111,Industrials,Long,111209.35,,https://www.tradingview.com/chart/?symbol=AMEX%3AEUAD,False,,-2.9258749578216627,-2.9258749578216627,42.720001220703125,37.63999938964844,40.10494909667969,0.4863711534191181,-13.230105321682553,,False,False,False,False,,
595,OMAH,OMAH,AMEX:OMAH,US,VistaShares Target 15 Berkshire Select Income ETF,1.102,Derivative Income,Long,1073346.75,,https://www.tradingview.com/chart/?symbol=AMEX%3AOMAH,False,,-64.13901076525492,-64.13901076525492,17.96500015258789,17.8700008392334,18.17562085723877,0.07335853880901919,-15.430992885010156,,False,True,False,False,,
596,GSID,GSID,AMEX:GSID,US,Marketbeta INTL Equity ETF,1.095,Foreign Large Blend,Long,89488.5,,https://www.tradingview.com/chart/?symbol=AMEX%3AGSID,False,,-40.178418314834396,-40.178418314834396,75.26309967041016,67.5199966430664,70.16319772338868,0.6913482020181103,13.388533107240121,70.00011653762316,False,False,False,False,,
597,IMFL,IMFL,AMEX:IMFL,US,Invesco International Developed Dynamic Multifactor ETF,1.09,Foreign Large Blend,Long,58737.8,,https://www.tradingview.com/chart/?symbol=AMEX%3AIMFL,False,,-53.49334323962597,-53.49334323962597,33.70000076293945,30.65999984741211,31.771559631347657,0.6454355640002657,9.998537848587342,71.59706728499357,False,False,False,False,,
598,TRFK,TRFK,AMEX:TRFK,US,Pacer Data and Digital Revolution ETF,1.078,Technology,Long,121242.3,,https://www.tradingview.com/chart/?symbol=AMEX%3ATRFK,False,,53.281489424479425,53.281489424479425,101.80000305175781,59.404998779296875,71.52575006103515,0.8254621166408338,14.31506095940802,79.84838962893913,False,False,False,False,,
599,UMAX,UMAX.TO,TSX:UMAX,TSX,Hamilton Utilities YIELD MAXIMIZER ETF,1.07,Utilities,Long,378770.1,,https://www.tradingview.com/chart/?symbol=TSX%3AUMAX,False,,-71.52996462269375,-71.52996462269375,12.260000228881836,12.260000228881836,12.618720111846924,0.0,-61.26751202077762,,False,True,True,False,,"WATCH: weekly+band ok, waiting on 4h dot"
600,HAUZ,HAUZ,AMEX:HAUZ,US,Xtrackers International Real Estate ETF,1.068,Global Real Estate,Long,86107.95,,https://www.tradingview.com/chart/?symbol=AMEX%3AHAUZ,False,,-62.16968160924832,-62.16968160924832,21.415000915527344,21.399999618530273,22.110359672546387,0.004983819221383594,-62.931793868107185,20.008561907156317,False,True,True,False,,"WATCH: weekly+band ok, waiting on 4h dot"
601,IVES,IVES,AMEX:IVES,US,Dan IVES Wedbush AI Revolution ETF,1.063,Technology,Long,248198.45,,https://www.tradingview.com/chart/?symbol=AMEX%3AIVES,False,,73.10016185830615,73.10016185830615,41.77000045776367,27.139999389648438,30.60919956970215,0.9952381162454973,48.62285058724235,,False,False,False,False,,
602,XLSR,XLSR,AMEX:XLSR,US,State Street US Sector Rotation ETF,1.061,Large Blend,Long,41900.45,,https://www.tradingview.com/chart/?symbol=AMEX%3AXLSR,False,,43.21599072592099,43.21599072592099,66.88089752197266,55.93600082397461,58.614624771118166,0.9642994581161748,18.759158106799074,60.82737545353289,False,False,False,False,,
603,GFLW,GFLW,AMEX:GFLW,US,VictoryShares Free Cash Flow Growth ETF,1.056,Large Growth,Long,156446.75,,https://www.tradingview.com/chart/?symbol=AMEX%3AGFLW,False,,28.554639393983905,36.747559023080264,33.540000915527344,25.190000534057617,27.462680335998535,0.8670821504832842,8.525232972382645,,False,False,False,False,,
604,IDHQ,IDHQ,AMEX:IDHQ,US,Invesco S&P International Developed High Quality ETF,1.055,Foreign Large Growth,Long,136760.05,,https://www.tradingview.com/chart/?symbol=AMEX%3AIDHQ,False,,-28.3090969763694,-28.3090969763694,43.459999084472656,34.25,37.105151306152344,0.7612765667626482,5.5569962083412365,85.45489350798043,False,False,False,False,,
605,ECH,ECH,AMEX:ECH,US,iShares MSCI Chile ETF,1.051,Focused Region,Long,404518.4,,https://www.tradingview.com/chart/?symbol=AMEX%3AECH,False,,-4.025347440862851,-4.025347440862851,38.9900016784668,37.79999923706055,39.518079849243165,0.16346181557517284,-10.886019657444171,51.683070305582646,False,True,False,False,,
606,PPH,PPH,AMEX:PPH,US,VanEck Pharmaceutical ETF,1.049,Health,Long,239042.15,,https://www.tradingview.com/chart/?symbol=AMEX%3APPH,False,,-0.651818755354252,-0.651818755354252,111.0999984741211,98.8550033569336,103.34254321289063,0.6439650544429438,17.105912896524504,68.66229348731565,False,False,False,False,,
607,TVAL,TVAL,AMEX:TVAL,US,T. Rowe Price Value ETF,1.046,Large Value,Long,88694.0,,https://www.tradingview.com/chart/?symbol=AMEX%3ATVAL,False,,-41.50113940351275,-41.50113940351275,42.4900016784668,35.45000076293945,37.34980058288574,0.8745343581048582,13.495209052650848,,False,False,False,False,,
608,TAN,TAN,AMEX:TAN,US,Invesco Solar ETF,1.045,Miscellaneous Sector,Long,846303.35,,https://www.tradingview.com/chart/?symbol=AMEX%3ATAN,False,,-41.468578958927964,-41.468578958927964,43.47999954223633,43.47999954223633,50.673279434204105,0.0,-61.58041660408771,33.56148683237029,False,True,True,False,,
609,JHEM,JHEM,AMEX:JHEM,US,John Hancock Multifactor Emerging Markets ETF,1.039,Diversified Emerging Mkts,Long,103655.95,,https://www.tradingview.com/chart/?symbol=AMEX%3AJHEM,False,,8.603703360607671,8.603703360607671,40.099998474121094,33.18000030517578,35.289816574096676,0.7740577186402969,32.27473587954163,74.77047495780812,False,False,False,False,,
610,PBPH,PBPH,AMEX:PBPH,US,Portfolio Building Block World Pharma and Biotech Index ETF,1.037,Health,Long,85330.2,,https://www.tradingview.com/chart/?symbol=AMEX%3APBPH,False,,35.874070192525174,35.874070192525174,28.690000534057617,24.280000686645508,25.589800506591796,0.7945946763314842,33.83760926449438,,False,False,False,False,,
611,SLVP,SLVP,AMEX:SLVP,US,iShares MSCI Global Silver Miners ETF,1.027,Equity Precious Metals,Long,314734.6,,https://www.tradingview.com/chart/?symbol=AMEX%3ASLVP,False,,-27.49759212801047,-27.49759212801047,36.849998474121094,28.799999237060547,31.908119705200196,0.611237511357919,32.405595801120086,49.84092697483258,False,False,False,False,,
612,AIS,AIS,AMEX:AIS,US,VistaShares Artificial Intelligence Supercycle ETF,1.007,Technology,Long,389869.0,,https://www.tradingview.com/chart/?symbol=AMEX%3AAIS,False,,48.555763203218724,48.555763203218724,74.87000274658203,39.5,51.05219927978516,0.7225741563167183,5.2301028435150565,,False,False,False,False,,
613,RSPN,RSPN,AMEX:RSPN,US,Invesco S&P 500 Equal Weight Industrials ETF,1.006,Industrials,Long,274057.85,,https://www.tradingview.com/chart/?symbol=AMEX%3ARSPN,False,,-49.28594197584423,-38.82918024809168,58.474998474121094,55.900001525878906,58.07238195800781,0.27973888495654436,-46.72012555627939,61.07634382742362,False,False,False,False,,
614,MSOS,MSOS,AMEX:MSOS,US,AdvisorShares Pure US Cannabis ETF,1.002,Miscellaneous Sector,Long,4107084.5,,https://www.tradingview.com/chart/?symbol=AMEX%3AMSOS,False,,4.616753620112611,59.331812929105034,5.159999847412109,3.1500000953674316,3.768320068359375,0.7671755113896747,35.86342353785322,15.242087689183924,False,False,False,False,,
615,AMDL,AMDL,AMEX:AMDL,US,GraniteShares 2x Long AMD Daily ETF,0.996,Trading--Leveraged Equity,2X Long,2024996.95,,https://www.tradingview.com/chart/?symbol=AMEX%3AAMDL,False,,71.8720408296999,71.8720408296999,83.9000015258789,11.38659954071045,28.499762409210206,1.0,10.390862053456138,,False,False,False,False,,
616,MSTY,MSTY,AMEX:MSTY,US,YieldMax MSTR Option Income Strategy ETF,0.976,Derivative Income,Long,2264183.15,,https://www.tradingview.com/chart/?symbol=AMEX%3AMSTY,False,,42.49518195089348,42.49518195089348,16.829999923706055,11.550000190734863,15.379100055694579,0.3254237238323661,55.898749547661204,,False,False,False,False,,
617,FHEQ,FHEQ,AMEX:FHEQ,US,Fidelity Hedged Equity ETF,0.976,Equity Hedged,Long,66490.95,,https://www.tradingview.com/chart/?symbol=AMEX%3AFHEQ,False,,-0.37185180249141325,-0.37185180249141325,33.77000045776367,28.920000076293945,30.25339998626709,0.8584072051196616,13.642167537889259,,False,False,False,False,,
618,JHMD,JHMD,AMEX:JHMD,US,John Hancock Multifactor Developed International ETF,0.974,Foreign Large Blend,Long,75572.6,,https://www.tradingview.com/chart/?symbol=AMEX%3AJHMD,False,,-46.498036709870185,-46.498036709870185,44.88999938964844,40.779998779296875,42.2007188873291,0.6827243019643154,12.664879374892271,68.62686271162629,False,False,False,False,,
619,FTQI,FTQI,AMEX:FTQI,US,First Trust Nasdaq BuyWrite Income ETF,0.97,Derivative Income,Long,239094.65,,https://www.tradingview.com/chart/?symbol=AMEX%3AFTQI,False,,43.083051609710104,43.083051609710104,22.264999389648438,19.309999465942383,20.05575942993164,0.935126603289573,48.866192487010316,74.80150693968578,False,False,False,False,,
620,GII,GII,AMEX:GII,US,State Street SPDR S&P Global Infrastructure ETF,0.954,Infrastructure,Long,36493.0,,https://www.tradingview.com/chart/?symbol=AMEX%3AGII,False,,-70.1332762138054,-70.1332762138054,70.79000091552734,70.79000091552734,72.6826967163086,0.0,-79.35743171234937,54.03834847206374,False,True,True,False,,"WATCH: weekly+band ok, waiting on 4h dot"
621,FDD,FDD,AMEX:FDD,US,First Trust Stoxx European Select Dividend Index Fund,0.948,Europe Stock,Long,119342.35,,https://www.tradingview.com/chart/?symbol=AMEX%3AFDD,False,,-75.38451839224217,-75.38451839224217,19.59000015258789,17.110000610351562,17.969040466308595,0.6813186698022645,33.94237377502462,72.33658370242829,False,False,False,False,,
622,BANK,BANK.TO,TSX:BANK,TSX,Evolve Canadian Banks and Lifecos Enhanced Yield Index Fund,0.947,Financials,1.25X Long,524530.7,,https://www.tradingview.com/chart/?symbol=TSX%3ABANK,False,,9.132022645199156,9.132022645199156,11.40999984741211,9.09000015258789,9.805080089569092,0.7656765344164724,5.817574389365007,83.82163922388992,False,False,False,False,,
623,EYLD,EYLD,AMEX:EYLD,US,Cambria Emerging Shareholder Yield ETF,0.945,Diversified Emerging Mkts,Long,68648.4,,https://www.tradingview.com/chart/?symbol=AMEX%3AEYLD,False,,-49.100415511459694,-49.100415511459694,48.029998779296875,40.13999938964844,42.50233558654785,0.788219669326057,56.22065287154163,74.27038559359235,False,False,False,False,,
624,JDVL,JDVL,AMEX:JDVL,US,John Hancock Disciplined Value Select ETF,0.945,Large Value,Long,106036.65,,https://www.tradingview.com/chart/?symbol=AMEX%3AJDVL,False,,-22.535735142504127,-22.535735142504127,31.489999771118164,26.447599411010742,27.91235750579834,0.8124252661378277,5.524392292317043,,False,False,False,False,,
625,MLPI,MLPI,AMEX:MLPI,US,NEOS MLP & Energy Infrastructure High Income ETF,0.944,Energy Limited Partnership,Long,206137.25,,https://www.tradingview.com/chart/?symbol=AMEX%3AMLPI,False,,-69.12436916974019,-69.12436916974019,51.869998931884766,51.810001373291016,53.3569814453125,0.009152945202210954,-3.132669860739442,,False,True,False,False,,
626,GWX,GWX,AMEX:GWX,US,State Street SPDR S&P International Small Cap ETF,0.944,Foreign Small/Mid Blend,Long,40693.5,,https://www.tradingview.com/chart/?symbol=AMEX%3AGWX,False,,-13.32866137235167,-13.32866137235167,45.709999084472656,40.900001525878906,42.351400985717774,0.7821137152373953,29.87941202619474,63.88109731360377,False,False,False,False,,
627,AIPO,AIPO,AMEX:AIPO,US,Defiance AI & Power Infrastructure ETF,0.929,Technology,Long,1125872.0,,https://www.tradingview.com/chart/?symbol=AMEX%3AAIPO,False,,23.30644331893622,23.30644331893622,28.625,23.840999603271484,26.422603408813476,0.4373343776470371,-44.96364249233005,,False,False,False,False,,
628,AUSF,AUSF,AMEX:AUSF,US,Global X Adaptive U.S. Factor ETF,0.926,Mid-Cap Value,Long,52274.15,,https://www.tradingview.com/chart/?symbol=AMEX%3AAUSF,False,,-72.69155041274917,-72.69155041274917,49.505001068115234,47.369998931884766,48.57477882385254,0.4182178898482714,8.328049382641694,69.65015742177684,False,False,False,False,,
629,SPHB,SPHB,AMEX:SPHB,US,Invesco S&P 500 High Beta ETF,0.923,Mid-Cap Blend,Long,213099.65,,https://www.tradingview.com/chart/?symbol=AMEX%3ASPHB,False,,37.039051620636606,45.60825229694553,151.4199981689453,111.31999969482422,122.06743991088867,0.8805445249881094,-0.5243352142544625,74.07354637400552,False,False,False,False,,
630,GGLL,GGLL,AMEX:GGLL,US,Direxion Daily GOOGL Bull 2X ETF,0.92,Trading--Leveraged Equity,2X Long,1023362.45,,https://www.tradingview.com/chart/?symbol=AMEX%3AGGLL,False,,-6.082244302414747,-6.082244302414747,98.7300033569336,70.91000366210938,89.29912322998047,0.35703285868289153,-27.330084258705767,57.68639198147383,False,False,False,False,,
631,FDV,FDV,AMEX:FDV,US,Federated Hermes U.S. Strategic Dividend ETF,0.916,Large Value,Long,109184.4,,https://www.tradingview.com/chart/?symbol=AMEX%3AFDV,False,,-71.90863845093621,-71.90863845093621,31.860000610351562,30.0,30.960519927978517,0.4570026412328503,13.299461350549594,74.4114880994892,False,False,False,False,,
632,EEMA,EEMA,AMEX:EEMA,US,iShares MSCI Emerging Markets Asia ETF,0.902,Pacific/Asia ex-Japan Stk,Long,56883.7,,https://www.tradingview.com/chart/?symbol=AMEX%3AEEMA,False,,25.501859201617336,25.501859201617336,117.19000244140625,92.377197265625,99.33985806274414,0.8410322134186503,29.085335299689394,75.3208527712601,False,False,False,False,,
633,PID,PID,AMEX:PID,US,Invesco International Dividend Achievers ETF,0.901,Foreign Large Value,Long,56589.95,,https://www.tradingview.com/chart/?symbol=AMEX%3APID,False,,-78.7286823051264,-78.7286823051264,21.420000076293945,21.40999984741211,21.903239883422852,0.004784798158724249,-47.97487511134708,59.496675855014466,False,True,False,False,,
634,TSME,TSME,AMEX:TSME,US,Thrivent Small-Mid Cap Equity ETF,0.896,Mid-Cap Blend,Long,36049.2,,https://www.tradingview.com/chart/?symbol=AMEX%3ATSME,False,,-14.260296846150062,-12.27796690784845,46.0099983215332,40.005699157714844,42.907153976440426,0.48838072318614706,-46.543031781649745,65.90371908977568,False,False,False,False,,
635,AGIX,AGIX,AMEX:AGIX,US,KraneShares Public-Private AI & Technology ETF,0.884,Technology,Long,145590.3,,https://www.tradingview.com/chart/?symbol=AMEX%3AAGIX,False,,55.553454834208786,55.95903934781099,48.220001220703125,31.219999313354492,35.51283943939209,0.9345795166701112,34.41298220195565,,False,False,False,False,,
636,HYLD,HYLD.TO,TSX:HYLD,TSX,Hamilton Enhanced U.S. Covered Call ETF,0.883,Total Market,1.25X Long,139047.7,,https://www.tradingview.com/chart/?symbol=TSX%3AHYLD,False,,42.17491741807364,50.232426130836664,16.239999771118164,12.944999694824219,13.736779586791993,0.9821164011538466,26.78157307676372,72.28697186293196,False,False,False,False,,
637,INFO,INFO,AMEX:INFO,US,Harbor PanAgora Dynamic Large Cap Core ETF,0.881,Large Blend,Long,57406.8,,https://www.tradingview.com/chart/?symbol=AMEX%3AINFO,False,,24.005508929717546,24.005508929717546,28.18440055847168,22.79789924621582,24.165637199401857,0.9294282627247359,26.42875817373739,,False,False,False,False,,
638,AVRE,AVRE,AMEX:AVRE,US,Avantis Real Estate ETF,0.881,Global Real Estate,Long,53878.15,,https://www.tradingview.com/chart/?symbol=AMEX%3AAVRE,False,,-64.0534821140112,-64.0534821140112,44.880001068115234,43.15959930419922,44.70313404846191,0.26304222680657696,-60.421062371312054,70.35983814714001,False,False,True,False,,
639,RSPH,RSPH,AMEX:RSPH,US,Invesco S&P 500 Equal Weight Health Care ETF,0.868,Health,Long,160196.4,,https://www.tradingview.com/chart/?symbol=AMEX%3ARSPH,False,,24.268984743218606,40.52706547065896,37.150001525878906,29.610000610351562,31.597120178222657,0.8954872393365144,45.05731178148405,65.24677250801462,False,False,False,False,,
640,SH,SH,AMEX:SH,US,ProShares Short S&P500,0.863,Trading--Inverse Equity,-1X Short,6364903.15,,https://www.tradingview.com/chart/?symbol=AMEX%3ASH,False,,-52.03830126380307,-50.365645697181755,32.15999984741211,31.895000457763672,33.57886006164551,0.03714077813426775,-5.799337630899733,-58.57987534852239,False,True,False,False,,
641,UDOW,UDOW,AMEX:UDOW,US,ProShares UltraPro Dow30,0.856,Trading--Leveraged Equity,3X Long,1389847.1,,https://www.tradingview.com/chart/?symbol=AMEX%3AUDOW,False,,-59.1607020468795,-59.1607020468795,64.63999938964844,46.54999923706055,54.05833891296387,0.5685997464542139,-23.096436833662967,68.18170693377421,False,False,False,False,,
642,QQA,QQA,AMEX:QQA,US,Invesco QQQ Income Advantage ETF,0.856,Derivative Income,Long,102501.45,,https://www.tradingview.com/chart/?symbol=AMEX%3AQQA,False,,47.914761184161456,48.09440669783668,57.119998931884766,48.439998626708984,50.80471873474121,0.8662674559510988,31.458745090448947,,False,False,False,False,,
643,EPOL,EPOL,AMEX:EPOL,US,iShares MSCI Poland ETF,0.855,Focused Region,Long,371888.5,,https://www.tradingview.com/chart/?symbol=AMEX%3AEPOL,False,,-11.010127325456125,-11.010127325456125,44.709999084472656,34.47999954223633,37.17983921813965,0.8942308365625439,55.47343358712476,72.73510347417901,False,False,False,False,,
644,REZ,REZ,AMEX:REZ,US,iShares Residential and Multisector Real Estate ETF,0.844,Real Estate,Long,62615.25,,https://www.tradingview.com/chart/?symbol=AMEX%3AREZ,True,2026-09-24 09:30,-69.469783060896,-65.22013571323951,89.16000366210938,82.30000305175781,86.40406631469726,0.394477385049718,-45.21028561048883,82.03123995285183,False,False,False,False,,
645,SFLO,SFLO,AMEX:SFLO,US,VictoryShares Small Cap Free Cash Flow ETF,0.839,Small Value,Long,230242.35,,https://www.tradingview.com/chart/?symbol=AMEX%3ASFLO,False,,-68.43586766813725,-68.43586766813725,37.56999969482422,29.426000595092773,32.0016810836792,0.746204273415697,37.7015629550903,,False,False,False,False,,
646,ARKF,ARKF,AMEX:ARKF,US,ARK Blockchain & Fintech Innovation ETF,0.831,Technology,Long,88613.65,,https://www.tradingview.com/chart/?symbol=AMEX%3AARKF,False,,25.450253396303967,37.660634356283474,47.375,36.16999816894531,38.907598709106445,0.9659482431185012,55.241905947600436,-4.045874323496025,False,False,False,False,,
647,ARGT,ARGT,AMEX:ARGT,US,Global X MSCI Argentina ETF,0.818,Focused Region,Long,118698.1,,https://www.tradingview.com/chart/?symbol=AMEX%3AARGT,False,,-70.18410791884716,-70.18410791884716,89.5199966430664,85.52999877929688,88.75609494018555,0.2918820298246231,16.906789883404464,44.015975036079205,False,False,False,False,,
648,FEM,FEM,AMEX:FEM,US,First Trust Emerging Markets AlphaDEX Fund,0.817,Diversified Emerging Mkts,Long,75438.35,,https://www.tradingview.com/chart/?symbol=AMEX%3AFEM,False,,-19.434124931520806,-19.434124931520806,32.4900016784668,28.770000457763672,29.97360009765625,0.7294122222936958,35.24896946830175,68.27613411050687,False,False,False,False,,
649,SLVR,SLVR,AMEX:SLVR,US,Sprott Silver Miners & Physical Silver ETF,0.804,Equity Precious Metals,Long,145136.15,,https://www.tradingview.com/chart/?symbol=AMEX%3ASLVR,False,,-20.020714782686404,-20.020714782686404,57.790000915527344,46.86000061035156,52.71280133056641,0.44072576452368895,24.18421515421099,,False,False,False,False,,
650,SAMT,SAMT,AMEX:SAMT,US,Strategas Macro Thematic Opportunities ETF,0.801,Large Blend,Long,163575.0,,https://www.tradingview.com/chart/?symbol=AMEX%3ASAMT,False,,25.665382025485638,27.96264210619394,42.404998779296875,38.5,40.69716032409668,0.41944126780686897,-62.26463847831307,66.31825957821476,False,False,True,False,,
651,DIV,DIV,AMEX:DIV,US,Global X SuperDividend US ETF,0.795,Small Value,Long,171166.55,,https://www.tradingview.com/chart/?symbol=AMEX%3ADIV,True,2026-09-24 13:30,-87.143266813825,-87.143266813825,19.030000686645508,18.610000610351562,18.96400061035156,0.2800000508626302,21.780726529019788,77.15660351025944,False,False,False,False,,
652,AVMV,AVMV,AMEX:AVMV,US,Avantis U.S. Mid Cap Value ETF,0.793,Mid-Cap Value,Long,56776.3,,https://www.tradingview.com/chart/?symbol=AMEX%3AAVMV,False,,-63.26273164173289,-63.26273164173289,77.44999694824219,71.89510345458984,74.74961737060546,0.45925677823697714,-27.673220581185934,,False,False,False,False,,
653,FXU,FXU,AMEX:FXU,US,First Trust Utilities AlphaDEX Fund,0.791,Utilities,Long,241436.05,,https://www.tradingview.com/chart/?symbol=AMEX%3AFXU,False,,-79.53347208058803,-79.53347208058803,43.810001373291016,43.810001373291016,45.63782112121582,0.0,-68.60716495906003,46.32240233853801,False,True,True,False,,"WATCH: weekly+band ok, waiting on 4h dot"
654,IGE,IGE,AMEX:IGE,US,iShares North American Natural Resources ETF,0.789,Natural Resources,Long,232315.35,,https://www.tradingview.com/chart/?symbol=AMEX%3AIGE,False,,-70.27003475258952,-66.93366759401363,63.18000030517578,55.720001220703125,58.3502204284668,0.669358576174513,49.60312372795406,72.45520978014025,False,False,False,False,,
655,EWJV,EWJV,AMEX:EWJV,US,iShares MSCI Japan Value ETF,0.787,Japan Stock,Long,123617.3,,https://www.tradingview.com/chart/?symbol=AMEX%3AEWJV,False,,-45.78300115227754,-45.78300115227754,48.0099983215332,40.5,42.78683967590332,0.7750257364157981,70.06132637240066,74.77493149430758,False,False,False,False,,
656,SMIN,SMIN,AMEX:SMIN,US,iShares MSCI India Small Cap ETF,0.777,India Equity,Long,44027.25,,https://www.tradingview.com/chart/?symbol=AMEX%3ASMIN,False,,-11.151616494579327,-11.151616494579327,69.88999938964844,57.850101470947266,61.29315965270996,0.8252593359775279,10.691411452948742,-2.952100542900093,False,False,False,False,,
657,AFLG,AFLG,AMEX:AFLG,US,First Trust Active Factor Large Cap ETF,0.777,Large Blend,Long,61212.15,,https://www.tradingview.com/chart/?symbol=AMEX%3AAFLG,False,,-11.844943581756366,-11.844943581756366,44.2400016784668,37.53799819946289,39.37860986328125,0.8593191340338096,20.792195914130613,71.391830464456,False,False,False,False,,
658,ROBT,ROBT,AMEX:ROBT,US,First Trust Nasdaq Artificial Intelligence & Robotics ETF,0.769,Technology,Long,39209.4,,https://www.tradingview.com/chart/?symbol=AMEX%3AROBT,False,,52.511703539032624,52.511703539032624,59.810001373291016,44.349998474121094,48.22629919433594,0.9412480990385803,22.52794528425191,54.289752633379145,False,False,False,False,,
659,NUKZ,NUKZ,AMEX:NUKZ,US,Range Nuclear Renaissance Index ETF,0.768,Miscellaneous Sector,Long,110651.65,,https://www.tradingview.com/chart/?symbol=AMEX%3ANUKZ,False,,-33.917786082691826,-33.917786082691826,61.369998931884766,60.81999969482422,64.46619897460937,0.035598663152041764,-42.27195673898146,,False,True,False,False,,
660,XRE,XRE.TO,TSX:XRE,TSX,iShares S&P/TSX Capped REIT Index ETF,0.765,Real Estate,Long,245800.0,,https://www.tradingview.com/chart/?symbol=TSX%3AXRE,False,,-43.958834967559284,-19.31989658518143,15.359999656677246,15.260000228881836,15.788640174865723,0.04464260625593386,-66.36541183745362,60.9817203493034,False,True,True,False,,
661,ARKX,ARKX,AMEX:ARKX,US,ARK Space & Defense Innovation ETF,0.763,Technology,Long,65825.75,,https://www.tradingview.com/chart/?symbol=AMEX%3AARKX,False,,38.18012829091769,41.218118510816744,32.75,28.020000457763672,30.316280349731446,0.48612536122989297,-21.2539732757237,56.716901217896314,False,False,False,False,,
662,QQH,QQH,AMEX:QQH,US,HCM Defender 100 Index ETF,0.756,Large Growth,Long,34926.15,,https://www.tradingview.com/chart/?symbol=AMEX%3AQQH,False,,53.790104963402115,55.857297627765035,88.00499725341797,68.77999877929688,73.62271978759766,0.9368905687764492,16.019527626111213,57.861995167594124,False,False,False,False,,
663,QDVO,QDVO,AMEX:QDVO,US,Amplify CWP Growth & Income ETF,0.75,Derivative Income,Long,203377.0,,https://www.tradingview.com/chart/?symbol=AMEX%3AQDVO,False,,52.92846576366889,52.92846576366889,30.31999969482422,25.850000381469727,27.048880363464356,0.8799211378911708,36.82280256339055,,False,False,False,False,,
664,EWD,EWD,AMEX:EWD,US,iShares MSCI Sweden ETF,0.749,Focused Region,Long,201292.6,,https://www.tradingview.com/chart/?symbol=AMEX%3AEWD,False,,-24.749645900874057,-24.749645900874057,51.04999923706055,46.779998779296875,48.585399139404295,0.5581698831456237,5.934805110346473,61.65067690237897,False,False,False,False,,
665,ULTY,ULTY,AMEX:ULTY,US,YieldMax Ultra Option Income Strategy ETF,0.748,Derivative Income,Long,412103.25,,https://www.tradingview.com/chart/?symbol=AMEX%3AULTY,False,,6.606804111040044,6.606804111040044,25.594999313354492,25.135000228881836,26.929780570983887,0.0604863901107817,18.337827986484356,,False,True,False,False,,
666,VOLT,VOLT,AMEX:VOLT,US,Tema Electrification ETF,0.747,Mid-Cap Blend,Long,211282.4,,https://www.tradingview.com/chart/?symbol=AMEX%3AVOLT,False,,13.562542072585757,20.75014260979826,35.595001220703125,33.119998931884766,35.253439147949216,0.2737834113011239,-55.8128862851286,,False,False,False,False,,
667,HEGD,HEGD,AMEX:HEGD,US,Swan Hedged Equity US Large Cap ETF,0.741,Equity Hedged,Long,50974.55,,https://www.tradingview.com/chart/?symbol=AMEX%3AHEGD,False,,25.106445380161713,25.25257759211496,27.0,24.450000762939453,25.150920600891112,0.858585800203579,-4.8914306706832065,66.03790765032191,False,False,False,False,,
668,WTAI,WTAI,AMEX:WTAI,US,WisdomTree Artificial Intelligence and Innovation Fund,0.728,Technology,Long,289090.6,,https://www.tradingview.com/chart/?symbol=AMEX%3AWTAI,False,,47.930838555918136,49.71036389012713,43.6150016784668,26.760000228881836,31.871759742736817,0.7781626524723283,8.59693813333435,79.85693759439886,False,False,False,False,,
669,JETS,JETS,AMEX:JETS,US,U.S. Global Jets ETF,0.727,Industrials,Long,2604726.0,,https://www.tradingview.com/chart/?symbol=AMEX%3AJETS,False,,18.737034481701084,18.737034481701084,28.450000762939453,23.6200008392334,26.013040245056153,0.476331471692889,-45.52550136695219,61.626104843581125,False,False,False,False,,
670,IEO,IEO,AMEX:IEO,US,iShares U.S. Oil & Gas Exploration & Production ETF,0.724,Equity Energy,Long,16442.75,,https://www.tradingview.com/chart/?symbol=AMEX%3AIEO,True,2026-09-24 09:30,-62.639538107866294,-56.737905955244834,134.97500610351562,107.04000091552734,115.96316213989257,0.7388257433210522,64.7315695986302,80.22355593682535,False,False,False,False,,
671,MISL,MISL,AMEX:MISL,US,First Trust Indxx Aerospace & Defense ETF,0.718,Industrials,Long,72709.45,,https://www.tradingview.com/chart/?symbol=AMEX%3AMISL,False,,-2.3738472274751077,12.885985244610817,42.599998474121094,42.13999938964844,43.80615971374512,0.0651556650134514,-38.12675688204636,44.26722249763981,False,True,False,False,,
672,MULL,MULL,AMEX:MULL,US,GraniteShares 2x Long MU Daily ETF,0.706,Trading--Leveraged Equity,2X Long,4831540.9,,https://www.tradingview.com/chart/?symbol=AMEX%3AMULL,False,,41.08730949463895,52.26401947207059,26.315000534057617,3.883999824523926,13.065816082000731,0.5765434658027759,4.102496576600167,,False,False,False,False,,
673,FEPI,FEPI,AMEX:FEPI,US,REX FANG & Innovation Equity Premium Income ETF,0.702,Derivative Income,Long,166801.5,,https://www.tradingview.com/chart/?symbol=AMEX%3AFEPI,False,,36.956430642185495,36.956430642185495,43.07500076293945,37.91999816894531,39.97437860107422,0.5921885708977004,46.6209748131507,,False,False,False,False,,
674,SMDV,SMDV,AMEX:SMDV,US,ProShares Russell 2000 Dividend Growers ETF,0.702,Small Value,Long,121043.8,,https://www.tradingview.com/chart/?symbol=AMEX%3ASMDV,False,,-73.37556603909319,-73.37556603909319,73.0,66.66000366210938,69.61472286987305,0.506389619633143,-39.53632200745138,77.97074399910366,False,False,False,False,,
675,FCG,FCG,AMEX:FCG,US,First Trust Natural Gas ETF,0.699,Equity Energy,Long,714474.25,,https://www.tradingview.com/chart/?symbol=AMEX%3AFCG,False,,-55.07078300213447,-48.267432948607706,29.81999969482422,26.15999984741211,27.71170002746582,0.5566539045960279,51.4931368551098,64.27733686146723,False,False,False,False,,
676,GMOI,GMOI,AMEX:GMOI,US,GMO International Value ETF,0.695,Foreign Large Value,Long,93139.5,,https://www.tradingview.com/chart/?symbol=AMEX%3AGMOI,False,,-70.87455266732466,-70.87455266732466,40.34280014038086,34.84000015258789,36.56289450073242,0.7537669378959491,43.85856251562424,,False,False,False,False,,
677,TQGD,TQGD.TO,TSX:TQGD,TSX,TD Q Global Dividend ETF,0.677,High Dividend Yield,Long,47561.35,,https://www.tradingview.com/chart/?symbol=TSX%3ATQGD,False,,8.433415589887145,8.433415589887145,26.8799991607666,22.65999984741211,23.745599937438964,0.9173910789994714,40.585874496857976,78.87727951500749,False,False,False,False,,
678,YINN,YINN,AMEX:YINN,US,Direxion Daily FTSE China Bull 3X ETF,0.676,Trading--Leveraged Equity,3X Long,1051457.5,,https://www.tradingview.com/chart/?symbol=AMEX%3AYINN,False,,-26.372219364452093,-26.372219364452093,25.53499984741211,21.451799392700195,25.568394844055177,0.2340855006762519,-34.18117098416593,-34.624182989980625,False,True,False,False,,
679,TOPT,TOPT,AMEX:TOPT,US,iShares Top 20 U.S. Stocks ETF,0.676,Large Blend,Long,293079.4,,https://www.tradingview.com/chart/?symbol=AMEX%3ATOPT,False,,56.63449037918058,56.63449037918058,35.165000915527344,27.665000915527344,29.476324142456054,0.9771861662709539,52.30749716033858,,False,False,False,False,,
681,GQGU,GQGU,AMEX:GQGU,US,GQG US Equity ETF,0.663,Large Growth,Long,198599.05,,https://www.tradingview.com/chart/?symbol=AMEX%3AGQGU,False,,35.28537534049949,38.32350033747915,26.489999771118164,25.139999389648438,25.597839515686037,0.6958762937276759,-8.178142969155154,,False,False,False,False,,
682,TSLY,TSLY,AMEX:TSLY,US,YieldMax TSLA Option Income Strategy ETF,0.661,Derivative Income,Long,493423.15,,https://www.tradingview.com/chart/?symbol=AMEX%3ATSLY,False,,32.1153923023656,46.68461883368275,22.6200008392334,20.469999313354492,23.297279655456542,0.17946588194723395,10.7725301458635,11.878984543493152,False,True,False,False,,
683,PSQ,PSQ,AMEX:PSQ,US,ProShares Short QQQ,0.66,Trading--Inverse Equity,-1X Short,7702600.95,,https://www.tradingview.com/chart/?symbol=AMEX%3APSQ,False,,-65.13468443977679,-62.138983880337975,24.739999771118164,24.729999542236328,26.752542877197264,0.0011668743879640346,-8.535525651924564,-60.49498226410852,False,True,False,False,,
684,IAT,IAT,AMEX:IAT,US,iShares U.S. Regional Banks ETF,0.659,Financial,Long,145972.75,,https://www.tradingview.com/chart/?symbol=AMEX%3AIAT,True,2026-09-24 13:30,-72.84791880314852,-72.84791880314852,57.849998474121094,51.47999954223633,54.83591893005371,0.447960625449508,-28.748864485150722,70.0260948335007,False,False,False,False,,
685,OSCV,OSCV,AMEX:OSCV,US,Opus Small Cap Value ETF,0.659,Small Blend,Long,96087.65,,https://www.tradingview.com/chart/?symbol=AMEX%3AOSCV,False,,-72.54396924788179,-72.54396924788179,39.83000183105469,38.349998474121094,39.50403923034668,0.30265897486904053,-41.19406750522928,68.06980774188331,False,False,False,False,,
686,EMEQ,EMEQ,AMEX:EMEQ,US,Nomura ETF Trust Nomura Focused Emerging Markets Equity ETF,0.652,Diversified Emerging Mkts,Long,77971.95,,https://www.tradingview.com/chart/?symbol=AMEX%3AEMEQ,False,,32.27142067795278,32.41043749730827,66.3499984741211,43.16999816894531,51.46535171508789,0.6594631611048467,15.11675310936573,,False,False,False,False,,
687,KIE,KIE,AMEX:KIE,US,State Street SPDR S&P Insurance ETF,0.65,Financial,Long,990214.0,,https://www.tradingview.com/chart/?symbol=AMEX%3AKIE,False,,-75.85323284677679,-75.85323284677679,59.66999816894531,53.540000915527344,56.58675997924804,0.47482564966589624,-19.85250107261378,48.35771357888947,False,False,False,False,,
688,FIVA,FIVA,AMEX:FIVA,US,Fidelity International Value Factor ETF,0.644,Foreign Large Value,Long,90615.85,,https://www.tradingview.com/chart/?symbol=AMEX%3AFIVA,False,,-67.81368815337449,-67.81368815337449,38.5,33.40999984741211,35.074979919433595,0.721474122241171,18.864617774558194,74.12399771049917,False,False,False,False,,
689,RSPG,RSPG,AMEX:RSPG,US,Invesco S&P 500 Equal Weight Energy ETF,0.642,Equity Energy,Long,80484.4,,https://www.tradingview.com/chart/?symbol=AMEX%3ARSPG,False,,-66.48675182834954,-59.58236234807075,111.02999877929688,96.79000091552734,101.61384149169922,0.696673002099203,56.80400184407542,78.61684828401461,False,False,False,False,,
690,EWN,EWN,AMEX:EWN,US,iShares MSCI Netherlands ETF,0.641,Focused Region,Long,276954.9,,https://www.tradingview.com/chart/?symbol=AMEX%3AEWN,False,,3.605802945892151,8.056133404527067,67.25,55.33000183105469,59.175621398925784,0.7315127037977955,-18.09292040865442,74.31825200787408,False,False,False,False,,
691,SILJ,SILJ,AMEX:SILJ,US,Amplify Junior Silver Miners ETF,0.64,Equity Precious Metals,Long,4022767.4,,https://www.tradingview.com/chart/?symbol=AMEX%3ASILJ,False,,-23.746157597543498,-23.746157597543498,28.93000030517578,23.704999923706055,26.223119941711424,0.489690753899652,22.25208116011869,46.48323090287308,False,False,False,False,,
692,XUT,XUT.TO,TSX:XUT,TSX,iShares S&P/TSX Capped Utilities Index ETF,0.64,Utilities,Long,403879.8,,https://www.tradingview.com/chart/?symbol=TSX%3AXUT,False,,-16.23547740896376,-16.23547740896376,33.68000030517578,33.31999969482422,34.46695983886719,0.07407419035807915,-56.110253405646326,67.07264819938332,False,True,False,False,,
693,KSA,KSA,AMEX:KSA,US,iShares MSCI Saudi Arabia ETF,0.634,Focused Region,Long,438073.15,,https://www.tradingview.com/chart/?symbol=AMEX%3AKSA,False,,-61.56754975735563,-55.39285641206598,36.90999984741211,36.34000015258789,37.36187968444824,0.1316397126906138,1.2005712048919215,-5.822402183920339,False,True,False,False,,
695,TSMX,TSMX,AMEX:TSMX,US,Direxion Daily TSM Bull 2X ETF,0.62,Trading--Leveraged Equity,2X Long,456824.9,,https://www.tradingview.com/chart/?symbol=AMEX%3ATSMX,False,,40.58038016939677,51.40819377161117,88.2699966430664,49.817100524902344,62.826105377197266,0.6975847566300059,9.870020399628315,,False,False,False,False,,
696,SETM,SETM,AMEX:SETM,US,Sprott Critical Materials ETF,0.619,Natural Resources,Long,128981.65,,https://www.tradingview.com/chart/?symbol=AMEX%3ASETM,False,,-21.054121259916247,-21.054121259916247,30.469999313354492,27.729999542236328,30.47231929016113,0.23580034621171309,-2.482629872186967,43.175947089777445,False,True,False,False,,
697,LVHD,LVHD,AMEX:LVHD,US,Franklin U.S. Low Volatility High Dividend Index ETF,0.619,Mid-Cap Value,Long,62188.4,,https://www.tradingview.com/chart/?symbol=AMEX%3ALVHD,False,,-77.62130604272348,-77.62130604272348,41.86000061035156,41.86000061035156,42.829960754394534,0.0,-44.08748310682532,71.03183612182454,False,True,False,False,,
698,XPH,XPH,AMEX:XPH,US,State Street SPDR S&P Pharmaceuticals ETF,0.618,Health,Long,150546.6,,https://www.tradingview.com/chart/?symbol=AMEX%3AXPH,False,,-32.25605379490657,-32.25605379490657,66.52999877929688,51.36000061035156,56.73371981811523,0.666227510119755,0.7616830103440186,78.81504695761218,False,False,False,False,,
699,FLBR,FLBR,AMEX:FLBR,US,Franklin FTSE Brazil ETF,0.616,Focused Region,Long,212263.85,,https://www.tradingview.com/chart/?symbol=AMEX%3AFLBR,False,,-20.9357044199493,-20.9357044199493,23.0,20.471599578857422,21.799902168273924,0.44922181447509457,41.71659042701558,56.952141094594175,False,False,False,False,,
700,GVAL,GVAL,AMEX:GVAL,US,Cambria Global Value ETF,0.605,Foreign Large Value,Long,99097.9,,https://www.tradingview.com/chart/?symbol=AMEX%3AGVAL,False,,-10.308717829749456,-8.566350998317105,38.61000061035156,31.75,33.645079711914065,0.8542965944201849,60.48000555727617,73.45128479959662,False,False,False,False,,
701,DXQ,DXQ.TO,TSX:DXQ,TSX,Dynamic Active Enhanced Yield Covered Options ETF,0.601,Large Cap,Long,21043.1,,https://www.tradingview.com/chart/?symbol=TSX%3ADXQ,False,,42.18941426278412,42.18941426278412,28.520000457763672,26.219999313354492,26.850119331359863,0.8614236249766939,21.682081216513108,67.68588541231993,False,False,False,False,,
702,MFSV,MFSV,AMEX:MFSV,US,MFS Active Value ETF,0.6,Large Value,Long,143929.9,,https://www.tradingview.com/chart/?symbol=AMEX%3AMFSV,False,,-73.09580317079896,-73.09580317079896,28.25,26.260000228881836,27.160340354919434,0.5216250308100506,-14.805581771196666,,False,False,False,False,,
703,SEIS,SEIS,AMEX:SEIS,US,SEI Select Small Cap ETF,0.6,Small Blend,Long,49430.95,,https://www.tradingview.com/chart/?symbol=AMEX%3ASEIS,False,,-43.40477289768734,-43.40477289768734,31.389999389648438,26.719999313354492,28.35193907928467,0.6753435641524324,-33.92110565505519,,False,False,False,False,,
704,LGH,LGH,AMEX:LGH,US,HCM Defender 500 Index ETF,0.598,Large Blend,Long,22330.2,,https://www.tradingview.com/chart/?symbol=AMEX%3ALGH,False,,29.673424224225588,29.673424224225588,66.34590148925781,56.27000045776367,58.89472172546387,0.9059676822431381,18.106077229560665,58.2383283091107,False,False,False,False,,
705,HEZU,HEZU,AMEX:HEZU,US,iShares Currency Hedged MSCI Eurozone ETF,0.593,Europe Stock,Long,69112.8,,https://www.tradingview.com/chart/?symbol=AMEX%3AHEZU,False,,3.816892229239194,12.599316043725638,48.875,42.11000061035156,44.1384208984375,0.7870853320361737,-16.252854433260534,74.43443988802737,False,False,False,False,,
706,PTF,PTF,AMEX:PTF,US,Invesco Dorsey Wright Technology Momentum ETF,0.591,Technology,Long,104544.3,,https://www.tradingview.com/chart/?symbol=AMEX%3APTF,False,,42.809947366021724,48.04093730490293,107.27999877929688,81.26000213623047,94.76156192016602,0.4548155402807633,-32.21024406553834,72.3823845696822,False,False,False,False,,
707,ZUT,ZUT.TO,TSX:ZUT,TSX,BMO Equal Weight Utilities Index ETF,0.588,Utilities,Long,65056.6,,https://www.tradingview.com/chart/?symbol=TSX%3AZUT,False,,-8.37404816544139,-8.37404816544139,27.59000015258789,27.059999465942383,27.98983959197998,0.13451792253938746,-61.4785296301539,67.95154969399012,False,True,True,False,,
708,EZA,EZA,AMEX:EZA,US,iShares MSCI South Africa ETF,0.588,Focused Region,Long,133847.75,,https://www.tradingview.com/chart/?symbol=AMEX%3AEZA,False,,-61.59982562914764,-61.59982562914764,65.91000366210938,60.45000076293945,63.85784043884277,0.3781165802239629,24.332667747653318,44.31609259768879,False,False,False,False,,
709,DDM,DDM,AMEX:DDM,US,ProShares Ultra Dow30,0.586,Trading--Leveraged Equity,2X Long,118848.85,,https://www.tradingview.com/chart/?symbol=AMEX%3ADDM,False,,-59.666772627285944,-59.666772627285944,62.349998474121094,49.505001068115234,54.5259005279541,0.6037602250483359,-25.494733548314922,69.47973418384738,False,False,False,False,,
710,IPKW,IPKW,AMEX:IPKW,US,Invesco International BuyBack Achievers ETF,0.577,Foreign Large Value,Long,37686.1,,https://www.tradingview.com/chart/?symbol=AMEX%3AIPKW,False,,-67.25136578779228,-67.25136578779228,59.66999816894531,54.43000030517578,56.22832005310059,0.6876638580411777,32.188860516039256,64.51713593400135,False,False,False,False,,
711,ENCC,ENCC.TO,TSX:ENCC,TSX,Global X Canadian Oil and Gas Equity Covered Call ETF,0.575,Energy,Long,84627.1,,https://www.tradingview.com/chart/?symbol=TSX%3AENCC,False,,-63.70367865968739,-54.307375047836395,12.670000076293945,11.569999694824219,12.001879676818847,0.6010931296882475,36.08721381772975,82.85973508715098,False,False,False,False,,
712,CONL,CONL,AMEX:CONL,US,GraniteShares 2x Long COIN Daily ETF,0.572,Trading--Leveraged Equity,2X Long,23573567.9,,https://www.tradingview.com/chart/?symbol=AMEX%3ACONL,False,,28.170806480121545,33.28126167693648,6.574999809265137,3.924999952316284,5.482599873542785,0.4015151501468171,19.493520699836974,-48.74530080355854,False,False,False,False,,
713,CSRE,CSRE,AMEX:CSRE,US,Cohen & Steers Real Estate Active ETF,0.57,Real Estate,Long,139459.25,,https://www.tradingview.com/chart/?symbol=AMEX%3ACSRE,False,,-66.00874555690437,-66.00874555690437,27.290000915527344,25.829999923706055,26.811759887695313,0.35096178975331926,-57.56771356444877,,False,False,False,False,,
714,XMA,XMA.TO,TSX:XMA,TSX,iShares S&P/TSX Capped Materials Index ETF,0.566,Materials,Long,95650.3,,https://www.tradingview.com/chart/?symbol=TSX%3AXMA,False,,-4.838296611062693,-4.838296611062693,47.68000030517578,37.599998474121094,41.11167872619629,0.6774194292669808,35.074575069671894,51.95379564562302,False,False,False,False,,
715,QCLN,QCLN,AMEX:QCLN,US,First Trust Nasdaq Clean Edge Green Energy Index Fund,0.564,Miscellaneous Sector,Long,156840.45,,https://www.tradingview.com/chart/?symbol=AMEX%3AQCLN,False,,5.035973776999896,20.97186846767762,48.2400016784668,43.64500045776367,49.50134013366699,0.18517031936312153,-51.24986510698051,49.64906027295595,False,True,False,False,,
716,TXUE,TXUE,AMEX:TXUE,US,Thornburg International Equity ETF,0.562,Foreign Large Blend,Long,45785.0,,https://www.tradingview.com/chart/?symbol=AMEX%3ATXUE,False,,-44.20357066270461,-44.20357066270461,35.21500015258789,31.110000610351562,32.44104046630859,0.7278368770341672,2.7833657943145202,,False,False,False,False,,
717,UFO,UFO,AMEX:UFO,US,Procure Space ETF,0.558,Miscellaneous Sector,Long,221687.7,,https://www.tradingview.com/chart/?symbol=AMEX%3AUFO,False,,8.451630095398047,8.451630095398047,43.43000030517578,42.53499984741211,48.49045909118652,0.0354666364735897,-41.99564694998962,58.28270022664708,False,True,False,False,,
719,MSFU,MSFU,AMEX:MSFU,US,Direxion Daily MSFT Bull 2X ETF,0.551,Trading--Leveraged Equity,2X Long,2767213.8,,https://www.tradingview.com/chart/?symbol=AMEX%3AMSFU,False,,-10.276484083043426,-7.356727740620452,37.138301849365234,19.7549991607666,24.72119425201416,0.8260769782764813,42.281562700844,-21.210277157935923,False,False,False,False,,
720,LABU,LABU,AMEX:LABU,US,Direxion Daily S&P Biotech Bull 3X ETF,0.548,Trading--Leveraged Equity,3X Long,379732.9,,https://www.tradingview.com/chart/?symbol=AMEX%3ALABU,False,,-13.644947041158888,-13.644947041158888,257.5,135.21499633789062,183.8888151855469,0.5929113750984725,8.886333474253489,68.666814396937,False,False,False,False,,
721,JNUG,JNUG,AMEX:JNUG,US,Direxion Daily Junior Gold Miners Index Bull 2X ETF,0.545,Trading--Leveraged Equity,2X Long,282701.7,,https://www.tradingview.com/chart/?symbol=AMEX%3AJNUG,False,,-25.563516750340757,-25.563516750340757,165.3300018310547,103.58000183105469,136.95276269531252,0.4366734912725685,24.675723057282482,25.79220542392481,False,False,False,False,,
722,ENFR,ENFR,AMEX:ENFR,US,Alerian Energy Infrastructure ETF,0.545,Energy Limited Partnership,Long,85383.5,,https://www.tradingview.com/chart/?symbol=AMEX%3AENFR,False,,-70.56258967162674,-70.56258967162674,38.020198822021484,36.165000915527344,37.202221023559574,0.42211552065187485,21.59604135237571,76.63322910069586,False,False,False,False,,
723,NVDU,NVDU,AMEX:NVDU,US,Direxion Daily NVDA Bull 2X ETF,0.537,Trading--Leveraged Equity,2X Long,342641.85,,https://www.tradingview.com/chart/?symbol=AMEX%3ANVDU,False,,28.37620195568641,28.37620195568641,141.07000732421875,86.87999725341797,106.90931790161133,0.6385060482749092,19.568495936819904,,False,False,False,False,,
724,REM,REM,AMEX:REM,US,iShares Mortgage Real Estate ETF,0.535,Real Estate,Long,154119.95,,https://www.tradingview.com/chart/?symbol=AMEX%3AREM,False,,-62.558492037722466,-62.558492037722466,18.915000915527344,18.915000915527344,19.90502084350586,0.0,-57.25497024308015,41.38575925980307,False,True,False,False,,
725,NBOS,NBOS,AMEX:NBOS,US,Neuberger Option Strategy ETF,0.534,Equity Hedged,1.25X Long,77901.15,,https://www.tradingview.com/chart/?symbol=AMEX%3ANBOS,False,,34.04316546053695,34.04316546053695,28.56999969482422,26.161100387573242,26.767360588073732,0.937716571270742,50.47428705496997,,False,False,False,False,,
726,DWX,DWX,AMEX:DWX,US,State Street SPDR S&P International Dividend ETF,0.53,Foreign Large Value,Long,13413.0,,https://www.tradingview.com/chart/?symbol=AMEX%3ADWX,False,,-71.57102401943098,-71.57102401943098,46.30500030517578,44.5,45.44201760864258,0.4521996915060963,8.607907192249769,65.16240812593212,False,False,False,False,,
727,VNM,VNM,AMEX:VNM,US,VanEck Vietnam ETF,0.525,Focused Region,Long,156431.7,,https://www.tradingview.com/chart/?symbol=AMEX%3AVNM,False,,-53.79821957768335,-53.79821957768335,17.225000381469727,16.28499984741211,17.107459991455077,0.26972750916183946,0.2310044654465706,29.349303778834184,False,False,False,False,,
728,RSPU,RSPU,AMEX:RSPU,US,Invesco S&P 500 Equal Weight Utilities ETF,0.521,Utilities,Long,57417.25,,https://www.tradingview.com/chart/?symbol=AMEX%3ARSPU,False,,-77.05260866386702,-77.05260866386702,69.87999725341797,69.87999725341797,73.26423818969727,0.0,-68.90865838414054,40.79835244739915,False,True,True,False,,"WATCH: weekly+band ok, waiting on 4h dot"
729,IAK,IAK,AMEX:IAK,US,iShares U.S. Insurance ETF,0.517,Financial,Long,121598.95,,https://www.tradingview.com/chart/?symbol=AMEX%3AIAK,False,,-75.42365084598417,-75.42365084598417,137.75,125.52999877929688,131.77573791503906,0.46174203331392233,-15.1503376818769,73.90172798188956,False,False,False,False,,
730,EIDO,EIDO,AMEX:EIDO,US,iShares MSCI Indonesia ETF,0.516,Focused Region,Long,1014594.4,,https://www.tradingview.com/chart/?symbol=AMEX%3AEIDO,False,,-73.5478298780144,-68.47627666369802,12.045000076293945,10.795000076293945,12.153179878234862,0.21720246434119242,25.27685898854043,-70.67415319562303,False,True,False,False,,
731,DJD,DJD,AMEX:DJD,US,Invesco Dow Jones Industrial Average Dividend ETF,0.51,Large Value,Long,46671.75,,https://www.tradingview.com/chart/?symbol=AMEX%3ADJD,False,,-64.09177498653425,-64.06912186466514,63.59000015258789,58.84000015258789,60.69024018859863,0.6058673351469364,12.009031615417426,75.15096127222078,False,False,False,False,,
732,VGSR,VGSR,AMEX:VGSR,US,Vert Global Sustainable Real Estate ETF,0.506,Global Real Estate,Long,222311.85,,https://www.tradingview.com/chart/?symbol=AMEX%3AVGSR,False,,-56.85261959885682,-56.85261959885682,10.779999732971191,10.130000114440918,10.535117588043214,0.37865537768370294,-63.42055294067726,,False,False,True,False,,
733,ICOP,ICOP,AMEX:ICOP,US,iShares Copper and Metals Mining ETF,0.499,Natural Resources,Long,154837.05,,https://www.tradingview.com/chart/?symbol=AMEX%3AICOP,False,,-6.396694940844977,-4.035611844511656,54.290000915527344,42.310001373291016,46.70196061706543,0.6437400110156833,23.94830733078909,,False,False,False,False,,
734,BTCC,BTCC.TO,TSX:BTCC,TSX,Purpose Bitcoin ETF,0.497,"Long BTC, Short CAD",Long,198964.7,,https://www.tradingview.com/chart/?symbol=TSX%3ABTCC,False,,43.951083395114075,43.951083395114075,14.699999809265137,10.260000228881836,11.402240264892578,0.9173552562822308,57.58081245324238,-32.8054452769556,False,False,False,False,,
735,CRAK,CRAK,AMEX:CRAK,US,VanEck Oil Refiners ETF,0.496,Equity Energy,Long,435049.2,,https://www.tradingview.com/chart/?symbol=AMEX%3ACRAK,False,,-39.37308375413428,-38.441642937152984,64.11000061035156,44.88999938964844,49.967539245605465,0.8933303167998456,69.8158525659777,76.89319700818659,False,False,False,False,,
736,PAPI,PAPI,AMEX:PAPI,US,Parametric Equity Premium Income ETF,0.49,Derivative Income,Long,91780.0,,https://www.tradingview.com/chart/?symbol=AMEX%3APAPI,False,,-77.26063636975671,-73.71724325952866,26.690000534057617,26.045000076293945,26.572460220336914,0.2885907300321561,9.636165664416918,,False,False,False,False,,
737,NAIL,NAIL,AMEX:NAIL,US,Direxion Daily Homebuilders & Supplies Bull 3X ETF,0.489,Trading--Leveraged Equity,3X Long,1315834.7,,https://www.tradingview.com/chart/?symbol=AMEX%3ANAIL,False,,-41.320098720118885,-12.645890321753468,29.48780059814453,28.809999465942383,34.608519844055174,0.027586531868284737,-72.50708611023443,-49.46549871997119,False,True,True,False,,
738,METU,METU,AMEX:METU,US,Direxion Daily META Bull 2X ETF,0.486,Trading--Leveraged Equity,2X Long,6563378.2,,https://www.tradingview.com/chart/?symbol=AMEX%3AMETU,False,,73.54020301175485,75.62368039642725,35.41999816894531,17.42009925842285,21.66807540130615,1.0,41.172825887153714,,False,False,False,False,,
739,CXSE,CXSE,AMEX:CXSE,US,WisdomTree China ex-State-Owned Enterprises Fund,0.477,Greater China Region,Long,17734.85,,https://www.tradingview.com/chart/?symbol=AMEX%3ACXSE,False,,5.312018176930731,5.312018176930731,36.13800048828125,35.810001373291016,37.379377426147464,0.04932392780991159,-68.18289153527404,12.190104113644194,False,True,True,False,,
740,ZAP,ZAP,AMEX:ZAP,US,Global X U.S. Electrification ETF,0.472,Utilities,Long,128372.8,,https://www.tradingview.com/chart/?symbol=AMEX%3AZAP,False,,-62.269796846237035,-62.269796846237035,30.34000015258789,30.34000015258789,31.430319900512696,0.0,-67.56406459705374,,False,True,True,False,,"WATCH: weekly+band ok, waiting on 4h dot"
741,AVXC,AVXC,AMEX:AVXC,US,Avantis Emerging Markets ex-China Equity ETF,0.471,Diversified Emerging Mkts,Long,56798.65,,https://www.tradingview.com/chart/?symbol=AMEX%3AAVXC,False,,12.770303568034876,12.770303568034876,82.69999694824219,65.12000274658203,70.65892123413086,0.7490412868357313,36.27702079356217,,False,False,False,False,,
742,NCIQ,NCIQ,AMEX:NCIQ,US,Hashdex Nasdaq CME Crypto Index ETF,0.467,Digital Assets,Long,69243.05,,https://www.tradingview.com/chart/?symbol=AMEX%3ANCIQ,False,,44.00100412758662,44.00100412758662,21.510000228881836,14.539999961853027,16.2981999168396,0.935570529593923,62.086229224093394,,False,False,False,False,,
743,BBLU,BBLU,AMEX:BBLU,US,EA Bridgeway Blue Chip ETF,0.466,Large Blend,Long,77014.65,,https://www.tradingview.com/chart/?symbol=AMEX%3ABBLU,False,,5.455191166365695,5.455191166365695,17.375,14.399999618530273,15.144579780578614,0.9429476177492807,40.850286982652214,70.86486563542722,False,False,False,False,,
744,BITQ,BITQ,AMEX:BITQ,US,Bitwise Crypto Industry Innovators ETF,0.463,Equity Digital Assets,Long,108521.1,,https://www.tradingview.com/chart/?symbol=AMEX%3ABITQ,False,,41.43536004498674,41.83214545659906,27.81999969482422,17.780000686645508,20.463320434570313,0.8830255014381444,36.648557790458256,44.12775937431482,False,False,False,False,,
745,POWR,POWR,AMEX:POWR,US,iShares U.S. Power Infrastructure ETF,0.46,,Long,203231.0,,https://www.tradingview.com/chart/?symbol=AMEX%3APOWR,False,,-44.624434612613065,-44.624434612613065,24.399999618530273,24.399999618530273,25.3487197265625,0.0,-70.12550008894603,52.80946436314119,False,True,True,False,,
746,XBM,XBM.TO,TSX:XBM,TSX,iShares S&P/TSX Global Base Metals Index ETF,0.458,Materials,Long,52749.2,,https://www.tradingview.com/chart/?symbol=TSX%3AXBM,False,,6.640727153658386,15.011240020211352,36.45000076293945,28.84000015258789,31.997680404663086,0.5687593425150257,5.3453533473073085,63.896490348107626,False,False,False,False,,
747,TTEQ,TTEQ,AMEX:TTEQ,US,T. Rowe Price Technology ETF,0.458,Technology,Long,98291.45,,https://www.tradingview.com/chart/?symbol=AMEX%3ATTEQ,False,,55.81121112160821,55.81121112160821,44.665000915527344,28.885000228881836,32.775459922790525,0.9572339659190269,22.343945508281763,,False,False,False,False,,
748,AMAX,AMAX.TO,TSX:AMAX,TSX,Hamilton Gold Producer Yield Maximizer ETF,0.457,Materials,Long,68647.55,,https://www.tradingview.com/chart/?symbol=TSX%3AAMAX,False,,-24.965693700526312,-24.965693700526312,35.22999954223633,28.389999389648438,31.099279281616212,0.5958188523808464,33.85087383322732,,False,False,False,False,,
749,XRT,XRT,AMEX:XRT,US,State Street SPDR S&P Retail ETF,0.454,Consumer Cyclical,Long,3615591.2,,https://www.tradingview.com/chart/?symbol=AMEX%3AXRT,False,,-49.96848272779177,-39.5816249241602,82.12000274658203,78.38500213623047,81.71850213623047,0.264424821971792,-49.21493321208453,46.12133558598393,False,False,False,False,,
750,AIPI,AIPI,AMEX:AIPI,US,REX AI Equity Premium Income ETF,0.444,Derivative Income,Long,161209.25,,https://www.tradingview.com/chart/?symbol=AMEX%3AAIPI,False,,40.757762177672056,43.56742432895367,37.5,32.41999816894531,34.08143838500977,0.7215910753435124,50.41093665974987,,False,False,False,False,,
752,OSEA,OSEA,AMEX:OSEA,US,Harbor International Compounders ETF,0.437,Foreign Large Growth,Long,177588.7,,https://www.tradingview.com/chart/?symbol=AMEX%3AOSEA,False,,-9.808827297612313,-8.574020995272841,29.3971004486084,27.959999084472656,28.767119102478027,0.42020506785866657,-35.4097090600819,41.19181431505317,False,False,False,False,,
753,OVL,OVL,AMEX:OVL,US,Overlay Shares Large Cap Equity ETF,0.436,Derivative Income,Long,187108.55,,https://www.tradingview.com/chart/?symbol=AMEX%3AOVL,False,,29.41246496847415,29.41246496847415,57.310001373291016,48.709999084472656,51.03341937255859,0.8735399921264968,14.434785414777735,70.6803514646948,False,False,False,False,,
754,EMAX,EMAX.TO,TSX:EMAX,TSX,Hamilton Energy Yield Maximizer ETF,0.425,Energy Equity,Long,54368.6,,https://www.tradingview.com/chart/?symbol=TSX%3AEMAX,False,,-54.32837190090536,-42.00449362780662,17.709999084472656,15.470000267028809,16.154400402069093,0.7724132329191209,61.29705312996794,,False,False,False,False,,
755,MVLL,MVLL,AMEX:MVLL,US,GraniteShares 2x Long MRVL Daily ETF,0.422,Trading--Leveraged Equity,2X Long,4532551.3,,https://www.tradingview.com/chart/?symbol=AMEX%3AMVLL,False,,59.19753398452997,59.19753398452997,34.65999984741211,6.87666654586792,22.778346910476685,0.4123379736494754,-0.8463505413464171,,False,False,False,False,,
757,COPY,COPY,AMEX:COPY,US,Tweedy Browne Insider + Value ETF Trust Units,0.42,,Long,226372.45,,https://www.tradingview.com/chart/?symbol=AMEX%3ACOPY,False,,-69.18898959115283,-69.18898959115283,15.430000305175781,13.140000343322754,13.826760082244872,0.786941866809991,24.156817881900803,,False,False,False,False,,
758,HDIF,HDIF.TO,TSX:HDIF,TSX,Harvest Diversified Monthly Income ETF,0.415,Large Cap,1.25X Long,55831.1,,https://www.tradingview.com/chart/?symbol=TSX%3AHDIF,False,,18.363235120601924,18.363235120601924,9.489999771118164,8.270000457763672,8.647600322723388,0.7624998435377515,10.452339168545171,76.07818663412012,False,False,False,False,,
759,PLTU,PLTU,AMEX:PLTU,US,Direxion Daily PLTR Bull 2X ETF,0.413,Trading--Leveraged Equity,2X Long,1119542.95,,https://www.tradingview.com/chart/?symbol=AMEX%3APLTU,False,,55.92114107174632,77.36657832800508,59.84000015258789,21.239999771118164,30.399159645080566,0.9945890469630916,35.686119954772245,,False,False,False,False,,
760,KBWD,KBWD,AMEX:KBWD,US,Invesco KBW High Dividend Yield Financial ETF,0.411,Financial,Long,361209.8,,https://www.tradingview.com/chart/?symbol=AMEX%3AKBWD,False,,-73.68931296301275,-73.68931296301275,11.295000076293945,11.295000076293945,11.821279968261718,0.0,-16.912530001160686,4.97867731459121,False,True,False,False,,
761,BBHM,BBHM,AMEX:BBHM,US,BBH Select Mid Cap ETF,0.41,Mid-Cap Growth,Long,123773.85,,https://www.tradingview.com/chart/?symbol=AMEX%3ABBHM,False,,-12.670799853587859,17.062747159183758,11.510000228881836,10.699999809265137,11.124799854278564,0.450000185436653,-33.29650344270633,,False,False,False,False,,
762,FXN,FXN,AMEX:FXN,US,First Trust Energy AlphaDEX Fund,0.403,Equity Energy,Long,376424.9,,https://www.tradingview.com/chart/?symbol=AMEX%3AFXN,False,,-64.17226621866283,-58.7438041497148,22.625,20.014999389648438,21.045139335632324,0.5979383155117485,55.47912224286113,71.90375391053551,False,False,False,False,,
763,AMDY,AMDY,AMEX:AMDY,US,YieldMax AMD Option Income Strategy ETF,0.401,Derivative Income,Long,284936.4,,https://www.tradingview.com/chart/?symbol=AMEX%3AAMDY,False,,67.82252700715144,67.82252700715144,52.36000061035156,30.295000076293945,37.18265995025635,0.7560390932953933,12.975631928113684,,False,False,False,False,,
764,SPXU,SPXU,AMEX:SPXU,US,ProShares UltraPro Short S&P500,0.4,Trading--Inverse Equity,-3X Short,6572186.1,,https://www.tradingview.com/chart/?symbol=AMEX%3ASPXU,False,,-48.286868695957175,-40.78940395756865,34.09000015258789,33.02000045776367,39.87108016967773,0.03685841335919391,-17.624759391570446,-53.76319200098849,False,True,False,False,,
765,KSTR,KSTR,AMEX:KSTR,US,KraneShares China Technology & Semiconductor STAR 50 Index ETF,0.394,Greater China Region,Long,854462.75,,https://www.tradingview.com/chart/?symbol=AMEX%3AKSTR,False,,22.98620685827449,22.98620685827449,23.639999389648438,18.0,21.393680252075196,0.39221133315170637,-40.43692483537388,73.00147906068848,False,False,False,False,,
766,URNJ,URNJ,AMEX:URNJ,US,Sprott Junior Uranium Miners ETF,0.394,Natural Resources,Long,364755.75,,https://www.tradingview.com/chart/?symbol=AMEX%3AURNJ,False,,-29.04865829250839,-29.04865829250839,21.469999313354492,20.899999618530273,23.87359970855713,0.04523806964819561,-12.424447091783096,7.32033203970231,False,True,False,False,,
767,PBW,PBW,AMEX:PBW,US,Invesco WilderHill Clean Energy ETF,0.392,Small Growth,Long,510905.4,,https://www.tradingview.com/chart/?symbol=AMEX%3APBW,False,,-19.547725111358822,-19.547725111358822,29.940000534057617,29.889999389648438,33.93267964172363,0.002918922433825696,-54.913640545088775,41.76530121115821,False,True,False,False,,
768,IEZ,IEZ,AMEX:IEZ,US,iShares U.S. Oil Equipment & Services ETF,0.391,Equity Energy,Long,159503.05,,https://www.tradingview.com/chart/?symbol=AMEX%3AIEZ,False,,-56.176127556326776,-46.64909041108194,27.729999542236328,25.850000381469727,27.426480003356932,0.2814370676163818,15.801305822454985,57.45217992715188,False,False,False,False,,
771,PBP,PBP,AMEX:PBP,US,Invesco S&P 500 BuyWrite ETF,0.383,Derivative Income,Long,74897.45,,https://www.tradingview.com/chart/?symbol=AMEX%3APBP,False,,-15.054085283714633,-15.054085283714633,23.270000457763672,21.485000610351562,21.941660484313964,0.9224807959018114,54.01903245701254,73.6422206738258,False,False,False,False,,
772,SDS,SDS,AMEX:SDS,US,ProShares UltraShort S&P 500,0.382,Trading--Inverse Equity,-2X Short,2256250.5,,https://www.tradingview.com/chart/?symbol=AMEX%3ASDS,False,,-49.87475236706007,-45.15440142666488,53.75,52.7599983215332,59.14497929382324,0.03659218361528907,-11.955828339541204,-57.699311373749396,False,True,False,False,,
773,YMAX,YMAX,AMEX:YMAX,US,YieldMax Universe Fund of Option Income ETFs,0.38,Derivative Income,Long,1015252.5,,https://www.tradingview.com/chart/?symbol=AMEX%3AYMAX,False,,32.269982423658824,41.289865949301536,7.835000038146973,7.255000114440918,7.619620132446289,0.37540446282522144,46.05436917022718,,False,False,False,False,,
774,PLTY,PLTY,AMEX:PLTY,US,YieldMax PLTR Option Income Strategy ETF,0.378,Derivative Income,Long,291203.65,,https://www.tradingview.com/chart/?symbol=AMEX%3APLTY,False,,43.53364180447841,73.94751753348801,37.2599983215332,26.209999084472656,29.95059962463379,0.6971607344723192,42.19028108520529,,False,False,False,False,,
775,PINK,PINK,AMEX:PINK,US,Simplify Health Care ETF,0.378,Health,Long,64768.0,,https://www.tradingview.com/chart/?symbol=AMEX%3APINK,False,,-28.858696752249042,-28.858696752249042,38.743499755859375,32.040000915527344,34.01916751098633,0.7993393431094542,-6.76293883912857,67.55041394717337,False,False,False,False,,
776,EEMS,EEMS,AMEX:EEMS,US,iShares MSCI Emerging Markets Small Cap ETF,0.377,Diversified Emerging Mkts,Long,59754.4,,https://www.tradingview.com/chart/?symbol=AMEX%3AEEMS,False,,0.5598069666196199,0.5598069666196199,75.18070220947266,67.4800033569336,70.27896170043945,0.6493004561557221,19.045330532334834,57.9625292552898,False,False,False,False,,
777,DAPP,DAPP,AMEX:DAPP,US,VanEck Digital Transformation ETF,0.374,Equity Digital Assets,Long,911035.7,,https://www.tradingview.com/chart/?symbol=AMEX%3ADAPP,False,,35.42973320689416,35.42973320689416,20.989999771118164,13.970000267028809,16.16126000595093,0.7560581949906261,31.20640588166577,29.065904651937455,False,False,False,False,,
778,CLOU,CLOU,AMEX:CLOU,US,Global X Cloud Computing ETF,0.369,Technology,Long,382890.85,,https://www.tradingview.com/chart/?symbol=AMEX%3ACLOU,False,,36.119194313022156,55.002155170014895,28.979999542236328,17.610000610351562,20.33344037628174,0.985268622971851,50.23129453406262,23.47241586982103,False,False,False,False,,
779,PEJ,PEJ,AMEX:PEJ,US,Invesco Leisure and Entertainment ETF,0.369,Consumer Cyclical,Long,57416.6,,https://www.tradingview.com/chart/?symbol=AMEX%3APEJ,False,,-50.78216805662379,-50.78216805662379,61.970001220703125,55.939998626708984,59.04162815856934,0.4588170822996569,-33.36506041136469,64.05894267076938,False,False,False,False,,
781,MORT,MORT,AMEX:MORT,US,VanEck Mortgage REIT Income ETF,0.364,Real Estate,Long,813088.4,,https://www.tradingview.com/chart/?symbol=AMEX%3AMORT,False,,-64.63260404673234,-64.63260404673234,8.725000381469727,8.725000381469727,9.175406314849853,0.0,-57.97536201252484,35.20007915935282,False,True,False,False,,
782,DPST,DPST,AMEX:DPST,US,Direxion Daily Regional Banks Bull 3X ETF,0.358,Trading--Leveraged Equity,3X Long,196115.6,,https://www.tradingview.com/chart/?symbol=AMEX%3ADPST,True,2026-09-24 13:30,-76.61000973294863,-76.32193652061922,117.12999725341797,84.70999908447266,102.07487771606445,0.44060887093972934,-33.283945828445496,56.799218500679736,False,False,False,False,,
783,XTN,XTN,AMEX:XTN,US,State Street SPDR S&P Transportation ETF,0.355,Industrials,Long,35439.35,,https://www.tradingview.com/chart/?symbol=AMEX%3AXTN,False,,-62.29880441312434,-62.29880441312434,98.55000305175781,88.22989654541016,95.18720074462891,0.35007023780439833,-66.75583410437734,67.79745329674962,False,False,True,False,,
784,CONY,CONY,AMEX:CONY,US,YieldMax COIN Option Income Strategy ETF,0.353,Derivative Income,Long,474760.7,,https://www.tradingview.com/chart/?symbol=AMEX%3ACONY,False,,23.304604939607135,28.321380033072046,21.114999771118164,17.719999313354492,20.99921942138672,0.24433251859784966,45.763782483649614,,False,False,False,False,,
785,IRE,IRE,AMEX:IRE,US,Defiance Daily Target 2X Long IREN ETF,0.352,Trading--Leveraged Equity,2X Long,7854584.95,,https://www.tradingview.com/chart/?symbol=AMEX%3AIRE,False,,40.80614538229674,40.80614538229674,11.770000457763672,5.889999866485596,14.32464015007019,0.1645215555003945,-14.077612425683169,,False,True,False,False,,
786,INTW,INTW,AMEX:INTW,US,GraniteShares 2x Long INTC Daily ETF,0.349,Trading--Leveraged Equity,2X Long,3795600.0,,https://www.tradingview.com/chart/?symbol=AMEX%3AINTW,False,,67.60171057240667,67.60171057240667,35.52000045776367,5.621250152587891,16.649234756469724,0.6398363187356777,2.102048318389604,,False,False,False,False,,
787,GREK,GREK,AMEX:GREK,US,Global X MSCI Greece ETF,0.349,Focused Region,Long,40156.4,,https://www.tradingview.com/chart/?symbol=AMEX%3AGREK,False,,-62.450350968077885,-62.450350968077885,83.41999816894531,60.7400016784668,67.01049729919434,0.8535974658940761,59.65631917042273,72.52379600951622,False,False,False,False,,
788,THD,THD,AMEX:THD,US,iShares MSCI Thailand ETF,0.348,Focused Region,Long,41399.65,,https://www.tradingview.com/chart/?symbol=AMEX%3ATHD,False,,-4.932569359870917,15.458695134413801,73.44000244140625,65.08899688720703,67.43743383789062,0.8392123579120723,20.710999490455976,64.1689427702475,False,False,False,False,,
789,SPXS,SPXS,AMEX:SPXS,US,Direxion Daily S&P 500 Bear 3X ETF,0.347,Trading--Inverse Equity,-3X Short,11018642.15,,https://www.tradingview.com/chart/?symbol=AMEX%3ASPXS,False,,-51.47252603702876,-40.80858554640222,24.260000228881836,23.575000762939453,28.459020690917967,0.033099757238155454,-17.321608675510856,-53.770315592093795,False,True,False,False,,
790,QQU,QQU.TO,TSX:QQU,TSX,BetaPro NASDAQ-100 2x Daily Bull ETF,0.345,Large Cap,2X Long,260793.15,,https://www.tradingview.com/chart/?symbol=TSX%3AQQU,False,,50.43417716511309,54.90292257632694,40.40999984741211,24.31999969482422,28.624640090942382,0.8821271201736189,-5.161761103900421,65.99180697779487,False,False,False,False,,
791,XQQI,XQQI,AMEX:XQQI,US,NEOS Boosted Nasdaq-100 High Income ETF,0.339,Derivative Income,1.5X Long,285388.75,,https://www.tradingview.com/chart/?symbol=AMEX%3AXQQI,False,,50.24786248277554,54.85751669315918,50.779998779296875,42.040000915527344,45.008880447387696,0.6947535168451661,18.481259589901743,,False,False,False,False,,
792,WQTM,WQTM,AMEX:WQTM,US,WisdomTree Quantum Computing Fund,0.339,Technology,Long,173541.8,,https://www.tradingview.com/chart/?symbol=AMEX%3AWQTM,False,,26.81431579440667,26.81431579440667,32.38999938964844,23.31999969482422,27.56564009094238,0.5041689187656159,-35.35116033225713,,False,False,False,False,,
793,WCLD,WCLD,AMEX:WCLD,US,WisdomTree Cloud Computing Fund,0.338,Technology,Long,699491.8,,https://www.tradingview.com/chart/?symbol=AMEX%3AWCLD,False,,13.067699756458444,38.34314392982733,41.369998931884766,24.094999313354492,28.59197983551025,0.9065860725629207,48.59454148866667,2.2280284984411636,False,False,False,False,,
794,EWQ,EWQ,AMEX:EWQ,US,iShares MSCI France ETF,0.337,Focused Region,Long,283908.1,,https://www.tradingview.com/chart/?symbol=AMEX%3AEWQ,True,2026-09-24 13:30,-58.08825394753435,-58.08825394753435,43.7400016784668,41.84000015258789,43.27724018859863,0.31198710644884264,-28.039511935674387,56.85042664357935,False,False,False,False,,
795,KOID,KOID,AMEX:KOID,US,KraneShares Global Humanoid Robotics and Physical AI Index ETF,0.335,Technology,Long,170011.5,,https://www.tradingview.com/chart/?symbol=AMEX%3AKOID,False,,22.137794594473906,33.14097324097674,36.06999969482422,30.040000915527344,33.16464041137695,0.4554380477505672,-49.163226305519174,,False,False,False,False,,
796,FLCH,FLCH,AMEX:FLCH,US,Franklin FTSE China ETF,0.334,Greater China Region,Long,103980.9,,https://www.tradingview.com/chart/?symbol=AMEX%3AFLCH,False,,-3.1916773297836625,-3.1916773297836625,20.885400772094727,20.247600555419922,21.108386932373048,0.17486435097642197,-43.017885109104874,-6.66526730458488,False,True,False,False,,
797,GDXY,GDXY,AMEX:GDXY,US,YieldMax Gold Miners Option Income Strategy ETF,0.33,Commodities Focused,Long,935275.85,,https://www.tradingview.com/chart/?symbol=AMEX%3AGDXY,False,,-38.19767833929831,-38.19767833929831,10.510000228881836,9.404999732971191,10.67703981399536,0.20500935538520743,36.555993527796396,,False,True,False,False,,
798,DFEN,DFEN,AMEX:DFEN,US,Direxion Daily Aerospace & Defense Bull 3X ETF,0.329,Trading--Leveraged Equity,3X Long,220112.55,,https://www.tradingview.com/chart/?symbol=AMEX%3ADFEN,False,,-38.57427430311636,-36.91476244937339,51.15999984741211,51.067501068115234,59.83785160827637,0.0024890352801863534,-44.91611754826513,48.449516660122846,False,True,False,False,,
799,UTES,UTES.TO,TSX:UTES,TSX,Evolve Canadian Utilities Enhanced Yield Index Fund,0.326,Utilities,1.25X Long,243987.55,,https://www.tradingview.com/chart/?symbol=TSX%3AUTES,False,,-74.59524940549558,-74.59524940549558,8.039999961853027,8.039999961853027,8.47423999786377,0.0,-67.39897785875597,,False,True,True,False,,"WATCH: weekly+band ok, waiting on 4h dot"
800,KBWY,KBWY,AMEX:KBWY,US,Invesco KBW Premium Yield Equity REIT ETF,0.322,Real Estate,Long,210734.2,,https://www.tradingview.com/chart/?symbol=AMEX%3AKBWY,False,,-77.60988285525751,-77.60988285525751,16.815000534057617,14.96500015258789,15.960919990539551,0.43838878731929337,-46.87267642527028,69.3945445785422,False,False,False,False,,
801,URTY,URTY,AMEX:URTY,US,ProShares UltraPro Russell2000,0.316,Trading--Leveraged Equity,3X Long,314639.7,,https://www.tradingview.com/chart/?symbol=AMEX%3AURTY,False,,-50.21727708410018,-50.21727708410018,69.91500091552734,46.63999938964844,56.80687982177734,0.5402739214625768,-42.61599709885578,68.95209603743496,False,False,False,False,,
802,SNDU,SNDU,AMEX:SNDU,US,T-REX 2X Long SNDK Daily Target ETF,0.312,Trading--Leveraged Equity,2X Long,7965756.5,,https://www.tradingview.com/chart/?symbol=AMEX%3ASNDU,False,,35.763396394073,38.0360076725833,26.459999084472656,5.989999771118164,22.74125670623779,0.28839148349658816,-4.708533703963433,,False,False,False,False,,
803,PTIR,PTIR,AMEX:PTIR,US,GraniteShares 2x Long PLTR Daily ETF,0.312,Trading--Leveraged Equity,2X Long,3273106.1,,https://www.tradingview.com/chart/?symbol=AMEX%3APTIR,False,,56.16126014018702,77.65749004829178,22.3700008392334,7.909999847412109,11.336719955444336,0.9958678055061423,35.48660249241244,,False,False,False,False,,
804,IYRI,IYRI,AMEX:IYRI,US,NEOS Real Estate High Income ETF,0.312,Derivative Income,Long,80397.1,,https://www.tradingview.com/chart/?symbol=AMEX%3AIYRI,False,,-69.39767270607932,-69.39767270607932,46.059898376464844,46.059898376464844,47.12664279174805,0.0,-45.72546402949488,,False,True,False,False,,
805,TCAL,TCAL,AMEX:TCAL,US,T. Rowe Price Capital Appreciation Premium Income ETF,0.309,Derivative Income,Long,95832.0,,https://www.tradingview.com/chart/?symbol=AMEX%3ATCAL,False,,-48.26245403700822,-38.181290564137335,22.139999389648438,21.80500030517578,22.176700035095216,0.21269798595948183,1.4417067637727374,,False,True,False,False,,
806,COPP,COPP,AMEX:COPP,US,Sprott Copper Miners ETF,0.309,Natural Resources,Long,102974.7,,https://www.tradingview.com/chart/?symbol=AMEX%3ACOPP,False,,9.973948446515566,13.459229388161086,42.70000076293945,31.559999465942383,35.20147998809814,0.721970168478318,25.580026745115095,,False,False,False,False,,
808,CEW,CEW.TO,TSX:CEW,TSX,iShares Equal Weight Banc & Lifeco ETF,0.307,Financials,Long,39808.75,,https://www.tradingview.com/chart/?symbol=TSX%3ACEW,False,,11.075628924161263,11.075628924161263,35.119998931884766,26.459999084472656,28.80347915649414,0.8721046909634319,10.780261895131614,83.7816316282087,False,False,False,False,,
809,UAE,UAE,AMEX:UAE,US,iShares MSCI UAE ETF,0.304,Focused Region,Long,243114.35,,https://www.tradingview.com/chart/?symbol=AMEX%3AUAE,False,,29.172775942638395,44.75438114557654,20.18000030517578,17.450000762939453,18.148560546875,0.9222974279137981,53.37680320863379,45.807266992635725,False,False,False,False,,
810,ELCV,ELCV,AMEX:ELCV,US,Eventide High Dividend ETF,0.3,,Long,87307.05,,https://www.tradingview.com/chart/?symbol=AMEX%3AELCV,False,,-50.33324560837144,-50.33324560837144,30.690000534057617,28.399999618530273,29.50683974456787,0.48827306071671567,-43.459407067687636,,False,False,False,False,,
811,RSPD,RSPD,AMEX:RSPD,US,Invesco S&P 500 Equal Weight Consumer Discretionary ETF,0.299,Consumer Cyclical,Long,65197.35,,https://www.tradingview.com/chart/?symbol=AMEX%3ARSPD,False,,-53.91801137108422,-53.91801137108422,52.005001068115234,51.619998931884766,53.28851885986328,0.054455750049369846,-41.995816093086624,21.28459072891098,False,True,False,False,,
813,WAGN,WAGN,AMEX:WAGN,US,Pabrai Wagons ETF,0.297,Global Small/Mid Stock,Long,107415.45,,https://www.tradingview.com/chart/?symbol=AMEX%3AWAGN,False,,-26.840134674090223,2.9461906867699086,15.232000350952148,13.710000038146973,14.331859867095947,0.5776093857503284,31.375978760771826,,False,False,False,False,,
814,HEEM,HEEM,AMEX:HEEM,US,iShares Currency Hedged MSCI Emerging Markets ETF,0.297,Diversified Emerging Mkts,Long,34010.5,,https://www.tradingview.com/chart/?symbol=AMEX%3AHEEM,False,,23.49685528216308,23.49685528216308,42.48500061035156,35.644798278808594,38.17476628112793,0.6380664691269811,13.710329190837165,74.4146918592189,False,False,False,False,,
815,YMAG,YMAG,AMEX:YMAG,US,YieldMax Magnificent 7 Fund of Option Income ETFs,0.296,Large Blend,Long,1042674.95,,https://www.tradingview.com/chart/?symbol=AMEX%3AYMAG,False,,41.07632916778044,41.07632916778044,11.479999542236328,10.755000114440918,11.317836536407471,0.30399572288142473,54.18615059443922,,False,False,False,False,,
816,PATN,PATN,AMEX:PATN,US,Pacer Nasdaq International Patent Leaders ETF,0.292,Foreign Large Blend,Long,133533.7,,https://www.tradingview.com/chart/?symbol=AMEX%3APATN,False,,29.998485091753224,29.998485091753224,35.869998931884766,27.34000015258789,29.907680404663086,0.7840071637763676,6.321185693176781,,False,False,False,False,,
817,QTOP,QTOP,AMEX:QTOP,US,iShares Nasdaq Top 30 Stocks ETF,0.286,Large Growth,Long,92924.15,,https://www.tradingview.com/chart/?symbol=AMEX%3AQTOP,False,,60.69349610403325,60.69349610403325,39.29499816894531,28.864999771118164,31.385479393005372,0.9765917567880101,26.558346288163495,,False,False,False,False,,
818,AVL,AVL,AMEX:AVL,US,Direxion Daily AVGO Bull 2X ETF,0.285,Trading--Leveraged Equity,2X Long,1147623.7,,https://www.tradingview.com/chart/?symbol=AMEX%3AAVL,False,,-0.3936442740399689,-0.3936442740399689,35.65999984741211,29.549999237060547,40.686862319946286,0.12947632859551447,-47.70415110517308,,False,True,False,False,,
819,TBG,TBG,AMEX:TBG,US,TBG Dividend Focus ETF,0.284,Large Value,Long,54996.95,,https://www.tradingview.com/chart/?symbol=AMEX%3ATBG,False,,-70.57250987207426,-70.57250987207426,36.810001373291016,34.42499923706055,35.62033981323242,0.4708787732722781,5.1651169133547485,,False,False,False,False,,
821,FMTM,FMTM,AMEX:FMTM,US,MarketDesk Focused U.S. Momentum ETF,0.277,Large Growth,Long,204518.3,,https://www.tradingview.com/chart/?symbol=AMEX%3AFMTM,False,,7.678332941160124,7.819708953058103,38.97999954223633,33.20100021362305,35.65752430725097,0.5551925361084226,-31.01916203348031,,False,False,False,False,,
823,USDU,USDU,AMEX:USDU,US,WisdomTree Bloomberg US Dollar Bullish Fund,0.274,Trading--Miscellaneous,Long,395191.85,,https://www.tradingview.com/chart/?symbol=AMEX%3AUSDU,False,,59.18997137878136,72.92515148767518,26.889999389648438,25.829999923706055,26.080159797668458,1.0,-10.853109623637271,52.72623251715931,False,False,False,False,,
824,FYEE,FYEE,AMEX:FYEE,US,Fidelity Yield Enhanced Equity ETF,0.272,Derivative Income,Long,129732.15,,https://www.tradingview.com/chart/?symbol=AMEX%3AFYEE,False,,-41.80142960327643,-41.80142960327643,29.799999237060547,26.399999618530273,27.361699798583984,0.8343555783969288,47.574935106638264,,False,False,False,False,,
825,ORCX,ORCX,AMEX:ORCX,US,Defiance Daily Target 2X Long ORCL ETF,0.267,Trading--Leveraged Equity,2X Long,1959947.85,,https://www.tradingview.com/chart/?symbol=AMEX%3AORCX,False,,-35.592996579596274,-35.592996579596274,19.070100784301758,13.890000343322754,27.129599758148192,0.09233691033749175,-6.789345282680089,,False,True,False,False,,
826,WGMI,WGMI,AMEX:WGMI,US,CoinShares Bitcoin Mining and Digital Power ETF,0.267,Equity Digital Assets,Long,695525.45,,https://www.tradingview.com/chart/?symbol=AMEX%3AWGMI,False,,42.042635882591064,42.042635882591064,49.7599983215332,32.30070114135742,41.72873567199707,0.43703638559350233,-31.875815553857695,50.71140608466876,False,False,False,False,,
827,AMZU,AMZU,AMEX:AMZU,US,Direxion Daily AMZN Bull 2X ETF,0.265,Trading--Leveraged Equity,2X Long,1863181.8,,https://www.tradingview.com/chart/?symbol=AMEX%3AAMZU,False,,-27.23054540583766,-27.23054540583766,34.099998474121094,24.639999389648438,29.783619857788086,0.4340444241102847,-29.717668620818245,21.899284893050165,False,False,False,False,,
829,IDNA,IDNA,AMEX:IDNA,US,iShares Genomics Immunology and Healthcare ETF,0.262,Health,Long,113491.3,,https://www.tradingview.com/chart/?symbol=AMEX%3AIDNA,False,,54.3172897209836,54.3172897209836,41.68000030517578,27.790000915527344,31.068040771484377,1.0,63.256101468060194,75.2772288965753,False,False,False,False,,
830,EMQQ,EMQQ,AMEX:EMQQ,US,EMQQ The Emerging Markets Internet ETF,0.259,Diversified Emerging Mkts,Long,37037.15,,https://www.tradingview.com/chart/?symbol=AMEX%3AEMQQ,False,,-28.12047463372708,-25.746997873394744,31.260000228881836,30.18000030517578,31.52756008911133,0.18914187335737506,-37.68462824982501,-32.7661455256613,False,True,False,False,,
831,MSTX,MSTX,AMEX:MSTX,US,Defiance Daily Target 2x Long MSTR ETF,0.258,Trading--Leveraged Equity,2X Long,9991447.8,,https://www.tradingview.com/chart/?symbol=AMEX%3AMSTX,False,,48.86622299264567,48.86622299264567,20.450000762939453,6.75,15.585839675903319,0.3659188372182827,42.76894293214801,,False,False,False,False,,
832,ERX,ERX,AMEX:ERX,US,Direxion Daily Energy Bull 2X ETF,0.257,Trading--Leveraged Equity,2X Long,266946.55,,https://www.tradingview.com/chart/?symbol=AMEX%3AERX,False,,-61.74349599894626,-52.04726166167445,104.05999755859375,75.22000122070312,84.5762204284668,0.7274561427648528,58.212961769335756,68.5732294274028,False,False,False,False,,
833,RSPS,RSPS,AMEX:RSPS,US,Invesco S&P 500 Equal Weight Consumer Staples ETF,0.248,Consumer Defensive,Long,72879.0,,https://www.tradingview.com/chart/?symbol=AMEX%3ARSPS,True,2026-09-24 09:30,-69.5357941696417,-64.51721450451909,29.145000457763672,29.145000457763672,29.842379989624025,0.0,-18.54990415975789,33.52291351146868,False,True,False,False,,
834,GPZ,GPZ,AMEX:GPZ,US,VanEck Alternative Asset Manager ETF,0.248,Financial,Long,186741.25,,https://www.tradingview.com/chart/?symbol=AMEX%3AGPZ,False,,-66.58907174024166,-66.58907174024166,21.690000534057617,20.639999389648438,21.960419677734375,0.1876677239182489,-14.994913594892639,,False,True,False,False,,
835,GUSH,GUSH,AMEX:GUSH,US,Direxion Daily S&P Oil & Gas Exp. & Prod. Bull 2X ETF,0.245,Trading--Leveraged Equity,2X Long,597254.5,,https://www.tradingview.com/chart/?symbol=AMEX%3AGUSH,False,,-59.119763574197066,-54.384142511699366,42.66999816894531,29.8700008392334,34.69620056915283,0.625916774866348,61.4623731983435,53.32877890778634,False,False,False,False,,
836,UWM,UWM,AMEX:UWM,US,ProShares Ultra Russell2000,0.245,Trading--Leveraged Equity,2X Long,235637.4,,https://www.tradingview.com/chart/?symbol=AMEX%3AUWM,False,,-50.251683829293164,-50.251683829293164,58.29999923706055,43.61000061035156,49.53832125854492,0.5847928750209945,-39.92002445071219,70.5198678190328,False,False,False,False,,
837,BEDY,BEDY,AMEX:BEDY,US,BNY Mellon Enhanced Dividend and Income ETF,0.245,Large Value,Long,101621.1,,https://www.tradingview.com/chart/?symbol=AMEX%3ABEDY,False,,-73.37522660627998,-73.37522660627998,28.84000015258789,26.46030044555664,27.3593896484375,0.6246422813886191,18.961228490639666,,False,False,False,False,,
839,TZA,TZA,AMEX:TZA,US,Direxion Daily Small Cap Bear 3X ETF,0.237,Trading--Inverse Equity,-3X Short,3917858.7,,https://www.tradingview.com/chart/?symbol=AMEX%3ATZA,False,,14.149425461856035,37.660721810695954,45.53499984741211,36.36000061035156,46.29323974609375,0.21798527050003444,34.80562471467055,-55.63371824737988,False,True,False,False,,
840,QID,QID,AMEX:QID,US,ProShares UltraShort QQQ,0.236,Trading--Inverse Equity,-2X Short,29218545.8,,https://www.tradingview.com/chart/?symbol=AMEX%3AQID,False,,-64.47121305562261,-60.1137392421821,13.109999656677246,13.069999694824219,15.717919982910157,0.003565058600815434,-16.07428219494781,-57.47115305131786,False,True,False,False,,
841,STCE,STCE,AMEX:STCE,US,Schwab Crypto Thematic Natural Language Processing ETF,0.236,Equity Digital Assets,Long,59843.9,,https://www.tradingview.com/chart/?symbol=AMEX%3ASTCE,False,,40.5426184723749,40.5426184723749,72.3198013305664,48.875,56.911980072021485,0.6884393222866363,20.619866436582345,29.884893614368142,False,False,False,False,,
842,EWZS,EWZS,AMEX:EWZS,US,iShares MSCI Brazil Small-Cap ETF,0.235,Focused Region,Long,287624.15,,https://www.tradingview.com/chart/?symbol=AMEX%3AEWZS,False,,-1.26690297340501,-1.26690297340501,13.039999961853027,11.729999542236328,12.78373957824707,0.2933931410634846,12.57754237504144,15.45004852417263,False,False,False,False,,
843,AMZY,AMZY,AMEX:AMZY,US,YieldMax AMZN Option Income Strategy ETF,0.234,Derivative Income,Long,308899.7,,https://www.tradingview.com/chart/?symbol=AMEX%3AAMZY,False,,-22.64137576637084,-22.64137576637084,10.270000457763672,9.949999809265137,10.633219917297364,0.1105356124004654,-10.011297284548691,,False,True,False,False,,
844,YOKE,YOKE,AMEX:YOKE,US,YOKE Core ETF,0.233,Large Blend,Long,11209.8,,https://www.tradingview.com/chart/?symbol=AMEX%3AYOKE,False,,10.532539079583517,28.73275740591107,31.18000030517578,26.739999771118164,28.229159645080568,0.7036451521148448,-40.681623521097244,,False,False,False,False,,
845,SPWO,SPWO,AMEX:SPWO,US,SP Funds S&P World (ex-US) ETF,0.231,Foreign Large Growth,Long,73675.55,,https://www.tradingview.com/chart/?symbol=AMEX%3ASPWO,False,,28.751927243277805,33.56845693105149,33.60499954223633,27.18000030517578,29.034983856201173,0.8174195502208711,3.63523339360105,,False,False,False,False,,
846,GOOY,GOOY,AMEX:GOOY,US,YieldMax GOOGL Option Income Strategy ETF,0.228,Derivative Income,Long,258340.35,,https://www.tradingview.com/chart/?symbol=AMEX%3AGOOY,False,,-9.962988137385942,-9.962988137385942,11.944999694824219,11.765000343322754,12.711360172271728,0.044887626941565915,-20.643048138183588,,False,True,False,False,,
847,TUR,TUR,AMEX:TUR,US,iShares MSCI Turkey ETF,0.228,Focused Region,Long,158910.7,,https://www.tradingview.com/chart/?symbol=AMEX%3ATUR,False,,-47.358179761825205,-45.90241920380132,36.529998779296875,36.20199966430664,37.978607635498044,0.04357055264464736,-7.454435079295231,45.32544092105974,False,True,False,False,,
848,COLO,COLO,AMEX:COLO,US,Global X MSCI Colombia ETF,0.226,,Long,144071.75,,https://www.tradingview.com/chart/?symbol=AMEX%3ACOLO,False,,-61.81883519816093,-61.81883519816093,47.68000030517578,36.02000045776367,39.724020385742186,0.7429117600593046,55.46498265627531,77.60751838884359,False,False,False,False,,
849,AVSE,AVSE,AMEX:AVSE,US,Avantis Responsible Emerging Markets Equity ETF,0.226,Diversified Emerging Mkts,Long,15155.05,,https://www.tradingview.com/chart/?symbol=AMEX%3AAVSE,False,,17.60225516057142,17.60225516057142,79.37999725341797,64.0999984741211,68.98165969848633,0.7386992964434895,31.935952168565326,73.49217329111148,False,False,False,False,,
850,CGXF,CGXF.TO,TSX:CGXF,TSX,CI Gold+ Giants Covered Call ETF,0.218,Materials,Long,25034.75,,https://www.tradingview.com/chart/?symbol=TSX%3ACGXF,False,,-29.85810561884887,-29.85810561884887,18.649999618530273,15.510000228881836,17.051080390930174,0.4808574363659784,30.83166678501369,37.993593807260254,False,False,False,False,,
852,SPRE,SPRE,AMEX:SPRE,US,SP Funds S&P Global REIT Sharia ETF,0.207,Real Estate,Long,86467.35,,https://www.tradingview.com/chart/?symbol=AMEX%3ASPRE,False,,-66.48928671459441,-66.48928671459441,19.350000381469727,19.219999313354492,19.842803298950194,0.04926148962558435,-72.93238897352713,68.13131933870956,False,True,True,False,,"WATCH: weekly+band ok, waiting on 4h dot"
853,FBL,FBL,AMEX:FBL,US,GraniteShares 2x Long META Daily ETF,0.202,Trading--Leveraged Equity,2X Long,1015911.25,,https://www.tradingview.com/chart/?symbol=AMEX%3AFBL,False,,73.52145963530056,76.23518825173569,36.810001373291016,18.010000228881836,22.446800498962403,1.0,28.76734358578065,-39.849597543816785,False,False,False,False,,
854,NEBX,NEBX,AMEX:NEBX,US,Tradr 2X Long NBIS Daily ETF,0.198,Trading--Leveraged Equity,2X Long,2663901.2,,https://www.tradingview.com/chart/?symbol=AMEX%3ANEBX,False,,24.85369502451306,43.89614142096099,28.93000030517578,8.256667137145996,21.64573318862915,0.36439484344127016,-22.719897446323106,,False,False,False,False,,
855,CWEB,CWEB,AMEX:CWEB,US,Direxion Daily CSI China Internet Index Bull 2X ETF,0.193,Trading--Leveraged Equity,2X Long,498704.3,,https://www.tradingview.com/chart/?symbol=AMEX%3ACWEB,False,,-0.2608541023810063,-0.2608541023810063,18.65999984741211,17.690000534057617,20.838240570068358,0.0727135908740089,-49.75272901000566,-48.23349524403309,False,True,False,False,,
856,AVGX,AVGX,AMEX:AVGX,US,Defiance Daily Target 2X Long AVGO ETF,0.191,,2X Long,882466.65,,https://www.tradingview.com/chart/?symbol=AMEX%3AAVGX,False,,1.927370163172854,1.927370163172854,37.680198669433594,31.385000228881836,43.14842096710205,0.12629547688821285,-48.173040567439735,,False,True,False,False,,
857,SEPI,SEPI,AMEX:SEPI,US,Shelton Equity Premium Income ETF,0.191,Derivative Income,Long,59865.1,,https://www.tradingview.com/chart/?symbol=AMEX%3ASEPI,False,,47.455888111302095,47.455888111302095,29.200000762939453,24.34000015258789,25.52708031463623,0.9662027727460774,55.02534216866989,,False,False,False,False,,
858,JEDI,JEDI,AMEX:JEDI,US,Defiance Drone and Modern Warfare ETF,0.185,Technology,Long,337490.35,,https://www.tradingview.com/chart/?symbol=AMEX%3AJEDI,False,,16.038980717142746,24.078151903772284,26.459999084472656,22.020000457763672,26.846200637817383,0.21711483917180968,-25.71943313617193,,False,True,False,False,,
859,XHE,XHE,AMEX:XHE,US,State Street SPDR S&P Health Care Equipment ETF,0.179,Health,Long,18277.75,,https://www.tradingview.com/chart/?symbol=AMEX%3AXHE,False,,-10.38572229688154,3.566586681464177,90.99169921875,76.25,81.15290036010742,0.7095883579304015,16.73875411391653,20.86209186047272,False,False,False,False,,
860,HHIC,HHIC.TO,TSX:HHIC,TSX,Harvest Canadian High Income Shares ETF,0.178,Large Cap,1.25X Long,86229.0,,https://www.tradingview.com/chart/?symbol=TSX%3AHHIC,False,,5.2986031824422115,13.375877490257714,13.960000038146973,13.520000457763672,13.810280349731446,0.35772336921631204,24.353803680818412,,False,False,False,False,,
861,COPJ,COPJ,AMEX:COPJ,US,Sprott Junior Copper Miners ETF,0.178,Natural Resources,Long,87066.95,,https://www.tradingview.com/chart/?symbol=AMEX%3ACOPJ,False,,7.305832044117101,17.733538833574766,44.9900016784668,34.625,38.012779891967774,0.722048206826488,28.081753716977246,62.98399146129754,False,False,False,False,,
862,RKLX,RKLX,AMEX:RKLX,US,Defiance Daily Target 2X Long RKLB ETF,0.177,Trading--Leveraged Equity,2X Long,2059716.0,,https://www.tradingview.com/chart/?symbol=AMEX%3ARKLX,False,,44.3996935237634,63.77108546073969,19.229999542236328,13.505000114440918,37.1746208076477,0.0570816018757531,-38.815236235213455,,False,True,False,False,,
863,EGGY,EGGY,AMEX:EGGY,US,NestYield Dynamic Income ETF,0.175,Equity Hedged,Long,107189.65,,https://www.tradingview.com/chart/?symbol=AMEX%3AEGGY,False,,41.79227705924419,44.50442144956643,35.182701110839844,29.334999084472656,33.21247915649414,0.35591612402618417,-0.5643810575552953,,False,False,False,False,,
864,XPAY,XPAY,AMEX:XPAY,US,Roundhill S&P 500 Target 20 Managed Distribution ETF,0.17,Derivative Income,Long,49382.75,,https://www.tradingview.com/chart/?symbol=AMEX%3AXPAY,False,,22.679487188846466,24.029684723537926,52.20000076293945,47.52000045776367,49.33366078186035,0.6089784604907135,18.77095889250433,,False,False,False,False,,
865,AAPU,AAPU,AMEX:AAPU,US,Direxion Daily AAPL Bull 2X ETF,0.169,Trading--Leveraged Equity,2X Long,1574365.35,,https://www.tradingview.com/chart/?symbol=AMEX%3AAAPU,False,,29.475015818877967,29.475015818877967,45.08000183105469,26.469999313354492,31.65373979949951,0.8472570349376045,41.66476004723267,59.748192693454286,False,False,False,False,,
866,XBCI,XBCI,AMEX:XBCI,US,NEOS Boosted Bitcoin High Income ETF,0.168,Digital Assets,1.5X Long,183122.65,,https://www.tradingview.com/chart/?symbol=AMEX%3AXBCI,False,,45.238730292476134,45.238730292476134,41.459999084472656,29.34000015258789,34.265319900512694,0.580737879836116,58.511627707758926,,False,False,False,False,,
867,SMCX,SMCX,AMEX:SMCX,US,Defiance Daily Target 2X Long SMCI ETF,0.167,Trading--Leveraged Equity,2X Long,7127197.8,,https://www.tradingview.com/chart/?symbol=AMEX%3ASMCX,False,,26.04634461963261,40.42157479210425,14.10219955444336,5.670000076293945,12.469159950256348,0.29268308345918237,30.34637091688734,,False,False,False,False,,
868,FTXN,FTXN,AMEX:FTXN,US,First Trust Nasdaq Oil & Gas ETF,0.166,Equity Energy,Long,43795.05,,https://www.tradingview.com/chart/?symbol=AMEX%3AFTXN,False,,-61.61462274684413,-56.84918029882389,39.0,33.15999984741211,35.201400207519534,0.6751444072137897,56.9975049316217,71.63071077044876,False,False,False,False,,
869,SMCY,SMCY,AMEX:SMCY,US,YieldMax SMCI Option Income Strategy ETF,0.164,Derivative Income,Long,1363228.6,,https://www.tradingview.com/chart/?symbol=AMEX%3ASMCY,False,,26.02647421947186,34.90809304679309,5.425000190734863,4.074999809265137,5.131099899291992,0.30167603718200026,47.216592172535265,,False,False,False,False,,
870,SDOW,SDOW,AMEX:SDOW,US,ProShares UltraPro Short Dow30,0.161,Trading--Inverse Equity,-3X Short,3325705.45,,https://www.tradingview.com/chart/?symbol=AMEX%3ASDOW,False,,32.18331688960776,47.97328417220553,25.399999618530273,21.385000228881836,25.334459922790526,0.23991632511617617,15.340534430672628,-59.67594855993656,False,False,False,False,,
871,ORCU,ORCU,AMEX:ORCU,US,Direxion Daily ORCL Bull 2X ETF,0.161,Trading--Leveraged Equity,2X Long,4274337.6,,https://www.tradingview.com/chart/?symbol=AMEX%3AORCU,False,,-38.338974329421994,-38.338974329421994,6.815000057220459,4.96999979019165,9.732078680038452,0.0914348697471508,-6.2320650544413025,,False,True,False,False,,
872,OKLL,OKLL,AMEX:OKLL,US,Defiance Daily Target 2x Long OKLO ETF,0.157,Trading--Leveraged Equity,2X Long,2247947.25,,https://www.tradingview.com/chart/?symbol=AMEX%3AOKLL,False,,-0.790040977280503,-0.790040977280503,10.265000343322754,9.130000114440918,22.834519367218014,0.019545381277189553,-48.87212074765702,,False,True,False,False,,
873,ECHI,ECHI.TO,TSX:ECHI,TSX,Ninepoint Enhanced Canadian HighShares ETF,0.153,Large Cap,Long,83702.4,,https://www.tradingview.com/chart/?symbol=TSX%3AECHI,False,,-33.23445193832182,-13.6093184782764,12.050000190734863,11.619999885559082,11.903199840545653,0.3583336446020833,26.644396551077318,,False,False,False,False,,
874,IONX,IONX,AMEX:IONX,US,Defiance Daily Target 2X Long IONQ ETF,0.151,Trading--Leveraged Equity,2X Long,909706.15,,https://www.tradingview.com/chart/?symbol=AMEX%3AIONX,False,,26.522011856535414,64.08455655627952,28.959999084472656,16.8700008392334,37.46572049713134,0.138535561430713,-38.534659456108834,,False,True,False,False,,
875,FLCC,FLCC,AMEX:FLCC,US,Federated Hermes MDT Large Cap Core ETF,0.147,Large Blend,Long,40564.1,,https://www.tradingview.com/chart/?symbol=AMEX%3AFLCC,False,,10.698632997619242,10.698632997619242,36.439998626708984,29.98259925842285,31.739950035095216,0.8671838719650498,16.8004888107908,,False,False,False,False,,
876,EPHE,EPHE,AMEX:EPHE,US,iShares MSCI Philippines ETF,0.144,Focused Region,Long,275558.7,,https://www.tradingview.com/chart/?symbol=AMEX%3AEPHE,False,,-73.61410345803687,-70.77616580282513,22.905000686645508,22.905000686645508,23.673180488586425,0.0,-46.68964365824269,-11.895018691723214,False,True,False,False,,
877,KBA,KBA,AMEX:KBA,US,KraneShares Bosera MSCI China A 50 Connect Index ETF,0.142,Greater China Region,Long,44769.95,,https://www.tradingview.com/chart/?symbol=AMEX%3AKBA,False,,-15.925364102187302,-15.925364102187302,31.735000610351562,29.3700008392334,30.78836089324951,0.393510762238053,-72.27356589258794,62.795038064479634,False,False,True,False,,
879,GPTY,GPTY,AMEX:GPTY,US,YieldMax AI & Tech Portfolio Option Income ETF,0.138,Derivative Income,Long,52225.9,,https://www.tradingview.com/chart/?symbol=AMEX%3AGPTY,False,,47.03183162138304,47.03183162138304,43.810001373291016,34.72999954223633,38.47175602722168,0.5726937177038915,45.868495059479635,,False,False,False,False,,
880,MRNY,MRNY,AMEX:MRNY,US,YieldMax MRNA Option Income Strategy ETF,0.135,Derivative Income,Long,494925.15,,https://www.tradingview.com/chart/?symbol=AMEX%3AMRNY,False,,69.45319878498566,77.02965091515335,40.310001373291016,14.220000267028809,20.76191987991333,0.9411977868011397,64.7189584077499,,False,False,False,False,,
881,SPXU,SPXU.TO,TSX:SPXU,TSX,BetaPro S&P 500 2x Daily Bull ETF,0.135,Large Cap,2X Long,74978.8,,https://www.tradingview.com/chart/?symbol=TSX%3ASPXU,False,,26.815470832044284,26.815470832044284,37.529998779296875,26.43000030517578,29.335160629272462,0.9017057055903127,6.302973165642743,66.5375953143282,False,False,False,False,,
882,NFXL,NFXL,AMEX:NFXL,US,Direxion Daily NFLX Bull 2X ETF,0.133,Trading--Leveraged Equity,2X Long,1009803.7,,https://www.tradingview.com/chart/?symbol=AMEX%3ANFXL,False,,-60.82631860982203,-57.49147680473913,14.744999885559082,13.46500015258789,19.207210083007812,0.05260691278124525,-8.713213446535843,,False,True,False,False,,
883,TSMY,TSMY,AMEX:TSMY,US,YieldMax TSM Option Income Strategy ETF,0.133,Derivative Income,Long,146330.25,,https://www.tradingview.com/chart/?symbol=AMEX%3ATSMY,False,,31.43336740334503,44.81046139796879,15.5600004196167,14.239999771118164,15.12263971710205,0.3529413714653487,33.732387542514466,,False,False,False,False,,
884,RWM,RWM,AMEX:RWM,US,ProShares Short Russell2000,0.131,Trading--Inverse Equity,-1X Short,15277688.1,,https://www.tradingview.com/chart/?symbol=AMEX%3ARWM,False,,19.747604260266012,39.517677118417744,14.194999694824219,13.164999961853027,14.025219844818116,0.2825788403580374,40.33187241279678,-64.10442095809586,False,False,False,False,,
885,BABX,BABX,AMEX:BABX,US,GraniteShares 2x Long BABA Daily ETF,0.131,Trading--Leveraged Equity,2X Long,1030177.4,,https://www.tradingview.com/chart/?symbol=AMEX%3ABABX,False,,7.360056395879148,7.360056395879148,17.219999313354492,13.494999885559082,17.93534023666382,0.1979802887724588,-33.45260466961809,-30.29981877835944,False,True,False,False,,
886,PBD,PBD,AMEX:PBD,US,Invesco Global Clean Energy ETF,0.13,Global Small/Mid Stock,Long,271994.5,,https://www.tradingview.com/chart/?symbol=AMEX%3APBD,False,,-26.206803342264966,-26.206803342264966,16.719999313354492,16.719999313354492,18.079359367370607,0.0,-55.56533372899875,44.24924485231052,False,True,False,False,,
887,HOOY,HOOY,AMEX:HOOY,US,YieldMax HOOD Option Income Strategy ETF,0.129,Derivative Income,Long,99725.95,,https://www.tradingview.com/chart/?symbol=AMEX%3AHOOY,False,,17.331954267322768,23.885903056986347,28.649999618530273,24.68000030517578,26.86772041320801,0.4282631194510457,47.63955587594122,,False,False,False,False,,
888,MRVU,MRVU,AMEX:MRVU,US,Direxion Daily MRVL Bull 2X ETF,0.119,Trading--Leveraged Equity,2X Long,195186.95,,https://www.tradingview.com/chart/?symbol=AMEX%3AMRVU,False,,58.627326295765194,58.627326295765194,141.7550048828125,26.989999771118164,90.12590328216552,0.42898794030278947,0.2522758076373985,,False,False,False,False,,
889,DUST,DUST,AMEX:DUST,US,Direxion Daily Gold Miners Index Bear 2X ETF,0.118,Trading--Inverse Equity,-2X Short,1916765.05,,https://www.tradingview.com/chart/?symbol=AMEX%3ADUST,False,,-2.996837337582013,21.10768445574473,36.29999923706055,29.049999237060547,38.945480209350585,0.17290720934043044,-44.109647750416705,-41.469777544761406,False,True,False,False,,
890,CRPT,CRPT,AMEX:CRPT,US,First Trust SkyBridge Crypto Industry & Digital Economy ETF,0.117,Equity Digital Assets,Long,75717.75,,https://www.tradingview.com/chart/?symbol=AMEX%3ACRPT,False,,42.99349902908855,43.33214023793726,16.360000610351562,10.907500267028809,12.295770420074463,0.926901783634221,47.460092754626864,-28.079472679720237,False,False,False,False,,
891,DRNZ,DRNZ,AMEX:DRNZ,US,REX Drone ETF,0.115,Industrials,Long,129680.1,,https://www.tradingview.com/chart/?symbol=AMEX%3ADRNZ,False,,-1.4830358041294522,-1.4830358041294522,20.739999771118164,19.309999465942383,21.69241975402832,0.14165429740048913,-37.079639318046,,False,True,False,False,,
892,GIAX,GIAX,AMEX:GIAX,US,Nicholas Global Equity and Income ETF,0.113,Derivative Income,Long,69711.7,,https://www.tradingview.com/chart/?symbol=AMEX%3AGIAX,False,,32.78324442160164,44.810409541223144,16.405399322509766,13.350000381469727,14.59136043548584,0.5808742981156775,25.33859396109186,,False,False,False,False,,
893,KURE,KURE,AMEX:KURE,US,KraneShares MSCI All China Health Care Index ETF,0.111,Greater China Region,Long,48572.25,,https://www.tradingview.com/chart/?symbol=AMEX%3AKURE,False,,33.90751452151091,33.90751452151091,18.575000762939453,14.479999542236328,15.631679794311523,0.8391394107388395,26.756632571967163,2.306733473799831,False,False,False,False,,
894,RIET,RIET,AMEX:RIET,US,Hoya Capital High Dividend Yield ETF,0.11,Real Estate,Long,90314.15,,https://www.tradingview.com/chart/?symbol=AMEX%3ARIET,False,,-66.43888740676415,-66.43888740676415,8.67710018157959,8.67710018157959,8.988478542327881,0.0,-68.04347302913696,66.79716941695251,False,True,True,False,,"WATCH: weekly+band ok, waiting on 4h dot"
895,AFK,AFK,AMEX:AFK,US,VanEck Africa Index ETF,0.107,Focused Region,Long,57921.0,,https://www.tradingview.com/chart/?symbol=AMEX%3AAFK,False,,-17.941829834852996,-17.941829834852996,28.420000076293945,24.469999313354492,25.766819511413573,0.7188353338796785,40.38241852349486,54.33722447337011,False,False,False,False,,
896,MSFO,MSFO,AMEX:MSFO,US,YieldMax MSFT Option Income Strategy ETF,0.106,Derivative Income,Long,143588.85,,https://www.tradingview.com/chart/?symbol=AMEX%3AMSFO,False,,-13.8286951114196,5.425990867986848,12.085000038146973,9.9399995803833,10.668059589385987,0.6952999777115341,45.45449461829565,,False,False,False,False,,
897,HYDR,HYDR,AMEX:HYDR,US,Global X Hydrogen ETF,0.105,Miscellaneous Sector,Long,44839.1,,https://www.tradingview.com/chart/?symbol=AMEX%3AHYDR,False,,-2.9172122128857096,-2.9172122128857096,43.4900016784668,34.119998931884766,43.57415925598144,0.23389921181653384,-9.357421308425833,48.735094767855536,False,True,False,False,,
898,TSLQ,TSLQ,AMEX:TSLQ,US,Tradr 2X Short TSLA Daily ETF New Oct 2025,0.104,Trading--Inverse Equity,-2X Short,5911097.05,,https://www.tradingview.com/chart/?symbol=AMEX%3ATSLQ,True,2026-09-24 09:30,-62.03509145832965,-59.878472068865314,17.170000076293945,15.899999618530273,19.130839744567872,0.09276847393863855,-38.55973032676959,-29.838182348652282,False,True,False,False,,
899,DOG,DOG,AMEX:DOG,US,ProShares Short Dow30,0.102,Trading--Inverse Equity,-1X Short,2393367.2,,https://www.tradingview.com/chart/?symbol=AMEX%3ADOG,False,,26.50210189092253,33.70602865680175,22.06999969482422,20.84000015258789,21.83591999053955,0.291469133263578,22.373371461806574,-63.97752402685801,False,False,False,False,,
900,CNXT,CNXT,AMEX:CNXT,US,VanEck ChiNext Innovators ETF,0.102,Greater China Region,Long,87470.25,,https://www.tradingview.com/chart/?symbol=AMEX%3ACNXT,False,,11.284746975531172,11.284746975531172,47.43000030517578,43.900001525878906,48.243345367431644,0.1918060697714042,-48.26020885541626,60.45922661355366,False,True,False,False,,
901,BOAT,BOAT,AMEX:BOAT,US,SonicShares Global Shipping ETF,0.101,Industrials,Long,51437.3,,https://www.tradingview.com/chart/?symbol=AMEX%3ABOAT,False,,-20.548674473772834,-20.548674473772834,51.06999969482422,37.70500183105469,41.468021759033206,0.8381936732245807,75.62388955472956,79.1842176412175,False,False,False,False,,
902,YANG,YANG,AMEX:YANG,US,Direxion Daily FTSE China Bear 3X ETF,0.097,Trading--Inverse Equity,-3X Short,747036.0,,https://www.tradingview.com/chart/?symbol=AMEX%3AYANG,False,,-20.170449165146366,1.2717539059062346,31.3700008392334,23.989999771118164,27.968959465026856,0.43772251695374,14.47211723195092,-12.06992850672889,False,False,False,False,,
903,APLY,APLY,AMEX:APLY,US,YieldMax AAPL Option Income Strategy ETF,0.097,Derivative Income,Long,80443.15,,https://www.tradingview.com/chart/?symbol=AMEX%3AAPLY,False,,26.40787840222268,26.40787840222268,11.869999885559082,11.109999656677246,11.540699836730957,0.41643830748746374,36.24667284223518,62.29466684941857,False,False,False,False,,
904,FBY,FBY,AMEX:FBY,US,YieldMax META Option Income Strategy ETF,0.091,Derivative Income,Long,149624.5,,https://www.tradingview.com/chart/?symbol=AMEX%3AFBY,False,,73.02733316005835,75.51403927924244,10.210000038146973,7.974999904632568,8.797459936141967,0.6413199563526406,24.768748488067,,False,False,False,False,,
905,GNOM,GNOM,AMEX:GNOM,US,Global X Genomics & Biotechnology ETF,0.091,Health,Long,34449.3,,https://www.tradingview.com/chart/?symbol=AMEX%3AGNOM,False,,59.586633726379524,59.586633726379524,70.33499908447266,41.40999984741211,48.236299667358395,1.0,61.08779909988048,68.6664461036072,False,False,False,False,,
906,PBJ,PBJ,AMEX:PBJ,US,Invesco Food & Beverage ETF,0.091,Consumer Defensive,Long,23672.5,,https://www.tradingview.com/chart/?symbol=AMEX%3APBJ,True,2026-09-24 09:30,-78.73927196980033,-77.88515261489594,45.380001068115234,45.380001068115234,46.61664056396484,0.0,-43.210032370093934,25.4455908845139,False,True,False,False,,"NEAR: 4h+band ok, weekly shallow"
907,SIXY,SIXY.TO,TSX:SIXY,TSX,Evolve Big Six Canadian Banks Ultrayield Index ETF,0.091,Financials,1.33X Long,125216.55,,https://www.tradingview.com/chart/?symbol=TSX%3ASIXY,False,,-2.723172797336744,-2.723172797336744,29.639999389648438,24.8799991607666,26.671239646911623,0.6271408349158795,-8.644943891321082,,False,False,False,False,,
908,ENOR,ENOR,AMEX:ENOR,US,iShares MSCI Norway ETF,0.09,Focused Region,Long,21794.65,,https://www.tradingview.com/chart/?symbol=AMEX%3AENOR,True,2026-09-24 09:30,-70.289391303388,-70.28020602162313,36.11000061035156,31.190000534057617,32.80188051605224,0.7203514101394431,50.43829820251539,75.19343025031931,False,False,False,False,,
909,DIG,DIG,AMEX:DIG,US,ProShares Ultra Energy,0.088,Trading--Leveraged Equity,2X Long,29343.7,,https://www.tradingview.com/chart/?symbol=AMEX%3ADIG,False,,-61.70934100969817,-52.76797854289524,67.08999633789062,48.5099983215332,54.55631806945801,0.7252146288434901,58.16501452632991,68.25977879343237,False,False,False,False,,
910,ENZL,ENZL,AMEX:ENZL,US,iShares MSCI New Zealand ETF,0.084,Focused Region,Long,89030.95,,https://www.tradingview.com/chart/?symbol=AMEX%3AENZL,False,,-17.12882393488498,-17.12882393488498,45.44729995727539,41.810001373291016,43.51628126525879,0.5030842066774618,-3.711698173768911,39.19023178268657,False,False,False,False,,
911,LABD,LABD,AMEX:LABD,US,Direxion Daily S&P Biotech Bear 3X ETF,0.083,Trading--Inverse Equity,-3X Short,18828074.3,,https://www.tradingview.com/chart/?symbol=AMEX%3ALABD,False,,-26.755756022724885,0.17540744602508282,7.25,5.864999771118164,9.48759986114502,0.09022802569788767,-27.934623996020687,-52.91517832529336,False,True,False,False,,
912,XUDV,XUDV,AMEX:XUDV,US,Franklin U.S. Dividend Booster Index ETF,0.082,Large Value,Long,8600.8,,https://www.tradingview.com/chart/?symbol=AMEX%3AXUDV,False,,-72.96275210728642,-72.96275210728642,32.02000045776367,27.620800018310547,29.127093353271484,0.689249085562648,20.50765486976566,,False,False,False,False,,
913,OILU,OILU,AMEX:OILU,US,MicroSectors Oil & Gas Exp. & Prod. 3x Leveraged ETN,0.082,Trading--Leveraged Equity,3X Long,84198.4,,https://www.tradingview.com/chart/?symbol=AMEX%3AOILU,False,,-65.5878985606176,-52.121158399655336,48.970001220703125,31.645000457763672,38.19282020568848,0.6244368870034243,52.076947040813955,44.45661905277647,False,False,False,False,,
914,TECS,TECS,AMEX:TECS,US,Direxion Daily Technology Bear 3X ETF,0.076,Trading--Inverse Equity,-3X Short,335107.5,,https://www.tradingview.com/chart/?symbol=AMEX%3ATECS,False,,-66.31488845723725,-58.77712931495859,52.60100173950195,51.40999984741211,95.02044276428222,0.006445163766600326,-41.638104119855875,-51.363464940569685,False,True,False,False,,
915,DTEC,DTEC,AMEX:DTEC,US,ALPS Disruptive Technologies ETF,0.076,Technology,Long,7722.75,,https://www.tradingview.com/chart/?symbol=AMEX%3ADTEC,False,,-4.48534942192891,14.510414817291126,51.51430130004883,42.03049850463867,44.8288455657959,0.7998212554775899,23.58570750414528,28.757728898305704,False,False,False,False,,
916,TSLR,TSLR,AMEX:TSLR,US,GraniteShares 2x Long TSLA Daily ETF,0.075,Trading--Leveraged Equity,2X Long,1450438.85,,https://www.tradingview.com/chart/?symbol=AMEX%3ATSLR,False,,37.69714582907664,58.09799188005858,17.829999923706055,11.595000267028809,15.719100131988526,0.3567954140679382,0.7947108800927403,,False,False,False,False,,
917,SLJY,SLJY,AMEX:SLJY,US,Amplify SILJ Junior Silver Miners Covered Call ETF,0.074,Derivative Income,Long,46679.5,,https://www.tradingview.com/chart/?symbol=AMEX%3ASLJY,False,,-22.448539539309355,-22.448539539309355,29.510000228881836,25.84000015258789,28.452520080566405,0.3315266646312425,26.293779579085072,,False,False,False,False,,
918,SRTY,SRTY,AMEX:SRTY,US,ProShares UltraPro Short Russell2000,0.072,Trading--Inverse Equity,-3X Short,1406503.2,,https://www.tradingview.com/chart/?symbol=AMEX%3ASRTY,False,,20.09852361323471,43.684673824405614,25.649999618530273,20.5049991607666,26.130059394836426,0.21585904106020892,34.587986752990474,-55.74018590252492,False,True,False,False,,
919,LINT,LINT,AMEX:LINT,US,Direxion Daily INTC Bull 2X ETF,0.072,Trading--Leveraged Equity,2X Long,107226.25,,https://www.tradingview.com/chart/?symbol=AMEX%3ALINT,False,,67.3624195720066,67.3624195720066,180.51800537109375,28.440000534057617,84.50416040802001,0.6401667165302325,-4.527059536897373,,False,False,False,False,,
920,GXPS,GXPS,AMEX:GXPS,US,Global X PureCap MSCI Consumer Staples ETF,0.072,Consumer Defensive,Long,25714.1,,https://www.tradingview.com/chart/?symbol=AMEX%3AGXPS,False,,-46.32318170724297,-17.139896826785034,26.09000015258789,25.76919937133789,26.281508445739746,0.14777990115321252,-29.999672104588626,,False,True,False,False,,
921,MSOX,MSOX,AMEX:MSOX,US,AdvisorShares MSOS Daily Leveraged ETF,0.07,Trading--Leveraged Equity,2X Long,1629035.35,,https://www.tradingview.com/chart/?symbol=AMEX%3AMSOX,False,,-1.4626803437228932,55.533758158055555,3.1700000762939453,1.728700041770935,2.3768268094062805,0.5248152446911538,29.50895405156754,-29.03982902124179,False,False,False,False,,
922,SNOY,SNOY,AMEX:SNOY,US,YieldMax SNOW Option Income Strategy ETF,0.07,Derivative Income,Long,214690.5,,https://www.tradingview.com/chart/?symbol=AMEX%3ASNOY,False,,13.397965280503064,13.397965280503064,11.210000038146973,6.235000133514404,7.651023653030395,0.8291528786856616,52.4295783125828,,False,False,False,False,,
924,AMUU,AMUU,AMEX:AMUU,US,Direxion Daily AMD Bull 2X ETF,0.07,Trading--Leveraged Equity,2X Long,60120.85,,https://www.tradingview.com/chart/?symbol=AMEX%3AAMUU,False,,71.81657594275661,71.81657594275661,297.239990234375,39.650001525878906,100.44123886108397,1.0,0.870003425042332,,False,False,False,False,,
926,ETHY,ETHY.TO,TSX:ETHY,TSX,Purpose Ether Yield ETF,0.066,"Long ETH, Short USD",Long,201340.5,,https://www.tradingview.com/chart/?symbol=TSX%3AETHY,False,,44.5129498863548,44.5129498863548,1.7050000429153442,1.0,1.2147599921226502,0.7747253503017502,67.03837052187625,-39.69736612224358,False,False,False,False,,
928,OZEM,OZEM,AMEX:OZEM,US,Roundhill GLP-1 & Weight Loss ETF,0.062,Health,Long,18690.8,,https://www.tradingview.com/chart/?symbol=AMEX%3AOZEM,False,,-18.692052130683212,13.374819304676073,31.299999237060547,29.68000030517578,30.764986862182617,0.35237279711512215,-18.001853382928115,,False,False,False,False,,
929,WNTR,WNTR,AMEX:WNTR,US,YieldMax MSTR Short Option Income Strategy ETF,0.062,Derivative Income,-1X Short,214958.8,,https://www.tradingview.com/chart/?symbol=AMEX%3AWNTR,False,,-70.1886854197864,-58.104413293513524,14.850000381469727,14.512999534606934,19.340851932525634,0.016473618765541726,-52.72069229832369,,False,True,False,False,,
930,SOFX,SOFX,AMEX:SOFX,US,Defiance Daily Target 2X Long SOFI ETF,0.061,Trading--Leveraged Equity,2X Long,1149098.6,,https://www.tradingview.com/chart/?symbol=AMEX%3ASOFX,False,,-46.568196263370254,-46.568196263370254,7.960000038146973,7.110000133514404,8.701819993972778,0.12601927044403263,-42.05308229481923,,False,True,False,False,,
931,TSLS,TSLS,AMEX:TSLS,US,Direxion Daily TSLA Bear 1X ETF,0.061,Trading--Inverse Equity,-1X Short,308186.2,,https://www.tradingview.com/chart/?symbol=AMEX%3ATSLS,True,2026-09-24 09:30,-65.02627270717521,-62.79470301337664,53.709999084472656,49.310001373291016,54.10788090515137,0.21642883130836624,-29.36031398530412,-27.098554261753304,False,True,False,False,,
933,TRUD,TRUD,AMEX:TRUD,US,VanEck Consumer Discretionary TruSector ETF,0.06,Consumer Cyclical,Long,48167.55,,https://www.tradingview.com/chart/?symbol=AMEX%3ATRUD,False,,-16.691367965099996,-16.691367965099996,24.93000030517578,22.969999313354492,24.023739349365233,0.43896997196859733,-38.98568486379233,,False,False,False,False,,
934,EMOP,EMOP,AMEX:EMOP,US,AB Emerging Markets Opportunities ETF,0.06,Diversified Emerging Mkts,Long,56353.5,,https://www.tradingview.com/chart/?symbol=AMEX%3AEMOP,False,,21.62647570948361,21.62647570948361,51.459999084472656,42.28670120239258,45.09351979064942,0.771299687563848,30.891775764922343,,False,False,False,False,,
935,NIKL,NIKL,AMEX:NIKL,US,Sprott Nickel Miners ETF,0.059,Natural Resources,Long,53362.8,,https://www.tradingview.com/chart/?symbol=AMEX%3ANIKL,False,,-29.619934604093498,-29.619934604093498,14.024999618530273,12.277400016784668,13.703453540802002,0.28921320207540097,18.2365994582328,7.862158572173507,False,False,False,False,,
936,HIMZ,HIMZ,AMEX:HIMZ,US,Defiance Daily Target 2X Long HIMS ETF,0.056,Trading--Leveraged Equity,2X Long,350079.3,,https://www.tradingview.com/chart/?symbol=AMEX%3AHIMZ,False,,22.820375817852334,24.204979888142265,26.75,19.020000457763672,28.764440673828126,0.18721238485924607,-47.314181298277816,,False,True,False,False,,
937,NETL,NETL,AMEX:NETL,US,Colterpoint Net Lease Real Estate ETF,0.056,Real Estate,Long,21724.3,,https://www.tradingview.com/chart/?symbol=AMEX%3ANETL,False,,-70.28096801395593,-64.7219035118702,24.34000015258789,24.34000015258789,25.260470733642578,0.0,-56.965029726998864,73.10681737365975,False,True,False,False,,
938,PSIL,PSIL,AMEX:PSIL,US,AdvisorShares Psychedelics ETF,0.056,Miscellaneous Sector,Long,45531.75,,https://www.tradingview.com/chart/?symbol=AMEX%3APSIL,False,,-39.52601705229288,-39.52601705229288,23.32069969177246,15.9399995803833,18.50295949935913,0.6796224995137227,17.115375556859238,74.1871141154242,False,False,False,False,,
939,GXPD,GXPD,AMEX:GXPD,US,Global X PureCap MSCI Consumer Discretionary ETF,0.054,Consumer Cyclical,Long,35618.2,,https://www.tradingview.com/chart/?symbol=AMEX%3AGXPD,False,,-18.975316495727228,-18.975316495727228,25.079999923706055,23.149999618530273,24.211999618530275,0.4288889567057292,-37.8831802709999,,False,False,False,False,,
940,FNGD,FNGD,AMEX:FNGD,US,MicroSectors FANG+ Index - 3X Inverse Leveraged ETN,0.053,Trading--Inverse Equity,-3X Short,360696.55,,https://www.tradingview.com/chart/?symbol=AMEX%3AFNGD,False,,-68.57534123582282,-56.9720555483604,23.850000381469727,23.610000610351562,38.349381042480466,0.003842763014680247,-50.002096333610176,-34.89860784616969,False,True,False,False,,
941,SEMY,SEMY,AMEX:SEMY,US,GraniteShares YieldBOOST Semiconductor ETF,0.053,Derivative Income,3X Long,122384.85,,https://www.tradingview.com/chart/?symbol=AMEX%3ASEMY,False,,-22.325821997826008,1.2736096649684405,12.619999885559082,12.390000343322754,13.758800388336182,0.03965509218495165,-36.86817306744421,,False,True,False,False,,
942,URSP,URSP,AMEX:URSP,US,ProShares Ultra S&P 500 Equal Weight,0.052,Trading--Leveraged Equity,2X Long,48112.3,,https://www.tradingview.com/chart/?symbol=AMEX%3AURSP,False,,-62.42875317648619,-62.42875317648619,47.27000045776367,38.94020080566406,42.33253515625,0.5794926191623657,-11.133234935499118,,False,False,False,False,,
943,HDGE,HDGE,AMEX:HDGE,US,AdvisorShares Ranger Equity Bear ETF,0.051,Trading--Inverse Equity,Long,57450.05,,https://www.tradingview.com/chart/?symbol=AMEX%3AHDGE,False,,57.68419399922249,73.15553242245217,15.359999656677246,13.960000038146973,15.012560047149659,0.31390125707531186,-25.10425850316255,-31.976909261252512,False,False,False,False,,
944,MRAL,MRAL,AMEX:MRAL,US,GraniteShares 2x Long MARA Daily ETF,0.051,Trading--Leveraged Equity,2X Long,172149.75,,https://www.tradingview.com/chart/?symbol=AMEX%3AMRAL,False,,45.39820993711967,45.39820993711967,47.810001373291016,25.599700927734375,40.03117150878906,0.3632083699101645,-9.833027615569561,,False,False,False,False,,
946,KYLD,KYLD,AMEX:KYLD,US,Kurv High Income ETF,0.05,Derivative Income,Long,43894.1,,https://www.tradingview.com/chart/?symbol=AMEX%3AKYLD,False,,25.50735901492811,29.092906145647202,20.530000686645508,17.760099411010742,19.067515769958497,0.49999122052895106,-23.527110778528883,,False,False,False,False,,
947,UTSL,UTSL,AMEX:UTSL,US,Direxion Daily Utilities Bull 3X ETF,0.049,Trading--Leveraged Equity,3X Long,151863.9,,https://www.tradingview.com/chart/?symbol=AMEX%3AUTSL,False,,-74.9841339761512,-74.9841339761512,29.045000076293945,29.045000076293945,34.969780418396,0.0,-70.46268993212487,13.659261014343306,False,True,True,False,,"WATCH: weekly+band ok, waiting on 4h dot"
948,NVD,NVD,AMEX:NVD,US,GraniteShares 2x Short NVDA Daily ETF,0.048,Trading--Inverse Equity,-2X Short,83503787.5,,https://www.tradingview.com/chart/?symbol=AMEX%3ANVD,False,,-47.43468807078501,-34.09176431488215,3.755000114440918,3.589400053024292,4.750661694526672,0.033654443665048606,-45.297920494544314,,False,True,False,False,,
949,SMCL,SMCL,AMEX:SMCL,US,GraniteShares 2x Long SMCI Daily ETF,0.048,Trading--Leveraged Equity,2X Long,924196.8,,https://www.tradingview.com/chart/?symbol=AMEX%3ASMCL,False,,26.555509972596848,40.769707942693366,19.739999771118164,7.820000171661377,16.956347578048707,0.3079042182114393,31.79919755561264,,False,False,False,False,,
950,DXD,DXD,AMEX:DXD,US,ProShares UltraShort Dow30,0.047,Trading--Inverse Equity,-2X Short,1441035.75,,https://www.tradingview.com/chart/?symbol=AMEX%3ADXD,False,,32.495745319190696,47.333484031388686,17.825000762939453,15.885000228881836,17.604260192871095,0.2663006965946299,17.721439184557507,-63.15390438267516,False,False,False,False,,
951,TWM,TWM,AMEX:TWM,US,ProShares UltraShort Russell2000,0.045,Trading--Inverse Equity,-2X Short,597558.4,,https://www.tradingview.com/chart/?symbol=AMEX%3ATWM,False,,20.21603265022573,43.469954403465835,23.469999313354492,20.170000076293945,23.268679878234863,0.2513327835481655,36.85927364720809,-60.73921957299874,False,False,False,False,,
952,LLYX,LLYX,AMEX:LLYX,US,Defiance Daily Target 2X Long LLY ETF,0.044,Trading--Leveraged Equity,2X Long,293536.15,,https://www.tradingview.com/chart/?symbol=AMEX%3ALLYX,False,,45.624716738902414,49.52646712419098,25.674999237060547,14.5600004196167,18.35134032058716,0.691876695161336,-22.582748915410573,,False,False,False,False,,
953,CRCO,CRCO,AMEX:CRCO,US,YieldMax CRCL Option Income Strategy ETF,0.042,Derivative Income,Long,99921.1,,https://www.tradingview.com/chart/?symbol=AMEX%3ACRCO,False,,-6.213378209600201,1.5319935161368958,14.430000305175781,12.078399658203125,16.80113737487793,0.11751187255774534,38.80581432116583,,False,True,False,False,,
954,MARO,MARO,AMEX:MARO,US,YieldMax MARA Option Income Strategy ETF,0.042,Derivative Income,Long,370811.8,,https://www.tradingview.com/chart/?symbol=AMEX%3AMARO,False,,33.11311695263803,33.11311695263803,4.340000152587891,3.799999952316284,4.531599986076355,0.17419360495258432,-5.225914692407929,,False,True,False,False,,
955,AIYY,AIYY,AMEX:AIYY,US,YieldMax AI Option Income Strategy ETF,0.042,Derivative Income,Long,75212.2,,https://www.tradingview.com/chart/?symbol=AMEX%3AAIYY,False,,-30.942916639097252,-28.93582030560979,7.454999923706055,7.114999771118164,8.046019924163819,0.08618506887122933,41.976743524566594,,False,True,False,False,,
956,DRN,DRN,AMEX:DRN,US,Direxion Daily Real Estate Bull 3X ETF,0.041,Trading--Leveraged Equity,3X Long,1263538.95,,https://www.tradingview.com/chart/?symbol=AMEX%3ADRN,False,,-73.84115030084057,-73.84115030084057,8.770000457763672,8.100000381469727,9.046383842468261,0.16707817129278407,-63.63323596582175,33.19890801912553,False,True,True,False,,"WATCH: weekly+band ok, waiting on 4h dot"
957,LITP,LITP,AMEX:LITP,US,Sprott Lithium Miners ETF,0.041,Natural Resources,Long,52431.55,,https://www.tradingview.com/chart/?symbol=AMEX%3ALITP,False,,-34.26143752258179,-31.04818016672503,9.781200408935547,9.774999618530273,11.746779510498047,0.0007421652597258806,-33.184869362288374,29.648194237022285,False,True,False,False,,
958,NFLY,NFLY,AMEX:NFLY,US,YieldMax NFLX Option Income Strategy ETF,0.039,Derivative Income,Long,54688.35,,https://www.tradingview.com/chart/?symbol=AMEX%3ANFLY,False,,-66.81280425591233,-59.009754904337626,6.98199987411499,6.9430999755859375,8.070448444366455,0.0081433348313207,-8.160643698130174,,False,True,False,False,,
959,RGTX,RGTX,AMEX:RGTX,US,Defiance Daily Target 2X Long RGTI ETF,0.038,Trading--Leveraged Equity,2X Long,773269.7,,https://www.tradingview.com/chart/?symbol=AMEX%3ARGTX,False,,30.215095685563085,35.66041986053258,10.430000305175781,7.829999923706055,15.832760337829589,0.07667355490787327,-41.82286460037025,,False,True,False,False,,
960,SARK,SARK,AMEX:SARK,US,Tradr 1X Short Innovation Daily ETF,0.038,Trading--Inverse Equity,-1X Short,137699.1,,https://www.tradingview.com/chart/?symbol=AMEX%3ASARK,False,,-61.31324333129546,-51.04720381492397,23.030000686645508,23.030000686645508,25.944600776672363,0.0,-48.88191785403536,-44.66853521229525,False,True,False,False,,
961,QPUX,QPUX,AMEX:QPUX,US,Defiance 2X Daily Long Pure Quantum ETF,0.036,Trading--Leveraged Equity,2X Long,203751.1,,https://www.tradingview.com/chart/?symbol=AMEX%3AQPUX,False,,16.503098216477063,30.97699770085559,13.885000228881836,11.649999618530273,21.290599708557128,0.05471237673146749,-49.50576330512158,,False,True,False,False,,
963,VUSG,VUSG,AMEX:VUSG,US,Vanguard Wellington U.S. Growth Active ETF,0.036,Large Growth,Long,36312.25,,https://www.tradingview.com/chart/?symbol=AMEX%3AVUSG,False,,40.28398304499748,40.28398304499748,66.81999969482422,52.779998779296875,56.294038635253905,0.9429148079944171,21.492008778782957,,False,False,False,False,,
964,PLTZ,PLTZ,AMEX:PLTZ,US,Defiance Daily Target 2x Short PLTR ETF,0.035,Trading--Inverse Equity,-2X Short,4643111.9,,https://www.tradingview.com/chart/?symbol=AMEX%3APLTZ,True,2026-09-24 13:30,-74.5656820570702,-74.5656820570702,7.5,7.474999904632568,15.963919855117798,0.0006950262861621896,-48.43482734791453,,False,True,False,False,,"NEAR: 4h+band ok, weekly shallow"
965,SSG,SSG,AMEX:SSG,US,Proshares Ultrashort Semiconductors,0.035,Trading--Inverse Equity,-2X Short,440839.1,,https://www.tradingview.com/chart/?symbol=AMEX%3ASSG,False,,-56.82061273947687,-51.96126344234253,10.609999656677246,10.4399995803833,15.90811982345581,0.0073370767689680235,-25.78617942691002,-38.51335009373674,False,True,False,False,,
966,PALU,PALU,AMEX:PALU,US,Direxion Daily PANW Bull 2X ETF,0.035,Trading--Leveraged Equity,2X Long,140052.65,,https://www.tradingview.com/chart/?symbol=AMEX%3APALU,False,,18.692312121100127,58.132135063889116,60.619998931884766,10.48009967803955,23.781035289764404,0.8896378848324472,14.455659733371647,,False,False,False,False,,
968,NVOX,NVOX,AMEX:NVOX,US,Defiance Daily Target 2X Long NVO ETF,0.034,Trading--Leveraged Equity,2X Long,335161.5,,https://www.tradingview.com/chart/?symbol=AMEX%3ANVOX,True,2026-09-24 09:30,-72.60868125987427,-70.7745551296891,9.795000076293945,9.289999961853027,11.444349590301513,0.05532065242998064,-57.35854755802026,,False,True,False,False,,"NEAR: 4h+band ok, weekly shallow"
969,PLTD,PLTD,AMEX:PLTD,US,Direxion Dailly PLTR Bear 1X ETF,0.031,Trading--Inverse Equity,-1X Short,26909584.25,,https://www.tradingview.com/chart/?symbol=AMEX%3APLTD,True,2026-09-24 13:30,-77.1069078001989,-77.1069078001989,4.633800029754639,4.630099773406982,5.824259759902954,0.0007312759663043866,-48.163700374976,,False,True,False,False,,"NEAR: 4h+band ok, weekly shallow"
970,ONDL,ONDL,AMEX:ONDL,US,Defiance Daily Target 2X Long ONDS ETF,0.031,Trading--Leveraged Equity,2X Long,1426418.55,,https://www.tradingview.com/chart/?symbol=AMEX%3AONDL,False,,5.111457672517061,30.42476466984993,5.710000038146973,5.099999904632568,10.293179819107056,0.027720979030237805,-47.23095724676863,,False,True,False,False,,
971,AAPD,AAPD,AMEX:AAPD,US,Direxion Daily AAPL Bear 1X ETF,0.03,Trading--Inverse Equity,-1X Short,10098550.55,,https://www.tradingview.com/chart/?symbol=AMEX%3AAAPD,False,,-66.42708428505341,-55.00077107380719,10.204999923706055,10.03499984741211,11.06277996444702,0.03903560434805364,-53.02437651593947,-64.61770296315147,False,True,False,False,,
972,AVS,AVS,AMEX:AVS,US,Direxion Daily AVGO Bear 1X ETF,0.029,Trading--Inverse Equity,-1X Short,12383967.8,,https://www.tradingview.com/chart/?symbol=AMEX%3AAVS,False,,-30.129399338856018,-11.556478478744609,8.260000228881836,6.399899959564209,7.4501236591339115,0.41799062784321134,39.41914057567277,,False,False,False,False,,
973,TSDD,TSDD,AMEX:TSDD,US,GraniteShares 2x Short TSLA Daily ETF,0.029,Trading--Inverse Equity,-2X Short,5989536.7,,https://www.tradingview.com/chart/?symbol=AMEX%3ATSDD,True,2026-09-24 09:30,-62.745405300298785,-60.50968107914903,7.190000057220459,6.73960018157959,8.089614547729493,0.07873573297918701,-37.83322351669668,,False,True,False,False,,
975,OILD,OILD,AMEX:OILD,US,MicroSectors Oil & Gas Exp. & Prod. - 3x Inverse Leveraged ETN,0.028,Trading--Inverse Equity,-3X Short,60377.55,,https://www.tradingview.com/chart/?symbol=AMEX%3AOILD,False,,49.46971971681521,49.46971971681521,29.920000076293945,25.881000518798828,32.48640414428711,0.14430668428659202,-51.840443688256165,-64.83933501513648,False,True,False,False,,
977,RETL,RETL,AMEX:RETL,US,Direxion Daily Retail Bull 3X ETF,0.027,Trading--Leveraged Equity,3X Long,269679.7,,https://www.tradingview.com/chart/?symbol=AMEX%3ARETL,False,,-49.305313944728375,-40.666883143231345,7.099999904632568,6.820000171661377,7.669600149154663,0.07777770566351429,-53.39033020874266,6.25295582677866,False,True,False,False,,
978,EEMO,EEMO,AMEX:EEMO,US,Invesco S&P Emerging Markets Momentum ETF,0.027,Diversified Emerging Mkts,Long,48464.3,,https://www.tradingview.com/chart/?symbol=AMEX%3AEEMO,False,,23.866426322259247,23.866426322259247,22.597900390625,16.239500045776367,18.51937794494629,0.6581854589364732,26.1777730779862,71.09095433448688,False,False,False,False,,
979,SHHI,SHHI.TO,TSX:SHHI,TSX,Ninepoint Shopify HighShares ETF,0.027,Information Technology,1.25X Long,20387.4,,https://www.tradingview.com/chart/?symbol=TSX%3ASHHI,False,,-9.19052240618047,43.580940802393464,7.635000228881836,5.25,6.0252599639892575,0.7260275006590079,7.782161868175899,,False,False,False,False,,
980,LNOK,LNOK,AMEX:LNOK,US,Defiance Daily Target 2X Long NOK ETF,0.026,Trading--Leveraged Equity,2X Long,116961.65,,https://www.tradingview.com/chart/?symbol=AMEX%3ALNOK,False,,3.414149805289012,3.414149805289012,17.110000610351562,9.327500343322754,20.525110622406004,0.16402339581773398,-23.431464765092944,,False,True,False,False,,
981,LUNL,LUNL,AMEX:LUNL,US,Defiance Daily Target 2X Long LUNR ETF,0.024,Trading--Leveraged Equity,2X Long,782018.75,,https://www.tradingview.com/chart/?symbol=AMEX%3ALUNL,False,,3.633301284526754,27.04599847048409,4.054999828338623,2.5299999713897705,14.735919978141784,0.029485689406520885,-32.2824731305515,,False,True,False,False,,
982,QCMU,QCMU,AMEX:QCMU,US,Direxion Daily QCOM Bull 2X ETF,0.024,Trading--Leveraged Equity,2X Long,102140.7,,https://www.tradingview.com/chart/?symbol=AMEX%3AQCMU,False,,41.042210218820365,48.58899835695207,25.415000915527344,13.34000015258789,21.85724018859863,0.3345802358516642,14.187294231522992,,False,False,False,False,,
983,MST,MST,AMEX:MST,US,Defiance Leveraged Long Income MSTR ETF,0.024,Trading--Miscellaneous,Long,147781.9,,https://www.tradingview.com/chart/?symbol=AMEX%3AMST,False,,46.323294404155796,46.323294404155796,16.190000534057617,6.644999980926514,14.316180345535278,0.29364713427042793,40.744735712072625,,False,False,False,False,,
984,RIOX,RIOX,AMEX:RIOX,US,Defiance Daily Target 2X Long RIOT ETF,0.023,Trading--Leveraged Equity,2X Long,436635.3,,https://www.tradingview.com/chart/?symbol=AMEX%3ARIOX,False,,48.459142326235714,48.459142326235714,31.860000610351562,13.550000190734863,26.50404072189331,0.33357623736283853,-21.09725509350253,,False,False,False,False,,
985,PILL,PILL,AMEX:PILL,US,Direxion Daily Pharmaceutical & Medical Bull 3X ETF,0.023,Trading--Leveraged Equity,3X Long,52693.15,,https://www.tradingview.com/chart/?symbol=AMEX%3APILL,False,,-33.40390529073843,-33.40390529073843,16.93000030517578,8.90999984741211,12.480680099487305,0.5300726960730304,-5.20922458479376,76.30087225946285,False,False,False,False,,
987,MUD,MUD,AMEX:MUD,US,Direxion Daily MU Bear 1X ETF,0.022,Trading--Inverse Equity,-1X Short,6152946.65,,https://www.tradingview.com/chart/?symbol=AMEX%3AMUD,False,,-60.20558098119144,-56.45625481851199,8.970000267028809,8.838500022888184,17.587373981475828,0.003547205933481914,-36.53162694775933,,False,True,False,False,,
988,HIBS,HIBS,AMEX:HIBS,US,Direxion Daily S&P 500 High Beta Bear 3X ETF,0.022,Trading--Inverse Equity,-3X Short,162193.6,,https://www.tradingview.com/chart/?symbol=AMEX%3AHIBS,False,,-54.68906046129795,-49.44741673160683,16.950000762939453,16.309999465942383,25.228439231872557,0.01693573204007118,-20.526061949091613,-48.08439045528073,False,True,False,False,,
989,AMDD,AMDD,AMEX:AMDD,US,Direxion Daily AMD Bear 1X ETF,0.021,Trading--Inverse Equity,-1X Short,336148.95,,https://www.tradingview.com/chart/?symbol=AMEX%3AAMDD,False,,-82.01449160165566,-69.23719457728755,21.8700008392334,21.8700008392334,39.16408100128174,0.0,-40.68623394206571,,False,True,False,False,,
990,NVDD,NVDD,AMEX:NVDD,US,Direxion Daily NVDA Bear 1X ETF,0.02,Trading--Inverse Equity,-1X Short,193804.2,,https://www.tradingview.com/chart/?symbol=AMEX%3ANVDD,False,,-52.507005213182616,-44.64934173932048,29.225000381469727,28.609899520874023,31.909203269958496,0.04399831423247029,-40.223871028158236,,False,True,False,False,,
991,MRNX,MRNX,AMEX:MRNX,US,Defiance Daily Target 2X Long MRNA ETF,0.02,Trading--Leveraged Equity,2X Long,610817.75,,https://www.tradingview.com/chart/?symbol=AMEX%3AMRNX,False,,75.0908873166474,80.34334569373397,144.17999267578125,18.829999923706055,48.4125982131958,1.0,52.809440773176114,,False,False,False,False,,
993,ULTI,ULTI,AMEX:ULTI,US,REX IncomeMax Option Strategy ETF,0.02,Derivative Income,Long,85407.25,,https://www.tradingview.com/chart/?symbol=AMEX%3AULTI,False,,31.762705009045856,35.51723349239678,7.03000020980835,6.050000190734863,8.326999031066894,0.10157229788822272,-41.410681274041096,,False,True,False,False,,
996,ELIL,ELIL,AMEX:ELIL,US,Direxion Daily LLY Bull 2X ETF,0.017,Trading--Leveraged Equity,2X Long,83371.1,,https://www.tradingview.com/chart/?symbol=AMEX%3AELIL,False,,44.88316337404719,47.402603436919684,29.01289939880371,16.3799991607666,20.651599250793456,0.697950274684542,-22.045894346884463,,False,False,False,False,,
997,TSXU,TSXU,AMEX:TSXU,US,Direxion Daily Semiconductors Top 5 Bull 2X ETF,0.017,Trading--Leveraged Equity,2X Long,162947.5,,https://www.tradingview.com/chart/?symbol=AMEX%3ATSXU,False,,45.50176896964249,45.50176896964249,61.47140121459961,23.726499557495117,34.90428479766845,0.7969196580250743,2.7504374057774967,,False,False,False,False,,
998,HOOX,HOOX,AMEX:HOOX,US,Defiance Daily Target 2X Long HOOD ETF,0.016,Trading--Leveraged Equity,2X Long,40271.7,,https://www.tradingview.com/chart/?symbol=AMEX%3AHOOX,False,,10.900440970529019,35.960242329861856,42.52399826049805,17.149900436401367,24.015164329528808,0.8722588351602137,39.32687595770133,,False,False,False,False,,
999,BMNZ,BMNZ,AMEX:BMNZ,US,Defiance Daily Target 2X Short BMNR ETF,0.015,Trading--Inverse Equity,-2X Short,2879018.15,,https://www.tradingview.com/chart/?symbol=AMEX%3ABMNZ,False,,-57.92500239549421,-51.3291055729761,3.8299999237060547,3.680000066757202,10.136960267066955,0.005482450741795031,-56.26449680192221,,False,True,False,False,,
1000,HODU,HODU,AMEX:HODU,US,Direxion Daily HOOD Bull 2X ETF,0.013,Trading--Leveraged Equity,2X Long,146865.2,,https://www.tradingview.com/chart/?symbol=AMEX%3AHODU,False,,23.310763145338,32.07401734144917,15.40999984741211,6.165599822998047,8.682634117126465,0.866765467141629,40.1523001453613,,False,False,False,False,,
1001,HIYY,HIYY,AMEX:HIYY,US,YieldMax HIMS Option Income Strategy ETF,0.013,Derivative Income,Long,62499.15,,https://www.tradingview.com/chart/?symbol=AMEX%3AHIYY,False,,28.067345359099665,28.067345359099665,11.699999809265137,11.220000267028809,13.06316036605835,0.061459605178854224,-39.21184044451047,,False,True,False,False,,
1002,VSTL,VSTL,AMEX:VSTL,US,Defiance Daily Target 2X Long VST ETF,0.013,Trading--Leveraged Equity,2X Long,110140.7,,https://www.tradingview.com/chart/?symbol=AMEX%3AVSTL,False,,-58.40712857621495,-58.40712857621495,19.94499969482422,19.80030059814453,24.175669692993164,0.00780482425050992,-41.60328061388972,,False,True,False,False,,
1004,UGE,UGE,AMEX:UGE,US,ProShares Ultra Consumer Staples,0.01,Trading--Leveraged Equity,2X Long,30741.05,,https://www.tradingview.com/chart/?symbol=AMEX%3AUGE,False,,-57.16389841038179,-52.88108419235913,17.86590003967285,17.86590003967285,18.47574781036377,0.0,-39.62776429108251,29.05326913465683,False,True,False,False,,
1005,AVXX,AVXX,AMEX:AVXX,US,Defiance Daily Target 2x Long AVAV ETF,0.009,Trading--Leveraged Equity,2X Long,120665.15,,https://www.tradingview.com/chart/?symbol=AMEX%3AAVXX,False,,2.260615761085855,2.260615761085855,26.5,21.290000915527344,34.956761779785154,0.08996716896914252,-30.148029670031942,,False,True,False,False,,
1006,SOFA,SOFA,AMEX:SOFA,US,Direxion Daily SOFI Bull 2X ETF,0.009,Trading--Leveraged Equity,2X Long,55486.85,,https://www.tradingview.com/chart/?symbol=AMEX%3ASOFA,False,,-47.73554962618952,-47.73554962618952,11.979999542236328,10.489999771118164,12.711939987182618,0.1582580590789786,-32.02470746159178,,False,True,False,False,,
1007,SOUX,SOUX,AMEX:SOUX,US,Defiance Daily Target 2X Long SOUN ETF,0.009,Trading--Leveraged Equity,2X Long,73120.8,,https://www.tradingview.com/chart/?symbol=AMEX%3ASOUX,False,,-46.209549847950946,-34.41118774347739,8.59000015258789,8.0600004196167,13.24138017654419,0.024140275920515118,-52.004120801176605,,False,True,False,False,,
1008,SHPU,SHPU,AMEX:SHPU,US,Direxion Daily SHOP Bull 2X ETF,0.008,Trading--Leveraged Equity,2X Long,97729.25,,https://www.tradingview.com/chart/?symbol=AMEX%3ASHPU,False,,-13.086709695782234,38.02275183158245,16.030000686645508,8.21500015258789,11.01041999053955,0.6597721390533721,0.515869540296919,,False,False,False,False,,
1009,QSU,QSU,AMEX:QSU,US,Defiance Daily Target 2X Long QS ETF,0.008,Trading--Leveraged Equity,2X Long,50339.8,,https://www.tradingview.com/chart/?symbol=AMEX%3AQSU,False,,-58.914485770894395,-58.914485770894395,4.599999904632568,4.5,23.91336050415039,0.001215656479888718,-52.51978016781016,,False,True,False,False,,
1010,METD,METD,AMEX:METD,US,Direxion Daily META Bear 1X ETF,0.007,Trading--Inverse Equity,-1X Short,571804.95,,https://www.tradingview.com/chart/?symbol=AMEX%3AMETD,False,,-77.57070957086141,-73.20640679495483,12.020000457763672,12.020000457763672,13.767580169677734,0.0,-53.756079866304255,,False,True,False,False,,
1011,RCAX,RCAX,AMEX:RCAX,US,Defiance Daily Target 2x Long RCAT ETF,0.007,Trading--Leveraged Equity,2X Long,65995.75,,https://www.tradingview.com/chart/?symbol=AMEX%3ARCAX,True,2026-09-24 09:30,-67.75270055240097,-57.6174151353535,9.460000038146973,8.850000381469727,41.21740029144287,0.004447682525511501,-47.1890514834476,,False,True,False,False,,"NEAR: 4h+band ok, weekly shallow"
1012,PLU,PLU,AMEX:PLU,US,Defiance Daily Target 2x Long PL ETF,0.006,Trading--Leveraged Equity,2X Long,235364.75,,https://www.tradingview.com/chart/?symbol=AMEX%3APLU,False,,-9.048318127961766,0.4597876589245023,5.349999904632568,4.489999771118164,20.060098960876466,0.013035243323491635,-46.89402649470383,,False,True,False,False,,
1014,DWSH,DWSH,AMEX:DWSH,US,AdvisorShares Dorsey Wright Short ETF,0.006,Trading--Inverse Equity,-1X Short,16415.35,,https://www.tradingview.com/chart/?symbol=AMEX%3ADWSH,False,,56.42519783679192,62.04858511686814,5.96999979019165,5.340000152587891,5.672760116577148,0.4468083019725504,-18.92316413638629,-58.66440125295762,False,False,False,False,,
1015,BABU,BABU,AMEX:BABU,US,Direxion Daily BABA Bull 2X ETF,0.006,Trading--Leveraged Equity,2X Long,108930.4,,https://www.tradingview.com/chart/?symbol=AMEX%3ABABU,False,,5.3879739873448,5.3879739873448,9.25,7.321000099182129,9.770444255828856,0.18585603405478054,-35.938288131935145,,False,True,False,False,,
1016,RGTZ,RGTZ,AMEX:RGTZ,US,Defiance Daily Target 2x Short RGTI ETF,0.005,Trading--Inverse Equity,-2X Short,921261.3,,https://www.tradingview.com/chart/?symbol=AMEX%3ARGTZ,False,,-52.42033423661138,-46.31320343917101,14.3100004196167,12.75,49.47159783935547,0.010025710227537388,-29.88398698915368,,False,True,False,False,,
1018,WTID,WTID,AMEX:WTID,US,MicroSectors Energy 3X Inverse Leveraged ETNs,0.005,Trading--Inverse Commodities,-3X Short,70880.9,,https://www.tradingview.com/chart/?symbol=AMEX%3AWTID,False,,35.24442626902992,46.45789591968515,2.7699999809265137,2.380000114440918,3.2083600559234617,0.11111108092198849,-56.00821083103187,-66.35663912719708,False,True,False,False,,
1019,TBXU,TBXU,AMEX:TBXU,US,Direxion Daily Biotech Top 5 Bull 2X ETF,0.005,Trading--Leveraged Equity,2X Long,8286.35,,https://www.tradingview.com/chart/?symbol=AMEX%3ATBXU,False,,-41.90082150697918,-3.6903644373684323,40.15299987792969,27.11840057373047,31.538019668579103,0.6960250125121633,46.01936457167693,,False,False,False,False,,
1024,IONZ,IONZ,AMEX:IONZ,US,Defiance Daily Target 2x Short IONQ ETF,0.002,Trading--Inverse Equity,-2X Short,1059962.05,,https://www.tradingview.com/chart/?symbol=AMEX%3AIONZ,False,,-63.94518207325691,-63.94518207325691,19.460100173950195,18.499000549316406,85.18103353881835,0.0034015086410050426,-25.718996239888668,,False,True,False,False,,
1033,SMCZ,SMCZ,AMEX:SMCZ,US,Defiance Daily Target 2X Short SMCI ETF,0.0,Trading--Inverse Equity,-2X Short,2707890.4,,https://www.tradingview.com/chart/?symbol=AMEX%3ASMCZ,False,,-48.791597861594475,-45.84014797309788,4.599999904632568,4.579999923706055,32.21088080596924,0.00017082320027252864,-48.3348375575685,,False,True,False,False,,
1036,QBTZ,QBTZ,AMEX:QBTZ,US,Defiance Daily Target 2x Short QBTS ETF,0.0,Trading--Inverse Equity,-2X Short,669669.35,,https://www.tradingview.com/chart/?symbol=AMEX%3AQBTZ,False,,-45.47992572528515,-28.291372425775815,15.34000015258789,14.049999237060547,85.66419941711425,0.004251115215963092,-28.094040844208507,,False,True,False,False,,
1062,RKLZ,RKLZ,AMEX:RKLZ,US,Defiance Daily Target 2x Short RKLB ETF,0.0,Trading--Inverse Equity,-2X Short,878099.65,,https://www.tradingview.com/chart/?symbol=AMEX%3ARKLZ,False,,-76.4354947651654,-71.89362082756143,14.180000305175781,8.450000762939453,44.876601303100585,0.03712341728064509,-1.8990123780822838,,False,True,False,False,,
