rank,ticker,yahoo,tv,exchange,name,aum_usd_bn,category,leverage,avg_volume,err,link,dot_last2,dot_bar,wt2_trough,wt2_now,close,zone_low,zone_top,pct_of_range,wk_wt2,mo_wt2,is_index,in_zone,pass_wk,flag,tier,bucket
1,VOO,VOO,AMEX:VOO,US,Vanguard S&P 500 ETF,1066.082,Large Blend,Long,6529078.6,,https://www.tradingview.com/chart/?symbol=AMEX%3AVOO,False,,-36.51756984659709,-36.51756984659709,696.6900024414062,581.010009765625,612.5986040039063,0.8642511301879893,42.29803858604959,69.63626211705578,True,False,False,False,,
2,IVV,IVV,AMEX:IVV,US,iShares Core S&P 500 ETF,870.627,Large Blend,Long,5835774.4,,https://www.tradingview.com/chart/?symbol=AMEX%3AIVV,False,,-36.56224587053142,-36.56224587053142,761.47998046875,634.8499755859375,669.455837890625,0.8635727926448968,42.22459504911532,69.6819505690519,True,False,False,False,,
3,SPY,SPY,AMEX:SPY,US,State Street SPDR S&P 500 ETF,806.132,Large Blend,Long,36401387.5,,https://www.tradingview.com/chart/?symbol=AMEX%3ASPY,False,,-36.62908019471646,-36.62908019471646,757.8800048828125,632.0,666.4040869140625,0.8634927945203186,41.97020756063579,69.60239311963862,True,False,False,False,,
4,VTI,VTI,AMEX:VTI,US,Vanguard Morningstar Total Stock Market ETF,694.179,Large Blend,Long,2881206.6,,https://www.tradingview.com/chart/?symbol=AMEX%3AVTI,False,,-40.4360236789985,-40.4360236789985,373.2250061035156,311.70001220703125,328.84776586914063,0.8467522245583854,39.55798764177041,69.80530991171662,True,False,False,False,,
5,QQQ,QQQ,AMEX:QQQ,US,Invesco QQQ Trust Series I,485.914,Large Growth,Long,30766206.3,,https://www.tradingview.com/chart/?symbol=AMEX%3AQQQ,False,,0.23218096486152243,0.23218096486152243,708.6599731445312,558.2703247070312,602.6075715332031,0.8004997958127481,9.081521648511155,68.9514098125013,True,False,False,False,,
6,VEA,VEA,AMEX:VEA,US,Vanguard FTSE Developed Markets ETF,240.5,Foreign Large Blend,Long,9065470.8,,https://www.tradingview.com/chart/?symbol=AMEX%3AVEA,False,,-16.774402110342965,-16.774402110342965,71.93000030517578,62.0099983215332,64.78889958190918,0.8424626313721209,46.20670765468913,72.75765334969168,True,False,False,False,,
7,VUG,VUG,AMEX:VUG,US,Vanguard Morningstar Growth ETF,227.648,Large Growth,Long,4903100.4,,https://www.tradingview.com/chart/?symbol=AMEX%3AVUG,False,,-27.768927356647136,-27.768927356647136,87.23999786376953,69.98749542236328,74.77888671875,0.8497720858745852,28.280061514166803,49.877511468651086,True,False,False,False,,
8,IEFA,IEFA,AMEX:IEFA,US,iShares Core MSCI EAFE ETF,196.629,Foreign Large Blend,Long,6945021.05,,https://www.tradingview.com/chart/?symbol=AMEX%3AIEFA,False,,-38.30236631186527,-38.30236631186527,98.5199966430664,87.27999877929688,90.61231942749023,0.7960336882009708,56.85411924511774,70.01319054405003,True,False,False,False,,
9,VTV,VTV,AMEX:VTV,US,Vanguard Morningstar Value ETF,193.784,Large Value,Long,2362488.25,,https://www.tradingview.com/chart/?symbol=AMEX%3AVTV,False,,-42.32157505474115,-42.32157505474115,222.3249969482422,193.05999755859375,201.1949178466797,0.8489990819052105,49.533788591215036,78.44132137782464,True,False,False,False,,
10,VXUS,VXUS,AMEX:VXUS,US,Vanguard Total International Stock ETF,166.881,Foreign Large Blend,Long,4723841.9,,https://www.tradingview.com/chart/?symbol=AMEX%3AVXUS,False,,-9.599372853228362,-9.599372853228362,86.28500366210938,74.62000274658203,77.8720824584961,0.8465168322839686,45.61486888298458,71.77342583215984,True,False,False,False,,
11,IEMG,IEMG,AMEX:IEMG,US,iShares Core MSCI Emerging Markets ETF,163.85,Diversified Emerging Mkts,Long,8431150.55,,https://www.tradingview.com/chart/?symbol=AMEX%3AIEMG,False,,42.066256193165636,42.066256193165636,81.56999969482422,67.2750015258789,71.73894174194336,0.7557492718496531,34.6858871967462,73.82397687514496,True,False,False,False,,
12,SPYM,SPYM,AMEX:SPYM,US,State Street SPDR Portfolio S&P 500 ETF,157.41,,Long,8278035.9,,https://www.tradingview.com/chart/?symbol=AMEX%3ASPYM,False,,-36.69422236978334,-36.69422236978334,89.20999908447266,74.38999938964844,78.44211895751953,0.8631334464338242,42.315022121645846,69.61435035810393,False,False,False,False,,
13,VGT,VGT,AMEX:VGT,US,Vanguard Information Technology ETF,148.595,Technology,Long,3423389.5,,https://www.tradingview.com/chart/?symbol=AMEX%3AVGT,False,,18.543629115233433,18.543629115233433,119.62999725341797,83.59249877929688,93.54638827514648,0.8544247596317776,35.50471254237905,63.69948597268509,False,False,False,False,,
14,VWO,VWO,AMEX:VWO,US,Vanguard FTSE Emerging Markets ETF,128.892,Diversified Emerging Mkts,Long,5896685.8,,https://www.tradingview.com/chart/?symbol=AMEX%3AVWO,False,,8.442214632500054,8.442214632500054,59.93000030517578,52.40999984741211,54.54412426757813,0.8315916781900511,43.51956972504217,66.24375226257449,True,False,False,False,,
15,IWF,IWF,AMEX:IWF,US,iShares Russell 1000 Growth ETF,125.575,Large Growth,Long,3223898.0,,https://www.tradingview.com/chart/?symbol=AMEX%3AIWF,False,,-11.787107647406586,-11.787107647406586,121.29000091552734,102.73999786376953,108.87835836791992,0.7131872944338864,7.47893148440622,45.34799748920708,True,False,False,False,,
16,IJH,IJH,AMEX:IJH,US,iShares Core S&P Mid-Cap ETF,123.821,Mid-Cap Blend,Long,5643079.85,,https://www.tradingview.com/chart/?symbol=AMEX%3AIJH,False,,-50.325112101357085,-50.325112101357085,73.8499984741211,65.5999984741211,68.68451840209961,0.6312165411348126,6.560703535562457,72.01697274881055,True,False,False,False,,
17,XLK,XLK,AMEX:XLK,US,State Street Technology Select Sector SPDR ETF,122.009,Technology,Long,6010274.85,,https://www.tradingview.com/chart/?symbol=AMEX%3AXLK,False,,28.161795770935267,30.069936392775634,185.2100067138672,127.51000213623047,144.19284091186523,0.8162400454417953,23.32468692195396,74.17682033554185,False,False,False,False,,
18,VIG,VIG,AMEX:VIG,US,Vanguard Dividend Appreciation ETF,112.791,Large Blend,Long,866170.8,,https://www.tradingview.com/chart/?symbol=AMEX%3AVIG,False,,-76.34894752843068,-76.34894752843068,237.75999450683594,210.69000244140625,219.15768359375,0.7544589849929745,34.24009026595603,70.11637146994356,True,False,False,False,,
19,SCHD,SCHD,AMEX:SCHD,US,Schwab US Dividend Equity ETF,112.566,Large Value,Long,22873899.35,,https://www.tradingview.com/chart/?symbol=AMEX%3ASCHD,False,,-64.67528115001323,-64.67528115001323,33.9900016784668,30.375499725341797,31.51526222229004,0.7484212397069568,67.24088216292343,75.66152766270277,True,False,False,False,,
20,IJR,IJR,AMEX:IJR,US,iShares Core S&P Small Cap ETF,109.957,Small Blend,Long,2462353.6,,https://www.tradingview.com/chart/?symbol=AMEX%3AIJR,False,,-65.24153471642234,-65.24153471642234,141.47500610351562,120.4000015258789,127.48707943725586,0.701798561059691,2.7348028171546193,75.1443212162759,True,False,False,False,,
21,VO,VO,AMEX:VO,US,Vanguard Morningstar Mid-Cap ETF,107.824,Mid-Cap Blend,Long,2158324.2,,https://www.tradingview.com/chart/?symbol=AMEX%3AVO,False,,-57.251758174415784,-57.251758174415784,80.40499877929688,70.23249816894531,73.5937282409668,0.7142355901270253,34.05067395479623,67.33851429698463,True,False,False,False,,
22,QQQM,QQQM,AMEX:QQQM,US,Invesco NASDAQ 100 ETF,105.077,Large Growth,Long,2476964.95,,https://www.tradingview.com/chart/?symbol=AMEX%3AQQQM,False,,0.23240712693588014,0.23240712693588014,291.7799987792969,229.88999938964844,248.1363363647461,0.800491620640962,9.171105091786075,69.03153209696866,True,False,False,False,,
23,RSP,RSP,AMEX:RSP,US,Invesco S&P 500 Equal Weight ETF,100.922,Large Blend,Long,5559336.2,,https://www.tradingview.com/chart/?symbol=AMEX%3ARSP,False,,-79.11696234099493,-79.11696234099493,213.1699981689453,188.07000732421875,196.25566674804688,0.7236555459554198,42.1934548528097,75.35659277705264,True,False,False,False,,
24,ITOT,ITOT,AMEX:ITOT,US,iShares Core S&P Total U.S. Stock Market ETF,97.071,Large Blend,Long,1431655.1,,https://www.tradingview.com/chart/?symbol=AMEX%3AITOT,False,,-39.75549498732662,-39.75549498732662,165.75999450683594,138.30999755859375,145.9516787109375,0.847745299841286,39.40673333581705,69.87291847051297,False,False,False,False,,
25,IWD,IWD,AMEX:IWD,US,iShares Russell 1000 Value ETF,84.061,Large Value,Long,1501150.05,,https://www.tradingview.com/chart/?symbol=AMEX%3AIWD,False,,-56.91158139353428,-56.91158139353428,253.32000732421875,209.42999267578125,221.21819555664064,0.8786787572047738,50.88197246534185,82.28681342093367,True,False,False,False,,
26,VYM,VYM,AMEX:VYM,US,Vanguard High Dividend Yield Index ETF,83.276,Large Value,Long,1028885.45,,https://www.tradingview.com/chart/?symbol=AMEX%3AVYM,False,,-64.51028847998445,-64.51028847998445,161.77999877929688,145.1699981689453,150.32895831298828,0.7598353223506352,39.61786652198494,72.63847801245281,False,False,False,False,,
27,VT,VT,AMEX:VT,US,Vanguard Total World Stock ETF,82.541,Global Large-Stock Blend,Long,2010584.65,,https://www.tradingview.com/chart/?symbol=AMEX%3AVT,False,,-28.561532874224326,-28.561532874224326,158.5399932861328,134.19000244140625,140.84402056884767,0.8636282212181382,44.40300053840349,70.27505793591253,True,False,False,False,,
28,IWM,IWM,AMEX:IWM,US,iShares Russell 2000 ETF,80.508,Small Blend,Long,16947349.7,,https://www.tradingview.com/chart/?symbol=AMEX%3AIWM,False,,-54.23057677477694,-54.23057677477694,287.739990234375,239.60000610351562,255.05328149414063,0.735186293371513,9.272110982334087,72.32012497859452,True,False,False,False,,
29,VB,VB,AMEX:VB,US,Vanguard Morningstar Small-Cap ETF,80.365,Small Blend,Long,448941.7,,https://www.tradingview.com/chart/?symbol=AMEX%3AVB,False,,-67.84037980566181,-67.84037980566181,291.0299987792969,253.85000610351562,266.9196872558594,0.6713613109001417,20.34640693325951,72.02978429581403,True,False,False,False,,
30,EFA,EFA,AMEX:EFA,US,iShares MSCI EAFE ETF,79.617,Foreign Large Blend,Long,8936537.35,,https://www.tradingview.com/chart/?symbol=AMEX%3AEFA,False,,-38.45703446586282,-38.45703446586282,105.66999816894531,93.5999984741211,97.18955825805664,0.7935568981819368,54.55667769196237,70.26630086142241,True,False,False,False,,
31,IVW,IVW,AMEX:IVW,US,iShares S&P 500 Growth ETF,77.267,Large Growth,Long,1274009.7,,https://www.tradingview.com/chart/?symbol=AMEX%3AIVW,False,,-17.691016148179735,-17.691016148179735,138.19000244140625,108.69000244140625,116.71400244140625,0.8676470588235294,28.42506301010396,64.80700784277343,False,False,False,False,,
32,SCHX,SCHX,AMEX:SCHX,US,Schwab U.S. Large-Cap ETF,74.481,Large Blend,Long,6339939.05,,https://www.tradingview.com/chart/?symbol=AMEX%3ASCHX,False,,-39.34898590947784,-39.34898590947784,29.854999542236328,24.90999984741211,26.276440063476564,0.8540585341813951,42.028444680902226,67.98936136072014,True,False,False,False,,
33,VEU,VEU,AMEX:VEU,US,Vanguard FTSE All-World ex-US Index Fund,71.053,Foreign Large Blend,Long,2277116.15,,https://www.tradingview.com/chart/?symbol=AMEX%3AVEU,False,,-9.024313826101876,-9.024313826101876,84.30999755859375,72.75499725341797,75.97757876586914,0.8462098046194272,46.424128775671505,72.20698246831762,True,False,False,False,,
34,SCHF,SCHF,AMEX:SCHF,US,Schwab International Equity ETF,70.289,Foreign Large Blend,Long,6697863.8,,https://www.tradingview.com/chart/?symbol=AMEX%3ASCHF,False,,-15.75006960878091,-15.75006960878091,27.8799991607666,23.959999084472656,25.05267933654785,0.846652088978823,46.586499758906164,71.20805315257013,False,False,False,False,,
35,SMH,SMH,AMEX:SMH,US,VanEck Semiconductor ETF,68.996,Technology,Long,6750803.0,,https://www.tradingview.com/chart/?symbol=AMEX%3ASMH,False,,10.683496766657433,32.33906991110525,560.3599853515625,362.5690002441406,434.7899625244141,0.6463313560431673,-23.841265441205397,81.59136329943789,False,False,False,False,,
36,SCHG,SCHG,AMEX:SCHG,US,Schwab U.S. Large-Cap Growth ETF,62.427,Large Growth,Long,6403379.35,,https://www.tradingview.com/chart/?symbol=AMEX%3ASCHG,False,,-48.84776482928061,-48.84776482928061,34.85499954223633,28.100000381469727,29.951420219421387,0.8610579671138543,42.56489145120987,54.419826550450715,True,False,False,False,,
37,IXUS,IXUS,AMEX:IXUS,US,iShares Core MSCI Total International Stock ETF,61.154,Foreign Large Blend,Long,1711203.8,,https://www.tradingview.com/chart/?symbol=AMEX%3AIXUS,False,,-10.200342248417924,-10.200342248417924,96.2699966430664,83.73500061035156,87.26202053833008,0.8387418058667467,46.485099085146395,72.02219319984675,True,False,False,False,,
38,IWR,IWR,AMEX:IWR,US,iShares Russell Midcap ETF,56.98,Mid-Cap Blend,Long,1081359.95,,https://www.tradingview.com/chart/?symbol=AMEX%3AIWR,False,,-66.51406273863188,-66.51406273863188,108.93000030517578,94.72000122070312,99.46832006835938,0.7062625513429558,33.661597759110386,74.01360813260666,False,False,False,False,,
39,XLF,XLF,AMEX:XLF,US,State Street Financial Select Sector SPDR ETF,55.333,Financial,Long,28267865.4,,https://www.tradingview.com/chart/?symbol=AMEX%3AXLF,False,,-43.1751739684226,-43.1751739684226,56.880001068115234,47.79999923706055,50.33511137390137,0.8452803333580734,47.24478161332865,54.70373926338764,False,False,False,False,,
40,SPYG,SPYG,AMEX:SPYG,US,State Street SPDR Portfolio S&P 500 Growth ETF,54.676,Large Growth,Long,1937375.2,,https://www.tradingview.com/chart/?symbol=AMEX%3ASPYG,False,,-17.611251011251223,-17.611251011251223,119.66000366210938,94.08999633789062,101.04019741821288,0.8682513870858852,28.612670268376718,64.97785238815818,False,False,False,False,,
41,VV,VV,AMEX:VV,US,Vanguard Morningstar Large-Cap ETF,54.571,Large Blend,Long,202690.75,,https://www.tradingview.com/chart/?symbol=AMEX%3AVV,False,,-34.13999462985421,-34.13999462985421,349.45001220703125,290.3500061035156,306.4027235107422,0.868862329449019,42.53857077021179,69.21864134102192,False,False,False,False,,
42,IVE,IVE,AMEX:IVE,US,iShares S&P 500 Value ETF,50.167,Large Value,Long,467621.75,,https://www.tradingview.com/chart/?symbol=AMEX%3AIVE,False,,-60.705111069688996,-60.705111069688996,233.25,207.47000122070312,214.84424499511718,0.825044560233227,53.61469001802826,72.20377485313632,False,False,False,False,,
43,DFAC,DFAC,AMEX:DFAC,US,Dimensional U.S. Core Equity 2 ETF,49.563,Large Blend,Long,1774320.9,,https://www.tradingview.com/chart/?symbol=AMEX%3ADFAC,False,,-43.234079086148974,-43.234079086148974,44.83000183105469,37.810001373291016,39.80184104919434,0.8317537440762578,42.896009617662564,72.40481622519597,False,False,False,False,,
44,IWB,IWB,AMEX:IWB,US,iShares Russell 1000 ETF,49.368,Large Blend,Long,449975.55,,https://www.tradingview.com/chart/?symbol=AMEX%3AIWB,False,,-39.296909917918484,-39.296909917918484,414.375,346.6700134277344,365.4084119873047,0.8527077049972346,41.5687640737522,69.38519955892838,True,False,False,False,,
45,QUAL,QUAL,AMEX:QUAL,US,iShares MSCI USA Quality Factor ETF,47.541,Large Blend,Long,724596.45,,https://www.tradingview.com/chart/?symbol=AMEX%3AQUAL,False,,-64.40862781106067,-64.40862781106067,218.44000244140625,186.52000427246094,196.10160211181642,0.7862070287410255,35.2778967091241,71.71880970994165,False,False,False,False,,
46,DIA,DIA,AMEX:DIA,US,State Street SPDR Dow Jones Industrial Average ETF Trust,46.42,Large Value,Long,2882949.55,,https://www.tradingview.com/chart/?symbol=AMEX%3ADIA,False,,-53.18242612242606,-53.18242612242606,520.7849731445312,451.3550109863281,473.3561124267578,0.7447568529103571,35.59576536626812,72.21647599294818,True,False,False,False,,
47,VONG,VONG,AMEX:VONG,US,Vanguard Russell 1000 Growth ETF,46.22,Large Growth,Long,852084.1,,https://www.tradingview.com/chart/?symbol=AMEX%3AVONG,False,,-11.582699709766594,-11.582699709766594,124.87000274658203,105.7300033569336,112.05480227661133,0.7141792036903502,7.9333085638702245,49.178919621335325,False,False,False,False,,
48,JEPI,JEPI,AMEX:JEPI,US,JPMorgan Equity Premium Income ETF,46.091,Derivative Income,Long,4378934.3,,https://www.tradingview.com/chart/?symbol=AMEX%3AJEPI,False,,-74.6815289832265,-74.6815289832265,56.2599983215332,55.27000045776367,56.172700637817385,0.25882291929498424,47.12881526674278,60.48345767883057,False,False,False,False,,
49,SCHB,SCHB,AMEX:SCHB,US,Schwab U.S. Broad Market ETF,44.843,Large Blend,Long,5337629.15,,https://www.tradingview.com/chart/?symbol=AMEX%3ASCHB,False,,-39.87551476167548,-39.87551476167548,29.219999313354492,24.389999389648438,25.734019317626952,0.8481124113308907,39.45598512186649,68.35865191130762,True,False,False,False,,
50,XLV,XLV,AMEX:XLV,US,State Street Health Care Select Sector SPDR ETF,44.505,Health,Long,7535099.3,,https://www.tradingview.com/chart/?symbol=AMEX%3AXLV,False,,-60.991920913948384,-60.991920913948384,165.6699981689453,142.56500244140625,150.38486114501953,0.6972989152834286,60.45023386294721,59.17250364040988,False,False,False,False,,
51,DGRO,DGRO,AMEX:DGRO,US,iShares Core Dividend Growth ETF,43.59,Large Value,Long,1205039.15,,https://www.tradingview.com/chart/?symbol=AMEX%3ADGRO,False,,-68.37975382429111,-68.37975382429111,77.79000091552734,68.8949966430664,71.54763793945312,0.791370100118785,43.27725743807474,73.94168401791842,False,False,False,False,,
52,SOXX,SOXX,AMEX:SOXX,US,iShares Semiconductor ETF,42.612,Technology,Long,7059654.95,,https://www.tradingview.com/chart/?symbol=AMEX%3ASOXX,False,,-7.431594627280108,29.557408500299655,517.3499755859375,309.7900085449219,391.28104333496094,0.6010986649990018,-33.17507919725997,84.76070817625093,False,False,False,False,,
53,SPDW,SPDW,AMEX:SPDW,US,State Street SPDR Portfolio Developed World ex-US ETF,42.462,Foreign Large Blend,Long,2364130.55,,https://www.tradingview.com/chart/?symbol=AMEX%3ASPDW,False,,-18.253926543408497,-18.253926543408497,50.98500061035156,44.209999084472656,46.12395922851562,0.8353885346483612,49.26560092097696,73.35922908585296,True,False,False,False,,
54,JEPQ,JEPQ,AMEX:JEPQ,US,JPMorgan NASDAQ Equity Premium Income ETF,42.441,Derivative Income,Long,5575682.5,,https://www.tradingview.com/chart/?symbol=AMEX%3AJEPQ,False,,0.155898937492046,0.155898937492046,59.29999923706055,53.77000045776367,55.584840133666994,0.7191157044020821,37.97530399645186,66.37112491250332,False,False,False,False,,
55,XLE,XLE,AMEX:XLE,US,State Street Energy Select Sector SPDR ETF,42.113,Equity Energy,Long,25136576.85,,https://www.tradingview.com/chart/?symbol=AMEX%3AXLE,False,,33.62045595770868,47.29831602921055,64.94000244140625,52.81999969482422,55.77353955078125,0.9684381412440882,64.51492080425004,75.9367869009761,False,False,False,False,,
56,DYNF,DYNF,AMEX:DYNF,US,iShares U.S. Equity Factor Rotation Active ETF,41.834,Large Blend,Long,1659228.3,,https://www.tradingview.com/chart/?symbol=AMEX%3ADYNF,False,,-6.5799557382689615,-6.5799557382689615,69.15499877929688,56.43000030517578,59.7104006652832,0.9154674156279622,48.92945240522612,70.4631115910846,False,False,False,False,,
57,CGDV,CGDV,AMEX:CGDV,US,Capital Group Dividend Value ETF,38.955,Large Value,Long,3070981.45,,https://www.tradingview.com/chart/?symbol=AMEX%3ACGDV,False,,-51.521095579724296,-51.521095579724296,49.165000915527344,41.470001220703125,43.819380752563475,0.7729785261815505,27.436351963297387,71.59102662506523,False,False,False,False,,
58,VNQ,VNQ,AMEX:VNQ,US,Vanguard Real Estate ETF,38.016,Real Estate,Long,2810927.75,,https://www.tradingview.com/chart/?symbol=AMEX%3AVNQ,False,,-69.5340246548433,-69.5340246548433,94.11499786376953,86.98999786376953,90.43087829589844,0.48868306619990265,-20.885263111334357,76.0635457730952,False,False,False,False,,
59,VBR,VBR,AMEX:VBR,US,Vanguard Morningstar Small-Cap Value ETF,37.526,Small Value,Long,275114.5,,https://www.tradingview.com/chart/?symbol=AMEX%3AVBR,False,,-64.29418865934494,-64.29418865934494,240.32000732421875,212.08999633789062,221.42143835449218,0.7139606698429434,25.228393142784725,73.08457429281988,False,False,False,False,,
60,SPYV,SPYV,AMEX:SPYV,US,State Street SPDR Portfolio S&P 500 Value ETF,36.839,Large Value,Long,1420567.55,,https://www.tradingview.com/chart/?symbol=AMEX%3ASPYV,False,,-60.414087767115554,-60.414087767115554,62.470001220703125,55.58000183105469,57.5529610748291,0.8241629223147555,53.75819577595757,72.2892578823551,False,False,False,False,,
61,TQQQ,TQQQ,AMEX:TQQQ,US,ProShares UltraPro QQQ,35.929,Trading--Leveraged Equity,3X Long,46665537.9,,https://www.tradingview.com/chart/?symbol=AMEX%3ATQQQ,False,,-5.026630416287648,-5.026630416287648,69.20999908447266,37.88999938964844,49.53069866943359,0.6349721567684837,-7.781956975269562,64.1695300817587,False,False,False,False,,
62,MGK,MGK,AMEX:MGK,US,Vanguard Morningstar Mega Cap Growth ETF,33.608,Large Growth,Long,1046912.1,,https://www.tradingview.com/chart/?symbol=AMEX%3AMGK,False,,-17.559929292907487,-17.559929292907487,89.11499786376953,70.68400573730469,75.7287398071289,0.862228629228273,33.577548643290356,45.29474336213968,False,False,False,False,,
63,IUSG,IUSG,AMEX:IUSG,US,iShares Core S&P U.S. Growth ETF,33.336,Large Growth,Long,462130.0,,https://www.tradingview.com/chart/?symbol=AMEX%3AIUSG,False,,-19.95157845022047,-19.95157845022047,188.61000061035156,149.15499877929688,160.00273791503906,0.8583706075166265,27.09858582156694,65.52867330383643,False,False,False,False,,
64,ACWI,ACWI,AMEX:ACWI,US,iShares MSCI ACWI ETF,33.113,Global Large-Stock Blend,Long,1869786.35,,https://www.tradingview.com/chart/?symbol=AMEX%3AACWI,False,,-25.10597022712409,-25.10597022712409,158.85000610351562,134.25999450683594,140.91165753173829,0.8724498993846139,45.09200294246602,70.41241211785383,True,False,False,False,,
65,IDEV,IDEV,AMEX:IDEV,US,iShares Core MSCI International Developed Markets ETF,32.932,Foreign Large Blend,Long,1870726.1,,https://www.tradingview.com/chart/?symbol=AMEX%3AIDEV,False,,-38.6103418809445,-38.6103418809445,91.02999877929688,80.58000183105469,83.70582067871094,0.7889770328930997,58.54281107207502,70.04931397826483,False,False,False,False,,
66,EFV,EFV,AMEX:EFV,US,iShares MSCI EAFE Value ETF,32.15,Foreign Large Value,Long,1640948.25,,https://www.tradingview.com/chart/?symbol=AMEX%3AEFV,False,,-14.410971438016995,-14.410971438016995,81.37999725341797,71.16000366210938,73.99672286987305,0.8502492883143921,60.62370448759791,71.99538272831391,False,False,False,False,,
67,EEM,EEM,AMEX:EEM,US,iShares MSCI Emerging Markets ETF,31.971,Diversified Emerging Mkts,Long,15836071.25,,https://www.tradingview.com/chart/?symbol=AMEX%3AEEM,False,,44.14835935767957,44.14835935767957,67.01000213623047,54.67499923706055,58.603219345092775,0.7410635361933288,34.3748092905576,74.69641427332259,True,False,False,False,,
68,XLI,XLI,AMEX:XLI,US,State Street Industrial Select Sector SPDR ETF,31.888,Industrials,Long,6528465.9,,https://www.tradingview.com/chart/?symbol=AMEX%3AXLI,False,,-56.6826942629559,-56.6826942629559,170.52000427246094,156.66000366210938,163.87098193359375,0.4536083761308636,-16.896938020326456,67.40891014248068,False,False,False,False,,
69,AVUV,AVUV,AMEX:AVUV,US,Avantis U.S. Small Cap Value ETF,31.856,Small Value,Long,1225791.95,,https://www.tradingview.com/chart/?symbol=AMEX%3AAVUV,False,,-37.85864945634346,-37.85864945634346,123.80999755859375,106.06999969482422,111.46024063110352,0.7767073022044737,18.022272511223175,74.57564332447505,False,False,False,False,,
70,VXF,VXF,AMEX:VXF,US,Vanguard Extended Market ETF,31.308,Mid-Cap Blend,Long,296304.5,,https://www.tradingview.com/chart/?symbol=AMEX%3AVXF,False,,-44.18029363556741,-44.18029363556741,236.0449981689453,198.97999572753906,211.16231817626954,0.7180355480644369,16.222898686327884,70.99011057879818,True,False,False,False,,
71,VGK,VGK,AMEX:VGK,US,Vanguard FTSE Europe ETF,31.133,Europe Stock,Long,1672988.45,,https://www.tradingview.com/chart/?symbol=AMEX%3AVGK,False,,-62.17561694268628,-62.17561694268628,89.41999816894531,79.19999694824219,82.49809838867188,0.7313056713536696,48.58438323302013,67.77256847278163,False,False,False,False,,
72,GDX,GDX,AMEX:GDX,US,VanEck Gold Miners ETF,30.265,Equity Precious Metals,Long,25081121.6,,https://www.tradingview.com/chart/?symbol=AMEX%3AGDX,False,,-12.29463592360104,-12.29463592360104,96.05000305175781,70.73999786376953,79.03539822387695,0.7200570153419195,51.46737498496367,43.53316236394395,False,False,False,False,,
73,EWY,EWY,AMEX:EWY,US,iShares MSCI South Korea ETF,28.967,Focused Region,Long,14084983.55,,https://www.tradingview.com/chart/?symbol=AMEX%3AEWY,False,,49.85378374475321,52.785767500507376,182.72999572753906,115.7699966430664,140.44615786743165,0.6403978171585337,19.514458263289956,80.43366457991124,False,False,False,False,,
74,AVEM,AVEM,AMEX:AVEM,US,Avantis Emerging Markets Equity ETF,28.726,Diversified Emerging Mkts,Long,1616709.6,,https://www.tradingview.com/chart/?symbol=AMEX%3AAVEM,False,,36.26452658315455,36.26452658315455,94.16000366210938,77.76010131835938,83.07609530639648,0.7280627031999537,34.41251648915448,73.41614833776963,False,False,False,False,,
75,FNDX,FNDX,AMEX:FNDX,US,Schwab Fundamental U.S. Large Company ETF,27.895,Large Value,Long,2555669.1,,https://www.tradingview.com/chart/?symbol=AMEX%3AFNDX,False,,-36.536674013368845,-36.536674013368845,32.185001373291016,27.309999465942383,28.605450355529786,0.8881081169358019,55.390519557145005,75.10771154428335,False,False,False,False,,
76,IUSV,IUSV,AMEX:IUSV,US,iShares Core S&P US Value ETF,27.757,Large Value,Long,527471.9,,https://www.tradingview.com/chart/?symbol=AMEX%3AIUSV,False,,-61.78616953345564,-61.78616953345564,112.88999938964844,100.43000030517578,104.01193661499023,0.8209413930332753,51.69854548179499,72.32681023342339,False,False,False,False,,
77,VOOG,VOOG,AMEX:VOOG,US,Vanguard S&P 500 Growth ETF,27.271,Large Growth,Long,1003953.25,,https://www.tradingview.com/chart/?symbol=AMEX%3AVOOG,False,,-17.298703012459985,-17.298703012459985,83.08000183105469,65.32833099365234,70.15138473510743,0.8686186267464324,28.688604462722623,58.43468814866992,False,False,False,False,,
78,MDY,MDY,AMEX:MDY,US,State Street SPDR S&P MIDCAP 400 ETF Trust,26.567,Mid-Cap Blend,Long,446235.3,,https://www.tradingview.com/chart/?symbol=AMEX%3AMDY,False,,-50.85293234839916,-50.85293234839916,673.3900146484375,599.0750122070312,626.8982224121094,0.6303492820167417,6.189521628115425,71.83552130213434,True,False,False,False,,
79,FNDF,FNDF,AMEX:FNDF,US,Schwab Fundamental International Equity ETF,26.322,Foreign Large Value,Long,1807914.05,,https://www.tradingview.com/chart/?symbol=AMEX%3AFNDF,False,,5.281038235121107,5.281038235121107,55.27000045776367,47.13999938964844,49.30647946166992,0.8856210019439165,66.28178963450345,75.94440674338097,False,False,False,False,,
80,RDVY,RDVY,AMEX:RDVY,US,First Trust Rising Dividend Achievers ETF,25.697,Large Value,Long,1020926.8,,https://www.tradingview.com/chart/?symbol=AMEX%3ARDVY,False,,-51.82370056043724,-51.82370056043724,79.95500183105469,66.41500091552734,70.5438215637207,0.7739353409460099,27.695595675073406,76.95269558195261,False,False,False,False,,
82,CGGR,CGGR,AMEX:CGGR,US,Capital Group Growth ETF,25.648,Large Growth,Long,2315423.8,,https://www.tradingview.com/chart/?symbol=AMEX%3ACGGR,False,,-16.374200026099036,-16.374200026099036,46.3650016784668,38.75,40.912940216064456,0.8308784416557408,24.537381593628893,51.55492174513504,False,False,False,False,,
83,EMXC,EMXC,AMEX:EMXC,US,iShares MSCI Emerging Markets ex China ETF,25.486,Diversified Emerging Mkts,Long,1597490.4,,https://www.tradingview.com/chart/?symbol=AMEX%3AEMXC,False,,59.503566285223165,59.503566285223165,99.19999694824219,75.48500061035156,82.84348068237304,0.7605835826099723,35.0407253351048,79.62582127561761,False,False,False,False,,
84,XIC,XIC.TO,TSX:XIC,TSX,iShares Core S&P/TSX Capped Composite Index ETF,25.141,Total Market,Long,496767.5,,https://www.tradingview.com/chart/?symbol=TSX%3AXIC,False,,-44.28717039322755,-44.28717039322755,56.83000183105469,50.119998931884766,52.23927882385254,0.7472163965722097,53.94062235151936,70.87226846550556,True,False,False,False,,
85,IYW,IYW,AMEX:IYW,US,iShares U.S. Technology ETF,25.124,Technology,Long,464096.5,,https://www.tradingview.com/chart/?symbol=AMEX%3AIYW,False,,23.035297239703194,23.035297239703194,250.3699951171875,173.5500030517578,193.9639994506836,0.8880925504814634,30.00401152724775,71.96614300369073,False,False,False,False,,
86,MTUM,MTUM,AMEX:MTUM,US,iShares MSCI USA Momentum Factor ETF,24.803,Large Blend,Long,677646.35,,https://www.tradingview.com/chart/?symbol=AMEX%3AMTUM,False,,-1.4188731552111367,33.316559023896865,303.239990234375,230.82000732421875,257.87504357910154,0.6317166166691912,-28.16568729453463,74.55875768093269,False,False,False,False,,
87,VOE,VOE,AMEX:VOE,US,Vanguard Morningstar Mid-Cap Value ETF,24.42,Mid-Cap Value,Long,280431.9,,https://www.tradingview.com/chart/?symbol=AMEX%3AVOE,False,,-48.51355103346604,-48.51355103346604,203.91000366210938,180.9499969482422,188.03943896484375,0.764314253757044,44.01292670782693,76.75794984691669,False,False,False,False,,
88,USMV,USMV,AMEX:USMV,US,iShares MSCI USA Min Vol Factor ETF,24.118,Large Blend,Long,1453280.6,,https://www.tradingview.com/chart/?symbol=AMEX%3AUSMV,False,,-64.87423099128318,-64.87423099128318,98.9800033569336,91.16000366210938,93.72060330200195,0.7207374004223239,63.04376396196451,68.02440484955115,False,False,False,False,,
89,DVY,DVY,AMEX:DVY,US,iShares Select Dividend ETF,23.742,Mid-Cap Value,Long,288560.85,,https://www.tradingview.com/chart/?symbol=AMEX%3ADVY,False,,-43.020945604641554,-43.020945604641554,161.6999969482422,145.9499969482422,150.62397882080077,0.7952534052010068,45.92988536359574,74.02788687192937,False,False,False,False,,
90,VBK,VBK,AMEX:VBK,US,Vanguard Morningstar Small-Cap Growth ETF,23.685,Small Growth,Long,177359.7,,https://www.tradingview.com/chart/?symbol=AMEX%3AVBK,False,,-63.16705506739206,-63.16705506739206,337.8900146484375,289.6099853515625,307.7041085205078,0.6297120234937944,1.2733352287889879,69.98189105790293,False,False,False,False,,
91,EWJ,EWJ,AMEX:EWJ,US,iShares MSCI Japan ETF,23.506,Japan Stock,Long,3586266.25,,https://www.tradingview.com/chart/?symbol=AMEX%3AEWJ,False,,24.599035239350133,24.599035239350133,96.44999694824219,81.19999694824219,85.29433731079102,0.8790182743282079,45.98844721586303,75.60709916247252,True,False,False,False,,
92,SCHA,SCHA,AMEX:SCHA,US,Schwab U.S. Small-Cap ETF,22.93,Small Blend,Long,2616628.35,,https://www.tradingview.com/chart/?symbol=AMEX%3ASCHA,False,,-18.53344434392668,-18.53344434392668,33.63999938964844,28.079999923706055,29.98215979766846,0.6898262821773403,-1.0737450301615528,72.32483088632894,False,False,False,False,,
93,SPMO,SPMO,AMEX:SPMO,US,Invesco S&P 500 Momentum ETF,22.756,Large Blend,Long,1655237.45,,https://www.tradingview.com/chart/?symbol=AMEX%3ASPMO,False,,18.580551424883435,31.655612870182992,147.44000244140625,107.86000061035156,120.54027960205079,0.7366462865875149,-5.92973939073602,74.51164701088948,False,False,False,False,,
94,XLC,XLC,AMEX:XLC,US,State Street Communication Services Select Sector SPDR ETF,22.667,Communications,Long,4128262.0,,https://www.tradingview.com/chart/?symbol=AMEX%3AXLC,False,,-31.230069005570233,-31.230069005570233,111.47000122070312,105.38999938964844,108.61847946166992,0.4444445683787258,24.58471481700413,20.50729075655605,False,False,False,False,,
95,DFIV,DFIV,AMEX:DFIV,US,Dimensional International Value ETF,22.446,Foreign Large Value,Long,1087696.4,,https://www.tradingview.com/chart/?symbol=AMEX%3ADFIV,False,,2.2875058965824073,2.2875058965824073,58.02000045776367,50.79999923706055,52.77649923706055,0.8620896979944029,63.199277592469606,71.9785975127504,False,False,False,False,,
96,XLU,XLU,AMEX:XLU,US,State Street Utilities Select Sector SPDR ETF,22.359,Utilities,Long,19658230.6,,https://www.tradingview.com/chart/?symbol=AMEX%3AXLU,False,,3.374623082280651,5.124543288437856,42.53499984741211,42.17499923706055,43.43995938110351,0.06716428532793582,-55.96326575585571,38.52171872291161,False,True,False,False,,
97,VONV,VONV,AMEX:VONV,US,Vanguard Russell 1000 Value ETF,22.314,Large Value,Long,563540.05,,https://www.tradingview.com/chart/?symbol=AMEX%3AVONV,False,,-56.79851409974151,-56.79851409974151,111.0999984741211,91.83999633789062,97.0095778503418,0.8792511527679143,50.877130297878644,82.25913749275632,False,False,False,False,,
98,VYMI,VYMI,AMEX:VYMI,US,Vanguard International High Dividend Yield ETF,22.12,Foreign Large Value,Long,809480.5,,https://www.tradingview.com/chart/?symbol=AMEX%3AVYMI,False,,-3.068026726796191,-3.068026726796191,104.73500061035156,90.5770034790039,94.50711145019531,0.8501769792307108,65.89695755188747,73.49418875847213,False,False,False,False,,
99,XLY,XLY,AMEX:XLY,US,State Street Consumer Discretionary Select Sector SPDR ETF,21.972,Consumer Cyclical,Long,5333676.6,,https://www.tradingview.com/chart/?symbol=AMEX%3AXLY,False,,-69.43192031815714,-69.43192031815714,111.95999908447266,105.6500015258789,109.52748159790039,0.38405340483201167,-12.53585347993849,24.627684731448625,False,False,False,False,,
100,AVLV,AVLV,AMEX:AVLV,US,Avantis U.S. Large Cap Value ETF,21.76,Large Value,Long,2716989.25,,https://www.tradingview.com/chart/?symbol=AMEX%3AAVLV,False,,-41.346021692226174,-41.346021692226174,92.90499877929688,78.81999969482422,82.64791998291015,0.86837225798076,49.36969973605869,79.82019955813719,False,False,False,False,,
101,SDY,SDY,AMEX:SDY,US,State Street SPDR S&P Dividend ETF,21.715,Mid-Cap Value,Long,184075.5,,https://www.tradingview.com/chart/?symbol=AMEX%3ASDY,False,,-81.91740173254743,-81.91740173254743,152.375,143.94500732421875,147.55226458740233,0.5515210383771065,31.618349970462873,73.30214993356955,False,False,False,False,,
102,DFUS,DFUS,AMEX:DFUS,US,Dimensional U.S. Equity Market ETF,21.635,Large Blend,Long,487947.15,,https://www.tradingview.com/chart/?symbol=AMEX%3ADFUS,False,,-37.36184167900638,-37.36184167900638,82.68000030517578,68.88999938964844,72.70965881347657,0.8520236636183652,38.41888878822713,69.81031394384365,False,False,False,False,,
103,FTEC,FTEC,AMEX:FTEC,US,Fidelity MSCI Information Technology Index ETF,21.251,Technology,Long,220448.75,,https://www.tradingview.com/chart/?symbol=AMEX%3AFTEC,False,,18.176205983374178,18.176205983374178,285.54998779296875,199.4600067138672,223.2889234008789,0.8526294250607775,34.88916204455058,73.52276171356237,False,False,False,False,,
104,AVDV,AVDV,AMEX:AVDV,US,Avantis International Small Cap Value ETF,20.779,Foreign Small/Mid Value,Long,703701.95,,https://www.tradingview.com/chart/?symbol=AMEX%3AAVDV,False,,-20.469171731757317,-20.469171731757317,110.87000274658203,95.43000030517578,99.79128109741211,0.8354978158385046,57.888155658133314,69.04441716803738,False,False,False,False,,
105,IWV,IWV,AMEX:IWV,US,iShares Russell 3000 ETF,20.483,Large Blend,Long,123942.7,,https://www.tradingview.com/chart/?symbol=AMEX%3AIWV,False,,-40.55708515187313,-40.55708515187313,430.44500732421875,360.1000061035156,379.66322351074217,0.8486037824204442,40.49846043277342,69.69999990660249,True,False,False,False,,
106,OEF,OEF,AMEX:OEF,US,iShares S&P 100 ETF,20.321,Large Blend,Long,195785.4,,https://www.tradingview.com/chart/?symbol=AMEX%3AOEF,False,,-20.976843612870997,-20.976843612870997,377.20001220703125,308.2200012207031,326.19139978027346,0.9058439463579883,44.464126674259525,65.52790783148014,False,False,False,False,,
107,SOXL,SOXL,AMEX:SOXL,US,Direxion Daily Semiconductor Bull 3X ETF,20.257,Trading--Leveraged Equity,3X Long,52949440.0,,https://www.tradingview.com/chart/?symbol=AMEX%3ASOXL,False,,-11.386165635698822,26.232901709399794,115.67500305175781,40.630001068115234,102.03248023986816,0.28843494117884233,-43.35170590644918,78.0267172282034,False,False,False,False,,
108,COWZ,COWZ,AMEX:COWZ,US,Pacer US Cash Cows 100 ETF,19.959,Mid-Cap Value,Long,831648.65,,https://www.tradingview.com/chart/?symbol=AMEX%3ACOWZ,False,,-68.14716154073632,-68.14716154073632,69.25,61.435001373291016,64.01448054504395,0.715004678502586,71.90815311773422,73.42821207807292,False,False,False,False,,
109,BBJP,BBJP,AMEX:BBJP,US,JPMorgan BetaBuilders Japan ETF,19.758,Japan Stock,Long,666684.75,,https://www.tradingview.com/chart/?symbol=AMEX%3ABBJP,False,,23.45359922044173,23.45359922044173,77.78500366210938,66.2699966430664,69.39935714721679,0.8684015960736817,42.8122113713867,73.15972373516911,False,False,False,False,,
110,IWP,IWP,AMEX:IWP,US,iShares Russell Mid-Cap Growth ETF,19.626,Mid-Cap Growth,Long,811008.1,,https://www.tradingview.com/chart/?symbol=AMEX%3AIWP,False,,-43.54035892895421,-43.54035892895421,136.6750030517578,123.62000274658203,129.36306253051757,0.5364701375109456,-3.292180698915216,34.43101380335809,False,False,False,False,,
111,VOT,VOT,AMEX:VOT,US,Vanguard Morningstar Mid-Cap Growth ETF,19.529,Mid-Cap Growth,Long,159724.4,,https://www.tradingview.com/chart/?symbol=AMEX%3AVOT,False,,-55.07476506835217,-55.07476506835217,292.6499938964844,249.52000427246094,264.7077832641602,0.6701886797821209,8.219305374087343,49.923354154259606,False,False,False,False,,
112,VHT,VHT,AMEX:VHT,US,Vanguard Health Care ETF,19.455,Health,Long,207120.15,,https://www.tradingview.com/chart/?symbol=AMEX%3AVHT,False,,-62.5190949485685,-62.5190949485685,311.1499938964844,265.3800048828125,280.50760632324216,0.7140403222389331,59.56730968618083,62.455041154115996,False,False,False,False,,
113,AVDE,AVDE,AMEX:AVDE,US,Avantis International Equity ETF,19.336,Foreign Large Blend,Long,953200.8,,https://www.tradingview.com/chart/?symbol=AMEX%3AAVDE,False,,-39.5135897145359,-39.5135897145359,92.11499786376953,81.56999969482422,84.67340005493165,0.8019009083909986,63.54475192447061,69.14253590808778,False,False,False,False,,
114,SPHQ,SPHQ,AMEX:SPHQ,US,Invesco S&P 500 Quality ETF,18.922,Large Blend,Long,1431862.65,,https://www.tradingview.com/chart/?symbol=AMEX%3ASPHQ,False,,-58.40542960232546,-58.40542960232546,83.7249984741211,73.4800033569336,77.39996170043945,0.6167970768520581,-15.8575407545166,72.95675623609581,False,False,False,False,,
115,SPMD,SPMD,AMEX:SPMD,US,State Street SPDR Portfolio S&P 400 Mid Cap ETF,18.739,Mid-Cap Blend,Long,1306087.0,,https://www.tradingview.com/chart/?symbol=AMEX%3ASPMD,False,,-50.23466376501283,-50.23466376501283,64.7249984741211,57.5,60.198659423828126,0.6318320959055462,6.728005767700421,72.10519755172429,False,False,False,False,,
116,DFAI,DFAI,AMEX:DFAI,US,Dimensional International Core Equity Market ETF,18.389,Foreign Large Blend,Long,1816393.9,,https://www.tradingview.com/chart/?symbol=AMEX%3ADFAI,False,,-38.688515599455094,-38.688515599455094,42.3650016784668,37.665000915527344,39.05386051940918,0.7986409691472901,60.26885196040772,70.02508966174287,False,False,False,False,,
117,ESGU,ESGU,AMEX:ESGU,US,iShares ESG Aware MSCI USA ETF,18.097,Large Blend,Long,351580.65,,https://www.tradingview.com/chart/?symbol=AMEX%3AESGU,False,,-40.38201291301635,-40.38201291301635,165.83999633789062,137.39700317382812,145.1939698486328,0.8609176705102306,41.70313980660121,70.00081173743446,False,False,False,False,,
118,SPEM,SPEM,AMEX:SPEM,US,State Street SPDR Portfolio Emerging Markets ETF,17.929,Diversified Emerging Mkts,Long,1056716.35,,https://www.tradingview.com/chart/?symbol=AMEX%3ASPEM,False,,18.202464858392172,18.202464858392172,52.15999984741211,45.44499969482422,47.32473973083496,0.8430634053919176,46.69744517823386,67.47600642405676,True,False,False,False,,
119,ZSP,ZSP.TO,TSX:ZSP,TSX,BMO S&P 500 Index ETF,17.807,US Equity,Long,102495.6,,https://www.tradingview.com/chart/?symbol=TSX%3AZSP,False,,-47.018666625705315,-47.018666625705315,115.12999725341797,96.7300033569336,102.04236206054688,0.8174144107808015,21.77498382722708,71.57261407606076,True,False,False,False,,
120,VTWO,VTWO,AMEX:VTWO,US,Vanguard Russell 2000 ETF,17.544,Small Blend,Long,1142010.7,,https://www.tradingview.com/chart/?symbol=AMEX%3AVTWO,False,,-54.58756225651271,-54.58756225651271,116.33000183105469,96.77999877929688,103.04579949951172,0.736346546312862,9.83385896077556,72.41937604724684,False,False,False,False,,
121,XEF,XEF.TO,TSX:XEF,TSX,iShares Core MSCI EAFE IMI Index ETF,17.286,Total Market,Long,204264.55,,https://www.tradingview.com/chart/?symbol=TSX%3AXEF,False,,-52.11661950043436,-52.11661950043436,51.34000015258789,45.130001068115234,47.027440383911134,0.7723882243479309,35.861410265231584,72.09379210213073,True,False,False,False,,
122,DGRW,DGRW,AMEX:DGRW,US,WisdomTree US Quality Dividend Growth Fund,17.282,Large Blend,Long,434898.85,,https://www.tradingview.com/chart/?symbol=AMEX%3ADGRW,False,,-35.92182904880577,-35.92182904880577,97.97000122070312,85.6500015258789,89.1144815979004,0.8392370189856544,50.77256710222803,69.22803244286948,False,False,False,False,,
123,EFG,EFG,AMEX:EFG,US,iShares MSCI EAFE Growth ETF,17.001,Foreign Large Growth,Long,28804.4,,https://www.tradingview.com/chart/?symbol=AMEX%3AEFG,False,,-51.60088099488792,-51.60088099488792,120.76000213623047,107.6500015258789,112.26380044555664,0.6705884235325705,20.735649563283218,66.47445449133043,False,False,False,False,,
124,SPSM,SPSM,AMEX:SPSM,US,State Street SPDR Portfolio S&P 600 Small Cap ETF,16.562,Small Blend,Long,1670337.95,,https://www.tradingview.com/chart/?symbol=AMEX%3ASPSM,False,,-64.87625863443645,-64.87625863443645,55.0099983215332,47.0099983215332,49.71927911376953,0.696863907724228,2.6072196258339555,75.20870315477288,False,False,False,False,,
125,XIU,XIU.TO,TSX:XIU,TSX,iShares S&P/TSX 60 Index ETF,16.454,Large Cap,Long,3394011.4,,https://www.tradingview.com/chart/?symbol=TSX%3AXIU,False,,-48.08809965066106,-48.08809965066106,52.560001373291016,46.22999954223633,48.276120010375976,0.7301038503794237,47.37661092687981,72.91326963169202,True,False,False,False,,
126,IWY,IWY,AMEX:IWY,US,iShares Russell Top 200 Growth ETF,15.936,Large Growth,Long,316418.15,,https://www.tradingview.com/chart/?symbol=AMEX%3AIWY,False,,-2.8050040367564364,-2.8050040367564364,284.4800109863281,239.94000244140625,254.6262850341797,0.7157319730299786,9.40348191123669,49.17537019202322,False,False,False,False,,
127,DFUV,DFUV,AMEX:DFUV,US,Dimensional US Marketwide Value ETF,15.855,Large Value,Long,417935.35,,https://www.tradingview.com/chart/?symbol=AMEX%3ADFUV,False,,-35.72041358074345,-35.72041358074345,56.584999084472656,47.5099983215332,49.916019149780276,0.8901419949943107,55.2550558877241,81.43622213752555,False,False,False,False,,
128,SCHV,SCHV,AMEX:SCHV,US,Schwab U.S. Large-Cap Value ETF,15.795,Large Value,Long,2839295.5,,https://www.tradingview.com/chart/?symbol=AMEX%3ASCHV,False,,-27.661182527079262,-27.661182527079262,34.20500183105469,29.90999984741211,31.209180099487305,0.7802000273022784,28.774973771179674,73.95843308734207,True,False,False,False,,
129,IWS,IWS,AMEX:IWS,US,iShares Russell Mid-Cap Value ETF,15.674,Mid-Cap Value,Long,325583.65,,https://www.tradingview.com/chart/?symbol=AMEX%3AIWS,False,,-70.49188189875521,-70.49188189875521,165.7100067138672,142.3300018310547,149.65898010253906,0.7528581676673775,38.78624516821236,79.09275963505662,False,False,False,False,,
130,DFAS,DFAS,AMEX:DFAS,US,Dimensional U.S. Small Cap ETF,15.668,Small Blend,Long,419337.1,,https://www.tradingview.com/chart/?symbol=AMEX%3ADFAS,False,,-60.063740892879196,-60.063740892879196,79.94999694824219,69.19999694824219,72.80607846069336,0.7035337363396198,20.348338964455902,72.91727286939589,False,False,False,False,,
131,DFIC,DFIC,AMEX:DFIC,US,Dimensional International Core Equity 2 ETF,15.558,Foreign Large Blend,Long,1212764.65,,https://www.tradingview.com/chart/?symbol=AMEX%3ADFIC,False,,-33.64465222969368,-33.64465222969368,38.595001220703125,34.279998779296875,35.53433935546875,0.811853331955306,64.69139544596744,69.24594780460318,False,False,False,False,,
132,HDV,HDV,AMEX:HDV,US,iShares Core High Dividend ETF,15.521,Large Value,Long,3980489.25,,https://www.tradingview.com/chart/?symbol=AMEX%3AHDV,False,,-54.684251183789286,-54.684251183789286,29.024999618530273,26.417999267578125,27.244471458435058,0.7444316815872274,65.17203488652814,67.96843856924431,False,False,False,False,,
133,CIBR,CIBR,AMEX:CIBR,US,First Trust NASDAQ Cybersecurity ETF,15.231,Technology,Long,1638809.45,,https://www.tradingview.com/chart/?symbol=AMEX%3ACIBR,False,,-30.698180529949937,-26.84744117861081,94.19000244140625,60.599998474121094,70.41759811401367,0.8074520480615194,38.96562216260225,56.114631811899535,False,False,False,False,,
134,GSLC,GSLC,AMEX:GSLC,US,TR Activebeta US Large Cap Equity ETF,15.153,Large Blend,Long,196846.9,,https://www.tradingview.com/chart/?symbol=AMEX%3AGSLC,False,,-40.39713808903462,-40.39713808903462,144.5050048828125,121.63500213623047,128.03178292846678,0.8437557614517606,45.8553059647497,67.26609260005952,False,False,False,False,,
135,SCHM,SCHM,AMEX:SCHM,US,Schwab U.S. Mid-Cap ETF,15.025,Mid-Cap Blend,Long,1542884.6,,https://www.tradingview.com/chart/?symbol=AMEX%3ASCHM,False,,-27.002888094071903,-27.002888094071903,34.88999938964844,29.975000381469727,31.59986043548584,0.7138705656916057,9.023165964930707,70.83173593904617,False,False,False,False,,
136,DFAT,DFAT,AMEX:DFAT,US,Dimensional U.S. Targeted Value ETF,14.897,Small Value,Long,271444.8,,https://www.tradingview.com/chart/?symbol=AMEX%3ADFAT,False,,-44.3099410965286,-44.3099410965286,69.9800033569336,60.29499816894531,63.23909780883789,0.7763532162412247,27.14962531611357,73.80565885520998,False,False,False,False,,
137,IWO,IWO,AMEX:IWO,US,iShares Russell 2000 Growth ETF,14.704,Small Growth,Long,382951.95,,https://www.tradingview.com/chart/?symbol=AMEX%3AIWO,False,,-55.20998330435808,-55.20998330435808,365.95001220703125,301.0299987792969,323.3319987792969,0.6869842690765542,-3.6179403089271958,69.53169107605491,False,False,False,False,,
138,AVUS,AVUS,AMEX:AVUS,US,Avantis U.S. Equity ETF,14.626,Large Blend,Long,281214.5,,https://www.tradingview.com/chart/?symbol=AMEX%3AAVUS,False,,-36.1713082872783,-36.1713082872783,128.64999389648438,108.0801010131836,113.83375875854492,0.84372323403712,39.738009682997834,73.36809281666557,False,False,False,False,,
139,IWN,IWN,AMEX:IWN,US,iShares Russell 2000 Value ETF,14.61,Small Value,Long,389647.5,,https://www.tradingview.com/chart/?symbol=AMEX%3AIWN,False,,-44.81156679716721,-44.81156679716721,219.0399932861328,183.33999633789062,193.75467749023437,0.8089733287599616,20.561503653381862,74.42473261660871,False,False,False,False,,
140,XLP,XLP,AMEX:XLP,US,State Street Consumer Staples Select Sector SPDR ETF,14.575,Consumer Defensive,Long,9355049.05,,https://www.tradingview.com/chart/?symbol=AMEX%3AXLP,True,2026-09-10 09:30,-78.37616286014065,-77.6557517068685,83.11499786376953,81.03500366210938,82.62210330200195,0.3092928882682008,22.187571819375076,57.77857081314954,False,False,False,False,,
141,BAI,BAI,AMEX:BAI,US,iShares A.I. Innovation and Tech Active ETF,14.422,Technology,Long,2517037.0,,https://www.tradingview.com/chart/?symbol=AMEX%3ABAI,False,,-2.867581854103293,27.79272842515245,44.02000045776367,31.17259979248047,36.61650663757324,0.5569504848783219,-14.744524418813276,,False,False,False,False,,
142,QQQI,QQQI,AMEX:QQQI,US,NEOS Nasdaq 100 High Income ETF,14.379,Derivative Income,Long,3876140.85,,https://www.tradingview.com/chart/?symbol=AMEX%3AQQQI,False,,4.726751088887209,4.726751088887209,54.09000015258789,48.11000061035156,50.3744208984375,0.6232411444964998,18.661785243103825,,False,False,False,False,,
143,PVAL,PVAL,AMEX:PVAL,US,Putnam Focused Large Cap Value ETF,14.243,Large Value,Long,1432213.15,,https://www.tradingview.com/chart/?symbol=AMEX%3APVAL,False,,-57.46873039981881,-57.46873039981881,53.529998779296875,45.470001220703125,47.61757745361328,0.8857238195686913,51.693665397962754,76.79052769076797,False,False,False,False,,
144,QLD,QLD,AMEX:QLD,US,ProShares Ultra QQQ,14.233,Trading--Leveraged Equity,2X Long,3432575.85,,https://www.tradingview.com/chart/?symbol=AMEX%3AQLD,False,,-3.6074350174491805,-3.6074350174491805,88.02999877929688,57.15999984741211,67.39531959533691,0.7117823309234567,-1.4139780851806523,66.20849590999894,False,False,False,False,,
145,SPTM,SPTM,AMEX:SPTM,US,State Street SPDR Portfolio S&P 1500 Composite Stock Market ETF,14.221,Large Blend,Long,471068.05,,https://www.tradingview.com/chart/?symbol=AMEX%3ASPTM,False,,-39.75465244804585,-39.75465244804585,91.79499816894531,76.86000061035156,81.00534118652344,0.8502701669649217,40.383699054504014,70.02648762741505,False,False,False,False,,
146,IGV,IGV,AMEX:IGV,US,iShares Expanded Tech-Software Sector ETF,14.212,Technology,Long,11730524.1,,https://www.tradingview.com/chart/?symbol=AMEX%3AIGV,False,,-45.39112102343876,-45.39112102343876,101.26000213623047,74.45500183105469,82.88374096679688,0.7505250750015594,59.32881573265822,-0.5767468280082042,False,False,False,False,,
147,IQLT,IQLT,AMEX:IQLT,US,iShares MSCI Intl Quality Factor ETF,14.12,Foreign Large Blend,Long,1149645.85,,https://www.tradingview.com/chart/?symbol=AMEX%3AIQLT,False,,-59.056729160347345,-59.056729160347345,50.19499969482422,44.560001373291016,46.396081085205076,0.7242929570282621,54.97131980561445,73.24277861279955,False,False,False,False,,
148,PAVE,PAVE,AMEX:PAVE,US,Global X U.S. Infrastructure Development ETF,13.906,Infrastructure,Long,1337193.15,,https://www.tradingview.com/chart/?symbol=AMEX%3APAVE,False,,-45.19719022740585,-45.19719022740585,53.38999938964844,49.029998779296875,51.6023991394043,0.4,-31.285129832065348,64.7494565621689,False,False,False,False,,
149,MGV,MGV,AMEX:MGV,US,Vanguard Morningstar Mega Cap Value ETF,13.851,Large Value,Long,282850.65,,https://www.tradingview.com/chart/?symbol=AMEX%3AMGV,False,,-47.7818581841247,-47.7818581841247,165.06500244140625,142.67999267578125,148.88443469238283,0.8514645298564897,47.82125627494158,79.08914959143692,False,False,False,False,,
150,VFH,VFH,AMEX:VFH,US,Vanguard Financials ETF,13.63,Financial,Long,498169.65,,https://www.tradingview.com/chart/?symbol=AMEX%3AVFH,False,,-43.18498603302692,-43.18498603302692,138.91000366210938,117.0,123.13953985595703,0.8422065799020364,44.927146191011126,57.0438747032535,False,False,False,False,,
151,AMLP,AMLP,AMEX:AMLP,US,Alerian MLP ETF,13.594,Energy Limited Partnership,Long,1149814.1,,https://www.tradingview.com/chart/?symbol=AMEX%3AAMLP,False,,34.42812625334788,51.28732313095609,55.72999954223633,50.369998931884766,51.738798751831055,0.9241381578298316,60.324967538738655,76.49809288938765,False,False,False,False,,
152,ESGV,ESGV,AMEX:ESGV,US,Vanguard ESG U.S. Stock ETF,13.535,Large Blend,Long,56725.9,,https://www.tradingview.com/chart/?symbol=AMEX%3AESGV,False,,-36.58085290101838,-36.58085290101838,134.15499877929688,108.62999725341797,115.51647732543945,0.8747430177837053,42.182700562757894,67.19324126876926,False,False,False,False,,
153,ZCN,ZCN.TO,TSX:ZCN,TSX,BMO S&P/TSX Capped Composite Index ETF,13.496,Total Market,Long,242974.3,,https://www.tradingview.com/chart/?symbol=TSX%3AZCN,False,,-44.00051979827085,-44.00051979827085,47.619998931884766,42.0099983215332,43.789438537597654,0.744031820844839,54.08433199034621,70.82449074934236,True,False,False,False,,
154,ITA,ITA,AMEX:ITA,US,iShares U.S. Aerospace & Defense ETF,13.377,Industrials,Long,110026.75,,https://www.tradingview.com/chart/?symbol=AMEX%3AITA,False,,-66.04119469595753,-66.04119469595753,218.27000427246094,210.64999389648438,220.70595404052733,0.17883150121629843,-12.863640585866913,57.748212482872255,False,True,False,False,,
155,SCZ,SCZ,AMEX:SCZ,US,iShares MSCI EAFE Small-Cap ETF,13.125,Foreign Small/Mid Blend,Long,1017203.35,,https://www.tradingview.com/chart/?symbol=AMEX%3ASCZ,False,,-32.91792409421067,-32.91792409421067,85.37999725341797,75.91000366210938,78.66176272583007,0.8121781143611296,54.55213945373555,67.0638729653072,False,False,False,False,,
156,SCHE,SCHE,AMEX:SCHE,US,Schwab Emerging Markets Equity ETF,13.075,Diversified Emerging Mkts,Long,2827658.3,,https://www.tradingview.com/chart/?symbol=AMEX%3ASCHE,False,,15.522861408738933,15.522861408738933,36.72999954223633,31.875,33.22492028808594,0.8487759626106396,49.56618728386832,66.81921336596704,False,False,False,False,,
157,VCN,VCN.TO,TSX:VCN,TSX,Vanguard FTSE Canada All Cap Index ETF,13.034,Total Market,Long,151641.95,,https://www.tradingview.com/chart/?symbol=TSX%3AVCN,False,,-44.588527524394266,-44.588527524394266,72.30000305175781,63.439998626708984,66.22479844665527,0.7508478811779915,54.00545968825596,70.70752725645006,True,False,False,False,,
158,DFAU,DFAU,AMEX:DFAU,US,Dimensional US Core Equity Market ETF,12.886,Large Blend,Long,477635.2,,https://www.tradingview.com/chart/?symbol=AMEX%3ADFAU,False,,-38.67497655811168,-38.67497655811168,52.35200119018555,43.86000061035156,46.21646075439453,0.850475719653961,41.91120245339985,70.2863723205768,False,False,False,False,,
159,DUHP,DUHP,AMEX:DUHP,US,Dimensional US High Profitability ETF,12.821,Large Blend,Long,622546.9,,https://www.tradingview.com/chart/?symbol=AMEX%3ADUHP,False,,-43.94975744736922,-43.94975744736922,41.55500030517578,35.82500076293945,37.48762033081055,0.813342942727003,41.41973658463909,69.40746695084266,False,False,False,False,,
160,DFAX,DFAX,AMEX:DFAX,US,Dimensional World ex U.S. Core Equity 2 ETF,12.708,Foreign Large Blend,Long,575785.5,,https://www.tradingview.com/chart/?symbol=AMEX%3ADFAX,False,,-7.5730773224626775,-7.5730773224626775,37.7400016784668,32.959999084472656,34.305199264526365,0.8385968340693913,48.996458452417436,71.1721743712521,False,False,False,False,,
161,ACWX,ACWX,AMEX:ACWX,US,iShares MSCI ACWI ex U.S. ETF,12.631,Foreign Large Blend,Long,1787123.55,,https://www.tradingview.com/chart/?symbol=AMEX%3AACWX,False,,-7.311656341750484,-7.311656341750484,76.61499786376953,66.30000305175781,69.18392153930664,0.8441080377773852,47.67928611730389,72.61842674293088,False,False,False,False,,
162,ESGD,ESGD,AMEX:ESGD,US,iShares ESG Aware MSCI EAFE ETF,12.275,Foreign Large Blend,Long,284110.2,,https://www.tradingview.com/chart/?symbol=AMEX%3AESGD,False,,-37.67999491264331,-37.67999491264331,104.69499969482422,92.20500183105469,95.89722103881836,0.798338161951916,52.95864652649717,70.74079855850361,False,False,False,False,,
163,EWT,EWT,AMEX:EWT,US,iShares MSCI Taiwan ETF,12.142,Greater China Region,Long,3666142.5,,https://www.tradingview.com/chart/?symbol=AMEX%3AEWT,False,,39.34294991435555,39.34294991435555,108.91000366210938,68.93499755859375,79.1431787109375,0.9241706528947777,45.19539829348421,88.70672475239382,False,False,False,False,,
164,VSS,VSS,AMEX:VSS,US,Vanguard FTSE All-World ex-US Small-Cap ETF,12.121,Foreign Small/Mid Blend,Long,262643.45,,https://www.tradingview.com/chart/?symbol=AMEX%3AVSS,False,,-21.535720188783376,-21.535720188783376,157.4499969482422,141.52999877929688,146.500158203125,0.7559354232901605,33.60609100318323,61.79973746346868,False,False,False,False,,
165,MOAT,MOAT,AMEX:MOAT,US,VanEck Morningstar Wide Moat ETF,12.073,Large Blend,Long,133553.45,,https://www.tradingview.com/chart/?symbol=AMEX%3AMOAT,True,2026-09-10 13:30,-76.99012520468419,-76.99012520468419,108.19999694824219,94.29000091552734,99.26488134765626,0.659866927156661,59.53873439112698,60.78932605640498,False,False,False,False,,
166,CGUS,CGUS,AMEX:CGUS,US,Capital Group Core Equity ETF,12.049,Large Blend,Long,1304013.5,,https://www.tradingview.com/chart/?symbol=AMEX%3ACGUS,False,,-52.34800118371979,-52.34800118371979,44.33000183105469,37.36000061035156,39.50052053833008,0.7684676356362553,22.763383368529237,69.60435302058056,False,False,False,False,,
167,CGGO,CGGO,AMEX:CGGO,US,Capital Group Global Growth Equity ETF,12.022,Global Large-Stock Growth,Long,1058514.3,,https://www.tradingview.com/chart/?symbol=AMEX%3ACGGO,False,,-11.991176701842297,-11.991176701842297,39.669898986816406,32.099998474121094,34.580358978271484,0.7202568005766689,2.990878426582855,72.2486462813128,False,False,False,False,,
168,GRID,GRID,AMEX:GRID,US,First Trust Nasdaq Clean Edge Smart GRID Infrastructure Index,11.931,Infrastructure,Long,555452.0,,https://www.tradingview.com/chart/?symbol=AMEX%3AGRID,False,,-13.062113134826157,9.111277344072253,177.3000030517578,157.625,167.53909942626953,0.4683532533385154,-28.148448021288733,64.84559417462992,False,False,False,False,,
169,SPYI,SPYI,AMEX:SPYI,US,NEOS S&P 500 High Income ETF,11.836,Derivative Income,Long,2265085.15,,https://www.tradingview.com/chart/?symbol=AMEX%3ASPYI,False,,-30.109399251954716,-30.109399251954716,53.17499923706055,47.97999954223633,49.49747961425781,0.8079314849553805,52.049418140205866,69.24400832551048,False,False,False,False,,
170,XSP,XSP.TO,TSX:XSP,TSX,iShares Core S&P 500 Index ETF (CAD-Hedged),11.729,US Equity,Long,114496.1,,https://www.tradingview.com/chart/?symbol=TSX%3AXSP,False,,-38.16340267980483,-38.16340267980483,76.16999816894531,64.23999786376953,67.55107757568359,0.8503208370039261,39.371415165549045,67.22044008678164,True,False,False,False,,
171,PBUS,PBUS,AMEX:PBUS,US,Invesco MSCI USA ETF,11.719,Large Blend,Long,161187.85,,https://www.tradingview.com/chart/?symbol=AMEX%3APBUS,False,,-35.91226025561263,-35.91226025561263,76.0199966430664,63.310001373291016,66.7862812652588,0.8628646072480286,42.07519181496501,69.46939917202978,False,False,False,False,,
172,NOBL,NOBL,AMEX:NOBL,US,ProShares S&P 500 Dividend Aristocrats ETF,11.577,Large Value,Long,119721.65,,https://www.tradingview.com/chart/?symbol=AMEX%3ANOBL,False,,-85.7754943638271,-85.7754943638271,56.09000015258789,52.084999084472656,53.74053894042969,0.5709196602390507,36.09956323335935,70.89711862577595,False,False,False,False,,
173,SDVY,SDVY,AMEX:SDVY,US,First Trust SMID Cap Rising Dividend Achievers ETF,11.559,Small Value,Long,828009.0,,https://www.tradingview.com/chart/?symbol=AMEX%3ASDVY,False,,-66.91639115925504,-66.91639115925504,42.314998626708984,38.5099983215332,40.02511878967285,0.592678992135903,9.64958767326972,67.40587487404473,False,False,False,False,,
174,FENI,FENI,AMEX:FENI,US,Fidelity Enhanced International ETF,11.465,Foreign Large Blend,Long,1074497.55,,https://www.tradingview.com/chart/?symbol=AMEX%3AFENI,False,,-45.64972442774078,-45.64972442774078,40.584999084472656,35.91999816894531,37.35605885314941,0.766639062105248,48.85691176836347,,False,False,False,False,,
175,BBCA,BBCA,AMEX:BBCA,US,JPMorgan BetaBuilders Canada ETF,11.394,Focused Region,Long,75418.3,,https://www.tradingview.com/chart/?symbol=AMEX%3ABBCA,False,,-39.14856110696932,-39.14856110696932,103.92250061035156,91.52999877929688,95.38859841918945,0.7579512530640071,59.46452900451795,70.57502146694111,False,False,False,False,,
176,JIRE,JIRE,AMEX:JIRE,US,JPMorgan International Research Enhanced Equity ETF,11.293,Foreign Large Blend,Long,343991.4,,https://www.tradingview.com/chart/?symbol=AMEX%3AJIRE,False,,-45.367071159058845,-45.367071159058845,83.12999725341797,72.87000274658203,75.95806253051758,0.7841035708600839,48.496316532963306,69.58249354659999,False,False,False,False,,
177,VFLO,VFLO,AMEX:VFLO,US,VictoryShares Free Cash Flow ETF,11.269,Mid-Cap Value,Long,2255343.8,,https://www.tradingview.com/chart/?symbol=AMEX%3AVFLO,False,,-46.92361297745793,-46.92361297745793,53.55500030517578,38.628700256347656,42.766086959838866,0.8514086460786927,74.23702379959589,,False,False,False,False,,
178,SCHH,SCHH,AMEX:SCHH,US,Schwab U.S. REIT ETF,11.197,Real Estate,Long,5052361.6,,https://www.tradingview.com/chart/?symbol=AMEX%3ASCHH,False,,-68.9220844503031,-68.9220844503031,23.05500030517578,21.09000015258789,22.00450015258789,0.5070968135710685,-25.559273985840587,81.10688156421075,False,False,False,False,,
179,XLG,XLG,AMEX:XLG,US,Invesco S&P 500 Top 50 ETF,11.186,Large Blend,Long,1139683.45,,https://www.tradingview.com/chart/?symbol=AMEX%3AXLG,False,,0.18731365650713686,0.18731365650713686,62.380001068115234,52.83000183105469,55.605360534667966,0.8120751443811689,28.082144794085977,56.28687210788336,False,False,False,False,,
180,XBI,XBI,AMEX:XBI,US,State Street SPDR S&P Biotech ETF,10.998,Health,Long,8055291.35,,https://www.tradingview.com/chart/?symbol=AMEX%3AXBI,False,,-65.57977792673573,-65.57977792673573,156.8249969482422,118.62000274658203,130.6442038269043,0.749852615684147,54.502407027530296,72.59357632622826,False,False,False,False,,
181,VDE,VDE,AMEX:VDE,US,Vanguard Energy ETF,10.926,Equity Energy,Long,458027.3,,https://www.tradingview.com/chart/?symbol=AMEX%3AVDE,False,,32.97131783805936,46.30464594465889,182.9600067138672,149.33999633789062,157.4867173461914,0.9739283376276299,63.9373706541075,79.58380316394722,False,False,False,False,,
182,ONEQ,ONEQ,AMEX:ONEQ,US,Fidelity Nasdaq Composite Index ETF,10.809,Large Growth,Long,185141.3,,https://www.tradingview.com/chart/?symbol=AMEX%3AONEQ,False,,-15.421123501810854,-15.421123501810854,102.80000305175781,81.83000183105469,87.72764132690429,0.839135774841558,24.480608660253683,65.07839947096842,False,False,False,False,,
183,IJK,IJK,AMEX:IJK,US,iShares S&P Mid-Cap 400 Growth ETF,10.748,Mid-Cap Growth,Long,197416.65,,https://www.tradingview.com/chart/?symbol=AMEX%3AIJK,False,,-49.81175058070581,-49.81175058070581,110.48999786376953,97.19999694824219,102.38845709228515,0.6045030951361353,-3.8360095493388697,72.4134339009771,False,False,False,False,,
184,IBB,IBB,AMEX:IBB,US,iShares Biotechnology ETF,10.734,Health,Long,1531582.5,,https://www.tradingview.com/chart/?symbol=AMEX%3AIBB,False,,-54.04454293627421,-54.04454293627421,202.63999938964844,160.4199981689453,173.7752373046875,0.7460682797824133,70.01431515530886,68.78041287089185,False,False,False,False,,
185,IGM,IGM,AMEX:IGM,US,iShares Expanded Tech Sector ETF,10.682,Technology,Long,248038.6,,https://www.tradingview.com/chart/?symbol=AMEX%3AIGM,False,,25.12417783662799,28.25139126976384,160.19000244140625,113.37999725341797,126.96887948608398,0.812955843992025,19.292370025843137,71.61586471208382,False,False,False,False,,
186,FNDE,FNDE,AMEX:FNDE,US,Schwab Fundamental Emerging Markets Equity ETF,10.536,Diversified Emerging Mkts,Long,1551985.35,,https://www.tradingview.com/chart/?symbol=AMEX%3AFNDE,False,,38.43974845156525,38.43974845156525,42.505001068115234,36.71500015258789,38.21596029663086,0.9103774150750104,69.24981409582428,69.20807295745472,False,False,False,False,,
187,IGF,IGF,AMEX:IGF,US,iShares Global Infrastructure ETF,10.522,Infrastructure,Long,660418.7,,https://www.tradingview.com/chart/?symbol=AMEX%3AIGF,False,,-32.046919387001005,-32.046919387001005,64.0999984741211,64.0999984741211,65.33427926635743,0.0,-59.094902425081095,56.18808879544046,False,True,False,False,,
188,FDVV,FDVV,AMEX:FDVV,US,Fidelity High Dividend ETF,10.517,Large Value,Long,687722.3,,https://www.tradingview.com/chart/?symbol=AMEX%3AFDVV,False,,-34.8861280535199,-34.8861280535199,62.439998626708984,53.880001068115234,56.34384074401856,0.8199232456500936,33.29898479458651,70.97890067963107,False,False,False,False,,
189,MGC,MGC,AMEX:MGC,US,Vanguard Morningstar Mega Cap ETF,10.391,Large Blend,Long,66729.4,,https://www.tradingview.com/chart/?symbol=AMEX%3AMGC,False,,-27.247557746681334,-27.247557746681334,278.8299865722656,229.30999755859375,242.40563525390624,0.8924130064631941,42.05152140240295,68.20484728613154,False,False,False,False,,
190,DFAE,DFAE,AMEX:DFAE,US,Dimensional Emerging Core Equity Market ETF,10.165,Diversified Emerging Mkts,Long,801425.65,,https://www.tradingview.com/chart/?symbol=AMEX%3ADFAE,False,,46.675764151715384,46.675764151715384,39.63999938964844,32.69499969482422,34.8921600189209,0.7459719302242395,33.452680297312114,73.70241369609728,False,False,False,False,,
191,AIQ,AIQ,AMEX:AIQ,US,Global X Artificial Intelligence & Technology ETF,10.143,Technology,Long,1092338.55,,https://www.tradingview.com/chart/?symbol=AMEX%3AAIQ,False,,8.313530335762918,8.313530335762918,63.099998474121094,44.779998779296875,50.76259841918945,0.7226824772209138,25.494235695890072,72.61128082283093,False,False,False,False,,
192,PRF,PRF,AMEX:PRF,US,Invesco RAFI US 1000 ETF,10.054,Large Value,Long,263684.7,,https://www.tradingview.com/chart/?symbol=AMEX%3APRF,False,,-37.815839163816484,-37.815839163816484,55.48500061035156,46.53969955444336,48.89741017150879,0.895398711747732,52.76655994650676,77.87192252200656,False,False,False,False,,
193,RWL,RWL,AMEX:RWL,US,Invesco S&P 500 Revenue ETF,10.001,Large Value,Long,231502.25,,https://www.tradingview.com/chart/?symbol=AMEX%3ARWL,False,,-36.61738047226503,-36.61738047226503,132.55999755859375,112.55000305175781,118.04408276367188,0.8595358915839384,50.11793040859283,76.9295784772546,False,False,False,False,,
194,JGRO,JGRO,AMEX:JGRO,US,JPMorgan Active Growth ETF,9.973,Large Growth,Long,485607.55,,https://www.tradingview.com/chart/?symbol=AMEX%3AJGRO,False,,-12.963921376936094,-12.963921376936094,93.26200103759766,81.54000091552734,85.78210055541992,0.6521280176433212,-13.848095199077159,41.78792513963054,False,False,False,False,,
195,ZEA,ZEA.TO,TSX:ZEA,TSX,BMO MSCI EAFE Index ETF,9.918,Total Market,Long,55692.85,,https://www.tradingview.com/chart/?symbol=TSX%3AZEA,False,,-50.55971722990438,-50.55971722990438,31.360000610351562,27.450000762939453,28.615840438842774,0.7914981648521109,32.425843896833626,72.46279959988044,True,False,False,False,,
196,EZU,EZU,AMEX:EZU,US,iShares MSCI Eurozone ETF,9.906,Europe Stock,Long,817469.75,,https://www.tradingview.com/chart/?symbol=AMEX%3AEZU,False,,-50.16312940283567,-50.16312940283567,68.9749984741211,60.244998931884766,63.015639328002926,0.7436114390212281,37.911513850352165,67.41646064498065,False,False,False,False,,
197,VLUE,VLUE,AMEX:VLUE,US,iShares MSCI USA Value Factor ETF,9.815,Large Value,Long,290951.9,,https://www.tradingview.com/chart/?symbol=AMEX%3AVLUE,False,,16.63194675246516,16.63194675246516,200.86500549316406,138.5,154.312,0.9308209775099113,50.18804408744436,90.50416834161415,False,False,False,False,,
198,DFEM,DFEM,AMEX:DFEM,US,Dimensional Emerging Markets Core Equity 2 ETF,9.656,Diversified Emerging Mkts,Long,780231.8,,https://www.tradingview.com/chart/?symbol=AMEX%3ADFEM,False,,44.86067259064816,44.86067259064816,40.06999969482422,33.40999984741211,35.535180099487306,0.7395890124870426,32.70200617207792,72.89546667370787,False,False,False,False,,
199,GDXJ,GDXJ,AMEX:GDXJ,US,VanEck Junior Gold Miners ETF,9.635,Equity Precious Metals,Long,4505808.75,,https://www.tradingview.com/chart/?symbol=AMEX%3AGDXJ,False,,-15.201727178081066,-15.201727178081066,124.1500015258789,91.69499969482422,103.67790005493164,0.6391925328552296,49.080812417642086,43.113853991537475,False,False,False,False,,
200,IXN,IXN,AMEX:IXN,US,iShares Global Tech ETF,9.474,Technology,Long,461190.2,,https://www.tradingview.com/chart/?symbol=AMEX%3AIXN,False,,36.08516444864885,36.08516444864885,140.8800048828125,95.80999755859375,108.54219683837891,0.8354033340809528,28.80830720528861,78.59580721477359,False,False,False,False,,
201,BBEU,BBEU,AMEX:BBEU,US,JPMorgan BetaBuilders Europe ETF,9.446,Europe Stock,Long,100846.45,,https://www.tradingview.com/chart/?symbol=AMEX%3ABBEU,False,,-61.62615161992263,-61.62615161992263,78.04499816894531,69.77999877929688,72.49399877929687,0.7186955990998641,46.232178349117895,67.53712144822553,False,False,False,False,,
202,AIRR,AIRR,AMEX:AIRR,US,First Trust RBA American Industrial Renaissance ETF,9.432,Industrials,Long,721053.35,,https://www.tradingview.com/chart/?symbol=AMEX%3AAIRR,False,,-32.274470710008096,-32.274470710008096,105.16000366210938,105.12000274658203,111.7752038269043,0.0014184719515636334,-64.86610280910077,57.27277536918624,False,True,True,False,,
203,DBEF,DBEF,AMEX:DBEF,US,Xtrackers MSCI EAFE Hedged Equity ETF,9.372,Foreign Large Blend,Long,396183.65,,https://www.tradingview.com/chart/?symbol=AMEX%3ADBEF,False,,-63.58365706273909,-63.58365706273909,54.4900016784668,47.525001525878906,49.68322073364258,0.7616186669536554,39.362522655304616,74.26020559201375,False,False,False,False,,
204,IEUR,IEUR,AMEX:IEUR,US,iShares Core MSCI Europe ETF,9.323,Europe Stock,Long,1056704.55,,https://www.tradingview.com/chart/?symbol=AMEX%3AIEUR,False,,-62.84050616751595,-62.84050616751595,75.62000274658203,67.51000213623047,70.16972134399414,0.7196098514670849,46.78392620878052,67.56284707073154,False,False,False,False,,
205,BBUS,BBUS,AMEX:BBUS,US,JPMorgan BetaBuilders U.S. Equity ETF,9.236,Large Blend,Long,140946.15,,https://www.tradingview.com/chart/?symbol=AMEX%3ABBUS,False,,-35.287460823400544,-35.287460823400544,136.75,113.88999938964844,120.14872039794922,0.8619908343713949,42.303133621700525,69.04151493576687,False,False,False,False,,
206,FNDA,FNDA,AMEX:FNDA,US,Schwab Fundamental U.S. Small Company ETF,9.145,Small Blend,Long,1164911.75,,https://www.tradingview.com/chart/?symbol=AMEX%3AFNDA,False,,-67.22505283494702,-67.22505283494702,36.18000030517578,31.610000610351562,33.24548068237305,0.6594515863745405,-3.2717624347097676,71.21835341567896,False,False,False,False,,
207,VIGI,VIGI,AMEX:VIGI,US,Vanguard International Dividend Appreciation ETF,9.145,Foreign Large Growth,Long,236288.8,,https://www.tradingview.com/chart/?symbol=AMEX%3AVIGI,False,,-40.57188954529295,-40.57188954529295,96.22000122070312,85.4800033569336,88.89256314086914,0.7427384885039369,52.88194682467991,71.00957710278537,False,False,False,False,,
208,IOO,IOO,AMEX:IOO,US,iShares Global 100 ETF,9.128,Global Large-Stock Blend,Long,257884.7,,https://www.tradingview.com/chart/?symbol=AMEX%3AIOO,False,,-34.039318292527064,-34.039318292527064,142.52000427246094,117.01000213623047,123.89648220825195,0.8742289879861876,47.06541694139765,69.94252349305124,False,False,False,False,,
209,SSO,SSO,AMEX:SSO,US,ProShares Ultra S&P 500,9.115,Trading--Leveraged Equity,2X Long,2811804.4,,https://www.tradingview.com/chart/?symbol=AMEX%3ASSO,False,,-40.38073854094015,-40.38073854094015,68.54000091552734,49.064998626708984,54.59801945495605,0.8306674930080165,35.62996896588812,67.97401685403341,False,False,False,False,,
210,IJJ,IJJ,AMEX:IJJ,US,iShares S&P Mid-Cap 400 Value ETF,8.87,Mid-Cap Value,Long,118020.7,,https://www.tradingview.com/chart/?symbol=AMEX%3AIJJ,False,,-48.46764179991539,-48.46764179991539,144.11000061035156,128.19500732421875,133.72802545166016,0.6788227200810157,5.649008604421138,70.84697076764344,False,False,False,False,,
211,JQUA,JQUA,AMEX:JQUA,US,JPMorgan U.S. Quality Factor ETF,8.799,Large Blend,Long,529272.05,,https://www.tradingview.com/chart/?symbol=AMEX%3AJQUA,False,,-66.00926006348077,-66.00926006348077,72.93000030517578,59.93000030517578,63.60215972900391,0.8354757094945771,50.46863621370401,79.13745899627492,False,False,False,False,,
212,TCAF,TCAF,AMEX:TCAF,US,T. Rowe Price Capital Appreciation Equity ETF,8.775,Large Blend,Long,555420.85,,https://www.tradingview.com/chart/?symbol=AMEX%3ATCAF,False,,-38.90006430240054,-38.90006430240054,42.07500076293945,34.54499816894531,36.54391845703125,0.8890202489686357,49.57078555429357,,False,False,False,False,,
213,VPL,VPL,AMEX:VPL,US,Vanguard FTSE Pacific ETF,8.773,Focused Region,Long,410883.2,,https://www.tradingview.com/chart/?symbol=AMEX%3AVPL,False,,36.49358282840435,36.49358282840435,115.81999969482422,94.41000366210938,100.6545400390625,0.8091487916331234,35.24344602315596,77.82634764860524,False,False,False,False,,
214,VONE,VONE,AMEX:VONE,US,Vanguard Russell 1000 ETF,8.749,Large Blend,Long,75694.65,,https://www.tradingview.com/chart/?symbol=AMEX%3AVONE,False,,-38.534649135914435,-38.534649135914435,342.70001220703125,286.67999267578125,302.1875578613281,0.8525338730606645,41.86150187869302,69.39663865943156,False,False,False,False,,
215,IDV,IDV,AMEX:IDV,US,iShares International Select Dividend ETF,8.744,Foreign Large Value,Long,566816.45,,https://www.tradingview.com/chart/?symbol=AMEX%3AIDV,False,,0.7606012470355067,0.7606012470355067,44.77000045776367,40.790000915527344,41.86852084350586,0.8708971133507736,51.86325544800107,68.25545744097155,False,False,False,False,,
216,XLB,XLB,AMEX:XLB,US,State Street Materials Select Sector SPDR ETF,8.723,Natural Resources,Long,10776782.05,,https://www.tradingview.com/chart/?symbol=AMEX%3AXLB,False,,-75.56292330100283,-75.56292330100283,50.7599983215332,46.9900016784668,48.577101318359375,0.5605944235636598,43.34930272159957,60.808892762238905,False,False,False,False,,
217,EWZ,EWZ,AMEX:EWZ,US,iShares MSCI Brazil ETF,8.618,Focused Region,Long,25141111.9,,https://www.tradingview.com/chart/?symbol=AMEX%3AEWZ,False,,54.05268873258526,54.05268873258526,38.56999969482422,33.51499938964844,35.474979461669925,0.6086694905989878,28.7375582300606,53.0702613040871,False,False,False,False,,
218,DFSV,DFSV,AMEX:DFSV,US,Dimensional US Small Cap Value ETF,8.608,Small Value,Long,837131.8,,https://www.tradingview.com/chart/?symbol=AMEX%3ADFSV,False,,-31.165953894298767,-31.165953894298767,39.525001525878906,33.779998779296875,35.45205946350097,0.8108680869072213,34.00688721163877,73.79398878781011,False,False,False,False,,
219,FELC,FELC,AMEX:FELC,US,Fidelity Enhanced Large Cap Core ETF,8.565,Large Blend,Long,632209.2,,https://www.tradingview.com/chart/?symbol=AMEX%3AFELC,False,,-28.905066932690573,-28.905066932690573,43.19499969482422,35.2400016784668,37.358101318359374,0.8863509046040747,50.849186903442586,,False,False,False,False,,
220,CORO,CORO,AMEX:CORO,US,iShares International Country Rotation Active ETF,8.507,Foreign Large Blend,Long,722265.1,,https://www.tradingview.com/chart/?symbol=AMEX%3ACORO,False,,-1.1161052011643235,-1.1161052011643235,36.630001068115234,31.1200008392334,32.636583793640135,0.8574275810219641,46.83573301684593,,False,False,False,False,,
221,VIU,VIU.TO,TSX:VIU,TSX,Vanguard FTSE Developed All Cap Ex North America Index ETF,8.37,Total Market,Long,161707.7,,https://www.tradingview.com/chart/?symbol=TSX%3AVIU,False,,-23.837775611475166,-23.837775611475166,49.70000076293945,42.58000183105469,44.77716125488281,0.7647691513423148,30.403435046414188,75.06686636162497,False,False,False,False,,
222,QYLD,QYLD,AMEX:QYLD,US,Global X NASDAQ 100 Covered Call ETF,8.346,Derivative Income,Long,4004806.6,,https://www.tradingview.com/chart/?symbol=AMEX%3AQYLD,False,,32.24199157774867,32.24199157774867,18.2450008392334,16.69499969482422,17.124519622802733,0.8516491232482781,54.39271366960349,72.13830332733521,False,False,False,False,,
223,VPU,VPU,AMEX:VPU,US,Vanguard Utilities ETF,8.326,Utilities,Long,244056.45,,https://www.tradingview.com/chart/?symbol=AMEX%3AVPU,False,,4.260903694675123,4.879364663952131,183.98500061035156,182.5800018310547,187.93366125488282,0.061935152325578266,-57.10703175367605,37.57554349966062,False,True,False,False,,
224,URTH,URTH,AMEX:URTH,US,iShares MSCI World ETF,8.305,Global Large-Stock Blend,Long,367201.7,,https://www.tradingview.com/chart/?symbol=AMEX%3AURTH,False,,-38.731721109544765,-38.731721109544765,205.97000122070312,174.9499969482422,183.59231939697264,0.8470779760567917,46.076660712920365,69.92950348321726,False,False,False,False,,
225,IJS,IJS,AMEX:IJS,US,iShares S&P Small-Cap 600 Value ETF,8.304,Small Value,Long,158588.45,,https://www.tradingview.com/chart/?symbol=AMEX%3AIJS,False,,-60.903550491832995,-60.903550491832995,133.89999389648438,114.51000213623047,120.68730105590821,0.7407830048248095,15.882778179510673,72.0685562889402,False,False,False,False,,
226,IJT,IJT,AMEX:IJT,US,iShares S&P Small-Cap 600 Growth ETF,8.254,Small Growth,Long,177090.85,,https://www.tradingview.com/chart/?symbol=AMEX%3AIJT,False,,-65.91478923669813,-65.91478923669813,165.6300048828125,139.92999267578125,149.13399267578126,0.6589746719751602,-7.809059301041562,77.37270299629989,False,False,False,False,,
227,FMDE,FMDE,AMEX:FMDE,US,Fidelity Enhanced Mid Cap Core ETF,8.219,Mid-Cap Blend,Long,750094.85,,https://www.tradingview.com/chart/?symbol=AMEX%3AFMDE,False,,-58.617161659358864,-58.617161659358864,41.02000045776367,34.97999954223633,36.8632794342041,0.756892388722454,46.053322214702064,,False,False,False,False,,
228,XLRE,XLRE,AMEX:XLRE,US,State Street Real Estate Select Sector SPDR ETF,8.208,Real Estate,Long,5019824.25,,https://www.tradingview.com/chart/?symbol=AMEX%3AXLRE,False,,-68.16412868736042,-68.16412868736042,43.029998779296875,40.0099983215332,41.50033889770508,0.4782263325762335,-21.85430089886695,73.86021875282718,False,False,False,False,,
229,COPX,COPX,AMEX:COPX,US,Global X Copper Miners ETF,8.12,Natural Resources,Long,3040092.2,,https://www.tradingview.com/chart/?symbol=AMEX%3ACOPX,False,,-23.185293163851444,8.810109030159422,88.52999877929688,69.05999755859375,75.52639791870118,0.710583946585331,52.09123684052941,62.32858342380504,False,False,False,False,,
230,FVD,FVD,AMEX:FVD,US,First Trust Value Line Dividend Index Fund,8.051,Mid-Cap Value,Long,488302.35,,https://www.tradingview.com/chart/?symbol=AMEX%3AFVD,False,,-76.66211496070315,-76.66211496070315,49.0099983215332,46.36000061035156,47.46802053833008,0.5644297941282096,33.42716839157395,70.64117413170321,False,False,False,False,,
231,FDL,FDL,AMEX:FDL,US,First Trust Morningstar Dividend Leaders Index Fund,8.04,Large Value,Long,582114.8,,https://www.tradingview.com/chart/?symbol=AMEX%3AFDL,False,,-59.270893656441366,-59.270893656441366,52.029998779296875,48.650001525878906,49.785160949707034,0.7027024883576332,61.142063514082224,74.42223834849452,False,False,False,False,,
232,VIS,VIS,AMEX:VIS,US,Vanguard Industrials ETF,8.023,Industrials,Long,95321.0,,https://www.tradingview.com/chart/?symbol=AMEX%3AVIS,False,,-46.84376876849069,-46.84376876849069,327.2049865722656,301.8299865722656,315.6855517578125,0.43220900192846484,-26.21915932602992,65.61655446253434,False,False,False,False,,
233,DIVO,DIVO,AMEX:DIVO,US,Amplify CWP Enhanced Dividend Income ETF,7.948,Derivative Income,Long,763237.55,,https://www.tradingview.com/chart/?symbol=AMEX%3ADIVO,False,,-61.25754507202154,-61.25754507202154,47.47999954223633,44.02000045776367,45.15280027770996,0.7208332571718307,68.5689876311809,67.30443775122826,False,False,False,False,,
234,PPA,PPA,AMEX:PPA,US,Invesco Aerospace & Defense ETF,7.89,Industrials,Long,194455.65,,https://www.tradingview.com/chart/?symbol=AMEX%3APPA,False,,-63.562068894995996,-63.562068894995996,160.71499633789062,160.1300048828125,166.0087621459961,0.023484212260819443,-15.69195325577916,54.72508835626176,False,True,False,False,,
235,FTCS,FTCS,AMEX:FTCS,US,First Trust Capital Strength ETF,7.854,Large Blend,Long,309918.65,,https://www.tradingview.com/chart/?symbol=AMEX%3AFTCS,True,2026-09-10 09:30,-84.58200443584958,-83.82333473791198,96.80000305175781,91.45999908447266,94.01894763183594,0.49248389053302316,47.52802125646598,64.15600183689726,False,False,False,False,,
236,VDC,VDC,AMEX:VDC,US,Vanguard Consumer Staples ETF,7.832,Consumer Defensive,Long,140908.8,,https://www.tradingview.com/chart/?symbol=AMEX%3AVDC,True,2026-09-10 09:30,-80.49005616516307,-80.17163025762227,224.0,220.86000061035156,225.03484118652344,0.17750135422812446,10.43797218358319,56.651957769512954,False,True,False,False,,
237,SPYD,SPYD,AMEX:SPYD,US,State Street SPDR Portfolio S&P 500 High Dividend ETF,7.601,Mid-Cap Value,Long,755859.35,,https://www.tradingview.com/chart/?symbol=AMEX%3ASPYD,False,,-86.55134680771863,-86.55134680771863,48.255001068115234,44.650001525878906,46.075440841674805,0.5968545153342694,33.12435031686511,78.54790522668412,False,False,False,False,,
238,HEFA,HEFA,AMEX:HEFA,US,iShares Currency Hedged MSCI EAFE ETF,7.596,Foreign Large Blend,Long,705220.0,,https://www.tradingview.com/chart/?symbol=AMEX%3AHEFA,False,,-63.324353452940365,-63.324353452940365,46.11000061035156,40.875,42.55272427368164,0.7363904566581991,39.880262084342995,74.34191244966966,False,False,False,False,,
239,FBCG,FBCG,AMEX:FBCG,US,Fidelity Blue Chip Growth ETF,7.435,Large Growth,Long,236270.95,,https://www.tradingview.com/chart/?symbol=AMEX%3AFBCG,False,,0.6571738321856758,0.6571738321856758,61.15999984741211,47.86000061035156,51.699719818115234,0.8174555612295379,14.470201609346622,62.32856214096381,False,False,False,False,,
240,XMMO,XMMO,AMEX:XMMO,US,Invesco S&P MidCap Momentum ETF,7.384,Mid-Cap Blend,Long,309466.1,,https://www.tradingview.com/chart/?symbol=AMEX%3AXMMO,False,,-13.269931781108886,-3.8686576284250536,150.83999633789062,139.14999389648438,147.33683447265625,0.3369847684834111,-42.240328205796324,64.25476679744803,False,False,False,False,,
241,GUNR,GUNR,AMEX:GUNR,US,Northern Trust Morningstar Global Upstream Natural Resources ETF,7.355,Natural Resources,Long,314991.5,,https://www.tradingview.com/chart/?symbol=AMEX%3AGUNR,False,,48.01677449543555,48.01677449543555,56.625,48.869998931884766,50.93735943603516,0.8852738786491098,62.98983047052874,65.38855230633874,False,False,False,False,,
242,DXJ,DXJ,AMEX:DXJ,US,WisdomTree Japan Hedged Equity Fund,7.278,Japan Stock,Long,263773.65,,https://www.tradingview.com/chart/?symbol=AMEX%3ADXJ,False,,-62.008852557332546,-62.008852557332546,173.75,151.58999633789062,158.98741662597655,0.7069708980414035,42.3473940035069,74.90820075958231,False,False,False,False,,
243,SPLV,SPLV,AMEX:SPLV,US,Invesco S&P 500 Low Volatility ETF,7.185,Large Value,Long,1887236.45,,https://www.tradingview.com/chart/?symbol=AMEX%3ASPLV,False,,-65.64995339581266,-65.64995339581266,73.6500015258789,71.31500244140625,72.92098251342773,0.34312990150737993,-23.762015259736625,61.9478232643656,False,False,False,False,,
244,SPXL,SPXL,AMEX:SPXL,US,Direxion Daily S&P 500 Bull 3X ETF,7.175,Trading--Leveraged Equity,3X Long,1337932.15,,https://www.tradingview.com/chart/?symbol=AMEX%3ASPXL,False,,-41.515412599692255,-41.515412599692255,276.239990234375,170.32000732421875,201.25960876464845,0.8079327076958531,33.06479026194847,67.87617387671902,False,False,False,False,,
245,DFLV,DFLV,AMEX:DFLV,US,Dimensional US Large Cap Value ETF,7.163,Large Value,Long,553223.9,,https://www.tradingview.com/chart/?symbol=AMEX%3ADFLV,False,,-39.47809055792043,-39.47809055792043,41.38999938964844,35.064998626708984,36.75593884277344,0.88276342704053,56.99013112751038,81.42935870663369,False,False,False,False,,
246,ESGE,ESGE,AMEX:ESGE,US,iShares ESG Aware MSCI EM ETF,7.053,Diversified Emerging Mkts,Long,635286.55,,https://www.tradingview.com/chart/?symbol=AMEX%3AESGE,False,,50.09749657821095,50.09749657821095,54.18000030517578,43.75,46.85811956787109,0.7919515379865115,39.322361849021696,74.8145606177647,False,False,False,False,,
247,JAVA,JAVA,AMEX:JAVA,US,JPMorgan Active Value ETF,7.051,Large Value,Long,345117.55,,https://www.tradingview.com/chart/?symbol=AMEX%3AJAVA,False,,-62.0576643885278,-62.0576643885278,81.55000305175781,70.26000213623047,73.47432098388671,0.8289284113824782,45.18077123013188,76.4976248446671,False,False,False,False,,
248,BBAX,BBAX,AMEX:BBAX,US,JPMorgan BetaBuilders Developed Asia Pacific ex-Japan ETF,6.953,Pacific/Asia ex-Japan Stk,Long,50108.15,,https://www.tradingview.com/chart/?symbol=AMEX%3ABBAX,False,,-34.166682013636525,-34.166682013636525,63.52000045776367,58.05500030517578,59.88046044921875,0.7065287293286331,53.00308521164997,68.35349415860702,False,False,False,False,,
249,VSGX,VSGX,AMEX:VSGX,US,Vanguard ESG International Stock ETF,6.95,Foreign Large Blend,Long,141581.25,,https://www.tradingview.com/chart/?symbol=AMEX%3AVSGX,False,,-12.060417338993247,-12.060417338993247,82.12999725341797,69.20500183105469,72.7910217590332,0.8506084687034147,42.76389137144054,73.44489609506077,False,False,False,False,,
250,SHLD,SHLD,AMEX:SHLD,US,Global X Defense Tech ETF,6.934,Industrials,Long,723747.8,,https://www.tradingview.com/chart/?symbol=AMEX%3ASHLD,True,2026-09-10 13:30,-65.75312002215897,-65.0089186906766,61.78499984741211,58.22999954223633,62.896899002075195,0.17977247618924527,6.990870680131475,,False,True,False,False,,
251,EWC,EWC,AMEX:EWC,US,iShares MSCI Canada ETF,6.931,Focused Region,Long,1807889.2,,https://www.tradingview.com/chart/?symbol=AMEX%3AEWC,False,,-39.09309104330551,-39.09309104330551,60.29499816894531,53.220001220703125,55.44312078857422,0.7510613931503898,58.94367551690356,69.83000963397824,False,False,False,False,,
252,FNGU,FNGU,AMEX:FNGU,US,MicroSectors FANG+ 3 Leveraged ETNs,6.867,Trading--Leveraged Equity,3X Long,3590625.1,,https://www.tradingview.com/chart/?symbol=AMEX%3AFNGU,False,,-26.54815173251806,-26.54815173251806,31.40999984741211,13.729999542236328,19.091919830322265,0.7781689857069749,41.71392608166946,,False,False,False,False,,
253,BLCR,BLCR,AMEX:BLCR,US,iShares Large Cap Core Active ETF,6.844,Large Blend,Long,388658.6,,https://www.tradingview.com/chart/?symbol=AMEX%3ABLCR,False,,-6.475232247855619,-6.475232247855619,48.790000915527344,39.68000030517578,42.31848037719727,0.8148479751055183,0.10549762981035145,,False,False,False,False,,
254,KBWB,KBWB,AMEX:KBWB,US,Invesco KBW Bank ETF,6.838,Financial,Long,1208117.9,,https://www.tradingview.com/chart/?symbol=AMEX%3AKBWB,False,,-6.328258543236578,-6.328258543236578,96.30000305175781,75.83000183105469,81.52468118286133,0.8483217385283203,17.12786643650087,71.60261349351576,False,False,False,False,,
255,THRO,THRO,AMEX:THRO,US,iShares U.S. Thematic Rotation Active ETF,6.821,Large Blend,Long,513976.35,,https://www.tradingview.com/chart/?symbol=AMEX%3ATHRO,False,,-11.752729754769533,-11.752729754769533,43.5099983215332,35.11000061035156,37.31896075439453,0.8974355943835922,37.73640068357412,67.87785987087952,False,False,False,False,,
256,BBIN,BBIN,AMEX:BBIN,US,JPMorgan BetaBuilders International Equity ETF,6.817,Foreign Large Blend,Long,209864.7,,https://www.tradingview.com/chart/?symbol=AMEX%3ABBIN,False,,-36.42910976599802,-36.42910976599802,79.44000244140625,70.68000030517578,73.27836080932617,0.7956403666266372,55.03403571935286,69.54313934473218,False,False,False,False,,
257,CGXU,CGXU,AMEX:CGXU,US,Capital Group International Focus Equity ETF,6.797,Foreign Large Growth,Long,987328.55,,https://www.tradingview.com/chart/?symbol=AMEX%3ACGXU,False,,12.813557447035228,27.71248185920909,34.869998931884766,28.280000686645508,30.147940452575682,0.8325962187019473,39.90394256520847,73.20273059933693,False,False,False,False,,
258,VOOV,VOOV,AMEX:VOOV,US,Vanguard S&P 500 Value ETF,6.797,Large Value,Long,62696.45,,https://www.tradingview.com/chart/?symbol=AMEX%3AVOOV,False,,-61.25013897178024,-61.25013897178024,225.2100067138672,200.4250030517578,207.5179813232422,0.8246551223444979,53.69077937146116,72.17944433572838,False,False,False,False,,
259,INDA,INDA,AMEX:INDA,US,iShares MSCI India ETF,6.663,India Equity,Long,3914945.05,,https://www.tradingview.com/chart/?symbol=AMEX%3AINDA,False,,-59.485015377690296,-59.485015377690296,48.119998931884766,45.400001525878906,46.80302145385742,0.457526921048275,19.20672596853826,-44.08039959110413,False,False,False,False,,
260,VDY,VDY.TO,TSX:VDY,TSX,Vanguard FTSE Canadian High Dividend Yield Index ETF,6.658,High Dividend Yield,Long,202540.4,,https://www.tradingview.com/chart/?symbol=TSX%3AVDY,False,,-7.674351137956965,-7.674351137956965,76.55500030517578,65.30000305175781,68.53556283569336,0.820933479577317,8.051261505255201,81.68645500261447,False,False,False,False,,
261,URA,URA,AMEX:URA,US,Global X Uranium ETF,6.635,Natural Resources,Long,3250506.7,,https://www.tradingview.com/chart/?symbol=AMEX%3AURA,False,,2.9285319614068377,17.570557210312682,44.970001220703125,37.51499938964844,42.400199569702146,0.3601450027191235,20.559669050563105,22.738510147383824,False,False,False,False,,
262,JGLO,JGLO,AMEX:JGLO,US,JPMorgan Global Select Equity ETF Global Select Equity ETF,6.626,Global Large-Stock Blend,Long,167736.75,,https://www.tradingview.com/chart/?symbol=AMEX%3AJGLO,False,,-44.19511921605467,-44.19511921605467,72.19999694824219,63.349998474121094,66.01443869018554,0.783879340696025,41.3970961690242,,False,False,False,False,,
263,ARKK,ARKK,AMEX:ARKK,US,ARK Innovation ETF,6.6,Mid-Cap Growth,Long,4728227.5,,https://www.tradingview.com/chart/?symbol=AMEX%3AARKK,False,,-11.0221004853382,-11.0221004853382,83.05999755859375,63.53499984741211,69.18837937927246,0.8150698947188056,43.397878248526276,38.61509190589839,False,False,False,False,,
264,DIHP,DIHP,AMEX:DIHP,US,Dimensional International High Profitability ETF,6.575,Foreign Large Blend,Long,335570.5,,https://www.tradingview.com/chart/?symbol=AMEX%3ADIHP,False,,-59.22139298627268,-59.22139298627268,34.375,31.315000534057617,32.389980155944826,0.6717893616388716,51.88661618904141,68.5680594745828,False,False,False,False,,
265,FESM,FESM,AMEX:FESM,US,Fidelity Enhanced Small Cap Core ETF,6.505,Small Blend,Long,820220.4,,https://www.tradingview.com/chart/?symbol=AMEX%3AFESM,False,,-63.31856383951015,-63.31856383951015,46.03499984741211,36.779998779296875,39.63559931945801,0.764875976649013,10.29777559016866,,False,False,False,False,,
266,DLN,DLN,AMEX:DLN,US,WisdomTree U.S. LargeCap Dividend Fund,6.364,Large Value,Long,99066.75,,https://www.tradingview.com/chart/?symbol=AMEX%3ADLN,False,,-49.43270122682137,-49.43270122682137,99.25,87.66000366210938,90.94512322998047,0.8326147889693849,53.14863125711634,73.18171587936601,False,False,False,False,,
267,MCHI,MCHI,AMEX:MCHI,US,iShares MSCI China ETF,6.321,Greater China Region,Long,1795401.75,,https://www.tradingview.com/chart/?symbol=AMEX%3AMCHI,False,,-72.57016046480261,-72.57016046480261,52.79999923706055,50.439998626708984,52.64423866271973,0.25267672074905295,4.786117331656247,-9.046815162695593,False,False,False,False,,
268,GSIE,GSIE,AMEX:GSIE,US,Goldman Sachs ActiveBeta International Equity ETF,6.133,Foreign Large Blend,Long,399971.2,,https://www.tradingview.com/chart/?symbol=AMEX%3AGSIE,False,,-35.83684402904797,-35.83684402904797,47.10499954223633,41.72999954223633,43.32181929016113,0.7968867088460836,57.013589612604726,69.90735178024329,False,False,False,False,,
269,RECS,RECS,AMEX:RECS,US,Columbia Research Enhanced Core ETF,6.094,Large Blend,Long,448800.55,,https://www.tradingview.com/chart/?symbol=AMEX%3ARECS,False,,-22.019074681619927,-22.019074681619927,44.90999984741211,37.95989990234375,39.824323669433596,0.8797482718193074,57.517892260078646,66.54525613080612,False,False,False,False,,
270,JHMM,JHMM,AMEX:JHMM,US,John Hancock Multifactor Mid Cap ETF,6.049,Mid-Cap Blend,Long,183257.05,,https://www.tradingview.com/chart/?symbol=AMEX%3AJHMM,False,,-62.943537211790634,-62.943537211790634,73.02999877929688,65.3499984741211,68.18199847412109,0.6400000254313151,24.98628952454222,70.89531534872926,False,False,False,False,,
271,DFIS,DFIS,AMEX:DFIS,US,Dimensional International Small Cap ETF,6.046,Foreign Small/Mid Blend,Long,352333.0,,https://www.tradingview.com/chart/?symbol=AMEX%3ADFIS,False,,-30.737118845545456,-30.737118845545456,36.83000183105469,32.42499923706055,33.710019165039064,0.8089996034676266,61.99339472251753,67.29852864907559,False,False,False,False,,
272,TECL,TECL,AMEX:TECL,US,Direxion Daily Technology Bull 3X ETF,5.929,Trading--Leveraged Equity,3X Long,479145.05,,https://www.tradingview.com/chart/?symbol=AMEX%3ATECL,False,,23.670416228912245,26.997162725460555,198.52000427246094,76.7300033569336,123.13704141235351,0.6193551974107857,6.353922216473971,68.0123154005047,False,False,False,False,,
273,LVHI,LVHI,AMEX:LVHI,US,Franklin International Low Volatility High Dividend Index ETF,5.92,Foreign Large Value,Long,882171.6,,https://www.tradingview.com/chart/?symbol=AMEX%3ALVHI,False,,-74.6980100449908,-74.6980100449908,42.0099983215332,38.83000183105469,39.86368118286133,0.7260270512720021,54.381001453248096,73.90447970575235,False,False,False,False,,
274,SCHK,SCHK,AMEX:SCHK,US,Schwab 1000 Index ETF,5.885,Large Blend,Long,1642150.85,,https://www.tradingview.com/chart/?symbol=AMEX%3ASCHK,False,,-38.88737887047318,-38.88737887047318,36.5,30.43000030517578,32.112680557250975,0.851332227980827,41.332620382278925,69.25605871648871,False,False,False,False,,
275,FEQT,FEQT.NE,NEO:FEQT,NEO,Fidelity All-in-One Equity ETF,5.856,Total Market,Long,362368.1,,https://www.tradingview.com/chart/?symbol=NEO%3AFEQT,False,,-50.808210256593206,-50.808210256593206,18.8700008392334,16.329999923706055,17.05451985168457,0.8273619439798604,45.94052410788964,70.96407878987851,False,False,False,False,,
276,RSPT,RSPT,AMEX:RSPT,US,Invesco S&P 500 Equal Weight Technology ETF,5.854,Technology,Long,413167.75,,https://www.tradingview.com/chart/?symbol=AMEX%3ARSPT,False,,-18.74064556425618,-18.74064556425618,63.189998626708984,43.529998779296875,49.18219985961914,0.8208766634545701,32.283404506753705,83.50953548721161,False,False,False,False,,
277,BKLC,BKLC,AMEX:BKLC,US,BNY Mellon US Large Cap Core Equity ETF,5.825,Large Blend,Long,398203.8,,https://www.tradingview.com/chart/?symbol=AMEX%3ABKLC,False,,-35.16016175013129,-35.16016175013129,48.45000076293945,40.4033317565918,42.60442535400391,0.8627592610013375,41.791407120541585,67.51467890816315,False,False,False,False,,
278,SCHC,SCHC,AMEX:SCHC,US,Schwab International Small-Cap Equity ETF,5.773,Foreign Small/Mid Blend,Long,283419.6,,https://www.tradingview.com/chart/?symbol=AMEX%3ASCHC,False,,-17.539060033655726,-17.539060033655726,50.43000030517578,45.13999938964844,46.73535989379883,0.782544266839118,44.40839141866661,61.150715123880104,False,False,False,False,,
279,VOX,VOX,AMEX:VOX,US,Vanguard Communication Services ETF,5.755,Communications,Long,225151.9,,https://www.tradingview.com/chart/?symbol=AMEX%3AVOX,False,,10.682200289209645,10.682200289209645,188.77999877929688,172.86000061035156,179.11635931396484,0.6005281579685028,6.402211599268827,35.61162608752006,False,False,False,False,,
280,CGDG,CGDG,AMEX:CGDG,US,Capital Group Dividend Growers ETF,5.706,Global Large-Stock Blend,Long,559157.75,,https://www.tradingview.com/chart/?symbol=AMEX%3ACGDG,False,,-64.59483530219258,-64.59483530219258,38.06999969482422,35.0,35.95933967590332,0.7552277323423563,43.36502836213426,,False,False,False,False,,
281,GPIQ,GPIQ,AMEX:GPIQ,US,Goldman Sachs Nasdaq-100 Premium Income ETF,5.704,Derivative Income,Long,1370799.7,,https://www.tradingview.com/chart/?symbol=AMEX%3AGPIQ,False,,-15.326948052681388,-15.326948052681388,55.88999938964844,47.95000076293945,50.68642015075684,0.684777956275894,13.67409696261857,,False,False,False,False,,
282,GPIX,GPIX,AMEX:GPIX,US,Goldman Sachs S&P 500 Premium Income ETF,5.688,Derivative Income,Long,1102839.65,,https://www.tradingview.com/chart/?symbol=AMEX%3AGPIX,False,,-50.534846787923726,-50.534846787923726,55.20000076293945,48.66999816894531,50.555638565063475,0.8172717424569033,47.49032254324781,,False,False,False,False,,
283,FELG,FELG,AMEX:FELG,US,Fidelity Enhanced Large Cap Growth ETF,5.687,Large Growth,Long,388217.85,,https://www.tradingview.com/chart/?symbol=AMEX%3AFELG,False,,-6.314317635578444,-6.314317635578444,43.689998626708984,36.119998931884766,38.328959075927735,0.8087605984183679,23.198422448245665,,False,False,False,False,,
284,XAR,XAR,AMEX:XAR,US,State Street SPDR S&P Aerospace & Defense ETF,5.687,Industrials,Long,212934.25,,https://www.tradingview.com/chart/?symbol=AMEX%3AXAR,False,,-58.784966195709124,-58.784966195709124,244.4499969482422,242.47999572753906,255.2759196166992,0.036333467759978366,-22.2915555418984,54.83449720356862,False,True,False,False,,
285,XMHQ,XMHQ,AMEX:XMHQ,US,Invesco S&P MidCap Quality ETF,5.606,Mid-Cap Blend,Long,151243.3,,https://www.tradingview.com/chart/?symbol=AMEX%3AXMHQ,False,,-62.99891294007514,-62.99891294007514,114.05460357666016,100.26000213623047,104.89740249633789,0.7020152859663802,48.65409477814268,70.9814694672454,False,False,False,False,,
286,UPRO,UPRO,AMEX:UPRO,US,ProShares UltraPro S&P500,5.569,Trading--Leveraged Equity,3X Long,1720095.9,,https://www.tradingview.com/chart/?symbol=AMEX%3AUPRO,False,,-41.68742088021995,-41.68742088021995,144.50999450683594,89.33999633789062,105.46351806640625,0.8075233058323766,32.700366193019704,67.6243343666656,False,False,False,False,,
287,QTUM,QTUM,AMEX:QTUM,US,Defiance Quantum ETF,5.548,Technology,Long,314410.2,,https://www.tradingview.com/chart/?symbol=AMEX%3AQTUM,False,,-15.09572326625448,2.3880814386175095,145.61000061035156,102.16000366210938,117.88114135742188,0.6522555478184384,-10.66016591221232,77.87661255533367,False,False,False,False,,
288,DSI,DSI,AMEX:DSI,US,iShares ESG MSCI KLD 400 ETF,5.522,Large Blend,Long,105283.95,,https://www.tradingview.com/chart/?symbol=AMEX%3ADSI,False,,-37.92741008197553,-37.92741008197553,144.16000366210938,117.54000091552734,124.91264041137696,0.8521128222436429,41.35618759714924,68.18271972876217,False,False,False,False,,
289,EFAV,EFAV,AMEX:EFAV,US,iShares MSCI EAFE Min Vol Factor ETF,5.47,Foreign Large Blend,Long,334039.95,,https://www.tradingview.com/chart/?symbol=AMEX%3AEFAV,False,,-30.36199930820536,-30.36199930820536,93.2699966430664,86.88999938964844,88.86767874145508,0.7613364372900892,54.162761583112875,63.53744971678134,False,False,False,False,,
290,DISV,DISV,AMEX:DISV,US,Dimensional International Small Cap Value ETF,5.405,Foreign Small/Mid Value,Long,279168.35,,https://www.tradingview.com/chart/?symbol=AMEX%3ADISV,False,,-24.45088298638675,-24.45088298638675,44.040000915527344,37.650001525878906,39.38578141784668,0.8687967080016327,68.06942101143068,69.5344407664242,False,False,False,False,,
291,SIL,SIL,AMEX:SIL,US,Global X Silver Miners ETF,5.311,Equity Precious Metals,Long,1320416.9,,https://www.tradingview.com/chart/?symbol=AMEX%3ASIL,False,,2.8652160216292235,2.8652160216292235,96.1500015258789,71.37999725341797,79.89959869384765,0.686149586829258,47.814928737477864,48.758967634545904,False,False,False,False,,
292,FDN,FDN,AMEX:FDN,US,First Trust Dow Jones Internet Index Fund,5.264,Technology,Long,159714.05,,https://www.tradingview.com/chart/?symbol=AMEX%3AFDN,False,,-28.490594238864627,-28.490594238864627,285.2799987792969,226.0800018310547,242.41356341552734,0.8553675943565635,51.57497923510826,37.1780219356001,False,False,False,False,,
293,GNR,GNR,AMEX:GNR,US,State Street SPDR S&P Global Natural Resources ETF,5.252,Natural Resources,Long,305858.65,,https://www.tradingview.com/chart/?symbol=AMEX%3AGNR,False,,45.38767155856095,45.38767155856095,78.54000091552734,66.75499725341797,69.86429797363282,0.8944972244645527,62.294808017497274,69.41412288146189,False,False,False,False,,
294,AKRE,AKRE,AMEX:AKRE,US,Akre Focus ETF,5.2,Large Growth,Long,390993.2,,https://www.tradingview.com/chart/?symbol=AMEX%3AAKRE,False,,-69.48445545270887,-69.48445545270887,56.43000030517578,51.31999969482422,53.840479766845704,0.4784644629527899,56.78550059401423,,False,False,False,False,,
295,QLTY,QLTY,AMEX:QLTY,US,GMO US Quality ETF,5.136,Large Blend,Long,390882.8,,https://www.tradingview.com/chart/?symbol=AMEX%3AQLTY,False,,-57.804802991612014,-57.804802991612014,42.2400016784668,35.290000915527344,37.2157608795166,0.8517157956986483,52.565235441644596,,False,False,False,False,,
296,SLYV,SLYV,AMEX:SLYV,US,State Street SPDR S&P 600 Small Cap Value ETF,5.032,Small Value,Long,157131.4,,https://www.tradingview.com/chart/?symbol=AMEX%3ASLYV,False,,-60.73248001240057,-60.73248001240057,106.83999633789062,91.83999633789062,96.64967749023438,0.7360155253274874,15.924957793081036,72.10769620628271,False,False,False,False,,
297,KWEB,KWEB,AMEX:KWEB,US,KraneShares CSI China Internet ETF,5.028,Greater China Region,Long,16810167.8,,https://www.tradingview.com/chart/?symbol=AMEX%3AKWEB,False,,-70.61692837332045,-70.61692837332045,24.450000762939453,23.645000457763672,25.490520385742187,0.102941219512909,-26.980995887201374,-35.056365921818916,False,True,False,False,,
298,SLYG,SLYG,AMEX:SLYG,US,State Street SPDR S&P 600 Small Cap Growth ETF,5.02,Small Growth,Long,107225.45,,https://www.tradingview.com/chart/?symbol=AMEX%3ASLYG,False,,-66.0491324945822,-66.0491324945822,110.58000183105469,93.37999725341797,99.54549725341796,0.658373380962171,-7.72289769545153,77.45450768112853,False,False,False,False,,
299,AIA,AIA,AMEX:AIA,US,iShares Asia 50 ETF,5.007,Pacific/Asia ex-Japan Stk,Long,478582.25,,https://www.tradingview.com/chart/?symbol=AMEX%3AAIA,False,,49.49085316157943,49.49085316157943,139.25,101.98999786376953,113.43599966430664,0.7682473458756365,36.612767545074504,81.16655919430347,False,False,False,False,,
300,REET,REET,AMEX:REET,US,iShares Global REIT ETF,4.933,Global Real Estate,Long,3139593.25,,https://www.tradingview.com/chart/?symbol=AMEX%3AREET,False,,-70.17150524922836,-70.17150524922836,26.8799991607666,24.709999084472656,25.72692308807373,0.5035971382245679,-25.600217211353947,74.45251377614575,False,False,False,False,,
301,XME,XME,AMEX:XME,US,State Street SPDR S&P Metals & Mining ETF,4.871,Natural Resources,Long,1860237.4,,https://www.tradingview.com/chart/?symbol=AMEX%3AXME,False,,2.282767531013087,2.282767531013087,114.79000091552734,97.22000122070312,105.62160266113281,0.4935392326544888,31.767400178544268,50.156333210191065,False,False,False,False,,
302,TTP,TTP.TO,TSX:TTP,TSX,TD Canadian Equity Index ETF,4.816,Total Market,Long,70540.6,,https://www.tradingview.com/chart/?symbol=TSX%3ATTP,False,,-43.53229181526351,-43.53229181526351,40.939998626708984,36.02000045776367,37.56108016967774,0.7534454959691552,55.06219981349542,71.04118216510956,False,False,False,False,,
303,OMFL,OMFL,AMEX:OMFL,US,Invesco Russell 1000 Dynamic Multifactor ETF,4.789,Large Blend,Long,108793.55,,https://www.tradingview.com/chart/?symbol=AMEX%3AOMFL,False,,-67.16843563372875,-67.16843563372875,69.20999908447266,58.61000061035156,61.63316003417969,0.8274785709861396,44.442901163605626,77.13332374263246,False,False,False,False,,
304,HELO,HELO,AMEX:HELO,US,JPMorgan Hedged Equity Laddered Overlay ETF,4.785,Equity Hedged,Long,288807.85,,https://www.tradingview.com/chart/?symbol=AMEX%3AHELO,False,,-38.72287968625502,-38.72287968625502,68.94999694824219,63.29999923706055,64.91896028137207,0.8236142954297621,49.89266808119668,,False,False,False,False,,
305,EAGL,EAGL,AMEX:EAGL,US,Eagle Capital Select Equity ETF,4.725,Large Blend,Long,206743.3,,https://www.tradingview.com/chart/?symbol=AMEX%3AEAGL,False,,-52.45615457968801,-52.45615457968801,34.810001373291016,29.315000534057617,30.956380516052246,0.7900792091317985,62.65862609289274,,False,False,False,False,,
306,IVLU,IVLU,AMEX:IVLU,US,iShares MSCI Intl Value Factor ETF,4.675,Foreign Large Value,Long,685618.8,,https://www.tradingview.com/chart/?symbol=AMEX%3AIVLU,False,,-6.020366744158525,-6.020366744158525,44.08000183105469,37.939998626708984,39.62031927490234,0.862359667950019,65.2886773870764,72.10977430407821,False,False,False,False,,
307,QTEC,QTEC,AMEX:QTEC,US,First Trust NASDAQ-100 Technology Sector Index Fund,4.669,Technology,Long,119722.85,,https://www.tradingview.com/chart/?symbol=AMEX%3AQTEC,False,,-17.945833631409744,-17.6175633252597,305.9100036621094,207.05499267578125,237.39161584472657,0.7690303058072538,4.9768172738985745,78.17921912904352,False,False,False,False,,
308,TPU,TPU.TO,TSX:TPU,TSX,TD U.S. Equity Index ETF,4.564,US Equity,Long,51337.7,,https://www.tradingview.com/chart/?symbol=TSX%3ATPU,False,,-44.22318495928312,-44.22318495928312,59.93000030517578,50.22999954223633,53.02660008239746,0.8185653071217004,20.95619618367248,71.40130027334915,False,False,False,False,,
309,USRT,USRT,AMEX:USRT,US,iShares Core U.S. REIT ETF,4.563,Real Estate,Long,478535.55,,https://www.tradingview.com/chart/?symbol=AMEX%3AUSRT,False,,-67.95757856595357,-67.95757856595357,64.2300033569336,58.16999816894531,60.93945831298828,0.5164043351342215,-26.106932064531975,81.64611185399656,False,False,False,False,,
310,TSPA,TSPA,AMEX:TSPA,US,T. Rowe Price U.S. Equity Research ETF,4.541,Large Blend,Long,331346.05,,https://www.tradingview.com/chart/?symbol=AMEX%3ATSPA,False,,-30.09736680598998,-30.09736680598998,47.78499984741211,39.70000076293945,41.89952069091797,0.8674892005589432,38.34494879607953,69.37386866252824,False,False,False,False,,
311,GRNY,GRNY,AMEX:GRNY,US,Fundstrat Granny Shots US Large Cap ETF,4.539,Large Growth,Long,1213087.2,,https://www.tradingview.com/chart/?symbol=AMEX%3AGRNY,False,,0.3788630582942491,0.3788630582942491,27.514999389648438,23.184999465942383,24.402759429931642,0.8391472968507308,30.041737461103967,,False,False,False,False,,
312,XDIV,XDIV.TO,TSX:XDIV,TSX,iShares Core MSCI Canadian Quality Dividend Index ETF,4.521,High Dividend Yield,Long,158284.45,,https://www.tradingview.com/chart/?symbol=TSX%3AXDIV,False,,-7.958578538363942,-7.958578538363942,45.81999969482422,37.900001525878906,39.99332127380371,0.892897308079203,39.932557367396505,82.7339949466064,False,False,False,False,,
313,FEZ,FEZ,AMEX:FEZ,US,State Street SPDR EURO STOXX 50 ETF,4.489,Europe Stock,Long,703533.55,,https://www.tradingview.com/chart/?symbol=AMEX%3AFEZ,False,,-65.96034977474864,-65.96034977474864,69.04000091552734,59.79999923706055,62.705159561157224,0.7506093133762608,44.035390602589615,67.860927740082,False,False,False,False,,
314,JTEK,JTEK,AMEX:JTEK,US,JPMorgan U.S. Tech Leaders ETF,4.474,Technology,Long,243777.65,,https://www.tradingview.com/chart/?symbol=AMEX%3AJTEK,False,,4.243791699716832,9.007917602142372,99.0199966430664,75.83999633789062,84.24867749023437,0.6505752772534013,-8.255580294441366,,False,False,False,False,,
315,TDIV,TDIV,AMEX:TDIV,US,First Trust NASDAQ Technology Dividend Index Fund,4.437,Technology,Long,134281.75,,https://www.tradingview.com/chart/?symbol=AMEX%3ATDIV,False,,7.36605721700926,7.36605721700926,114.33000183105469,90.77999877929688,99.65831762695312,0.6259969725779813,21.91699121914745,69.2447152362282,False,False,False,False,,
316,IDMO,IDMO,AMEX:IDMO,US,Invesco S&P International Developed Momentum ETF,4.404,Foreign Large Blend,Long,301666.0,,https://www.tradingview.com/chart/?symbol=AMEX%3AIDMO,False,,1.6502230254015078,1.6502230254015078,62.2400016784668,52.94499969482422,55.473739730834964,0.8674756744074937,52.16044323715806,67.27433766814198,False,False,False,False,,
317,IYR,IYR,AMEX:IYR,US,iShares U.S. Real Estate ETF,4.403,Real Estate,Long,4573164.2,,https://www.tradingview.com/chart/?symbol=AMEX%3AIYR,False,,-70.47395865155477,-70.47395865155477,100.0,92.61000061035156,96.21136111450195,0.48427250033622327,-19.889112673585927,74.62589292746313,False,False,False,False,,
318,IYF,IYF,AMEX:IYF,US,iShares U.S. Financials ETF,4.374,Financial,Long,353526.3,,https://www.tradingview.com/chart/?symbol=AMEX%3AIYF,False,,-34.31403514859877,-34.31403514859877,134.94000244140625,113.94999694824219,119.84055853271484,0.8409455066974206,45.26922768857364,59.137740921063234,False,False,False,False,,
319,MAGS,MAGS,AMEX:MAGS,US,Roundhill Magnificent Seven ETF,4.361,Technology,Long,2665850.8,,https://www.tradingview.com/chart/?symbol=AMEX%3AMAGS,False,,21.12107109172037,21.12107109172037,69.19999694824219,55.36000061035156,59.02047814941406,0.8922986416080338,37.35913955212575,50.54198900620752,False,False,False,False,,
320,IMTM,IMTM,AMEX:IMTM,US,iShares MSCI Intl Momentum Factor ETF,4.352,Foreign Large Blend,Long,280510.6,,https://www.tradingview.com/chart/?symbol=AMEX%3AIMTM,False,,1.097923048735727,1.097923048735727,53.28499984741211,46.275001525878906,48.25622073364258,0.8350209797073473,37.82122676695699,66.64235059758137,False,False,False,False,,
321,IDEF,IDEF,AMEX:IDEF,US,iShares Defense Industrials and Tech Active ETF,4.33,Industrials,Long,416427.9,,https://www.tradingview.com/chart/?symbol=AMEX%3AIDEF,False,,-59.24218650992484,-59.24218650992484,31.459999084472656,30.90999984741211,32.238680099487304,0.0976907873384598,1.6709710493423884,,False,True,False,False,,
322,EUFN,EUFN,AMEX:EUFN,US,iShares MSCI Europe Financials ETF,4.318,Europe Stock,Long,1451570.6,,https://www.tradingview.com/chart/?symbol=AMEX%3AEUFN,False,,-22.120491677120338,-22.120491677120338,41.82500076293945,33.11000061035156,35.45348068237305,0.8776434929257152,52.97532425608491,71.67199370542933,False,False,False,False,,
323,IXJ,IXJ,AMEX:IXJ,US,iShares Global Healthcare ETF,4.31,Health,Long,193496.85,,https://www.tradingview.com/chart/?symbol=AMEX%3AIXJ,False,,-62.36427258353092,-62.36427258353092,100.91000366210938,90.69619750976562,94.65481518554688,0.6089141335118732,59.54916410409854,54.65581407636154,False,False,False,False,,
324,FXI,FXI,AMEX:FXI,US,iShares China Large-Cap ETF,4.277,Greater China Region,Long,15487882.6,,https://www.tradingview.com/chart/?symbol=AMEX%3AFXI,False,,-47.940356060004014,-47.940356060004014,34.36000061035156,31.565000534057617,33.143840660095215,0.41778772095235134,16.670113959363317,-8.823296325039605,False,False,False,False,,
325,VIOO,VIOO,AMEX:VIOO,US,Vanguard S&P Small-Cap 600 ETF,4.266,Small Blend,Long,78765.6,,https://www.tradingview.com/chart/?symbol=AMEX%3AVIOO,False,,-64.01524949622609,-64.01524949622609,131.1300048828125,111.19999694824219,117.86935925292968,0.7052371212841135,2.5205113071637366,74.9094313146537,False,False,False,False,,
326,DEM,DEM,AMEX:DEM,US,WisdomTree Emerging Markets High Dividend Fund,4.257,Diversified Emerging Mkts,Long,186576.65,,https://www.tradingview.com/chart/?symbol=AMEX%3ADEM,False,,46.002780043814774,46.002780043814774,56.41999816894531,48.209999084472656,50.30803894042969,0.9235095217253246,64.17998281321083,77.20937382605881,False,False,False,False,,
327,IFRA,IFRA,AMEX:IFRA,US,iShares U.S. Infrastructure ETF,4.231,Infrastructure,Long,390719.7,,https://www.tradingview.com/chart/?symbol=AMEX%3AIFRA,False,,-19.860026021520337,-19.860026021520337,58.040000915527344,55.16999816894531,57.26567932128906,0.3231983297821156,-62.36846427672301,64.97160553732691,False,False,True,False,,
328,SMLF,SMLF,AMEX:SMLF,US,iShares U.S. SmallCap Equity Factor ETF,4.227,Small Blend,Long,176907.45,,https://www.tradingview.com/chart/?symbol=AMEX%3ASMLF,False,,-62.51695334665494,-62.51695334665494,85.3499984741211,73.01499938964844,77.16978018188476,0.7006530379112148,18.683718788507175,72.67877862408476,False,False,False,False,,
329,FLJP,FLJP,AMEX:FLJP,US,Franklin FTSE Japan ETF,4.19,Japan Stock,Long,850697.65,,https://www.tradingview.com/chart/?symbol=AMEX%3AFLJP,False,,19.86251388053802,19.86251388053802,41.0,34.75,36.444480072021484,0.8704735006062074,45.39911088344511,74.87222267324394,False,False,False,False,,
330,NLR,NLR,AMEX:NLR,US,VanEck Uranium and Nuclear ETF,4.183,Natural Resources,Long,331423.85,,https://www.tradingview.com/chart/?symbol=AMEX%3ANLR,False,,5.300769647195434,25.631936226047063,117.87999725341797,102.68499755859375,113.62123669433593,0.32790247940524303,17.04823866476597,11.304824754118977,False,False,False,False,,
331,TPE,TPE.TO,TSX:TPE,TSX,TD International Equity Index ETF,4.182,Total Market,Long,32856.05,,https://www.tradingview.com/chart/?symbol=TSX%3ATPE,False,,-48.080516944046174,-48.080516944046174,30.520000457763672,26.639999389648438,27.79639974975586,0.7918367060955729,35.03727157058082,72.4573782084159,False,False,False,False,,
332,EMLP,EMLP,AMEX:EMLP,US,First Trust North American Energy Infrastructure Fund,4.181,Energy Limited Partnership,Long,216517.85,,https://www.tradingview.com/chart/?symbol=AMEX%3AEMLP,False,,4.4556836646719615,4.4556836646719615,43.959999084472656,42.525001525878906,43.090220733642575,0.5991647473695276,23.092761088927166,68.24364906243285,False,False,False,False,,
333,KRE,KRE,AMEX:KRE,US,State Street SPDR S&P Regional Banking ETF,4.176,Financial,Long,11545391.2,,https://www.tradingview.com/chart/?symbol=AMEX%3AKRE,False,,-26.190259635945836,-26.190259635945836,73.81999969482422,62.43000030517578,66.15880102539063,0.7208858980809663,-5.094645283801086,72.99588073286999,False,False,False,False,,
334,NVDL,NVDL,AMEX:NVDL,US,GraniteShares 2x Long NVDA Daily ETF,4.09,Trading--Leveraged Equity,2X Long,15112620.45,,https://www.tradingview.com/chart/?symbol=AMEX%3ANVDL,False,,-1.7390631821032467,-1.7390631821032467,33.880001068115234,21.75666618347168,26.768126777648924,0.5709128065578654,34.453816071470044,44.599435412297304,False,False,False,False,,
335,ARTY,ARTY,AMEX:ARTY,US,iShares Future AI & Tech ETF,4.076,Technology,Long,473230.7,,https://www.tradingview.com/chart/?symbol=AMEX%3AARTY,False,,21.44107139554876,31.31989425229393,74.4800033569336,44.15999984741211,52.78816017150879,0.8293217278616358,31.593373263121006,83.02130610019141,False,False,False,False,,
336,IMCG,IMCG,AMEX:IMCG,US,iShares Morningstar Mid-Cap Growth ETF,4.075,Mid-Cap Growth,Long,156462.45,,https://www.tradingview.com/chart/?symbol=AMEX%3AIMCG,False,,-56.96875407231769,-56.96875407231769,94.17500305175781,76.06999969482422,81.8378402709961,0.7407938440407067,12.382323963287758,77.82026401155991,False,False,False,False,,
337,MSLC,MSLC,AMEX:MSLC,US,Morgan Stanley Pathway Large Cap Equity ETF,4.054,Large Blend,Long,61219.5,,https://www.tradingview.com/chart/?symbol=AMEX%3AMSLC,False,,-43.32860486734423,-43.32860486734423,59.779998779296875,50.38999938964844,53.02611985778809,0.840644379777122,42.14873422339856,,False,False,False,False,,
338,DON,DON,AMEX:DON,US,WisdomTree U.S. MidCap Dividend Fund,4.052,Mid-Cap Value,Long,151923.95,,https://www.tradingview.com/chart/?symbol=AMEX%3ADON,False,,-60.54144550224737,-60.54144550224737,56.5,51.244998931884766,53.058659255981446,0.6837996264228173,29.53358411537958,72.4636358097017,False,False,False,False,,
339,XOP,XOP,AMEX:XOP,US,State Street SPDR S&P Oil & Gas Exploration & Production ETF,4.044,Equity Energy,Long,2537412.55,,https://www.tradingview.com/chart/?symbol=AMEX%3AXOP,False,,47.102113983650575,59.94945829446416,195.42999267578125,152.32000732421875,162.87864501953126,0.9635671605140378,66.19993715627882,74.07430660634776,False,False,False,False,,
340,MUU,MUU,AMEX:MUU,US,Direxion Daily MU Bull 2X ETF,4.028,Trading--Leveraged Equity,2X Long,26785422.9,,https://www.tradingview.com/chart/?symbol=AMEX%3AMUU,False,,56.24112721626312,56.24112721626312,31.80500030517578,5.478499889373779,18.758573915481566,0.46784785129320816,-5.581822890894518,,False,False,False,False,,
341,XQQ,XQQ.TO,TSX:XQQ,TSX,iShares NASDAQ 100 Index ETF (CAD-Hedged),3.992,US Equity,Long,101792.35,,https://www.tradingview.com/chart/?symbol=TSX%3AXQQ,False,,-2.1861660740071387,-2.1861660740071387,70.69999694824219,56.31999969482422,60.68836019897461,0.7768771255445371,4.475287739081346,66.77758965564242,True,False,False,False,,
342,JIVE,JIVE,AMEX:JIVE,US,JPMorgan International Value ETF,3.987,Foreign Large Value,Long,300480.8,,https://www.tradingview.com/chart/?symbol=AMEX%3AJIVE,False,,14.28826222069695,14.28826222069695,98.0,82.5199966430664,86.66179736328125,0.8820513199502329,70.75405187592396,,False,False,False,False,,
343,ILF,ILF,AMEX:ILF,US,iShares Latin America 40 ETF,3.98,Focused Region,Long,3014460.35,,https://www.tradingview.com/chart/?symbol=AMEX%3AILF,False,,46.71712177772585,46.71712177772585,36.20000076293945,32.59000015258789,33.9057003326416,0.6475336531520343,34.84923083090049,60.29492034280736,False,False,False,False,,
344,IWX,IWX,AMEX:IWX,US,iShares Russell Top 200 Value ETF,3.975,Large Value,Long,288989.75,,https://www.tradingview.com/chart/?symbol=AMEX%3AIWX,False,,-45.167542646243305,-45.167542646243305,111.47000122070312,90.87000274658203,96.29092123413086,0.8968221254496013,54.26100801006087,83.10515154140376,False,False,False,False,,
345,CALF,CALF,AMEX:CALF,US,Pacer US Small Cap Cash Cows ETF,3.948,Small Value,Long,515325.15,,https://www.tradingview.com/chart/?symbol=AMEX%3ACALF,False,,-63.189603235601574,-63.189603235601574,55.56999969482422,44.029998779296875,47.31275874328613,0.8296190540702492,64.55595702958317,73.73409995428364,False,False,False,False,,
346,AAXJ,AAXJ,AMEX:AAXJ,US,iShares MSCI All Country Asia ex Japan ETF,3.942,Pacific/Asia ex-Japan Stk,Long,453746.6,,https://www.tradingview.com/chart/?symbol=AMEX%3AAAXJ,False,,41.3690877795022,41.3690877795022,116.12999725341797,92.91000366210938,100.3605235900879,0.7355081981554603,34.54721273470151,75.90518555750744,False,False,False,False,,
347,SMMD,SMMD,AMEX:SMMD,US,iShares Russell 2500 ETF,3.924,Small Blend,Long,159870.45,,https://www.tradingview.com/chart/?symbol=AMEX%3ASMMD,False,,-59.012208074614456,-59.012208074614456,88.02999877929688,73.73999786376953,78.37975872802734,0.726856472721233,16.90308151728993,75.41895531242827,False,False,False,False,,
348,XT,XT,AMEX:XT,US,iShares Future Exponential Technologies ETF,3.91,Technology,Long,60337.2,,https://www.tradingview.com/chart/?symbol=AMEX%3AXT,False,,-56.57946319444742,-56.57946319444742,80.52999877929688,65.7750015258789,70.12802145385743,0.7999456490941722,21.730784829953198,73.2829031922539,False,False,False,False,,
349,IVOO,IVOO,AMEX:IVOO,US,Vanguard S&P Mid-Cap 400 ETF,3.858,Mid-Cap Blend,Long,74533.7,,https://www.tradingview.com/chart/?symbol=AMEX%3AIVOO,False,,-50.17281868178324,-50.17281868178324,124.95999908447266,111.05999755859375,116.27087799072265,0.629529002408373,6.919840784130613,72.02539526080577,False,False,False,False,,
350,FLTW,FLTW,AMEX:FLTW,US,Franklin FTSE Taiwan ETF,3.825,Greater China Region,Long,243423.1,,https://www.tradingview.com/chart/?symbol=AMEX%3AFLTW,False,,40.732005685788444,40.732005685788444,104.75,66.23999786376953,76.40923880004883,0.8937108050736797,41.76691739381694,88.16356075982151,False,False,False,False,,
351,DFGR,DFGR,AMEX:DFGR,US,Dimensional Global Real Estate ETF,3.824,Global Real Estate,Long,413536.2,,https://www.tradingview.com/chart/?symbol=AMEX%3ADFGR,False,,-69.46140640349725,-69.46140640349725,28.315000534057617,26.075000762939453,27.093340438842773,0.5191194632723659,-25.331437649991244,73.58736478297706,False,False,False,False,,
352,INTF,INTF,AMEX:INTF,US,iShares International Equity Factor ETF,3.814,Foreign Large Blend,Long,236767.6,,https://www.tradingview.com/chart/?symbol=AMEX%3AINTF,False,,-32.483494173323656,-32.483494173323656,42.334999084472656,37.459999084472656,38.86301901245117,0.8200168629519405,62.23451539827091,71.16489204298496,False,False,False,False,,
353,EWU,EWU,AMEX:EWU,US,iShares MSCI United Kingdom ETF,3.76,Focused Region,Long,933170.8,,https://www.tradingview.com/chart/?symbol=AMEX%3AEWU,False,,-54.758270772850786,-54.758270772850786,47.540000915527344,43.86000061035156,45.16272071838379,0.6666666666666666,50.9152898629971,66.8798690786441,False,False,False,False,,
354,LRGF,LRGF,AMEX:LRGF,US,iShares U.S. Equity Factor ETF,3.718,Large Blend,Long,147103.45,,https://www.tradingview.com/chart/?symbol=AMEX%3ALRGF,False,,-28.8984413160566,-28.8984413160566,77.43000030517578,64.16000366210938,67.73540222167969,0.8759077220582755,50.41019793313202,69.5291871767322,False,False,False,False,,
355,MLPX,MLPX,AMEX:MLPX,US,Global X MLP & Energy Infrastructure ETF,3.711,Energy Limited Partnership,Long,348577.75,,https://www.tradingview.com/chart/?symbol=AMEX%3AMLPX,False,,19.95134623515551,19.95134623515551,75.25,70.19999694824219,71.95229766845704,0.6801348116028401,40.18920815496808,75.35920666975282,False,False,False,False,,
356,IYH,IYH,AMEX:IYH,US,iShares U.S. Healthcare ETF,3.691,Health,Long,520962.8,,https://www.tradingview.com/chart/?symbol=AMEX%3AIYH,False,,-63.07423016592653,-63.07423016592653,70.01499938964844,59.845001220703125,63.264640716552734,0.7018633311447305,61.29753892442104,58.20958769257755,False,False,False,False,,
357,EEMV,EEMV,AMEX:EEMV,US,iShares MSCI Emerging Markets Min Vol Factor ETF,3.688,Diversified Emerging Mkts,Long,104420.25,,https://www.tradingview.com/chart/?symbol=AMEX%3AEEMV,False,,22.776387112326656,22.776387112326656,75.02749633789062,63.04999923706055,66.37877912902832,0.8491667840870459,44.52121676217549,79.35629265990279,False,False,False,False,,
358,DCOR,DCOR,AMEX:DCOR,US,Dimensional US Core Equity 1 ETF,3.557,Large Blend,Long,110530.45,,https://www.tradingview.com/chart/?symbol=AMEX%3ADCOR,False,,-42.17459959421333,-42.17459959421333,83.23500061035156,70.1781997680664,73.83898519897461,0.8417332992976952,44.156494875160426,,False,False,False,False,,
359,GCOW,GCOW,AMEX:GCOW,US,Pacer Global Cash Cows Dividend ETF,3.555,Global Large-Stock Value,Long,227828.6,,https://www.tradingview.com/chart/?symbol=AMEX%3AGCOW,False,,-76.06812812099928,-76.06812812099928,46.29499816894531,43.060001373291016,44.232920761108396,0.6509051275851879,51.175020859019675,69.60854076793369,False,False,False,False,,
360,FRDM,FRDM,AMEX:FRDM,US,Freedom 100 Emerging Markets ETF,3.51,Diversified Emerging Mkts,Long,64258.2,,https://www.tradingview.com/chart/?symbol=AMEX%3AFRDM,False,,62.386453311489845,62.386453311489845,70.0199966430664,52.2599983215332,57.95939958190918,0.7354034945778395,30.54541638394404,80.87254492126253,False,False,False,False,,
361,XGD,XGD.TO,TSX:XGD,TSX,iShares S&P/TSX Global Gold Index ETF,3.499,Materials,Long,590633.85,,https://www.tradingview.com/chart/?symbol=TSX%3AXGD,False,,-16.07505369522685,-16.07505369522685,59.349998474121094,43.959999084472656,48.982078796386716,0.7232142985187214,47.660170788259826,48.33496260492143,False,False,False,False,,
362,VNQI,VNQI,AMEX:VNQI,US,Vanguard Global ex-U.S. Real Estate ETF,3.478,Global Real Estate,Long,257192.05,,https://www.tradingview.com/chart/?symbol=AMEX%3AVNQI,False,,-47.77373032164959,-47.77373032164959,44.025001525878906,43.290000915527344,44.51720109558106,0.14134625048325605,-29.053657635886726,21.999398232614883,False,True,False,False,,
363,FHLC,FHLC,AMEX:FHLC,US,Fidelity MSCI Health Care Index ETF,3.476,Health,Long,195280.65,,https://www.tradingview.com/chart/?symbol=AMEX%3AFHLC,False,,-62.8628596062031,-62.8628596062031,80.45999908447266,68.55999755859375,72.46933813476562,0.7183821172361192,59.536925731008466,62.688002620899226,False,False,False,False,,
364,CGMM,CGMM,AMEX:CGMM,US,Capital Group U.S. Small and Mid Cap ETF,3.441,Mid-Cap Blend,Long,673508.25,,https://www.tradingview.com/chart/?symbol=AMEX%3ACGMM,False,,-59.260068354098735,-59.260068354098735,31.71500015258789,28.405000686645508,29.66288066864014,0.6210130418990465,23.030094273478213,,False,False,False,False,,
365,SPHD,SPHD,AMEX:SPHD,US,Invesco S&P 500 High Dividend Low Volatility ETF,3.441,Large Value,Long,644489.65,,https://www.tradingview.com/chart/?symbol=AMEX%3ASPHD,False,,-85.09526448414313,-85.09526448414313,51.1349983215332,48.65999984741211,49.819940063476565,0.5035601247401893,34.99962610115178,74.03059804692487,False,False,False,False,,
366,ZWB,ZWB.TO,TSX:ZWB,TSX,BMO Covered Call Canadian Banks Fund,3.414,Financials,Long,193441.75,,https://www.tradingview.com/chart/?symbol=TSX%3AZWB,False,,-19.093542448774304,-19.093542448774304,30.15999984741211,24.489999771118164,26.30956000518799,0.7354084756031339,-6.41691563983203,83.02912978922042,False,False,False,False,,
367,ACWV,ACWV,AMEX:ACWV,US,iShares MSCI Global Min Vol Factor ETF,3.4,Global Large-Stock Blend,Long,32558.2,,https://www.tradingview.com/chart/?symbol=AMEX%3AACWV,False,,-49.71814212411545,-49.71814212411545,125.06999969482422,117.0999984741211,119.75971768188477,0.7071875416756647,63.87901446126907,63.583845832887626,False,False,False,False,,
368,BOTZ,BOTZ,AMEX:BOTZ,US,Global X Robotics & Artificial Intelligence ETF,3.399,Technology,Long,612684.25,,https://www.tradingview.com/chart/?symbol=AMEX%3ABOTZ,False,,-40.42343485374264,-40.42343485374264,34.77000045776367,32.0,34.27740036010742,0.2870466341725666,-22.944590446565062,32.82082125589506,False,False,False,False,,
369,TSLL,TSLL,AMEX:TSLL,US,Direxion Daily TSLA Bull 2X ETF,3.397,Trading--Leveraged Equity,2X Long,106549464.7,,https://www.tradingview.com/chart/?symbol=AMEX%3ATSLL,False,,24.365484724182366,26.662948812990766,9.625,6.730199813842773,9.165672477722168,0.28050934591271454,-22.086818752937237,-33.536375297922895,False,False,False,False,,
370,FELV,FELV,AMEX:FELV,US,Fidelity Enhanced Large Cap Value ETF,3.392,Large Value,Long,161748.05,,https://www.tradingview.com/chart/?symbol=AMEX%3AFELV,False,,-53.17102783064712,-53.17102783064712,42.220001220703125,34.16999816894531,36.29163856506348,0.8954395493651013,50.826674202539685,,False,False,False,False,,
371,IHI,IHI,AMEX:IHI,US,iShares U.S. Medical Devices ETF,3.38,Health,Long,2264115.15,,https://www.tradingview.com/chart/?symbol=AMEX%3AIHI,False,,-91.78608439744414,-88.76601671779133,50.904998779296875,47.540000915527344,50.255180267333984,0.2924814139151436,38.7296794089309,-45.617475687082084,False,False,False,False,,
372,SITU,SITU.NE,NEO:SITU,NEO,Scotia U.S. Equity Index Tracker ETF,3.38,US Equity,Long,66301.05,,https://www.tradingview.com/chart/?symbol=NEO%3ASITU,False,,-49.70415984599132,-49.70415984599132,47.95000076293945,40.150001525878906,42.389641021728515,0.8219179128415843,23.426818522656504,70.74377556973694,False,False,False,False,,
373,GSUS,GSUS,AMEX:GSUS,US,Goldman Sachs MarketBeta U.S. Equity ETF,3.376,Large Blend,Long,108923.35,,https://www.tradingview.com/chart/?symbol=AMEX%3AGSUS,False,,-33.87526196112325,-33.87526196112325,104.83999633789062,87.02999877929688,91.85619985961914,0.8709043311447484,42.56730864149796,69.21764146298386,False,False,False,False,,
374,BULZ,BULZ,AMEX:BULZ,US,MicroSectors Solactive FANG & Innovation 3X Leveraged ETN,3.362,Trading--Leveraged Equity,3X Long,550814.95,,https://www.tradingview.com/chart/?symbol=AMEX%3ABULZ,False,,54.21746058439666,54.21746058439666,38.70500183105469,15.329999923706055,24.810119941711427,0.581901963230098,14.079022969935368,53.07185561440724,False,False,False,False,,
375,WTV,WTV,AMEX:WTV,US,WisdomTree US Value Fund of Benef Interest,3.357,Mid-Cap Value,Long,164342.05,,https://www.tradingview.com/chart/?symbol=AMEX%3AWTV,False,,-32.90978174107227,-32.90978174107227,106.69000244140625,93.4000015258789,97.2267406616211,0.8196117124289287,58.19874187039972,73.87306479199465,False,False,False,False,,
376,XYLD,XYLD,AMEX:XYLD,US,Global X S&P 500 Covered Call ETF,3.349,Derivative Income,Long,408177.55,,https://www.tradingview.com/chart/?symbol=AMEX%3AXYLD,False,,-8.540688405137642,-8.540688405137642,41.30500030517578,38.349998474121094,39.13351840209961,0.8900608743011176,60.79310624175235,73.33767670883866,False,False,False,False,,
377,PTLC,PTLC,AMEX:PTLC,US,Pacer Trendpilot US Large Cap ETF,3.34,Large Blend,Long,83817.7,,https://www.tradingview.com/chart/?symbol=AMEX%3APTLC,False,,-37.632278825973934,-37.632278825973934,59.04999923706055,51.709999084472656,53.8151195526123,0.8228697892722354,41.97215830066944,60.293478926228396,False,False,False,False,,
378,SKYY,SKYY,AMEX:SKYY,US,First Trust Cloud Computing ETF,3.312,Technology,Long,246452.35,,https://www.tradingview.com/chart/?symbol=AMEX%3ASKYY,False,,-46.643146933918615,-46.643146933918615,156.57000732421875,104.11000061035156,119.3839208984375,0.8105686916625997,62.442601399198644,46.913413628615785,False,False,False,False,,
380,XEI,XEI.TO,TSX:XEI,TSX,iShares S&P/TSX Composite High Dividend Index ETF,3.209,High Dividend Yield,Long,154448.6,,https://www.tradingview.com/chart/?symbol=TSX%3AXEI,False,,-16.87297216765987,-16.87297216765987,39.560001373291016,35.34000015258789,36.6262003326416,0.7743120421926457,18.179267067768425,80.82438540482622,False,False,False,False,,
381,FWD,FWD,AMEX:FWD,US,AB Disruptors ETF,3.205,Global Large-Stock Growth,Long,158130.3,,https://www.tradingview.com/chart/?symbol=AMEX%3AFWD,False,,-12.197638023696882,-0.9704702925635083,126.375,103.52999877929688,114.23849877929688,0.5034711012827136,-30.330406452603068,69.41995790020609,False,False,False,False,,
382,FNDC,FNDC,AMEX:FNDC,US,Schwab Fundamental International Small Equity ETF,3.19,Foreign Small/Mid Value,Long,103092.1,,https://www.tradingview.com/chart/?symbol=AMEX%3AFNDC,False,,-14.836761412618436,-14.836761412618436,50.560001373291016,44.79999923706055,46.41895938110351,0.8396503824706335,54.58022906152837,67.06953821606102,False,False,False,False,,
383,SPUS,SPUS,AMEX:SPUS,US,SP Funds S&P 500 Sharia Industry Exclusions ETF,3.171,Large Growth,Long,390807.15,,https://www.tradingview.com/chart/?symbol=AMEX%3ASPUS,False,,-30.888578871931742,-30.888578871931742,58.05500030517578,46.654998779296875,49.689958923339844,0.8864697499860582,43.04937090894847,69.15094942791724,False,False,False,False,,
384,CGGE,CGGE,AMEX:CGGE,US,Capital Group Global Equity ETF,3.169,Global Large-Stock Blend,Long,467355.5,,https://www.tradingview.com/chart/?symbol=AMEX%3ACGGE,False,,-43.504613295269166,-43.504613295269166,34.63199996948242,29.520000457763672,31.05046060180664,0.7882804981635337,24.006163174293903,,False,False,False,False,,
385,AVSC,AVSC,AMEX:AVSC,US,Avantis U.S Small Cap Equity ETF,3.152,Small Value,Long,102088.15,,https://www.tradingview.com/chart/?symbol=AMEX%3AAVSC,False,,-62.70743648410579,-62.70743648410579,71.08999633789062,60.09000015258789,63.66776011657715,0.725593423220284,13.500016570213452,74.89844222436629,False,False,False,False,,
386,BDYN,BDYN,AMEX:BDYN,US,iShares Dynamic Equity Active ETF,3.117,Global Large-Stock Blend,Long,405836.6,,https://www.tradingview.com/chart/?symbol=AMEX%3ABDYN,False,,-23.27749772590901,-23.27749772590901,27.790000915527344,23.58009910583496,24.795475608825683,0.8174724660568712,26.25108552880431,,False,False,False,False,,
387,CGNG,CGNG,AMEX:CGNG,US,Capital Group New Geography Equity ETF,3.112,Diversified Emerging Mkts,Long,527046.75,,https://www.tradingview.com/chart/?symbol=AMEX%3ACGNG,False,,27.601288183673187,27.601288183673187,36.63999938964844,30.274999618530273,32.1240598526001,0.8123802125567549,33.548234439929224,,False,False,False,False,,
388,GARP,GARP,AMEX:GARP,US,iShares MSCI USA Quality GARP ETF,3.087,Large Growth,Long,211350.85,,https://www.tradingview.com/chart/?symbol=AMEX%3AGARP,False,,-2.715196000717602,-2.715196000717602,82.2300033569336,61.59000015258789,67.14779997253417,0.8764332854781841,40.173084097717854,73.7686426022795,False,False,False,False,,
389,PXF,PXF,AMEX:PXF,US,Invesco RAFI Developed Markets ex-U.S. ETF,3.06,Foreign Large Value,Long,101976.05,,https://www.tradingview.com/chart/?symbol=AMEX%3APXF,False,,1.8484174606020087,1.8484174606020087,78.8499984741211,67.48999786376953,70.56743807983399,0.8711656298140803,67.30952845433772,75.21406752179578,False,False,False,False,,
390,TMSL,TMSL,AMEX:TMSL,US,T. Rowe Price Small-Mid Cap ETF,3.011,Mid-Cap Blend,Long,412432.0,,https://www.tradingview.com/chart/?symbol=AMEX%3ATMSL,False,,-60.46766523272749,-60.46766523272749,41.540000915527344,35.22999954223633,37.47436004638672,0.663512087894456,5.160927445467462,,False,False,False,False,,
391,XSMO,XSMO,AMEX:XSMO,US,Invesco S&P SmallCap Momentum ETF,3.009,Small Blend,Long,280620.75,,https://www.tradingview.com/chart/?symbol=AMEX%3AXSMO,False,,-10.824626790168315,-10.824626790168315,83.48999786376953,73.54000091552734,78.2883215637207,0.49453258399442734,-45.85409261158012,71.6094549647152,False,False,False,False,,
392,QGRW,QGRW,AMEX:QGRW,US,WisdomTree U.S. Quality Growth Fund,2.997,Large Growth,Long,207763.65,,https://www.tradingview.com/chart/?symbol=AMEX%3AQGRW,False,,-26.75688537195964,-26.75688537195964,66.2699966430664,51.220001220703125,55.36652114868164,0.8565734595201341,27.353917182000206,64.63847340802064,False,False,False,False,,
393,CQQQ,CQQQ,AMEX:CQQQ,US,Invesco China Technology ETF,2.982,Greater China Region,Long,733209.75,,https://www.tradingview.com/chart/?symbol=AMEX%3ACQQQ,False,,-72.96191072669664,-72.96191072669664,46.025001525878906,44.654998779296875,47.626238815307616,0.10881673788545788,-57.88684722090516,24.50487619874896,False,True,False,False,,
394,SNPE,SNPE,AMEX:SNPE,US,Xtrackers S&P 500 Scored & Screened ETF,2.963,Large Blend,Long,274740.3,,https://www.tradingview.com/chart/?symbol=AMEX%3ASNPE,False,,-40.98526673951,-40.98526673951,69.4800033569336,57.880001068115234,61.178101608276364,0.8300536950966886,42.9046722751097,70.25649788293448,False,False,False,False,,
395,JMEE,JMEE,AMEX:JMEE,US,JPMorgan Small & Mid Cap Enhanced Equity ETF,2.953,Small Blend,Long,119051.65,,https://www.tradingview.com/chart/?symbol=AMEX%3AJMEE,False,,-51.58099638225098,-51.58099638225098,75.02999877929688,64.9800033569336,68.48224249267578,0.677223578330869,9.737498781216557,74.84680459373193,False,False,False,False,,
396,SOXQ,SOXQ,AMEX:SOXQ,US,Invesco PHLX Semiconductor ETF,2.944,Technology,Long,1520967.65,,https://www.tradingview.com/chart/?symbol=AMEX%3ASOXQ,False,,-5.475457480855167,26.90259080817412,91.48500061035156,56.220001220703125,70.129841796875,0.5983202906159746,-31.258864509635032,83.9063626492005,False,False,False,False,,
397,CWI,CWI,AMEX:CWI,US,State Street SPDR MSCI ACWI ex-US ETF,2.914,Foreign Large Blend,Long,190439.0,,https://www.tradingview.com/chart/?symbol=AMEX%3ACWI,False,,-6.0929868888647185,-6.0929868888647185,40.88999938964844,35.43000030517578,36.954560089111325,0.8452012164516224,46.420321090718005,72.18861638108474,False,False,False,False,,
398,ESML,ESML,AMEX:ESML,US,iShares ESG Aware MSCI USA Small-Cap ETF,2.885,Small Blend,Long,50437.05,,https://www.tradingview.com/chart/?symbol=AMEX%3AESML,False,,-64.42332315472834,-64.42332315472834,53.40999984741211,45.630001068115234,48.22600106811524,0.7072726162997159,23.758270382379205,73.24432570467273,False,False,False,False,,
399,SECT,SECT,AMEX:SECT,US,Main Sector Rotation ETF,2.883,Large Blend,Long,97856.9,,https://www.tradingview.com/chart/?symbol=AMEX%3ASECT,False,,-19.306335665778615,-19.306335665778615,70.88999938964844,58.65999984741211,62.17404060363769,0.8213564076780694,19.186471824284574,68.26881176424087,False,False,False,False,,
400,MDYG,MDYG,AMEX:MDYG,US,State Street SPDR S&P 400 Mid Cap Growth ETF,2.865,Mid-Cap Growth,Long,78049.75,,https://www.tradingview.com/chart/?symbol=AMEX%3AMDYG,False,,-50.26247320998899,-50.26247320998899,105.43000030517578,92.73999786376953,97.68422235107423,0.6057250401679259,-3.3877639860888613,72.43608044486581,False,False,False,False,,
401,EQWL,EQWL,AMEX:EQWL,US,Invesco S&P 100 Equal Weight ETF,2.856,Large Value,Long,109022.05,,https://www.tradingview.com/chart/?symbol=AMEX%3AEQWL,False,,-71.24826576632003,-71.24826576632003,131.5850067138672,112.76000213623047,118.13961990356445,0.8258395433406353,53.964334242784055,72.99274363286061,False,False,False,False,,
402,IXC,IXC,AMEX:IXC,US,iShares Global Energy ETF,2.854,Equity Energy,Long,436581.65,,https://www.tradingview.com/chart/?symbol=AMEX%3AIXC,False,,31.572955147407082,51.72956655212252,59.599998474121094,48.689998626708984,51.32375859069824,0.9775985660019545,58.404737830860746,78.60786976976244,False,False,False,False,,
403,IPAC,IPAC,AMEX:IPAC,US,iShares Core MSCI Pacific ETF,2.847,Focused Region,Long,121205.4,,https://www.tradingview.com/chart/?symbol=AMEX%3AIPAC,False,,5.449400840422985,5.449400840422985,85.06999969482422,74.03500366210938,77.14076272583007,0.8385257871873673,57.145443279004866,73.1596883689856,False,False,False,False,,
404,MDYV,MDYV,AMEX:MDYV,US,State Street SPDR S&P 400 Mid Cap Value ETF,2.844,Mid-Cap Value,Long,66445.6,,https://www.tradingview.com/chart/?symbol=AMEX%3AMDYV,False,,-48.21116716101238,-48.21116716101238,92.58000183105469,82.81999969482422,86.26088012695313,0.6694102133404499,5.306526114676133,70.94347706849673,False,False,False,False,,
405,SPYX,SPYX,AMEX:SPYX,US,State Street SPDR S&P 500 Fossil Fuel Reserves Free ETF,2.84,Large Blend,Long,43812.65,,https://www.tradingview.com/chart/?symbol=AMEX%3ASPYX,False,,-39.537095259500774,-39.537095259500774,62.06999969482422,51.4900016784668,54.39516110229492,0.8594638598422308,41.112378213907725,68.56532416038506,False,False,False,False,,
406,PRFZ,PRFZ,AMEX:PRFZ,US,Invesco RAFI US 1500 Small-Mid ETF,2.819,Small Blend,Long,77481.25,,https://www.tradingview.com/chart/?symbol=AMEX%3APRFZ,False,,-72.4705944509213,-72.4705944509213,53.275001525878906,44.47999954223633,47.38869972229004,0.7135903804637991,22.165614140049062,73.89719113438258,False,False,False,False,,
407,USD,USD,AMEX:USD,US,ProShares Ultra Semiconductors,2.776,Trading--Leveraged Equity,2X Long,582541.75,,https://www.tradingview.com/chart/?symbol=AMEX%3AUSD,False,,36.24543762724076,36.24543762724076,84.83000183105469,43.189998626708984,59.783158950805664,0.5922344245631559,-18.369068052325247,74.40963218248514,False,False,False,False,,
408,DIVI,DIVI,AMEX:DIVI,US,Franklin International Core Dividend Tilt Index Fund,2.754,Foreign Large Value,Long,209275.55,,https://www.tradingview.com/chart/?symbol=AMEX%3ADIVI,False,,-33.527339354439256,-33.527339354439256,43.68000030517578,38.38999938964844,39.892092071533206,0.8311339447429837,54.710859383971346,72.03148601003512,False,False,False,False,,
409,PSC,PSC,AMEX:PSC,US,Principal U.S. Small-Cap ETF,2.721,Small Blend,Long,180890.3,,https://www.tradingview.com/chart/?symbol=AMEX%3APSC,False,,-64.55394892247806,-64.55394892247806,67.66999816894531,55.68000030517578,59.24832095336914,0.7929891326560733,24.08169963346168,77.36347708810786,False,False,False,False,,
410,JMOM,JMOM,AMEX:JMOM,US,JPMorgan U.S. Momentum Factor ETF,2.701,Large Blend,Long,132290.95,,https://www.tradingview.com/chart/?symbol=AMEX%3AJMOM,False,,3.2501233855112925,3.2501233855112925,81.87999725341797,65.7300033569336,70.43820263671876,0.8095236274162622,5.198925732968859,76.76337620719032,False,False,False,False,,
411,TQCD,TQCD.TO,TSX:TQCD,TSX,TD Q Canadian Dividend ETF,2.683,Canadian Dividend and Income Equity,Long,150525.6,,https://www.tradingview.com/chart/?symbol=TSX%3ATQCD,False,,-34.90378829721177,-34.90378829721177,29.329999923706055,25.6299991607666,26.70615948486328,0.8114034317207041,52.15616779196236,74.70006855916671,False,False,False,False,,
412,FLIN,FLIN,AMEX:FLIN,US,Franklin FTSE India ETF,2.674,India Equity,Long,168164.05,,https://www.tradingview.com/chart/?symbol=AMEX%3AFLIN,False,,-63.536127558387456,-63.536127558387456,34.58000183105469,32.31999969482422,33.33951962280273,0.5231486796024943,22.057616799460195,-40.04297296538403,False,False,False,False,,
413,PSI,PSI,AMEX:PSI,US,Invesco Semiconductors ETF,2.644,Technology,Long,364262.8,,https://www.tradingview.com/chart/?symbol=AMEX%3APSI,False,,-12.386519041949816,27.679682247218874,135.89999389648438,88.41510009765625,111.86521618652344,0.4778839854802949,-42.185906829394526,83.64457931066106,False,False,False,False,,
414,CNEQ,CNEQ,AMEX:CNEQ,US,Alger Concentrated Equity ETF,2.622,Large Growth,Long,247896.75,,https://www.tradingview.com/chart/?symbol=AMEX%3ACNEQ,False,,28.612849553625484,28.612849553625484,39.584999084472656,29.655000686645508,32.52830095672607,0.8156055412271606,11.066625012924595,,False,False,False,False,,
415,SCHY,SCHY,AMEX:SCHY,US,Schwab International Dividend Equity ETF,2.617,Foreign Large Value,Long,546316.05,,https://www.tradingview.com/chart/?symbol=AMEX%3ASCHY,False,,-66.29855289670644,-66.29855289670644,32.58000183105469,30.790000915527344,31.495640411376954,0.5986629412740333,42.86123616252766,67.73294623886686,False,False,False,False,,
416,PICK,PICK,AMEX:PICK,US,iShares MSCI Global Metals & Mining Producers ETF,2.612,Natural Resources,Long,624921.45,,https://www.tradingview.com/chart/?symbol=AMEX%3APICK,False,,-4.50723532021181,12.833183149021929,63.310001373291016,51.810001373291016,55.81964176940918,0.6768686794525247,45.91196604037171,63.74872327986973,False,False,False,False,,
417,ZEM,ZEM.TO,TSX:ZEM,TSX,BMO MSCI Emerging Markets Index ETF,2.561,Total Market,Long,106257.2,,https://www.tradingview.com/chart/?symbol=TSX%3AZEM,False,,33.95136277484283,33.95136277484283,33.369998931884766,27.360000610351562,29.50996075439453,0.6597143708974211,26.369470471549846,76.3948986054874,False,False,False,False,,
418,FSMD,FSMD,AMEX:FSMD,US,Fidelity Small-Mid Multifactor ETF,2.556,Small Blend,Long,106860.5,,https://www.tradingview.com/chart/?symbol=AMEX%3AFSMD,False,,-45.90774011376379,-45.90774011376379,50.400001525878906,43.45000076293945,45.80292015075683,0.6970915317142229,7.2670514118824245,75.76662338244995,False,False,False,False,,
419,NULV,NULV,AMEX:NULV,US,Nuveen ESG Large-Cap Value ETF,2.548,Large Value,Long,318917.3,,https://www.tradingview.com/chart/?symbol=AMEX%3ANULV,False,,-32.32643095956569,-32.32643095956569,53.040000915527344,44.59000015258789,46.85559979248047,0.8802085527115747,63.29928276768638,78.1970139415348,False,False,False,False,,
420,CGIC,CGIC,AMEX:CGIC,US,Capital Group International Core Equity ETF,2.547,Foreign Large Blend,Long,360555.75,,https://www.tradingview.com/chart/?symbol=AMEX%3ACGIC,False,,-3.1190465121773436,-3.1190465121773436,36.58000183105469,32.130001068115234,33.36664056396484,0.8492371330354374,45.82630930920078,,False,False,False,False,,
421,FTHI,FTHI,AMEX:FTHI,US,First Trust BuyWrite Income ETF,2.527,Derivative Income,Long,563753.15,,https://www.tradingview.com/chart/?symbol=AMEX%3AFTHI,False,,-20.109279342763816,-20.109279342763816,23.674999237060547,22.454999923706055,22.90575988769531,0.6387431470256344,48.46607451245339,63.65506254022608,False,False,False,False,,
422,RING,RING,AMEX:RING,US,iShares MSCI Global Gold Miners ETF,2.502,Equity Precious Metals,Long,932039.85,,https://www.tradingview.com/chart/?symbol=AMEX%3ARING,False,,-11.341458904932173,-11.341458904932173,84.61499786376953,60.55500030517578,68.24685342407227,0.7382043489466352,52.634316149477826,45.91722063743495,False,False,False,False,,
423,FEGE,FEGE,AMEX:FEGE,US,First Eagle Global Equity ETF,2.499,Global Large-Stock Blend,Long,339284.85,,https://www.tradingview.com/chart/?symbol=AMEX%3AFEGE,False,,-62.93525229550338,-62.93525229550338,51.720001220703125,45.849998474121094,47.641238510131835,0.7733863805761048,65.49475081932019,,False,False,False,False,,
424,CGIE,CGIE,AMEX:CGIE,US,Capital Group International Equity ETF,2.493,Foreign Large Growth,Long,370065.45,,https://www.tradingview.com/chart/?symbol=AMEX%3ACGIE,False,,-43.88295615884084,-43.88295615884084,37.040000915527344,32.61000061035156,33.97526057434082,0.7657736252417569,47.371090643113526,,False,False,False,False,,
425,BSVO,BSVO,AMEX:BSVO,US,EA Bridgeway Omni Small-Cap Value ETF,2.489,Small Value,Long,124128.45,,https://www.tradingview.com/chart/?symbol=AMEX%3ABSVO,False,,-16.61882785447912,-16.61882785447912,29.299999237060547,24.305200576782227,25.684573150634765,0.8545714958891879,21.490394489075054,73.81982297400002,False,False,False,False,,
426,PWB,PWB,AMEX:PWB,US,Invesco Large Cap Growth ETF,2.487,Large Growth,Long,117576.1,,https://www.tradingview.com/chart/?symbol=AMEX%3APWB,False,,-4.78851938276981,21.81823616431157,154.5399932861328,121.1500015258789,132.31516275024413,0.7057701986625742,-18.230358353556863,73.45516044283177,False,False,False,False,,
427,APUE,APUE,AMEX:APUE,US,ActivePassive U.S. Equity ETF,2.484,Large Blend,Long,117781.15,,https://www.tradingview.com/chart/?symbol=AMEX%3AAPUE,False,,-42.126866156515405,-42.126866156515405,46.685001373291016,38.77000045776367,40.97424049377442,0.8474304910299478,40.48214344574902,71.21030292532977,False,False,False,False,,
428,DFSU,DFSU,AMEX:DFSU,US,Dimensional US Sustainability Core 1 ETF,2.434,Large Blend,Long,92405.95,,https://www.tradingview.com/chart/?symbol=AMEX%3ADFSU,False,,-46.52457599298231,-46.52457599298231,47.400001525878906,39.93000030517578,42.06816062927246,0.8245033210176735,43.4099100857753,68.22526130095008,False,False,False,False,,
429,ACIO,ACIO,AMEX:ACIO,US,Aptus Collared Investment Opportunity ETF,2.41,Equity Hedged,Long,132430.25,,https://www.tradingview.com/chart/?symbol=AMEX%3AACIO,False,,-32.39975788070861,-32.39975788070861,46.58000183105469,41.2599983215332,42.7656785736084,0.833856209853756,28.998857954711724,63.938982074524425,False,False,False,False,,
430,FNCL,FNCL,AMEX:FNCL,US,Fidelity MSCI Financials Index ETF,2.396,Financial,Long,96725.0,,https://www.tradingview.com/chart/?symbol=AMEX%3AFNCL,False,,-42.668766134181226,-42.668766134181226,80.88500213623047,67.91999816894531,71.54967932128906,0.8429778836919511,45.108817256910676,57.05322864329551,False,False,False,False,,
431,MLPA,MLPA,AMEX:MLPA,US,Global X MLP ETF,2.39,Energy Limited Partnership,Long,158615.45,,https://www.tradingview.com/chart/?symbol=AMEX%3AMLPA,False,,36.20910678688624,51.90960551274576,57.38999938964844,51.810001373291016,53.19178126525879,0.9530313326422791,61.96440872108025,77.31978878925315,False,False,False,False,,
432,EWL,EWL,AMEX:EWL,US,iShares MSCI Switzerland ETF,2.389,Focused Region,Long,504798.65,,https://www.tradingview.com/chart/?symbol=AMEX%3AEWL,False,,-74.54071404130092,-74.54071404130092,60.310001373291016,56.30500030517578,58.27913980102539,0.47878088355069287,19.867809301011125,64.43009585674233,False,False,False,False,,
433,HDEF,HDEF,AMEX:HDEF,US,Xtrackers MSCI EAFE High Dividend Yield Equity ETF,2.338,Foreign Large Value,Long,115104.6,,https://www.tradingview.com/chart/?symbol=AMEX%3AHDEF,False,,-42.077522897156946,-42.077522897156946,33.46500015258789,31.284000396728516,32.05595637512207,0.6667685163264616,49.51766665503075,67.51367210852138,False,False,False,False,,
434,FAS,FAS,AMEX:FAS,US,Direxion Daily Financial Bull 3X ETF,2.334,Trading--Leveraged Equity,3X Long,286342.5,,https://www.tradingview.com/chart/?symbol=AMEX%3AFAS,False,,-47.34423001228436,-47.34423001228436,170.7449951171875,107.95999908447266,126.51344467163085,0.7986257320298765,44.184470213652446,26.85596695858547,False,False,False,False,,
435,EPP,EPP,AMEX:EPP,US,iShares MSCI Pacific ex-Japan ETF,2.326,Pacific/Asia ex-Japan Stk,Long,206702.7,,https://www.tradingview.com/chart/?symbol=AMEX%3AEPP,False,,-40.71361861300529,-40.71361861300529,56.2400016784668,51.8650016784668,53.436761642456055,0.6569069219573636,52.850690833697776,66.97054898402139,False,False,False,False,,
436,ITB,ITB,AMEX:ITB,US,iShares U.S. Home Construction ETF,2.32,Consumer Cyclical,Long,1733198.0,,https://www.tradingview.com/chart/?symbol=AMEX%3AITB,False,,-81.48226454619196,-81.48226454619196,88.23999786376953,86.28500366210938,90.66162322998046,0.10541894821720224,-37.57302805139972,-21.359718707752137,False,True,False,False,,
437,BGIG,BGIG,AMEX:BGIG,US,Bahl & Gaynor Income Growth ETF,2.315,Large Value,Long,130613.6,,https://www.tradingview.com/chart/?symbol=AMEX%3ABGIG,False,,-71.7084158669344,-71.7084158669344,36.10499954223633,32.720001220703125,33.86814071655274,0.6957861886727357,31.00543363981811,,False,False,False,False,,
438,COWG,COWG,AMEX:COWG,US,Pacer US Large Cap Cash Cows Growth Leaders ETF,2.314,Mid-Cap Growth,Long,229752.15,,https://www.tradingview.com/chart/?symbol=AMEX%3ACOWG,False,,-54.95952662587166,-54.95952662587166,38.804100036621094,32.790000915527344,34.626080627441404,0.7730205738717713,40.64090778722859,63.377357951093366,False,False,False,False,,
439,FIDU,FIDU,AMEX:FIDU,US,Fidelity MSCI Industrial Index ETF,2.284,Industrials,Long,100929.1,,https://www.tradingview.com/chart/?symbol=AMEX%3AFIDU,False,,-46.51388586957577,-46.51388586957577,90.49500274658203,83.70999908447266,87.4789193725586,0.4248593076695235,-26.044381160198032,65.41154954528422,False,False,False,False,,
440,EWP,EWP,AMEX:EWP,US,iShares MSCI Spain ETF,2.277,Focused Region,Long,348149.15,,https://www.tradingview.com/chart/?symbol=AMEX%3AEWP,False,,-40.706715927074036,-40.706715927074036,61.439998626708984,51.650001525878906,54.38052145385742,0.8461536178959093,51.42675483381711,69.89265562845002,False,False,False,False,,
441,HFXI,HFXI,AMEX:HFXI,US,NYLIM FTSE International Equity Currency Neutral ETF,2.265,Foreign Large Blend,Long,421386.25,,https://www.tradingview.com/chart/?symbol=AMEX%3AHFXI,False,,-27.650991936415668,-27.650991936415668,37.41999816894531,32.54999923706055,33.982519165039065,0.8023062894117322,34.829130272287934,74.61485376972875,False,False,False,False,,
442,FUTY,FUTY,AMEX:FUTY,US,Fidelity MSCI Utilities Index ETF,2.251,Utilities,Long,387702.15,,https://www.tradingview.com/chart/?symbol=AMEX%3AFUTY,False,,4.001883754792732,4.429385856234873,54.93000030517578,54.525001525878906,56.10738105773926,0.060402520374927104,-56.84645911876018,37.834148869717815,False,True,False,False,,
443,SPGP,SPGP,AMEX:SPGP,US,Invesco S&P 500 GARP ETF,2.241,Large Value,Long,75705.3,,https://www.tradingview.com/chart/?symbol=AMEX%3ASPGP,False,,-75.71751816359857,-75.71751816359857,121.43499755859375,104.2300033569336,110.08870083618164,0.6930514241388922,26.7929885159438,66.9596027494143,False,False,False,False,,
444,IYG,IYG,AMEX:IYG,US,iShares US Financial Services ETF,2.235,Financial,Long,77891.35,,https://www.tradingview.com/chart/?symbol=AMEX%3AIYG,False,,-37.437359682858684,-37.437359682858684,96.0,80.11499786376953,84.46565908813477,0.8616760328649475,49.519012955947154,56.32555912115068,False,False,False,False,,
445,FINN,FINN.NE,NEO:FINN,NEO,Fidelity Global Innovators ETF,2.224,Total Market,Long,194894.7,,https://www.tradingview.com/chart/?symbol=NEO%3AFINN,False,,-26.552962696499232,-26.552962696499232,31.790000915527344,22.270000457763672,25.014680709838867,0.8185726211035068,5.500569297965196,81.62371945616529,False,False,False,False,,
446,REMX,REMX,AMEX:REMX,US,VanEck Rare Earth and Strategic Metals ETF,2.211,Natural Resources,Long,544250.6,,https://www.tradingview.com/chart/?symbol=AMEX%3AREMX,False,,-48.423023143449434,-44.652860222429446,72.44000244140625,64.47000122070312,75.39208093261719,0.17221264976066647,-12.337290895064875,32.99387561000574,False,True,False,False,,
447,DES,DES,AMEX:DES,US,WisdomTree U.S. SmallCap Dividend Fund,2.198,Small Value,Long,101949.2,,https://www.tradingview.com/chart/?symbol=AMEX%3ADES,False,,-61.91280834456588,-61.91280834456588,39.58000183105469,34.814998626708984,36.439859130859375,0.6920844917783188,2.795738599493679,76.95002700480809,False,False,False,False,,
448,DTCR,DTCR,AMEX:DTCR,US,Global X Data Center And Digital Infrastructure ETF,2.19,Real Estate,Long,662025.6,,https://www.tradingview.com/chart/?symbol=AMEX%3ADTCR,False,,-8.934987248164601,15.17104182375788,27.709999084472656,23.03499984741211,25.266380279541014,0.4944472058911341,-26.75253526070593,75.37652705547055,False,False,False,False,,
449,TCHP,TCHP,AMEX:TCHP,US,T. Rowe Price Blue Chip Growth ETF,2.186,Large Growth,Long,201025.65,,https://www.tradingview.com/chart/?symbol=AMEX%3ATCHP,False,,-15.099020584393203,-15.099020584393203,49.84000015258789,42.5,44.978,0.6990476335797992,11.802464306061575,42.110116588850794,False,False,False,False,,
450,DFEV,DFEV,AMEX:DFEV,US,Dimensional Emerging Markets Value ETF,2.179,Diversified Emerging Mkts,Long,214388.95,,https://www.tradingview.com/chart/?symbol=AMEX%3ADFEV,False,,48.814548050465085,48.814548050465085,42.79999923706055,34.755001068115234,37.13142646789551,0.7989392673747057,39.80037962099856,76.3245711783677,False,False,False,False,,
451,IYT,IYT,AMEX:IYT,US,iShares US Transportation ETF,2.168,Industrials,Long,321360.85,,https://www.tradingview.com/chart/?symbol=AMEX%3AIYT,True,2026-09-10 13:30,-67.36759712873969,-67.36759712873969,82.01000213623047,72.18000030517578,76.39732095336915,0.5500839574820355,-31.108521802037444,72.11753659164141,False,False,False,False,,
452,DSTL,DSTL,AMEX:DSTL,US,Distillate US Fundamental Stability & Value ETF,2.161,Large Value,Long,131000.05,,https://www.tradingview.com/chart/?symbol=AMEX%3ADSTL,False,,-66.97835876843209,-66.97835876843209,66.68000030517578,56.70500183105469,59.88746197509766,0.7397106431321874,66.27032094552682,76.99781408804931,False,False,False,False,,
453,URNM,URNM,AMEX:URNM,US,Sprott Uranium Miners ETF,2.16,Natural Resources,Long,728080.45,,https://www.tradingview.com/chart/?symbol=AMEX%3AURNM,False,,-7.5716391929525715,-7.5716391929525715,54.63999938964844,47.119998931884766,52.87131867980957,0.3085761504866048,23.95519696120046,13.03599340485429,False,False,False,False,,
454,IHDG,IHDG,AMEX:IHDG,US,WisdomTree International Hedged Quality Dividend Growth Fund,2.151,Foreign Large Growth,Long,107764.7,,https://www.tradingview.com/chart/?symbol=AMEX%3AIHDG,False,,-78.07571211903418,-78.07571211903418,51.77000045776367,46.59000015258789,48.34348022460937,0.6971736328957299,31.234153735241065,73.48537811401319,False,False,False,False,,
455,FENY,FENY,AMEX:FENY,US,Fidelity MSCI Energy Index ETF,2.14,Equity Energy,Long,917053.5,,https://www.tradingview.com/chart/?symbol=AMEX%3AFENY,False,,33.0148985928904,46.448860157351646,36.005001068115234,29.375,30.97744021606445,0.9764359608485144,64.0147417776338,79.69262856331704,False,False,False,False,,
457,FLQL,FLQL,AMEX:FLQL,US,Franklin U.S. Large Cap Multifactor Index ETF,2.128,Large Blend,Long,79832.15,,https://www.tradingview.com/chart/?symbol=AMEX%3AFLQL,False,,-19.98642048372474,-19.98642048372474,77.91000366210938,65.52999877929688,68.94017465209961,0.8567538042964619,25.94722418123922,69.75253312095366,False,False,False,False,,
458,XCEM,XCEM,AMEX:XCEM,US,Columbia EM Core ex-China ETF,2.127,Diversified Emerging Mkts,Long,117674.0,,https://www.tradingview.com/chart/?symbol=AMEX%3AXCEM,False,,54.34893943538217,54.34893943538217,51.265098571777344,39.18000030517578,42.90412773132324,0.7658393133632365,31.582423990561665,78.47465570055073,False,False,False,False,,
459,PXH,PXH,AMEX:PXH,US,Invesco RAFI Emerging Markets ETF,2.126,Diversified Emerging Mkts,Long,163441.8,,https://www.tradingview.com/chart/?symbol=AMEX%3APXH,False,,30.030455246711366,30.030455246711366,29.729999542236328,25.940000534057617,26.96893682098389,0.8692858608399614,68.90032055504639,68.64661116729788,False,False,False,False,,
461,AVIV,AVIV,AMEX:AVIV,US,Avantis International Large Cap Value ETF,2.107,Foreign Large Value,Long,81174.1,,https://www.tradingview.com/chart/?symbol=AMEX%3AAVIV,False,,-35.59758765955877,-35.59758765955877,81.88999938964844,71.76000213623047,74.62976119995118,0.8330592564474992,64.50605046861386,71.23098099736116,False,False,False,False,,
462,RWJ,RWJ,AMEX:RWJ,US,Invesco S&P SmallCap 600 Revenue ETF,2.097,Small Value,Long,87099.95,,https://www.tradingview.com/chart/?symbol=AMEX%3ARWJ,False,,-55.92528776813623,-55.92528776813623,59.15999984741211,48.58409881591797,51.94141181945801,0.743425662367751,16.91135213340881,76.3073307188633,False,False,False,False,,
463,SQQQ,SQQQ,AMEX:SQQQ,US,ProShares UltraPro Short QQQ,2.087,Trading--Inverse Equity,-3X Short,39767135.35,,https://www.tradingview.com/chart/?symbol=AMEX%3ASQQQ,False,,-24.05047640790487,2.523887819139093,39.89500045776367,35.88990020751953,48.521116363525394,0.07483077222205513,-18.638897646962615,-50.570732744532044,False,True,False,False,,
465,GSEW,GSEW,AMEX:GSEW,US,Goldman Sachs Equal Weight U.S. Large Cap Equity ETF,2.06,Large Blend,Long,81334.95,,https://www.tradingview.com/chart/?symbol=AMEX%3AGSEW,False,,-64.40457277288719,-64.40457277288719,94.94999694824219,82.69000244140625,86.61232128906249,0.7376653495016563,43.31411598700053,73.29225322717274,False,False,False,False,,
466,ICLN,ICLN,AMEX:ICLN,US,iShares Global Clean Energy ETF,2.057,Miscellaneous Sector,Long,6810889.9,,https://www.tradingview.com/chart/?symbol=AMEX%3AICLN,False,,16.017428154065563,35.63073026360975,17.825000762939453,16.860000610351562,18.481320358276367,0.14046583735394344,-44.82120514125299,45.16338836253099,False,True,False,False,,
467,EPI,EPI,AMEX:EPI,US,WisdomTree India Earnings Fund,2.049,India Equity,Long,283423.9,,https://www.tradingview.com/chart/?symbol=AMEX%3AEPI,False,,-46.59657504448965,-46.59657504448965,42.0,39.56999969482422,40.827880126953126,0.45590984434895376,23.791853478987576,-40.733047400783576,False,False,False,False,,
468,ROBO,ROBO,AMEX:ROBO,US,ROBO Global Robotics & Automation Index ETF,2.049,Technology,Long,192072.6,,https://www.tradingview.com/chart/?symbol=AMEX%3AROBO,False,,-43.87284459186594,-43.87284459186594,77.82499694824219,65.69999694824219,71.50677774047851,0.49278595186955026,-21.942663325234985,66.14623572161706,False,False,False,False,,
469,WCMI,WCMI,AMEX:WCMI,US,First Trust WCM International Equity ETF,2.048,,Long,894419.55,,https://www.tradingview.com/chart/?symbol=AMEX%3AWCMI,False,,-4.229574112511208,-4.229574112511208,19.489999771118164,16.136999130249023,17.087607551574706,0.8324228288884585,35.57841573234839,,False,False,False,False,,
470,DIVB,DIVB,AMEX:DIVB,US,iShares Core Dividend ETF,2.039,Large Value,Long,225661.55,,https://www.tradingview.com/chart/?symbol=AMEX%3ADIVB,False,,-43.73102456531054,-43.73102456531054,67.62000274658203,52.84000015258789,56.826040908813475,0.8750739958528444,62.76850859298094,86.46364831410632,False,False,False,False,,
471,CGCV,CGCV,AMEX:CGCV,US,Capital Group Conservative Equity ETF,2.036,Large Value,Long,273546.85,,https://www.tradingview.com/chart/?symbol=AMEX%3ACGCV,False,,-77.20927725214011,-77.20927725214011,32.58000183105469,29.375,30.43109963989258,0.7162017707020921,15.790463188867195,,False,False,False,False,,
472,OIH,OIH,AMEX:OIH,US,VanEck Oil Services ETF,2.032,Equity Energy,Long,243822.3,,https://www.tradingview.com/chart/?symbol=AMEX%3AOIH,False,,14.348367411151044,14.348367411151044,420.3699951171875,358.6875,381.15470288085936,0.6479252857977236,44.12359407617831,57.060779031228044,False,False,False,False,,
473,ICF,ICF,AMEX:ICF,US,iShares Select U.S. REIT ETF,2.009,Real Estate,Long,74104.15,,https://www.tradingview.com/chart/?symbol=AMEX%3AICF,False,,-67.536784784254,-67.536784784254,65.75,60.66999816894531,63.07011773681641,0.49950862789403166,-30.144701026480902,78.7810738020608,False,False,False,False,,
474,ARKG,ARKG,AMEX:ARKG,US,ARK Genomic Revolution ETF,2.002,Health,Long,3925006.7,,https://www.tradingview.com/chart/?symbol=AMEX%3AARKG,False,,-51.68851694012813,-51.68851694012813,45.369998931884766,24.739999771118164,30.74147939300537,0.8112465772915393,65.50069594962514,75.56836680139166,False,False,False,False,,
475,QGRO,QGRO,AMEX:QGRO,US,American Century U.S. Quality Growth ETF,2.0,Large Growth,Long,70050.65,,https://www.tradingview.com/chart/?symbol=AMEX%3AQGRO,False,,-54.03257165344178,-54.03257165344178,115.0999984741211,101.47000122070312,106.02008093261719,0.7069501097714822,28.160064060863892,47.04319825220938,False,False,False,False,,
476,PHO,PHO,AMEX:PHO,US,Invesco Water Resources ETF,1.991,Natural Resources,Long,71313.3,,https://www.tradingview.com/chart/?symbol=AMEX%3APHO,False,,-82.8774209697908,-82.8774209697908,67.98999786376953,64.06999969482422,66.26951962280273,0.4206006756762288,28.76656118372173,6.7979183852409735,False,False,False,False,,
477,BKDV,BKDV,AMEX:BKDV,US,BNY Mellon Dynamic Value ETF,1.983,Large Value,Long,312254.6,,https://www.tradingview.com/chart/?symbol=AMEX%3ABKDV,False,,-51.228402914470884,-51.228402914470884,34.279998779296875,29.049999237060547,30.47305554199219,0.8673443824326154,49.66621608047857,,False,False,False,False,,
478,EMGF,EMGF,AMEX:EMGF,US,iShares Emerging Markets Equity Factor ETF,1.97,Diversified Emerging Mkts,Long,153001.9,,https://www.tradingview.com/chart/?symbol=AMEX%3AEMGF,False,,43.79912631599652,43.79912631599652,71.78500366210938,58.16999816894531,62.47933526611328,0.7456231025645097,33.80130371550916,75.68190740686609,False,False,False,False,,
479,EUSA,EUSA,AMEX:EUSA,US,iShares MSCI USA Equal Weighted ETF,1.944,Mid-Cap Blend,Long,65945.8,,https://www.tradingview.com/chart/?symbol=AMEX%3AEUSA,False,,-70.48142257850235,-70.48142257850235,114.16999816894531,99.4800033569336,104.24366278076172,0.7277679756645531,39.26125623715499,74.01198941901357,False,False,False,False,,
480,FEOE,FEOE,AMEX:FEOE,US,First Eagle Overseas Equity ETF,1.94,Foreign Large Blend,Long,361083.9,,https://www.tradingview.com/chart/?symbol=AMEX%3AFEOE,False,,-62.42076970888862,-62.42076970888862,54.70000076293945,48.81999969482422,50.72805947875977,0.7272729417382188,53.53067956632253,,False,False,False,False,,
481,ARKQ,ARKQ,AMEX:ARKQ,US,ARK Autonomous Technology & Robotics ETF,1.934,Mid-Cap Growth,Long,10247.65,,https://www.tradingview.com/chart/?symbol=AMEX%3AARKQ,False,,-9.581101232146658,-4.455979258769652,120.56999969482422,106.5,115.30515942382813,0.3771107106809077,-13.986183563388337,51.5155133390237,False,False,False,False,,
482,RPG,RPG,AMEX:RPG,US,Invesco S&P 500 Pure Growth ETF,1.927,Large Growth,Long,343313.85,,https://www.tradingview.com/chart/?symbol=AMEX%3ARPG,False,,-9.04300156776288,0.046558982028710595,56.439998626708984,44.65999984741211,49.19120002746582,0.613541578708427,-18.900557412555,74.80803837909588,False,False,False,False,,
483,IYJ,IYJ,AMEX:IYJ,US,iShares U.S. Industrials ETF,1.924,Industrials,Long,126348.45,,https://www.tradingview.com/chart/?symbol=AMEX%3AIYJ,False,,-67.19932758072552,-67.19932758072552,156.52000427246094,143.3350067138672,149.6491842651367,0.49280518302854714,-4.631922792793092,65.26220803114937,False,False,False,False,,
484,PWV,PWV,AMEX:PWV,US,Invesco Large Cap Value ETF,1.909,Large Value,Long,129143.9,,https://www.tradingview.com/chart/?symbol=AMEX%3APWV,False,,-23.79719701638874,-23.79719701638874,81.66000366210938,68.37000274658203,71.91944296264649,0.8836436241042184,59.816657608396575,81.71599192966018,False,False,False,False,,
485,ILOW,ILOW,AMEX:ILOW,US,AB International Low Volatility Equity ETF,1.874,Foreign Large Blend,Long,54996.3,,https://www.tradingview.com/chart/?symbol=AMEX%3AILOW,False,,-40.30509639449929,-40.30509639449929,46.459999084472656,41.119998931884766,42.688219039916994,0.8036117057522416,54.176788480917594,,False,False,False,False,,
486,IYE,IYE,AMEX:IYE,US,iShares U.S. Energy ETF,1.867,Equity Energy,Long,533452.3,,https://www.tradingview.com/chart/?symbol=AMEX%3AIYE,False,,31.72957862709801,45.153495631159046,68.6050033569336,56.29499816894531,59.27921917724609,0.973507396497901,63.8583078947534,80.21165137244732,False,False,False,False,,
487,CHAT,CHAT,AMEX:CHAT,US,Roundhill Generative AI & Technology ETF,1.866,Technology,Long,281833.0,,https://www.tradingview.com/chart/?symbol=AMEX%3ACHAT,False,,11.113621543220155,32.568488254665986,88.01000213623047,59.099998474121094,69.72235897827149,0.6423017616086377,-1.1456641956630174,78.70172721492791,False,False,False,False,,
488,HMAX,HMAX.TO,TSX:HMAX,TSX,Hamilton Canadian Financials Yield Maximizer ETF,1.863,Financials,Long,363585.85,,https://www.tradingview.com/chart/?symbol=TSX%3AHMAX,False,,-29.260051893517243,-29.260051893517243,17.420000076293945,15.199999809265137,15.99531978225708,0.6587538108062906,-8.899836653200259,78.52557773216216,False,False,False,False,,
489,ARKW,ARKW,AMEX:ARKW,US,ARK Next Generation Internet ETF,1.854,Mid-Cap Growth,Long,25441.65,,https://www.tradingview.com/chart/?symbol=AMEX%3AARKW,False,,2.9464117106550627,2.9464117106550627,154.42999267578125,114.44999694824219,125.32959838867187,0.8672449118068588,50.35894319649284,28.07625451735034,False,False,False,False,,
490,RWR,RWR,AMEX:RWR,US,State Street SPDR Dow Jones REIT ETF,1.848,Real Estate,Long,193509.05,,https://www.tradingview.com/chart/?symbol=AMEX%3ARWR,False,,-68.13897958714584,-68.13897958714584,109.58000183105469,99.2750015258789,104.02922073364257,0.5115414257823965,-22.80332063253323,81.27019494329595,False,False,False,False,,
491,RODM,RODM,AMEX:RODM,US,Hartford Multifactor Developed Markets (ex-US) ETF,1.824,Foreign Large Value,Long,71477.2,,https://www.tradingview.com/chart/?symbol=AMEX%3ARODM,False,,-23.44299615235954,-23.44299615235954,41.689998626708984,38.189998626708984,39.24963902282715,0.7795097308727837,57.608335953811796,69.59677695324817,False,False,False,False,,
492,ICOW,ICOW,AMEX:ICOW,US,Pacer Developed Markets International Cash Cows 100 ETF,1.823,Foreign Large Value,Long,95016.0,,https://www.tradingview.com/chart/?symbol=AMEX%3AICOW,False,,-67.11030952135052,-67.11030952135052,43.779998779296875,41.14500045776367,42.30730027770996,0.5350251227867975,49.88145958686929,68.64334249784203,False,False,False,False,,
493,ZWC,ZWC.TO,TSX:ZWC,TSX,BMO Canadian High Dividend Covered Call Fund,1.823,High Dividend Yield,Long,73819.6,,https://www.tradingview.com/chart/?symbol=TSX%3AZWC,False,,-27.513747718016006,-27.513747718016006,22.579999923706055,20.8799991607666,21.425159484863283,0.735930628698066,46.580016820182585,75.39967608141856,False,False,False,False,,
494,QDPL,QDPL,AMEX:QDPL,US,Pacer Metaurus US Large Cap Dividend Multiplier 400 ETF,1.808,Large Blend,Long,123996.75,,https://www.tradingview.com/chart/?symbol=AMEX%3AQDPL,False,,-43.56596696547939,-43.56596696547939,45.69499969482422,39.27000045776367,41.09576759338379,0.83050011710901,42.32581811893136,69.75956055545294,False,False,False,False,,
495,GSWO,GSWO,AMEX:GSWO,US,Goldman Sachs ActiveBeta World Equity ETF,1.807,Global Large-Stock Blend,Long,54634.65,,https://www.tradingview.com/chart/?symbol=AMEX%3AGSWO,False,,-33.00199983914112,-33.00199983914112,64.72000122070312,54.72999954223633,57.4515518951416,0.8662851528839299,47.265369660909165,74.04482359864757,False,False,False,False,,
496,FCOM,FCOM,AMEX:FCOM,US,Fidelity MSCI Communication Services Index ETF,1.792,Communications,Long,149907.45,,https://www.tradingview.com/chart/?symbol=AMEX%3AFCOM,False,,10.975618410004529,10.975618410004529,71.30000305175781,65.43000030517578,67.7664006652832,0.5929294789740855,5.8543054223112385,34.3280159182171,False,False,False,False,,
497,GEM,GEM,AMEX:GEM,US,Goldman Sachs ActiveBeta Emerging Markets Equity ETF,1.786,Diversified Emerging Mkts,Long,108771.55,,https://www.tradingview.com/chart/?symbol=AMEX%3AGEM,False,,44.95741799025409,44.95741799025409,51.07500076293945,41.61000061035156,44.56826057434082,0.7550857812369236,34.894822414384045,75.22017712555184,False,False,False,False,,
498,BDVL,BDVL,AMEX:BDVL,US,iShares Disciplined Volatility Equity Active ETF Trust Unit,1.78,Global Large-Stock Blend,Long,231793.3,,https://www.tradingview.com/chart/?symbol=AMEX%3ABDVL,False,,-50.7335415114699,-50.7335415114699,26.219999313354492,24.110000610351562,24.792040466308595,0.7301035116341691,53.466805374605805,,False,False,False,False,,
499,EWW,EWW,AMEX:EWW,US,iShares MSCI Mexico ETF,1.773,Focused Region,Long,1093486.15,,https://www.tradingview.com/chart/?symbol=AMEX%3AEWW,False,,-21.38295321290053,-21.38295321290053,75.30000305175781,69.86000061035156,72.34508032226563,0.5166194750280396,14.671396167361458,54.696130755635465,False,False,False,False,,
500,RPV,RPV,AMEX:RPV,US,Invesco S&P 500 Pure Value ETF,1.766,Mid-Cap Value,Long,121782.8,,https://www.tradingview.com/chart/?symbol=AMEX%3ARPV,False,,-27.786603124772373,-27.786603124772373,121.02999877929688,104.54000091552734,108.9720806274414,0.8780617111619918,57.105446340167326,78.0876433589366,False,False,False,False,,
501,SPGM,SPGM,AMEX:SPGM,US,State Street SPDR Portfolio MSCI Global Stock Market ETF,1.762,Global Large-Stock Blend,Long,87066.0,,https://www.tradingview.com/chart/?symbol=AMEX%3ASPGM,False,,-23.45498015327888,-23.45498015327888,86.58999633789062,73.34500122070312,76.95462078857422,0.8659690554314612,44.73403838833007,70.43781312150271,False,False,False,False,,
502,XEG,XEG.TO,TSX:XEG,TSX,iShares S&P/TSX Capped Energy Index ETF,1.739,Energy,Long,1590472.7,,https://www.tradingview.com/chart/?symbol=TSX%3AXEG,False,,19.200020392683268,39.29804824196211,28.989999771118164,23.81999969482422,25.110919982910158,0.9451551960767904,56.260101716155866,79.91276644550688,False,False,False,False,,
503,DFAR,DFAR,AMEX:DFAR,US,Dimensional US Real Estate ETF,1.737,Real Estate,Long,2813620.45,,https://www.tradingview.com/chart/?symbol=AMEX%3ADFAR,False,,-68.58009934589823,-68.58009934589823,25.405000686645508,23.200000762939453,24.220700492858885,0.5098267068569753,-27.522828458255827,81.71733849439458,False,False,False,False,,
504,HACK,HACK,AMEX:HACK,US,Amplify Cybersecurity ETF,1.734,Technology,Long,281297.35,,https://www.tradingview.com/chart/?symbol=AMEX%3AHACK,False,,-27.83195452811375,-15.338643820594257,110.41999816894531,71.06999969482422,83.03755947875976,0.7759810527421211,34.89147712236319,62.12437788049243,False,False,False,False,,
505,EWG,EWG,AMEX:EWG,US,iShares MSCI Germany ETF,1.714,Focused Region,Long,792172.5,,https://www.tradingview.com/chart/?symbol=AMEX%3AEWG,False,,-67.14310570769408,-67.14310570769408,42.630001068115234,38.09000015258789,39.633440368652344,0.6941896452565355,46.9757640477578,49.486186918195074,False,False,False,False,,
506,FDIS,FDIS,AMEX:FDIS,US,Fidelity MSCI Consumer Discretionary Index ETF,1.692,Consumer Cyclical,Long,55628.05,,https://www.tradingview.com/chart/?symbol=AMEX%3AFDIS,False,,-70.92308253728797,-70.92308253728797,97.58999633789062,90.31999969482422,93.84819897460937,0.48628750014034006,-12.547895290250041,34.27592402845278,False,False,False,False,,
507,TOUS,TOUS,AMEX:TOUS,US,T. Rowe Price International Equity ETF,1.688,Foreign Large Blend,Long,100223.2,,https://www.tradingview.com/chart/?symbol=AMEX%3ATOUS,False,,-47.888056300692995,-47.888056300692995,38.88999938964844,33.470001220703125,35.0582811126709,0.8053489654687686,50.05066850934484,,False,False,False,False,,
508,FLKR,FLKR,AMEX:FLKR,US,Franklin FTSE South Korea ETF,1.687,Focused Region,Long,573190.8,,https://www.tradingview.com/chart/?symbol=AMEX%3AFLKR,False,,50.23697715704847,51.715027474011855,60.209999084472656,37.60499954223633,45.7930203704834,0.6515347241868055,23.380831896091895,81.59572876493115,False,False,False,False,,
509,IDIV.B,IDIV-B.TO,TSX:IDIV.B,TSX,Manulife Smart International Dividend ETF,1.685,Total Market,Long,113557.2,,https://www.tradingview.com/chart/?symbol=TSX%3AIDIV.B,False,,-39.147707591029096,-39.147707591029096,20.739999771118164,18.110000610351562,18.87464055633545,0.8117281933816175,37.1730223870748,71.83115131720346,False,False,False,False,,
510,IEV,IEV,AMEX:IEV,US,iShares Europe ETF,1.683,Europe Stock,Long,102898.7,,https://www.tradingview.com/chart/?symbol=AMEX%3AIEV,False,,-66.60379399172014,-66.60379399172014,73.06999969482422,65.26000213623047,67.85364163208008,0.7106459578432482,44.687204797667796,67.6542565714088,False,False,False,False,,
511,BIZD,BIZD,AMEX:BIZD,US,VanEck BDC Income ETF,1.681,Financial,Long,2866820.1,,https://www.tradingview.com/chart/?symbol=AMEX%3ABIZD,False,,-71.60020390440772,-71.60020390440772,12.989999771118164,12.109999656677246,12.455739692687988,0.6006826094088913,60.24734470339761,-29.080785860430407,False,False,False,False,,
512,KORU,KORU,AMEX:KORU,US,Direxion Daily MSCI South Korea Bull 3X ETF,1.675,Trading--Leveraged Equity,3X Long,23657476.95,,https://www.tradingview.com/chart/?symbol=AMEX%3AKORU,False,,40.540826520289166,48.03593125269848,21.165000915527344,11.954999923706055,24.03831758880615,0.17988108020594842,-14.536650791997827,66.56004851274518,False,True,False,False,,
513,IHE,IHE,AMEX:IHE,US,iShares U.S. Pharmaceuticals ETF,1.675,Health,Long,197113.5,,https://www.tradingview.com/chart/?symbol=AMEX%3AIHE,False,,-58.74842616911943,-58.74842616911943,101.25,83.7699966430664,89.50007815551757,0.7199340503747295,48.12586668071356,80.38406592697838,False,False,False,False,,
514,INFL,INFL,AMEX:INFL,US,Horizon Kinetics Inflation Beneficiaries ETF,1.67,Global Small/Mid Stock,Long,144663.0,,https://www.tradingview.com/chart/?symbol=AMEX%3AINFL,False,,-5.643754628420683,-5.643754628420683,54.58000183105469,48.189998626708984,50.03787905883789,0.8160921724184298,69.29602664116156,66.34111419210483,False,False,False,False,,
515,FGD,FGD,AMEX:FGD,US,First Trust Dow Jones Global Select Dividend Index Fund,1.668,Foreign Large Value,Long,135659.25,,https://www.tradingview.com/chart/?symbol=AMEX%3AFGD,False,,-18.577464531616062,-18.577464531616062,35.29999923706055,30.959999084472656,32.14943930053711,0.8611109849637377,62.599099521808576,70.83381681071609,False,False,False,False,,
516,XFN,XFN.TO,TSX:XFN,TSX,iShares S&P/TSX Capped Financials Index ETF,1.654,Financials,Long,103181.3,,https://www.tradingview.com/chart/?symbol=TSX%3AXFN,False,,-25.19372701218505,-25.19372701218505,92.33000183105469,73.91999816894531,79.6453586730957,0.7588624089449454,-8.92116767730508,79.73449740679901,False,False,False,False,,
517,QQC,QQC.TO,TSX:QQC,TSX,CI Invesco NASDAQ 100 Index ETF,1.646,US Equity,Long,92352.3,,https://www.tradingview.com/chart/?symbol=TSX%3AQQC,False,,-15.033148261647568,-15.033148261647568,47.880001068115234,38.029998779296875,41.14283935546875,0.7467778973184331,-8.308977274246855,70.72737955210863,False,False,False,False,,
518,BUG,BUG,AMEX:BUG,US,Global X Cybersecurity ETF,1.64,Technology,Long,1312198.55,,https://www.tradingview.com/chart/?symbol=AMEX%3ABUG,False,,-28.638317417312425,-28.638317417312425,40.67499923706055,23.299999237060547,28.29269778442383,0.8212993356399487,43.76708018728967,21.27320706757359,False,False,False,False,,
519,KBE,KBE,AMEX:KBE,US,State Street SPDR S&P Bank ETF,1.612,Financial,Long,1199488.9,,https://www.tradingview.com/chart/?symbol=AMEX%3AKBE,False,,-26.99413675295756,-26.99413675295756,67.94499969482422,57.29999923706055,60.69013963317871,0.7410371885803937,0.7839469626533413,72.1494347433728,False,False,False,False,,
520,FFSM,FFSM,AMEX:FFSM,US,Fidelity Fundamental Small-Mid Cap ETF,1.606,Mid-Cap Blend,Long,224548.1,,https://www.tradingview.com/chart/?symbol=AMEX%3AFFSM,False,,-57.816432760996435,-57.816432760996435,35.290000915527344,30.889999389648438,32.66943960571289,0.5835545081722543,-8.277591746430671,73.65734230229951,False,False,False,False,,
521,TGRT,TGRT,AMEX:TGRT,US,T. Rowe Price Growth ETF,1.601,Large Growth,Long,72388.85,,https://www.tradingview.com/chart/?symbol=AMEX%3ATGRT,False,,-29.44077159452299,-29.44077159452299,45.54999923706055,37.790000915527344,40.0992608795166,0.7930504284663358,20.746305016096922,,False,False,False,False,,
522,SEIV,SEIV,AMEX:SEIV,US,SEI Enhanced U.S. Large Cap Value Factor ETF,1.589,Large Value,Long,143790.65,,https://www.tradingview.com/chart/?symbol=AMEX%3ASEIV,False,,-25.576876956800067,-25.576876956800067,50.31999969482422,40.56999969482422,43.13886019897461,0.8957278903554239,58.08234975568976,78.93093903825104,False,False,False,False,,
523,BKGI,BKGI,AMEX:BKGI,US,BNY Mellon Global Infrastructure Income ETF,1.585,Infrastructure,Long,500717.75,,https://www.tradingview.com/chart/?symbol=AMEX%3ABKGI,False,,-17.199981906348665,-0.1852397522470568,44.029998779296875,43.43000030517578,44.15687983703613,0.19480482485202558,-37.40533831505652,62.12206136619832,False,True,False,False,,
524,ZWU,ZWU.TO,TSX:ZWU,TSX,BMO Covered Call Utilities Fund,1.58,Utilities,Long,224160.25,,https://www.tradingview.com/chart/?symbol=TSX%3AZWU,False,,-25.644210866061332,-21.866266266545164,11.210000038146973,11.210000038146973,11.460160137176514,0.0,-48.07316111998038,58.4678763203514,False,True,False,False,,
525,AVES,AVES,AMEX:AVES,US,Avantis Emerging Markets Value ETF,1.563,Diversified Emerging Mkts,Long,82668.3,,https://www.tradingview.com/chart/?symbol=AMEX%3AAVES,False,,-1.6731882405158405,-1.6731882405158405,65.4800033569336,58.25,60.765760864257814,0.6782364796582948,34.116803539425035,63.8532921965373,False,False,False,False,,
526,XOVR,XOVR,AMEX:XOVR,US,ERShares Private-Public Crossover ETF,1.549,Large Growth,Long,1229508.85,,https://www.tradingview.com/chart/?symbol=AMEX%3AXOVR,False,,0.21707359824786288,0.21707359824786288,20.524999618530273,16.450000762939453,17.60876072692871,0.8299386929184144,36.66137227665001,28.618052717821694,False,False,False,False,,
527,LIT,LIT,AMEX:LIT,US,Global X Lithium & Battery Tech ETF,1.549,Natural Resources,Long,274797.9,,https://www.tradingview.com/chart/?symbol=AMEX%3ALIT,False,,-62.28856104198269,-62.28856104198269,71.62999725341797,66.7300033569336,72.63472256469727,0.19584310767053087,6.703034327778542,50.084133192672844,False,True,False,False,,
528,ASHR,ASHR,AMEX:ASHR,US,Xtrackers Harvest CSI 300 China A-Shares ETF,1.543,Greater China Region,Long,2948509.35,,https://www.tradingview.com/chart/?symbol=AMEX%3AASHR,False,,-56.99697696537918,-56.99697696537918,33.64500045776367,31.93000030517578,33.19496044921875,0.31996267860040484,-41.46170011010521,55.642231641160606,False,False,False,False,,
529,FLQM,FLQM,AMEX:FLQM,US,Franklin U.S. Mid Cap Multifactor Index ETF,1.543,Mid-Cap Blend,Long,42324.9,,https://www.tradingview.com/chart/?symbol=AMEX%3AFLQM,True,2026-09-10 13:30,-79.78689182145844,-79.78689182145844,59.125,54.040000915527344,55.92328080749512,0.6372179669383324,42.62442616194034,69.7427955032813,False,False,False,False,,
530,SEIM,SEIM,AMEX:SEIM,US,SEI Enhanced U.S. Large Cap Momentum Factor ETF,1.504,Large Growth,Long,92607.65,,https://www.tradingview.com/chart/?symbol=AMEX%3ASEIM,False,,-28.232097646192955,-28.232097646192955,52.91999816894531,43.904998779296875,46.79481942749023,0.7362186498622721,-1.0050232248516349,71.2432527410005,False,False,False,False,,
531,FNDB,FNDB,AMEX:FNDB,US,Schwab Fundamental U.S. Broad Market ETF,1.498,Large Value,Long,581123.5,,https://www.tradingview.com/chart/?symbol=AMEX%3AFNDB,False,,-41.12551909097655,-41.12551909097655,31.315000534057617,26.655000686645508,27.898720344543456,0.884250688654385,52.02790668585337,74.34892547292064,False,False,False,False,,
532,USXF,USXF,AMEX:USXF,US,iShares ESG Advanced MSCI USA ETF,1.497,Large Growth,Long,52914.4,,https://www.tradingview.com/chart/?symbol=AMEX%3AUSXF,False,,-11.97684791956379,-11.97684791956379,66.91000366210938,53.310001373291016,57.39516169738769,0.7856730912686634,10.6864479594406,72.39458384068571,False,False,False,False,,
533,DDWM,DDWM,AMEX:DDWM,US,WisdomTree Dynamic International Equity Fund,1.495,Foreign Large Value,Long,95261.7,,https://www.tradingview.com/chart/?symbol=AMEX%3ADDWM,False,,-46.42179401501884,-46.42179401501884,46.47999954223633,42.68000030517578,43.9048399810791,0.7321773107038669,45.6979568090261,65.3131237389469,False,False,False,False,,
534,SMIG,SMIG,AMEX:SMIG,US,Bahl & Gaynor Small/Mid Cap Income Growth ETF,1.488,Mid-Cap Value,Long,204331.75,,https://www.tradingview.com/chart/?symbol=AMEX%3ASMIG,False,,-41.11822525066204,-41.11822525066204,31.875,28.90999984741211,30.026279739379884,0.6268499872171337,-15.05844111826204,75.55215726503992,False,False,False,False,,
535,IWC,IWC,AMEX:IWC,US,iShares Micro-Cap ETF,1.484,Small Blend,Long,49218.2,,https://www.tradingview.com/chart/?symbol=AMEX%3AIWC,False,,-36.7570038597349,-36.7570038597349,190.10000610351562,153.0449981689453,164.62198004150392,0.7553766576491919,18.699242042440886,71.86796136701874,False,False,False,False,,
536,FREL,FREL,AMEX:FREL,US,Fidelity MSCI Real Estate Index ETF,1.476,Real Estate,Long,338787.4,,https://www.tradingview.com/chart/?symbol=AMEX%3AFREL,False,,-70.15920591362323,-70.15920591362323,28.549999237060547,26.420000076293945,27.46548014831543,0.4808124185178998,-22.18673582862061,75.8452045654766,False,False,False,False,,
537,AVLC,AVLC,AMEX:AVLC,US,Avantis U.S. Large Cap Equity ETF,1.473,Large Blend,Long,67313.1,,https://www.tradingview.com/chart/?symbol=AMEX%3AAVLC,False,,-37.103557051934054,-37.103557051934054,90.29000091552734,75.37999725341797,79.52651718139649,0.8486058008584697,39.717023371633566,,False,False,False,False,,
538,RDIV,RDIV,AMEX:RDIV,US,Invesco S&P Ultra Dividend Revenue ETF,1.471,Mid-Cap Value,Long,92747.0,,https://www.tradingview.com/chart/?symbol=AMEX%3ARDIV,False,,-78.58554139886441,-78.58554139886441,61.02000045776367,54.5099983215332,56.775598861694334,0.6781250608463937,43.61273284167686,78.64043598068315,False,False,False,False,,
539,NVDY,NVDY,AMEX:NVDY,US,YieldMax NVDA Option Income Strategy ETF,1.447,Derivative Income,Long,1913077.85,,https://www.tradingview.com/chart/?symbol=AMEX%3ANVDY,False,,-9.661882574320025,-9.661882574320025,12.350000381469727,11.59000015258789,12.371160026550292,0.22960735695027004,49.15358979619714,60.583918145046944,False,True,False,False,,
540,IDVO,IDVO,AMEX:IDVO,US,Amplify CWP International Enhanced Dividend Income ETF,1.446,Derivative Income,Long,253072.95,,https://www.tradingview.com/chart/?symbol=AMEX%3AIDVO,False,,10.914083375974903,10.914083375974903,42.689998626708984,38.959999084472656,40.04441937255859,0.8117515889724977,53.01760524284983,68.58954008545393,False,False,False,False,,
541,IAI,IAI,AMEX:IAI,US,iShares U.S. Broker-Dealers & Securities Exchanges ETF,1.434,Financial,Long,76946.25,,https://www.tradingview.com/chart/?symbol=AMEX%3AIAI,False,,-30.90883630709645,-30.90883630709645,189.63999938964844,158.27000427246094,167.66044268798828,0.7883890527852951,61.74524421274714,56.75307645512035,False,False,False,False,,
542,QQQE,QQQE,AMEX:QQQE,US,Direxion NASDAQ-100 Equal Weighted Index ETF,1.431,Large Growth,Long,141525.4,,https://www.tradingview.com/chart/?symbol=AMEX%3AQQQE,False,,-72.84839668433307,-72.84839668433307,117.55000305175781,96.06300354003906,102.82251513671875,0.7501920534105596,23.739003901905104,76.70405945682045,False,False,False,False,,
543,HHIS,HHIS.TO,TSX:HHIS,TSX,Harvest Diversified High Income Shares ETF,1.43,Total Market,Long,827952.3,,https://www.tradingview.com/chart/?symbol=TSX%3AHHIS,False,,-26.345781368587293,-26.345781368587293,11.0,9.779999732971191,10.369999732971191,0.48800010681152345,36.93304176004296,,False,False,False,False,,
544,FSTA,FSTA,AMEX:FSTA,US,Fidelity MSCI Consumer Staples Index ETF,1.414,Consumer Defensive,Long,122094.6,,https://www.tradingview.com/chart/?symbol=AMEX%3AFSTA,True,2026-09-10 09:30,-80.43600328003434,-80.27280210050496,52.220001220703125,51.34000015258789,52.34300015258789,0.20705907485064337,11.646596250613788,56.04101031519574,False,True,False,False,,
545,IYK,IYK,AMEX:IYK,US,iShares U.S. Consumer Staples ETF,1.404,Consumer Defensive,Long,119163.05,,https://www.tradingview.com/chart/?symbol=AMEX%3AIYK,True,2026-09-10 13:30,-63.63043969719294,-63.63043969719294,73.44999694824219,69.02999877929688,70.94395892333985,0.5450058984340457,32.34060676233515,67.66524698057498,False,False,False,False,,
546,RYLD,RYLD,AMEX:RYLD,US,Global X Russell 2000 Covered Call ETF,1.397,Derivative Income,Long,442053.9,,https://www.tradingview.com/chart/?symbol=AMEX%3ARYLD,False,,-37.71552648951426,-37.71552648951426,15.895000457763672,14.649999618530273,15.0677197265625,0.7033901227383916,49.49732007085635,77.17192637626245,False,False,False,False,,
547,HHL,HHL.TO,TSX:HHL,TSX,Harvest Healthcare Leaders Income ETF,1.392,Health Care,Long,316378.75,,https://www.tradingview.com/chart/?symbol=TSX%3AHHL,True,2026-09-10 13:30,-77.77967235594845,-77.77967235594845,7.150000095367432,6.690000057220459,6.93307999420166,0.446602094565629,57.92546596544455,30.849076127840487,False,False,False,False,,
548,HDIV,HDIV.TO,TSX:HDIV,TSX,Hamilton Enhanced Canadian Covered Call ETF,1.391,Total Market,1.25X Long,188717.45,,https://www.tradingview.com/chart/?symbol=TSX%3AHDIV,False,,-31.44381812329338,-31.44381812329338,23.549999237060547,20.280000686645508,21.202760650634765,0.8363167974493235,54.87116736920293,75.78422437757273,False,False,False,False,,
549,BALI,BALI,AMEX:BALI,US,iShares U.S. Large Cap Premium Income Active ETF,1.382,Derivative Income,Long,230153.7,,https://www.tradingview.com/chart/?symbol=AMEX%3ABALI,False,,-56.884230254895726,-56.884230254895726,34.154998779296875,30.059999465942383,31.268319664001464,0.7998044222913885,51.545440473249506,,False,False,False,False,,
550,BKIE,BKIE,AMEX:BKIE,US,BNY Mellon International Equity ETF,1.366,Foreign Large Blend,Long,92094.7,,https://www.tradingview.com/chart/?symbol=AMEX%3ABKIE,False,,-36.227085651790496,-36.227085651790496,34.01100158691406,30.06333351135254,31.24018662261963,0.791644816938483,56.95689528296305,65.54658039975631,False,False,False,False,,
551,BUYW,BUYW,AMEX:BUYW,US,Main BuyWrite ETF,1.359,Derivative Income,Long,233695.2,,https://www.tradingview.com/chart/?symbol=AMEX%3ABUYW,False,,10.25385916153662,10.25385916153662,14.569999694824219,13.859999656677246,14.04643964767456,0.8987342688999548,61.009129246586205,68.62330250249072,False,False,False,False,,
552,FDT,FDT,AMEX:FDT,US,First Trust Developed Markets ex-US AlphaDEX Fund,1.347,Foreign Large Value,Long,114642.8,,https://www.tradingview.com/chart/?symbol=AMEX%3AFDT,False,,35.964557766910836,35.964557766910836,96.23999786376953,83.81999969482422,87.84615911865234,0.7280187541814097,33.708750099891446,68.53959247825546,False,False,False,False,,
553,EWA,EWA,AMEX:EWA,US,iShares MSCI Australia ETF,1.34,Focused Region,Long,2256429.7,,https://www.tradingview.com/chart/?symbol=AMEX%3AEWA,False,,-48.37140044586579,-48.37140044586579,29.09000015258789,27.15999984741211,27.931719955444336,0.5902140779808005,49.924822841347314,65.31997783128459,False,False,False,False,,
554,XHB,XHB,AMEX:XHB,US,State Street SPDR S&P Homebuilders ETF,1.339,Consumer Cyclical,Long,1525099.25,,https://www.tradingview.com/chart/?symbol=AMEX%3AXHB,False,,-71.97304579464516,-71.97304579464516,96.91000366210938,94.8499984741211,99.88387890625,0.09657782518279427,-47.08687712953277,3.5211920715821443,False,True,False,False,,
556,IHF,IHF,AMEX:IHF,US,iShares U.S. Healthcare Providers ETF,1.325,Health,Long,528318.9,,https://www.tradingview.com/chart/?symbol=AMEX%3AIHF,False,,-25.85690725016411,-25.85690725016411,56.650001525878906,40.970001220703125,45.02212078857422,0.9132208490001804,40.52697233236432,30.86834286835502,False,False,False,False,,
557,MGNR,MGNR,AMEX:MGNR,US,American Beacon GLG Natural Resources ETF,1.325,Natural Resources,Long,383997.75,,https://www.tradingview.com/chart/?symbol=AMEX%3AMGNR,False,,15.997231358858457,26.644618829107284,54.380001068115234,47.429901123046875,49.528483840942386,0.7815863406523118,49.91949628302823,,False,False,False,False,,
558,SEIE,SEIE,AMEX:SEIE,US,SEI Select International Equity ETF,1.32,Foreign Large Blend,Long,88725.45,,https://www.tradingview.com/chart/?symbol=AMEX%3ASEIE,False,,-43.53975061283362,-43.53975061283362,36.40999984741211,31.520000457763672,32.91239991760254,0.8288137773987505,52.070145218758775,,False,False,False,False,,
559,IDU,IDU,AMEX:IDU,US,iShares U.S. Utilities ETF,1.315,Utilities,Long,75343.05,,https://www.tradingview.com/chart/?symbol=AMEX%3AIDU,False,,2.8020828228612626,2.8020828228612626,108.27999877929688,107.54000091552734,110.48056069946288,0.059389881070833976,-54.364528823033936,37.55747007381615,False,True,False,False,,
560,NUGT,NUGT,AMEX:NUGT,US,Direxion Daily Gold Miners Index Bull 2X ETF,1.304,Trading--Leveraged Equity,2X Long,738789.75,,https://www.tradingview.com/chart/?symbol=AMEX%3ANUGT,False,,-17.0994900178177,-17.0994900178177,179.11000061035156,101.83000183105469,138.96696197509766,0.4911031931847437,47.67620221090251,28.687093143859638,False,False,False,False,,
561,FTGS,FTGS,AMEX:FTGS,US,First Trust Growth Strength ETF,1.301,Large Blend,Long,104437.15,,https://www.tradingview.com/chart/?symbol=AMEX%3AFTGS,False,,-75.4227471159936,-75.4227471159936,37.65999984741211,33.08000183105469,34.71786491394043,0.6599327765273003,39.480228528191624,62.52324832186493,False,False,False,False,,
562,SOXS,SOXS,AMEX:SOXS,US,Direxion Daily Semiconductor Bear 3X ETF,1.299,Trading--Inverse Equity,-3X Short,48290028.4,,https://www.tradingview.com/chart/?symbol=AMEX%3ASOXS,False,,-33.879354759308875,-31.183728544879653,46.779998779296875,32.5,139.80447827148436,0.031406701436892816,-17.695906396032957,-39.338355973588236,False,True,False,False,,
563,EWS,EWS,AMEX:EWS,US,iShares MSCI Singapore ETF,1.29,Focused Region,Long,865185.2,,https://www.tradingview.com/chart/?symbol=AMEX%3AEWS,False,,-17.268871396022703,-17.268871396022703,33.3650016784668,27.06999969482422,28.838819442749024,0.8398936465304573,63.8234191596948,73.80059905586005,False,False,False,False,,
564,DVYE,DVYE,AMEX:DVYE,US,iShares Emerging Markets Dividend ETF,1.289,Diversified Emerging Mkts,Long,117777.6,,https://www.tradingview.com/chart/?symbol=AMEX%3ADVYE,False,,43.40808386165619,43.40808386165619,36.040000915527344,31.969999313354492,32.98951969146729,0.9421296510921995,67.21560692271534,65.08234150269266,False,False,False,False,,
565,BTCI,BTCI,AMEX:BTCI,US,NEOS Bitcoin High Income ETF,1.285,Digital Assets,Long,596300.35,,https://www.tradingview.com/chart/?symbol=AMEX%3ABTCI,False,,-11.372133694046772,-11.372133694046772,31.93000030517578,26.629899978637695,29.29908325958252,0.46861663115926155,61.16547310664179,,False,False,False,False,,
566,TGED,TGED.TO,TSX:TGED,TSX,TD Active Global Enhanced Dividend ETF,1.281,Total Market,Long,100768.75,,https://www.tradingview.com/chart/?symbol=TSX%3ATGED,False,,-10.543372946547102,-10.543372946547102,31.5,27.68000030517578,29.655320053100585,0.4563918975272828,-39.183803330553914,67.6492310644993,False,False,False,False,,
567,IGPT,IGPT,AMEX:IGPT,US,Invesco AI and Next Gen Software ETF,1.255,Technology,Long,130976.8,,https://www.tradingview.com/chart/?symbol=AMEX%3AIGPT,False,,46.39174306282234,55.689685481163416,94.42500305175781,55.4900016784668,68.01688121032714,0.7335155016639713,5.902912284082928,85.744554724825,False,False,False,False,,
568,UTES,UTES,AMEX:UTES,US,Virtus Reaves Utilities ETF,1.252,Utilities,Long,183396.1,,https://www.tradingview.com/chart/?symbol=AMEX%3AUTES,False,,32.41914617065637,32.41914617065637,74.94000244140625,73.69000244140625,76.34854229736328,0.11096316624292427,-59.39281071073344,19.53046167148018,False,True,False,False,,
569,AVGE,AVGE,AMEX:AVGE,US,Avantis All Equity Markets ETF,1.248,Global Large-Stock Blend,Long,78872.1,,https://www.tradingview.com/chart/?symbol=AMEX%3AAVGE,False,,-29.588166019907334,-29.588166019907334,99.79000091552734,85.62000274658203,89.59424188232421,0.8414490053695727,49.202667091470325,73.90270918864884,False,False,False,False,,
570,TNA,TNA,AMEX:TNA,US,Direxion Daily Small Cap Bull 3X ETF,1.246,Trading--Leveraged Equity,3X Long,3135456.25,,https://www.tradingview.com/chart/?symbol=AMEX%3ATNA,False,,-58.66338659218758,-58.66338659218758,64.16000366210938,39.9900016784668,48.76448085021973,0.6500808032575343,-2.3019247142528343,70.1421190137864,False,False,False,False,,
571,FTXL,FTXL,AMEX:FTXL,US,First Trust Nasdaq Semiconductor ETF,1.245,Technology,Long,125588.4,,https://www.tradingview.com/chart/?symbol=AMEX%3AFTXL,False,,7.496921906774531,43.356146822649805,229.0449981689453,139.3300018310547,176.59204168701172,0.5682120253638592,-32.24855713230398,83.57037619932284,False,False,False,False,,
572,RWO,RWO,AMEX:RWO,US,State Street SPDR Dow Jones Global Real Estate ETF,1.243,Global Real Estate,Long,63768.55,,https://www.tradingview.com/chart/?symbol=AMEX%3ARWO,False,,-67.21233115674477,-67.21233115674477,48.59000015258789,44.83000183105469,46.57998886108398,0.5070663888674538,-22.001177863008845,73.68209714641556,False,False,False,False,,
573,IYZ,IYZ,AMEX:IYZ,US,iShares U.S. Telecommunications ETF,1.238,Communications,Long,604137.45,,https://www.tradingview.com/chart/?symbol=AMEX%3AIYZ,False,,-33.918188997574255,-33.918188997574255,42.18000030517578,38.599998474121094,40.346398834228516,0.48378393146743126,18.190883834297995,73.03685987267262,False,False,False,False,,
574,SDIV,SDIV,AMEX:SDIV,US,Global X Superdividend ETF,1.238,Global Small/Mid Stock,Long,357267.6,,https://www.tradingview.com/chart/?symbol=AMEX%3ASDIV,False,,-2.612696712857584,-2.612696712857584,24.809999465942383,24.149999618530273,24.629079780578614,0.32512296757038633,55.71541014253048,58.18516528674376,False,False,False,False,,
575,EDIV,EDIV,AMEX:EDIV,US,State Street SPDR S&P Emerging Markets Dividend ETF,1.238,Diversified Emerging Mkts,Long,84103.35,,https://www.tradingview.com/chart/?symbol=AMEX%3AEDIV,False,,-3.0272320187122497,-3.0272320187122497,41.652801513671875,38.599998474121094,39.4983197479248,0.8020087449152516,44.38008274687175,63.10808977876161,False,False,False,False,,
576,MFSI,MFSI,AMEX:MFSI,US,MFS Active International ETF,1.229,Foreign Large Blend,Long,178068.65,,https://www.tradingview.com/chart/?symbol=AMEX%3AMFSI,False,,-45.0901777535168,-45.0901777535168,32.92499923706055,28.780000686645508,29.98832088470459,0.8095698966790905,50.82844480764342,,False,False,False,False,,
577,FFLC,FFLC,AMEX:FFLC,US,Fidelity Fundamental Large Cap Core ETF,1.226,Large Blend,Long,64949.75,,https://www.tradingview.com/chart/?symbol=AMEX%3AFFLC,False,,-16.686291092290418,-16.686291092290418,59.224998474121094,49.619998931884766,52.277359436035155,0.853019335700749,33.783013517153606,68.25105447207612,False,False,False,False,,
578,IYM,IYM,AMEX:IYM,US,iShares U.S. Basic Materials ETF,1.221,Natural Resources,Long,150211.25,,https://www.tradingview.com/chart/?symbol=AMEX%3AIYM,False,,-58.39670984177402,-58.39670984177402,185.9199981689453,163.22999572753906,171.08171673583985,0.6819957778060093,45.76688832511737,68.37508356088033,False,False,False,False,,
579,WINN,WINN,AMEX:WINN,US,Harbor Long-Term Growers ETF,1.2,Large Growth,Long,95545.35,,https://www.tradingview.com/chart/?symbol=AMEX%3AWINN,False,,-35.377066816763524,-35.377066816763524,33.099998474121094,26.760000228881836,28.53590013885498,0.8425247264633801,30.627734563669225,51.43345997495518,False,False,False,False,,
580,EWH,EWH,AMEX:EWH,US,iShares MSCI Hong Kong ETF,1.198,Greater China Region,Long,2359591.05,,https://www.tradingview.com/chart/?symbol=AMEX%3AEWH,False,,-31.224074890404633,-31.224074890404633,22.5,20.875,21.7458401260376,0.44037934005746854,33.38845763966404,48.72193202908218,False,False,False,False,,
581,DFSI,DFSI,AMEX:DFSI,US,Dimensional International Sustainability Core 1 ETF,1.197,Foreign Large Blend,Long,50292.1,,https://www.tradingview.com/chart/?symbol=AMEX%3ADFSI,False,,-46.31518551306946,-46.31518551306946,46.13999938964844,40.869998931884766,42.49752603149414,0.7641778181946915,57.43699145061379,67.27749224194827,False,False,False,False,,
582,QQQJ,QQQJ,AMEX:QQQJ,US,Invesco NASDAQ Next Gen 100 ETF,1.196,Mid-Cap Growth,Long,148141.25,,https://www.tradingview.com/chart/?symbol=AMEX%3AQQQJ,False,,-71.72086606951979,-71.72086606951979,43.72999954223633,34.689998626708984,37.54205931091309,0.7480346501322123,24.206785501216284,77.18765124393168,False,False,False,False,,
583,IYC,IYC,AMEX:IYC,US,iShares U.S. Consumer Discretionary ETF,1.183,Consumer Cyclical,Long,66847.3,,https://www.tradingview.com/chart/?symbol=AMEX%3AIYC,True,2026-09-10 13:30,-76.13286817341411,-76.13286817341411,97.44000244140625,94.20999908447266,96.7776784362793,0.29687538348586284,-6.851486150696201,19.06757058022987,False,False,False,False,,
584,CHPY,CHPY,AMEX:CHPY,US,YieldMax Semiconductor Portfolio Option Income ETF,1.182,Derivative Income,Long,546018.8,,https://www.tradingview.com/chart/?symbol=AMEX%3ACHPY,False,,-15.180401642623899,16.30488075941292,66.25,52.400001525878906,61.14144174194336,0.37392003595537465,-30.259619611828118,,False,False,False,False,,
585,MOO,MOO,AMEX:MOO,US,VanEck Agribusiness ETF,1.174,Natural Resources,Long,462897.5,,https://www.tradingview.com/chart/?symbol=AMEX%3AMOO,False,,26.4452526521724,26.4452526521724,86.77999877929688,76.58000183105469,79.4875217590332,0.827921850722718,66.65016921740259,60.6187116741013,False,False,False,False,,
586,RSPA,RSPA,AMEX:RSPA,US,Invesco S&P 500 Equal Weight Income Advantage ETF,1.17,Derivative Income,Long,270430.45,,https://www.tradingview.com/chart/?symbol=AMEX%3ARSPA,False,,-80.97811379264378,-80.97811379264378,52.7599983215332,49.17499923706055,50.54497930908203,0.6175708692515045,44.72979904299107,,False,False,False,False,,
587,APIE,APIE,AMEX:APIE,US,ActivePassive International Equity ETF,1.168,Foreign Large Blend,Long,64151.6,,https://www.tradingview.com/chart/?symbol=AMEX%3AAPIE,False,,-29.122208702659716,-29.122208702659716,38.939998626708984,34.13199996948242,35.53808801269531,0.8069819586209722,45.07712857108433,67.41528141002469,False,False,False,False,,
588,FXH,FXH,AMEX:FXH,US,First Trust Health Care AlphaDEX Fund,1.161,Health,Long,53424.65,,https://www.tradingview.com/chart/?symbol=AMEX%3AFXH,False,,-64.19224108793442,-64.19224108793442,129.30999755859375,104.81999969482422,112.08424325561523,0.7956285396383729,62.523223016699454,69.66932677257759,False,False,False,False,,
589,BLOK,BLOK,AMEX:BLOK,US,Amplify Blockchain Technology ETF,1.153,Equity Digital Assets,Long,205400.35,,https://www.tradingview.com/chart/?symbol=AMEX%3ABLOK,False,,18.924138347774694,18.924138347774694,62.83000183105469,47.369998931884766,52.49827882385254,0.7114589611067643,19.33345181043639,36.934240519239076,False,False,False,False,,
590,OAKM,OAKM,AMEX:OAKM,US,Oakmark U.S. Large Cap ETF,1.15,Large Value,Long,156439.55,,https://www.tradingview.com/chart/?symbol=AMEX%3AOAKM,False,,-47.30360438510193,-47.30360438510193,30.80500030517578,26.989999771118164,28.198319969177245,0.7451171696739067,70.26539128705663,,False,False,False,False,,
591,PEY,PEY,AMEX:PEY,US,Invesco High Yield Equity Dividend Achievers ETF,1.14,Mid-Cap Value,Long,287329.65,,https://www.tradingview.com/chart/?symbol=AMEX%3APEY,True,2026-09-10 13:30,-87.91383262176105,-87.91383262176105,23.885000228881836,20.604999542236328,21.708299812316895,0.7016042532028149,43.911094403832095,85.14416058153385,False,False,False,False,,
592,EWI,EWI,AMEX:EWI,US,iShares MSCI Italy ETF,1.12,Focused Region,Long,322325.7,,https://www.tradingview.com/chart/?symbol=AMEX%3AEWI,False,,-59.38331570729637,-59.38331570729637,61.025001525878906,50.685001373291016,53.675120941162106,0.8161011560310764,31.72282114317044,70.7231116640581,False,False,False,False,,
593,EIPI,EIPI,AMEX:EIPI,US,FT Energy Income Partners Enhanced Income ETF,1.117,Derivative Income,Long,69614.35,,https://www.tradingview.com/chart/?symbol=AMEX%3AEIPI,False,,29.727869447823178,29.727869447823178,22.735000610351562,21.600000381469727,21.93035302734375,0.8108306603914985,65.71257819238316,,False,False,False,False,,
594,EUAD,EUAD,AMEX:EUAD,US,Select STOXX Europe Aerospace & Defense ETF,1.111,Industrials,Long,111209.35,,https://www.tradingview.com/chart/?symbol=AMEX%3AEUAD,False,,-67.9276196972347,-67.9276196972347,42.400001525878906,37.63999938964844,40.10494909667969,0.45573364070918504,22.64768216874639,,False,False,False,False,,
595,OMAH,OMAH,AMEX:OMAH,US,VistaShares Target 15 Berkshire Select Income ETF,1.102,Derivative Income,Long,1073346.75,,https://www.tradingview.com/chart/?symbol=AMEX%3AOMAH,False,,-46.560418647694725,-46.560418647694725,18.139999389648438,17.8700008392334,18.17562085723877,0.20849307684037038,-11.70564857572879,,False,True,False,False,,
596,GSID,GSID,AMEX:GSID,US,Marketbeta INTL Equity ETF,1.095,Foreign Large Blend,Long,89488.5,,https://www.tradingview.com/chart/?symbol=AMEX%3AGSID,False,,-29.602371629149598,-29.602371629149598,76.52999877929688,67.5199966430664,70.16319772338868,0.8044641476505221,54.98449112207058,70.54809986579139,False,False,False,False,,
597,IMFL,IMFL,AMEX:IMFL,US,Invesco International Developed Dynamic Multifactor ETF,1.09,Foreign Large Blend,Long,58737.8,,https://www.tradingview.com/chart/?symbol=AMEX%3AIMFL,False,,-20.84472016928645,-20.84472016928645,34.31999969482422,30.65999984741211,31.771559631347657,0.7770701823441846,41.431509978132276,71.41000930972739,False,False,False,False,,
598,TRFK,TRFK,AMEX:TRFK,US,Pacer Data and Digital Revolution ETF,1.078,Technology,Long,121242.3,,https://www.tradingview.com/chart/?symbol=AMEX%3ATRFK,False,,17.372068613083197,43.59611067918141,95.2300033569336,59.404998779296875,71.52575006103515,0.6975393590544617,-4.894491861418867,79.1399501381393,False,False,False,False,,
599,UMAX,UMAX.TO,TSX:UMAX,TSX,Hamilton Utilities YIELD MAXIMIZER ETF,1.07,Utilities,Long,378770.1,,https://www.tradingview.com/chart/?symbol=TSX%3AUMAX,False,,-65.97261722300472,-65.97261722300472,12.5,12.484999656677246,12.809499656677247,0.010909340598366478,-45.06982887991102,,False,True,False,False,,
600,HAUZ,HAUZ,AMEX:HAUZ,US,Xtrackers International Real Estate ETF,1.068,Global Real Estate,Long,86107.95,,https://www.tradingview.com/chart/?symbol=AMEX%3AHAUZ,False,,-52.572013401614406,-52.572013401614406,22.010000228881836,21.979999542236328,22.593599632263185,0.011538723939936133,-22.396465733048714,21.637253028164753,False,True,False,False,,
601,IVES,IVES,AMEX:IVES,US,Dan IVES Wedbush AI Revolution ETF,1.063,Technology,Long,248198.45,,https://www.tradingview.com/chart/?symbol=AMEX%3AIVES,False,,24.556853900679013,30.03591330709052,39.220001220703125,27.139999389648438,30.59503924560547,0.8251367714944129,38.74650327802318,,False,False,False,False,,
602,XLSR,XLSR,AMEX:XLSR,US,State Street US Sector Rotation ETF,1.061,Large Blend,Long,41900.45,,https://www.tradingview.com/chart/?symbol=AMEX%3AXLSR,False,,-39.80393235850597,-39.80393235850597,65.29000091552734,55.93600082397461,58.56966535949707,0.8382024330856994,30.177560428793623,60.24909023315462,False,False,False,False,,
603,GFLW,GFLW,AMEX:GFLW,US,VictoryShares Free Cash Flow Growth ETF,1.056,Large Growth,Long,156446.75,,https://www.tradingview.com/chart/?symbol=AMEX%3AGFLW,False,,-47.407125720274024,-47.407125720274024,32.814998626708984,25.190000534057617,27.462680335998535,0.7917963403066771,35.51405469957245,,False,False,False,False,,
604,IDHQ,IDHQ,AMEX:IDHQ,US,Invesco S&P International Developed High Quality ETF,1.055,Foreign Large Growth,Long,136760.05,,https://www.tradingview.com/chart/?symbol=AMEX%3AIDHQ,False,,-68.16535693915802,-68.16535693915802,43.77000045776367,34.25,37.105151306152344,0.7869005412045743,47.977593282220035,85.54962051447649,False,False,False,False,,
605,ECH,ECH,AMEX:ECH,US,iShares MSCI Chile ETF,1.051,Focused Region,Long,404518.4,,https://www.tradingview.com/chart/?symbol=AMEX%3AECH,False,,-34.282383342133215,-34.282383342133215,39.80500030517578,37.79999923706055,39.518079849243165,0.2754121364969459,32.3535875566628,52.47591578822824,False,False,False,False,,
606,PPH,PPH,AMEX:PPH,US,VanEck Pharmaceutical ETF,1.049,Health,Long,239042.15,,https://www.tradingview.com/chart/?symbol=AMEX%3APPH,False,,-56.766553300379066,-56.766553300379066,109.55999755859375,98.8550033569336,103.34254321289063,0.5629763105586972,56.48739713481759,68.52718210035377,False,False,False,False,,
607,TVAL,TVAL,AMEX:TVAL,US,T. Rowe Price Value ETF,1.046,Large Value,Long,88694.0,,https://www.tradingview.com/chart/?symbol=AMEX%3ATVAL,False,,-41.09205738225973,-41.09205738225973,42.68000030517578,35.45000076293945,37.34980058288574,0.8981366742186623,42.19225068672098,,False,False,False,False,,
608,TAN,TAN,AMEX:TAN,US,Invesco Solar ETF,1.045,Miscellaneous Sector,Long,846303.35,,https://www.tradingview.com/chart/?symbol=AMEX%3ATAN,False,,-16.8483225131149,-10.893525080572497,47.060001373291016,46.80500030517578,53.213580017089846,0.009390575569078966,-55.29749882900461,34.33611951721662,False,True,False,False,,
609,JHEM,JHEM,AMEX:JHEM,US,John Hancock Multifactor Emerging Markets ETF,1.039,Diversified Emerging Mkts,Long,103655.95,,https://www.tradingview.com/chart/?symbol=AMEX%3AJHEM,False,,42.8051481209161,42.8051481209161,40.099300384521484,33.18000030517578,35.289816574096676,0.7739796316770221,37.91217757195195,74.9657708483095,False,False,False,False,,
610,PBPH,PBPH,AMEX:PBPH,US,Portfolio Building Block World Pharma and Biotech Index ETF,1.037,Health,Long,85330.2,,https://www.tradingview.com/chart/?symbol=AMEX%3APBPH,False,,-54.294730989763025,-54.294730989763025,27.84000015258789,24.280000686645508,25.589800506591796,0.6414414333915962,64.55028052188054,,False,False,False,False,,
611,SLVP,SLVP,AMEX:SLVP,US,iShares MSCI Global Silver Miners ETF,1.027,Equity Precious Metals,Long,314734.6,,https://www.tradingview.com/chart/?symbol=AMEX%3ASLVP,False,,-0.5775582693329705,-0.5775582693329705,39.220001220703125,28.799999237060547,32.094559020996094,0.7464185291553833,50.22553832392086,50.54935235245275,False,False,False,False,,
612,AIS,AIS,AMEX:AIS,US,VistaShares Artificial Intelligence Supercycle ETF,1.007,Technology,Long,389869.0,,https://www.tradingview.com/chart/?symbol=AMEX%3AAIS,False,,6.451802648878126,38.459610296763515,69.66000366210938,39.5,51.05219927978516,0.6161390304885899,-11.75140070915768,,False,False,False,False,,
613,RSPN,RSPN,AMEX:RSPN,US,Invesco S&P 500 Equal Weight Industrials ETF,1.006,Industrials,Long,274057.85,,https://www.tradingview.com/chart/?symbol=AMEX%3ARSPN,False,,-70.9087002232457,-70.9087002232457,59.31999969482422,55.900001525878906,58.07238195800781,0.371536935213565,-15.317789549469907,61.47261534822612,False,False,False,False,,
614,MSOS,MSOS,AMEX:MSOS,US,AdvisorShares Pure US Cannabis ETF,1.002,Miscellaneous Sector,Long,4107084.5,,https://www.tradingview.com/chart/?symbol=AMEX%3AMSOS,False,,37.54018822077351,37.54018822077351,4.829999923706055,3.1500000953674316,3.768320068359375,0.641221336534573,30.467537891244408,14.528294006151347,False,False,False,False,,
615,AMDL,AMDL,AMEX:AMDL,US,GraniteShares 2x Long AMD Daily ETF,0.996,Trading--Leveraged Equity,2X Long,2024996.95,,https://www.tradingview.com/chart/?symbol=AMEX%3AAMDL,False,,-14.685315703466472,46.80170730713229,54.95000076293945,11.125,27.976579711914063,0.6137525595147275,-40.929584005488586,,False,False,False,False,,
616,MSTY,MSTY,AMEX:MSTY,US,YieldMax MSTR Option Income Strategy ETF,0.976,Derivative Income,Long,2264183.15,,https://www.tradingview.com/chart/?symbol=AMEX%3AMSTY,False,,-2.7220386619008643,-2.7220386619008643,14.369999885559082,11.550000190734863,15.379100055694579,0.17380584248238642,40.084713644538944,,False,True,False,False,,
617,FHEQ,FHEQ,AMEX:FHEQ,US,Fidelity Hedged Equity ETF,0.976,Equity Hedged,Long,66490.95,,https://www.tradingview.com/chart/?symbol=AMEX%3AFHEQ,False,,-32.11506486423451,-32.11506486423451,33.75,28.920000076293945,30.25339998626709,0.8548673008516903,43.63257942706009,,False,False,False,False,,
618,JHMD,JHMD,AMEX:JHMD,US,John Hancock Multifactor Developed International ETF,0.974,Foreign Large Blend,Long,75572.6,,https://www.tradingview.com/chart/?symbol=AMEX%3AJHMD,False,,-35.255119786557096,-35.255119786557096,45.5099983215332,40.779998779296875,42.2007188873291,0.7857141499277299,53.52128296217537,68.85284892947163,False,False,False,False,,
619,FTQI,FTQI,AMEX:FTQI,US,First Trust Nasdaq BuyWrite Income ETF,0.97,Derivative Income,Long,239094.65,,https://www.tradingview.com/chart/?symbol=AMEX%3AFTQI,False,,2.4023466794570036,2.4023466794570036,21.860000610351562,19.309999465942383,20.05103977203369,0.8121019398456506,44.88893743303752,74.34564738658527,False,False,False,False,,
620,GII,GII,AMEX:GII,US,State Street SPDR S&P Global Infrastructure ETF,0.954,Infrastructure,Long,36493.0,,https://www.tradingview.com/chart/?symbol=AMEX%3AGII,False,,-36.16375507136163,-36.16375507136163,72.87000274658203,72.87000274658203,74.27181811523438,0.0,-60.63473935145566,55.38731452790267,False,True,True,False,,
621,FDD,FDD,AMEX:FDD,US,First Trust Stoxx European Select Dividend Index Fund,0.948,Europe Stock,Long,119342.35,,https://www.tradingview.com/chart/?symbol=AMEX%3AFDD,False,,-15.300885205501446,-15.300885205501446,20.239999771118164,17.110000610351562,17.969040466308595,0.8598900235169837,61.57273033497304,73.02665776348653,False,False,False,False,,
622,BANK,BANK.TO,TSX:BANK,TSX,Evolve Canadian Banks and Lifecos Enhanced Yield Index Fund,0.947,Financials,1.25X Long,524530.7,,https://www.tradingview.com/chart/?symbol=TSX%3ABANK,False,,-17.102671489275682,-17.102671489275682,11.3100004196167,9.09000015258789,9.805080089569092,0.7326734200243297,-2.2854398697157388,83.65725484751181,False,False,False,False,,
623,EYLD,EYLD,AMEX:EYLD,US,Cambria Emerging Shareholder Yield ETF,0.945,Diversified Emerging Mkts,Long,68648.4,,https://www.tradingview.com/chart/?symbol=AMEX%3AEYLD,False,,47.66873873871992,47.66873873871992,49.29999923706055,40.13999938964844,42.50233558654785,0.9150941203147062,66.48964639718493,74.47603051187188,False,False,False,False,,
624,JDVL,JDVL,AMEX:JDVL,US,John Hancock Disciplined Value Select ETF,0.945,Large Value,Long,106036.65,,https://www.tradingview.com/chart/?symbol=AMEX%3AJDVL,False,,-49.65774060934322,-49.65774060934322,31.729999542236328,26.447599411010742,27.91235750579834,0.8510937303609936,45.67156018222507,,False,False,False,False,,
625,MLPI,MLPI,AMEX:MLPI,US,NEOS MLP & Energy Infrastructure High Income ETF,0.944,Energy Limited Partnership,Long,206137.25,,https://www.tradingview.com/chart/?symbol=AMEX%3AMLPI,False,,8.92839345606967,8.92839345606967,54.25,52.91999816894531,54.20501899719238,0.24426096856116997,25.741465395070744,,False,False,False,False,,
626,GWX,GWX,AMEX:GWX,US,State Street SPDR S&P International Small Cap ETF,0.944,Foreign Small/Mid Blend,Long,40693.5,,https://www.tradingview.com/chart/?symbol=AMEX%3AGWX,False,,-2.555899992464557,-2.555899992464557,45.90999984741211,40.900001525878906,42.351400985717774,0.8146341765988394,41.10921433203787,64.07155875757246,False,False,False,False,,
627,AIPO,AIPO,AMEX:AIPO,US,Defiance AI & Power Infrastructure ETF,0.929,Technology,Long,1125872.0,,https://www.tradingview.com/chart/?symbol=AMEX%3AAIPO,False,,9.067976329147143,23.123764494486,28.428800582885742,23.840999603271484,26.422603408813476,0.4193986036372665,-41.26988240410265,,False,False,False,False,,
628,AUSF,AUSF,AMEX:AUSF,US,Global X Adaptive U.S. Factor ETF,0.926,Mid-Cap Value,Long,52274.15,,https://www.tradingview.com/chart/?symbol=AMEX%3AAUSF,False,,-69.00113309987397,-69.00113309987397,50.919898986816406,47.369998931884766,48.57477882385254,0.6953771544074515,50.98031931661444,70.5561330988367,False,False,False,False,,
629,SPHB,SPHB,AMEX:SPHB,US,Invesco S&P 500 High Beta ETF,0.923,Mid-Cap Blend,Long,213099.65,,https://www.tradingview.com/chart/?symbol=AMEX%3ASPHB,False,,5.305263341482248,15.436998181889512,145.13999938964844,111.31999969482422,122.06743991088867,0.7426438079691152,8.87149158317276,73.6644107659023,False,False,False,False,,
630,GGLL,GGLL,AMEX:GGLL,US,Direxion Daily GOOGL Bull 2X ETF,0.92,Trading--Leveraged Equity,2X Long,1023362.45,,https://www.tradingview.com/chart/?symbol=AMEX%3AGGLL,True,2026-09-10 13:30,-58.76072196045367,-58.76072196045367,94.41000366210938,70.91000366210938,89.29912322998047,0.30159138285716525,-46.616984617841176,56.64976024506971,False,False,False,False,,
631,FDV,FDV,AMEX:FDV,US,Federated Hermes U.S. Strategic Dividend ETF,0.916,Large Value,Long,109184.4,,https://www.tradingview.com/chart/?symbol=AMEX%3AFDV,False,,-61.21944037233056,-61.21944037233056,32.970001220703125,30.0,30.960519927978517,0.7297300843732367,55.15328264434967,75.39598639849785,False,False,False,False,,
632,EEMA,EEMA,AMEX:EEMA,US,iShares MSCI Emerging Markets Asia ETF,0.902,Pacific/Asia ex-Japan Stk,Long,56883.7,,https://www.tradingview.com/chart/?symbol=AMEX%3AEEMA,False,,35.10081591391826,35.10081591391826,115.9800033569336,92.377197265625,99.33985806274414,0.8000191880456924,37.44011474220839,75.27736727001285,False,False,False,False,,
633,PID,PID,AMEX:PID,US,Invesco International Dividend Achievers ETF,0.901,Foreign Large Value,Long,56589.95,,https://www.tradingview.com/chart/?symbol=AMEX%3APID,False,,-55.18811676671856,-55.18811676671856,22.350000381469727,21.709999084472656,22.132439300537108,0.35754244114926753,-1.449450048371908,61.11565438533131,False,False,False,False,,
634,TSME,TSME,AMEX:TSME,US,Thrivent Small-Mid Cap Equity ETF,0.896,Mid-Cap Blend,Long,36049.2,,https://www.tradingview.com/chart/?symbol=AMEX%3ATSME,False,,-24.265672309187337,-24.265672309187337,46.22999954223633,40.005699157714844,42.907153976440426,0.5062752937825428,-24.099910022728256,66.2350197753655,False,False,False,False,,
635,AGIX,AGIX,AMEX:AGIX,US,KraneShares Public-Private AI & Technology ETF,0.884,Technology,Long,145590.3,,https://www.tradingview.com/chart/?symbol=AMEX%3AAGIX,False,,20.32467627131433,33.605159193045935,45.290000915527344,31.219999313354492,35.51283943939209,0.7735019895040254,18.83169818912991,,False,False,False,False,,
636,HYLD,HYLD.TO,TSX:HYLD,TSX,Hamilton Enhanced U.S. Covered Call ETF,0.883,Total Market,1.25X Long,139047.7,,https://www.tradingview.com/chart/?symbol=TSX%3AHYLD,False,,-32.01714426971066,-32.01714426971066,15.640000343322754,12.944999694824219,13.732059928894042,0.8080959061504683,32.82207446060045,71.76679651168853,False,False,False,False,,
637,INFO,INFO,AMEX:INFO,US,Harbor PanAgora Dynamic Large Cap Core ETF,0.881,Large Blend,Long,57406.8,,https://www.tradingview.com/chart/?symbol=AMEX%3AINFO,False,,-28.339567974273535,-28.339567974273535,27.8799991607666,22.79789924621582,24.165637199401857,0.8769045101367084,44.452180060422876,,False,False,False,False,,
638,AVRE,AVRE,AMEX:AVRE,US,Avantis Real Estate ETF,0.881,Global Real Estate,Long,53878.15,,https://www.tradingview.com/chart/?symbol=AMEX%3AAVRE,False,,-75.96644040337979,-75.96644040337979,46.02000045776367,43.15959930419922,44.70313404846191,0.4373433605886638,-27.29666334279746,71.7110000638756,False,False,False,False,,
639,RSPH,RSPH,AMEX:RSPH,US,Invesco S&P 500 Equal Weight Health Care ETF,0.868,Health,Long,160196.4,,https://www.tradingview.com/chart/?symbol=AMEX%3ARSPH,False,,-63.46189314341952,-63.46189314341952,35.93000030517578,29.610000610351562,31.597120178222657,0.750593951211733,68.50167036169246,64.83736135241895,False,False,False,False,,
640,SH,SH,AMEX:SH,US,ProShares Short S&P500,0.863,Trading--Inverse Equity,-1X Short,6364903.15,,https://www.tradingview.com/chart/?symbol=AMEX%3ASH,False,,-10.468500467806894,43.86528856018663,32.880001068115234,31.895000457763672,33.57886006164551,0.13805197506197883,-30.705019680538964,-58.31230500863501,False,True,False,False,,
641,UDOW,UDOW,AMEX:UDOW,US,ProShares UltraPro Dow30,0.856,Trading--Leveraged Equity,3X Long,1389847.1,,https://www.tradingview.com/chart/?symbol=AMEX%3AUDOW,False,,-57.17494245575591,-57.17494245575591,67.81500244140625,46.54999923706055,54.05833891296387,0.6683955405389689,25.72948359552773,69.00388329515134,False,False,False,False,,
642,QQA,QQA,AMEX:QQA,US,Invesco QQQ Income Advantage ETF,0.856,Derivative Income,Long,102501.45,,https://www.tradingview.com/chart/?symbol=AMEX%3AQQA,False,,8.376343540258993,8.376343540258993,55.709999084472656,48.439998626708984,50.80471873474121,0.7255489147339058,24.250864804037832,,False,False,False,False,,
643,EPOL,EPOL,AMEX:EPOL,US,iShares MSCI Poland ETF,0.855,Focused Region,Long,371888.5,,https://www.tradingview.com/chart/?symbol=AMEX%3AEPOL,False,,51.270713958667905,54.54314375055759,45.15999984741211,34.470001220703125,37.17220050048828,0.9336245830484803,61.86589316848185,72.80637213806837,False,False,False,False,,
644,REZ,REZ,AMEX:REZ,US,iShares Residential and Multisector Real Estate ETF,0.844,Real Estate,Long,62615.25,,https://www.tradingview.com/chart/?symbol=AMEX%3AREZ,False,,-70.95999620595472,-70.95999620595472,91.81999969482422,82.30000305175781,86.40406631469726,0.5474377619984601,-12.781607025344337,82.90150274546988,False,False,False,False,,
645,SFLO,SFLO,AMEX:SFLO,US,VictoryShares Small Cap Free Cash Flow ETF,0.839,Small Value,Long,230242.35,,https://www.tradingview.com/chart/?symbol=AMEX%3ASFLO,False,,-51.96685825225535,-51.96685825225535,38.619998931884766,29.31999969482422,31.920696395874025,0.8439276364138617,63.97978649958406,,False,False,False,False,,
646,ARKF,ARKF,AMEX:ARKF,US,ARK Blockchain & Fintech Innovation ETF,0.831,Technology,Long,88613.65,,https://www.tradingview.com/chart/?symbol=AMEX%3AARKF,False,,-23.15887547026176,-23.15887547026176,44.72999954223633,36.16999816894531,38.87691845703125,0.7462947220825384,66.22609776763726,-4.559398231012042,False,False,False,False,,
647,ARGT,ARGT,AMEX:ARGT,US,Global X MSCI Argentina ETF,0.818,Focused Region,Long,118698.1,,https://www.tradingview.com/chart/?symbol=AMEX%3AARGT,False,,20.089904933704396,25.566946656636862,96.94999694824219,85.52999877929688,88.75609494018555,0.8354120377889438,26.549508274127675,46.688034137918216,False,False,False,False,,
648,FEM,FEM,AMEX:FEM,US,First Trust Emerging Markets AlphaDEX Fund,0.817,Diversified Emerging Mkts,Long,75438.35,,https://www.tradingview.com/chart/?symbol=AMEX%3AFEM,False,,55.26456422627837,55.26456422627837,33.2400016784668,28.770000457763672,29.97360009765625,0.8764710898219359,42.62416381933063,68.77737956558077,False,False,False,False,,
649,SLVR,SLVR,AMEX:SLVR,US,Sprott Silver Miners & Physical Silver ETF,0.804,Equity Precious Metals,Long,145136.15,,https://www.tradingview.com/chart/?symbol=AMEX%3ASLVR,False,,2.308765259059026,2.308765259059026,60.97999954223633,46.86000061035156,53.42316003417969,0.5077310381683745,42.31687223105999,,False,False,False,False,,
650,SAMT,SAMT,AMEX:SAMT,US,Strategas Macro Thematic Opportunities ETF,0.801,Large Blend,Long,163575.0,,https://www.tradingview.com/chart/?symbol=AMEX%3ASAMT,False,,-66.17004906385458,-66.17004906385458,41.540000915527344,38.5,40.69716032409668,0.32653066241737044,-52.91470666327266,66.1264438568506,False,False,False,False,,
651,DIV,DIV,AMEX:DIV,US,Global X SuperDividend US ETF,0.795,Small Value,Long,171166.55,,https://www.tradingview.com/chart/?symbol=AMEX%3ADIV,False,,-54.123485504321366,-54.123485504321366,19.600000381469727,18.610000610351562,18.96400061035156,0.6599998474121094,51.87849755081663,78.10821602902847,False,False,False,False,,
652,AVMV,AVMV,AMEX:AVMV,US,Avantis U.S. Mid Cap Value ETF,0.793,Mid-Cap Value,Long,56776.3,,https://www.tradingview.com/chart/?symbol=AMEX%3AAVMV,False,,-59.11185847580756,-59.11185847580756,79.5199966430664,71.89510345458984,74.74961737060546,0.6303962234635744,19.273004017695005,,False,False,False,False,,
653,FXU,FXU,AMEX:FXU,US,First Trust Utilities AlphaDEX Fund,0.791,Utilities,Long,241436.05,,https://www.tradingview.com/chart/?symbol=AMEX%3AFXU,False,,-18.93195782655215,-9.226345999048391,46.66999816894531,46.435001373291016,47.64332112121582,0.045897821226261515,-51.070728837800566,48.63113547226924,False,True,False,False,,
654,IGE,IGE,AMEX:IGE,US,iShares North American Natural Resources ETF,0.789,Natural Resources,Long,232315.35,,https://www.tradingview.com/chart/?symbol=AMEX%3AIGE,False,,33.54487451746443,33.54487451746443,65.7300033569336,55.720001220703125,58.3502204284668,0.8981610723461234,65.03715566825103,73.01679186772705,False,False,False,False,,
655,EWJV,EWJV,AMEX:EWJV,US,iShares MSCI Japan Value ETF,0.787,Japan Stock,Long,123617.3,,https://www.tradingview.com/chart/?symbol=AMEX%3AEWJV,False,,38.878178737786385,38.878178737786385,48.779998779296875,40.5,42.662940216064456,0.9034367651037439,69.07591035780266,74.86296080001694,False,False,False,False,,
656,SMIN,SMIN,AMEX:SMIN,US,iShares MSCI India Small Cap ETF,0.777,India Equity,Long,44027.25,,https://www.tradingview.com/chart/?symbol=AMEX%3ASMIN,False,,-25.90963591665016,-25.90963591665016,71.19000244140625,57.850101470947266,61.29315965270996,0.9143663751324037,50.33671450223425,-1.8417912333986586,False,False,False,False,,
657,AFLG,AFLG,AMEX:AFLG,US,First Trust Active Factor Large Cap ETF,0.777,Large Blend,Long,61212.15,,https://www.tradingview.com/chart/?symbol=AMEX%3AAFLG,False,,-34.44525144201629,-34.44525144201629,44.25,37.53799819946289,39.37860986328125,0.8606011012886192,49.90000420003,71.47398096226355,False,False,False,False,,
658,ROBT,ROBT,AMEX:ROBT,US,First Trust Nasdaq Artificial Intelligence & Robotics ETF,0.769,Technology,Long,39209.4,,https://www.tradingview.com/chart/?symbol=AMEX%3AROBT,False,,-63.30618081580411,-63.30618081580411,56.82630157470703,44.349998474121094,48.22629919433594,0.7595921328763904,40.166323493666624,53.479376107065576,False,False,False,False,,
659,NUKZ,NUKZ,AMEX:NUKZ,US,Range Nuclear Renaissance Index ETF,0.768,Miscellaneous Sector,Long,110651.65,,https://www.tradingview.com/chart/?symbol=AMEX%3ANUKZ,False,,-3.6481178771828184,18.04288048883521,64.68000030517578,60.81999969482422,64.46619897460937,0.24983827655647087,-15.323513232949788,,False,False,False,False,,
660,XRE,XRE.TO,TSX:XRE,TSX,iShares S&P/TSX Capped REIT Index ETF,0.765,Real Estate,Long,245800.0,,https://www.tradingview.com/chart/?symbol=TSX%3AXRE,False,,-61.90695767402923,-61.90695767402923,15.600000381469727,15.260000228881836,15.788640174865723,0.1517857979146887,-55.71588935026404,61.61512914956425,False,True,False,False,,
661,ARKX,ARKX,AMEX:ARKX,US,ARK Space & Defense Innovation ETF,0.763,Technology,Long,65825.75,,https://www.tradingview.com/chart/?symbol=AMEX%3AARKX,False,,-26.476383610514628,-26.476383610514628,31.670000076293945,28.020000457763672,30.316280349731446,0.37512844709665455,-11.309670744784862,56.21232637181702,False,False,False,False,,
662,QQH,QQH,AMEX:QQH,US,HCM Defender 100 Index ETF,0.756,Large Growth,Long,34926.15,,https://www.tradingview.com/chart/?symbol=AMEX%3AQQH,False,,-3.630421333748623,-3.630421333748623,82.9800033569336,68.77999877929688,73.62271978759766,0.6920078762699853,10.0431464797242,56.503429409083594,False,False,False,False,,
663,QDVO,QDVO,AMEX:QDVO,US,Amplify CWP Growth & Income ETF,0.75,Derivative Income,Long,203377.0,,https://www.tradingview.com/chart/?symbol=AMEX%3AQDVO,False,,-22.320133092239672,-22.320133092239672,29.389999389648438,25.850000381469727,27.048880363464356,0.6968502089260162,30.831303561021446,,False,False,False,False,,
664,EWD,EWD,AMEX:EWD,US,iShares MSCI Sweden ETF,0.749,Focused Region,Long,201292.6,,https://www.tradingview.com/chart/?symbol=AMEX%3AEWD,False,,-52.90371219045258,-52.90371219045258,51.595001220703125,46.779998779296875,48.585399139404295,0.62941195830063,51.04450049648926,62.16641136061495,False,False,False,False,,
665,ULTY,ULTY,AMEX:ULTY,US,YieldMax Ultra Option Income Strategy ETF,0.748,Derivative Income,Long,412103.25,,https://www.tradingview.com/chart/?symbol=AMEX%3AULTY,False,,-29.901275744309306,-29.901275744309306,25.479999542236328,25.3799991607666,27.439099250793458,0.01146136127192713,17.43527886032167,,False,True,False,False,,
666,VOLT,VOLT,AMEX:VOLT,US,Tema Electrification ETF,0.747,Mid-Cap Blend,Long,211282.4,,https://www.tradingview.com/chart/?symbol=AMEX%3AVOLT,False,,-3.4508797807664884,17.81545115786919,35.779998779296875,33.119998931884766,35.253439147949216,0.29424774093144435,-52.8243437990543,,False,False,False,False,,
667,HEGD,HEGD,AMEX:HEGD,US,Swan Hedged Equity US Large Cap ETF,0.741,Equity Hedged,Long,50974.55,,https://www.tradingview.com/chart/?symbol=AMEX%3AHEGD,False,,-49.729414743229306,-49.729414743229306,26.75,24.450000762939453,25.150920600891112,0.774410696567735,26.890863218163346,66.00356031870663,False,False,False,False,,
668,WTAI,WTAI,AMEX:WTAI,US,WisdomTree Artificial Intelligence and Innovation Fund,0.728,Technology,Long,289090.6,,https://www.tradingview.com/chart/?symbol=AMEX%3AWTAI,False,,12.62263657608329,38.53905389391887,41.42499923706055,26.760000228881836,31.871759742736817,0.6770544969006462,-3.2541387846170147,79.31175444466889,False,False,False,False,,
669,JETS,JETS,AMEX:JETS,US,U.S. Global Jets ETF,0.727,Industrials,Long,2604726.0,,https://www.tradingview.com/chart/?symbol=AMEX%3AJETS,False,,-52.709843439364676,-52.709843439364676,27.829999923706055,23.6200008392334,26.013040245056153,0.41518738952564377,-34.37221979615151,60.902237922209224,False,False,False,False,,
670,IEO,IEO,AMEX:IEO,US,iShares U.S. Oil & Gas Exploration & Production ETF,0.724,Equity Energy,Long,16442.75,,https://www.tradingview.com/chart/?symbol=AMEX%3AIEO,False,,51.71647772948152,60.87179986224057,141.49000549316406,107.04000091552734,115.43216213989258,0.9687851392460847,69.3388003436687,80.52995856901633,False,False,False,False,,
671,MISL,MISL,AMEX:MISL,US,First Trust Indxx Aerospace & Defense ETF,0.718,Industrials,Long,72709.45,,https://www.tradingview.com/chart/?symbol=AMEX%3AMISL,False,,-66.83889320085414,-66.83889320085414,42.27000045776367,42.209999084472656,44.14519926452637,0.007317239964439582,-16.958647510091556,44.252047429858884,False,True,False,False,,
672,MULL,MULL,AMEX:MULL,US,GraniteShares 2x Long MU Daily ETF,0.706,Trading--Leveraged Equity,2X Long,4831540.9,,https://www.tradingview.com/chart/?symbol=AMEX%3AMULL,False,,55.52333928888896,55.52333928888896,22.1200008392334,3.883999824523926,13.065816082000731,0.46871949065272467,-5.843652450074707,,False,False,False,False,,
673,FEPI,FEPI,AMEX:FEPI,US,REX FANG & Innovation Equity Premium Income ETF,0.702,Derivative Income,Long,166801.5,,https://www.tradingview.com/chart/?symbol=AMEX%3AFEPI,False,,32.88396405234114,32.88396405234114,42.15999984741211,37.91999816894531,39.97437860107422,0.48707648323987585,32.448221160312045,,False,False,False,False,,
674,SMDV,SMDV,AMEX:SMDV,US,ProShares Russell 2000 Dividend Growers ETF,0.702,Small Value,Long,121043.8,,https://www.tradingview.com/chart/?symbol=AMEX%3ASMDV,False,,-58.19730180416584,-58.19730180416584,74.91000366210938,66.66000366210938,69.61472286987305,0.6589458635812704,-6.78667595382857,78.94627987296529,False,False,False,False,,
675,FCG,FCG,AMEX:FCG,US,First Trust Natural Gas ETF,0.699,Equity Energy,Long,714474.25,,https://www.tradingview.com/chart/?symbol=AMEX%3AFCG,False,,34.52782461294345,44.84433126256466,31.96500015258789,26.15999984741211,27.71170002746582,0.8828896778075154,62.32074645832438,65.45047574980077,False,False,False,False,,
676,GMOI,GMOI,AMEX:GMOI,US,GMO International Value ETF,0.695,Foreign Large Value,Long,93139.5,,https://www.tradingview.com/chart/?symbol=AMEX%3AGMOI,False,,-17.931745283266945,-17.931745283266945,41.029998779296875,34.84000015258789,36.56289450073242,0.8478985826824318,66.3576274060082,,False,False,False,False,,
677,TQGD,TQGD.TO,TSX:TQGD,TSX,TD Q Global Dividend ETF,0.677,High Dividend Yield,Long,47561.35,,https://www.tradingview.com/chart/?symbol=TSX%3ATQGD,False,,-52.57849006364325,-52.57849006364325,26.579999923706055,22.65999984741211,23.745599937438964,0.8521738589598731,57.18212274132441,78.75345191740462,False,False,False,False,,
678,YINN,YINN,AMEX:YINN,US,Direxion Daily FTSE China Bull 3X ETF,0.676,Trading--Leveraged Equity,3X Long,1051457.5,,https://www.tradingview.com/chart/?symbol=AMEX%3AYINN,False,,-52.17417614363589,-52.17417614363589,26.4950008392334,21.451799392700195,25.568394844055177,0.28912132742849,5.163983929645025,-34.54391493161681,False,False,False,False,,
679,TOPT,TOPT,AMEX:TOPT,US,iShares Top 20 U.S. Stocks ETF,0.676,Large Blend,Long,293079.4,,https://www.tradingview.com/chart/?symbol=AMEX%3ATOPT,False,,18.833919425015125,18.833919425015125,33.77000045776367,27.665000915527344,29.258000915527344,0.9044443766276041,33.795543046397405,,False,False,False,False,,
681,GQGU,GQGU,AMEX:GQGU,US,GQG US Equity ETF,0.663,Large Growth,Long,198599.05,,https://www.tradingview.com/chart/?symbol=AMEX%3AGQGU,False,,3.8774817815900384,3.8774817815900384,25.829999923706055,25.139999389648438,25.624979461669923,0.3357666333770183,-3.6881702702466614,,False,False,False,False,,
682,TSLY,TSLY,AMEX:TSLY,US,YieldMax TSLA Option Income Strategy ETF,0.661,Derivative Income,Long,493423.15,,https://www.tradingview.com/chart/?symbol=AMEX%3ATSLY,False,,22.713259815464955,27.18164630601228,22.34000015258789,20.469999313354492,23.356279655456543,0.15290274878069282,-18.79436430451975,11.067503104513902,False,True,False,False,,
683,PSQ,PSQ,AMEX:PSQ,US,ProShares Short QQQ,0.66,Trading--Inverse Equity,-1X Short,7702600.95,,https://www.tradingview.com/chart/?symbol=AMEX%3APSQ,False,,-20.734128678017882,5.982508772222747,26.149999618530273,25.030099868774414,26.981819526672364,0.13541716397273806,-5.774010206782034,-59.978249764841195,False,True,False,False,,
684,IAT,IAT,AMEX:IAT,US,iShares U.S. Regional Banks ETF,0.659,Financial,Long,145972.75,,https://www.tradingview.com/chart/?symbol=AMEX%3AIAT,False,,-19.53087331847098,-19.53087331847098,62.06999969482422,51.47999954223633,54.83591893005371,0.7447258849790769,-2.9071913094841855,71.38665748494863,False,False,False,False,,
685,OSCV,OSCV,AMEX:OSCV,US,Opus Small Cap Value ETF,0.659,Small Blend,Long,96087.65,,https://www.tradingview.com/chart/?symbol=AMEX%3AOSCV,False,,-59.101358928952344,-59.101358928952344,41.02000045776367,38.349998474121094,39.50403923034668,0.5460123177976184,-6.9699689844834944,69.50938848029028,False,False,False,False,,
686,EMEQ,EMEQ,AMEX:EMEQ,US,Nomura ETF Trust Nomura Focused Emerging Markets Equity ETF,0.652,Diversified Emerging Mkts,Long,77971.95,,https://www.tradingview.com/chart/?symbol=AMEX%3AEMEQ,False,,54.82459537095116,54.82459537095116,65.63999938964844,43.16999816894531,51.46535171508789,0.6392639275214314,13.746479380046317,,False,False,False,False,,
687,KIE,KIE,AMEX:KIE,US,State Street SPDR S&P Insurance ETF,0.65,Financial,Long,990214.0,,https://www.tradingview.com/chart/?symbol=AMEX%3AKIE,False,,-46.17814225758186,-46.17814225758186,62.2599983215332,53.540000915527344,56.58675997924804,0.6754453978071542,16.21816705440162,49.64439412781164,False,False,False,False,,
688,FIVA,FIVA,AMEX:FIVA,US,Fidelity International Value Factor ETF,0.644,Foreign Large Value,Long,90615.85,,https://www.tradingview.com/chart/?symbol=AMEX%3AFIVA,False,,-27.45982850040687,-27.45982850040687,39.39500045776367,33.40999984741211,35.074979919433595,0.8483345643459106,54.155967438218596,74.43772745587343,False,False,False,False,,
689,RSPG,RSPG,AMEX:RSPG,US,Invesco S&P 500 Equal Weight Energy ETF,0.642,Equity Energy,Long,80484.4,,https://www.tradingview.com/chart/?symbol=AMEX%3ARSPG,False,,39.38191345636215,41.51710360784154,115.875,96.79000091552734,101.56074005126953,0.9441010409039787,67.2458961815346,79.12150053720853,False,False,False,False,,
690,EWN,EWN,AMEX:EWN,US,iShares MSCI Netherlands ETF,0.641,Focused Region,Long,276954.9,,https://www.tradingview.com/chart/?symbol=AMEX%3AEWN,False,,-7.550908356315209,-7.447709123436991,67.44999694824219,55.33000183105469,59.175621398925784,0.743786221485164,16.707748009148062,74.53348940635873,False,False,False,False,,
691,SILJ,SILJ,AMEX:SILJ,US,Amplify Junior Silver Miners ETF,0.64,Equity Precious Metals,Long,4022767.4,,https://www.tradingview.com/chart/?symbol=AMEX%3ASILJ,False,,-1.5833902380778895,-1.5833902380778895,30.6299991607666,23.704999923706055,26.7198998336792,0.5420743204575725,41.08654353130475,47.35931900394197,False,False,False,False,,
692,XUT,XUT.TO,TSX:XUT,TSX,iShares S&P/TSX Capped Utilities Index ETF,0.64,Utilities,Long,403879.8,,https://www.tradingview.com/chart/?symbol=TSX%3AXUT,False,,-46.72566526963639,-21.17298992875033,34.11000061035156,34.029998779296875,35.009399139404294,0.019277542563732996,-44.70392968034049,67.6292482538267,False,True,False,False,,
693,KSA,KSA,AMEX:KSA,US,iShares MSCI Saudi Arabia ETF,0.634,Focused Region,Long,438073.15,,https://www.tradingview.com/chart/?symbol=AMEX%3AKSA,False,,-46.80195179564071,-46.80195179564071,38.22999954223633,36.34000015258789,37.36187968444824,0.43648966639443987,40.03413519543335,-1.2367124251672614,False,False,False,False,,
695,TSMX,TSMX,AMEX:TSMX,US,Direxion Daily TSM Bull 2X ETF,0.62,Trading--Leveraged Equity,2X Long,456824.9,,https://www.tradingview.com/chart/?symbol=AMEX%3ATSMX,False,,16.504198083188673,40.209133852543694,80.11000061035156,49.817100524902344,62.826105377197266,0.5495519835173892,-8.081913710414282,,False,False,False,False,,
696,SETM,SETM,AMEX:SETM,US,Sprott Critical Materials ETF,0.619,Natural Resources,Long,128981.65,,https://www.tradingview.com/chart/?symbol=AMEX%3ASETM,False,,-17.265138090996217,-7.0315404597587445,32.720001220703125,27.729999542236328,30.47231929016113,0.4294321976893175,28.23610617905581,44.582844260196765,False,False,False,False,,
697,LVHD,LVHD,AMEX:LVHD,US,Franklin U.S. Low Volatility High Dividend Index ETF,0.619,Mid-Cap Value,Long,62188.4,,https://www.tradingview.com/chart/?symbol=AMEX%3ALVHD,False,,-70.30076382689884,-70.30076382689884,43.38999938964844,41.87779998779297,42.843559478759765,0.3695320234239979,-2.7108389461772333,72.78934812375643,False,False,False,False,,
698,XPH,XPH,AMEX:XPH,US,State Street SPDR S&P Pharmaceuticals ETF,0.618,Health,Long,150546.6,,https://www.tradingview.com/chart/?symbol=AMEX%3AXPH,False,,-71.06515664587687,-71.06515664587687,68.0199966430664,51.36000061035156,56.73371981811523,0.7316644044296734,45.01506555440704,79.24359579091389,False,False,False,False,,
699,FLBR,FLBR,AMEX:FLBR,US,Franklin FTSE Brazil ETF,0.616,Focused Region,Long,212263.85,,https://www.tradingview.com/chart/?symbol=AMEX%3AFLBR,False,,55.29266166678733,55.29266166678733,23.959999084472656,20.471599578857422,21.799902168273924,0.61978519795466,18.704695791236166,57.443470601549045,False,False,False,False,,
700,GVAL,GVAL,AMEX:GVAL,US,Cambria Global Value ETF,0.605,Foreign Large Value,Long,99097.9,,https://www.tradingview.com/chart/?symbol=AMEX%3AGVAL,False,,60.310082753695106,62.476444385928495,39.47999954223633,31.75,33.645079711914065,0.9626401889581837,70.36707530818434,73.47459996896266,False,False,False,False,,
701,DXQ,DXQ.TO,TSX:DXQ,TSX,Dynamic Active Enhanced Yield Covered Options ETF,0.601,Large Cap,Long,21043.1,,https://www.tradingview.com/chart/?symbol=TSX%3ADXQ,False,,-19.957898717825728,-19.957898717825728,28.1299991607666,26.219999313354492,26.850119331359863,0.7153557276534827,31.04731893275168,67.2977050954885,False,False,False,False,,
702,MFSV,MFSV,AMEX:MFSV,US,MFS Active Value ETF,0.6,Large Value,Long,143929.9,,https://www.tradingview.com/chart/?symbol=AMEX%3AMFSV,False,,-71.29038065670186,-71.29038065670186,29.030000686645508,26.260000228881836,27.160340354919434,0.7260812765385152,31.615599221367443,,False,False,False,False,,
703,SEIS,SEIS,AMEX:SEIS,US,SEI Select Small Cap ETF,0.6,Small Blend,Long,49430.95,,https://www.tradingview.com/chart/?symbol=AMEX%3ASEIS,False,,-59.03801071879335,-59.03801071879335,31.809999465942383,26.719999313354492,28.35193907928467,0.7360811110121196,9.54614056744128,,False,False,False,False,,
704,LGH,LGH,AMEX:LGH,US,HCM Defender 500 Index ETF,0.598,Large Blend,Long,22330.2,,https://www.tradingview.com/chart/?symbol=AMEX%3ALGH,False,,-35.93657244444241,-35.93657244444241,64.9800033569336,56.27000045776367,58.89472172546387,0.7831538950439497,40.25181723722766,58.01620336263713,False,False,False,False,,
705,HEZU,HEZU,AMEX:HEZU,US,iShares Currency Hedged MSCI Eurozone ETF,0.593,Europe Stock,Long,69112.8,,https://www.tradingview.com/chart/?symbol=AMEX%3AHEZU,False,,-59.828593047707606,-59.828593047707606,48.400001525878906,42.11000061035156,44.1384208984375,0.7318208286435569,21.081875427809525,74.37122922390928,False,False,False,False,,
706,PTF,PTF,AMEX:PTF,US,Invesco Dorsey Wright Technology Momentum ETF,0.591,Technology,Long,104544.3,,https://www.tradingview.com/chart/?symbol=AMEX%3APTF,False,,-12.368920777114871,30.396869641676897,100.72000122070312,81.26000213623047,94.76156192016602,0.3401503128105151,-40.43597155391646,71.43665262813455,False,False,False,False,,
707,ZUT,ZUT.TO,TSX:ZUT,TSX,BMO Equal Weight Utilities Index ETF,0.588,Utilities,Long,65056.6,,https://www.tradingview.com/chart/?symbol=TSX%3AZUT,False,,-50.5337084062186,-11.188880129879344,27.829999923706055,27.149999618530273,28.05859970855713,0.17662343838942507,-51.832241771829395,68.49723324395474,False,True,False,False,,
708,EZA,EZA,AMEX:EZA,US,iShares MSCI South Africa ETF,0.588,Focused Region,Long,133847.75,,https://www.tradingview.com/chart/?symbol=AMEX%3AEZA,False,,-5.34469775700687,-5.34469775700687,69.5250015258789,60.45000076293945,63.85784043884277,0.628462716482109,46.796403839173024,45.8159192864937,False,False,False,False,,
709,DDM,DDM,AMEX:DDM,US,ProShares Ultra Dow30,0.586,Trading--Leveraged Equity,2X Long,118848.85,,https://www.tradingview.com/chart/?symbol=AMEX%3ADDM,False,,-56.12356538130172,-56.12356538130172,64.3499984741211,49.505001068115234,54.5259005279541,0.6977672856906432,28.71871116580091,70.10566858491906,False,False,False,False,,
710,IPKW,IPKW,AMEX:IPKW,US,Invesco International BuyBack Achievers ETF,0.577,Foreign Large Value,Long,37686.1,,https://www.tradingview.com/chart/?symbol=AMEX%3AIPKW,False,,-9.82240607551489,-9.82240607551489,60.619998931884766,54.43000030517578,56.22832005310059,0.8123358916505676,46.9013283241246,64.75149281215131,False,False,False,False,,
711,ENCC,ENCC.TO,TSX:ENCC,TSX,Global X Canadian Oil and Gas Equity Covered Call ETF,0.575,Energy,Long,84627.1,,https://www.tradingview.com/chart/?symbol=TSX%3AENCC,False,,-29.013449611436886,-2.301517885878538,12.850000381469727,11.569999694824219,12.001879676818847,0.6994539562894042,47.814382415684825,83.18873787408678,False,False,False,False,,
712,CONL,CONL,AMEX:CONL,US,GraniteShares 2x Long COIN Daily ETF,0.572,Trading--Leveraged Equity,2X Long,23573567.9,,https://www.tradingview.com/chart/?symbol=AMEX%3ACONL,False,,-37.01682270298215,-37.01682270298215,5.139999866485596,3.924999952316284,5.512099873542786,0.18066914118574623,10.744348421107887,-48.881318707387074,False,True,False,False,,
713,CSRE,CSRE,AMEX:CSRE,US,Cohen & Steers Real Estate Active ETF,0.57,Real Estate,Long,139459.25,,https://www.tradingview.com/chart/?symbol=AMEX%3ACSRE,False,,-67.49340776032955,-67.49340776032955,27.8700008392334,25.829999923706055,26.811759887695313,0.490384853450513,-22.71119133572208,,False,False,False,False,,
714,XMA,XMA.TO,TSX:XMA,TSX,iShares S&P/TSX Capped Materials Index ETF,0.566,Materials,Long,95650.3,,https://www.tradingview.com/chart/?symbol=TSX%3AXMA,False,,-6.215305050962814,-6.215305050962814,48.119998931884766,37.599998474121094,41.11167872619629,0.7069892273264589,47.60957806960414,52.19551112531985,False,False,False,False,,
715,QCLN,QCLN,AMEX:QCLN,US,First Trust Nasdaq Clean Edge Green Energy Index Fund,0.564,Miscellaneous Sector,Long,156840.45,,https://www.tradingview.com/chart/?symbol=AMEX%3AQCLN,False,,-3.5977152442965,7.55038124002323,48.505001068115234,43.64500045776367,49.50134013366699,0.19584932014143358,-47.73908381785784,49.93666614698066,False,True,False,False,,
716,TXUE,TXUE,AMEX:TXUE,US,Thornburg International Equity ETF,0.562,Foreign Large Blend,Long,45785.0,,https://www.tradingview.com/chart/?symbol=AMEX%3ATXUE,False,,-67.59193623447777,-67.59193623447777,35.40589904785156,31.110000610351562,32.44104046630859,0.7616842025523304,46.33948065330569,,False,False,False,False,,
717,UFO,UFO,AMEX:UFO,US,Procure Space ETF,0.558,Miscellaneous Sector,Long,221687.7,,https://www.tradingview.com/chart/?symbol=AMEX%3AUFO,False,,-23.83720266526206,-22.544471668499046,42.81999969482422,42.53499984741211,48.49045909118652,0.011293833310935432,-36.06719984758534,58.17776302721651,False,True,False,False,,
719,MSFU,MSFU,AMEX:MSFU,US,Direxion Daily MSFT Bull 2X ETF,0.551,Trading--Leveraged Equity,2X Long,2767213.8,,https://www.tradingview.com/chart/?symbol=AMEX%3AMSFU,False,,-33.817315603272654,-33.817315603272654,36.849998474121094,19.7549991607666,24.72119425201416,0.8123764298067825,52.06844774145507,-21.38602317022907,False,False,False,False,,
720,LABU,LABU,AMEX:LABU,US,Direxion Daily S&P Biotech Bull 3X ETF,0.548,Trading--Leveraged Equity,3X Long,379732.9,,https://www.tradingview.com/chart/?symbol=AMEX%3ALABU,False,,-66.67748923283672,-66.67748923283672,264.79998779296875,135.21499633789062,183.8888151855469,0.6283061141990306,48.34069215978567,69.04875750102336,False,False,False,False,,
721,JNUG,JNUG,AMEX:JNUG,US,Direxion Daily Junior Gold Miners Index Bull 2X ETF,0.545,Trading--Leveraged Equity,2X Long,282701.7,,https://www.tradingview.com/chart/?symbol=AMEX%3AJNUG,False,,-19.744847033933596,-19.744847033933596,180.25,103.58000183105469,148.74804168701172,0.40059563411593857,44.336138590028504,26.663057234322263,False,False,False,False,,
722,ENFR,ENFR,AMEX:ENFR,US,Alerian Energy Infrastructure ETF,0.545,Energy Limited Partnership,Long,85383.5,,https://www.tradingview.com/chart/?symbol=AMEX%3AENFR,False,,11.72052183067745,11.72052183067745,39.720001220703125,36.165000915527344,37.202221023559574,0.8088737053248655,52.46614890284469,77.44231821791975,False,False,False,False,,
723,NVDU,NVDU,AMEX:NVDU,US,Direxion Daily NVDA Bull 2X ETF,0.537,Trading--Leveraged Equity,2X Long,342641.85,,https://www.tradingview.com/chart/?symbol=AMEX%3ANVDU,False,,-1.7250069186649502,-1.7250069186649502,134.91000366210938,86.87999725341797,106.90931790161133,0.5659244120930079,34.431539110677384,,False,False,False,False,,
724,REM,REM,AMEX:REM,US,iShares Mortgage Real Estate ETF,0.535,Real Estate,Long,154119.95,,https://www.tradingview.com/chart/?symbol=AMEX%3AREM,False,,-54.094530827136715,-54.094530827136715,20.860000610351562,20.46500015258789,21.089220260620117,0.14933852151301397,-8.73245896756064,44.66919550495593,False,True,False,False,,
725,NBOS,NBOS,AMEX:NBOS,US,Neuberger Option Strategy ETF,0.534,Equity Hedged,1.25X Long,77901.15,,https://www.tradingview.com/chart/?symbol=AMEX%3ANBOS,False,,-19.800259119106787,-19.800259119106787,28.31999969482422,26.161100387573242,26.748480606079102,0.8674112958847421,61.12457780246791,,False,False,False,False,,
726,DWX,DWX,AMEX:DWX,US,State Street SPDR S&P International Dividend ETF,0.53,Foreign Large Value,Long,13413.0,,https://www.tradingview.com/chart/?symbol=AMEX%3ADWX,False,,-39.00457932855988,-39.00457932855988,47.34749984741211,44.5,45.44201760864258,0.7133730387031788,47.1800667580078,65.49475349567207,False,False,False,False,,
727,VNM,VNM,AMEX:VNM,US,VanEck Vietnam ETF,0.525,Focused Region,Long,156431.7,,https://www.tradingview.com/chart/?symbol=AMEX%3AVNM,False,,-23.858547552871112,-23.694282603630594,17.9950008392334,16.28499984741211,17.107459991455077,0.4906745171699658,15.978795842103997,31.234805351418192,False,False,False,False,,
728,RSPU,RSPU,AMEX:RSPU,US,Invesco S&P 500 Equal Weight Utilities ETF,0.521,Utilities,Long,57417.25,,https://www.tradingview.com/chart/?symbol=AMEX%3ARSPU,False,,-5.746780657073113,-0.14366763581084582,75.26499938964844,74.63999938964844,76.90087982177734,0.06524007103777266,-56.8612372406245,42.88321765868083,False,True,False,False,,
729,IAK,IAK,AMEX:IAK,US,iShares U.S. Insurance ETF,0.517,Financial,Long,121598.95,,https://www.tradingview.com/chart/?symbol=AMEX%3AIAK,False,,-34.64905093123351,-34.64905093123351,143.30999755859375,125.52999877929688,131.77573791503906,0.6718307666584026,8.221047763482707,75.03960583688357,False,False,False,False,,
730,EIDO,EIDO,AMEX:EIDO,US,iShares MSCI Indonesia ETF,0.516,Focused Region,Long,1014594.4,,https://www.tradingview.com/chart/?symbol=AMEX%3AEIDO,False,,32.957521298334505,32.957521298334505,12.854999542236328,10.795000076293945,12.297140022277832,0.3236448609613217,41.32503035488793,-69.90150626648033,False,False,False,False,,
731,DJD,DJD,AMEX:DJD,US,Invesco Dow Jones Industrial Average Dividend ETF,0.51,Large Value,Long,46671.75,,https://www.tradingview.com/chart/?symbol=AMEX%3ADJD,False,,-58.969927896408585,-58.969927896408585,64.54000091552734,58.84000015258789,60.69024018859863,0.7270408994900275,54.343976782694405,75.33896523911618,False,False,False,False,,
732,VGSR,VGSR,AMEX:VGSR,US,Vert Global Sustainable Real Estate ETF,0.506,Global Real Estate,Long,222311.85,,https://www.tradingview.com/chart/?symbol=AMEX%3AVGSR,False,,-68.89654729742621,-68.89654729742621,11.039999961853027,10.130000114440918,10.535117588043214,0.5301177509812581,-31.97286778641804,,False,False,False,False,,
733,ICOP,ICOP,AMEX:ICOP,US,iShares Copper and Metals Mining ETF,0.499,Natural Resources,Long,154837.05,,https://www.tradingview.com/chart/?symbol=AMEX%3AICOP,False,,-16.946434605565937,5.0208941452311215,55.45000076293945,42.310001373291016,46.70196061706543,0.7060720930761696,53.36640698249232,,False,False,False,False,,
734,BTCC,BTCC.TO,TSX:BTCC,TSX,Purpose Bitcoin ETF,0.497,"Long BTC, Short CAD",Long,198964.7,,https://www.tradingview.com/chart/?symbol=TSX%3ABTCC,False,,-11.756781592593185,-11.756781592593185,13.449999809265137,10.260000228881836,11.260640174865722,0.7523584322133208,57.35322256954955,-33.734614512372936,False,False,False,False,,
735,CRAK,CRAK,AMEX:CRAK,US,VanEck Oil Refiners ETF,0.496,Equity Energy,Long,435049.2,,https://www.tradingview.com/chart/?symbol=AMEX%3ACRAK,False,,64.69669343007625,73.48086586254182,65.5250015258789,44.88999938964844,49.933320037841796,0.9656059655645519,69.104920558632,76.99954509429439,False,False,False,False,,
736,PAPI,PAPI,AMEX:PAPI,US,Parametric Equity Premium Income ETF,0.49,Derivative Income,Long,91780.0,,https://www.tradingview.com/chart/?symbol=AMEX%3APAPI,False,,-72.054833245278,-72.054833245278,27.299999237060547,26.045000076293945,26.572460220336914,0.5615207239559509,46.9819060458427,,False,False,False,False,,
737,NAIL,NAIL,AMEX:NAIL,US,Direxion Daily Homebuilders & Supplies Bull 3X ETF,0.489,Trading--Leveraged Equity,3X Long,1315834.7,,https://www.tradingview.com/chart/?symbol=AMEX%3ANAIL,False,,-79.81462115236087,-79.81462115236087,29.13010025024414,28.809999465942383,35.78379973602295,0.010832513431638918,-56.073816642658095,-49.51352931213997,False,True,False,False,,
738,METU,METU,AMEX:METU,US,Direxion Daily META Bull 2X ETF,0.486,Trading--Leveraged Equity,2X Long,6563378.2,,https://www.tradingview.com/chart/?symbol=AMEX%3AMETU,False,,76.28567871105601,83.46772118523414,24.84000015258789,17.42009925842285,20.86803554534912,0.5078680304107356,-25.367173116292417,,False,False,False,False,,
739,CXSE,CXSE,AMEX:CXSE,US,WisdomTree China ex-State-Owned Enterprises Fund,0.477,Greater China Region,Long,17734.85,,https://www.tradingview.com/chart/?symbol=AMEX%3ACXSE,False,,-79.57710945515198,-79.57710945515198,36.07040023803711,36.07040023803711,37.57832215881348,0.0,-46.79715375156019,12.34182929673083,False,True,False,False,,
740,ZAP,ZAP,AMEX:ZAP,US,Global X U.S. Electrification ETF,0.472,Utilities,Long,128372.8,,https://www.tradingview.com/chart/?symbol=AMEX%3AZAP,False,,7.550903320180684,20.979835596857445,31.520000457763672,30.950000762939453,31.896360366821288,0.14214462179781714,-64.9136912829242,,False,True,True,False,,
741,AVXC,AVXC,AMEX:AVXC,US,Avantis Emerging Markets ex-China Equity ETF,0.471,Diversified Emerging Mkts,Long,56798.65,,https://www.tradingview.com/chart/?symbol=AMEX%3AAVXC,False,,50.57720772806777,50.57720772806777,82.86000061035156,65.12000274658203,70.65892123413086,0.7558586581949049,32.680679942842396,,False,False,False,False,,
742,NCIQ,NCIQ,AMEX:NCIQ,US,Hashdex Nasdaq CME Crypto Index ETF,0.467,Digital Assets,Long,69243.05,,https://www.tradingview.com/chart/?symbol=AMEX%3ANCIQ,False,,0.3284017939432964,0.3284017939432964,19.530000686645508,14.539999961853027,15.974880168914794,0.8207236849844785,62.983672553536216,,False,False,False,False,,
743,BBLU,BBLU,AMEX:BBLU,US,EA Bridgeway Blue Chip ETF,0.466,Large Blend,Long,77014.65,,https://www.tradingview.com/chart/?symbol=AMEX%3ABBLU,False,,-35.61660071279096,-35.61660071279096,17.229999542236328,14.399999618530273,15.144579780578614,0.8969886870975601,57.66721858725146,70.8362290955622,False,False,False,False,,
744,BITQ,BITQ,AMEX:BITQ,US,Bitwise Crypto Industry Innovators ETF,0.463,Equity Digital Assets,Long,108521.1,,https://www.tradingview.com/chart/?symbol=AMEX%3ABITQ,False,,19.481271698178357,19.481271698178357,25.34000015258789,17.780000686645508,20.463320434570313,0.6649076672067187,18.60966717486019,42.73137355503459,False,False,False,False,,
745,POWR,POWR,AMEX:POWR,US,iShares U.S. Power Infrastructure ETF,0.46,,Long,203231.0,,https://www.tradingview.com/chart/?symbol=AMEX%3APOWR,False,,0.7551798465168661,8.727290036563634,25.420000076293945,25.165000915527344,25.93318071746826,0.07834077619440781,-59.74803860737365,54.06388329445548,False,True,False,False,,
746,XBM,XBM.TO,TSX:XBM,TSX,iShares S&P/TSX Global Base Metals Index ETF,0.458,Materials,Long,52749.2,,https://www.tradingview.com/chart/?symbol=TSX%3AXBM,False,,-31.0693081690082,-4.886268766775678,36.38999938964844,28.84000015258789,31.997680404663086,0.5642749353026825,33.40508907743334,64.21819296405288,False,False,False,False,,
747,TTEQ,TTEQ,AMEX:TTEQ,US,T. Rowe Price Technology ETF,0.458,Technology,Long,98291.45,,https://www.tradingview.com/chart/?symbol=AMEX%3ATTEQ,False,,24.383797128562108,37.99697298079901,41.67499923706055,28.885000228881836,32.775459922790525,0.7758568404284355,6.203602460370997,,False,False,False,False,,
748,AMAX,AMAX.TO,TSX:AMAX,TSX,Hamilton Gold Producer Yield Maximizer ETF,0.457,Materials,Long,68647.55,,https://www.tradingview.com/chart/?symbol=TSX%3AAMAX,False,,-15.63906923568961,-15.63906923568961,36.349998474121094,28.389999389648438,31.53115971374512,0.5980464510278616,45.78491099138401,,False,False,False,False,,
749,XRT,XRT,AMEX:XRT,US,State Street SPDR S&P Retail ETF,0.454,Consumer Cyclical,Long,3615591.2,,https://www.tradingview.com/chart/?symbol=AMEX%3AXRT,False,,-59.065252249819856,-59.065252249819856,83.63999938964844,78.38500213623047,81.71850213623047,0.3720352037818031,-18.11296071581962,46.9309177949175,False,False,False,False,,
750,AIPI,AIPI,AMEX:AIPI,US,REX AI Equity Premium Income ETF,0.444,Derivative Income,Long,161209.25,,https://www.tradingview.com/chart/?symbol=AMEX%3AAIPI,False,,-12.963189081138824,-12.963189081138824,36.45000076293945,32.41999816894531,34.08143838500977,0.5724434758389895,48.23603179091106,,False,False,False,False,,
752,OSEA,OSEA,AMEX:OSEA,US,Harbor International Compounders ETF,0.437,Foreign Large Growth,Long,177588.7,,https://www.tradingview.com/chart/?symbol=AMEX%3AOSEA,False,,-76.81393534613954,-76.81393534613954,29.459999084472656,27.959999084472656,28.767119102478027,0.4385964814437848,5.065688081015863,41.61405012200764,False,False,False,False,,
753,OVL,OVL,AMEX:OVL,US,Overlay Shares Large Cap Equity ETF,0.436,Derivative Income,Long,187108.55,,https://www.tradingview.com/chart/?symbol=AMEX%3AOVL,False,,-45.76497947016721,-45.76497947016721,56.16999816894531,48.709999084472656,51.03341937255859,0.757744861299252,35.260264354459515,70.47705987725648,False,False,False,False,,
754,EMAX,EMAX.TO,TSX:EMAX,TSX,Hamilton Energy Yield Maximizer ETF,0.425,Energy Equity,Long,54368.6,,https://www.tradingview.com/chart/?symbol=TSX%3AEMAX,False,,29.546087691709555,47.51433963050301,17.989999771118164,15.470000267028809,16.104840167999267,0.9368029357574391,65.24972010779085,,False,False,False,False,,
755,MVLL,MVLL,AMEX:MVLL,US,GraniteShares 2x Long MRVL Daily ETF,0.422,Trading--Leveraged Equity,2X Long,4532551.3,,https://www.tradingview.com/chart/?symbol=AMEX%3AMVLL,False,,-17.438072405377117,27.507764024539128,27.170000076293945,5.416666507720947,21.662906881332397,0.3159984466635104,-13.155210596481107,,False,False,False,False,,
757,COPY,COPY,AMEX:COPY,US,Tweedy Browne Insider + Value ETF Trust Units,0.42,,Long,226372.45,,https://www.tradingview.com/chart/?symbol=AMEX%3ACOPY,False,,-41.50725080729159,-41.50725080729159,15.579999923706055,13.140000343322754,13.826760082244872,0.838488147069089,58.42267930576944,,False,False,False,False,,
758,HDIF,HDIF.TO,TSX:HDIF,TSX,Harvest Diversified Monthly Income ETF,0.415,Large Cap,1.25X Long,55831.1,,https://www.tradingview.com/chart/?symbol=TSX%3AHDIF,False,,-55.6872696291562,-55.6872696291562,9.390000343322754,8.270000457763672,8.647600322723388,0.7000001788139982,43.20771113824018,76.06500825098009,False,False,False,False,,
759,PLTU,PLTU,AMEX:PLTU,US,Direxion Daily PLTR Bull 2X ETF,0.413,Trading--Leveraged Equity,2X Long,1119542.95,,https://www.tradingview.com/chart/?symbol=AMEX%3APLTU,False,,-48.667184490720224,-48.667184490720224,44.869998931884766,21.239999771118164,29.79263971710205,0.6520419235653189,45.66684737305764,,False,False,False,False,,
760,KBWD,KBWD,AMEX:KBWD,US,Invesco KBW High Dividend Yield Financial ETF,0.411,Financial,Long,361209.8,,https://www.tradingview.com/chart/?symbol=AMEX%3AKBWD,False,,-73.13507655020577,-73.13507655020577,11.954999923706055,11.9350004196167,12.310240230560304,0.012578310796018557,37.04267955497201,8.072159379129348,False,True,False,False,,
761,BBHM,BBHM,AMEX:BBHM,US,BBH Select Mid Cap ETF,0.41,Mid-Cap Growth,Long,123773.85,,https://www.tradingview.com/chart/?symbol=AMEX%3ABBHM,False,,-78.82288462394858,-78.82288462394858,11.420000076293945,10.699999809265137,11.124799854278564,0.4000001059638017,7.383098428459877,,False,False,False,False,,
762,FXN,FXN,AMEX:FXN,US,First Trust Energy AlphaDEX Fund,0.403,Equity Energy,Long,376424.9,,https://www.tradingview.com/chart/?symbol=AMEX%3AFXN,False,,39.54079549939016,39.54079549939016,24.045000076293945,20.014999389648438,21.012099479675292,0.9538462302442715,67.92153309298443,72.77250621768815,False,False,False,False,,
763,AMDY,AMDY,AMEX:AMDY,US,YieldMax AMD Option Income Strategy ETF,0.401,Derivative Income,Long,284936.4,,https://www.tradingview.com/chart/?symbol=AMEX%3AAMDY,False,,-24.337222895284242,39.06425277992086,44.52000045776367,29.809999465942383,36.812119483947754,0.4957870223793644,-30.75004934675083,,False,False,False,False,,
764,SPXU,SPXU,AMEX:SPXU,US,ProShares UltraPro Short S&P500,0.4,Trading--Inverse Equity,-3X Short,6572186.1,,https://www.tradingview.com/chart/?symbol=AMEX%3ASPXU,False,,-14.556468937672392,40.92376193431355,35.97999954223633,33.02000045776367,39.87108016967773,0.10196345879916531,-37.28087389909307,-53.76675737960927,False,True,False,False,,
765,KSTR,KSTR,AMEX:KSTR,US,KraneShares China Technology & Semiconductor STAR 50 Index ETF,0.394,Greater China Region,Long,854462.75,,https://www.tradingview.com/chart/?symbol=AMEX%3AKSTR,False,,-65.26740792591359,-65.26740792591359,22.299999237060547,18.0,21.393680252075196,0.2990263503244747,-38.998325173742124,72.29152015738624,False,False,False,False,,
766,URNJ,URNJ,AMEX:URNJ,US,Sprott Junior Uranium Miners ETF,0.394,Natural Resources,Long,364755.75,,https://www.tradingview.com/chart/?symbol=AMEX%3AURNJ,False,,-5.430411868979555,-5.430411868979555,24.579999923706055,20.899999618530273,24.034717170715332,0.2770520972188098,25.255509648812012,9.06830014033321,False,False,False,False,,
767,PBW,PBW,AMEX:PBW,US,Invesco WilderHill Clean Energy ETF,0.392,Small Growth,Long,510905.4,,https://www.tradingview.com/chart/?symbol=AMEX%3APBW,False,,-23.327165053381805,-17.115134441082127,30.8700008392334,29.889999389648438,33.93267964172363,0.05720965490242014,-45.77687699810531,42.067473675385116,False,True,False,False,,
768,IEZ,IEZ,AMEX:IEZ,US,iShares U.S. Oil Equipment & Services ETF,0.391,Equity Energy,Long,159503.05,,https://www.tradingview.com/chart/?symbol=AMEX%3AIEZ,False,,8.895985908965185,8.895985908965185,29.770000457763672,25.850000381469727,27.426480003356932,0.5868264994747652,43.40624128322435,58.57737949319651,False,False,False,False,,
771,PBP,PBP,AMEX:PBP,US,Invesco S&P 500 BuyWrite ETF,0.383,Derivative Income,Long,74897.45,,https://www.tradingview.com/chart/?symbol=AMEX%3APBP,False,,-12.404428408492102,-12.404428408492102,23.174999237060547,21.485000610351562,21.941660484313964,0.8733845442618362,61.13580693207545,73.2643452964903,False,False,False,False,,
772,SDS,SDS,AMEX:SDS,US,ProShares UltraShort S&P 500,0.382,Trading--Inverse Equity,-2X Short,2256250.5,,https://www.tradingview.com/chart/?symbol=AMEX%3ASDS,False,,-13.478037741229615,41.67434205061644,55.93000030517578,52.7599983215332,59.14497929382324,0.11716878584077085,-35.42945303696274,-57.54360297508597,False,True,False,False,,
773,YMAX,YMAX,AMEX:YMAX,US,YieldMax Universe Fund of Option Income ETFs,0.38,Derivative Income,Long,1015252.5,,https://www.tradingview.com/chart/?symbol=AMEX%3AYMAX,False,,-32.532892568620944,-32.532892568620944,7.429999828338623,7.255000114440918,7.619620132446289,0.11326841764143082,42.175107397169114,,False,True,False,False,,
774,PLTY,PLTY,AMEX:PLTY,US,YieldMax PLTR Option Income Strategy ETF,0.378,Derivative Income,Long,291203.65,,https://www.tradingview.com/chart/?symbol=AMEX%3APLTY,False,,-62.77803436681347,-62.77803436681347,33.84000015258789,26.209999084472656,30.132319732666016,0.459085427629329,52.74450261998632,,False,False,False,False,,
775,PINK,PINK,AMEX:PINK,US,Simplify Health Care ETF,0.378,Health,Long,64768.0,,https://www.tradingview.com/chart/?symbol=AMEX%3APINK,False,,-56.12281864542033,-56.12281864542033,38.56999969482422,32.040000915527344,34.01916751098633,0.7786508298239916,32.77847243216991,67.60134840547535,False,False,False,False,,
776,EEMS,EEMS,AMEX:EEMS,US,iShares MSCI Emerging Markets Small Cap ETF,0.377,Diversified Emerging Mkts,Long,59754.4,,https://www.tradingview.com/chart/?symbol=AMEX%3AEEMS,False,,35.07487109724271,35.07487109724271,75.68000030517578,67.4800033569336,70.27896170043945,0.6913998146043165,27.255031559687453,58.426498865166025,False,False,False,False,,
777,DAPP,DAPP,AMEX:DAPP,US,VanEck Digital Transformation ETF,0.374,Equity Digital Assets,Long,911035.7,,https://www.tradingview.com/chart/?symbol=AMEX%3ADAPP,False,,17.430289756224195,17.430289756224195,19.520000457763672,13.970000267028809,16.16126000595093,0.5977383793204353,14.769784708691844,27.67431937878469,False,False,False,False,,
778,CLOU,CLOU,AMEX:CLOU,US,Global X Cloud Computing ETF,0.369,Technology,Long,382890.85,,https://www.tradingview.com/chart/?symbol=AMEX%3ACLOU,False,,-40.44971268817018,-40.44971268817018,27.139999389648438,17.610000610351562,20.33344037628174,0.825823188766542,61.60489854505489,22.829605634752937,False,False,False,False,,
779,PEJ,PEJ,AMEX:PEJ,US,Invesco Leisure and Entertainment ETF,0.369,Consumer Cyclical,Long,57416.6,,https://www.tradingview.com/chart/?symbol=AMEX%3APEJ,False,,-72.7399137308848,-72.7399137308848,62.40999984741211,55.939998626708984,59.04162815856934,0.4922961534900313,8.61843539654967,64.51713198372265,False,False,False,False,,
781,MORT,MORT,AMEX:MORT,US,VanEck Mortgage REIT Income ETF,0.364,Real Estate,Long,813088.4,,https://www.tradingview.com/chart/?symbol=AMEX%3AMORT,False,,-53.516623643656125,-53.516623643656125,9.390000343322754,9.390000343322754,9.715845569610595,0.0,-9.732760783934255,39.18552892307839,False,True,False,False,,
782,DPST,DPST,AMEX:DPST,US,Direxion Daily Regional Banks Bull 3X ETF,0.358,Trading--Leveraged Equity,3X Long,196115.6,,https://www.tradingview.com/chart/?symbol=AMEX%3ADPST,False,,-29.315903854949653,-29.315903854949653,130.99000549316406,84.70999908447266,102.07487771606445,0.628975401681225,-11.394629245649105,58.26174669857548,False,False,False,False,,
783,XTN,XTN,AMEX:XTN,US,State Street SPDR S&P Transportation ETF,0.355,Industrials,Long,35439.35,,https://www.tradingview.com/chart/?symbol=AMEX%3AXTN,False,,-59.243033080871896,-59.243033080871896,101.82499694824219,87.6500015258789,94.74416094970704,0.47155677224301173,-57.000836569044786,68.58641694376803,False,False,False,False,,
784,CONY,CONY,AMEX:CONY,US,YieldMax COIN Option Income Strategy ETF,0.353,Derivative Income,Long,474760.7,,https://www.tradingview.com/chart/?symbol=AMEX%3ACONY,False,,-44.3349437117818,-44.3349437117818,19.15999984741211,17.719999313354492,21.234039619445802,0.09670922824889398,36.2310802584351,,False,True,False,False,,
785,IRE,IRE,AMEX:IRE,US,Defiance Daily Target 2X Long IREN ETF,0.352,Trading--Leveraged Equity,2X Long,7854584.95,,https://www.tradingview.com/chart/?symbol=AMEX%3AIRE,False,,25.35177206957322,39.03158458393511,10.739999771118164,5.889999866485596,14.32464015007019,0.13570228711719862,-33.83079177376296,,False,True,False,False,,
786,INTW,INTW,AMEX:INTW,US,GraniteShares 2x Long INTC Daily ETF,0.349,Trading--Leveraged Equity,2X Long,3795600.0,,https://www.tradingview.com/chart/?symbol=AMEX%3AINTW,False,,48.63979567455047,70.37662112463536,22.700000762939453,5.621250152587891,16.649234756469724,0.36548701225282887,-37.61185583099527,,False,False,False,False,,
787,GREK,GREK,AMEX:GREK,US,Global X MSCI Greece ETF,0.349,Focused Region,Long,40156.4,,https://www.tradingview.com/chart/?symbol=AMEX%3AGREK,False,,37.4170686805814,37.4170686805814,86.36499786376953,60.7400016784668,67.01049729919434,0.9644371777792231,71.71934560079467,72.89225586357158,False,False,False,False,,
788,THD,THD,AMEX:THD,US,iShares MSCI Thailand ETF,0.348,Focused Region,Long,41399.65,,https://www.tradingview.com/chart/?symbol=AMEX%3ATHD,False,,7.642538050313955,40.7059909234118,74.0999984741211,65.08899688720703,67.43743383789062,0.9055369248438624,34.62318429067744,64.41261338478778,False,False,False,False,,
789,SPXS,SPXS,AMEX:SPXS,US,Direxion Daily S&P 500 Bear 3X ETF,0.347,Trading--Inverse Equity,-3X Short,11018642.15,,https://www.tradingview.com/chart/?symbol=AMEX%3ASPXS,False,,-14.187478216666847,41.00503350205984,25.65999984741211,23.575000762939453,28.459020690917967,0.10074893042854746,-37.23186680292848,-53.75949887377855,False,True,False,False,,
790,QQU,QQU.TO,TSX:QQU,TSX,BetaPro NASDAQ-100 2x Daily Bull ETF,0.345,Large Cap,2X Long,260793.15,,https://www.tradingview.com/chart/?symbol=TSX%3AQQU,False,,-5.2976541031834214,-5.2976541031834214,36.97999954223633,24.31999969482422,28.624640090942382,0.6940788751328818,-5.077538215649572,64.89334260449151,False,False,False,False,,
791,XQQI,XQQI,AMEX:XQQI,US,NEOS Boosted Nasdaq-100 High Income ETF,0.339,Derivative Income,1.5X Long,285388.75,,https://www.tradingview.com/chart/?symbol=AMEX%3AXQQI,False,,-32.966229221090565,-32.966229221090565,47.900001525878906,42.040000915527344,45.008880447387696,0.46581888190538395,10.466276619549662,,False,False,False,False,,
792,WQTM,WQTM,AMEX:WQTM,US,WisdomTree Quantum Computing Fund,0.339,Technology,Long,173541.8,,https://www.tradingview.com/chart/?symbol=AMEX%3AWQTM,False,,-21.21388814556397,-3.8762021738169974,31.399999618530273,23.31999969482422,27.56564009094238,0.4491383640823915,-29.39660953488024,,False,False,False,False,,
793,WCLD,WCLD,AMEX:WCLD,US,WisdomTree Cloud Computing Fund,0.338,Technology,Long,699491.8,,https://www.tradingview.com/chart/?symbol=AMEX%3AWCLD,False,,-55.959915123201846,-55.959915123201846,38.84000015258789,24.094999313354492,28.59197983551025,0.773812601792397,66.5768335746414,1.7915611358852022,False,False,False,False,,
794,EWQ,EWQ,AMEX:EWQ,US,iShares MSCI France ETF,0.337,Focused Region,Long,283908.1,,https://www.tradingview.com/chart/?symbol=AMEX%3AEWQ,False,,-72.0665762478676,-72.0665762478676,44.6349983215332,41.84000015258789,43.27724018859863,0.4589487847151536,15.805817067977912,58.20895230396257,False,False,False,False,,
795,KOID,KOID,AMEX:KOID,US,KraneShares Global Humanoid Robotics and Physical AI Index ETF,0.335,Technology,Long,170011.5,,https://www.tradingview.com/chart/?symbol=AMEX%3AKOID,False,,-17.79954118309172,-17.79954118309172,35.400001525878906,30.040000915527344,33.16464041137695,0.4048339482756932,-40.75991800848377,,False,False,False,False,,
796,FLCH,FLCH,AMEX:FLCH,US,Franklin FTSE China ETF,0.334,Greater China Region,Long,103980.9,,https://www.tradingview.com/chart/?symbol=AMEX%3AFLCH,False,,-77.66804622406447,-77.66804622406447,20.940000534057617,20.247600555419922,21.108386932373048,0.1898338534781372,-2.6153778673587795,-6.390417035828044,False,True,False,False,,
797,GDXY,GDXY,AMEX:GDXY,US,YieldMax Gold Miners Option Income Strategy ETF,0.33,Commodities Focused,Long,935275.85,,https://www.tradingview.com/chart/?symbol=AMEX%3AGDXY,False,,-25.22606316321104,-25.22606316321104,10.949999809265137,9.404999732971191,11.16791979598999,0.2068273120569069,48.054885669347506,,False,True,False,False,,
798,DFEN,DFEN,AMEX:DFEN,US,Direxion Daily Aerospace & Defense Bull 3X ETF,0.329,Trading--Leveraged Equity,3X Long,220112.55,,https://www.tradingview.com/chart/?symbol=AMEX%3ADFEN,False,,-63.866486280973525,-63.866486280973525,55.52000045776367,55.400001525878906,64.32316094970703,0.003173735510001146,-19.404836084060367,49.19878167344268,False,True,False,False,,
799,UTES,UTES.TO,TSX:UTES,TSX,Evolve Canadian Utilities Enhanced Yield Index Fund,0.326,Utilities,1.25X Long,243987.55,,https://www.tradingview.com/chart/?symbol=TSX%3AUTES,False,,-71.17716369459508,-71.17716369459508,8.3100004196167,8.3100004196167,8.682880401611328,0.0,-55.23473631244028,,False,True,False,False,,
800,KBWY,KBWY,AMEX:KBWY,US,Invesco KBW Premium Yield Equity REIT ETF,0.322,Real Estate,Long,210734.2,,https://www.tradingview.com/chart/?symbol=AMEX%3AKBWY,False,,-76.33122795794554,-76.33122795794554,17.459999084472656,14.96500015258789,15.960919990539551,0.5912320705809505,-14.430756094942458,70.12221897820223,False,False,False,False,,
801,URTY,URTY,AMEX:URTY,US,ProShares UltraPro Russell2000,0.316,Trading--Leveraged Equity,3X Long,314639.7,,https://www.tradingview.com/chart/?symbol=AMEX%3AURTY,False,,-59.2086168557906,-59.2086168557906,74.5374984741211,46.63999938964844,56.80687982177734,0.6475742316325168,-2.6076669980459926,69.89574451219336,False,False,False,False,,
803,PTIR,PTIR,AMEX:PTIR,US,GraniteShares 2x Long PLTR Daily ETF,0.312,Trading--Leveraged Equity,2X Long,3273106.1,,https://www.tradingview.com/chart/?symbol=AMEX%3APTIR,False,,-49.05716291402174,-49.05716291402174,16.700000762939453,7.909999847412109,11.096023704528807,0.6511063033726899,45.57701318222397,,False,False,False,False,,
804,IYRI,IYRI,AMEX:IYRI,US,NEOS Real Estate High Income ETF,0.312,Derivative Income,Long,80397.1,,https://www.tradingview.com/chart/?symbol=AMEX%3AIYRI,False,,-69.15561979527963,-69.15561979527963,47.47999954223633,46.32820129394531,47.33162622070312,0.2708965856319488,-3.3454410841152415,,False,False,False,False,,
805,TCAL,TCAL,AMEX:TCAL,US,T. Rowe Price Capital Appreciation Premium Income ETF,0.309,Derivative Income,Long,95832.0,,https://www.tradingview.com/chart/?symbol=AMEX%3ATCAL,False,,-77.19594870821716,-77.19594870821716,22.260000228881836,21.80500030517578,22.280540161132812,0.22580648214759003,47.87016053476625,,False,True,False,False,,
806,COPP,COPP,AMEX:COPP,US,Sprott Copper Miners ETF,0.309,Natural Resources,Long,102974.7,,https://www.tradingview.com/chart/?symbol=AMEX%3ACOPP,False,,-23.047726188323026,8.996502415865988,42.7599983215332,31.559999465942383,35.20147998809814,0.7258585385360391,51.33730991140347,,False,False,False,False,,
808,CEW,CEW.TO,TSX:CEW,TSX,iShares Equal Weight Banc & Lifeco ETF,0.307,Financials,Long,39808.75,,https://www.tradingview.com/chart/?symbol=TSX%3ACEW,False,,-8.928625243627415,-8.928625243627415,34.790000915527344,26.459999084472656,28.80347915649414,0.8388722633485588,-1.3167834026746028,83.58298004425757,False,False,False,False,,
809,UAE,UAE,AMEX:UAE,US,iShares MSCI UAE ETF,0.304,Focused Region,Long,243114.35,,https://www.tradingview.com/chart/?symbol=AMEX%3AUAE,False,,-9.85037824371548,35.252890615896284,19.625,17.450000762939453,18.148560546875,0.7347972668201138,27.423141358114872,44.662166122649786,False,False,False,False,,
810,ELCV,ELCV,AMEX:ELCV,US,Eventide High Dividend ETF,0.3,,Long,87307.05,,https://www.tradingview.com/chart/?symbol=AMEX%3AELCV,False,,-4.355309226036767,-4.355309226036767,31.209999084472656,28.399999618530273,29.50683974456787,0.5991469394378243,-10.152456550729104,,False,False,False,False,,
811,RSPD,RSPD,AMEX:RSPD,US,Invesco S&P 500 Equal Weight Consumer Discretionary ETF,0.299,Consumer Cyclical,Long,65197.35,,https://www.tradingview.com/chart/?symbol=AMEX%3ARSPD,True,2026-09-10 13:30,-82.47510203904831,-82.47510203904831,53.369998931884766,51.619998931884766,53.28851885986328,0.24752476315962701,-0.028019771898141716,22.543174653446375,False,False,False,False,,
813,WAGN,WAGN,AMEX:WAGN,US,Pabrai Wagons ETF,0.297,Global Small/Mid Stock,Long,107415.45,,https://www.tradingview.com/chart/?symbol=AMEX%3AWAGN,False,,-43.646700032838595,-43.646700032838595,15.59000015258789,13.710000038146973,14.331859867095947,0.7134727254499371,59.79796016806341,,False,False,False,False,,
814,HEEM,HEEM,AMEX:HEEM,US,iShares Currency Hedged MSCI Emerging Markets ETF,0.297,Diversified Emerging Mkts,Long,34010.5,,https://www.tradingview.com/chart/?symbol=AMEX%3AHEEM,False,,25.70413283431057,25.70413283431057,42.009700775146484,35.644798278808594,38.17476628112793,0.5937296391727815,15.5167731742188,74.32902387379204,False,False,False,False,,
815,YMAG,YMAG,AMEX:YMAG,US,YieldMax Magnificent 7 Fund of Option Income ETFs,0.296,Large Blend,Long,1042674.95,,https://www.tradingview.com/chart/?symbol=AMEX%3AYMAG,False,,-23.816294495783964,-23.816294495783964,11.145000457763672,10.755000114440918,11.317836536407471,0.1635290067095898,34.73262809169943,,False,True,False,False,,
816,PATN,PATN,AMEX:PATN,US,Pacer Nasdaq International Patent Leaders ETF,0.292,Foreign Large Blend,Long,133533.7,,https://www.tradingview.com/chart/?symbol=AMEX%3APATN,False,,8.147509396802187,8.147509396802187,35.279998779296875,27.34000015258789,29.907680404663086,0.7297792138989603,16.18176211526371,,False,False,False,False,,
817,QTOP,QTOP,AMEX:QTOP,US,iShares Nasdaq Top 30 Stocks ETF,0.286,Large Growth,Long,92924.15,,https://www.tradingview.com/chart/?symbol=AMEX%3AQTOP,False,,34.20047167970563,34.20047167970563,37.224998474121094,28.864999771118164,31.31939968109131,0.8038460586197947,3.2894955308696026,,False,False,False,False,,
818,AVL,AVL,AMEX:AVL,US,Direxion Daily AVGO Bull 2X ETF,0.285,Trading--Leveraged Equity,2X Long,1147623.7,,https://www.tradingview.com/chart/?symbol=AMEX%3AAVL,False,,-37.318962648712315,-12.174825520111924,38.22999954223633,29.549999237060547,40.686862319946286,0.18393690007462046,-40.16080548147438,,False,True,False,False,,
819,TBG,TBG,AMEX:TBG,US,TBG Dividend Focus ETF,0.284,Large Value,Long,54996.95,,https://www.tradingview.com/chart/?symbol=AMEX%3ATBG,False,,-89.25071721500449,-89.25071721500449,37.77000045776367,34.42499923706055,35.62033981323242,0.660414532746882,55.496803404336426,,False,False,False,False,,
821,FMTM,FMTM,AMEX:FMTM,US,MarketDesk Focused U.S. Momentum ETF,0.277,Large Growth,Long,204518.3,,https://www.tradingview.com/chart/?symbol=AMEX%3AFMTM,False,,-57.35341757750813,-57.35341757750813,37.65829849243164,33.20100021362305,35.65752430725097,0.4282157852745875,-22.680377224588792,,False,False,False,False,,
823,USDU,USDU,AMEX:USDU,US,WisdomTree Bloomberg US Dollar Bullish Fund,0.274,Trading--Miscellaneous,Long,395191.85,,https://www.tradingview.com/chart/?symbol=AMEX%3AUSDU,False,,-40.32529035697064,-31.001966748597273,26.274999618530273,25.829999923706055,26.065999923706055,0.44499969482421875,-34.65981574115002,49.790207256581105,False,False,False,False,,
824,FYEE,FYEE,AMEX:FYEE,US,Fidelity Yield Enhanced Equity ETF,0.272,Derivative Income,Long,129732.15,,https://www.tradingview.com/chart/?symbol=AMEX%3AFYEE,False,,-16.959923712075987,-16.959923712075987,29.979999542236328,26.399999618530273,27.361699798583984,0.8785274241577478,59.38947714705821,,False,False,False,False,,
825,ORCX,ORCX,AMEX:ORCX,US,Defiance Daily Target 2X Long ORCL ETF,0.267,Trading--Leveraged Equity,2X Long,1959947.85,,https://www.tradingview.com/chart/?symbol=AMEX%3AORCX,False,,42.59963045086035,42.97083243372948,23.280000686645508,13.890000343322754,27.129599758148192,0.1673796926622034,-0.748235272882057,,False,True,False,False,,
826,WGMI,WGMI,AMEX:WGMI,US,CoinShares Bitcoin Mining and Digital Power ETF,0.267,Equity Digital Assets,Long,695525.45,,https://www.tradingview.com/chart/?symbol=AMEX%3AWGMI,False,,14.406634891910182,27.067044227698542,45.59000015258789,32.30070114135742,41.72873567199707,0.3326541238747042,-48.73473501163189,49.88946653965767,False,False,False,False,,
827,AMZU,AMZU,AMEX:AMZU,US,Direxion Daily AMZN Bull 2X ETF,0.265,Trading--Leveraged Equity,2X Long,1863181.8,,https://www.tradingview.com/chart/?symbol=AMEX%3AAMZU,False,,-60.06819026763137,-60.06819026763137,35.2599983215332,24.639999389648438,29.783619857788086,0.48726762859921774,-6.806890827988238,22.565632289495085,False,False,False,False,,
829,IDNA,IDNA,AMEX:IDNA,US,iShares Genomics Immunology and Healthcare ETF,0.262,Health,Long,113491.3,,https://www.tradingview.com/chart/?symbol=AMEX%3AIDNA,False,,-52.89316631580854,-52.89316631580854,37.84000015258789,27.790000915527344,31.013760879516603,0.7357246961437208,79.42272734417647,74.54748032227737,False,False,False,False,,
830,EMQQ,EMQQ,AMEX:EMQQ,US,EMQQ The Emerging Markets Internet ETF,0.259,Diversified Emerging Mkts,Long,37037.15,,https://www.tradingview.com/chart/?symbol=AMEX%3AEMQQ,False,,-77.52953773040527,-77.52953773040527,32.150001525878906,30.18000030517578,31.52756008911133,0.34500902566870784,7.427264764119045,-32.21048839972241,False,False,False,False,,
831,MSTX,MSTX,AMEX:MSTX,US,Defiance Daily Target 2x Long MSTR ETF,0.258,Trading--Leveraged Equity,2X Long,9991447.8,,https://www.tradingview.com/chart/?symbol=AMEX%3AMSTX,False,,0.9764036886532624,0.9764036886532624,13.559300422668457,6.75,15.585839675903319,0.1818723470200886,23.212599679833783,,False,True,False,False,,
832,ERX,ERX,AMEX:ERX,US,Direxion Daily Energy Bull 2X ETF,0.257,Trading--Leveraged Equity,2X Long,266946.55,,https://www.tradingview.com/chart/?symbol=AMEX%3AERX,False,,32.04684387495465,45.89797799588539,111.48999786376953,75.22000122070312,84.12428021240234,0.9613040220037182,64.24277533445179,69.17216181391875,False,False,False,False,,
833,RSPS,RSPS,AMEX:RSPS,US,Invesco S&P 500 Equal Weight Consumer Staples ETF,0.248,Consumer Defensive,Long,72879.0,,https://www.tradingview.com/chart/?symbol=AMEX%3ARSPS,True,2026-09-10 13:30,-78.10216332772143,-78.10216332772143,30.030000686645508,29.145000457763672,29.888399917602538,0.2809526577560118,38.90447018196613,35.33220438055344,False,False,False,False,,
834,GPZ,GPZ,AMEX:GPZ,US,VanEck Alternative Asset Manager ETF,0.248,Financial,Long,186741.25,,https://www.tradingview.com/chart/?symbol=AMEX%3AGPZ,False,,-79.4339823117834,-79.4339823117834,23.06999969482422,20.170000076293945,21.601340202331542,0.4781532338283424,38.02688958614564,,False,False,False,False,,
835,GUSH,GUSH,AMEX:GUSH,US,Direxion Daily S&P Oil & Gas Exp. & Prod. Bull 2X ETF,0.245,Trading--Leveraged Equity,2X Long,597254.5,,https://www.tradingview.com/chart/?symbol=AMEX%3AGUSH,False,,46.121526549968046,59.086866506549114,48.17499923706055,29.8700008392334,34.369694770812984,0.9600607702601462,65.51438456835801,54.09051060407146,False,False,False,False,,
836,UWM,UWM,AMEX:UWM,US,ProShares Ultra Russell2000,0.245,Trading--Leveraged Equity,2X Long,235637.4,,https://www.tradingview.com/chart/?symbol=AMEX%3AUWM,False,,-57.747327497057576,-57.747327497057576,60.88999938964844,43.61000061035156,49.53832125854492,0.687897965363403,1.3483045210213742,71.29841957226732,False,False,False,False,,
837,BEDY,BEDY,AMEX:BEDY,US,BNY Mellon Enhanced Dividend and Income ETF,0.245,Large Value,Long,101621.1,,https://www.tradingview.com/chart/?symbol=AMEX%3ABEDY,False,,-66.01031851963948,-66.01031851963948,29.399999618530273,26.46030044555664,27.3593896484375,0.7716353422984109,55.22420775554317,,False,False,False,False,,
839,TZA,TZA,AMEX:TZA,US,Direxion Daily Small Cap Bear 3X ETF,0.237,Trading--Inverse Equity,-3X Short,3917858.7,,https://www.tradingview.com/chart/?symbol=AMEX%3ATZA,False,,12.962265341979956,57.05931050857712,43.380001068115234,36.36000061035156,46.29323974609375,0.16678548511642577,-8.0437380871661,-55.920202699280026,False,True,False,False,,
840,QID,QID,AMEX:QID,US,ProShares UltraShort QQQ,0.236,Trading--Inverse Equity,-2X Short,29218545.8,,https://www.tradingview.com/chart/?symbol=AMEX%3AQID,False,,-23.015153827931456,3.6074759340551963,14.579999923706055,13.494999885559082,16.04262012863159,0.1005094890806289,-13.29660367760191,-57.06634409516705,False,True,False,False,,
841,STCE,STCE,AMEX:STCE,US,Schwab Crypto Thematic Natural Language Processing ETF,0.236,Equity Digital Assets,Long,59843.9,,https://www.tradingview.com/chart/?symbol=AMEX%3ASTCE,False,,21.608217366503755,21.608217366503755,66.91000366210938,48.875,56.911980072021485,0.5295845984581701,-4.532875964110872,28.175866214856423,False,False,False,False,,
842,EWZS,EWZS,AMEX:EWZS,US,iShares MSCI Brazil Small-Cap ETF,0.235,Focused Region,Long,287624.15,,https://www.tradingview.com/chart/?symbol=AMEX%3AEWZS,False,,38.84123564127495,38.84123564127495,13.5649995803833,11.729999542236328,12.78373957824707,0.41097423861977167,-14.274475008103783,16.140413698774644,False,False,False,False,,
843,AMZY,AMZY,AMEX:AMZY,US,YieldMax AMZN Option Income Strategy ETF,0.234,Derivative Income,Long,308899.7,,https://www.tradingview.com/chart/?symbol=AMEX%3AAMZY,False,,-67.81317596712343,-67.81317596712343,10.380000114440918,9.949999809265137,10.633219917297364,0.14853203356933062,11.902681922945112,,False,True,False,False,,
844,YOKE,YOKE,AMEX:YOKE,US,YOKE Core ETF,0.233,Large Blend,Long,11209.8,,https://www.tradingview.com/chart/?symbol=AMEX%3AYOKE,False,,-37.88313732336996,-37.88313732336996,30.889999389648438,26.739999771118164,28.229159645080568,0.6576862075709354,-15.650653579242524,,False,False,False,False,,
845,SPWO,SPWO,AMEX:SPWO,US,SP Funds S&P World (ex-US) ETF,0.231,Foreign Large Growth,Long,73675.55,,https://www.tradingview.com/chart/?symbol=AMEX%3ASPWO,False,,2.938886429794494,2.938886429794494,32.974998474121094,27.18000030517578,29.034983856201173,0.7372677601993324,21.171166088792827,,False,False,False,False,,
846,GOOY,GOOY,AMEX:GOOY,US,YieldMax GOOGL Option Income Strategy ETF,0.228,Derivative Income,Long,258340.35,,https://www.tradingview.com/chart/?symbol=AMEX%3AGOOY,False,,-67.10255125748061,-67.10255125748061,11.791000366210938,11.765000343322754,12.711360172271728,0.006483797403389326,-39.31397478218826,,False,True,False,False,,
847,TUR,TUR,AMEX:TUR,US,iShares MSCI Turkey ETF,0.228,Focused Region,Long,158910.7,,https://www.tradingview.com/chart/?symbol=AMEX%3ATUR,False,,-47.80523379972039,13.732361506310042,40.31999969482422,36.72999954223633,38.38199954223633,0.512857164655413,26.97518066608038,48.910202756547875,False,False,False,False,,
848,COLO,COLO,AMEX:COLO,US,Global X MSCI Colombia ETF,0.226,,Long,144071.75,,https://www.tradingview.com/chart/?symbol=AMEX%3ACOLO,False,,38.087360624385134,63.8210591906252,51.650001525878906,36.02000045776367,39.708680709838866,1.0,64.26727672317331,78.09892966107526,False,False,False,False,,
849,AVSE,AVSE,AMEX:AVSE,US,Avantis Responsible Emerging Markets Equity ETF,0.226,Diversified Emerging Mkts,Long,15155.05,,https://www.tradingview.com/chart/?symbol=AMEX%3AAVSE,False,,34.44055304793006,34.44055304793006,79.0,64.0999984741211,68.98165969848633,0.720328633735673,32.26483121222851,73.61015093459241,False,False,False,False,,
850,CGXF,CGXF.TO,TSX:CGXF,TSX,CI Gold+ Giants Covered Call ETF,0.218,Materials,Long,25034.75,,https://www.tradingview.com/chart/?symbol=TSX%3ACGXF,False,,-21.71955147943812,-21.71955147943812,19.420000076293945,15.510000228881836,17.50656001281738,0.46217497287777004,44.327026502955356,38.73881049881427,False,False,False,False,,
852,SPRE,SPRE,AMEX:SPRE,US,SP Funds S&P Global REIT Sharia ETF,0.207,Real Estate,Long,86467.35,,https://www.tradingview.com/chart/?symbol=AMEX%3ASPRE,True,2026-09-10 09:30,-72.1205583331713,-66.66863437944916,20.139999389648438,19.219999313354492,19.842803298950194,0.34861693731407145,-41.80664093789137,70.12592708749604,False,False,False,False,,
853,FBL,FBL,AMEX:FBL,US,GraniteShares 2x Long META Daily ETF,0.202,Trading--Leveraged Equity,2X Long,1015911.25,,https://www.tradingview.com/chart/?symbol=AMEX%3AFBL,False,,76.25569993718183,83.41275033726644,25.719999313354492,18.010000228881836,21.5122398147583,0.5195417787159147,-25.272401388629877,-43.759684278773825,False,False,False,False,,
854,NEBX,NEBX,AMEX:NEBX,US,Tradr 2X Long NBIS Daily ETF,0.198,Trading--Leveraged Equity,2X Long,2663901.2,,https://www.tradingview.com/chart/?symbol=AMEX%3ANEBX,False,,8.649648496270276,41.38151596466475,25.979999542236328,8.256667137145996,21.64573318862915,0.31239717778059545,-26.153559356592755,,False,False,False,False,,
855,CWEB,CWEB,AMEX:CWEB,US,Direxion Daily CSI China Internet Index Bull 2X ETF,0.193,Trading--Leveraged Equity,2X Long,498704.3,,https://www.tradingview.com/chart/?symbol=AMEX%3ACWEB,False,,-71.5062403959509,-71.5062403959509,18.399999618530273,17.690000534057617,21.355080696105958,0.04571790425503301,-30.87494340582435,-48.233030132138744,False,True,False,False,,
856,AVGX,AVGX,AMEX:AVGX,US,Defiance Daily Target 2X Long AVGO ETF,0.191,,2X Long,882466.65,,https://www.tradingview.com/chart/?symbol=AMEX%3AAVGX,False,,-38.41883698595245,-13.042448544644202,40.20000076293945,31.385000228881836,43.14842096710205,0.17684822912763976,-40.82588445465737,,False,True,False,False,,
857,SEPI,SEPI,AMEX:SEPI,US,Shelton Equity Premium Income ETF,0.191,Derivative Income,Long,59865.1,,https://www.tradingview.com/chart/?symbol=AMEX%3ASEPI,False,,10.302757903294548,10.302757903294548,28.6200008392334,24.34000015258789,25.45391999053955,0.9067799384071777,54.849737087915656,,False,False,False,False,,
858,JEDI,JEDI,AMEX:JEDI,US,Defiance Drone and Modern Warfare ETF,0.185,Technology,Long,337490.35,,https://www.tradingview.com/chart/?symbol=AMEX%3AJEDI,False,,-35.31209786834075,-21.88857055304779,25.350000381469727,22.020000457763672,26.846200637817383,0.16283617601329642,-14.547397701683565,,False,True,False,False,,
859,XHE,XHE,AMEX:XHE,US,State Street SPDR S&P Health Care Equipment ETF,0.179,Health,Long,18277.75,,https://www.tradingview.com/chart/?symbol=AMEX%3AXHE,False,,-91.90878201877678,-91.90878201877678,89.5199966430664,76.25,81.15290036010742,0.6387482872882728,53.5911824921833,20.63317447071067,False,False,False,False,,
860,HHIC,HHIC.TO,TSX:HHIC,TSX,Harvest Canadian High Income Shares ETF,0.178,Large Cap,1.25X Long,86229.0,,https://www.tradingview.com/chart/?symbol=TSX%3AHHIC,False,,-57.027643469871975,-57.027643469871975,13.774999618530273,13.520000457763672,13.81972034072876,0.2007868191645059,57.93031568569734,,False,True,False,False,,
861,COPJ,COPJ,AMEX:COPJ,US,Sprott Junior Copper Miners ETF,0.178,Natural Resources,Long,87066.95,,https://www.tradingview.com/chart/?symbol=AMEX%3ACOPJ,False,,-18.83365046120389,14.36934322587355,44.93550109863281,34.625,38.012779891967774,0.7182515797577355,50.764578726476564,63.44074422067441,False,False,False,False,,
862,RKLX,RKLX,AMEX:RKLX,US,Defiance Daily Target 2X Long RKLB ETF,0.177,Trading--Leveraged Equity,2X Long,2059716.0,,https://www.tradingview.com/chart/?symbol=AMEX%3ARKLX,False,,-24.918098788911212,-20.230859777986858,13.970000267028809,13.505000114440918,37.1746208076477,0.00463632423320741,-43.35713502324256,,False,True,False,False,,
863,EGGY,EGGY,AMEX:EGGY,US,NestYield Dynamic Income ETF,0.175,Equity Hedged,Long,107189.65,,https://www.tradingview.com/chart/?symbol=AMEX%3AEGGY,False,,-4.363316092617164,35.48023912992554,33.810001373291016,29.334999084472656,33.21247915649414,0.2723677544551623,-17.750980449065768,,False,False,False,False,,
864,XPAY,XPAY,AMEX:XPAY,US,Roundhill S&P 500 Target 20 Managed Distribution ETF,0.17,Derivative Income,Long,49382.75,,https://www.tradingview.com/chart/?symbol=AMEX%3AXPAY,False,,-51.70542537938977,-51.70542537938977,51.459999084472656,47.52000045776367,49.33366078186035,0.5126867823865754,41.43784836008302,,False,False,False,False,,
865,AAPU,AAPU,AMEX:AAPU,US,Direxion Daily AAPL Bull 2X ETF,0.169,Trading--Leveraged Equity,2X Long,1574365.35,,https://www.tradingview.com/chart/?symbol=AMEX%3AAAPU,False,,-9.519160242720279,-4.314476524918423,42.9900016784668,26.469999313354492,31.65373979949951,0.7521056597233047,14.309857863901842,58.868309581627294,False,False,False,False,,
866,XBCI,XBCI,AMEX:XBCI,US,NEOS Boosted Bitcoin High Income ETF,0.168,Digital Assets,1.5X Long,183122.65,,https://www.tradingview.com/chart/?symbol=AMEX%3AXBCI,False,,-34.029318116415304,-34.029318116415304,36.76499938964844,29.34000015258789,34.265319900512694,0.3557738196965972,58.06374959043174,,False,False,False,False,,
867,SMCX,SMCX,AMEX:SMCX,US,Defiance Daily Target 2X Long SMCI ETF,0.167,Trading--Leveraged Equity,2X Long,7127197.8,,https://www.tradingview.com/chart/?symbol=AMEX%3ASMCX,False,,23.958737674342682,23.958737674342682,11.875,5.670000076293945,12.469159950256348,0.21537660668967623,27.28313218672925,,False,True,False,False,,
868,FTXN,FTXN,AMEX:FTXN,US,First Trust Nasdaq Oil & Gas ETF,0.166,Equity Energy,Long,43795.05,,https://www.tradingview.com/chart/?symbol=AMEX%3AFTXN,False,,35.96130002607605,48.15223572303123,41.119998931884766,33.15999984741211,35.09047991943359,0.9731049862475039,65.74871273598984,72.38325241699147,False,False,False,False,,
869,SMCY,SMCY,AMEX:SMCY,US,YieldMax SMCI Option Income Strategy ETF,0.164,Derivative Income,Long,1363228.6,,https://www.tradingview.com/chart/?symbol=AMEX%3ASMCY,False,,8.629228519073935,8.629228519073935,5.099999904632568,4.074999809265137,5.131099899291992,0.22905028111546,44.45191944336246,,False,True,False,False,,
870,SDOW,SDOW,AMEX:SDOW,US,ProShares UltraPro Short Dow30,0.161,Trading--Inverse Equity,-3X Short,3325705.45,,https://www.tradingview.com/chart/?symbol=AMEX%3ASDOW,False,,2.0581747077815016,56.04025239421011,24.610000610351562,21.385000228881836,25.334459922790526,0.19270992718338437,-30.710545789361408,-59.97851238960133,False,True,False,False,,
871,ORCU,ORCU,AMEX:ORCU,US,Direxion Daily ORCL Bull 2X ETF,0.161,Trading--Leveraged Equity,2X Long,4274337.6,,https://www.tradingview.com/chart/?symbol=AMEX%3AORCU,False,,43.07716320506888,43.28071046047511,8.34939956665039,4.96999979019165,9.732078680038452,0.1674769288145749,-0.27393475810362844,,False,True,False,False,,
872,OKLL,OKLL,AMEX:OKLL,US,Defiance Daily Target 2x Long OKLO ETF,0.157,Trading--Leveraged Equity,2X Long,2247947.25,,https://www.tradingview.com/chart/?symbol=AMEX%3AOKLL,False,,-14.813686788464771,64.7281360970136,11.640000343322754,2.2049999237060547,4.856459842681884,0.8397864448539826,-32.24627000879014,,False,False,False,False,,
873,ECHI,ECHI.TO,TSX:ECHI,TSX,Ninepoint Enhanced Canadian HighShares ETF,0.153,Large Cap,Long,83702.4,,https://www.tradingview.com/chart/?symbol=TSX%3AECHI,False,,-53.52308771922136,-53.52308771922136,12.100000381469727,11.619999885559082,11.903199840545653,0.400000476837234,68.10481272425928,,False,False,False,False,,
874,IONX,IONX,AMEX:IONX,US,Defiance Daily Target 2X Long IONQ ETF,0.151,Trading--Leveraged Equity,2X Long,909706.15,,https://www.tradingview.com/chart/?symbol=AMEX%3AIONX,False,,-24.670632921263927,-24.670632921263927,20.0,16.8700008392334,37.46572049713134,0.035865695115812696,-35.57473308416514,,False,True,False,False,,
875,FLCC,FLCC,AMEX:FLCC,US,Federated Hermes MDT Large Cap Core ETF,0.147,Large Blend,Long,40564.1,,https://www.tradingview.com/chart/?symbol=AMEX%3AFLCC,False,,-47.14514159018145,-47.14514159018145,36.14500045776367,29.98259925842285,31.739950035095216,0.8275676673943708,48.21266754888766,,False,False,False,False,,
876,EPHE,EPHE,AMEX:EPHE,US,iShares MSCI Philippines ETF,0.144,Focused Region,Long,275558.7,,https://www.tradingview.com/chart/?symbol=AMEX%3AEPHE,False,,-3.6329743452589454,3.4960544195292016,24.149999618530273,23.729999542236328,24.402599632263183,0.14736842809731626,-24.404218613036956,-8.813917830727275,False,True,False,False,,
877,KBA,KBA,AMEX:KBA,US,KraneShares Bosera MSCI China A 50 Connect Index ETF,0.142,Greater China Region,Long,44769.95,,https://www.tradingview.com/chart/?symbol=AMEX%3AKBA,False,,-44.56649241821271,-44.56649241821271,32.3828010559082,29.3700008392334,30.78836089324951,0.5012978538996392,-52.96700223001212,63.46367358976813,False,False,False,False,,
879,GPTY,GPTY,AMEX:GPTY,US,YieldMax AI & Tech Portfolio Option Income ETF,0.138,Derivative Income,Long,52225.9,,https://www.tradingview.com/chart/?symbol=AMEX%3AGPTY,False,,16.86984395527656,16.86984395527656,42.06999969482422,34.72999954223633,38.47175602722168,0.4629483620758724,26.60483138952684,,False,False,False,False,,
880,MRNY,MRNY,AMEX:MRNY,US,YieldMax MRNA Option Income Strategy ETF,0.135,Derivative Income,Long,494925.15,,https://www.tradingview.com/chart/?symbol=AMEX%3AMRNY,False,,-48.46605812894433,-48.46605812894433,31.059999465942383,14.220000267028809,20.76191987991333,0.6075036145531673,70.35178351492296,,False,False,False,False,,
881,SPXU,SPXU.TO,TSX:SPXU,TSX,BetaPro S&P 500 2x Daily Bull ETF,0.135,Large Cap,2X Long,74978.8,,https://www.tradingview.com/chart/?symbol=TSX%3ASPXU,False,,-42.2434055633428,-42.2434055633428,36.54999923706055,26.43000030517578,29.335160629272462,0.8220956785465602,32.47195566329781,66.4450742392935,False,False,False,False,,
882,NFXL,NFXL,AMEX:NFXL,US,Direxion Daily NFLX Bull 2X ETF,0.133,Trading--Leveraged Equity,2X Long,1009803.7,,https://www.tradingview.com/chart/?symbol=AMEX%3ANFXL,False,,-46.91480586631328,-46.91480586631328,16.860000610351562,13.46500015258789,19.207210083007812,0.13953166424440253,19.517743686320344,,False,True,False,False,,
883,TSMY,TSMY,AMEX:TSMY,US,YieldMax TSM Option Income Strategy ETF,0.133,Derivative Income,Long,146330.25,,https://www.tradingview.com/chart/?symbol=AMEX%3ATSMY,False,,-1.1872070792515441,26.81973044890628,15.154999732971191,14.239999771118164,15.12263971710205,0.24465241118971134,20.015968147352776,,False,False,False,False,,
884,RWM,RWM,AMEX:RWM,US,ProShares Short Russell2000,0.131,Trading--Inverse Equity,-1X Short,15277688.1,,https://www.tradingview.com/chart/?symbol=AMEX%3ARWM,False,,15.690794016721783,59.68284387312567,13.994999885559082,13.164999961853027,14.025219844818116,0.22770920072139128,-0.5883779941660284,-64.48143299774286,False,True,False,False,,
885,BABX,BABX,AMEX:BABX,US,GraniteShares 2x Long BABA Daily ETF,0.131,Trading--Leveraged Equity,2X Long,1030177.4,,https://www.tradingview.com/chart/?symbol=AMEX%3ABABX,False,,-59.110658352084705,-59.110658352084705,16.709999084472656,13.494999885559082,17.93534023666382,0.17087424632997616,-16.37265252701392,-30.51476605746211,False,True,False,False,,
886,PBD,PBD,AMEX:PBD,US,Invesco Global Clean Energy ETF,0.13,Global Small/Mid Stock,Long,271994.5,,https://www.tradingview.com/chart/?symbol=AMEX%3APBD,False,,-31.35168803700211,-10.34403427976254,17.385000228881836,16.739999771118164,18.09463971710205,0.1123694222095804,-39.70356505643887,44.90345370869172,False,True,False,False,,
887,HOOY,HOOY,AMEX:HOOY,US,YieldMax HOOD Option Income Strategy ETF,0.129,Derivative Income,Long,99725.95,,https://www.tradingview.com/chart/?symbol=AMEX%3AHOOY,False,,14.447140126185053,14.447140126185053,27.768400192260742,24.68000030517578,26.86772041320801,0.33316070491651495,32.050847098538675,,False,False,False,False,,
888,MRVU,MRVU,AMEX:MRVU,US,Direxion Daily MRVL Bull 2X ETF,0.119,Trading--Leveraged Equity,2X Long,195186.95,,https://www.tradingview.com/chart/?symbol=AMEX%3AMRVU,False,,-16.52308635825301,28.223587940241813,111.26000213623047,21.0,85.54954345703125,0.3300001729420454,-11.443998686821196,,False,False,False,False,,
889,DUST,DUST,AMEX:DUST,US,Direxion Daily Gold Miners Index Bear 2X ETF,0.118,Trading--Inverse Equity,-2X Short,1916765.05,,https://www.tradingview.com/chart/?symbol=AMEX%3ADUST,False,,-11.931604556867825,2.4462411786773592,34.345001220703125,29.049999237060547,38.945480209350585,0.12628193330257678,-55.27273363814977,-41.539628049196985,False,True,False,False,,
890,CRPT,CRPT,AMEX:CRPT,US,First Trust SkyBridge Crypto Industry & Digital Economy ETF,0.117,Equity Digital Assets,Long,75717.75,,https://www.tradingview.com/chart/?symbol=AMEX%3ACRPT,False,,6.6325111916197415,6.6325111916197415,14.539799690246582,10.907500267028809,12.202597576141358,0.6618982665223796,36.176812924226915,-29.255195977535248,False,False,False,False,,
891,DRNZ,DRNZ,AMEX:DRNZ,US,REX Drone ETF,0.115,Industrials,Long,129680.1,,https://www.tradingview.com/chart/?symbol=AMEX%3ADRNZ,False,,-28.814472677741694,-26.84800618348035,20.450000762939453,19.309999465942383,21.69241975402832,0.11292730650285829,-24.140763130355214,,False,True,False,False,,
892,GIAX,GIAX,AMEX:GIAX,US,Nicholas Global Equity and Income ETF,0.113,Derivative Income,Long,69711.7,,https://www.tradingview.com/chart/?symbol=AMEX%3AGIAX,False,,12.815489752695141,15.58545825784037,15.850000381469727,13.350000381469727,14.59136043548584,0.47528515042126657,19.562506644194066,,False,False,False,False,,
893,KURE,KURE,AMEX:KURE,US,KraneShares MSCI All China Health Care Index ETF,0.111,Greater China Region,Long,48572.25,,https://www.tradingview.com/chart/?symbol=AMEX%3AKURE,False,,-59.667286602822436,-59.667286602822436,17.799999237060547,14.479999542236328,15.617519470214845,0.6887966607942485,50.51802846927461,1.3210946083882764,False,False,False,False,,
894,RIET,RIET,AMEX:RIET,US,Hoya Capital High Dividend Yield ETF,0.11,Real Estate,Long,90314.15,,https://www.tradingview.com/chart/?symbol=AMEX%3ARIET,False,,-78.6571572021444,-78.6571572021444,9.100000381469727,8.774999618530273,9.063273712158203,0.2660668500885359,-34.67170683708142,68.80926298579432,False,False,False,False,,
895,AFK,AFK,AMEX:AFK,US,VanEck Africa Index ETF,0.107,Focused Region,Long,57921.0,,https://www.tradingview.com/chart/?symbol=AMEX%3AAFK,False,,21.212213581967642,21.212213581967642,29.135000228881836,24.469999313354492,25.766819511413573,0.848953631129591,54.76284474351024,54.758074609536,False,False,False,False,,
896,MSFO,MSFO,AMEX:MSFO,US,YieldMax MSFT Option Income Strategy ETF,0.106,Derivative Income,Long,143588.85,,https://www.tradingview.com/chart/?symbol=AMEX%3AMSFO,False,,-48.56332127094472,-48.56332127094472,11.960000038146973,9.9399995803833,10.668059589385987,0.6547813396388156,53.345035012941025,,False,False,False,False,,
897,HYDR,HYDR,AMEX:HYDR,US,Global X Hydrogen ETF,0.105,Miscellaneous Sector,Long,44839.1,,https://www.tradingview.com/chart/?symbol=AMEX%3AHYDR,False,,6.8038826827884975,42.07622865213302,44.255001068115234,34.119998931884766,43.57415925598144,0.25299555139275964,-22.660195777731733,48.838450084374664,False,False,False,False,,
898,TSLQ,TSLQ,AMEX:TSLQ,US,Tradr 2X Short TSLA Daily ETF New Oct 2025,0.104,Trading--Inverse Equity,-2X Short,5911097.05,,https://www.tradingview.com/chart/?symbol=AMEX%3ATSLQ,False,,-50.689372522566394,-45.68510913645678,18.594999313354492,15.899999618530273,19.130839744567872,0.19685899121184625,-20.101905665017252,-29.75461449350907,False,True,False,False,,
899,DOG,DOG,AMEX:DOG,US,ProShares Short Dow30,0.102,Trading--Inverse Equity,-1X Short,2393367.2,,https://www.tradingview.com/chart/?symbol=AMEX%3ADOG,False,,5.4528758122046925,58.178347825662314,21.895000457763672,20.84000015258789,21.83591999053955,0.2500001129946056,-24.701552035804145,-64.40480885141444,False,False,False,False,,
900,CNXT,CNXT,AMEX:CNXT,US,VanEck ChiNext Innovators ETF,0.102,Greater China Region,Long,87470.25,,https://www.tradingview.com/chart/?symbol=AMEX%3ACNXT,False,,-51.0013174413812,-33.93171108291327,47.16999816894531,43.72999954223633,48.113463851928714,0.1852050384232038,-45.4728162957247,60.35008500258033,False,True,False,False,,
901,BOAT,BOAT,AMEX:BOAT,US,SonicShares Global Shipping ETF,0.101,Industrials,Long,51437.3,,https://www.tradingview.com/chart/?symbol=AMEX%3ABOAT,False,,61.707266132347776,61.707266132347776,51.1349983215332,37.70500183105469,40.87448100280762,1.0,77.6866483543284,78.89170651817483,False,False,False,False,,
902,YANG,YANG,AMEX:YANG,US,Direxion Daily FTSE China Bear 3X ETF,0.097,Trading--Inverse Equity,-3X Short,747036.0,,https://www.tradingview.com/chart/?symbol=AMEX%3AYANG,False,,-7.492486369329035,50.994079776383025,31.399999618530273,23.989999771118164,27.968959465026856,0.43950180411890044,-18.99506753745244,-12.50017980394535,False,False,False,False,,
903,APLY,APLY,AMEX:APLY,US,YieldMax AAPL Option Income Strategy ETF,0.097,Derivative Income,Long,80443.15,,https://www.tradingview.com/chart/?symbol=AMEX%3AAPLY,False,,-23.49033291078227,-17.58883085078543,11.739999771118164,11.109999656677246,11.540699836730957,0.3452053978466304,7.649835650849674,61.402563970724685,False,False,False,False,,
904,FBY,FBY,AMEX:FBY,US,YieldMax META Option Income Strategy ETF,0.091,Derivative Income,Long,149624.5,,https://www.tradingview.com/chart/?symbol=AMEX%3AFBY,False,,68.1550535501248,78.95682095295773,8.84000015258789,7.974999904632568,8.902763223648071,0.22003462988176717,-26.617072761657198,,False,True,False,False,,
905,GNOM,GNOM,AMEX:GNOM,US,Global X Genomics & Biotechnology ETF,0.091,Health,Long,34449.3,,https://www.tradingview.com/chart/?symbol=AMEX%3AGNOM,False,,-62.404557012508064,-62.404557012508064,61.970001220703125,41.40999984741211,47.65102067565918,0.7774626071003703,73.46667624890748,67.59586869406591,False,False,False,False,,
906,PBJ,PBJ,AMEX:PBJ,US,Invesco Food & Beverage ETF,0.091,Consumer Defensive,Long,23672.5,,https://www.tradingview.com/chart/?symbol=AMEX%3APBJ,True,2026-09-10 13:30,-66.3948310466168,-66.3948310466168,46.97999954223633,46.16999816894531,47.22019834899902,0.18202274930756826,-3.979974510506859,27.878817305091246,False,True,False,False,,
907,SIXY,SIXY.TO,TSX:SIXY,TSX,Evolve Big Six Canadian Banks Ultrayield Index ETF,0.091,Financials,1.33X Long,125216.55,,https://www.tradingview.com/chart/?symbol=TSX%3ASIXY,False,,-22.45195809049149,-22.45195809049149,29.709999084472656,24.8799991607666,26.671239646911623,0.6363634536018096,-5.263562437213612,,False,False,False,False,,
908,ENOR,ENOR,AMEX:ENOR,US,iShares MSCI Norway ETF,0.09,Focused Region,Long,21794.65,,https://www.tradingview.com/chart/?symbol=AMEX%3AENOR,False,,49.92431605266662,68.86552367119593,37.279998779296875,31.190000534057617,32.80188051605224,0.8916542186335397,58.7947690963068,75.65645673288633,False,False,False,False,,
909,DIG,DIG,AMEX:DIG,US,ProShares Ultra Energy,0.088,Trading--Leveraged Equity,2X Long,29343.7,,https://www.tradingview.com/chart/?symbol=AMEX%3ADIG,False,,31.080637090293738,45.145087619661815,71.94000244140625,48.5099983215332,54.23771842956543,0.9653895211352614,64.03140980734605,68.8952543816224,False,False,False,False,,
910,ENZL,ENZL,AMEX:ENZL,US,iShares MSCI New Zealand ETF,0.084,Focused Region,Long,89030.95,,https://www.tradingview.com/chart/?symbol=AMEX%3AENZL,False,,-66.41862386675366,-66.41862386675366,46.05500030517578,41.810001373291016,43.51628126525879,0.5871368189010611,49.76340266280149,40.39961943817676,False,False,False,False,,
911,LABD,LABD,AMEX:LABD,US,Direxion Daily S&P Biotech Bear 3X ETF,0.083,Trading--Inverse Equity,-3X Short,18828074.3,,https://www.tradingview.com/chart/?symbol=AMEX%3ALABD,False,,9.346316490694273,64.55005784144146,7.329999923706055,5.864999771118164,9.48759986114502,0.09543974698244406,-54.88456185123183,-52.953403761345015,False,True,False,False,,
912,XUDV,XUDV,AMEX:XUDV,US,Franklin U.S. Dividend Booster Index ETF,0.082,Large Value,Long,8600.8,,https://www.tradingview.com/chart/?symbol=AMEX%3AXUDV,False,,-55.03070548209316,-55.03070548209316,32.965599060058594,27.620800018310547,29.127093353271484,0.837401683042865,57.780238706830424,,False,False,False,False,,
913,OILU,OILU,AMEX:OILU,US,MicroSectors Oil & Gas Exp. & Prod. 3x Leveraged ETN,0.082,Trading--Leveraged Equity,3X Long,84198.4,,https://www.tradingview.com/chart/?symbol=AMEX%3AOILU,False,,30.59026891445913,37.95906349604834,55.90999984741211,31.645000457763672,38.19282020568848,0.8745720066243331,62.79688700357698,45.677773773498494,False,False,False,False,,
914,TECS,TECS,AMEX:TECS,US,Direxion Daily Technology Bear 3X ETF,0.076,Trading--Inverse Equity,-3X Short,335107.5,,https://www.tradingview.com/chart/?symbol=AMEX%3ATECS,False,,-44.404515070371104,-30.29393320013644,62.459999084472656,56.849998474121094,99.17660171508788,0.031279621861116956,-37.0770209216404,-51.207219503146284,False,True,False,False,,
915,DTEC,DTEC,AMEX:DTEC,US,ALPS Disruptive Technologies ETF,0.076,Technology,Long,7722.75,,https://www.tradingview.com/chart/?symbol=AMEX%3ADTEC,False,,-57.98933302273276,-57.98933302273276,50.400001525878906,42.03049850463867,44.8288455657959,0.7058462263061364,52.57679621344781,28.374531380250748,False,False,False,False,,
916,TSLR,TSLR,AMEX:TSLR,US,GraniteShares 2x Long TSLA Daily ETF,0.075,Trading--Leveraged Equity,2X Long,1450438.85,,https://www.tradingview.com/chart/?symbol=AMEX%3ATSLR,False,,24.484839605720236,26.590040184867338,16.600000381469727,11.595000267028809,15.719100131988526,0.2864091718641236,-21.385184586267794,,False,False,False,False,,
917,SLJY,SLJY,AMEX:SLJY,US,Amplify SILJ Junior Silver Miners Covered Call ETF,0.074,Derivative Income,Long,46679.5,,https://www.tradingview.com/chart/?symbol=AMEX%3ASLJY,False,,-1.3005696530518907,0.2740081467782183,30.809999465942383,25.84000015258789,29.1912003326416,0.3499999328398405,42.699942887322464,,False,False,False,False,,
918,SRTY,SRTY,AMEX:SRTY,US,ProShares UltraPro Short Russell2000,0.072,Trading--Inverse Equity,-3X Short,1406503.2,,https://www.tradingview.com/chart/?symbol=AMEX%3ASRTY,False,,12.958673480278234,57.100926752112876,24.450000762939453,20.5049991607666,26.130059394836426,0.16551296152773537,-7.842454435190397,-55.960931880703335,False,True,False,False,,
919,LINT,LINT,AMEX:LINT,US,Direxion Daily INTC Bull 2X ETF,0.072,Trading--Leveraged Equity,2X Long,107226.25,,https://www.tradingview.com/chart/?symbol=AMEX%3ALINT,False,,49.537994692965725,70.3476617742537,115.75,28.440000534057617,84.50416040802001,0.36752820197938885,-37.27645896111403,,False,False,False,False,,
920,GXPS,GXPS,AMEX:GXPS,US,Global X PureCap MSCI Consumer Staples ETF,0.072,Consumer Defensive,Long,25714.1,,https://www.tradingview.com/chart/?symbol=AMEX%3AGXPS,True,2026-09-10 09:30,-74.04255174052086,-72.32417732300895,26.09000015258789,25.76919937133789,26.281508445739746,0.14777990115321252,-2.02800811886517,,False,True,False,False,,
921,MSOX,MSOX,AMEX:MSOX,US,AdvisorShares MSOS Daily Leveraged ETF,0.07,Trading--Leveraged Equity,2X Long,1629035.35,,https://www.tradingview.com/chart/?symbol=AMEX%3AMSOX,False,,36.53845278784481,36.53845278784481,2.880000114440918,1.728700041770935,2.3768268094062805,0.4192186324002991,22.080161296436554,-29.108216516373826,False,False,False,False,,
922,SNOY,SNOY,AMEX:SNOY,US,YieldMax SNOW Option Income Strategy ETF,0.07,Derivative Income,Long,214690.5,,https://www.tradingview.com/chart/?symbol=AMEX%3ASNOY,False,,-15.04906916367967,-15.04906916367967,11.15999984741211,6.235000133514404,7.651023653030395,0.820819651976644,57.591231862444516,,False,False,False,False,,
924,AMUU,AMUU,AMEX:AMUU,US,Direxion Daily AMD Bull 2X ETF,0.07,Trading--Leveraged Equity,2X Long,60120.85,,https://www.tradingview.com/chart/?symbol=AMEX%3AAMUU,False,,-15.052066641375937,46.382812465152824,195.08999633789062,39.04999923706055,99.13559797668456,0.6128829551216739,-40.51291299687304,,False,False,False,False,,
926,ETHY,ETHY.TO,TSX:ETHY,TSX,Purpose Ether Yield ETF,0.066,"Long ETH, Short USD",Long,201340.5,,https://www.tradingview.com/chart/?symbol=TSX%3AETHY,False,,16.249126934716767,16.692802063302423,1.5299999713897705,1.0,1.2147599921226502,0.582417572340719,68.22903999351222,-40.70982247976442,False,False,False,False,,
928,OZEM,OZEM,AMEX:OZEM,US,Roundhill GLP-1 & Weight Loss ETF,0.062,Health,Long,18690.8,,https://www.tradingview.com/chart/?symbol=AMEX%3AOZEM,False,,-71.08534347622451,-71.08534347622451,31.459999084472656,29.68000030517578,30.764986862182617,0.3871750384382097,33.61097032244171,,False,False,False,False,,
929,WNTR,WNTR,AMEX:WNTR,US,YieldMax MSTR Short Option Income Strategy ETF,0.062,Derivative Income,-1X Short,214958.8,,https://www.tradingview.com/chart/?symbol=AMEX%3AWNTR,False,,-54.25455120913667,-27.43953311290123,18.540000915527344,17.34000015258789,21.538440368652346,0.06745366504686781,-41.59127815723318,,False,True,False,False,,
930,SOFX,SOFX,AMEX:SOFX,US,Defiance Daily Target 2X Long SOFI ETF,0.061,Trading--Leveraged Equity,2X Long,1149098.6,,https://www.tradingview.com/chart/?symbol=AMEX%3ASOFX,False,,-47.237897982627146,-47.237897982627146,8.460000038146973,7.110000133514404,8.754920083999634,0.19368722313769943,-2.9474137102262823,,False,True,False,False,,
931,TSLS,TSLS,AMEX:TSLS,US,Direxion Daily TSLA Bear 1X ETF,0.061,Trading--Inverse Equity,-1X Short,308186.2,,https://www.tradingview.com/chart/?symbol=AMEX%3ATSLS,False,,-45.231741136083905,-40.13787792301992,56.25,49.310001373291016,54.10788090515137,0.34136740304278895,-8.600374540215272,-26.83231139345357,False,False,False,False,,
933,TRUD,TRUD,AMEX:TRUD,US,VanEck Consumer Discretionary TruSector ETF,0.06,Consumer Cyclical,Long,48167.55,,https://www.tradingview.com/chart/?symbol=AMEX%3ATRUD,False,,-61.915974539438594,-61.915974539438594,25.104999542236328,22.969999313354492,24.023739349365233,0.4781635287614494,-7.257260700504527,,False,False,False,False,,
934,EMOP,EMOP,AMEX:EMOP,US,AB Emerging Markets Opportunities ETF,0.06,Diversified Emerging Mkts,Long,56353.5,,https://www.tradingview.com/chart/?symbol=AMEX%3AEMOP,False,,56.9455517897332,56.9455517897332,51.179298400878906,42.28670120239258,45.09351979064942,0.7476981047592869,27.6490308356755,,False,False,False,False,,
935,NIKL,NIKL,AMEX:NIKL,US,Sprott Nickel Miners ETF,0.059,Natural Resources,Long,53362.8,,https://www.tradingview.com/chart/?symbol=AMEX%3ANIKL,False,,-9.287988476470264,33.73561688081404,14.829999923706055,12.277400016784668,13.703453540802002,0.42243405867150663,32.75934872532637,8.867695756324546,False,False,False,False,,
936,HIMZ,HIMZ,AMEX:HIMZ,US,Defiance Daily Target 2X Long HIMS ETF,0.056,Trading--Leveraged Equity,2X Long,350079.3,,https://www.tradingview.com/chart/?symbol=AMEX%3AHIMZ,False,,-57.16816641418305,-48.5788688409948,24.25,15.538599967956543,26.104650699615476,0.19457510282457902,-39.36832026570119,,False,True,False,False,,
937,NETL,NETL,AMEX:NETL,US,Colterpoint Net Lease Real Estate ETF,0.056,Real Estate,Long,21724.3,,https://www.tradingview.com/chart/?symbol=AMEX%3ANETL,False,,-75.02442518246507,-75.02442518246507,25.614999771118164,24.368000030517578,25.281862640380858,0.3220308344005517,-25.882961526670698,75.49958847679356,False,False,False,False,,
938,PSIL,PSIL,AMEX:PSIL,US,AdvisorShares Psychedelics ETF,0.056,Miscellaneous Sector,Long,45531.75,,https://www.tradingview.com/chart/?symbol=AMEX%3APSIL,False,,-36.904919957777494,-5.529496414547822,24.510000228881836,15.9399995803833,18.50295949935913,0.7891345229674377,44.63454643397072,74.75705505755973,False,False,False,False,,
939,GXPD,GXPD,AMEX:GXPD,US,Global X PureCap MSCI Consumer Discretionary ETF,0.054,Consumer Cyclical,Long,35618.2,,https://www.tradingview.com/chart/?symbol=AMEX%3AGXPD,False,,-61.54871856764481,-61.54871856764481,25.329999923706055,23.149999618530273,24.211999618530275,0.4844445122612847,-6.786859444675744,,False,False,False,False,,
940,FNGD,FNGD,AMEX:FNGD,US,MicroSectors FANG+ Index - 3X Inverse Leveraged ETN,0.053,Trading--Inverse Equity,-3X Short,360696.55,,https://www.tradingview.com/chart/?symbol=AMEX%3AFNGD,False,,-39.26872801992679,18.484017426472068,27.6299991607666,25.559999465942383,39.839180168151856,0.03421204186476365,-52.20570045309818,-34.732459552304285,False,True,False,False,,
941,SEMY,SEMY,AMEX:SEMY,US,GraniteShares YieldBOOST Semiconductor ETF,0.053,Derivative Income,3X Long,122384.85,,https://www.tradingview.com/chart/?symbol=AMEX%3ASEMY,False,,-48.39911024916288,-25.481300918431163,12.899999618530273,12.899999618530273,14.308919906616211,0.0,-23.767936392887975,,False,True,False,False,,
942,URSP,URSP,AMEX:URSP,US,ProShares Ultra S&P 500 Equal Weight,0.052,Trading--Leveraged Equity,2X Long,48112.3,,https://www.tradingview.com/chart/?symbol=AMEX%3AURSP,False,,-79.18786717037985,-79.18786717037985,48.400001525878906,38.94020080566406,42.33253515625,0.6581052276244806,37.776520283645084,,False,False,False,False,,
943,HDGE,HDGE,AMEX:HDGE,US,AdvisorShares Ranger Equity Bear ETF,0.051,Trading--Inverse Equity,Long,57450.05,,https://www.tradingview.com/chart/?symbol=AMEX%3AHDGE,False,,-1.9362963141643181,65.96544039156998,14.6899995803833,13.960000038146973,15.012560047149659,0.1636770260072971,-62.27074726105534,-33.12240453361127,False,True,True,False,,
944,MRAL,MRAL,AMEX:MRAL,US,GraniteShares 2x Long MARA Daily ETF,0.051,Trading--Leveraged Equity,2X Long,172149.75,,https://www.tradingview.com/chart/?symbol=AMEX%3AMRAL,False,,11.506615234019193,31.99301945270646,38.619998931884766,25.599700927734375,40.03117150878906,0.21292288348031438,-37.93933850617635,,False,True,False,False,,
946,KYLD,KYLD,AMEX:KYLD,US,Kurv High Income ETF,0.05,Derivative Income,Long,43894.1,,https://www.tradingview.com/chart/?symbol=AMEX%3AKYLD,False,,-6.941385465294563,0.5017809358254137,20.270000457763672,17.760099411010742,19.067515769958497,0.45305892264528563,-15.808020814638263,,False,False,False,False,,
947,UTSL,UTSL,AMEX:UTSL,US,Direxion Daily Utilities Bull 3X ETF,0.049,Trading--Leveraged Equity,3X Long,151863.9,,https://www.tradingview.com/chart/?symbol=AMEX%3AUTSL,False,,-0.2002267322456864,1.068140880641619,36.470001220703125,35.77000045776367,40.10768070983887,0.03808491415997694,-61.02661014233208,15.624723444269748,False,True,True,False,,
948,NVD,NVD,AMEX:NVD,US,GraniteShares 2x Short NVDA Daily ETF,0.048,Trading--Inverse Equity,-2X Short,83503787.5,,https://www.tradingview.com/chart/?symbol=AMEX%3ANVD,False,,-57.43634406924961,-6.816594017493727,3.990000009536743,3.589400053024292,4.750661694526672,0.08141282408555703,-56.46916331874781,,False,True,False,False,,
949,SMCL,SMCL,AMEX:SMCL,US,GraniteShares 2x Long SMCI Daily ETF,0.048,Trading--Leveraged Equity,2X Long,924196.8,,https://www.tradingview.com/chart/?symbol=AMEX%3ASMCL,False,,24.354405646731703,24.354405646731703,16.59000015258789,7.820000171661377,16.956347578048707,0.22653691934390446,28.715012467577782,,False,True,False,False,,
950,DXD,DXD,AMEX:DXD,US,ProShares UltraShort Dow30,0.047,Trading--Inverse Equity,-2X Short,1441035.75,,https://www.tradingview.com/chart/?symbol=AMEX%3ADXD,False,,2.8600334083902523,56.50303562151125,17.459999084472656,15.885000228881836,17.604260192871095,0.21619751387507796,-29.154292066512202,-63.52660422610438,False,True,False,False,,
951,TWM,TWM,AMEX:TWM,US,ProShares UltraShort Russell2000,0.045,Trading--Inverse Equity,-2X Short,597558.4,,https://www.tradingview.com/chart/?symbol=AMEX%3ATWM,False,,13.479385052844753,57.67887288099445,22.729999542236328,20.170000076293945,23.268679878234863,0.19497331527574263,-5.45363711345923,-61.039926224686006,False,True,False,False,,
952,LLYX,LLYX,AMEX:LLYX,US,Defiance Daily Target 2X Long LLY ETF,0.044,Trading--Leveraged Equity,2X Long,293536.15,,https://www.tradingview.com/chart/?symbol=AMEX%3ALLYX,False,,-61.99518167071445,-58.6618857417209,23.280000686645508,14.5600004196167,18.35134032058716,0.5427949265356131,3.66742358180035,,False,False,False,False,,
953,CRCO,CRCO,AMEX:CRCO,US,YieldMax CRCL Option Income Strategy ETF,0.042,Derivative Income,Long,99921.1,,https://www.tradingview.com/chart/?symbol=AMEX%3ACRCO,False,,-15.492668172935325,-15.492668172935325,14.59000015258789,12.078399658203125,16.862496978759765,0.12389750395082647,40.778320076560284,,False,True,False,False,,
954,MARO,MARO,AMEX:MARO,US,YieldMax MARA Option Income Strategy ETF,0.042,Derivative Income,Long,370811.8,,https://www.tradingview.com/chart/?symbol=AMEX%3AMARO,False,,5.848792767244984,25.7207776304249,4.190000057220459,3.799999952316284,4.531599986076355,0.12580647964755276,-37.97740835040987,,False,True,False,False,,
955,AIYY,AIYY,AMEX:AIYY,US,YieldMax AI Option Income Strategy ETF,0.042,Derivative Income,Long,75212.2,,https://www.tradingview.com/chart/?symbol=AMEX%3AAIYY,False,,-29.355097825507727,-29.355097825507727,7.539999961853027,7.114999771118164,8.097939762115479,0.10204086305580151,20.891246065712426,,False,True,False,False,,
956,DRN,DRN,AMEX:DRN,US,Direxion Daily Real Estate Bull 3X ETF,0.041,Trading--Leveraged Equity,3X Long,1263538.95,,https://www.tradingview.com/chart/?symbol=AMEX%3ADRN,False,,-68.39156138666584,-68.39156138666584,9.550000190734863,8.100000381469727,9.046383842468261,0.36158699838806874,-33.86625666569634,34.855253122682036,False,False,False,False,,
957,LITP,LITP,AMEX:LITP,US,Sprott Lithium Miners ETF,0.041,Natural Resources,Long,52431.55,,https://www.tradingview.com/chart/?symbol=AMEX%3ALITP,False,,-71.5233199473278,-71.5233199473278,10.880000114440918,9.899999618530273,11.842279510498047,0.11907661608986556,-0.7655221870120817,30.649442583944207,False,True,False,False,,
958,NFLY,NFLY,AMEX:NFLY,US,YieldMax NFLX Option Income Strategy ETF,0.039,Derivative Income,Long,54688.35,,https://www.tradingview.com/chart/?symbol=AMEX%3ANFLY,False,,-64.27606766588438,-64.27606766588438,7.380000114440918,7.21999979019165,8.338616216659545,0.03375605402296573,16.48476093112792,,False,True,False,False,,
959,RGTX,RGTX,AMEX:RGTX,US,Defiance Daily Target 2X Long RGTI ETF,0.038,Trading--Leveraged Equity,2X Long,773269.7,,https://www.tradingview.com/chart/?symbol=AMEX%3ARGTX,False,,-37.59924643059764,-21.530084780540317,9.050000190734863,7.829999923706055,15.832760337829589,0.03597759374511175,-39.74658820962781,,False,True,False,False,,
960,SARK,SARK,AMEX:SARK,US,Tradr 1X Short Innovation Daily ETF,0.038,Trading--Inverse Equity,-1X Short,137699.1,,https://www.tradingview.com/chart/?symbol=AMEX%3ASARK,False,,-27.051070262623856,6.489559054570454,25.540000915527344,24.360000610351562,26.96072071838379,0.10707806317235334,-47.40502754133393,-43.94192805740753,False,True,False,False,,
961,QPUX,QPUX,AMEX:QPUX,US,Defiance 2X Daily Long Pure Quantum ETF,0.036,Trading--Leveraged Equity,2X Long,203751.1,,https://www.tradingview.com/chart/?symbol=AMEX%3AQPUX,False,,-44.512445370616604,-33.2285460271518,12.5600004196167,11.930000305175781,21.504520233154295,0.015528718737488461,-42.214027108928796,,False,True,False,False,,
963,VUSG,VUSG,AMEX:VUSG,US,Vanguard Wellington U.S. Growth Active ETF,0.036,Large Growth,Long,36312.25,,https://www.tradingview.com/chart/?symbol=AMEX%3AVUSG,False,,-6.972377108858339,-6.972377108858339,64.66999816894531,52.779998779296875,56.11491580200195,0.8414121961214331,28.660298533703394,,False,False,False,False,,
964,PLTZ,PLTZ,AMEX:PLTZ,US,Defiance Daily Target 2x Short PLTR ETF,0.035,Trading--Inverse Equity,-2X Short,4643111.9,,https://www.tradingview.com/chart/?symbol=AMEX%3APLTZ,False,,-2.651125516033751,39.13877992998038,10.229999542236328,8.46500015258789,16.720280044555665,0.05045738744271002,-61.568581078976955,,False,True,True,False,,
965,SSG,SSG,AMEX:SSG,US,Proshares Ultrashort Semiconductors,0.035,Trading--Inverse Equity,-2X Short,440839.1,,https://www.tradingview.com/chart/?symbol=AMEX%3ASSG,False,,-57.8082581663973,-40.07875116279309,12.239999771118164,10.98900032043457,16.32755638885498,0.055302569941666546,-24.207136909998724,-38.41208771493495,False,True,False,False,,
966,PALU,PALU,AMEX:PALU,US,Direxion Daily PANW Bull 2X ETF,0.035,Trading--Leveraged Equity,2X Long,140052.65,,https://www.tradingview.com/chart/?symbol=AMEX%3APALU,False,,-43.557593585147515,-29.245594906653064,46.81999969482422,10.48009967803955,23.781035289764404,0.6447829426676719,23.402857492983156,,False,False,False,False,,
968,NVOX,NVOX,AMEX:NVOX,US,Defiance Daily Target 2X Long NVO ETF,0.034,Trading--Leveraged Equity,2X Long,335161.5,,https://www.tradingview.com/chart/?symbol=AMEX%3ANVOX,False,,-47.05002761914227,-47.05002761914227,12.979999542236328,9.289999961853027,11.444349590301513,0.4042240356304738,-29.378651020918255,,False,False,False,False,,
969,PLTD,PLTD,AMEX:PLTD,US,Direxion Dailly PLTR Bear 1X ETF,0.031,Trading--Inverse Equity,-1X Short,26909584.25,,https://www.tradingview.com/chart/?symbol=AMEX%3APLTD,False,,4.062031245159815,42.62832563066089,5.440000057220459,4.890100002288818,6.0228999347686765,0.11456251827255,-56.35173080461018,,False,True,False,False,,
970,ONDL,ONDL,AMEX:ONDL,US,Defiance Daily Target 2X Long ONDS ETF,0.031,Trading--Leveraged Equity,2X Long,1426418.55,,https://www.tradingview.com/chart/?symbol=AMEX%3AONDL,False,,-47.42540480809405,-47.42540480809405,5.289999961853027,5.099999904632568,10.293179819107056,0.00863440401497544,-36.705485255670474,,False,True,False,False,,
971,AAPD,AAPD,AMEX:AAPD,US,Direxion Daily AAPL Bear 1X ETF,0.03,Trading--Inverse Equity,-1X Short,10098550.55,,https://www.tradingview.com/chart/?symbol=AMEX%3AAAPD,False,,-43.49169353094093,2.933571254308983,10.659899711608887,10.194999694824219,11.185019847869873,0.11082239449737961,-29.587704538921844,-64.3274260443477,False,True,False,False,,
972,AVS,AVS,AMEX:AVS,US,Direxion Daily AVGO Bear 1X ETF,0.029,Trading--Inverse Equity,-1X Short,12383967.8,,https://www.tradingview.com/chart/?symbol=AMEX%3AAVS,False,,4.646214475763794,5.808340854513909,8.09000015258789,6.399899959564209,7.4501236591339115,0.3797892255878546,21.4593827049643,,False,False,False,False,,
973,TSDD,TSDD,AMEX:TSDD,US,GraniteShares 2x Short TSLA Daily ETF,0.029,Trading--Inverse Equity,-2X Short,5989536.7,,https://www.tradingview.com/chart/?symbol=AMEX%3ATSDD,False,,-50.63610132486502,-46.350191013553676,7.804999828338623,6.73960018157959,8.089614547729493,0.18624566000152712,-20.81273898321822,,False,True,False,False,,
975,OILD,OILD,AMEX:OILD,US,MicroSectors Oil & Gas Exp. & Prod. - 3x Inverse Leveraged ETN,0.028,Trading--Inverse Equity,-3X Short,60377.55,,https://www.tradingview.com/chart/?symbol=AMEX%3AOILD,False,,-43.38885317075384,-41.80410990632649,27.030000686645508,26.31999969482422,32.821799514770504,0.025771361578340382,-59.53826305188205,-65.02302557847041,False,True,False,False,,
977,RETL,RETL,AMEX:RETL,US,Direxion Daily Retail Bull 3X ETF,0.027,Trading--Leveraged Equity,3X Long,269679.7,,https://www.tradingview.com/chart/?symbol=AMEX%3ARETL,False,,-60.91677836243675,-60.91677836243675,7.534999847412109,6.820000171661377,7.669600149154663,0.19861102630326552,-26.769832415375237,7.110735921478427,False,True,False,False,,
978,EEMO,EEMO,AMEX:EEMO,US,Invesco S&P Emerging Markets Momentum ETF,0.027,Diversified Emerging Mkts,Long,48464.3,,https://www.tradingview.com/chart/?symbol=AMEX%3AEEMO,False,,46.64501587560264,52.44746979416163,22.460100173950195,16.239500045776367,18.51937794494629,0.6439211638410672,22.102077555135963,71.02392111941326,False,False,False,False,,
979,SHHI,SHHI.TO,TSX:SHHI,TSX,Ninepoint Shopify HighShares ETF,0.027,Information Technology,1.25X Long,20387.4,,https://www.tradingview.com/chart/?symbol=TSX%3ASHHI,False,,-69.77495599784584,-69.77495599784584,6.460000038146973,5.25,6.0252599639892575,0.36834097240527996,49.28166245828847,,False,False,False,False,,
980,LNOK,LNOK,AMEX:LNOK,US,Defiance Daily Target 2X Long NOK ETF,0.026,Trading--Leveraged Equity,2X Long,116961.65,,https://www.tradingview.com/chart/?symbol=AMEX%3ALNOK,False,,-25.268361742572832,12.495274892593605,18.399999618530273,9.327500343322754,20.525110622406004,0.19121131880687914,-30.8310708949322,,False,True,False,False,,
981,LUNL,LUNL,AMEX:LUNL,US,Defiance Daily Target 2X Long LUNR ETF,0.024,Trading--Leveraged Equity,2X Long,782018.75,,https://www.tradingview.com/chart/?symbol=AMEX%3ALUNL,False,,-42.58906639415137,-22.09006459454224,3.700000047683716,2.5299999713897705,14.735919978141784,0.02262181120740004,-27.087040025338307,,False,True,False,False,,
982,QCMU,QCMU,AMEX:QCMU,US,Direxion Daily QCOM Bull 2X ETF,0.024,Trading--Leveraged Equity,2X Long,102140.7,,https://www.tradingview.com/chart/?symbol=AMEX%3AQCMU,False,,60.32566309193512,75.8148796913673,21.549999237060547,13.34000015258789,21.85724018859863,0.2274868121297014,-23.81204453508431,,False,True,False,False,,
983,MST,MST,AMEX:MST,US,Defiance Leveraged Long Income MSTR ETF,0.024,Trading--Miscellaneous,Long,147781.9,,https://www.tradingview.com/chart/?symbol=AMEX%3AMST,False,,-5.309629138910732,-5.309629138910732,11.4399995803833,6.644999980926514,14.316180345535278,0.1475157474712192,26.151959267992552,,False,True,False,False,,
984,RIOX,RIOX,AMEX:RIOX,US,Defiance Daily Target 2X Long RIOT ETF,0.023,Trading--Leveraged Equity,2X Long,436635.3,,https://www.tradingview.com/chart/?symbol=AMEX%3ARIOX,False,,16.241106080776003,28.519958973570198,26.0,13.550000190734863,26.50404072189331,0.22681725813033382,-40.709376122936526,,False,True,False,False,,
985,PILL,PILL,AMEX:PILL,US,Direxion Daily Pharmaceutical & Medical Bull 3X ETF,0.023,Trading--Leveraged Equity,3X Long,52693.15,,https://www.tradingview.com/chart/?symbol=AMEX%3APILL,False,,-71.82191299930157,-71.82191299930157,18.350000381469727,8.90999984741211,12.480680099487305,0.6239259661356766,43.69738497577856,77.03414782665483,False,False,False,False,,
987,MUD,MUD,AMEX:MUD,US,Direxion Daily MU Bear 1X ETF,0.022,Trading--Inverse Equity,-1X Short,6152946.65,,https://www.tradingview.com/chart/?symbol=AMEX%3AMUD,False,,-78.33197645569955,-62.34019227161099,10.140000343322754,9.18239974975586,103.30335340881348,0.002401099131447643,-31.843233909774526,,False,True,False,False,,
988,HIBS,HIBS,AMEX:HIBS,US,Direxion Daily S&P 500 High Beta Bear 3X ETF,0.022,Trading--Inverse Equity,-3X Short,162193.6,,https://www.tradingview.com/chart/?symbol=AMEX%3AHIBS,False,,-32.94140298450811,-16.928332455946933,19.850000381469727,17.360000610351562,26.030640106201172,0.0677735415323372,-27.347232206320694,-47.99471537516467,False,True,False,False,,
989,AMDD,AMDD,AMEX:AMDD,US,Direxion Daily AMD Bear 1X ETF,0.021,Trading--Inverse Equity,-1X Short,336148.95,,https://www.tradingview.com/chart/?symbol=AMEX%3AAMDD,False,,-48.34950469788807,-48.34950469788807,28.084999084472656,26.450000762939453,43.477400222778314,0.0226611001164289,-4.152737778114766,,False,True,False,False,,
990,NVDD,NVDD,AMEX:NVDD,US,Direxion Daily NVDA Bear 1X ETF,0.02,Trading--Inverse Equity,-1X Short,193804.2,,https://www.tradingview.com/chart/?symbol=AMEX%3ANVDD,False,,-56.911633669854574,-4.314731880318523,30.559999465942383,28.969999313354492,32.18431951141358,0.11674009211569063,-51.78530156698125,,False,True,False,False,,
991,MRNX,MRNX,AMEX:MRNX,US,Defiance Daily Target 2X Long MRNA ETF,0.02,Trading--Leveraged Equity,2X Long,610817.75,,https://www.tradingview.com/chart/?symbol=AMEX%3AMRNX,False,,-49.966265328094615,-49.966265328094615,73.68000030517578,18.829999923706055,47.737875740051265,0.4477880067101874,52.4293224187652,,False,False,False,False,,
993,ULTI,ULTI,AMEX:ULTI,US,REX IncomeMax Option Strategy ETF,0.02,Derivative Income,Long,85407.25,,https://www.tradingview.com/chart/?symbol=AMEX%3AULTI,False,,-15.227584626434888,-9.243905791662469,6.440000057220459,6.440000057220459,8.62495892906189,0.0,-49.90306736263347,,False,True,False,False,,
996,ELIL,ELIL,AMEX:ELIL,US,Direxion Daily LLY Bull 2X ETF,0.017,Trading--Leveraged Equity,2X Long,83371.1,,https://www.tradingview.com/chart/?symbol=AMEX%3AELIL,False,,-61.96294380198227,-58.78618091247922,26.290000915527344,16.3799991607666,20.651599250793456,0.5475138975635782,4.440682552322968,,False,False,False,False,,
997,TSXU,TSXU,AMEX:TSXU,US,Direxion Daily Semiconductors Top 5 Bull 2X ETF,0.017,Trading--Leveraged Equity,2X Long,162947.5,,https://www.tradingview.com/chart/?symbol=AMEX%3ATSXU,False,,32.27209215934952,49.592812017720355,55.88999938964844,23.726499557495117,34.90428479766845,0.679077813474834,-14.596840013899145,,False,False,False,False,,
998,HOOX,HOOX,AMEX:HOOX,US,Defiance Daily Target 2X Long HOOD ETF,0.016,Trading--Leveraged Equity,2X Long,40271.7,,https://www.tradingview.com/chart/?symbol=AMEX%3AHOOX,False,,19.10019799827187,19.10019799827187,38.0,17.149900436401367,24.015164329528808,0.7167420762856807,26.16206139784735,,False,False,False,False,,
999,BMNZ,BMNZ,AMEX:BMNZ,US,Defiance Daily Target 2X Short BMNR ETF,0.015,Trading--Inverse Equity,-2X Short,2879018.15,,https://www.tradingview.com/chart/?symbol=AMEX%3ABMNZ,False,,-42.623859592271465,-27.60084153994485,5.670000076293945,4.84499979019165,11.027020055770873,0.03149456959955456,-61.52112209913503,,False,True,True,False,,
1000,HODU,HODU,AMEX:HODU,US,Direxion Daily HOOD Bull 2X ETF,0.013,Trading--Leveraged Equity,2X Long,146865.2,,https://www.tradingview.com/chart/?symbol=AMEX%3AHODU,False,,19.29440924427163,19.29440924427163,13.850000381469727,6.165599822998047,8.682634117126465,0.7204981418130776,26.72155313891184,,False,False,False,False,,
1001,HIYY,HIYY,AMEX:HIYY,US,YieldMax HIMS Option Income Strategy ETF,0.013,Derivative Income,Long,62499.15,,https://www.tradingview.com/chart/?symbol=AMEX%3AHIYY,True,2026-09-10 13:30,-64.20956284615309,-54.42192317768674,11.279999732971191,10.050000190734863,12.169280307769775,0.13697098823061882,-28.057421372087386,,False,True,False,False,,
1002,VSTL,VSTL,AMEX:VSTL,US,Defiance Daily Target 2X Long VST ETF,0.013,Trading--Leveraged Equity,2X Long,110140.7,,https://www.tradingview.com/chart/?symbol=AMEX%3AVSTL,False,,52.79617961697227,52.79617961697227,22.8799991607666,19.80030059814453,24.175669692993164,0.16611372549907194,-50.34740715834024,,False,True,False,False,,
1004,UGE,UGE,AMEX:UGE,US,ProShares Ultra Consumer Staples,0.01,Trading--Leveraged Equity,2X Long,30741.05,,https://www.tradingview.com/chart/?symbol=AMEX%3AUGE,True,2026-09-10 09:30,-80.64529473182908,-80.19848140918724,18.309999465942383,17.920000076293945,18.668120094299315,0.12302819566628741,4.583989764007685,30.005268555255395,False,True,False,False,,
1005,AVXX,AVXX,AMEX:AVXX,US,Defiance Daily Target 2x Long AVAV ETF,0.009,Trading--Leveraged Equity,2X Long,120665.15,,https://www.tradingview.com/chart/?symbol=AMEX%3AAVXX,False,,-30.54740840233397,-15.472506505175742,23.23900032043457,21.290000915527344,36.86836141967773,0.029525819449072434,-32.39546197143604,,False,True,False,False,,
1006,SOFA,SOFA,AMEX:SOFA,US,Direxion Daily SOFI Bull 2X ETF,0.009,Trading--Leveraged Equity,2X Long,55486.85,,https://www.tradingview.com/chart/?symbol=AMEX%3ASOFA,False,,-46.406569650847224,-46.406569650847224,12.699999809265137,10.489999771118164,12.731999771118165,0.23263158296283923,2.7355161394899015,,False,True,False,False,,
1007,SOUX,SOUX,AMEX:SOUX,US,Defiance Daily Target 2X Long SOUN ETF,0.009,Trading--Leveraged Equity,2X Long,73120.8,,https://www.tradingview.com/chart/?symbol=AMEX%3ASOUX,False,,-69.86142444495094,-69.86142444495094,9.329999923706055,8.548600196838379,13.614670406341553,0.03640106195031523,-24.335592178088017,,False,True,False,False,,
1008,SHPU,SHPU,AMEX:SHPU,US,Direxion Daily SHOP Bull 2X ETF,0.008,Trading--Leveraged Equity,2X Long,97729.25,,https://www.tradingview.com/chart/?symbol=AMEX%3ASHPU,False,,-71.21207299074416,-71.21207299074416,12.449999809265137,8.21500015258789,11.01041999053955,0.3575348165620027,42.5447923411464,,False,False,False,False,,
1009,QSU,QSU,AMEX:QSU,US,Defiance Daily Target 2X Long QS ETF,0.008,Trading--Leveraged Equity,2X Long,50339.8,,https://www.tradingview.com/chart/?symbol=AMEX%3AQSU,False,,-54.34127508544601,-54.34127508544601,5.170000076293945,5.070000171661377,24.34884063529968,0.0012241388447504348,-44.193912318762614,,False,True,False,False,,
1010,METD,METD,AMEX:METD,US,Direxion Daily META Bear 1X ETF,0.007,Trading--Inverse Equity,-1X Short,571804.95,,https://www.tradingview.com/chart/?symbol=AMEX%3AMETD,True,2026-09-10 13:30,-81.57986894049897,-80.44782110818835,14.789999961853027,14.234999656677246,15.459839557647705,0.10693648363162149,5.565020788300114,,False,True,False,False,,
1011,RCAX,RCAX,AMEX:RCAX,US,Defiance Daily Target 2x Long RCAT ETF,0.007,Trading--Leveraged Equity,2X Long,65995.75,,https://www.tradingview.com/chart/?symbol=AMEX%3ARCAX,False,,-38.77746420142128,-37.10478139121344,13.8100004196167,11.024999618530273,42.87909970855713,0.020633456515765043,-33.02778043795962,,False,True,False,False,,
1012,PLU,PLU,AMEX:PLU,US,Defiance Daily Target 2x Long PL ETF,0.006,Trading--Leveraged Equity,2X Long,235364.75,,https://www.tradingview.com/chart/?symbol=AMEX%3APLU,False,,-68.54035639278965,-65.36001420741086,4.909999847412109,4.909999847412109,20.38097901916504,0.0,-40.46679904553944,,False,True,False,False,,
1014,DWSH,DWSH,AMEX:DWSH,US,AdvisorShares Dorsey Wright Short ETF,0.006,Trading--Inverse Equity,-1X Short,16415.35,,https://www.tradingview.com/chart/?symbol=AMEX%3ADWSH,False,,4.472748311820522,61.402967850775646,5.724699974060059,5.340000152587891,5.672760116577148,0.2728367823430901,-58.37020476899113,-59.70808204382032,False,False,False,False,,
1015,BABU,BABU,AMEX:BABU,US,Direxion Daily BABA Bull 2X ETF,0.006,Trading--Leveraged Equity,2X Long,108930.4,,https://www.tradingview.com/chart/?symbol=AMEX%3ABABU,False,,-59.12713519549851,-59.12713519549851,9.050000190734863,7.321000099182129,9.770444255828856,0.16658637450426902,-17.159038717636857,,False,True,False,False,,
1016,RGTZ,RGTZ,AMEX:RGTZ,US,Defiance Daily Target 2x Short RGTI ETF,0.005,Trading--Inverse Equity,-2X Short,921261.3,,https://www.tradingview.com/chart/?symbol=AMEX%3ARGTZ,False,,-7.355182001628443,32.37414755655245,17.760299682617188,2.549999952316284,9.894319531440734,0.48876287281318836,-17.938502756052007,,False,False,False,False,,
1018,WTID,WTID,AMEX:WTID,US,MicroSectors Energy 3X Inverse Leveraged ETNs,0.005,Trading--Inverse Commodities,-3X Short,70880.9,,https://www.tradingview.com/chart/?symbol=AMEX%3AWTID,False,,-55.5085568677926,-55.5085568677926,2.569999933242798,2.5299999713897705,3.3441999826431275,0.011594191681209624,-59.679140667992385,-66.40328893470547,False,True,False,False,,
1019,TBXU,TBXU,AMEX:TBXU,US,Direxion Daily Biotech Top 5 Bull 2X ETF,0.005,Trading--Leveraged Equity,2X Long,8286.35,,https://www.tradingview.com/chart/?symbol=AMEX%3ATBXU,False,,-31.591652298266222,-31.591652298266222,39.27000045776367,27.11840057373047,31.538019668579103,0.648874373806201,79.7374545394894,,False,False,False,False,,
1024,IONZ,IONZ,AMEX:IONZ,US,Defiance Daily Target 2x Short IONQ ETF,0.002,Trading--Inverse Equity,-2X Short,1059962.05,,https://www.tradingview.com/chart/?symbol=AMEX%3AIONZ,False,,-22.270136068821756,5.663747713058794,31.219999313354492,18.499000549316406,85.18103353881835,0.04502195829550714,-27.176782480747903,,False,True,False,False,,
1033,SMCZ,SMCZ,AMEX:SMCZ,US,Defiance Daily Target 2X Short SMCI ETF,0.0,Trading--Inverse Equity,-2X Short,2707890.4,,https://www.tradingview.com/chart/?symbol=AMEX%3ASMCZ,False,,-64.65102561427526,-12.041407368730903,6.139999866485596,2.5999999046325684,16.342280359268187,0.06079340279476681,-52.41519669278216,,False,True,False,False,,
1036,QBTZ,QBTZ,AMEX:QBTZ,US,Defiance Daily Target 2x Short QBTS ETF,0.0,Trading--Inverse Equity,-2X Short,669669.35,,https://www.tradingview.com/chart/?symbol=AMEX%3AQBTZ,False,,-21.241174113685965,10.656600999316895,17.719999313354492,2.809999942779541,17.13283995628357,0.24567472988164987,-10.933702823179255,,False,False,False,False,,
1062,RKLZ,RKLZ,AMEX:RKLZ,US,Defiance Daily Target 2x Short RKLB ETF,0.0,Trading--Inverse Equity,-2X Short,878099.65,,https://www.tradingview.com/chart/?symbol=AMEX%3ARKLZ,False,,-23.072269080375147,-9.951633436086537,21.40999984741211,8.450000762939453,44.876601303100585,0.08396500740066087,1.2368392364146004,,False,True,False,False,,
