rank,ticker,yahoo,tv,exchange,name,aum_usd_bn,category,leverage,avg_volume,err,link,dot_last2,dot_bar,wt2_trough,wt2_now,close,zone_low,zone_top,pct_of_range,wk_wt2,mo_wt2,is_index,in_zone,pass_wk,flag,tier,bucket
1,VOO,VOO,AMEX:VOO,US,Vanguard S&P 500 ETF,1066.082,Large Blend,Long,6529078.6,,https://www.tradingview.com/chart/?symbol=AMEX%3AVOO,False,,-48.4971209093373,-48.4971209093373,693.219970703125,581.010009765625,612.5986040039063,0.8383263459428599,48.285912292237434,69.44453343174756,True,False,False,False,,
2,IVV,IVV,AMEX:IVV,US,iShares Core S&P 500 ETF,870.627,Large Blend,Long,5835774.4,,https://www.tradingview.com/chart/?symbol=AMEX%3AIVV,False,,-54.72791165447444,-54.72791165447444,755.5800170898438,634.8499755859375,669.455837890625,0.8233370850308932,48.63984719506961,69.53102146511955,True,False,False,False,,
3,SPY,SPY,AMEX:SPY,US,State Street SPDR S&P 500 ETF,806.132,Large Blend,Long,36401387.5,,https://www.tradingview.com/chart/?symbol=AMEX%3ASPY,False,,-48.584758776665325,-48.584758776665325,754.0700073242188,632.0,666.4040869140625,0.8373575441916549,48.45527879990187,69.40949323267363,True,False,False,False,,
4,VTI,VTI,AMEX:VTI,US,Vanguard Morningstar Total Stock Market ETF,694.179,Large Blend,Long,2881206.6,,https://www.tradingview.com/chart/?symbol=AMEX%3AVTI,False,,-52.66626222678516,-52.66626222678516,371.260009765625,311.70001220703125,328.84776586914063,0.8197084994804533,46.24569599379236,69.59644537869121,True,False,False,False,,
5,QQQ,QQQ,AMEX:QQQ,US,Invesco QQQ Trust Series I,485.914,Large Growth,Long,30766206.3,,https://www.tradingview.com/chart/?symbol=AMEX%3AQQQ,False,,-44.548334818040246,-44.548334818040246,704.75,558.2703247070312,602.6075715332031,0.7796876406122434,20.56290344357573,68.81407456708503,True,False,False,False,,
6,VEA,VEA,AMEX:VEA,US,Vanguard FTSE Developed Markets ETF,240.5,Foreign Large Blend,Long,9065470.8,,https://www.tradingview.com/chart/?symbol=AMEX%3AVEA,True,2026-09-16 09:30,-54.51105033759584,-54.51105033759584,71.26499938964844,62.0099983215332,64.78889958190918,0.7859869953708548,50.746941797630456,72.48244749786132,True,False,False,False,,
7,VUG,VUG,AMEX:VUG,US,Vanguard Morningstar Growth ETF,227.648,Large Growth,Long,4903100.4,,https://www.tradingview.com/chart/?symbol=AMEX%3AVUG,False,,-37.739392418692944,-37.739392418692944,87.05999755859375,69.98749542236328,74.77888671875,0.8409061700280712,36.68477204789355,49.79134059875323,True,False,False,False,,
8,IEFA,IEFA,AMEX:IEFA,US,iShares Core MSCI EAFE ETF,196.629,Foreign Large Blend,Long,6945021.05,,https://www.tradingview.com/chart/?symbol=AMEX%3AIEFA,True,2026-09-16 09:30,-56.31190326910717,-56.24716930226296,97.98999786376953,87.27999877929688,90.61231942749023,0.7584983711894234,55.584138983034116,69.79745795746308,True,False,False,False,,
9,VTV,VTV,AMEX:VTV,US,Vanguard Morningstar Value ETF,193.784,Large Value,Long,2362488.25,,https://www.tradingview.com/chart/?symbol=AMEX%3AVTV,False,,-56.448183898645574,-56.448183898645574,220.60000610351562,193.05999755859375,201.1949178466797,0.7989558331776615,52.884363571730226,78.20264622477852,True,False,False,False,,
10,VXUS,VXUS,AMEX:VXUS,US,Vanguard Total International Stock ETF,166.881,Foreign Large Blend,Long,4723841.9,,https://www.tradingview.com/chart/?symbol=AMEX%3AVXUS,True,2026-09-16 09:30,-55.48279576215626,-55.48279576215626,85.44000244140625,74.62000274658203,77.8720824584961,0.7851959835497394,48.300807774126014,71.46938642042203,True,False,False,False,,
11,IEMG,IEMG,AMEX:IEMG,US,iShares Core MSCI Emerging Markets ETF,163.85,Diversified Emerging Mkts,Long,8431150.55,,https://www.tradingview.com/chart/?symbol=AMEX%3AIEMG,False,,-42.682526841016454,-42.682526841016454,80.12000274658203,67.2750015258789,71.73894174194336,0.6790907004481639,33.320293631973264,73.44151359323864,True,False,False,False,,
12,SPYM,SPYM,AMEX:SPYM,US,State Street SPDR Portfolio S&P 500 ETF,157.41,,Long,8278035.9,,https://www.tradingview.com/chart/?symbol=AMEX%3ASPYM,True,2026-09-16 09:30,-58.68271668572741,-58.68271668572741,88.54000091552734,74.38999938964844,78.44211895751953,0.8241119997014005,48.83700724113559,69.46022170095479,False,False,False,False,,
13,VGT,VGT,AMEX:VGT,US,Vanguard Information Technology ETF,148.595,Technology,Long,3423389.5,,https://www.tradingview.com/chart/?symbol=AMEX%3AVGT,False,,-27.834867599437604,-27.834867599437604,118.9000015258789,83.59249877929688,93.54638827514648,0.8371170537575008,44.37102511284996,63.62809460197655,False,False,False,False,,
14,VWO,VWO,AMEX:VWO,US,Vanguard FTSE Emerging Markets ETF,128.892,Diversified Emerging Mkts,Long,5896685.8,,https://www.tradingview.com/chart/?symbol=AMEX%3AVWO,True,2026-09-16 09:30,-56.76591700770543,-56.76591700770543,59.17499923706055,52.40999984741211,54.54412426757813,0.7481006453376485,41.11723423688071,65.7917422623657,True,False,False,False,,
15,IWF,IWF,AMEX:IWF,US,iShares Russell 1000 Growth ETF,125.575,Large Growth,Long,3223898.0,,https://www.tradingview.com/chart/?symbol=AMEX%3AIWF,False,,-49.58622637241748,-49.58622637241748,120.55999755859375,102.73999786376953,108.87835836791992,0.6851210392636593,14.32321257454881,45.10218021206291,True,False,False,False,,
16,IJH,IJH,AMEX:IJH,US,iShares Core S&P Mid-Cap ETF,123.821,Mid-Cap Blend,Long,5643079.85,,https://www.tradingview.com/chart/?symbol=AMEX%3AIJH,True,2026-09-16 09:30,-66.09463339681288,-66.09463339681288,72.81500244140625,65.5999984741211,68.68451840209961,0.5520278604246893,15.949208246781863,71.57614017295967,True,False,False,False,,
17,XLK,XLK,AMEX:XLK,US,State Street Technology Select Sector SPDR ETF,122.009,Technology,Long,6010274.85,,https://www.tradingview.com/chart/?symbol=AMEX%3AXLK,False,,-22.961732874297308,-22.961732874297308,183.9600067138672,127.51000213623047,144.19284091186523,0.7985572035725298,35.05908107360741,74.11511326934244,False,False,False,False,,
18,VIG,VIG,AMEX:VIG,US,Vanguard Dividend Appreciation ETF,112.791,Large Blend,Long,866170.8,,https://www.tradingview.com/chart/?symbol=AMEX%3AVIG,False,,-65.93000269004794,-65.93000269004794,235.7100067138672,210.69000244140625,219.15768359375,0.6973244388951073,40.19540754806923,69.75375182016971,True,False,False,False,,
19,SCHD,SCHD,AMEX:SCHD,US,Schwab US Dividend Equity ETF,112.566,Large Value,Long,22873899.35,,https://www.tradingview.com/chart/?symbol=AMEX%3ASCHD,False,,-56.14782886827768,-30.193139284913144,33.839900970458984,30.375499725341797,31.51526222229004,0.7173412847297644,68.62262790473822,75.53987218403053,True,False,False,False,,
20,IJR,IJR,AMEX:IJR,US,iShares Core S&P Small Cap ETF,109.957,Small Blend,Long,2462353.6,,https://www.tradingview.com/chart/?symbol=AMEX%3AIJR,True,2026-09-16 09:30,-70.73397235903431,-70.42426564363566,139.50999450683594,120.4000015258789,127.48707943725586,0.6363635901710606,19.827979579153368,74.85695083347896,True,False,False,False,,
21,VO,VO,AMEX:VO,US,Vanguard Morningstar Mid-Cap ETF,107.824,Mid-Cap Blend,Long,2158324.2,,https://www.tradingview.com/chart/?symbol=AMEX%3AVO,True,2026-09-16 09:30,-67.23778689397359,-67.23778689397359,79.55999755859375,70.23249816894531,73.5937282409668,0.6549060340380535,39.49776503350453,66.8629160529414,True,False,False,False,,
22,QQQM,QQQM,AMEX:QQQM,US,Invesco NASDAQ 100 ETF,105.077,Large Growth,Long,2476964.95,,https://www.tradingview.com/chart/?symbol=AMEX%3AQQQM,False,,-44.50066769970431,-44.50066769970431,290.1400146484375,229.88999938964844,248.1363363647461,0.7792798971366206,20.676121945356872,68.89572759590851,True,False,False,False,,
23,RSP,RSP,AMEX:RSP,US,Invesco S&P 500 Equal Weight ETF,100.922,Large Blend,Long,5559336.2,,https://www.tradingview.com/chart/?symbol=AMEX%3ARSP,True,2026-09-16 09:30,-67.0858554617439,-56.48413609361814,212.2550048828125,188.07000732421875,196.25566674804688,0.6972754580056627,45.23395010305538,75.14399330774211,True,False,False,False,,
24,ITOT,ITOT,AMEX:ITOT,US,iShares Core S&P Total U.S. Stock Market ETF,97.071,Large Blend,Long,1431655.1,,https://www.tradingview.com/chart/?symbol=AMEX%3AITOT,False,,-57.95607354334614,-57.95607354334614,164.4199981689453,138.30999755859375,145.9516787109375,0.806361849074671,46.278012662251655,69.70260298064373,False,False,False,False,,
25,IWD,IWD,AMEX:IWD,US,iShares Russell 1000 Value ETF,84.061,Large Value,Long,1501150.05,,https://www.tradingview.com/chart/?symbol=AMEX%3AIWD,False,,-50.35712826249752,-50.35712826249752,251.1699981689453,209.42999267578125,221.21819555664064,0.83563554139209,55.40454882334126,82.18494398463875,True,False,False,False,,
26,VYM,VYM,AMEX:VYM,US,Vanguard High Dividend Yield Index ETF,83.276,Large Value,Long,1028885.45,,https://www.tradingview.com/chart/?symbol=AMEX%3AVYM,False,,-70.99149559733,-70.99149559733,159.77999877929688,145.1699981689453,150.32895831298828,0.6683440165794486,45.60460589995242,72.19736376702122,False,False,False,False,,
27,VT,VT,AMEX:VT,US,Vanguard Total World Stock ETF,82.541,Global Large-Stock Blend,Long,2010584.65,,https://www.tradingview.com/chart/?symbol=AMEX%3AVT,True,2026-09-16 09:30,-56.390912251849464,-56.390912251849464,157.4250030517578,134.19000244140625,140.84402056884767,0.8240825376517964,50.59143002658243,70.02343056975543,True,False,False,False,,
28,IWM,IWM,AMEX:IWM,US,iShares Russell 2000 ETF,80.508,Small Blend,Long,16947349.7,,https://www.tradingview.com/chart/?symbol=AMEX%3AIWM,True,2026-09-16 09:30,-67.29641215724143,-67.29641215724143,283.92999267578125,239.60000610351562,255.05328149414063,0.6770006077418104,19.227389010439065,72.00702815623747,True,False,False,False,,
29,VB,VB,AMEX:VB,US,Vanguard Morningstar Small-Cap ETF,80.365,Small Blend,Long,448941.7,,https://www.tradingview.com/chart/?symbol=AMEX%3AVB,True,2026-09-16 09:30,-65.47726936491667,-61.748878299662664,289.1000061035156,253.85000610351562,266.9196872558594,0.6365113198272765,25.4644184590483,71.7136297782397,True,False,False,False,,
30,EFA,EFA,AMEX:EFA,US,iShares MSCI EAFE ETF,79.617,Foreign Large Blend,Long,8936537.35,,https://www.tradingview.com/chart/?symbol=AMEX%3AEFA,True,2026-09-16 09:30,-56.323992457490114,-56.323992457490114,105.0250015258789,93.5999984741211,97.18955825805664,0.751150804698022,54.5391719391635,70.03130558688495,True,False,False,False,,
31,IVW,IVW,AMEX:IVW,US,iShares S&P 500 Growth ETF,77.267,Large Growth,Long,1274009.7,,https://www.tradingview.com/chart/?symbol=AMEX%3AIVW,False,,-49.94707684624342,-49.94707684624342,137.30999755859375,108.69000244140625,116.71400244140625,0.8417645622702206,39.57902278484749,64.65662673161141,False,False,False,False,,
32,SCHX,SCHX,AMEX:SCHX,US,Schwab U.S. Large-Cap ETF,74.481,Large Blend,Long,6339939.05,,https://www.tradingview.com/chart/?symbol=AMEX%3ASCHX,False,,-48.367614048211095,-48.367614048211095,29.729999542236328,24.90999984741211,26.276440063476564,0.8324695911356728,47.988164125251,67.80459665503878,True,False,False,False,,
33,VEU,VEU,AMEX:VEU,US,Vanguard FTSE All-World ex-US Index Fund,71.053,Foreign Large Blend,Long,2277116.15,,https://www.tradingview.com/chart/?symbol=AMEX%3AVEU,True,2026-09-16 09:30,-54.88445846478215,-54.88445846478215,83.50499725341797,72.75499725341797,75.97757876586914,0.787257045383562,49.709442033088976,71.90615231813054,True,False,False,False,,
34,SCHF,SCHF,AMEX:SCHF,US,Schwab International Equity ETF,70.289,Foreign Large Blend,Long,6697863.8,,https://www.tradingview.com/chart/?symbol=AMEX%3ASCHF,False,,-52.98015370292399,-52.98015370292399,27.6299991607666,23.959999084472656,25.05267933654785,0.7926564210897509,50.979517377765184,70.94217515335392,False,False,False,False,,
35,SMH,SMH,AMEX:SMH,US,VanEck Semiconductor ETF,68.996,Technology,Long,6750803.0,,https://www.tradingview.com/chart/?symbol=AMEX%3ASMH,False,,-32.31432941977825,-32.31432941977825,545.4000244140625,362.5690002441406,434.7899625244141,0.5974459539413686,-5.263040855161086,81.42364987835815,False,False,False,False,,
36,SCHG,SCHG,AMEX:SCHG,US,Schwab U.S. Large-Cap Growth ETF,62.427,Large Growth,Long,6403379.35,,https://www.tradingview.com/chart/?symbol=AMEX%3ASCHG,False,,-35.24557304340771,-26.540551929800046,34.959999084472656,28.100000381469727,29.951420219421387,0.8744422311580318,49.42400997734205,54.45601854826481,True,False,False,False,,
37,IXUS,IXUS,AMEX:IXUS,US,iShares Core MSCI Total International Stock ETF,61.154,Foreign Large Blend,Long,1711203.8,,https://www.tradingview.com/chart/?symbol=AMEX%3AIXUS,True,2026-09-16 09:30,-55.517162189263026,-55.517162189263026,95.33999633789062,83.73500061035156,87.26202053833008,0.7765136142196194,50.02667726149394,71.71601452387324,True,False,False,False,,
38,IWR,IWR,AMEX:IWR,US,iShares Russell Midcap ETF,56.98,Mid-Cap Blend,Long,1081359.95,,https://www.tradingview.com/chart/?symbol=AMEX%3AIWR,True,2026-09-16 09:30,-66.66540026430137,-66.66540026430137,107.86000061035156,94.72000122070312,99.46832006835938,0.6530816390916316,38.180353133027005,73.7431154444116,False,False,False,False,,
39,XLF,XLF,AMEX:XLF,US,State Street Financial Select Sector SPDR ETF,55.333,Financial,Long,28267865.4,,https://www.tradingview.com/chart/?symbol=AMEX%3AXLF,False,,-58.580055962895244,-58.580055962895244,55.939998626708984,47.79999923706055,50.33511137390137,0.7577731288648133,54.97873818349851,54.0481131462447,False,False,False,False,,
40,SPYG,SPYG,AMEX:SPYG,US,State Street SPDR Portfolio S&P 500 Growth ETF,54.676,Large Growth,Long,1937375.2,,https://www.tradingview.com/chart/?symbol=AMEX%3ASPYG,False,,-47.9693051822042,-47.9693051822042,119.01000213623047,94.08999633789062,101.04019741821288,0.8461800314035675,39.81436570054277,64.81626684280378,False,False,False,False,,
41,VV,VV,AMEX:VV,US,Vanguard Morningstar Large-Cap ETF,54.571,Large Blend,Long,202690.75,,https://www.tradingview.com/chart/?symbol=AMEX%3AVV,False,,-47.59351451472755,-47.59351451472755,347.7799987792969,290.3500061035156,306.4027235107422,0.8443105256050238,48.8740495435218,69.02944692869715,False,False,False,False,,
42,IVE,IVE,AMEX:IVE,US,iShares S&P 500 Value ETF,50.167,Large Value,Long,467621.75,,https://www.tradingview.com/chart/?symbol=AMEX%3AIVE,False,,-54.37716353832548,-54.37716353832548,231.2899932861328,207.47000122070312,214.84424499511718,0.7623179134579229,53.96426580939089,72.05817144608493,False,False,False,False,,
43,DFAC,DFAC,AMEX:DFAC,US,Dimensional U.S. Core Equity 2 ETF,49.563,Large Blend,Long,1774320.9,,https://www.tradingview.com/chart/?symbol=AMEX%3ADFAC,True,2026-09-16 09:30,-57.22139800174242,-57.22139800174242,44.4900016784668,37.810001373291016,39.80184104919434,0.7914693592527893,46.22738877593661,72.14005513582248,False,False,False,False,,
44,IWB,IWB,AMEX:IWB,US,iShares Russell 1000 ETF,49.368,Large Blend,Long,449975.55,,https://www.tradingview.com/chart/?symbol=AMEX%3AIWB,False,,-55.52825852553275,-55.52825852553275,411.385009765625,346.6700134277344,365.4084119873047,0.8150503943647789,48.19992982677034,69.22067403413433,True,False,False,False,,
45,QUAL,QUAL,AMEX:QUAL,US,iShares MSCI USA Quality Factor ETF,47.541,Large Blend,Long,724596.45,,https://www.tradingview.com/chart/?symbol=AMEX%3AQUAL,False,,-54.32946844300498,-54.32946844300498,217.3300018310547,186.52000427246094,196.10160211181642,0.7588671060647687,41.0072882137704,71.63094112822652,False,False,False,False,,
46,DIA,DIA,AMEX:DIA,US,State Street SPDR Dow Jones Industrial Average ETF Trust,46.42,Large Value,Long,2882949.55,,https://www.tradingview.com/chart/?symbol=AMEX%3ADIA,False,,-57.40102713305902,-57.40102713305902,515.1599731445312,451.3550109863281,473.3561124267578,0.6844189646644278,39.65722406359714,71.82415407102398,True,False,False,False,,
47,VONG,VONG,AMEX:VONG,US,Vanguard Russell 1000 Growth ETF,46.22,Large Growth,Long,852084.1,,https://www.tradingview.com/chart/?symbol=AMEX%3AVONG,False,,-47.5701263206029,-47.5701263206029,124.2699966430664,105.7300033569336,112.05480227661133,0.6917909124216528,14.873875268033396,48.93245721819113,False,False,False,False,,
48,JEPI,JEPI,AMEX:JEPI,US,JPMorgan Equity Premium Income ETF,46.091,Derivative Income,Long,4378934.3,,https://www.tradingview.com/chart/?symbol=AMEX%3AJEPI,False,,-63.01395327161092,-63.01395327161092,55.91999816894531,55.27000045776367,56.08302038574219,0.18867859760864414,49.96218432293582,59.987543734339,False,True,False,False,,
49,SCHB,SCHB,AMEX:SCHB,US,Schwab U.S. Broad Market ETF,44.843,Large Blend,Long,5337629.15,,https://www.tradingview.com/chart/?symbol=AMEX%3ASCHB,False,,-52.54397780233605,-52.54397780233605,29.06999969482422,24.389999389648438,25.734019317626952,0.8217735831362909,46.094192573867225,68.14225165147496,True,False,False,False,,
50,XLV,XLV,AMEX:XLV,US,State Street Health Care Select Sector SPDR ETF,44.505,Health,Long,7535099.3,,https://www.tradingview.com/chart/?symbol=AMEX%3AXLV,False,,-56.97497186262706,-15.859805199381567,167.77999877929688,142.56500244140625,150.38486114501953,0.7609778336522321,59.44410086814363,59.303535325985884,False,False,False,False,,
51,DGRO,DGRO,AMEX:DGRO,US,iShares Core Dividend Growth ETF,43.59,Large Value,Long,1205039.15,,https://www.tradingview.com/chart/?symbol=AMEX%3ADGRO,False,,-67.04577256598276,-67.04577256598276,76.81999969482422,68.8949966430664,71.54763793945312,0.705071101306635,50.15247107798918,73.75232626083658,False,False,False,False,,
52,SOXX,SOXX,AMEX:SOXX,US,iShares Semiconductor ETF,42.612,Technology,Long,7059654.95,,https://www.tradingview.com/chart/?symbol=AMEX%3ASOXX,False,,-27.050929855293674,-27.050929855293674,501.8699951171875,309.7900085449219,391.28104333496094,0.5562682686242639,-11.318835172670589,84.61959525828875,False,False,False,False,,
53,SPDW,SPDW,AMEX:SPDW,US,State Street SPDR Portfolio Developed World ex-US ETF,42.462,Foreign Large Blend,Long,2364130.55,,https://www.tradingview.com/chart/?symbol=AMEX%3ASPDW,False,,-53.145888844128905,-53.145888844128905,50.61000061035156,44.209999084472656,46.12395922851562,0.7891493272774823,53.75336255944277,73.11905743965548,True,False,False,False,,
54,JEPQ,JEPQ,AMEX:JEPQ,US,JPMorgan NASDAQ Equity Premium Income ETF,42.441,Derivative Income,Long,5575682.5,,https://www.tradingview.com/chart/?symbol=AMEX%3AJEPQ,False,,-35.97515939830625,-35.97515939830625,59.060001373291016,53.77000045776367,55.584840133666994,0.6879066138131751,45.44307563827933,66.30655035871395,False,False,False,False,,
55,XLE,XLE,AMEX:XLE,US,State Street Energy Select Sector SPDR ETF,42.113,Equity Energy,Long,25136576.85,,https://www.tradingview.com/chart/?symbol=AMEX%3AXLE,False,,24.510736988215125,24.510736988215125,64.05000305175781,52.81999969482422,55.91632034301758,0.8559451986288027,60.93520658198573,75.82799679181177,False,False,False,False,,
56,DYNF,DYNF,AMEX:DYNF,US,iShares U.S. Equity Factor Rotation Active ETF,41.834,Large Blend,Long,1659228.3,,https://www.tradingview.com/chart/?symbol=AMEX%3ADYNF,False,,-47.631325508821305,-47.631325508821305,68.44499969482422,56.43000030517578,59.7104006652832,0.8643883504098192,53.05812578995307,70.25453721192203,False,False,False,False,,
57,CGDV,CGDV,AMEX:CGDV,US,Capital Group Dividend Value ETF,38.955,Large Value,Long,3070981.45,,https://www.tradingview.com/chart/?symbol=AMEX%3ACGDV,True,2026-09-16 09:30,-72.2388146617241,-72.2388146617241,48.54999923706055,41.470001220703125,43.819380752563475,0.711200344261648,37.04514972890559,71.20908688647025,False,False,False,False,,
58,VNQ,VNQ,AMEX:VNQ,US,Vanguard Real Estate ETF,38.016,Real Estate,Long,2810927.75,,https://www.tradingview.com/chart/?symbol=AMEX%3AVNQ,True,2026-09-16 09:30,-64.91677641128457,-60.76919206042174,93.5,86.98999786376953,90.43087829589844,0.4465021480562838,-4.124149120489491,75.5912017246631,False,False,False,False,,
59,VBR,VBR,AMEX:VBR,US,Vanguard Morningstar Small-Cap Value ETF,37.526,Small Value,Long,275114.5,,https://www.tradingview.com/chart/?symbol=AMEX%3AVBR,False,,-59.15552686212993,-54.490287372480445,238.9199981689453,212.08999633789062,221.42143835449218,0.6785532633502798,35.306415722208435,72.82914820577103,False,False,False,False,,
60,SPYV,SPYV,AMEX:SPYV,US,State Street SPDR Portfolio S&P 500 Value ETF,36.839,Large Value,Long,1420567.55,,https://www.tradingview.com/chart/?symbol=AMEX%3ASPYV,False,,-44.06443013073405,-44.06443013073405,62.209999084472656,55.58000183105469,57.5529610748291,0.7930621763951371,53.9124268244771,72.07963009804088,False,False,False,False,,
61,TQQQ,TQQQ,AMEX:TQQQ,US,ProShares UltraPro QQQ,35.929,Trading--Leveraged Equity,3X Long,46665537.9,,https://www.tradingview.com/chart/?symbol=AMEX%3ATQQQ,False,,-49.318506136868,-49.318506136868,67.9000015258789,37.88999938964844,49.53069866943359,0.6084136643276558,-0.20186220117100895,63.89903313499669,False,False,False,False,,
62,MGK,MGK,AMEX:MGK,US,Vanguard Morningstar Mega Cap Growth ETF,33.608,Large Growth,Long,1046912.1,,https://www.tradingview.com/chart/?symbol=AMEX%3AMGK,False,,-27.094526863088408,-27.094526863088408,89.13999938964844,70.68400573730469,75.7287398071289,0.8633982369867307,38.509223506243025,45.291830509304134,False,False,False,False,,
63,IUSG,IUSG,AMEX:IUSG,US,iShares Core S&P U.S. Growth ETF,33.336,Large Growth,Long,462130.0,,https://www.tradingview.com/chart/?symbol=AMEX%3AIUSG,False,,-52.29300707435963,-52.29300707435963,187.27999877929688,149.15499877929688,160.00273791503906,0.8294355060912334,38.4948986345937,65.37402421000927,False,False,False,False,,
64,ACWI,ACWI,AMEX:ACWI,US,iShares MSCI ACWI ETF,33.113,Global Large-Stock Blend,Long,1869786.35,,https://www.tradingview.com/chart/?symbol=AMEX%3AACWI,True,2026-09-16 09:30,-55.301902006503894,-55.301902006503894,157.64999389648438,134.25999450683594,140.91165753173829,0.8298736474309105,51.30353928965678,70.14983385465689,True,False,False,False,,
65,IDEV,IDEV,AMEX:IDEV,US,iShares Core MSCI International Developed Markets ETF,32.932,Foreign Large Blend,Long,1870726.1,,https://www.tradingview.com/chart/?symbol=AMEX%3AIDEV,True,2026-09-16 09:30,-55.22806264341879,-55.22806264341879,90.5199966430664,80.58000183105469,83.70582067871094,0.7504717611494613,56.942227972069084,69.83511508913125,False,False,False,False,,
66,EFV,EFV,AMEX:EFV,US,iShares MSCI EAFE Value ETF,32.15,Foreign Large Value,Long,1640948.25,,https://www.tradingview.com/chart/?symbol=AMEX%3AEFV,False,,-32.41901113502797,-32.41901113502797,81.1449966430664,71.16000366210938,73.99672286987305,0.8306984833241827,66.64929494996385,71.89794360695,False,False,False,False,,
67,EEM,EEM,AMEX:EEM,US,iShares MSCI Emerging Markets ETF,31.971,Diversified Emerging Mkts,Long,15836071.25,,https://www.tradingview.com/chart/?symbol=AMEX%3AEEM,False,,-41.283731927431184,-41.283731927431184,65.73999786376953,54.67499923706055,58.603219345092775,0.664764092664712,32.257483270708946,74.3198660958095,True,False,False,False,,
68,XLI,XLI,AMEX:XLI,US,State Street Industrial Select Sector SPDR ETF,31.888,Industrials,Long,6528465.9,,https://www.tradingview.com/chart/?symbol=AMEX%3AXLI,True,2026-09-16 09:30,-63.946908774410076,-62.60220473214048,168.67999267578125,156.66000366210938,163.87098193359375,0.39338870544712184,-0.70042815815462,66.95852790259362,False,False,False,False,,
69,AVUV,AVUV,AMEX:AVUV,US,Avantis U.S. Small Cap Value ETF,31.856,Small Value,Long,1225791.95,,https://www.tradingview.com/chart/?symbol=AMEX%3AAVUV,False,,-48.159193397057926,-48.159193397057926,122.70999908447266,106.06999969482422,111.46024063110352,0.7285462565366764,34.93285215251564,74.33944703218447,False,False,False,False,,
70,VXF,VXF,AMEX:VXF,US,Vanguard Extended Market ETF,31.308,Mid-Cap Blend,Long,296304.5,,https://www.tradingview.com/chart/?symbol=AMEX%3AVXF,True,2026-09-16 09:30,-58.8818670358271,-58.8818670358271,234.33999633789062,198.97999572753906,211.16231817626954,0.6850056858339524,27.200870380458074,70.66315339021247,True,False,False,False,,
71,VGK,VGK,AMEX:VGK,US,Vanguard FTSE Europe ETF,31.133,Europe Stock,Long,1672988.45,,https://www.tradingview.com/chart/?symbol=AMEX%3AVGK,True,2026-09-16 09:30,-68.50971551612825,-65.77750239740531,88.66000366210938,79.19999694824219,82.49809838867188,0.6769232616998556,48.33261127317669,67.42658308106526,False,False,False,False,,
72,GDX,GDX,AMEX:GDX,US,VanEck Gold Miners ETF,30.265,Equity Precious Metals,Long,25081121.6,,https://www.tradingview.com/chart/?symbol=AMEX%3AGDX,True,2026-09-16 09:30,-60.80315580502622,-60.304131789907025,92.83000183105469,70.73999786376953,78.95279858398438,0.6347701732793196,27.762658840449774,43.052122963944036,False,False,False,False,,
73,EWY,EWY,AMEX:EWY,US,iShares MSCI South Korea ETF,28.967,Focused Region,Long,14084983.55,,https://www.tradingview.com/chart/?symbol=AMEX%3AEWY,False,,-25.136581113732888,-25.136581113732888,175.5399932861328,115.7699966430664,140.44615786743165,0.5716334513909598,17.730737487123722,80.23037013598679,False,False,False,False,,
74,AVEM,AVEM,AMEX:AVEM,US,Avantis Emerging Markets Equity ETF,28.726,Diversified Emerging Mkts,Long,1616709.6,,https://www.tradingview.com/chart/?symbol=AMEX%3AAVEM,False,,-47.2518058187432,-47.2518058187432,92.41999816894531,77.76010131835938,83.07609530639648,0.6508163223141196,32.19614477702182,73.02536971610749,False,False,False,False,,
75,FNDX,FNDX,AMEX:FNDX,US,Schwab Fundamental U.S. Large Company ETF,27.895,Large Value,Long,2555669.1,,https://www.tradingview.com/chart/?symbol=AMEX%3AFNDX,False,,-36.188422754641266,-36.188422754641266,32.03499984741211,27.309999465942383,28.605450355529786,0.8607814460508124,56.00353111853423,74.95485699904475,False,False,False,False,,
76,IUSV,IUSV,AMEX:IUSV,US,iShares Core S&P US Value ETF,27.757,Large Value,Long,527471.9,,https://www.tradingview.com/chart/?symbol=AMEX%3AIUSV,False,,-57.737611255307684,-57.737611255307684,111.86000061035156,100.43000030517578,104.01193661499023,0.7530787369475075,52.80537578001299,72.17652400549261,False,False,False,False,,
77,VOOG,VOOG,AMEX:VOOG,US,Vanguard S&P 500 Growth ETF,27.271,Large Growth,Long,1003953.25,,https://www.tradingview.com/chart/?symbol=AMEX%3AVOOG,False,,-47.825608607517545,-47.825608607517545,82.63999938964844,65.32833099365234,70.15138473510743,0.8470885792416026,39.644867648007306,58.266287678932486,False,False,False,False,,
78,MDY,MDY,AMEX:MDY,US,State Street SPDR S&P MIDCAP 400 ETF Trust,26.567,Mid-Cap Blend,Long,446235.3,,https://www.tradingview.com/chart/?symbol=AMEX%3AMDY,True,2026-09-16 09:30,-62.43722702655373,-62.43722702655373,665.8800048828125,599.0750122070312,626.8982224121094,0.5666484260902023,15.255062370838923,71.34257424303426,True,False,False,False,,
79,FNDF,FNDF,AMEX:FNDF,US,Schwab Fundamental International Equity ETF,26.322,Foreign Large Value,Long,1807914.05,,https://www.tradingview.com/chart/?symbol=AMEX%3AFNDF,False,,-41.013695395803914,-41.013695395803914,54.900001525878906,47.13999938964844,49.30647946166992,0.84531610874297,65.47087141123582,75.78140157209941,False,False,False,False,,
80,RDVY,RDVY,AMEX:RDVY,US,First Trust Rising Dividend Achievers ETF,25.697,Large Value,Long,1020926.8,,https://www.tradingview.com/chart/?symbol=AMEX%3ARDVY,False,,-61.499678362904184,-61.499678362904184,78.94999694824219,66.41500091552734,70.5438215637207,0.7164900865856557,39.57901779118726,76.6060732129399,False,False,False,False,,
82,CGGR,CGGR,AMEX:CGGR,US,Capital Group Growth ETF,25.648,Large Growth,Long,2315423.8,,https://www.tradingview.com/chart/?symbol=AMEX%3ACGGR,False,,-54.99545350622148,-54.99545350622148,46.04029846191406,38.75,40.912940216064456,0.7954498345507898,28.3398887171832,51.24435155348186,False,False,False,False,,
83,EMXC,EMXC,AMEX:EMXC,US,iShares MSCI Emerging Markets ex China ETF,25.486,Diversified Emerging Mkts,Long,1597490.4,,https://www.tradingview.com/chart/?symbol=AMEX%3AEMXC,False,,-30.021232053390396,-30.021232053390396,97.16000366210938,75.48500061035156,82.84348068237304,0.6951572430921314,33.1991616176595,79.38379358832378,False,False,False,False,,
84,XIC,XIC.TO,TSX:XIC,TSX,iShares Core S&P/TSX Capped Composite Index ETF,25.141,Total Market,Long,496767.5,,https://www.tradingview.com/chart/?symbol=TSX%3AXIC,False,,-50.936473781125926,-45.38892001134999,56.869998931884766,50.119998931884766,52.23927882385254,0.7516704169362372,54.423304948769676,70.83270302533212,True,False,False,False,,
85,IYW,IYW,AMEX:IYW,US,iShares U.S. Technology ETF,25.124,Technology,Long,464096.5,,https://www.tradingview.com/chart/?symbol=AMEX%3AIYW,False,,-12.416127030739894,-12.416127030739894,250.30999755859375,173.5500030517578,193.9639994506836,0.8873989369649611,40.410104877480535,71.97750113481526,False,False,False,False,,
86,MTUM,MTUM,AMEX:MTUM,US,iShares MSCI USA Momentum Factor ETF,24.803,Large Blend,Long,677646.35,,https://www.tradingview.com/chart/?symbol=AMEX%3AMTUM,False,,-23.188577578296627,-23.188577578296627,299.75970458984375,230.82000732421875,257.87504357910154,0.6013582240811517,-6.480373473172768,74.50697168961564,False,False,False,False,,
87,VOE,VOE,AMEX:VOE,US,Vanguard Morningstar Mid-Cap Value ETF,24.42,Mid-Cap Value,Long,280431.9,,https://www.tradingview.com/chart/?symbol=AMEX%3AVOE,False,,-60.72983272528429,-60.72983272528429,201.74000549316406,180.9499969482422,188.03943896484375,0.6920773179485773,52.212636200883566,76.40099160497414,False,False,False,False,,
88,USMV,USMV,AMEX:USMV,US,iShares MSCI USA Min Vol Factor ETF,24.118,Large Blend,Long,1453280.6,,https://www.tradingview.com/chart/?symbol=AMEX%3AUSMV,False,,-53.03539708554322,-44.690108370838495,98.51000213623047,91.16000366210938,93.72060330200195,0.6774193094728966,67.33567622825797,67.94151756182289,False,False,False,False,,
89,DVY,DVY,AMEX:DVY,US,iShares Select Dividend ETF,23.742,Mid-Cap Value,Long,288560.85,,https://www.tradingview.com/chart/?symbol=AMEX%3ADVY,False,,-65.27918008669322,-65.27918008669322,158.5500030517578,145.9499969482422,150.62397882080077,0.6362030323412236,54.7729251787685,73.7466563771428,False,False,False,False,,
90,VBK,VBK,AMEX:VBK,US,Vanguard Morningstar Small-Cap Growth ETF,23.685,Small Growth,Long,177359.7,,https://www.tradingview.com/chart/?symbol=AMEX%3AVBK,True,2026-09-16 09:30,-67.16287924035105,-65.46359275132995,335.1400146484375,289.6099853515625,307.7041085205078,0.5938440240367182,8.575662225037744,69.59739731501811,False,False,False,False,,
91,EWJ,EWJ,AMEX:EWJ,US,iShares MSCI Japan ETF,23.506,Japan Stock,Long,3586266.25,,https://www.tradingview.com/chart/?symbol=AMEX%3AEWJ,False,,3.351982945680357,3.351982945680357,97.0199966430664,81.19999694824219,85.32881759643554,0.90425820012603,58.13466969382097,75.68209288911412,True,False,False,False,,
92,SCHA,SCHA,AMEX:SCHA,US,Schwab U.S. Small-Cap ETF,22.93,Small Blend,Long,2616628.35,,https://www.tradingview.com/chart/?symbol=AMEX%3ASCHA,True,2026-09-16 09:30,-61.46032494068968,-61.46032494068968,33.05500030517578,28.079999923706055,29.98215979766846,0.617245745795846,12.173793364831107,71.81636286397669,False,False,False,False,,
93,SPMO,SPMO,AMEX:SPMO,US,Invesco S&P 500 Momentum ETF,22.756,Large Blend,Long,1655237.45,,https://www.tradingview.com/chart/?symbol=AMEX%3ASPMO,False,,-45.843520808304866,-45.843520808304866,143.63499450683594,107.86000061035156,120.54027960205079,0.6658290850774824,10.64844134480147,74.13470914998703,False,False,False,False,,
94,XLC,XLC,AMEX:XLC,US,State Street Communication Services Select Sector SPDR ETF,22.667,Communications,Long,4128262.0,,https://www.tradingview.com/chart/?symbol=AMEX%3AXLC,False,,6.099892923501126,39.15980246778314,113.0,105.38999938964844,108.61847946166992,0.5562865819142083,10.640839887083429,21.308795326961356,False,False,False,False,,
95,DFIV,DFIV,AMEX:DFIV,US,Dimensional International Value ETF,22.446,Foreign Large Value,Long,1087696.4,,https://www.tradingview.com/chart/?symbol=AMEX%3ADFIV,False,,-31.171994308797423,-31.171994308797423,57.720001220703125,50.79999923706055,52.77649923706055,0.826268893569263,70.47145897533673,71.83974458120197,False,False,False,False,,
96,XLU,XLU,AMEX:XLU,US,State Street Utilities Select Sector SPDR ETF,22.359,Utilities,Long,19658230.6,,https://www.tradingview.com/chart/?symbol=AMEX%3AXLU,False,,-66.3481181800761,-66.3481181800761,41.33000183105469,41.329898834228516,42.79430267333984,1.659873480754689e-05,-50.90889599929188,37.432809849543695,False,True,False,False,,
97,VONV,VONV,AMEX:VONV,US,Vanguard Russell 1000 Value ETF,22.314,Large Value,Long,563540.05,,https://www.tradingview.com/chart/?symbol=AMEX%3AVONV,False,,-41.83380757806875,-41.83380757806875,110.58000183105469,91.83999633789062,97.0095778503418,0.85551244055918,55.18243734043543,82.11793301759349,False,False,False,False,,
98,VYMI,VYMI,AMEX:VYMI,US,Vanguard International High Dividend Yield ETF,22.12,Foreign Large Value,Long,809480.5,,https://www.tradingview.com/chart/?symbol=AMEX%3AVYMI,False,,-44.98837960538089,-44.98837960538089,104.0,90.5770034790039,94.50711145019531,0.806040750578859,68.21560399676405,73.31498821674542,False,False,False,False,,
99,XLY,XLY,AMEX:XLY,US,State Street Consumer Discretionary Select Sector SPDR ETF,21.972,Consumer Cyclical,Long,5333676.6,,https://www.tradingview.com/chart/?symbol=AMEX%3AXLY,False,,-65.07837899509288,-65.07837899509288,110.16000366210938,105.6500015258789,109.52748159790039,0.27449799467196156,-15.966536691559867,23.73502687727698,False,False,False,False,,
100,AVLV,AVLV,AMEX:AVLV,US,Avantis U.S. Large Cap Value ETF,21.76,Large Value,Long,2716989.25,,https://www.tradingview.com/chart/?symbol=AMEX%3AAVLV,False,,-53.85177739652153,-53.85177739652153,91.80500030517578,78.81999969482422,82.64791998291015,0.8005548479107125,50.210923077800494,79.53214887886253,False,False,False,False,,
101,SDY,SDY,AMEX:SDY,US,State Street SPDR S&P Dividend ETF,21.715,Mid-Cap Value,Long,184075.5,,https://www.tradingview.com/chart/?symbol=AMEX%3ASDY,False,,-68.66796591752527,-46.06524011215448,151.8300018310547,143.94500732421875,147.55226458740233,0.5158652593496966,40.28877860139545,73.10310457924275,False,False,False,False,,
102,DFUS,DFUS,AMEX:DFUS,US,Dimensional U.S. Equity Market ETF,21.635,Large Blend,Long,487947.15,,https://www.tradingview.com/chart/?symbol=AMEX%3ADFUS,False,,-50.898983881314784,-50.898983881314784,82.23999786376953,68.88999938964844,72.70965881347657,0.8248378429339116,45.99373119269983,69.60167604207498,False,False,False,False,,
103,FTEC,FTEC,AMEX:FTEC,US,Fidelity MSCI Information Technology Index ETF,21.251,Technology,Long,220448.75,,https://www.tradingview.com/chart/?symbol=AMEX%3AFTEC,False,,-27.542612915091638,-27.542612915091638,283.80999755859375,199.4600067138672,223.2889234008789,0.8353966779449036,43.95429274035907,73.45054484493679,False,False,False,False,,
104,AVDV,AVDV,AMEX:AVDV,US,Avantis International Small Cap Value ETF,20.779,Foreign Small/Mid Value,Long,703701.95,,https://www.tradingview.com/chart/?symbol=AMEX%3AAVDV,False,,-52.10126390478852,-46.42864651163109,110.41999816894531,95.43000030517578,99.79128109741211,0.811146923203635,55.353781690523554,68.93279788633447,False,False,False,False,,
105,IWV,IWV,AMEX:IWV,US,iShares Russell 3000 ETF,20.483,Large Blend,Long,123942.7,,https://www.tradingview.com/chart/?symbol=AMEX%3AIWV,False,,-57.042406633092135,-57.042406633092135,427.3299865722656,360.1000061035156,379.66322351074217,0.8110258686162773,47.11801132349064,69.53901505860131,True,False,False,False,,
106,OEF,OEF,AMEX:OEF,US,iShares S&P 100 ETF,20.321,Large Blend,Long,195785.4,,https://www.tradingview.com/chart/?symbol=AMEX%3AOEF,False,,-41.9418870790394,-41.9418870790394,374.7799987792969,308.2200012207031,326.19139978027346,0.8740643846810161,52.378133086625354,65.41219100533884,False,False,False,False,,
107,SOXL,SOXL,AMEX:SOXL,US,Direxion Daily Semiconductor Bull 3X ETF,20.257,Trading--Leveraged Equity,3X Long,52949440.0,,https://www.tradingview.com/chart/?symbol=AMEX%3ASOXL,False,,-31.790185229736238,-31.790185229736238,104.08000183105469,40.630001068115234,102.03248023986816,0.24386963494044575,-29.6197159946454,77.72054722438342,False,False,False,False,,
108,COWZ,COWZ,AMEX:COWZ,US,Pacer US Cash Cows 100 ETF,19.959,Mid-Cap Value,Long,831648.65,,https://www.tradingview.com/chart/?symbol=AMEX%3ACOWZ,False,,-51.994152356951076,-15.754362326732391,69.55000305175781,61.435001373291016,64.01448054504395,0.7424523590228089,78.09641303558115,73.4832906469847,False,False,False,False,,
109,BBJP,BBJP,AMEX:BBJP,US,JPMorgan BetaBuilders Japan ETF,19.758,Japan Stock,Long,666684.75,,https://www.tradingview.com/chart/?symbol=AMEX%3ABBJP,False,,5.888470050007723,5.888470050007723,78.30000305175781,66.2699966430664,69.43239700317383,0.8977615700608929,54.44660562903709,73.26565120120198,False,False,False,False,,
110,IWP,IWP,AMEX:IWP,US,iShares Russell Mid-Cap Growth ETF,19.626,Mid-Cap Growth,Long,811008.1,,https://www.tradingview.com/chart/?symbol=AMEX%3AIWP,True,2026-09-16 09:30,-67.33782161430035,-67.13519297516198,135.5,123.62000274658203,129.36306253051757,0.4881856462036276,4.424111657137002,33.62426149682957,False,False,False,False,,
111,VOT,VOT,AMEX:VOT,US,Vanguard Morningstar Mid-Cap Growth ETF,19.529,Mid-Cap Growth,Long,159724.4,,https://www.tradingview.com/chart/?symbol=AMEX%3AVOT,True,2026-09-16 09:30,-69.9822276803303,-69.84355627968995,289.57000732421875,249.52000427246094,264.7077832641602,0.622329356081667,18.443273846268212,49.24384677263739,False,False,False,False,,
112,VHT,VHT,AMEX:VHT,US,Vanguard Health Care ETF,19.455,Health,Long,207120.15,,https://www.tradingview.com/chart/?symbol=AMEX%3AVHT,False,,-59.049401718285615,-20.286049312126462,314.7799987792969,265.3800048828125,280.50760632324216,0.7706706582321993,59.769886962955844,62.56216480534107,False,False,False,False,,
113,AVDE,AVDE,AMEX:AVDE,US,Avantis International Equity ETF,19.336,Foreign Large Blend,Long,953200.8,,https://www.tradingview.com/chart/?symbol=AMEX%3AAVDE,True,2026-09-16 09:30,-57.19071535568829,-56.071284508290205,91.58000183105469,81.56999969482422,84.67340005493165,0.7612168041601372,62.89564653215035,68.94131933288766,False,False,False,False,,
114,SPHQ,SPHQ,AMEX:SPHQ,US,Invesco S&P 500 Quality ETF,18.922,Large Blend,Long,1431862.65,,https://www.tradingview.com/chart/?symbol=AMEX%3ASPHQ,True,2026-09-16 09:30,-66.29407406624843,-66.29407406624843,82.94499969482422,73.4800033569336,77.39996170043945,0.569837467646255,-0.7196811742521861,72.6176094176464,False,False,False,False,,
115,SPMD,SPMD,AMEX:SPMD,US,State Street SPDR Portfolio S&P 400 Mid Cap ETF,18.739,Mid-Cap Blend,Long,1306087.0,,https://www.tradingview.com/chart/?symbol=AMEX%3ASPMD,True,2026-09-16 09:30,-62.23640621591728,-62.23640621591728,64.01000213623047,57.5,60.198659423828126,0.5693050744324823,16.088582931702827,71.61691269330339,False,False,False,False,,
116,DFAI,DFAI,AMEX:DFAI,US,Dimensional International Core Equity Market ETF,18.389,Foreign Large Blend,Long,1816393.9,,https://www.tradingview.com/chart/?symbol=AMEX%3ADFAI,True,2026-09-16 09:30,-55.05463997029045,-55.05463997029045,42.15999984741211,37.665000915527344,39.05386051940918,0.7638063235188307,59.05193458206163,69.84506261391154,False,False,False,False,,
117,ESGU,ESGU,AMEX:ESGU,US,iShares ESG Aware MSCI USA ETF,18.097,Large Blend,Long,351580.65,,https://www.tradingview.com/chart/?symbol=AMEX%3AESGU,False,,-58.774750569843896,-58.774750569843896,164.47999572753906,137.39700317382812,145.1939698486328,0.8197529256255144,46.72837132416524,69.81796863114768,False,False,False,False,,
118,SPEM,SPEM,AMEX:SPEM,US,State Street SPDR Portfolio Emerging Markets ETF,17.929,Diversified Emerging Mkts,Long,1056716.35,,https://www.tradingview.com/chart/?symbol=AMEX%3ASPEM,False,,-52.997043980274206,-52.997043980274206,51.58000183105469,45.44499969482422,47.32473973083496,0.7702450745386563,45.79816504641187,67.09823916482917,True,False,False,False,,
119,ZSP,ZSP.TO,TSX:ZSP,TSX,BMO S&P 500 Index ETF,17.807,US Equity,Long,102495.6,,https://www.tradingview.com/chart/?symbol=TSX%3AZSP,False,,-24.752307019080167,-15.366274046936411,115.83000183105469,96.7300033569336,102.04236206054688,0.8485119118230224,34.56752105746879,71.6533203730257,True,False,False,False,,
120,VTWO,VTWO,AMEX:VTWO,US,Vanguard Russell 2000 ETF,17.544,Small Blend,Long,1142010.7,,https://www.tradingview.com/chart/?symbol=AMEX%3AVTWO,True,2026-09-16 09:30,-64.56580074926147,-64.56580074926147,115.08000183105469,96.77999877929688,103.04579949951172,0.6892655724401588,19.54807467705435,72.07745608421261,False,False,False,False,,
121,XEF,XEF.TO,TSX:XEF,TSX,iShares Core MSCI EAFE IMI Index ETF,17.286,Total Market,Long,204264.55,,https://www.tradingview.com/chart/?symbol=TSX%3AXEF,False,,-40.98092760836902,-34.817469334840865,51.65999984741211,45.130001068115234,47.027440383911134,0.8121891957675824,42.40248163894467,72.1789613311458,True,False,False,False,,
122,DGRW,DGRW,AMEX:DGRW,US,WisdomTree US Quality Dividend Growth Fund,17.282,Large Blend,Long,434898.85,,https://www.tradingview.com/chart/?symbol=AMEX%3ADGRW,False,,-53.116919328742945,-53.116919328742945,97.22000122070312,85.6500015258789,89.1144815979004,0.7881471017916084,55.141024556516555,68.89635661973527,False,False,False,False,,
123,EFG,EFG,AMEX:EFG,US,iShares MSCI EAFE Growth ETF,17.001,Foreign Large Growth,Long,28804.4,,https://www.tradingview.com/chart/?symbol=AMEX%3AEFG,True,2026-09-16 09:30,-67.18284735585236,-64.17327873823324,119.4800033569336,107.6500015258789,112.26380044555664,0.6051153248620367,26.190127219017715,65.90266053017184,False,False,False,False,,
124,SPSM,SPSM,AMEX:SPSM,US,State Street SPDR Portfolio S&P 600 Small Cap ETF,16.562,Small Blend,Long,1670337.95,,https://www.tradingview.com/chart/?symbol=AMEX%3ASPSM,True,2026-09-16 09:30,-67.55492628342189,-66.06025153722969,54.439998626708984,47.0099983215332,49.71927911376953,0.6472123808821252,19.69975671918084,74.87141575821558,False,False,False,False,,
125,XIU,XIU.TO,TSX:XIU,TSX,iShares S&P/TSX 60 Index ETF,16.454,Large Cap,Long,3394011.4,,https://www.tradingview.com/chart/?symbol=TSX%3AXIU,False,,-48.356204012557804,-36.029366428900026,52.79999923706055,46.22999954223633,48.276120010375976,0.7577852585523778,51.91256901223593,72.9641091165257,True,False,False,False,,
126,IWY,IWY,AMEX:IWY,US,iShares Russell Top 200 Growth ETF,15.936,Large Growth,Long,316418.15,,https://www.tradingview.com/chart/?symbol=AMEX%3AIWY,False,,-45.41265905738245,-45.41265905738245,282.82000732421875,239.94000244140625,254.6262850341797,0.6890566818674224,15.393689614036346,48.9813955365993,False,False,False,False,,
127,DFUV,DFUV,AMEX:DFUV,US,Dimensional US Marketwide Value ETF,15.855,Large Value,Long,417935.35,,https://www.tradingview.com/chart/?symbol=AMEX%3ADFUV,False,,-56.09277843805372,-56.09277843805372,56.060001373291016,47.5099983215332,49.916019149780276,0.8386464059352853,56.2417912814825,81.18854267065035,False,False,False,False,,
128,SCHV,SCHV,AMEX:SCHV,US,Schwab U.S. Large-Cap Value ETF,15.795,Large Value,Long,2839295.5,,https://www.tradingview.com/chart/?symbol=AMEX%3ASCHV,True,2026-09-16 09:30,-62.75421741919117,-62.75421741919117,33.81999969482422,29.90999984741211,31.209180099487305,0.7102632313840385,36.541706454931415,73.57565051613217,True,False,False,False,,
129,IWS,IWS,AMEX:IWS,US,iShares Russell Mid-Cap Value ETF,15.674,Mid-Cap Value,Long,325583.65,,https://www.tradingview.com/chart/?symbol=AMEX%3AIWS,False,,-64.88185433038379,-64.88185433038379,163.9199981689453,142.3300018310547,149.65898010253906,0.6952182073682452,43.778132014353275,78.88761802143762,False,False,False,False,,
130,DFAS,DFAS,AMEX:DFAS,US,Dimensional U.S. Small Cap ETF,15.668,Small Blend,Long,419337.1,,https://www.tradingview.com/chart/?symbol=AMEX%3ADFAS,True,2026-09-16 09:30,-60.91247824188394,-60.91247824188394,79.30999755859375,69.19999694824219,72.80607846069336,0.6616489770973462,30.499074732379395,72.58650631213926,False,False,False,False,,
131,DFIC,DFIC,AMEX:DFIC,US,Dimensional International Core Equity 2 ETF,15.558,Foreign Large Blend,Long,1212764.65,,https://www.tradingview.com/chart/?symbol=AMEX%3ADFIC,True,2026-09-16 09:30,-54.70276129634376,-54.70276129634376,38.39500045776367,34.279998779296875,35.53433935546875,0.7742238548018512,63.45419478417133,69.05936949377472,False,False,False,False,,
132,HDV,HDV,AMEX:HDV,US,iShares Core High Dividend ETF,15.521,Large Value,Long,3980489.25,,https://www.tradingview.com/chart/?symbol=AMEX%3AHDV,False,,-44.53344366836584,-23.30343705318751,28.8700008392334,26.417999267578125,27.244471458435058,0.7001716177656794,71.44906825385988,67.83637962423883,False,False,False,False,,
133,CIBR,CIBR,AMEX:CIBR,US,First Trust NASDAQ Cybersecurity ETF,15.231,Technology,Long,1638809.45,,https://www.tradingview.com/chart/?symbol=AMEX%3ACIBR,False,,-12.919654492315905,54.6744639499758,100.27999877929688,60.599998474121094,70.41759811401367,0.9538461961689801,50.75735882083561,56.68188199496033,False,False,False,False,,
134,GSLC,GSLC,AMEX:GSLC,US,TR Activebeta US Large Cap Equity ETF,15.153,Large Blend,Long,196846.9,,https://www.tradingview.com/chart/?symbol=AMEX%3AGSLC,False,,-46.23698979840839,-46.23698979840839,143.85000610351562,121.63500213623047,128.03178292846678,0.8195905263226041,49.2128265914036,67.07685832874594,False,False,False,False,,
135,SCHM,SCHM,AMEX:SCHM,US,Schwab U.S. Mid-Cap ETF,15.025,Mid-Cap Blend,Long,1542884.6,,https://www.tradingview.com/chart/?symbol=AMEX%3ASCHM,True,2026-09-16 09:30,-56.96511801470198,-56.96511801470198,34.560001373291016,29.975000381469727,31.59986043548584,0.6659405721713273,18.588699444522234,70.4543268307899,False,False,False,False,,
136,DFAT,DFAT,AMEX:DFAT,US,Dimensional U.S. Targeted Value ETF,14.897,Small Value,Long,271444.8,,https://www.tradingview.com/chart/?symbol=AMEX%3ADFAT,False,,-49.687186296754625,-49.687186296754625,69.33999633789062,60.29499816894531,63.23909780883789,0.725050042106924,40.61750452592458,73.5205275563013,False,False,False,False,,
137,IWO,IWO,AMEX:IWO,US,iShares Russell 2000 Growth ETF,14.704,Small Growth,Long,382951.95,,https://www.tradingview.com/chart/?symbol=AMEX%3AIWO,True,2026-09-16 09:30,-69.48161961053523,-68.6852186002938,360.989990234375,301.0299987792969,323.3319987792969,0.6344972640749008,5.3376912337733415,69.11672128557105,False,False,False,False,,
138,AVUS,AVUS,AMEX:AVUS,US,Avantis U.S. Equity ETF,14.626,Large Blend,Long,281214.5,,https://www.tradingview.com/chart/?symbol=AMEX%3AAVUS,False,,-56.05737919985361,-56.05737919985361,127.52999877929688,108.0801010131836,113.83375875854492,0.7977839621245099,45.215573075716556,73.10889233564804,False,False,False,False,,
139,IWN,IWN,AMEX:IWN,US,iShares Russell 2000 Value ETF,14.61,Small Value,Long,389647.5,,https://www.tradingview.com/chart/?symbol=AMEX%3AIWN,True,2026-09-16 09:30,-61.52702618272311,-61.52702618272311,216.0500030517578,183.33999633789062,193.75467749023437,0.7412191954369552,33.57962217564948,74.19351213425927,False,False,False,False,,
140,XLP,XLP,AMEX:XLP,US,State Street Consumer Staples Select Sector SPDR ETF,14.575,Consumer Defensive,Long,9355049.05,,https://www.tradingview.com/chart/?symbol=AMEX%3AXLP,False,,-58.070720519045956,-25.227641577814513,83.36000061035156,81.03500366210938,82.55720294189453,0.36046481368891453,27.120557063246054,57.87363401814222,False,False,False,False,,
141,BAI,BAI,AMEX:BAI,US,iShares A.I. Innovation and Tech Active ETF,14.422,Technology,Long,2517037.0,,https://www.tradingview.com/chart/?symbol=AMEX%3ABAI,False,,-39.65638662937736,-39.08103306779814,43.16999816894531,31.17259979248047,36.61650663757324,0.5201018491706854,-9.041724609177857,,False,False,False,False,,
142,QQQI,QQQI,AMEX:QQQI,US,NEOS Nasdaq 100 High Income ETF,14.379,Derivative Income,Long,3876140.85,,https://www.tradingview.com/chart/?symbol=AMEX%3AQQQI,False,,-50.39406648301704,-50.39406648301704,53.279998779296875,48.11000061035156,50.3744208984375,0.5388220438982345,24.90785995129681,,False,False,False,False,,
143,PVAL,PVAL,AMEX:PVAL,US,Putnam Focused Large Cap Value ETF,14.243,Large Value,Long,1432213.15,,https://www.tradingview.com/chart/?symbol=AMEX%3APVAL,False,,-43.63440947112745,-43.63440947112745,53.19499969482422,45.470001220703125,47.61757745361328,0.8489103259548167,56.9240067909896,76.63927391414553,False,False,False,False,,
144,QLD,QLD,AMEX:QLD,US,ProShares Ultra QQQ,14.233,Trading--Leveraged Equity,2X Long,3432575.85,,https://www.tradingview.com/chart/?symbol=AMEX%3AQLD,False,,-47.91104933966403,-47.91104933966403,86.97000122070312,57.15999984741211,67.39531959533691,0.6873415288782793,8.746197757138312,65.99450300913146,False,False,False,False,,
145,SPTM,SPTM,AMEX:SPTM,US,State Street SPDR Portfolio S&P 1500 Composite Stock Market ETF,14.221,Large Blend,Long,471068.05,,https://www.tradingview.com/chart/?symbol=AMEX%3ASPTM,False,,-51.10919241618408,-51.10919241618408,91.30500030517578,76.86000061035156,81.00534118652344,0.8223739076046354,46.40077849258655,69.82233783311106,False,False,False,False,,
146,IGV,IGV,AMEX:IGV,US,iShares Expanded Tech-Software Sector ETF,14.212,Technology,Long,11730524.1,,https://www.tradingview.com/chart/?symbol=AMEX%3AIGV,False,,-38.68554392818158,13.920417429135574,105.0,74.45500183105469,82.88374096679688,0.8552429315676459,58.541228874536586,-0.14488897747081295,False,False,False,False,,
147,IQLT,IQLT,AMEX:IQLT,US,iShares MSCI Intl Quality Factor ETF,14.12,Foreign Large Blend,Long,1149645.85,,https://www.tradingview.com/chart/?symbol=AMEX%3AIQLT,True,2026-09-16 09:30,-62.08994585418637,-57.82781487543181,49.94499969482422,44.560001373291016,46.396081085205076,0.6921592758938553,55.12011723556795,73.02963421846107,False,False,False,False,,
148,PAVE,PAVE,AMEX:PAVE,US,Global X U.S. Infrastructure Development ETF,13.906,Infrastructure,Long,1337193.15,,https://www.tradingview.com/chart/?symbol=AMEX%3APAVE,True,2026-09-16 09:30,-64.50672700729595,-60.75750937098579,52.75,49.029998779296875,51.6023991394043,0.34128446788480316,-19.83528267017593,64.33745601584039,False,False,False,False,,
149,MGV,MGV,AMEX:MGV,US,Vanguard Morningstar Mega Cap Value ETF,13.851,Large Value,Long,282850.65,,https://www.tradingview.com/chart/?symbol=AMEX%3AMGV,True,2026-09-16 09:30,-57.64933223610412,-57.64933223610412,163.85499572753906,142.67999267578125,148.88443469238283,0.8054391848361697,49.892642955191114,78.87135245923831,False,False,False,False,,
150,VFH,VFH,AMEX:VFH,US,Vanguard Financials ETF,13.63,Financial,Long,498169.65,,https://www.tradingview.com/chart/?symbol=AMEX%3AVFH,False,,-58.68282924514042,-58.68282924514042,136.42999267578125,117.0,123.13953985595703,0.7468765378296565,53.045975298138764,56.342929046832346,False,False,False,False,,
151,AMLP,AMLP,AMEX:AMLP,US,Alerian MLP ETF,13.594,Energy Limited Partnership,Long,1149814.1,,https://www.tradingview.com/chart/?symbol=AMEX%3AAMLP,False,,-43.09710852055076,-43.09710852055076,54.744998931884766,50.369998931884766,51.738798751831055,0.7543104440505514,63.71897735646743,76.14043396370442,False,False,False,False,,
152,ESGV,ESGV,AMEX:ESGV,US,Vanguard ESG U.S. Stock ETF,13.535,Large Blend,Long,56725.9,,https://www.tradingview.com/chart/?symbol=AMEX%3AESGV,False,,-48.16942588836556,-48.16942588836556,133.57000732421875,108.62999725341797,115.51647732543945,0.8546953327610852,47.19680407184575,67.01891641400466,False,False,False,False,,
153,ZCN,ZCN.TO,TSX:ZCN,TSX,BMO S&P/TSX Capped Composite Index ETF,13.496,Total Market,Long,242974.3,,https://www.tradingview.com/chart/?symbol=TSX%3AZCN,False,,-50.72287206465285,-45.59918422053297,47.65999984741211,42.0099983215332,43.789438537597654,0.749336981411195,54.38777200587706,70.78668473245368,True,False,False,False,,
154,ITA,ITA,AMEX:ITA,US,iShares U.S. Aerospace & Defense ETF,13.377,Industrials,Long,110026.75,,https://www.tradingview.com/chart/?symbol=AMEX%3AITA,True,2026-09-16 09:30,-66.54917231240913,-62.98452182023732,215.3000030517578,210.64999389648438,220.70595404052733,0.10912952566688713,-6.939588202593914,57.30622223584794,False,True,False,False,,
155,SCZ,SCZ,AMEX:SCZ,US,iShares MSCI EAFE Small-Cap ETF,13.125,Foreign Small/Mid Blend,Long,1017203.35,,https://www.tradingview.com/chart/?symbol=AMEX%3ASCZ,False,,-52.37175432384015,-49.60325732190432,85.17500305175781,75.91000366210938,78.66176272583007,0.7945971305353207,56.5712359963419,66.95042819883129,False,False,False,False,,
156,SCHE,SCHE,AMEX:SCHE,US,Schwab Emerging Markets Equity ETF,13.075,Diversified Emerging Mkts,Long,2827658.3,,https://www.tradingview.com/chart/?symbol=AMEX%3ASCHE,False,,-54.21530945588313,-54.21530945588313,36.28499984741211,31.875,33.22492028808594,0.770978829768504,51.31353073986255,66.39292756917739,False,False,False,False,,
157,VCN,VCN.TO,TSX:VCN,TSX,Vanguard FTSE Canada All Cap Index ETF,13.034,Total Market,Long,151641.95,,https://www.tradingview.com/chart/?symbol=TSX%3AVCN,False,,-49.97913688769092,-45.68942095571379,72.3499984741211,63.439998626708984,66.22479844665527,0.7550847816522102,54.774023567599464,70.67139553008968,True,False,False,False,,
158,DFAU,DFAU,AMEX:DFAU,US,Dimensional US Core Equity Market ETF,12.886,Large Blend,Long,477635.2,,https://www.tradingview.com/chart/?symbol=AMEX%3ADFAU,False,,-51.929764440012114,-51.929764440012114,52.025001525878906,43.86000061035156,46.21646075439453,0.8177266315900468,46.957200424259014,70.05882881477716,False,False,False,False,,
159,DUHP,DUHP,AMEX:DUHP,US,Dimensional US High Profitability ETF,12.821,Large Blend,Long,622546.9,,https://www.tradingview.com/chart/?symbol=AMEX%3ADUHP,True,2026-09-16 09:30,-57.67133061815537,-57.67133061815537,41.29100036621094,35.82500076293945,37.48762033081055,0.7758695562712664,43.19927965377616,69.13737343597774,False,False,False,False,,
160,DFAX,DFAX,AMEX:DFAX,US,Dimensional World ex U.S. Core Equity 2 ETF,12.708,Foreign Large Blend,Long,575785.5,,https://www.tradingview.com/chart/?symbol=AMEX%3ADFAX,True,2026-09-16 09:30,-55.90405410123184,-55.90405410123184,37.38999938964844,32.959999084472656,34.305199264526365,0.7771929319692334,51.22986374737914,70.9435875334603,False,False,False,False,,
161,ACWX,ACWX,AMEX:ACWX,US,iShares MSCI ACWI ex U.S. ETF,12.631,Foreign Large Blend,Long,1787123.55,,https://www.tradingview.com/chart/?symbol=AMEX%3AACWX,True,2026-09-16 09:30,-55.735036780256586,-55.735036780256586,75.7300033569336,66.30000305175781,69.18392153930664,0.7716861907262226,51.80699195587581,72.2820105726545,False,False,False,False,,
162,ESGD,ESGD,AMEX:ESGD,US,iShares ESG Aware MSCI EAFE ETF,12.275,Foreign Large Blend,Long,284110.2,,https://www.tradingview.com/chart/?symbol=AMEX%3AESGD,True,2026-09-16 09:30,-56.98562630360589,-56.98562630360589,104.01499938964844,92.20500183105469,95.89722103881836,0.7548737675075013,53.76214262305962,70.48093483531585,False,False,False,False,,
163,EWT,EWT,AMEX:EWT,US,iShares MSCI Taiwan ETF,12.142,Greater China Region,Long,3666142.5,,https://www.tradingview.com/chart/?symbol=AMEX%3AEWT,False,,-29.84471654644017,-27.742572421350086,108.41000366210938,68.93499755859375,79.1431787109375,0.9126112968999139,51.38051742348697,88.58812568645486,False,False,False,False,,
164,VSS,VSS,AMEX:VSS,US,Vanguard FTSE All-World ex-US Small-Cap ETF,12.121,Foreign Small/Mid Blend,Long,262643.45,,https://www.tradingview.com/chart/?symbol=AMEX%3AVSS,True,2026-09-16 09:30,-62.38621166567881,-59.20689754952621,155.9199981689453,141.52999877929688,146.500158203125,0.6832859001817144,26.209159618363483,61.431101323456666,False,False,False,False,,
165,MOAT,MOAT,AMEX:MOAT,US,VanEck Morningstar Wide Moat ETF,12.073,Large Blend,Long,133553.45,,https://www.tradingview.com/chart/?symbol=AMEX%3AMOAT,False,,-65.00905680234376,-39.58321583608794,108.27999877929688,94.29000091552734,99.26488134765626,0.6636620801028448,61.81712801497415,60.74530183926688,False,False,False,False,,
166,CGUS,CGUS,AMEX:CGUS,US,Capital Group Core Equity ETF,12.049,Large Blend,Long,1304013.5,,https://www.tradingview.com/chart/?symbol=AMEX%3ACGUS,True,2026-09-16 09:30,-70.62042533712622,-70.62042533712622,43.83000183105469,37.36000061035156,39.50052053833008,0.7133408421606917,34.85573004187834,69.20364264468411,False,False,False,False,,
167,CGGO,CGGO,AMEX:CGGO,US,Capital Group Global Growth Equity ETF,12.022,Global Large-Stock Growth,Long,1058514.3,,https://www.tradingview.com/chart/?symbol=AMEX%3ACGGO,True,2026-09-16 09:30,-63.01694790924201,-63.01694790924201,38.97999954223633,32.099998474121094,34.580358978271484,0.6546146212852079,11.20288825622953,71.74492284567015,False,False,False,False,,
168,GRID,GRID,AMEX:GRID,US,First Trust Nasdaq Clean Edge Smart GRID Infrastructure Index,11.931,Infrastructure,Long,555452.0,,https://www.tradingview.com/chart/?symbol=AMEX%3AGRID,False,,-37.00795576222461,-36.76361601242849,174.3800048828125,157.625,167.53909942626953,0.39884420988015307,-25.962528771703347,64.42858473204639,False,False,False,False,,
169,SPYI,SPYI,AMEX:SPYI,US,NEOS S&P 500 High Income ETF,11.836,Derivative Income,Long,2265085.15,,https://www.tradingview.com/chart/?symbol=AMEX%3ASPYI,False,,-56.111609863424576,-56.111609863424576,52.470001220703125,47.97999954223633,49.49747961425781,0.6982894969464626,54.28566024735759,68.75682416183801,False,False,False,False,,
170,XSP,XSP.TO,TSX:XSP,TSX,iShares Core S&P 500 Index ETF (CAD-Hedged),11.729,US Equity,Long,114496.1,,https://www.tradingview.com/chart/?symbol=TSX%3AXSP,False,,-51.33370544910563,-51.33370544910563,75.75,64.23999786376953,67.55107757568359,0.8203851131630179,45.23332343875901,66.9781488378456,True,False,False,False,,
171,PBUS,PBUS,AMEX:PBUS,US,Invesco MSCI USA ETF,11.719,Large Blend,Long,161187.85,,https://www.tradingview.com/chart/?symbol=AMEX%3APBUS,False,,-48.655805520209775,-48.655805520209775,75.62000274658203,63.310001373291016,66.7862812652588,0.8357095557263062,48.18736413718017,69.2763128222462,False,False,False,False,,
172,NOBL,NOBL,AMEX:NOBL,US,ProShares S&P 500 Dividend Aristocrats ETF,11.577,Large Value,Long,119721.65,,https://www.tradingview.com/chart/?symbol=AMEX%3ANOBL,False,,-74.45617654145668,-53.905241731905086,55.849998474121094,52.084999084472656,53.74053894042969,0.5367070159983469,42.58317382178486,70.64976168257732,False,False,False,False,,
173,SDVY,SDVY,AMEX:SDVY,US,First Trust SMID Cap Rising Dividend Achievers ETF,11.559,Small Value,Long,828009.0,,https://www.tradingview.com/chart/?symbol=AMEX%3ASDVY,False,,-59.26120332415265,-59.26120332415265,41.880001068115234,38.5099983215332,40.02511878967285,0.5249223840067976,26.519294486658527,66.95257202588088,False,False,False,False,,
174,FENI,FENI,AMEX:FENI,US,Fidelity Enhanced International ETF,11.465,Foreign Large Blend,Long,1074497.55,,https://www.tradingview.com/chart/?symbol=AMEX%3AFENI,True,2026-09-16 09:30,-54.93545678627181,-54.79613861418096,40.42499923706055,35.91999816894531,37.35605885314941,0.7403449337271111,51.48290803501417,,False,False,False,False,,
175,BBCA,BBCA,AMEX:BBCA,US,JPMorgan BetaBuilders Canada ETF,11.394,Focused Region,Long,75418.3,,https://www.tradingview.com/chart/?symbol=AMEX%3ABBCA,False,,-51.24263707189951,-51.24263707189951,103.26000213623047,91.52999877929688,95.38859841918945,0.7174314649325464,62.45357272111571,70.35832593923834,False,False,False,False,,
176,JIRE,JIRE,AMEX:JIRE,US,JPMorgan International Research Enhanced Equity ETF,11.293,Foreign Large Blend,Long,343991.4,,https://www.tradingview.com/chart/?symbol=AMEX%3AJIRE,True,2026-09-16 09:30,-56.40205395680716,-56.40205395680716,82.58999633789062,72.87000274658203,75.95806253051758,0.7428348698046793,50.657925268748194,69.3577253441522,False,False,False,False,,
177,VFLO,VFLO,AMEX:VFLO,US,VictoryShares Free Cash Flow ETF,11.269,Mid-Cap Value,Long,2255343.8,,https://www.tradingview.com/chart/?symbol=AMEX%3AVFLO,False,,-43.49994128993884,-20.343492188415237,53.33539962768555,38.628700256347656,42.766086959838866,0.8388824396585958,77.02599238110061,,False,False,False,False,,
178,SCHH,SCHH,AMEX:SCHH,US,Schwab U.S. REIT ETF,11.197,Real Estate,Long,5052361.6,,https://www.tradingview.com/chart/?symbol=AMEX%3ASCHH,True,2026-09-16 09:30,-65.38015549256217,-61.762193774371276,22.880199432373047,21.09000015258789,22.00450015258789,0.4619869109122984,-7.1057592375299485,80.6929246912761,False,False,False,False,,
179,XLG,XLG,AMEX:XLG,US,Invesco S&P 500 Top 50 ETF,11.186,Large Blend,Long,1139683.45,,https://www.tradingview.com/chart/?symbol=AMEX%3AXLG,False,,-32.30187666164232,-32.30187666164232,62.040000915527344,52.83000183105469,55.605360534667966,0.7831635532753862,32.26550227553625,56.15585167713174,False,False,False,False,,
180,XBI,XBI,AMEX:XBI,US,State Street SPDR S&P Biotech ETF,10.998,Health,Long,8055291.35,,https://www.tradingview.com/chart/?symbol=AMEX%3AXBI,True,2026-09-16 09:30,-71.0303311335965,-68.99965672539213,154.1699981689453,118.62000274658203,130.6442038269043,0.6977427326467228,58.969414898067576,72.34784456052796,False,False,False,False,,
181,VDE,VDE,AMEX:VDE,US,Vanguard Energy ETF,10.926,Equity Energy,Long,458027.3,,https://www.tradingview.com/chart/?symbol=AMEX%3AVDE,False,,21.56386931572564,21.56386931572564,180.10000610351562,149.33999633789062,157.89499633789063,0.8485519935344827,59.774702406053244,79.46397968424117,False,False,False,False,,
182,ONEQ,ONEQ,AMEX:ONEQ,US,Fidelity Nasdaq Composite Index ETF,10.809,Large Growth,Long,185141.3,,https://www.tradingview.com/chart/?symbol=AMEX%3AONEQ,False,,-41.35404206761117,-41.35404206761117,102.44000244140625,81.83000183105469,87.72764132690429,0.8247299868813481,32.0739493411831,64.95332987908364,False,False,False,False,,
183,IJK,IJK,AMEX:IJK,US,iShares S&P Mid-Cap 400 Growth ETF,10.748,Mid-Cap Growth,Long,197416.65,,https://www.tradingview.com/chart/?symbol=AMEX%3AIJK,True,2026-09-16 09:30,-68.61708056729242,-67.56160595712544,109.13999938964844,97.19999694824219,102.38845709228515,0.5430976624937796,8.13783330664013,71.99035936648067,False,False,False,False,,
184,IBB,IBB,AMEX:IBB,US,iShares Biotechnology ETF,10.734,Health,Long,1531582.5,,https://www.tradingview.com/chart/?symbol=AMEX%3AIBB,False,,-57.50016764962368,-51.01889550664069,202.4199981689453,160.4199981689453,173.7752373046875,0.7421806453074165,71.6629075609311,68.71509243010465,False,False,False,False,,
185,IGM,IGM,AMEX:IGM,US,iShares Expanded Tech Sector ETF,10.682,Technology,Long,248038.6,,https://www.tradingview.com/chart/?symbol=AMEX%3AIGM,False,,-16.25082670838394,-16.25082670838394,159.69000244140625,113.37999725341797,126.96887948608398,0.8042722747344784,33.30350741101529,71.60964261409059,False,False,False,False,,
186,FNDE,FNDE,AMEX:FNDE,US,Schwab Fundamental Emerging Markets Equity ETF,10.536,Diversified Emerging Mkts,Long,1551985.35,,https://www.tradingview.com/chart/?symbol=AMEX%3AFNDE,False,,-45.8566316661786,-45.8566316661786,41.80500030517578,36.71500015258789,38.21596029663086,0.800314412596657,66.85872758699269,68.81864129815904,False,False,False,False,,
187,IGF,IGF,AMEX:IGF,US,iShares Global Infrastructure ETF,10.522,Infrastructure,Long,660418.7,,https://www.tradingview.com/chart/?symbol=AMEX%3AIGF,True,2026-09-16 09:30,-72.95980258145958,-71.31474226372028,62.992000579833984,62.992000579833984,64.48776887512207,0.0,-45.711625036735974,55.31343198471086,False,True,False,False,,"NEAR: 4h+band ok, weekly shallow"
188,FDVV,FDVV,AMEX:FDVV,US,Fidelity High Dividend ETF,10.517,Large Value,Long,687722.3,,https://www.tradingview.com/chart/?symbol=AMEX%3AFDVV,False,,-36.03988326816124,-36.03988326816124,62.15999984741211,53.880001068115234,56.34384074401856,0.7931034356761205,45.76334815616952,70.80407912439178,False,False,False,False,,
189,MGC,MGC,AMEX:MGC,US,Vanguard Morningstar Mega Cap ETF,10.391,Large Blend,Long,66729.4,,https://www.tradingview.com/chart/?symbol=AMEX%3AMGC,False,,-40.58262546167024,-40.58262546167024,277.8399963378906,229.30999755859375,242.40563525390624,0.8745721268704325,50.322436006019814,68.06380795138925,False,False,False,False,,
190,DFAE,DFAE,AMEX:DFAE,US,Dimensional Emerging Core Equity Market ETF,10.165,Diversified Emerging Mkts,Long,801425.65,,https://www.tradingview.com/chart/?symbol=AMEX%3ADFAE,False,,-40.34553522145623,-40.34553522145623,38.994998931884766,32.69499969482422,34.8921600189209,0.6766915475581229,32.42674679171356,73.38463651301555,False,False,False,False,,
191,AIQ,AIQ,AMEX:AIQ,US,Global X Artificial Intelligence & Technology ETF,10.143,Technology,Long,1092338.55,,https://www.tradingview.com/chart/?symbol=AMEX%3AAIQ,False,,-36.278302584167335,-36.278302584167335,63.01499938964844,44.779998779296875,50.76259841918945,0.7193294559353532,29.22038424407366,72.56247931439066,False,False,False,False,,
192,PRF,PRF,AMEX:PRF,US,Invesco RAFI US 1000 ETF,10.054,Large Value,Long,263684.7,,https://www.tradingview.com/chart/?symbol=AMEX%3APRF,False,,-40.296353716889136,-40.296353716889136,55.224998474121094,46.53969955444336,48.89741017150879,0.8693732514108039,53.08661014104079,77.72428284246153,False,False,False,False,,
193,RWL,RWL,AMEX:RWL,US,Invesco S&P 500 Revenue ETF,10.001,Large Value,Long,231502.25,,https://www.tradingview.com/chart/?symbol=AMEX%3ARWL,False,,-32.5057973239972,-32.5057973239972,131.94000244140625,112.55000305175781,118.04408276367188,0.8329037975247726,54.14804008690239,76.78003238878215,False,False,False,False,,
194,JGRO,JGRO,AMEX:JGRO,US,JPMorgan Active Growth ETF,9.973,Large Growth,Long,485607.55,,https://www.tradingview.com/chart/?symbol=AMEX%3AJGRO,False,,-40.74881238724259,-39.995799310212114,93.05000305175781,81.54000091552734,85.78210055541992,0.6403339701420065,-7.80958111460432,41.619796493075576,False,False,False,False,,
195,ZEA,ZEA.TO,TSX:ZEA,TSX,BMO MSCI EAFE Index ETF,9.918,Total Market,Long,55692.85,,https://www.tradingview.com/chart/?symbol=TSX%3AZEA,False,,-44.689457631190784,-43.512806199972964,31.43000030517578,27.450000762939453,28.615840438842774,0.805668147500639,40.16194390162452,72.48047973610024,True,False,False,False,,
196,EZU,EZU,AMEX:EZU,US,iShares MSCI Eurozone ETF,9.906,Europe Stock,Long,817469.75,,https://www.tradingview.com/chart/?symbol=AMEX%3AEZU,True,2026-09-16 09:30,-68.78700586591903,-67.46069705006111,68.18000030517578,60.244998931884766,63.015639328002926,0.675894398537028,42.3078694399184,67.00460113840175,False,False,False,False,,
197,VLUE,VLUE,AMEX:VLUE,US,iShares MSCI USA Value Factor ETF,9.815,Large Value,Long,290951.9,,https://www.tradingview.com/chart/?symbol=AMEX%3AVLUE,False,,-49.72500882006241,-49.72500882006241,196.76499938964844,138.5,154.312,0.869626856561917,49.94831016370597,90.36283417711168,False,False,False,False,,
198,DFEM,DFEM,AMEX:DFEM,US,Dimensional Emerging Markets Core Equity 2 ETF,9.656,Diversified Emerging Mkts,Long,780231.8,,https://www.tradingview.com/chart/?symbol=AMEX%3ADFEM,False,,-42.51193761231136,-42.51193761231136,39.400001525878906,33.40999984741211,35.535180099487306,0.6651861152661159,31.11681586959938,72.51578027650969,False,False,False,False,,
199,GDXJ,GDXJ,AMEX:GDXJ,US,VanEck Junior Gold Miners ETF,9.635,Equity Precious Metals,Long,4505808.75,,https://www.tradingview.com/chart/?symbol=AMEX%3AGDXJ,True,2026-09-16 09:30,-66.62292857519614,-66.31299578746412,118.07499694824219,91.69499969482422,103.55990005493165,0.5247140020441162,24.929552198627025,42.421070970730995,False,False,False,False,,
200,IXN,IXN,AMEX:IXN,US,iShares Global Tech ETF,9.474,Technology,Long,461190.2,,https://www.tradingview.com/chart/?symbol=AMEX%3AIXN,False,,-27.9454871398144,-27.9454871398144,139.38999938964844,95.80999755859375,108.54219683837891,0.8077850657315861,37.827840246386025,78.48002315512592,False,False,False,False,,
201,BBEU,BBEU,AMEX:BBEU,US,JPMorgan BetaBuilders Europe ETF,9.446,Europe Stock,Long,100846.45,,https://www.tradingview.com/chart/?symbol=AMEX%3ABBEU,True,2026-09-16 09:30,-67.0622997168674,-65.18808113835885,77.20500183105469,69.77999877929688,72.49399877929687,0.6456524392832881,45.53408678481827,67.17790334265949,False,False,False,False,,
202,AIRR,AIRR,AMEX:AIRR,US,First Trust RBA American Industrial Renaissance ETF,9.432,Industrials,Long,721053.35,,https://www.tradingview.com/chart/?symbol=AMEX%3AAIRR,False,,-46.67699439191336,-39.964008946048786,105.6500015258789,104.7300033569336,111.47724429321289,0.032179015085064135,-57.37008065140856,57.233852870138314,False,True,False,False,,
203,DBEF,DBEF,AMEX:DBEF,US,Xtrackers MSCI EAFE Hedged Equity ETF,9.372,Foreign Large Blend,Long,396183.65,,https://www.tradingview.com/chart/?symbol=AMEX%3ADBEF,False,,-54.02807123489672,-45.406387435484596,54.810001373291016,47.525001525878906,49.68322073364258,0.7966104452247648,45.79556379266004,74.33829005524363,False,False,False,False,,
204,IEUR,IEUR,AMEX:IEUR,US,iShares Core MSCI Europe ETF,9.323,Europe Stock,Long,1056704.55,,https://www.tradingview.com/chart/?symbol=AMEX%3AIEUR,True,2026-09-16 09:30,-68.5986556135929,-65.309948270643,74.94999694824219,67.51000213623047,70.16972134399414,0.6601594523623036,46.72480005437303,67.21721405144551,False,False,False,False,,
205,BBUS,BBUS,AMEX:BBUS,US,JPMorgan BetaBuilders U.S. Equity ETF,9.236,Large Blend,Long,140946.15,,https://www.tradingview.com/chart/?symbol=AMEX%3ABBUS,False,,-48.79192289804206,-48.79192289804206,136.08999633789062,113.88999938964844,120.14872039794922,0.837103822464133,48.61406709946647,68.8572834187836,False,False,False,False,,
206,FNDA,FNDA,AMEX:FNDA,US,Schwab Fundamental U.S. Small Company ETF,9.145,Small Blend,Long,1164911.75,,https://www.tradingview.com/chart/?symbol=AMEX%3AFNDA,True,2026-09-16 09:30,-66.78816440278077,-65.22460909469464,35.869998931884766,31.610000610351562,33.24548068237305,0.6147183454453177,13.620528709942638,70.88072119750076,False,False,False,False,,
207,VIGI,VIGI,AMEX:VIGI,US,Vanguard International Dividend Appreciation ETF,9.145,Foreign Large Growth,Long,236288.8,,https://www.tradingview.com/chart/?symbol=AMEX%3AVIGI,False,,-38.26529639428497,-30.18695666786192,96.44999694824219,85.4800033569336,88.89256314086914,0.7586441414846508,56.859405959044494,71.03510657478853,False,False,False,False,,
208,IOO,IOO,AMEX:IOO,US,iShares Global 100 ETF,9.128,Global Large-Stock Blend,Long,257884.7,,https://www.tradingview.com/chart/?symbol=AMEX%3AIOO,False,,-39.714090315875495,-39.714090315875495,141.89999389648438,117.01000213623047,123.89648220825195,0.8529812028767889,51.70890101815169,69.82316252053744,False,False,False,False,,
209,SSO,SSO,AMEX:SSO,US,ProShares Ultra S&P 500,9.115,Trading--Leveraged Equity,2X Long,2811804.4,,https://www.tradingview.com/chart/?symbol=AMEX%3ASSO,False,,-51.51005745910325,-51.51005745910325,67.79000091552734,49.064998626708984,54.59801945495605,0.7986777345208654,44.621212736878306,67.70623296711123,False,False,False,False,,
210,IJJ,IJJ,AMEX:IJJ,US,iShares S&P Mid-Cap 400 Value ETF,8.87,Mid-Cap Value,Long,118020.7,,https://www.tradingview.com/chart/?symbol=AMEX%3AIJJ,False,,-62.712539561938826,-62.712539561938826,141.92999267578125,128.19500732421875,133.72802545166016,0.5858387715905918,22.302694732742555,70.40787342990829,False,False,False,False,,
211,JQUA,JQUA,AMEX:JQUA,US,JPMorgan U.S. Quality Factor ETF,8.799,Large Blend,Long,529272.05,,https://www.tradingview.com/chart/?symbol=AMEX%3AJQUA,False,,-52.50666667670868,-23.45075139129467,73.19000244140625,59.93000030517578,63.60215972900391,0.852185360974366,50.927379288938965,79.16058841471293,False,False,False,False,,
212,TCAF,TCAF,AMEX:TCAF,US,T. Rowe Price Capital Appreciation Equity ETF,8.775,Large Blend,Long,555420.85,,https://www.tradingview.com/chart/?symbol=AMEX%3ATCAF,True,2026-09-16 09:30,-58.35312155949939,-58.35312155949939,41.939998626708984,34.54499816894531,36.54391845703125,0.8730813922066691,52.378946168534405,,False,False,False,False,,
213,VPL,VPL,AMEX:VPL,US,Vanguard FTSE Pacific ETF,8.773,Focused Region,Long,410883.2,,https://www.tradingview.com/chart/?symbol=AMEX%3AVPL,False,,-21.676958769763093,-21.676958769763093,114.9000015258789,94.41000366210938,100.6545400390625,0.7743792659606614,39.92239288396011,77.7581966989423,False,False,False,False,,
214,VONE,VONE,AMEX:VONE,US,Vanguard Russell 1000 ETF,8.749,Large Blend,Long,75694.65,,https://www.tradingview.com/chart/?symbol=AMEX%3AVONE,False,,-50.38144064671587,-50.38144064671587,341.1300048828125,286.67999267578125,302.1875578613281,0.8286409070094269,48.39920185031758,69.20475101961439,False,False,False,False,,
215,IDV,IDV,AMEX:IDV,US,iShares International Select Dividend ETF,8.744,Foreign Large Value,Long,566816.45,,https://www.tradingview.com/chart/?symbol=AMEX%3AIDV,False,,-65.25867360308636,-65.25867360308636,43.94499969482422,40.790000915527344,41.86852084350586,0.6903717702366782,52.79133497321252,68.22775507152646,False,False,False,False,,
216,XLB,XLB,AMEX:XLB,US,State Street Materials Select Sector SPDR ETF,8.723,Natural Resources,Long,10776782.05,,https://www.tradingview.com/chart/?symbol=AMEX%3AXLB,False,,-74.3142629239574,-58.29024718038844,50.380001068115234,46.9900016784668,48.577101318359375,0.504089242948339,37.31177615359673,60.41542178982638,False,False,False,False,,
217,EWZ,EWZ,AMEX:EWZ,US,iShares MSCI Brazil ETF,8.618,Focused Region,Long,25141111.9,,https://www.tradingview.com/chart/?symbol=AMEX%3AEWZ,False,,-10.675532551865805,-10.675532551865805,37.47999954223633,33.51499938964844,35.474979461669925,0.4774232398422493,22.112523905235733,52.706494841840176,False,False,False,False,,
218,DFSV,DFSV,AMEX:DFSV,US,Dimensional US Small Cap Value ETF,8.608,Small Value,Long,837131.8,,https://www.tradingview.com/chart/?symbol=AMEX%3ADFSV,False,,-42.58867255381603,-42.58867255381603,39.16999816894531,33.779998779296875,35.45205946350097,0.7607617761567789,46.983590139898816,73.54707780150001,False,False,False,False,,
219,FELC,FELC,AMEX:FELC,US,Fidelity Enhanced Large Cap Core ETF,8.565,Large Blend,Long,632209.2,,https://www.tradingview.com/chart/?symbol=AMEX%3AFELC,False,,-42.78831754934597,-42.78831754934597,42.974998474121094,35.2400016784668,37.358101318359374,0.8618382296061362,52.5426450251748,,False,False,False,False,,
220,CORO,CORO,AMEX:CORO,US,iShares International Country Rotation Active ETF,8.507,Foreign Large Blend,Long,722265.1,,https://www.tradingview.com/chart/?symbol=AMEX%3ACORO,False,,-50.227694866767045,-50.227694866767045,36.31999969482422,31.1200008392334,32.636583793640135,0.8091873420794798,51.36383124492781,,False,False,False,False,,
221,VIU,VIU.TO,TSX:VIU,TSX,Vanguard FTSE Developed All Cap Ex North America Index ETF,8.37,Total Market,Long,161707.7,,https://www.tradingview.com/chart/?symbol=TSX%3AVIU,False,,-39.11167638387601,-38.37653825798548,49.880001068115234,42.58000183105469,44.77716125488281,0.7841032386009769,37.30649176168232,75.08305604718254,False,False,False,False,,
222,QYLD,QYLD,AMEX:QYLD,US,Global X NASDAQ 100 Covered Call ETF,8.346,Derivative Income,Long,4004806.6,,https://www.tradingview.com/chart/?symbol=AMEX%3AQYLD,False,,3.7209658826221133,3.7209658826221133,18.292400360107422,16.69499969482422,17.124519622802733,0.8776928204031842,62.70426614140365,72.20171321051517,False,False,False,False,,
223,VPU,VPU,AMEX:VPU,US,Vanguard Utilities ETF,8.326,Utilities,Long,244056.45,,https://www.tradingview.com/chart/?symbol=AMEX%3AVPU,True,2026-09-16 13:30,-65.66084164815975,-65.66084164815975,178.89999389648438,178.82000732421875,185.06102545166016,0.003024639677248674,-52.96711974012604,36.49321412245117,False,True,False,False,,"NEAR: 4h+band ok, weekly shallow"
224,URTH,URTH,AMEX:URTH,US,iShares MSCI World ETF,8.305,Global Large-Stock Blend,Long,367201.7,,https://www.tradingview.com/chart/?symbol=AMEX%3AURTH,False,,-54.31627713567224,-54.31627713567224,204.75999450683594,174.9499969482422,183.59231939697264,0.8140357485575614,50.76601215811268,69.71017422386696,False,False,False,False,,
225,IJS,IJS,AMEX:IJS,US,iShares S&P Small-Cap 600 Value ETF,8.304,Small Value,Long,158588.45,,https://www.tradingview.com/chart/?symbol=AMEX%3AIJS,True,2026-09-16 09:30,-64.6978076725946,-64.6978076725946,132.25,114.51000213623047,120.68730105590821,0.6777459776979715,30.473247543058488,71.86062216959058,False,False,False,False,,
226,IJT,IJT,AMEX:IJT,US,iShares S&P Small-Cap 600 Growth ETF,8.254,Small Growth,Long,177090.85,,https://www.tradingview.com/chart/?symbol=AMEX%3AIJT,True,2026-09-16 09:30,-74.65264185140855,-72.85951300898083,163.19500732421875,139.92999267578125,149.13399267578126,0.5965388371394231,10.954338301775957,76.98031988210356,False,False,False,False,,
227,FMDE,FMDE,AMEX:FMDE,US,Fidelity Enhanced Mid Cap Core ETF,8.219,Mid-Cap Blend,Long,750094.85,,https://www.tradingview.com/chart/?symbol=AMEX%3AFMDE,True,2026-09-16 09:30,-55.994700768961245,-55.994700768961245,40.84000015258789,34.97999954223633,36.8632794342041,0.7343359582085072,49.881800579167766,,False,False,False,False,,
228,XLRE,XLRE,AMEX:XLRE,US,State Street Real Estate Select Sector SPDR ETF,8.208,Real Estate,Long,5019824.25,,https://www.tradingview.com/chart/?symbol=AMEX%3AXLRE,True,2026-09-16 09:30,-63.883219027780626,-59.50593461356994,42.79999923706055,40.0099983215332,41.50033889770508,0.4418051998260281,-6.63483302293312,73.45742321926319,False,False,False,False,,
229,COPX,COPX,AMEX:COPX,US,Global X Copper Miners ETF,8.12,Natural Resources,Long,3040092.2,,https://www.tradingview.com/chart/?symbol=AMEX%3ACOPX,False,,-49.45821644070417,-49.45821644070417,84.19000244140625,69.05999755859375,75.52639791870118,0.5521899284758225,38.30379738666323,61.57231775174747,False,False,False,False,,
230,FVD,FVD,AMEX:FVD,US,First Trust Value Line Dividend Index Fund,8.051,Mid-Cap Value,Long,488302.35,,https://www.tradingview.com/chart/?symbol=AMEX%3AFVD,True,2026-09-16 09:30,-68.41552854288513,-57.931710232695686,48.72999954223633,46.36000061035156,47.46802053833008,0.5047921375793611,44.704708934943675,70.28343812252612,False,False,False,False,,
231,FDL,FDL,AMEX:FDL,US,First Trust Morningstar Dividend Leaders Index Fund,8.04,Large Value,Long,582114.8,,https://www.tradingview.com/chart/?symbol=AMEX%3AFDL,False,,-47.665001533858764,-33.08292570064699,51.650001525878906,48.650001525878906,49.785160949707034,0.6237009402718032,65.36796493403591,74.21120931420951,False,False,False,False,,
232,VIS,VIS,AMEX:VIS,US,Vanguard Industrials ETF,8.023,Industrials,Long,95321.0,,https://www.tradingview.com/chart/?symbol=AMEX%3AVIS,True,2026-09-16 09:30,-60.4403638659609,-59.84017030101655,323.94000244140625,301.8299865722656,315.6855517578125,0.37659696123837594,-13.149821605390619,65.18325211664451,False,False,False,False,,
233,DIVO,DIVO,AMEX:DIVO,US,Amplify CWP Enhanced Dividend Income ETF,7.948,Derivative Income,Long,763237.55,,https://www.tradingview.com/chart/?symbol=AMEX%3ADIVO,False,,-59.778955237285764,-59.778955237285764,47.060001373291016,44.02000045776367,45.15280027770996,0.6333336247338652,70.80981025853178,66.9494009541395,False,False,False,False,,
234,PPA,PPA,AMEX:PPA,US,Invesco Aerospace & Defense ETF,7.89,Industrials,Long,194455.65,,https://www.tradingview.com/chart/?symbol=AMEX%3APPA,True,2026-09-16 09:30,-59.32279249047607,-54.66323557292296,160.2100067138672,159.4949951171875,165.5236146850586,0.027990277859910626,-14.897575676030982,54.51491738699266,False,True,False,False,,
235,FTCS,FTCS,AMEX:FTCS,US,First Trust Capital Strength ETF,7.854,Large Blend,Long,309918.65,,https://www.tradingview.com/chart/?symbol=AMEX%3AFTCS,False,,-68.12208619495686,-36.80959959683273,96.81900024414062,91.45999908447266,94.01894763183594,0.4942359138032696,51.88001850090922,64.09617065305186,False,False,False,False,,
236,VDC,VDC,AMEX:VDC,US,Vanguard Consumer Staples ETF,7.832,Consumer Defensive,Long,140908.8,,https://www.tradingview.com/chart/?symbol=AMEX%3AVDC,False,,-59.522715521373264,-23.86414884347833,225.07000732421875,220.86000061035156,224.50501873779297,0.2725806977454127,13.225765625131574,56.8351912604815,False,False,False,False,,
237,SPYD,SPYD,AMEX:SPYD,US,State Street SPDR Portfolio S&P 500 High Dividend ETF,7.601,Mid-Cap Value,Long,755859.35,,https://www.tradingview.com/chart/?symbol=AMEX%3ASPYD,False,,-73.52587198019512,-57.32805150398357,47.880001068115234,44.650001525878906,46.075440841674805,0.5347683928180079,41.31781078711961,78.21718537077763,False,False,False,False,,
238,HEFA,HEFA,AMEX:HEFA,US,iShares Currency Hedged MSCI EAFE ETF,7.596,Foreign Large Blend,Long,705220.0,,https://www.tradingview.com/chart/?symbol=AMEX%3AHEFA,False,,-51.17071363442481,-45.44766817839794,46.36000061035156,40.875,42.55272427368164,0.7715571410326993,44.96106257257728,74.4097919350757,False,False,False,False,,
239,FBCG,FBCG,AMEX:FBCG,US,Fidelity Blue Chip Growth ETF,7.435,Large Growth,Long,236270.95,,https://www.tradingview.com/chart/?symbol=AMEX%3AFBCG,False,,-48.01056086227533,-48.01056086227533,60.68000030517578,47.86000061035156,51.699719818115234,0.7879534320793833,25.883376141271906,62.15565301807828,False,False,False,False,,
240,XMMO,XMMO,AMEX:XMMO,US,Invesco S&P MidCap Momentum ETF,7.384,Mid-Cap Blend,Long,309466.1,,https://www.tradingview.com/chart/?symbol=AMEX%3AXMMO,True,2026-09-16 09:30,-62.78945576676941,-62.78945576676941,146.25,139.14999389648438,147.33683447265625,0.2046700952387655,-36.64303448545524,63.14307886518293,False,True,False,False,,
241,GUNR,GUNR,AMEX:GUNR,US,Northern Trust Morningstar Global Upstream Natural Resources ETF,7.355,Natural Resources,Long,314991.5,,https://www.tradingview.com/chart/?symbol=AMEX%3AGUNR,False,,-35.49615725991259,-35.49615725991259,55.290000915527344,48.869998931884766,50.93735943603516,0.7328767600512458,47.69603631493067,64.90954844789984,False,False,False,False,,
242,DXJ,DXJ,AMEX:DXJ,US,WisdomTree Japan Hedged Equity Fund,7.278,Japan Stock,Long,263773.65,,https://www.tradingview.com/chart/?symbol=AMEX%3ADXJ,False,,-33.23786650021931,4.542499231190814,178.08999633789062,151.58999633789062,158.98741662597655,0.8454298602003869,48.498061389042086,75.1500851957391,False,False,False,False,,
243,SPLV,SPLV,AMEX:SPLV,US,Invesco S&P 500 Low Volatility ETF,7.185,Large Value,Long,1887236.45,,https://www.tradingview.com/chart/?symbol=AMEX%3ASPLV,False,,-65.53143987437848,-65.53143987437848,72.94000244140625,71.31500244140625,72.92098251342773,0.23879499296481285,2.0792543416992904,60.76896781738378,False,False,False,False,,
244,SPXL,SPXL,AMEX:SPXL,US,Direxion Daily S&P 500 Bull 3X ETF,7.175,Trading--Leveraged Equity,3X Long,1337932.15,,https://www.tradingview.com/chart/?symbol=AMEX%3ASPXL,False,,-52.660348470166134,-52.660348470166134,271.57000732421875,170.32000732421875,201.25960876464845,0.7723111768587846,42.49504309845978,67.55942329727178,False,False,False,False,,
245,DFLV,DFLV,AMEX:DFLV,US,Dimensional US Large Cap Value ETF,7.163,Large Value,Long,553223.9,,https://www.tradingview.com/chart/?symbol=AMEX%3ADFLV,False,,-51.478039805588914,-51.478039805588914,41.040000915527344,35.064998626708984,36.75593884277344,0.8339150768103705,59.79009858095127,81.20879795307532,False,False,False,False,,
246,ESGE,ESGE,AMEX:ESGE,US,iShares ESG Aware MSCI EM ETF,7.053,Diversified Emerging Mkts,Long,635286.55,,https://www.tradingview.com/chart/?symbol=AMEX%3AESGE,False,,-35.064592795460264,-35.064592795460264,53.334999084472656,43.75,46.85811956787109,0.7277904644720423,38.48612803087817,74.52831567704207,False,False,False,False,,
247,JAVA,JAVA,AMEX:JAVA,US,JPMorgan Active Value ETF,7.051,Large Value,Long,345117.55,,https://www.tradingview.com/chart/?symbol=AMEX%3AJAVA,False,,-53.566563365028124,-53.566563365028124,80.77999877929688,70.26000213623047,73.47432098388671,0.7723935693479722,51.537746484847965,76.21275869923825,False,False,False,False,,
248,BBAX,BBAX,AMEX:BBAX,US,JPMorgan BetaBuilders Developed Asia Pacific ex-Japan ETF,6.953,Pacific/Asia ex-Japan Stk,Long,50108.15,,https://www.tradingview.com/chart/?symbol=AMEX%3ABBAX,False,,-59.60151715518756,-59.60151715518756,62.52000045776367,58.05500030517578,59.88046044921875,0.5772462573063653,54.70092806375224,67.85162218640478,False,False,False,False,,
249,VSGX,VSGX,AMEX:VSGX,US,Vanguard ESG International Stock ETF,6.95,Foreign Large Blend,Long,141581.25,,https://www.tradingview.com/chart/?symbol=AMEX%3AVSGX,True,2026-09-16 09:30,-54.41389814344907,-54.41389814344907,81.33999633789062,69.20500183105469,72.7910217590332,0.7986176209644419,45.70367017553522,73.19866108623211,False,False,False,False,,
250,SHLD,SHLD,AMEX:SHLD,US,Global X Defense Tech ETF,6.934,Industrials,Long,723747.8,,https://www.tradingview.com/chart/?symbol=AMEX%3ASHLD,False,,-57.110289317725055,-12.242137866356446,62.665000915527344,58.22999954223633,62.896899002075195,0.22427316746455417,-7.378016898601612,,False,True,False,False,,
251,EWC,EWC,AMEX:EWC,US,iShares MSCI Canada ETF,6.931,Focused Region,Long,1807889.2,,https://www.tradingview.com/chart/?symbol=AMEX%3AEWC,False,,-52.06115900150903,-52.06115900150903,59.849998474121094,53.220001220703125,55.44312078857422,0.703821501290194,62.89103938543864,69.59728441523227,False,False,False,False,,
252,FNGU,FNGU,AMEX:FNGU,US,MicroSectors FANG+ 3 Leveraged ETNs,6.867,Trading--Leveraged Equity,3X Long,3590625.1,,https://www.tradingview.com/chart/?symbol=AMEX%3AFNGU,False,,-29.69533562064417,-29.69533562064417,31.389999389648438,13.729999542236328,19.091919830322265,0.7772886839160821,46.334890848004555,,False,False,False,False,,
253,BLCR,BLCR,AMEX:BLCR,US,iShares Large Cap Core Active ETF,6.844,Large Blend,Long,388658.6,,https://www.tradingview.com/chart/?symbol=AMEX%3ABLCR,True,2026-09-16 09:30,-55.62706336995686,-55.62706336995686,48.369998931884766,39.68000030517578,42.31848037719727,0.7772807146244843,15.377220885396989,,False,False,False,False,,
254,KBWB,KBWB,AMEX:KBWB,US,Invesco KBW Bank ETF,6.838,Financial,Long,1208117.9,,https://www.tradingview.com/chart/?symbol=AMEX%3AKBWB,False,,-58.119019990110075,-58.119019990110075,91.9800033569336,75.83000183105469,81.52468118286133,0.6692914780001182,37.21937866605173,70.78119324218882,False,False,False,False,,
255,THRO,THRO,AMEX:THRO,US,iShares U.S. Thematic Rotation Active ETF,6.821,Large Blend,Long,513976.35,,https://www.tradingview.com/chart/?symbol=AMEX%3ATHRO,False,,-41.29711457458398,-41.29711457458398,43.27000045776367,35.11000061035156,37.31896075439453,0.8717947986443154,46.45085561393335,67.73974135033238,False,False,False,False,,
256,BBIN,BBIN,AMEX:BBIN,US,JPMorgan BetaBuilders International Equity ETF,6.817,Foreign Large Blend,Long,209864.7,,https://www.tradingview.com/chart/?symbol=AMEX%3ABBIN,True,2026-09-16 09:30,-55.75578056249668,-55.75578056249668,78.94999694824219,70.68000030517578,73.27836080932617,0.7511348808782187,54.563239748342745,69.32934546348856,False,False,False,False,,
257,CGXU,CGXU,AMEX:CGXU,US,Capital Group International Focus Equity ETF,6.797,Foreign Large Growth,Long,987328.55,,https://www.tradingview.com/chart/?symbol=AMEX%3ACGXU,False,,-39.02177225760409,-39.02177225760409,34.2599983215332,28.280000686645508,30.147940452575682,0.7555272753298461,44.161108102986056,72.91403101942295,False,False,False,False,,
258,VOOV,VOOV,AMEX:VOOV,US,Vanguard S&P 500 Value ETF,6.797,Large Value,Long,62696.45,,https://www.tradingview.com/chart/?symbol=AMEX%3AVOOV,False,,-43.98483318040774,-43.98483318040774,224.22999572753906,200.4250030517578,207.5179813232422,0.7920478614843802,53.74717575078626,71.98032446186524,False,False,False,False,,
259,INDA,INDA,AMEX:INDA,US,iShares MSCI India ETF,6.663,India Equity,Long,3914945.05,,https://www.tradingview.com/chart/?symbol=AMEX%3AINDA,False,,-66.53068931398695,-66.53068931398695,47.46500015258789,45.400001525878906,46.80302145385742,0.3473505017177368,7.006830811417321,-44.83866615911703,False,False,False,False,,
260,VDY,VDY.TO,TSX:VDY,TSX,Vanguard FTSE Canadian High Dividend Yield Index ETF,6.658,High Dividend Yield,Long,202540.4,,https://www.tradingview.com/chart/?symbol=TSX%3AVDY,False,,-21.91855138734925,5.321261217841649,76.8499984741211,65.30000305175781,68.53556283569336,0.8424504882311991,35.05855428197135,81.71775082816639,False,False,False,False,,
261,URA,URA,AMEX:URA,US,Global X Uranium ETF,6.635,Natural Resources,Long,3250506.7,,https://www.tradingview.com/chart/?symbol=AMEX%3AURA,False,,-54.642358964400096,-54.642358964400096,41.35499954223633,37.51499938964844,42.400199569702146,0.18550724691097067,-9.387695269375037,21.342122227160818,False,True,False,False,,
262,JGLO,JGLO,AMEX:JGLO,US,JPMorgan Global Select Equity ETF Global Select Equity ETF,6.626,Global Large-Stock Blend,Long,167736.75,,https://www.tradingview.com/chart/?symbol=AMEX%3AJGLO,True,2026-09-16 09:30,-63.18845899345332,-63.18845899345332,71.43000030517578,63.349998474121094,66.01443869018554,0.7156776949364206,50.312832727866045,,False,False,False,False,,
263,ARKK,ARKK,AMEX:ARKK,US,ARK Innovation ETF,6.6,Mid-Cap Growth,Long,4728227.5,,https://www.tradingview.com/chart/?symbol=AMEX%3AARKK,False,,-32.16804030668215,-32.16804030668215,83.12999725341797,63.53499984741211,69.18837937927246,0.8179920279110697,43.62953197962967,38.57757549086648,False,False,False,False,,
264,DIHP,DIHP,AMEX:DIHP,US,Dimensional International High Profitability ETF,6.575,Foreign Large Blend,Long,335570.5,,https://www.tradingview.com/chart/?symbol=AMEX%3ADIHP,True,2026-09-16 09:30,-60.62013686552896,-58.44133098029223,34.220001220703125,31.315000534057617,32.389980155944826,0.637761077595827,51.89897393704569,68.36388930467211,False,False,False,False,,
265,FESM,FESM,AMEX:FESM,US,Fidelity Enhanced Small Cap Core ETF,6.505,Small Blend,Long,820220.4,,https://www.tradingview.com/chart/?symbol=AMEX%3AFESM,True,2026-09-16 09:30,-64.99251818929788,-64.20504590835388,45.83000183105469,36.779998779296875,39.63559931945801,0.747933995030806,24.01278174945601,,False,False,False,False,,
266,DLN,DLN,AMEX:DLN,US,WisdomTree U.S. LargeCap Dividend Fund,6.364,Large Value,Long,99066.75,,https://www.tradingview.com/chart/?symbol=AMEX%3ADLN,False,,-58.68197288869527,-58.68197288869527,98.3499984741211,87.66000366210938,90.94512322998047,0.7679594984330143,55.053887180034174,72.86573711008678,False,False,False,False,,
267,MCHI,MCHI,AMEX:MCHI,US,iShares MSCI China ETF,6.321,Greater China Region,Long,1795401.75,,https://www.tradingview.com/chart/?symbol=AMEX%3AMCHI,False,,-67.90340554176484,-59.43262441743011,52.314998626708984,50.439998626708984,52.64423866271973,0.2007494613884436,-10.084531680133226,-9.399271886236214,False,True,False,False,,
268,GSIE,GSIE,AMEX:GSIE,US,Goldman Sachs ActiveBeta International Equity ETF,6.133,Foreign Large Blend,Long,399971.2,,https://www.tradingview.com/chart/?symbol=AMEX%3AGSIE,False,,-52.70543417192689,-52.70543417192689,46.845001220703125,41.72999954223633,43.32181929016113,0.7583398796829022,59.81884089304063,69.70863660750499,False,False,False,False,,
269,RECS,RECS,AMEX:RECS,US,Columbia Research Enhanced Core ETF,6.094,Large Blend,Long,448800.55,,https://www.tradingview.com/chart/?symbol=AMEX%3ARECS,False,,-27.747082940219894,-27.747082940219894,44.79999923706055,37.95989990234375,39.824323669433596,0.8658243214271228,56.45020429108186,66.43590296847054,False,False,False,False,,
270,JHMM,JHMM,AMEX:JHMM,US,John Hancock Multifactor Mid Cap ETF,6.049,Mid-Cap Blend,Long,183257.05,,https://www.tradingview.com/chart/?symbol=AMEX%3AJHMM,True,2026-09-16 09:30,-62.34810782456981,-62.34810782456981,72.46499633789062,65.3499984741211,68.18199847412109,0.5929164886474609,29.20759253255778,70.53013483297393,False,False,False,False,,
271,DFIS,DFIS,AMEX:DFIS,US,Dimensional International Small Cap ETF,6.046,Foreign Small/Mid Blend,Long,352333.0,,https://www.tradingview.com/chart/?symbol=AMEX%3ADFIS,True,2026-09-16 09:30,-57.592737005309345,-52.575896251376555,36.70000076293945,32.42499923706055,33.710019165039064,0.7851242911808678,62.37058021907044,67.1334057764827,False,False,False,False,,
272,TECL,TECL,AMEX:TECL,US,Direxion Daily Technology Bull 3X ETF,5.929,Trading--Leveraged Equity,3X Long,479145.05,,https://www.tradingview.com/chart/?symbol=AMEX%3ATECL,False,,-27.035729576435482,-27.035729576435482,193.9600067138672,76.7300033569336,123.13704141235351,0.5961656238262152,16.813927142366207,67.86569740200947,False,False,False,False,,
273,LVHI,LVHI,AMEX:LVHI,US,Franklin International Low Volatility High Dividend Index ETF,5.92,Foreign Large Value,Long,882171.6,,https://www.tradingview.com/chart/?symbol=AMEX%3ALVHI,False,,-56.94496932955301,-14.606232887001203,42.400001525878906,38.83000183105469,39.86368118286133,0.8150689345839974,63.45385342039723,73.9959703235046,False,False,False,False,,
274,SCHK,SCHK,AMEX:SCHK,US,Schwab 1000 Index ETF,5.885,Large Blend,Long,1642150.85,,https://www.tradingview.com/chart/?symbol=AMEX%3ASCHK,False,,-50.79534964001767,-50.79534964001767,36.31999969482422,30.43000030517578,32.112680557250975,0.8260867471658623,47.4640436529028,69.04766683075057,False,False,False,False,,
275,FEQT,FEQT.NE,NEO:FEQT,NEO,Fidelity All-in-One Equity ETF,5.856,Total Market,Long,362368.1,,https://www.tradingview.com/chart/?symbol=NEO%3AFEQT,False,,-42.14910121756315,-42.14910121756315,18.940000534057617,16.329999923706055,17.05451985168457,0.8501631497722365,46.83406094778163,70.98503817044237,False,False,False,False,,
276,RSPT,RSPT,AMEX:RSPT,US,Invesco S&P 500 Equal Weight Technology ETF,5.854,Technology,Long,413167.75,,https://www.tradingview.com/chart/?symbol=AMEX%3ARSPT,False,,-11.55155187889718,-11.55155187889718,63.525001525878906,43.529998779296875,49.18219985961914,0.8348642557359816,43.71430791575553,83.58044947197726,False,False,False,False,,
277,BKLC,BKLC,AMEX:BKLC,US,BNY Mellon US Large Cap Core Equity ETF,5.825,Large Blend,Long,398203.8,,https://www.tradingview.com/chart/?symbol=AMEX%3ABKLC,False,,-49.086114325164864,-49.086114325164864,48.209999084472656,40.4033317565918,42.60442535400391,0.8370264179342558,48.48229598140218,67.32201926928576,False,False,False,False,,
278,SCHC,SCHC,AMEX:SCHC,US,Schwab International Small-Cap Equity ETF,5.773,Foreign Small/Mid Blend,Long,283419.6,,https://www.tradingview.com/chart/?symbol=AMEX%3ASCHC,True,2026-09-16 09:30,-58.58538857536224,-56.05675880002781,49.970001220703125,45.13999938964844,46.73535989379883,0.7144970864976689,34.680531070309954,60.79367409639769,False,False,False,False,,
279,VOX,VOX,AMEX:VOX,US,Vanguard Communication Services ETF,5.755,Communications,Long,225151.9,,https://www.tradingview.com/chart/?symbol=AMEX%3AVOX,False,,52.821554998614204,67.67817802660554,192.5,172.86000061035156,179.11635931396484,0.7408526389767457,11.151674603122528,36.811328105579996,False,False,False,False,,
280,CGDG,CGDG,AMEX:CGDG,US,Capital Group Dividend Growers ETF,5.706,Global Large-Stock Blend,Long,559157.75,,https://www.tradingview.com/chart/?symbol=AMEX%3ACGDG,True,2026-09-16 09:30,-69.15285071584746,-69.15285071584746,37.724998474121094,35.0,35.95933967590332,0.6703565546656156,49.293638111552866,,False,False,False,False,,
281,GPIQ,GPIQ,AMEX:GPIQ,US,Goldman Sachs Nasdaq-100 Premium Income ETF,5.704,Derivative Income,Long,1370799.7,,https://www.tradingview.com/chart/?symbol=AMEX%3AGPIQ,False,,-45.08783322541928,-45.08783322541928,55.70000076293945,47.95000076293945,50.68642015075684,0.6683916976113969,24.49242599793026,,False,False,False,False,,
282,GPIX,GPIX,AMEX:GPIX,US,Goldman Sachs S&P 500 Premium Income ETF,5.688,Derivative Income,Long,1102839.65,,https://www.tradingview.com/chart/?symbol=AMEX%3AGPIX,False,,-49.441795795775874,-49.441795795775874,55.04999923706055,48.66999816894531,50.555638565063475,0.7984980885935802,50.781137831496096,,False,False,False,False,,
283,FELG,FELG,AMEX:FELG,US,Fidelity Enhanced Large Cap Growth ETF,5.687,Large Growth,Long,388217.85,,https://www.tradingview.com/chart/?symbol=AMEX%3AFELG,False,,-41.675690051987324,-41.675690051987324,43.5,36.119998931884766,38.328959075927735,0.7884616011620154,30.064917883315463,,False,False,False,False,,
284,XAR,XAR,AMEX:XAR,US,State Street SPDR S&P Aerospace & Defense ETF,5.687,Industrials,Long,212934.25,,https://www.tradingview.com/chart/?symbol=AMEX%3AXAR,True,2026-09-16 09:30,-64.2532028190905,-60.742885010536206,242.1999969482422,241.375,254.43170288085938,0.014911825869192284,-23.506276873278676,54.466018938130894,False,True,False,False,,
285,XMHQ,XMHQ,AMEX:XMHQ,US,Invesco S&P MidCap Quality ETF,5.606,Mid-Cap Blend,Long,151243.3,,https://www.tradingview.com/chart/?symbol=AMEX%3AXMHQ,False,,-63.968297952943196,-45.413153609262224,114.02999877929688,100.26000213623047,104.89740249633789,0.7007631335260418,53.23606103383029,70.82858450396084,False,False,False,False,,
286,UPRO,UPRO,AMEX:UPRO,US,ProShares UltraPro S&P500,5.569,Trading--Leveraged Equity,3X Long,1720095.9,,https://www.tradingview.com/chart/?symbol=AMEX%3AUPRO,False,,-52.52590208142745,-52.52590208142745,142.1199951171875,89.33999633789062,105.46351806640625,0.7725408829191811,42.07630214227523,67.30923575606847,False,False,False,False,,
287,QTUM,QTUM,AMEX:QTUM,US,Defiance Quantum ETF,5.548,Technology,Long,314410.2,,https://www.tradingview.com/chart/?symbol=AMEX%3AQTUM,False,,-48.11086993919497,-47.024641611341366,143.27000427246094,102.16000366210938,117.88114135742188,0.6171283740448223,0.8957187468644356,77.71161282862887,False,False,False,False,,
288,DSI,DSI,AMEX:DSI,US,iShares ESG MSCI KLD 400 ETF,5.522,Large Blend,Long,105283.95,,https://www.tradingview.com/chart/?symbol=AMEX%3ADSI,True,2026-09-16 09:30,-55.74672545715708,-55.74672545715708,143.42999267578125,117.54000091552734,124.91264041137696,0.8287449913778555,50.01538477235684,68.07269730859024,False,False,False,False,,
289,EFAV,EFAV,AMEX:EFAV,US,iShares MSCI EAFE Min Vol Factor ETF,5.47,Foreign Large Blend,Long,334039.95,,https://www.tradingview.com/chart/?symbol=AMEX%3AEFAV,False,,-19.9594544561802,-9.272281483343008,93.36000061035156,86.88999938964844,88.86767874145508,0.77207677103524,56.29402389955387,63.52167672452995,False,False,False,False,,
290,DISV,DISV,AMEX:DISV,US,Dimensional International Small Cap Value ETF,5.405,Foreign Small/Mid Value,Long,279168.35,,https://www.tradingview.com/chart/?symbol=AMEX%3ADISV,False,,-49.309648600976125,-43.89851247061595,43.96500015258789,37.650001525878906,39.38578141784668,0.8585994588367948,70.73795102406145,69.44558904401165,False,False,False,False,,
291,SIL,SIL,AMEX:SIL,US,Global X Silver Miners ETF,5.311,Equity Precious Metals,Long,1320416.9,,https://www.tradingview.com/chart/?symbol=AMEX%3ASIL,True,2026-09-16 09:30,-61.585359166328054,-61.585359166328054,90.83999633789062,71.37999725341797,79.78395739746094,0.5464756739941133,24.230653974128984,48.05344716161937,False,False,False,False,,
292,FDN,FDN,AMEX:FDN,US,First Trust Dow Jones Internet Index Fund,5.264,Technology,Long,159714.05,,https://www.tradingview.com/chart/?symbol=AMEX%3AFDN,False,,-14.843833449257483,14.369724193361888,288.70001220703125,226.0800018310547,242.41356341552734,0.9047826080246539,55.42748943550176,37.338546523742515,False,False,False,False,,
293,GNR,GNR,AMEX:GNR,US,State Street SPDR S&P Global Natural Resources ETF,5.252,Natural Resources,Long,305858.65,,https://www.tradingview.com/chart/?symbol=AMEX%3AGNR,False,,-27.980876614517868,-27.980876614517868,77.0999984741211,66.75499725341797,69.86429797363282,0.7851991517620857,52.33817838663645,69.10407612369343,False,False,False,False,,
294,AKRE,AKRE,AMEX:AKRE,US,Akre Focus ETF,5.2,Large Growth,Long,390993.2,,https://www.tradingview.com/chart/?symbol=AMEX%3AAKRE,False,,-59.07592538826765,-42.407650406889225,56.18000030517578,51.31999969482422,53.840479766845704,0.45505622392129436,52.49059763306186,,False,False,False,False,,
295,QLTY,QLTY,AMEX:QLTY,US,GMO US Quality ETF,5.136,Large Blend,Long,390882.8,,https://www.tradingview.com/chart/?symbol=AMEX%3AQLTY,False,,-38.97881557765994,-27.437087649969538,42.28499984741211,35.290000915527344,37.2157608795166,0.8572302772901624,52.526245853766305,,False,False,False,False,,
296,SLYV,SLYV,AMEX:SLYV,US,State Street SPDR S&P 600 Small Cap Value ETF,5.032,Small Value,Long,157131.4,,https://www.tradingview.com/chart/?symbol=AMEX%3ASLYV,False,,-59.55920481713952,-57.393941855546764,105.97000122070312,91.83999633789062,96.64967749023438,0.6933268644468803,30.3075419344861,71.83062118849323,False,False,False,False,,
297,KWEB,KWEB,AMEX:KWEB,US,KraneShares CSI China Internet ETF,5.028,Greater China Region,Long,16810167.8,,https://www.tradingview.com/chart/?symbol=AMEX%3AKWEB,False,,-65.26157395839672,-56.727665750955914,24.239999771118164,23.645000457763672,25.490520385742187,0.07608687168470112,-33.544858301329704,-35.16803628676096,False,True,False,False,,
298,SLYG,SLYG,AMEX:SLYG,US,State Street SPDR S&P 600 Small Cap Growth ETF,5.02,Small Growth,Long,107225.45,,https://www.tradingview.com/chart/?symbol=AMEX%3ASLYG,True,2026-09-16 09:30,-73.37611454794971,-70.97192401228148,109.17500305175781,93.37999725341797,99.54549725341796,0.6045935233814295,11.208907636231755,77.03799727501962,False,False,False,False,,
299,AIA,AIA,AMEX:AIA,US,iShares Asia 50 ETF,5.007,Pacific/Asia ex-Japan Stk,Long,478582.25,,https://www.tradingview.com/chart/?symbol=AMEX%3AAIA,False,,-31.088281099903487,-31.088281099903487,137.10499572753906,101.98999786376953,113.43599966430664,0.7240204606171503,39.120074200976006,81.01895894443989,False,False,False,False,,
300,REET,REET,AMEX:REET,US,iShares Global REIT ETF,4.933,Global Real Estate,Long,3139593.25,,https://www.tradingview.com/chart/?symbol=AMEX%3AREET,True,2026-09-16 09:30,-76.54115726465578,-76.29713599151819,26.354999542236328,24.709999084472656,25.72692308807373,0.38175921372441135,-3.5525837425068403,74.05869314661477,False,False,False,False,,
301,XME,XME,AMEX:XME,US,State Street SPDR S&P Metals & Mining ETF,4.871,Natural Resources,Long,1860237.4,,https://www.tradingview.com/chart/?symbol=AMEX%3AXME,True,2026-09-16 09:30,-65.23435917224982,-64.38332506507719,108.7699966430664,97.22000122070312,105.62160266113281,0.3244380180379429,11.94030120360756,48.984008944696804,False,False,False,False,,
302,TTP,TTP.TO,TSX:TTP,TSX,TD Canadian Equity Index ETF,4.816,Total Market,Long,70540.6,,https://www.tradingview.com/chart/?symbol=TSX%3ATTP,False,,-50.65636962011458,-46.078634354124574,40.959999084472656,36.02000045776367,37.56108016967774,0.7565083537796472,55.01578824725224,70.99193133567235,False,False,False,False,,
303,OMFL,OMFL,AMEX:OMFL,US,Invesco Russell 1000 Dynamic Multifactor ETF,4.789,Large Blend,Long,108793.55,,https://www.tradingview.com/chart/?symbol=AMEX%3AOMFL,False,,-47.01812086977244,-41.67101502777867,69.13999938964844,58.61000061035156,61.63316003417969,0.8220141128936197,45.455505107444196,77.07502341304844,False,False,False,False,,
304,HELO,HELO,AMEX:HELO,US,JPMorgan Hedged Equity Laddered Overlay ETF,4.785,Equity Hedged,Long,288807.85,,https://www.tradingview.com/chart/?symbol=AMEX%3AHELO,False,,-57.37897391783083,-57.37897391783083,68.5199966430664,63.29999923706055,64.91896028137207,0.7609320756332755,56.893325837674006,,False,False,False,False,,
305,EAGL,EAGL,AMEX:EAGL,US,Eagle Capital Select Equity ETF,4.725,Large Blend,Long,206743.3,,https://www.tradingview.com/chart/?symbol=AMEX%3AEAGL,False,,-53.553066783521615,-50.142650962120435,34.369998931884766,29.315000534057617,30.956380516052246,0.7268150184441026,64.2657556359333,,False,False,False,False,,
306,IVLU,IVLU,AMEX:IVLU,US,iShares MSCI Intl Value Factor ETF,4.675,Foreign Large Value,Long,685618.8,,https://www.tradingview.com/chart/?symbol=AMEX%3AIVLU,False,,-34.18687791538917,-34.18687791538917,43.88999938964844,37.939998626708984,39.62031927490234,0.835673942091632,65.62257834814586,71.99200432607036,False,False,False,False,,
307,QTEC,QTEC,AMEX:QTEC,US,First Trust NASDAQ-100 Technology Sector Index Fund,4.669,Technology,Long,119722.85,,https://www.tradingview.com/chart/?symbol=AMEX%3AQTEC,True,2026-09-16 09:30,-57.045955911226486,-57.045955911226486,303.6400146484375,207.05499267578125,237.39161584472657,0.7513712076194582,17.908987148275983,78.05168085213174,False,False,False,False,,
308,TPU,TPU.TO,TSX:TPU,TSX,TD U.S. Equity Index ETF,4.564,US Equity,Long,51337.7,,https://www.tradingview.com/chart/?symbol=TSX%3ATPU,False,,-23.371497069218254,-15.676269629303341,60.31999969482422,50.22999954223633,53.02660008239746,0.8514766416635039,35.13907873962242,71.4865905486591,False,False,False,False,,
309,USRT,USRT,AMEX:USRT,US,iShares Core U.S. REIT ETF,4.563,Real Estate,Long,478535.55,,https://www.tradingview.com/chart/?symbol=AMEX%3AUSRT,True,2026-09-16 09:30,-72.66958622042138,-72.66958622042138,63.14500045776367,58.16999816894531,60.93945831298828,0.42394563528440377,-4.227111376450243,81.37471098053355,False,False,False,False,,
310,TSPA,TSPA,AMEX:TSPA,US,T. Rowe Price U.S. Equity Research ETF,4.541,Large Blend,Long,331346.05,,https://www.tradingview.com/chart/?symbol=AMEX%3ATSPA,False,,-48.88665089962526,-48.88665089962526,47.54999923706055,39.70000076293945,41.89952069091797,0.8422745419702666,46.00378193440583,69.1580557151283,False,False,False,False,,
311,GRNY,GRNY,AMEX:GRNY,US,Fundstrat Granny Shots US Large Cap ETF,4.539,Large Growth,Long,1213087.2,,https://www.tradingview.com/chart/?symbol=AMEX%3AGRNY,False,,-52.26844980650588,-52.26844980650588,27.174999237060547,23.184999465942383,24.402759429931642,0.7732557924627198,38.60126660481919,,False,False,False,False,,
312,XDIV,XDIV.TO,TSX:XDIV,TSX,iShares Core MSCI Canadian Quality Dividend Index ETF,4.521,High Dividend Yield,Long,158284.45,,https://www.tradingview.com/chart/?symbol=TSX%3AXDIV,False,,-12.531507198771783,28.384776363456734,46.189998626708984,38.040000915527344,40.10028080749512,0.9335622151812724,51.11018476137207,82.79121675643592,False,False,False,False,,
313,FEZ,FEZ,AMEX:FEZ,US,State Street SPDR EURO STOXX 50 ETF,4.489,Europe Stock,Long,703533.55,,https://www.tradingview.com/chart/?symbol=AMEX%3AFEZ,True,2026-09-16 09:30,-71.65503006742102,-70.40238113302473,68.27999877929688,59.79999923706055,62.705159561157224,0.6888707226820758,47.5564477945498,67.46786549206762,False,False,False,False,,
314,JTEK,JTEK,AMEX:JTEK,US,JPMorgan U.S. Tech Leaders ETF,4.474,Technology,Long,243777.65,,https://www.tradingview.com/chart/?symbol=AMEX%3AJTEK,False,,-14.004339161798598,-14.004339161798598,99.4800033569336,75.83999633789062,84.24867749023437,0.6634859326232266,-1.2584177761555555,,False,False,False,False,,
315,TDIV,TDIV,AMEX:TDIV,US,First Trust NASDAQ Technology Dividend Index Fund,4.437,Technology,Long,134281.75,,https://www.tradingview.com/chart/?symbol=AMEX%3ATDIV,False,,-26.73457362645677,-26.73457362645677,113.30000305175781,90.77999877929688,99.65831762695312,0.5986179477777814,27.4413441993441,69.07786799845717,False,False,False,False,,
316,IDMO,IDMO,AMEX:IDMO,US,Invesco S&P International Developed Momentum ETF,4.404,Foreign Large Blend,Long,301666.0,,https://www.tradingview.com/chart/?symbol=AMEX%3AIDMO,False,,-48.992907569689,-48.992907569689,61.45500183105469,52.94499969482422,55.473739730834964,0.7942139071435412,60.69713916296616,67.03378393897705,False,False,False,False,,
317,IYR,IYR,AMEX:IYR,US,iShares U.S. Real Estate ETF,4.403,Real Estate,Long,4573164.2,,https://www.tradingview.com/chart/?symbol=AMEX%3AIYR,True,2026-09-16 09:30,-70.64273920056739,-70.52796827685621,98.66000366210938,92.61000061035156,96.21136111450195,0.3964614813122357,-3.112435572793905,74.38627001696764,False,False,False,False,,
318,IYF,IYF,AMEX:IYF,US,iShares U.S. Financials ETF,4.374,Financial,Long,353526.3,,https://www.tradingview.com/chart/?symbol=AMEX%3AIYF,False,,-64.14105033011441,-64.14105033011441,131.67999267578125,113.94999694824219,119.84055853271484,0.7103361762194037,52.964637806396105,58.38470565619105,False,False,False,False,,
319,MAGS,MAGS,AMEX:MAGS,US,Roundhill Magnificent Seven ETF,4.361,Technology,Long,2665850.8,,https://www.tradingview.com/chart/?symbol=AMEX%3AMAGS,False,,36.12556907521549,36.12556907521549,69.51000213623047,55.36000061035156,59.02047814941406,0.912285439391793,40.03338995775593,50.610999228488716,False,False,False,False,,
320,IMTM,IMTM,AMEX:IMTM,US,iShares MSCI Intl Momentum Factor ETF,4.352,Foreign Large Blend,Long,280510.6,,https://www.tradingview.com/chart/?symbol=AMEX%3AIMTM,False,,-45.77404081912747,-45.77404081912747,52.65999984741211,46.275001525878906,48.25622073364258,0.7605718731057146,43.8251172505821,66.36874617580999,False,False,False,False,,
321,IDEF,IDEF,AMEX:IDEF,US,iShares Defense Industrials and Tech Active ETF,4.33,Industrials,Long,416427.9,,https://www.tradingview.com/chart/?symbol=AMEX%3AIDEF,False,,-55.862572149119394,-41.99988850548182,31.6200008392334,30.90999984741211,32.14425633239746,0.13575803417537877,-7.359600514470473,,False,True,False,False,,
322,EUFN,EUFN,AMEX:EUFN,US,iShares MSCI Europe Financials ETF,4.318,Europe Stock,Long,1451570.6,,https://www.tradingview.com/chart/?symbol=AMEX%3AEUFN,False,,-53.75360260489686,-53.75360260489686,41.27000045776367,33.11000061035156,35.45348068237305,0.8217522252400032,59.71637260577052,71.39324173507516,False,False,False,False,,
323,IXJ,IXJ,AMEX:IXJ,US,iShares Global Healthcare ETF,4.31,Health,Long,193496.85,,https://www.tradingview.com/chart/?symbol=AMEX%3AIXJ,False,,-57.29808819322958,-19.292340119996545,102.05000305175781,90.69619750976562,94.65481518554688,0.6768772150701181,57.32479853484701,54.80173198464198,False,False,False,False,,
324,FXI,FXI,AMEX:FXI,US,iShares China Large-Cap ETF,4.277,Greater China Region,Long,15487882.6,,https://www.tradingview.com/chart/?symbol=AMEX%3AFXI,False,,-48.863157266452596,-48.863157266452596,33.91999816894531,31.565000534057617,33.143840660095215,0.35201755558894443,2.8544176311095804,-9.409719940831538,False,False,False,False,,
325,VIOO,VIOO,AMEX:VIOO,US,Vanguard S&P Small-Cap 600 ETF,4.266,Small Blend,Long,78765.6,,https://www.tradingview.com/chart/?symbol=AMEX%3AVIOO,True,2026-09-16 09:30,-67.19478323460669,-65.77228394719653,129.7100067138672,111.19999694824219,117.86935925292968,0.6549895035117881,19.514211934699116,74.5737240131713,False,False,False,False,,
326,DEM,DEM,AMEX:DEM,US,WisdomTree Emerging Markets High Dividend Fund,4.257,Diversified Emerging Mkts,Long,186576.65,,https://www.tradingview.com/chart/?symbol=AMEX%3ADEM,False,,-33.87671987609921,-33.87671987609921,55.72999954223633,48.209999084472656,50.30803894042969,0.8458943727847721,64.58909936916835,76.97658342377933,False,False,False,False,,
327,IFRA,IFRA,AMEX:IFRA,US,iShares U.S. Infrastructure ETF,4.231,Infrastructure,Long,390719.7,,https://www.tradingview.com/chart/?symbol=AMEX%3AIFRA,True,2026-09-16 09:30,-68.1286549530849,-68.1286549530849,56.665000915527344,55.16999816894531,57.26567932128906,0.16835607258230806,-44.20402697996524,64.30019131412634,False,True,False,False,,"NEAR: 4h+band ok, weekly shallow"
328,SMLF,SMLF,AMEX:SMLF,US,iShares U.S. SmallCap Equity Factor ETF,4.227,Small Blend,Long,176907.45,,https://www.tradingview.com/chart/?symbol=AMEX%3ASMLF,True,2026-09-16 09:30,-64.39292279088706,-64.39292279088706,84.62999725341797,73.01499938964844,77.16978018188476,0.659755504062148,27.160521961026905,72.44292070421528,False,False,False,False,,
329,FLJP,FLJP,AMEX:FLJP,US,Franklin FTSE Japan ETF,4.19,Japan Stock,Long,850697.65,,https://www.tradingview.com/chart/?symbol=AMEX%3AFLJP,False,,6.375180297249325,6.375180297249325,41.33000183105469,34.75,36.451559783935544,0.9126217290686317,56.45218209207076,74.97942400853685,False,False,False,False,,
330,NLR,NLR,AMEX:NLR,US,VanEck Uranium and Nuclear ETF,4.183,Natural Resources,Long,331423.85,,https://www.tradingview.com/chart/?symbol=AMEX%3ANLR,False,,-54.97439033035496,-54.97439033035496,107.3499984741211,102.68499755859375,113.62123669433593,0.10066899620604701,-21.418827042024144,9.8919409353585,False,True,False,False,,
331,TPE,TPE.TO,TSX:TPE,TSX,TD International Equity Index ETF,4.182,Total Market,Long,32856.05,,https://www.tradingview.com/chart/?symbol=TSX%3ATPE,False,,-40.90845505864158,-39.1441195939986,30.579999923706055,26.639999389648438,27.79639974975586,0.8040814912503328,42.60853345838282,72.48412954194292,False,False,False,False,,
332,EMLP,EMLP,AMEX:EMLP,US,First Trust North American Energy Infrastructure Fund,4.181,Energy Limited Partnership,Long,216517.85,,https://www.tradingview.com/chart/?symbol=AMEX%3AEMLP,False,,-71.4699470523636,-71.4699470523636,43.08000183105469,42.525001525878906,43.090220733642575,0.23173322884711564,25.76690737091789,67.58390179180404,False,True,False,False,,
333,KRE,KRE,AMEX:KRE,US,State Street SPDR S&P Regional Banking ETF,4.176,Financial,Long,11545391.2,,https://www.tradingview.com/chart/?symbol=AMEX%3AKRE,False,,-19.299355753243365,-12.179684994845644,72.76000213623047,62.43000030517578,66.15880102539063,0.6537974579634929,22.188135663156448,72.65629136869778,False,False,False,False,,
334,NVDL,NVDL,AMEX:NVDL,US,GraniteShares 2x Long NVDA Daily ETF,4.09,Trading--Leveraged Equity,2X Long,15112620.45,,https://www.tradingview.com/chart/?symbol=AMEX%3ANVDL,False,,-53.31269614583505,-49.08813219847505,32.400001525878906,21.75666618347168,26.768126777648924,0.5012165801975109,31.15368521446902,43.76817282106159,False,False,False,False,,
335,ARTY,ARTY,AMEX:ARTY,US,iShares Future AI & Tech ETF,4.076,Technology,Long,473230.7,,https://www.tradingview.com/chart/?symbol=AMEX%3AARTY,False,,-43.20744153950765,-43.20744153950765,72.7300033569336,44.15999984741211,52.78816017150879,0.7814552088718837,37.22073531887079,82.83988347120389,False,False,False,False,,
336,IMCG,IMCG,AMEX:IMCG,US,iShares Morningstar Mid-Cap Growth ETF,4.075,Mid-Cap Growth,Long,156462.45,,https://www.tradingview.com/chart/?symbol=AMEX%3AIMCG,True,2026-09-16 09:30,-69.84527816514328,-69.84527816514328,93.25,76.06999969482422,81.8378402709961,0.7029459324467753,25.681551046771517,77.53478942509487,False,False,False,False,,
337,MSLC,MSLC,AMEX:MSLC,US,Morgan Stanley Pathway Large Cap Equity ETF,4.054,Large Blend,Long,61219.5,,https://www.tradingview.com/chart/?symbol=AMEX%3AMSLC,False,,-54.7242385307757,-54.7242385307757,59.35499954223633,50.38999938964844,53.02611985778809,0.8025961110585561,48.27834918447275,,False,False,False,False,,
338,DON,DON,AMEX:DON,US,WisdomTree U.S. MidCap Dividend Fund,4.052,Mid-Cap Value,Long,151923.95,,https://www.tradingview.com/chart/?symbol=AMEX%3ADON,False,,-59.07369366476083,-57.741512794692675,55.939998626708984,51.244998931884766,53.058659255981446,0.6109302349823312,39.30447282745131,71.96512220819336,False,False,False,False,,
339,XOP,XOP,AMEX:XOP,US,State Street SPDR S&P Oil & Gas Exploration & Production ETF,4.044,Equity Energy,Long,2537412.55,,https://www.tradingview.com/chart/?symbol=AMEX%3AXOP,False,,41.26340949299552,41.26340949299552,191.77000427246094,152.32000732421875,163.55360516357422,0.8287816078984124,60.417121315733006,74.03727285788288,False,False,False,False,,
340,MUU,MUU,AMEX:MUU,US,Direxion Daily MU Bull 2X ETF,4.028,Trading--Leveraged Equity,2X Long,26785422.9,,https://www.tradingview.com/chart/?symbol=AMEX%3AMUU,False,,-35.38624238823985,-35.38624238823985,28.24799919128418,5.478499889373779,18.758573915481566,0.4046364368667443,2.357744032345277,,False,False,False,False,,
341,XQQ,XQQ.TO,TSX:XQQ,TSX,iShares NASDAQ 100 Index ETF (CAD-Hedged),3.992,US Equity,Long,101792.35,,https://www.tradingview.com/chart/?symbol=TSX%3AXQQ,False,,-47.073954857760306,-47.073954857760306,70.2300033569336,56.31999969482422,60.68836019897461,0.7514857945306604,15.415478532992353,66.60341305566708,True,False,False,False,,
342,JIVE,JIVE,AMEX:JIVE,US,JPMorgan International Value ETF,3.987,Foreign Large Value,Long,300480.8,,https://www.tradingview.com/chart/?symbol=AMEX%3AJIVE,False,,-36.452953924823646,-36.452953924823646,97.33999633789062,82.5199966430664,86.66179736328125,0.8444442802156575,69.59951298357326,,False,False,False,False,,
343,ILF,ILF,AMEX:ILF,US,iShares Latin America 40 ETF,3.98,Focused Region,Long,3014460.35,,https://www.tradingview.com/chart/?symbol=AMEX%3AILF,False,,-39.3221763639613,-39.3221763639613,35.029998779296875,32.59000015258789,33.9057003326416,0.43766785520984935,33.632827323933974,59.87206730319527,False,False,False,False,,
344,IWX,IWX,AMEX:IWX,US,iShares Russell Top 200 Value ETF,3.975,Large Value,Long,288989.75,,https://www.tradingview.com/chart/?symbol=AMEX%3AIWX,False,,-33.878175696547196,-33.878175696547196,110.66999816894531,90.87000274658203,96.29092123413086,0.8619939463045919,58.6262368269826,83.03653655673138,False,False,False,False,,
345,CALF,CALF,AMEX:CALF,US,Pacer US Small Cap Cash Cows ETF,3.948,Small Value,Long,515325.15,,https://www.tradingview.com/chart/?symbol=AMEX%3ACALF,False,,-50.845884904913454,-7.826704795467627,56.012001037597656,44.029998779296875,47.31275874328613,0.8613948518863555,70.56813043197893,73.8050014773609,False,False,False,False,,
346,AAXJ,AAXJ,AMEX:AAXJ,US,iShares MSCI All Country Asia ex Japan ETF,3.942,Pacific/Asia ex-Japan Stk,Long,453746.6,,https://www.tradingview.com/chart/?symbol=AMEX%3AAAXJ,False,,-44.41858841657228,-44.41858841657228,113.77999877929688,92.91000366210938,100.3605235900879,0.6610704884045043,32.16760036631132,75.51222787668321,False,False,False,False,,
347,SMMD,SMMD,AMEX:SMMD,US,iShares Russell 2500 ETF,3.924,Small Blend,Long,159870.45,,https://www.tradingview.com/chart/?symbol=AMEX%3ASMMD,True,2026-09-16 09:30,-67.06001640927168,-67.06001640927168,86.97000122070312,73.73999786376953,78.37975872802734,0.6729400250535921,24.127233532891015,75.1553986356683,False,False,False,False,,
348,XT,XT,AMEX:XT,US,iShares Future Exponential Technologies ETF,3.91,Technology,Long,60337.2,,https://www.tradingview.com/chart/?symbol=AMEX%3AXT,False,,-49.54576412596685,-22.833539560029568,81.05500030517578,65.7750015258789,70.12802145385743,0.8284087303934484,29.700484652859313,73.35081937271941,False,False,False,False,,
349,IVOO,IVOO,AMEX:IVOO,US,Vanguard S&P Mid-Cap 400 ETF,3.858,Mid-Cap Blend,Long,74533.7,,https://www.tradingview.com/chart/?symbol=AMEX%3AIVOO,True,2026-09-16 09:30,-62.232901382378344,-62.232901382378344,123.55999755859375,111.05999755859375,116.27087799072265,0.5661231414582232,15.962793337862687,71.5475212131831,False,False,False,False,,
350,FLTW,FLTW,AMEX:FLTW,US,Franklin FTSE Taiwan ETF,3.825,Greater China Region,Long,243423.1,,https://www.tradingview.com/chart/?symbol=AMEX%3AFLTW,False,,-30.005908412314994,-27.47992948054673,104.27999877929688,66.23999786376953,76.40923880004883,0.8828033746390025,47.620023858427096,88.04932292033205,False,False,False,False,,
351,DFGR,DFGR,AMEX:DFGR,US,Dimensional Global Real Estate ETF,3.824,Global Real Estate,Long,413536.2,,https://www.tradingview.com/chart/?symbol=AMEX%3ADFGR,True,2026-09-16 09:30,-69.23857737892662,-65.8114341337274,28.010000228881836,26.075000762939453,27.093340438842773,0.44843570840674674,-6.7657087487841805,72.97287368956871,False,False,False,False,,
352,INTF,INTF,AMEX:INTF,US,iShares International Equity Factor ETF,3.814,Foreign Large Blend,Long,236767.6,,https://www.tradingview.com/chart/?symbol=AMEX%3AINTF,False,,-53.68579346258241,-53.68579346258241,42.06999969482422,37.459999084472656,38.86301901245117,0.7754416899911836,61.97153810815383,70.96259634424436,False,False,False,False,,
353,EWU,EWU,AMEX:EWU,US,iShares MSCI United Kingdom ETF,3.76,Focused Region,Long,933170.8,,https://www.tradingview.com/chart/?symbol=AMEX%3AEWU,False,,-49.98256372140986,-45.97162874468895,47.439998626708984,43.86000061035156,45.16272071838379,0.6485503114990308,56.0809073075826,66.77587381825661,False,False,False,False,,
354,LRGF,LRGF,AMEX:LRGF,US,iShares U.S. Equity Factor ETF,3.718,Large Blend,Long,147103.45,,https://www.tradingview.com/chart/?symbol=AMEX%3ALRGF,False,,-48.998366517748444,-48.998366517748444,77.02999877929688,64.16000366210938,67.73540222167969,0.8495049704392317,52.34866843210714,69.4296659972679,False,False,False,False,,
355,MLPX,MLPX,AMEX:MLPX,US,Global X MLP & Energy Infrastructure ETF,3.711,Energy Limited Partnership,Long,348577.75,,https://www.tradingview.com/chart/?symbol=AMEX%3AMLPX,False,,-60.2828374290468,-60.2828374290468,73.3499984741211,70.19999694824219,71.95229766845704,0.42424245537962,41.91572376975716,74.7535251516551,False,False,False,False,,
356,IYH,IYH,AMEX:IYH,US,iShares U.S. Healthcare ETF,3.691,Health,Long,520962.8,,https://www.tradingview.com/chart/?symbol=AMEX%3AIYH,False,,-58.12338019450876,-23.33295562835598,70.74500274658203,59.845001220703125,63.264640716552734,0.7522431423632593,60.80567631589465,58.433965428932055,False,False,False,False,,
357,EEMV,EEMV,AMEX:EEMV,US,iShares MSCI Emerging Markets Min Vol Factor ETF,3.688,Diversified Emerging Mkts,Long,104420.25,,https://www.tradingview.com/chart/?symbol=AMEX%3AEEMV,False,,-49.393310453592896,-49.393310453592896,74.26000213623047,63.04999923706055,66.37877912902832,0.7947538647982537,44.78436828623152,79.05807344151536,False,False,False,False,,
358,DCOR,DCOR,AMEX:DCOR,US,Dimensional US Core Equity 1 ETF,3.557,Large Blend,Long,110530.45,,https://www.tradingview.com/chart/?symbol=AMEX%3ADCOR,False,,-53.93635521163136,-53.93635521163136,82.66000366210938,70.1781997680664,73.83898519897461,0.8046649481620509,47.16533382854584,,False,False,False,False,,
359,GCOW,GCOW,AMEX:GCOW,US,Pacer Global Cash Cows Dividend ETF,3.555,Global Large-Stock Value,Long,227828.6,,https://www.tradingview.com/chart/?symbol=AMEX%3AGCOW,False,,-58.40619005190041,-29.581595321597536,46.220001220703125,43.060001373291016,44.232920761108396,0.6358151904855107,47.43915249803712,69.52121949276092,False,False,False,False,,
360,FRDM,FRDM,AMEX:FRDM,US,Freedom 100 Emerging Markets ETF,3.51,Diversified Emerging Mkts,Long,64258.2,,https://www.tradingview.com/chart/?symbol=AMEX%3AFRDM,False,,-26.364184881187494,-26.364184881187494,68.54000091552734,52.2599983215332,57.95939958190918,0.6741200411513338,28.749578959506096,80.6820304486684,False,False,False,False,,
361,XGD,XGD.TO,TSX:XGD,TSX,iShares S&P/TSX Global Gold Index ETF,3.499,Materials,Long,590633.85,,https://www.tradingview.com/chart/?symbol=TSX%3AXGD,True,2026-09-16 09:30,-57.046321294695666,-55.97079145059414,58.130001068115234,43.959999084472656,48.982078796386716,0.6658835900605619,29.06632798964665,48.03454352520071,False,False,False,False,,
362,VNQI,VNQI,AMEX:VNQI,US,Vanguard Global ex-U.S. Real Estate ETF,3.478,Global Real Estate,Long,257192.05,,https://www.tradingview.com/chart/?symbol=AMEX%3AVNQI,True,2026-09-16 09:30,-65.15686550242195,-64.96520457840701,43.38999938964844,43.290000915527344,44.45418859863281,0.020271336172897933,-39.44273448383271,21.08339568962185,False,True,False,False,,
363,FHLC,FHLC,AMEX:FHLC,US,Fidelity MSCI Health Care Index ETF,3.476,Health,Long,195280.65,,https://www.tradingview.com/chart/?symbol=AMEX%3AFHLC,False,,-59.53588271095268,-20.90704276857946,81.30999755859375,68.55999755859375,72.46933813476562,0.769695026915892,59.953477695747324,62.78815372110065,False,False,False,False,,
364,CGMM,CGMM,AMEX:CGMM,US,Capital Group U.S. Small and Mid Cap ETF,3.441,Mid-Cap Blend,Long,673508.25,,https://www.tradingview.com/chart/?symbol=AMEX%3ACGMM,True,2026-09-16 09:30,-64.57818244364346,-64.57818244364346,31.440000534057617,28.405000686645508,29.66288066864014,0.5694183660141244,29.876965775641537,,False,False,False,False,,
365,SPHD,SPHD,AMEX:SPHD,US,Invesco S&P 500 High Dividend Low Volatility ETF,3.441,Large Value,Long,644489.65,,https://www.tradingview.com/chart/?symbol=AMEX%3ASPHD,False,,-73.1906278025679,-59.11577718894929,50.6150016784668,48.65999984741211,49.819940063476565,0.39776225165665713,43.07210846047388,73.50075139699294,False,False,False,False,,
366,ZWB,ZWB.TO,TSX:ZWB,TSX,BMO Covered Call Canadian Banks Fund,3.414,Financials,Long,193441.75,,https://www.tradingview.com/chart/?symbol=TSX%3AZWB,False,,-10.206811344035144,-7.826953353851072,30.270000457763672,24.489999771118164,26.30956000518799,0.7496757384048185,25.00906958995923,83.05723088589009,False,False,False,False,,
367,ACWV,ACWV,AMEX:ACWV,US,iShares MSCI Global Min Vol Factor ETF,3.4,Global Large-Stock Blend,Long,32558.2,,https://www.tradingview.com/chart/?symbol=AMEX%3AACWV,False,,-41.45065591881715,-27.774753697290492,125.16500091552734,117.0999984741211,119.75971768188477,0.715617111240938,67.56016052387439,63.55364281923152,False,False,False,False,,
368,BOTZ,BOTZ,AMEX:BOTZ,US,Global X Robotics & Artificial Intelligence ETF,3.399,Technology,Long,612684.25,,https://www.tradingview.com/chart/?symbol=AMEX%3ABOTZ,True,2026-09-16 09:30,-55.5158895009128,-51.323330227371,34.720001220703125,32.0,34.27740036010742,0.28186536690266395,-30.74833892089681,32.695129611038844,False,False,False,False,,
369,TSLL,TSLL,AMEX:TSLL,US,Direxion Daily TSLA Bull 2X ETF,3.397,Trading--Leveraged Equity,2X Long,106549464.7,,https://www.tradingview.com/chart/?symbol=AMEX%3ATSLL,False,,-36.96321769716231,-36.96321769716231,9.3149995803833,6.730199813842773,9.165672477722168,0.2504699617247572,-42.92169191829575,-33.62667279252592,False,False,False,False,,
370,FELV,FELV,AMEX:FELV,US,Fidelity Enhanced Large Cap Value ETF,3.392,Large Value,Long,161748.05,,https://www.tradingview.com/chart/?symbol=AMEX%3AFELV,False,,-39.071015752692084,-39.071015752692084,42.04999923706055,34.16999816894531,36.29163856506348,0.8765294323570284,56.31210787297172,,False,False,False,False,,
371,IHI,IHI,AMEX:IHI,US,iShares U.S. Medical Devices ETF,3.38,Health,Long,2264115.15,,https://www.tradingview.com/chart/?symbol=AMEX%3AIHI,False,,-74.99359098971844,-25.663813459638206,51.904998779296875,47.540000915527344,49.852800735473636,0.4454079799580461,27.28831293609097,-45.31578040154576,False,False,False,False,,
372,SITU,SITU.NE,NEO:SITU,NEO,Scotia U.S. Equity Index Tracker ETF,3.38,US Equity,Long,66301.05,,https://www.tradingview.com/chart/?symbol=NEO%3ASITU,False,,-25.656852407691066,-17.382489755521743,48.2400016784668,40.150001525878906,42.389641021728515,0.8524764988065502,36.18551079629283,70.82412056240354,False,False,False,False,,
373,GSUS,GSUS,AMEX:GSUS,US,Goldman Sachs MarketBeta U.S. Equity ETF,3.376,Large Blend,Long,108923.35,,https://www.tradingview.com/chart/?symbol=AMEX%3AGSUS,False,,-48.586342620097035,-48.586342620097035,104.33000183105469,87.02999877929688,91.85619985961914,0.8459657300358936,48.74411822809051,69.03389469444744,False,False,False,False,,
374,BULZ,BULZ,AMEX:BULZ,US,MicroSectors Solactive FANG & Innovation 3X Leveraged ETN,3.362,Trading--Leveraged Equity,3X Long,550814.95,,https://www.tradingview.com/chart/?symbol=AMEX%3ABULZ,False,,-26.796995260761722,-26.796995260761722,37.33000183105469,15.329999923706055,24.810119941711427,0.5476724387743227,14.254846409132247,52.89251419603554,False,False,False,False,,
375,WTV,WTV,AMEX:WTV,US,WisdomTree US Value Fund of Benef Interest,3.357,Mid-Cap Value,Long,164342.05,,https://www.tradingview.com/chart/?symbol=AMEX%3AWTV,False,,-30.913148112682,-28.845127733819083,106.48500061035156,93.4000015258789,97.2267406616211,0.806968981787316,60.196997478428756,73.76380311048678,False,False,False,False,,
376,XYLD,XYLD,AMEX:XYLD,US,Global X S&P 500 Covered Call ETF,3.349,Derivative Income,Long,408177.55,,https://www.tradingview.com/chart/?symbol=AMEX%3AXYLD,False,,-23.562857734391212,-23.562857734391212,41.255001068115234,38.349998474121094,39.13351840209961,0.8750008617539796,63.96295448172656,73.19889319262121,False,False,False,False,,
377,PTLC,PTLC,AMEX:PTLC,US,Pacer Trendpilot US Large Cap ETF,3.34,Large Blend,Long,83817.7,,https://www.tradingview.com/chart/?symbol=AMEX%3APTLC,False,,-48.961144116617334,-48.961144116617334,58.77000045776367,51.709999084472656,53.8151195526123,0.7914797985737654,50.710782615291095,60.02669414162742,False,False,False,False,,
378,SKYY,SKYY,AMEX:SKYY,US,First Trust Cloud Computing ETF,3.312,Technology,Long,246452.35,,https://www.tradingview.com/chart/?symbol=AMEX%3ASKYY,False,,-37.94717746521259,20.604918925783267,161.8800048828125,104.11000061035156,119.3839208984375,0.8926143878684142,67.89837388150754,47.15701682176793,False,False,False,False,,
380,XEI,XEI.TO,TSX:XEI,TSX,iShares S&P/TSX Composite High Dividend Index ETF,3.209,High Dividend Yield,Long,154448.6,,https://www.tradingview.com/chart/?symbol=TSX%3AXEI,False,,-39.662302222936475,-18.694039614616226,39.65999984741211,35.41999816894531,36.687318817138674,0.789571603322834,36.30616632578374,80.83358751798174,False,False,False,False,,
381,FWD,FWD,AMEX:FWD,US,AB Disruptors ETF,3.205,Global Large-Stock Growth,Long,158130.3,,https://www.tradingview.com/chart/?symbol=AMEX%3AFWD,False,,-46.09223924168091,-41.309304624878585,126.0,103.52999877929688,114.23849877929688,0.49520663847279617,-20.503908698874394,69.29349813913745,False,False,False,False,,
382,FNDC,FNDC,AMEX:FNDC,US,Schwab Fundamental International Small Equity ETF,3.19,Foreign Small/Mid Value,Long,103092.1,,https://www.tradingview.com/chart/?symbol=AMEX%3AFNDC,False,,-48.001953047567206,-48.001953047567206,50.375,44.79999923706055,46.41895938110351,0.8126822546527068,55.435530504112855,66.91815247454609,False,False,False,False,,
383,SPUS,SPUS,AMEX:SPUS,US,SP Funds S&P 500 Sharia Industry Exclusions ETF,3.171,Large Growth,Long,390807.15,,https://www.tradingview.com/chart/?symbol=AMEX%3ASPUS,False,,-48.950739538769206,-48.950739538769206,57.790000915527344,46.654998779296875,49.689958923339844,0.8658632665435048,46.946834995462645,69.01693841378646,False,False,False,False,,
384,CGGE,CGGE,AMEX:CGGE,US,Capital Group Global Equity ETF,3.169,Global Large-Stock Blend,Long,467355.5,,https://www.tradingview.com/chart/?symbol=AMEX%3ACGGE,True,2026-09-16 09:30,-62.833304069977835,-62.66901433698766,34.35499954223633,29.520000457763672,31.05046060180664,0.7455664810200446,35.56276360810799,,False,False,False,False,,
385,AVSC,AVSC,AMEX:AVSC,US,Avantis U.S Small Cap Equity ETF,3.152,Small Value,Long,102088.15,,https://www.tradingview.com/chart/?symbol=AMEX%3AAVSC,True,2026-09-16 09:30,-59.40279275221281,-57.38312534624006,70.61000061035156,60.09000015258789,63.66776011657715,0.6939314355969133,30.575698869831857,74.69175377018246,False,False,False,False,,
386,BDYN,BDYN,AMEX:BDYN,US,iShares Dynamic Equity Active ETF,3.117,Global Large-Stock Blend,Long,405836.6,,https://www.tradingview.com/chart/?symbol=AMEX%3ABDYN,False,,-53.213701566381445,-53.213701566381445,27.559999465942383,23.58009910583496,24.795475608825683,0.7728111269833569,39.2933079375749,,False,False,False,False,,
387,CGNG,CGNG,AMEX:CGNG,US,Capital Group New Geography Equity ETF,3.112,Diversified Emerging Mkts,Long,527046.75,,https://www.tradingview.com/chart/?symbol=AMEX%3ACGNG,False,,-47.94660301325775,-47.94660301325775,35.90999984741211,30.274999618530273,32.1240598526001,0.7192086171736335,33.76968549017837,,False,False,False,False,,
388,GARP,GARP,AMEX:GARP,US,iShares MSCI USA Quality GARP ETF,3.087,Large Growth,Long,211350.85,,https://www.tradingview.com/chart/?symbol=AMEX%3AGARP,True,2026-09-16 09:30,-54.93591297061439,-54.93591297061439,81.4000015258789,61.59000015258789,67.14779997253417,0.8411890452257887,47.50727636274453,73.56162991106682,False,False,False,False,,
389,PXF,PXF,AMEX:PXF,US,Invesco RAFI Developed Markets ex-U.S. ETF,3.06,Foreign Large Value,Long,101976.05,,https://www.tradingview.com/chart/?symbol=AMEX%3APXF,False,,-44.24543917052077,-44.24543917052077,78.29000091552734,67.48999786376953,70.56743807983399,0.828221034777516,64.56115479841971,75.04874150035658,False,False,False,False,,
390,TMSL,TMSL,AMEX:TMSL,US,T. Rowe Price Small-Mid Cap ETF,3.011,Mid-Cap Blend,Long,412432.0,,https://www.tradingview.com/chart/?symbol=AMEX%3ATMSL,True,2026-09-16 09:30,-64.48228346767304,-63.439678162857255,41.130001068115234,35.22999954223633,37.47436004638672,0.6203996004797452,15.608051175423528,,False,False,False,False,,
391,XSMO,XSMO,AMEX:XSMO,US,Invesco S&P SmallCap Momentum ETF,3.009,Small Blend,Long,280620.75,,https://www.tradingview.com/chart/?symbol=AMEX%3AXSMO,True,2026-09-16 09:30,-63.97542473572643,-63.637852490066145,81.77989959716797,73.54000091552734,78.2883215637207,0.40953765192901936,-25.615627252803492,70.95895742967296,False,False,False,False,,
392,QGRW,QGRW,AMEX:QGRW,US,WisdomTree U.S. Quality Growth Fund,2.997,Large Growth,Long,207763.65,,https://www.tradingview.com/chart/?symbol=AMEX%3AQGRW,False,,-47.26402282191835,-47.26402282191835,66.11000061035156,51.220001220703125,55.36652114868164,0.8474672537435924,39.06825865828303,64.52734771255238,False,False,False,False,,
393,CQQQ,CQQQ,AMEX:CQQQ,US,Invesco China Technology ETF,2.982,Greater China Region,Long,733209.75,,https://www.tradingview.com/chart/?symbol=AMEX%3ACQQQ,False,,-69.70604686134556,-51.348974040811754,46.18000030517578,44.654998779296875,47.626238815307616,0.1211279989989071,-46.90929459910223,24.488594633466807,False,True,False,False,,
394,SNPE,SNPE,AMEX:SNPE,US,Xtrackers S&P 500 Scored & Screened ETF,2.963,Large Blend,Long,274740.3,,https://www.tradingview.com/chart/?symbol=AMEX%3ASNPE,True,2026-09-16 09:30,-56.723194552064506,-56.723194552064506,68.94999694824219,57.880001068115234,61.178101608276364,0.7921283768936659,50.078288349164815,69.99475876490703,False,False,False,False,,
395,JMEE,JMEE,AMEX:JMEE,US,JPMorgan Small & Mid Cap Enhanced Equity ETF,2.953,Small Blend,Long,119051.65,,https://www.tradingview.com/chart/?symbol=AMEX%3AJMEE,True,2026-09-16 09:30,-62.71084479356673,-62.57628504220289,74.26000213623047,64.9800033569336,68.48224249267578,0.625336999282302,21.205015712965388,74.4864240358824,False,False,False,False,,
396,SOXQ,SOXQ,AMEX:SOXQ,US,Invesco PHLX Semiconductor ETF,2.944,Technology,Long,1520967.65,,https://www.tradingview.com/chart/?symbol=AMEX%3ASOXQ,False,,-31.877172302856994,-31.877172302856994,88.61000061035156,56.220001220703125,70.129841796875,0.549541873905556,-11.745787168710658,83.7389932407405,False,False,False,False,,
397,CWI,CWI,AMEX:CWI,US,State Street SPDR MSCI ACWI ex-US ETF,2.914,Foreign Large Blend,Long,190439.0,,https://www.tradingview.com/chart/?symbol=AMEX%3ACWI,False,,-53.81659615465659,-53.81659615465659,40.459999084472656,35.43000030517578,36.954560089111325,0.7786376922849804,50.911217102415634,71.86857103816983,False,False,False,False,,
398,ESML,ESML,AMEX:ESML,US,iShares ESG Aware MSCI USA Small-Cap ETF,2.885,Small Blend,Long,50437.05,,https://www.tradingview.com/chart/?symbol=AMEX%3AESML,True,2026-09-16 09:30,-65.69572948301749,-65.69572948301749,52.900001525878906,45.630001068115234,48.22600106811524,0.6609091325239702,28.86438017915691,73.02599656934966,False,False,False,False,,
399,SECT,SECT,AMEX:SECT,US,Main Sector Rotation ETF,2.883,Large Blend,Long,97856.9,,https://www.tradingview.com/chart/?symbol=AMEX%3ASECT,True,2026-09-16 09:30,-55.15235432825128,-55.15235432825128,70.26000213623047,58.65999984741211,62.17404060363769,0.7790463258888255,31.339284492722843,67.94742825731694,False,False,False,False,,
400,MDYG,MDYG,AMEX:MDYG,US,State Street SPDR S&P 400 Mid Cap Growth ETF,2.865,Mid-Cap Growth,Long,78049.75,,https://www.tradingview.com/chart/?symbol=AMEX%3AMDYG,True,2026-09-16 09:30,-68.25256442980962,-66.26037540263084,104.25,92.73999786376953,97.68422235107423,0.5494007222214938,8.549077498238528,71.97614146929097,False,False,False,False,,
401,EQWL,EQWL,AMEX:EQWL,US,Invesco S&P 100 Equal Weight ETF,2.856,Large Value,Long,109022.05,,https://www.tradingview.com/chart/?symbol=AMEX%3AEQWL,False,,-58.507343852373516,-53.41393501830802,130.9550018310547,112.76000213623047,118.13961990356445,0.7982016778315709,52.33153220006389,72.813949428473,False,False,False,False,,
402,IXC,IXC,AMEX:IXC,US,iShares Global Energy ETF,2.854,Equity Energy,Long,436581.65,,https://www.tradingview.com/chart/?symbol=AMEX%3AIXC,False,,37.01503082444692,37.01503082444692,58.869998931884766,48.689998626708984,51.491319274902345,0.8576240901129626,53.870806592762825,78.53994900541647,False,False,False,False,,
403,IPAC,IPAC,AMEX:IPAC,US,iShares Core MSCI Pacific ETF,2.847,Focused Region,Long,121205.4,,https://www.tradingview.com/chart/?symbol=AMEX%3AIPAC,False,,-26.06949185523125,-26.06949185523125,85.05000305175781,74.03500366210938,77.14076272583007,0.8370062849765234,65.63376028867606,73.10909384527768,False,False,False,False,,
404,MDYV,MDYV,AMEX:MDYV,US,State Street SPDR S&P 400 Mid Cap Value ETF,2.844,Mid-Cap Value,Long,66445.6,,https://www.tradingview.com/chart/?symbol=AMEX%3AMDYV,True,2026-09-16 09:30,-56.582494233927854,-56.582494233927854,91.55999755859375,82.81999969482422,86.26088012695313,0.5994510813540342,22.433219801104148,70.43992957628153,False,False,False,False,,
405,SPYX,SPYX,AMEX:SPYX,US,State Street SPDR S&P 500 Fossil Fuel Reserves Free ETF,2.84,Large Blend,Long,43812.65,,https://www.tradingview.com/chart/?symbol=AMEX%3ASPYX,False,,-48.930252509749856,-48.930252509749856,61.779998779296875,51.4900016784668,54.39516110229492,0.8359056979378938,46.84898942166679,68.37938189151913,False,False,False,False,,
406,PRFZ,PRFZ,AMEX:PRFZ,US,Invesco RAFI US 1500 Small-Mid ETF,2.819,Small Blend,Long,77481.25,,https://www.tradingview.com/chart/?symbol=AMEX%3APRFZ,True,2026-09-16 09:30,-68.82435735247755,-64.93161092790386,52.900001525878906,44.47999954223633,47.38869972229004,0.6831644188583764,31.717692956790362,73.65641307375137,False,False,False,False,,
407,USD,USD,AMEX:USD,US,ProShares Ultra Semiconductors,2.776,Trading--Leveraged Equity,2X Long,582541.75,,https://www.tradingview.com/chart/?symbol=AMEX%3AUSD,False,,-42.91715637681106,-42.91715637681106,79.73999786376953,43.189998626708984,59.783158950805664,0.5198406844427251,-11.251472507316366,73.9310426280805,False,False,False,False,,
408,DIVI,DIVI,AMEX:DIVI,US,Franklin International Core Dividend Tilt Index Fund,2.754,Foreign Large Value,Long,209275.55,,https://www.tradingview.com/chart/?symbol=AMEX%3ADIVI,False,,-53.58522213324903,-53.58522213324903,43.435001373291016,38.38999938964844,39.892092071533206,0.7926411482450642,54.41468277259909,71.8343732635207,False,False,False,False,,
409,PSC,PSC,AMEX:PSC,US,Principal U.S. Small-Cap ETF,2.721,Small Blend,Long,180890.3,,https://www.tradingview.com/chart/?symbol=AMEX%3APSC,True,2026-09-16 09:30,-61.82675672410651,-56.25381401362398,67.58999633789062,55.68000030517578,59.24832095336914,0.7876980072247124,32.98545091014265,77.22400478087197,False,False,False,False,,
410,JMOM,JMOM,AMEX:JMOM,US,JPMorgan U.S. Momentum Factor ETF,2.701,Large Blend,Long,132290.95,,https://www.tradingview.com/chart/?symbol=AMEX%3AJMOM,False,,-43.753580441583644,-43.753580441583644,81.16999816894531,65.7300033569336,70.43820263671876,0.7739346954322291,24.288213486924956,76.58822687412625,False,False,False,False,,
411,TQCD,TQCD.TO,TSX:TQCD,TSX,TD Q Canadian Dividend ETF,2.683,Canadian Dividend and Income Equity,Long,150525.6,,https://www.tradingview.com/chart/?symbol=TSX%3ATQCD,False,,-44.542001764058796,-34.84278964391084,29.3799991607666,25.6299991607666,26.70615948486328,0.8223681733879772,55.90592352216003,74.68698204935345,False,False,False,False,,
412,FLIN,FLIN,AMEX:FLIN,US,Franklin FTSE India ETF,2.674,India Equity,Long,168164.05,,https://www.tradingview.com/chart/?symbol=AMEX%3AFLIN,False,,-67.25954475532545,-67.25954475532545,34.14500045776367,32.31999969482422,33.33951962280273,0.42245391015327666,10.788275827048963,-40.85903081734425,False,False,False,False,,
413,PSI,PSI,AMEX:PSI,US,Invesco Semiconductors ETF,2.644,Technology,Long,364262.8,,https://www.tradingview.com/chart/?symbol=AMEX%3APSI,False,,-27.16302193267852,-27.16302193267852,129.75999450683594,88.41510009765625,111.86521618652344,0.4160915469923271,-24.344738219519826,83.40512866466285,False,False,False,False,,
414,CNEQ,CNEQ,AMEX:CNEQ,US,Alger Concentrated Equity ETF,2.622,Large Growth,Long,247896.75,,https://www.tradingview.com/chart/?symbol=AMEX%3ACNEQ,False,,-49.47545704644093,-49.47545704644093,38.724998474121094,29.655000686645508,32.52830095672607,0.7449689474272102,20.384705003110216,,False,False,False,False,,
415,SCHY,SCHY,AMEX:SCHY,US,Schwab International Dividend Equity ETF,2.617,Foreign Large Value,Long,546316.05,,https://www.tradingview.com/chart/?symbol=AMEX%3ASCHY,False,,-58.024719666695624,-27.274122583103125,32.595001220703125,30.790000915527344,31.495640411376954,0.6036794631351986,50.8588856898503,67.71510019373294,False,False,False,False,,
416,PICK,PICK,AMEX:PICK,US,iShares MSCI Global Metals & Mining Producers ETF,2.612,Natural Resources,Long,624921.45,,https://www.tradingview.com/chart/?symbol=AMEX%3APICK,False,,-52.656345383740536,-52.656345383740536,60.96500015258789,51.810001373291016,55.81964176940918,0.5388462551419263,31.87228586018175,63.072866084408425,False,False,False,False,,
417,ZEM,ZEM.TO,TSX:ZEM,TSX,BMO MSCI Emerging Markets Index ETF,2.561,Total Market,Long,106257.2,,https://www.tradingview.com/chart/?symbol=TSX%3AZEM,False,,-31.663627284379732,-31.663627284379732,33.189998626708984,27.360000610351562,29.50996075439453,0.6399558315871987,26.616421465378195,76.28706777850621,False,False,False,False,,
418,FSMD,FSMD,AMEX:FSMD,US,Fidelity Small-Mid Multifactor ETF,2.556,Small Blend,Long,106860.5,,https://www.tradingview.com/chart/?symbol=AMEX%3AFSMD,True,2026-09-16 09:30,-56.13014341799727,-56.13014341799727,50.099998474121094,43.45000076293945,45.80292015075683,0.6670009469787551,19.99055514070864,75.5030170742689,False,False,False,False,,
419,NULV,NULV,AMEX:NULV,US,Nuveen ESG Large-Cap Value ETF,2.548,Large Value,Long,318917.3,,https://www.tradingview.com/chart/?symbol=AMEX%3ANULV,False,,-29.798336589084347,-29.798336589084347,52.84000015258789,44.59000015258789,46.85559979248047,0.8593751365939993,63.46526387884958,78.05443456196633,False,False,False,False,,
420,CGIC,CGIC,AMEX:CGIC,US,Capital Group International Core Equity ETF,2.547,Foreign Large Blend,Long,360555.75,,https://www.tradingview.com/chart/?symbol=AMEX%3ACGIC,False,,-54.00095690567422,-54.00095690567422,36.189998626708984,32.130001068115234,33.36664056396484,0.7748090102603751,50.16943462060478,,False,False,False,False,,
421,FTHI,FTHI,AMEX:FTHI,US,First Trust BuyWrite Income ETF,2.527,Derivative Income,Long,563753.15,,https://www.tradingview.com/chart/?symbol=AMEX%3AFTHI,False,,-42.29279402968414,-42.29279402968414,23.6299991607666,22.454999923706055,22.90575988769531,0.615182895774873,54.816566570941035,63.49617009792927,False,False,False,False,,
422,RING,RING,AMEX:RING,US,iShares MSCI Global Gold Miners ETF,2.502,Equity Precious Metals,Long,932039.85,,https://www.tradingview.com/chart/?symbol=AMEX%3ARING,True,2026-09-16 09:30,-60.50346313402442,-60.26002238277557,81.61000061035156,60.55500030517578,68.24685342407227,0.6460055847678955,29.23373976454936,45.48334333610186,False,False,False,False,,
423,FEGE,FEGE,AMEX:FEGE,US,First Eagle Global Equity ETF,2.499,Global Large-Stock Blend,Long,339284.85,,https://www.tradingview.com/chart/?symbol=AMEX%3AFEGE,False,,-53.54192683929556,-45.30174077065153,51.560001373291016,45.849998474121094,47.641238510131835,0.7523060321972505,67.6303762234706,,False,False,False,False,,
424,CGIE,CGIE,AMEX:CGIE,US,Capital Group International Equity ETF,2.493,Foreign Large Growth,Long,370065.45,,https://www.tradingview.com/chart/?symbol=AMEX%3ACGIE,True,2026-09-16 09:30,-58.7404842990486,-58.67348403534101,36.810001373291016,32.61000061035156,33.97526057434082,0.7260157085083248,52.83651989038071,,False,False,False,False,,
425,BSVO,BSVO,AMEX:BSVO,US,EA Bridgeway Omni Small-Cap Value ETF,2.489,Small Value,Long,124128.45,,https://www.tradingview.com/chart/?symbol=AMEX%3ABSVO,False,,-41.84560232345604,-41.84560232345604,29.010000228881836,24.305200576782227,25.684573150634765,0.8049549040941039,40.79777935907587,73.63261275870563,False,False,False,False,,
426,PWB,PWB,AMEX:PWB,US,Invesco Large Cap Growth ETF,2.487,Large Growth,Long,117576.1,,https://www.tradingview.com/chart/?symbol=AMEX%3APWB,False,,-30.71345215552435,-30.71345215552435,152.82000732421875,121.1500015258789,132.31516275024413,0.6694145492586135,1.8006939215692672,73.33716502222067,False,False,False,False,,
427,APUE,APUE,AMEX:APUE,US,ActivePassive U.S. Equity ETF,2.484,Large Blend,Long,117781.15,,https://www.tradingview.com/chart/?symbol=AMEX%3AAPUE,False,,-51.00870558396607,-51.00870558396607,46.47999954223633,38.77000045776367,40.97424049377442,0.8254816872070821,46.22173031828103,71.0391312999588,False,False,False,False,,
428,DFSU,DFSU,AMEX:DFSU,US,Dimensional US Sustainability Core 1 ETF,2.434,Large Blend,Long,92405.95,,https://www.tradingview.com/chart/?symbol=AMEX%3ADFSU,False,,-50.203221181453415,-50.203221181453415,47.209999084472656,39.93000030517578,42.06816062927246,0.8035317522973442,45.9257583213086,68.02553698787098,False,False,False,False,,
429,ACIO,ACIO,AMEX:ACIO,US,Aptus Collared Investment Opportunity ETF,2.41,Equity Hedged,Long,132430.25,,https://www.tradingview.com/chart/?symbol=AMEX%3AACIO,False,,-49.34714906963993,-49.34714906963993,46.369998931884766,41.2599983215332,42.7656785736084,0.8009404004474795,39.0264011765013,63.68697760074763,False,False,False,False,,
430,FNCL,FNCL,AMEX:FNCL,US,Fidelity MSCI Financials Index ETF,2.396,Financial,Long,96725.0,,https://www.tradingview.com/chart/?symbol=AMEX%3AFNCL,False,,-58.32341463817564,-58.32341463817564,79.47000122070312,67.91999816894531,71.54967932128906,0.750975252593398,53.2673567478973,56.351952851007034,False,False,False,False,,
431,MLPA,MLPA,AMEX:MLPA,US,Global X MLP ETF,2.39,Energy Limited Partnership,Long,158615.45,,https://www.tradingview.com/chart/?symbol=AMEX%3AMLPA,False,,-48.56474248053976,-48.56474248053976,56.150001525878906,51.810001373291016,53.19178126525879,0.7412468816231913,65.31392164536112,76.93737604607615,False,False,False,False,,
432,EWL,EWL,AMEX:EWL,US,iShares MSCI Switzerland ETF,2.389,Focused Region,Long,504798.65,,https://www.tradingview.com/chart/?symbol=AMEX%3AEWL,False,,-68.93815869842673,-54.021004427699474,60.040000915527344,56.30500030517578,58.27913980102539,0.4465034744992097,20.67860080205919,64.17282412805089,False,False,False,False,,
433,HDEF,HDEF,AMEX:HDEF,US,Xtrackers MSCI EAFE High Dividend Yield Equity ETF,2.338,Foreign Large Value,Long,115104.6,,https://www.tradingview.com/chart/?symbol=AMEX%3AHDEF,False,,-39.24967269587058,-20.044687263124185,33.5,31.284000396728516,32.05595637512207,0.6774685616923215,58.92267188117497,67.51362860196092,False,False,False,False,,
434,FAS,FAS,AMEX:FAS,US,Direxion Daily Financial Bull 3X ETF,2.334,Trading--Leveraged Equity,3X Long,286342.5,,https://www.tradingview.com/chart/?symbol=AMEX%3AFAS,False,,-59.734843653815545,-59.734843653815545,162.02999877929688,107.95999908447266,126.51344467163085,0.6877708977577044,52.59033006941181,25.87617451790273,False,False,False,False,,
435,EPP,EPP,AMEX:EPP,US,iShares MSCI Pacific ex-Japan ETF,2.326,Pacific/Asia ex-Japan Stk,Long,206702.7,,https://www.tradingview.com/chart/?symbol=AMEX%3AEPP,False,,-63.44330826274486,-63.44330826274486,55.2599983215332,51.8650016784668,53.436761642456055,0.5097592673948195,53.332833339361834,66.35044399458587,False,False,False,False,,
436,ITB,ITB,AMEX:ITB,US,iShares U.S. Home Construction ETF,2.32,Consumer Cyclical,Long,1733198.0,,https://www.tradingview.com/chart/?symbol=AMEX%3AITB,False,,-70.35221113987335,-49.93212324745039,88.13999938964844,86.28500366210938,90.66162322998046,0.10002674093790755,-30.23712395194252,-21.015105638096596,False,True,False,False,,
437,BGIG,BGIG,AMEX:BGIG,US,Bahl & Gaynor Income Growth ETF,2.315,Large Value,Long,130613.6,,https://www.tradingview.com/chart/?symbol=AMEX%3ABGIG,False,,-67.39219620085355,-67.39219620085355,35.75,32.720001220703125,33.86814071655274,0.6228160554523143,42.49652888045048,,False,False,False,False,,
438,COWG,COWG,AMEX:COWG,US,Pacer US Large Cap Cash Cows Growth Leaders ETF,2.314,Mid-Cap Growth,Long,229752.15,,https://www.tradingview.com/chart/?symbol=AMEX%3ACOWG,False,,-56.899353938657214,-27.354667799423606,38.95500183105469,32.790000915527344,34.626080627441404,0.7924166944515268,43.01310664507713,63.41958979708917,False,False,False,False,,
439,FIDU,FIDU,AMEX:FIDU,US,Fidelity MSCI Industrial Index ETF,2.284,Industrials,Long,100929.1,,https://www.tradingview.com/chart/?symbol=AMEX%3AFIDU,True,2026-09-16 09:30,-61.246426658821434,-60.35496663510812,89.58000183105469,83.70999908447266,87.4789193725586,0.36756432673106504,-13.355238112484848,64.96430820204569,False,False,False,False,,
440,EWP,EWP,AMEX:EWP,US,iShares MSCI Spain ETF,2.277,Focused Region,Long,348149.15,,https://www.tradingview.com/chart/?symbol=AMEX%3AEWP,False,,-52.101174565762534,-52.101174565762534,60.85499954223633,51.650001525878906,54.38052145385742,0.7955918979388765,58.04384867138781,69.66741294817061,False,False,False,False,,
441,HFXI,HFXI,AMEX:HFXI,US,NYLIM FTSE International Equity Currency Neutral ETF,2.265,Foreign Large Blend,Long,421386.25,,https://www.tradingview.com/chart/?symbol=AMEX%3AHFXI,False,,-51.49943995274662,-50.98243532166865,37.209999084472656,32.54999923706055,33.982519165039065,0.7677100628828052,39.40951140116946,74.50169519111456,False,False,False,False,,
442,FUTY,FUTY,AMEX:FUTY,US,Fidelity MSCI Utilities Index ETF,2.251,Utilities,Long,387702.15,,https://www.tradingview.com/chart/?symbol=AMEX%3AFUTY,True,2026-09-16 13:30,-65.57886849288984,-65.57886849288984,53.369998931884766,53.369998931884766,55.224959075927735,0.0,-52.558450507637524,36.728772593376284,False,True,False,False,,"NEAR: 4h+band ok, weekly shallow"
443,SPGP,SPGP,AMEX:SPGP,US,Invesco S&P 500 GARP ETF,2.241,Large Value,Long,75705.3,,https://www.tradingview.com/chart/?symbol=AMEX%3ASPGP,False,,-58.06270790604078,-34.983605657295065,121.61499786376953,104.2300033569336,110.08870083618164,0.7003021948386855,35.196444250899816,66.97406360787197,False,False,False,False,,
444,IYG,IYG,AMEX:IYG,US,iShares US Financial Services ETF,2.235,Financial,Long,77891.35,,https://www.tradingview.com/chart/?symbol=AMEX%3AIYG,False,,-66.84073061751565,-66.84073061751565,93.7300033569336,80.11499786376953,84.46565908813477,0.7385409092282332,55.22524188849988,55.617671112487905,False,False,False,False,,
445,FINN,FINN.NE,NEO:FINN,NEO,Fidelity Global Innovators ETF,2.224,Total Market,Long,194894.7,,https://www.tradingview.com/chart/?symbol=NEO%3AFINN,False,,-18.583060204842482,21.27077018141242,32.349998474121094,22.270000457763672,25.014680709838867,0.8667237395181936,26.27143416262014,81.7511578774785,False,False,False,False,,
446,REMX,REMX,AMEX:REMX,US,VanEck Rare Earth and Strategic Metals ETF,2.211,Natural Resources,Long,544250.6,,https://www.tradingview.com/chart/?symbol=AMEX%3AREMX,False,,-81.56011071344125,-74.82367981790496,67.58999633789062,64.47000122070312,75.39208093261719,0.06741562660937697,-43.37134420527601,32.26129149881964,False,True,False,False,,
447,DES,DES,AMEX:DES,US,WisdomTree U.S. SmallCap Dividend Fund,2.198,Small Value,Long,101949.2,,https://www.tradingview.com/chart/?symbol=AMEX%3ADES,True,2026-09-16 09:30,-66.12091747920365,-66.12091747920365,39.09000015258789,34.814998626708984,36.439859130859375,0.6209150616501428,24.055121642665245,76.56537719467453,False,False,False,False,,
448,DTCR,DTCR,AMEX:DTCR,US,Global X Data Center And Digital Infrastructure ETF,2.19,Real Estate,Long,662025.6,,https://www.tradingview.com/chart/?symbol=AMEX%3ADTCR,False,,-39.56414532592948,-39.56414532592948,27.299999237060547,23.03499984741211,25.266380279541014,0.45108393058583734,-20.15671759451227,75.19043382510058,False,False,False,False,,
449,TCHP,TCHP,AMEX:TCHP,US,T. Rowe Price Blue Chip Growth ETF,2.186,Large Growth,Long,201025.65,,https://www.tradingview.com/chart/?symbol=AMEX%3ATCHP,True,2026-09-16 09:30,-56.87435425269461,-56.87435425269461,49.40999984741211,42.5,44.978,0.658095223563058,12.211515799740098,41.63472919154965,False,False,False,False,,
450,DFEV,DFEV,AMEX:DFEV,US,Dimensional Emerging Markets Value ETF,2.179,Diversified Emerging Mkts,Long,214388.95,,https://www.tradingview.com/chart/?symbol=AMEX%3ADFEV,False,,-31.22272741247457,-31.22272741247457,42.275001525878906,34.755001068115234,37.13142646789551,0.7468023646760883,40.70008477116664,76.11847379037549,False,False,False,False,,
451,IYT,IYT,AMEX:IYT,US,iShares US Transportation ETF,2.168,Industrials,Long,321360.85,,https://www.tradingview.com/chart/?symbol=AMEX%3AIYT,False,,-56.49685384661594,-56.49685384661594,80.26000213623047,72.18000030517578,76.39732095336915,0.4521544817669453,-1.5694079575300133,71.62147565333454,False,False,False,False,,
452,DSTL,DSTL,AMEX:DSTL,US,Distillate US Fundamental Stability & Value ETF,2.161,Large Value,Long,131000.05,,https://www.tradingview.com/chart/?symbol=AMEX%3ADSTL,False,,-54.03563736380206,-17.453763544019292,67.08999633789062,56.70500183105469,59.88746197509766,0.7701145003185279,74.2766686485502,77.08282355048165,False,False,False,False,,
453,URNM,URNM,AMEX:URNM,US,Sprott Uranium Miners ETF,2.16,Natural Resources,Long,728080.45,,https://www.tradingview.com/chart/?symbol=AMEX%3AURNM,False,,-67.98136378213722,-64.9770449581297,50.314998626708984,47.119998931884766,52.87131867980957,0.1311038093909805,-11.385406352821269,11.598543473042982,False,True,False,False,,
454,IHDG,IHDG,AMEX:IHDG,US,WisdomTree International Hedged Quality Dividend Growth Fund,2.151,Foreign Large Growth,Long,107764.7,,https://www.tradingview.com/chart/?symbol=AMEX%3AIHDG,True,2026-09-16 09:30,-61.51099435801972,-50.1420844749417,51.9900016784668,46.59000015258789,48.34348022460937,0.7267834864175219,40.30372017992749,73.55765161582364,False,False,False,False,,
455,FENY,FENY,AMEX:FENY,US,Fidelity MSCI Energy Index ETF,2.14,Equity Energy,Long,917053.5,,https://www.tradingview.com/chart/?symbol=AMEX%3AFENY,False,,21.92991138138795,21.92991138138795,35.43000030517578,29.375,31.057680252075194,0.849228527083009,59.82133659520577,79.56886927622888,False,False,False,False,,
457,FLQL,FLQL,AMEX:FLQL,US,Franklin U.S. Large Cap Multifactor Index ETF,2.128,Large Blend,Long,79832.15,,https://www.tradingview.com/chart/?symbol=AMEX%3AFLQL,False,,-39.95900961018357,-39.95900961018357,77.36000061035156,65.52999877929688,68.94017465209961,0.8186910400707084,37.804529034167686,69.54699256307276,False,False,False,False,,
458,XCEM,XCEM,AMEX:XCEM,US,Columbia EM Core ex-China ETF,2.127,Diversified Emerging Mkts,Long,117674.0,,https://www.tradingview.com/chart/?symbol=AMEX%3AXCEM,False,,-31.98663399335689,-31.98663399335689,50.31129837036133,39.18000030517578,42.90412773132324,0.7053964708456167,31.195281667778072,78.22314033674071,False,False,False,False,,
459,PXH,PXH,AMEX:PXH,US,Invesco RAFI Emerging Markets ETF,2.126,Diversified Emerging Mkts,Long,163441.8,,https://www.tradingview.com/chart/?symbol=AMEX%3APXH,False,,-48.49157739415398,-48.49157739415398,29.270000457763672,25.940000534057617,26.96893682098389,0.7637790521921234,65.41619632316389,68.27434821341645,False,False,False,False,,
461,AVIV,AVIV,AMEX:AVIV,US,Avantis International Large Cap Value ETF,2.107,Foreign Large Value,Long,81174.1,,https://www.tradingview.com/chart/?symbol=AMEX%3AAVIV,False,,-49.532552166955774,-49.532552166955774,81.46499633789062,71.76000213623047,74.62976119995118,0.7981083361828546,68.63854175810202,71.06969040722701,False,False,False,False,,
462,RWJ,RWJ,AMEX:RWJ,US,Invesco S&P SmallCap 600 Revenue ETF,2.097,Small Value,Long,87099.95,,https://www.tradingview.com/chart/?symbol=AMEX%3ARWJ,False,,-54.7081667102618,-54.7081667102618,58.75,48.58409881591797,51.94141181945801,0.7146050061205582,35.72840340455594,76.10021395219238,False,False,False,False,,
463,SQQQ,SQQQ,AMEX:SQQQ,US,ProShares UltraPro Short QQQ,2.087,Trading--Inverse Equity,-3X Short,39767135.35,,https://www.tradingview.com/chart/?symbol=AMEX%3ASQQQ,False,,12.676107483215553,46.7211709934144,40.6150016784668,35.88990020751953,48.521116363525394,0.08828318139527193,-28.495918139264816,-50.50589768113346,False,True,False,False,,
465,GSEW,GSEW,AMEX:GSEW,US,Goldman Sachs Equal Weight U.S. Large Cap Equity ETF,2.06,Large Blend,Long,81334.95,,https://www.tradingview.com/chart/?symbol=AMEX%3AGSEW,True,2026-09-16 09:30,-62.591061495806876,-62.591061495806876,94.30000305175781,82.69000244140625,86.61232128906249,0.6985561986324008,46.11479512099363,72.98320646409017,False,False,False,False,,
466,ICLN,ICLN,AMEX:ICLN,US,iShares Global Clean Energy ETF,2.057,Miscellaneous Sector,Long,6810889.9,,https://www.tradingview.com/chart/?symbol=AMEX%3AICLN,False,,-32.93078676280327,-32.93078676280327,17.325000762939453,16.860000610351562,18.481320358276367,0.06768562225384787,-41.49629792657805,44.89395834063581,False,True,False,False,,
467,EPI,EPI,AMEX:EPI,US,WisdomTree India Earnings Fund,2.049,India Equity,Long,283423.9,,https://www.tradingview.com/chart/?symbol=AMEX%3AEPI,True,2026-09-16 13:30,-66.17956837796667,-66.17956837796667,41.33000183105469,39.56999969482422,40.827880126953126,0.33020666634221474,6.6128042169280805,-41.833040422744176,False,False,False,False,,
468,ROBO,ROBO,AMEX:ROBO,US,ROBO Global Robotics & Automation Index ETF,2.049,Technology,Long,192072.6,,https://www.tradingview.com/chart/?symbol=AMEX%3AROBO,True,2026-09-16 09:30,-63.019766459640685,-56.98433919954774,77.55000305175781,65.69999694824219,71.50677774047851,0.48160961133038577,-18.84253976117601,65.90920852678774,False,False,False,False,,
469,WCMI,WCMI,AMEX:WCMI,US,First Trust WCM International Equity ETF,2.048,,Long,894419.55,,https://www.tradingview.com/chart/?symbol=AMEX%3AWCMI,False,,-55.77361584419947,-55.77361584419947,19.21500015258789,16.136999130249023,17.087607551574706,0.7641508585195894,41.76262966652422,,False,False,False,False,,
470,DIVB,DIVB,AMEX:DIVB,US,iShares Core Dividend ETF,2.039,Large Value,Long,225661.55,,https://www.tradingview.com/chart/?symbol=AMEX%3ADIVB,False,,-23.317211062536913,-9.539783739769403,67.375,52.84000015258789,56.826040908813475,0.8605682113590325,66.64118249966896,86.5523117405417,False,False,False,False,,
471,CGCV,CGCV,AMEX:CGCV,US,Capital Group Conservative Equity ETF,2.036,Large Value,Long,273546.85,,https://www.tradingview.com/chart/?symbol=AMEX%3ACGCV,True,2026-09-16 09:30,-70.50340113752019,-70.50340113752019,32.279998779296875,29.375,30.43109963989258,0.6491619597406516,30.506449292523897,,False,False,False,False,,
472,OIH,OIH,AMEX:OIH,US,VanEck Oil Services ETF,2.032,Equity Energy,Long,243822.3,,https://www.tradingview.com/chart/?symbol=AMEX%3AOIH,False,,-54.65457810484295,-54.65457810484295,399.8999938964844,358.6875,381.15470288085936,0.4329042921429428,27.993513488686123,56.244461984655665,False,False,False,False,,
473,ICF,ICF,AMEX:ICF,US,iShares Select U.S. REIT ETF,2.009,Real Estate,Long,74104.15,,https://www.tradingview.com/chart/?symbol=AMEX%3AICF,True,2026-09-16 09:30,-72.37747809882431,-71.81615768548404,64.8499984741211,60.66999816894531,63.07011773681641,0.41101288670234554,-14.991708325056125,78.60507806621199,False,False,False,False,,
474,ARKG,ARKG,AMEX:ARKG,US,ARK Genomic Revolution ETF,2.002,Health,Long,3925006.7,,https://www.tradingview.com/chart/?symbol=AMEX%3AARKG,False,,-57.26048094822911,19.597894780743463,47.880001068115234,24.739999771118164,30.74147939300537,0.9099489876088335,69.47115869146066,75.87417679174565,False,False,False,False,,
475,QGRO,QGRO,AMEX:QGRO,US,American Century U.S. Quality Growth ETF,2.0,Large Growth,Long,70050.65,,https://www.tradingview.com/chart/?symbol=AMEX%3AQGRO,False,,-49.47792959910629,-43.39946954385844,115.45999908447266,101.47000122070312,106.02008093261719,0.725622341781068,32.99221085689907,47.10135682612963,False,False,False,False,,
476,PHO,PHO,AMEX:PHO,US,Invesco Water Resources ETF,1.991,Natural Resources,Long,71313.3,,https://www.tradingview.com/chart/?symbol=AMEX%3APHO,False,,-73.28729887242808,-44.7483835099197,68.38999938964844,64.06999969482422,66.26951962280273,0.4635192957380989,28.36707240697803,6.970003565620911,False,False,False,False,,
477,BKDV,BKDV,AMEX:BKDV,US,BNY Mellon Dynamic Value ETF,1.983,Large Value,Long,312254.6,,https://www.tradingview.com/chart/?symbol=AMEX%3ABKDV,False,,-50.678787076851584,-50.678787076851584,33.9900016784668,29.049999237060547,30.47305554199219,0.8192511934570843,51.32307411822537,,False,False,False,False,,
478,EMGF,EMGF,AMEX:EMGF,US,iShares Emerging Markets Equity Factor ETF,1.97,Diversified Emerging Mkts,Long,153001.9,,https://www.tradingview.com/chart/?symbol=AMEX%3AEMGF,False,,-43.0279222604428,-43.0279222604428,70.48200225830078,58.16999816894531,62.47933526611328,0.6742644865256489,32.14821112797898,75.3144083782215,False,False,False,False,,
479,EUSA,EUSA,AMEX:EUSA,US,iShares MSCI USA Equal Weighted ETF,1.944,Mid-Cap Blend,Long,65945.8,,https://www.tradingview.com/chart/?symbol=AMEX%3AEUSA,False,,-67.98191425604806,-67.98191425604806,112.94999694824219,99.4800033569336,104.24366278076172,0.6673269864020247,42.625374286241744,73.72619940027847,False,False,False,False,,
480,FEOE,FEOE,AMEX:FEOE,US,First Eagle Overseas Equity ETF,1.94,Foreign Large Blend,Long,361083.9,,https://www.tradingview.com/chart/?symbol=AMEX%3AFEOE,False,,-54.727603344761015,-54.5083301312583,54.630001068115234,48.81999969482422,50.72805947875977,0.7186149698457229,57.40618280340732,,False,False,False,False,,
481,ARKQ,ARKQ,AMEX:ARKQ,US,ARK Autonomous Technology & Robotics ETF,1.934,Mid-Cap Growth,Long,10247.65,,https://www.tradingview.com/chart/?symbol=AMEX%3AARKQ,True,2026-09-16 09:30,-54.76417521107802,-54.76417521107802,119.41999816894531,106.5,115.30515942382813,0.34628783206578906,-19.855129285915037,51.23454959387767,False,False,False,False,,
482,RPG,RPG,AMEX:RPG,US,Invesco S&P 500 Pure Growth ETF,1.927,Large Growth,Long,343313.85,,https://www.tradingview.com/chart/?symbol=AMEX%3ARPG,False,,-52.395581758377666,-52.32728900161235,55.685001373291016,44.65999984741211,49.19120002746582,0.5742188066554543,-5.415184361432253,74.50150133550447,False,False,False,False,,
483,IYJ,IYJ,AMEX:IYJ,US,iShares U.S. Industrials ETF,1.924,Industrials,Long,126348.45,,https://www.tradingview.com/chart/?symbol=AMEX%3AIYJ,True,2026-09-16 09:30,-64.0570243008009,-63.675929822268984,155.3300018310547,143.3350067138672,149.6491842651367,0.4483274068032953,9.88675035897799,64.93154540297333,False,False,False,False,,
484,PWV,PWV,AMEX:PWV,US,Invesco Large Cap Value ETF,1.909,Large Value,Long,129143.9,,https://www.tradingview.com/chart/?symbol=AMEX%3APWV,False,,-52.53743506307554,-52.53743506307554,80.06999969482422,68.37000274658203,71.91944296264649,0.7779252816509522,63.86691094178482,81.30172963025872,False,False,False,False,,
485,ILOW,ILOW,AMEX:ILOW,US,AB International Low Volatility Equity ETF,1.874,Foreign Large Blend,Long,54996.3,,https://www.tradingview.com/chart/?symbol=AMEX%3AILOW,False,,-49.50206241320885,-49.50206241320885,46.2599983215332,41.119998931884766,42.688219039916994,0.7735137751033757,57.62016197788686,,False,False,False,False,,
486,IYE,IYE,AMEX:IYE,US,iShares U.S. Energy ETF,1.867,Equity Energy,Long,533452.3,,https://www.tradingview.com/chart/?symbol=AMEX%3AIYE,False,,11.90075873618382,11.90075873618382,67.18000030517578,56.29499816894531,59.350018096923826,0.8408653837653317,60.5787967040528,80.1482910930995,False,False,False,False,,
487,CHAT,CHAT,AMEX:CHAT,US,Roundhill Generative AI & Technology ETF,1.866,Technology,Long,281833.0,,https://www.tradingview.com/chart/?symbol=AMEX%3ACHAT,False,,-33.89373605007723,-33.89373605007723,86.18000030517578,59.099998474121094,69.72235897827149,0.6016440912198233,10.679469441411081,78.563232851126,False,False,False,False,,
488,HMAX,HMAX.TO,TSX:HMAX,TSX,Hamilton Canadian Financials Yield Maximizer ETF,1.863,Financials,Long,363585.85,,https://www.tradingview.com/chart/?symbol=TSX%3AHMAX,False,,-17.49100041689829,-7.8043310419022935,17.5,15.199999809265137,15.99531978225708,0.6824926613768397,19.92768576798827,78.57164208929936,False,False,False,False,,
489,ARKW,ARKW,AMEX:ARKW,US,ARK Next Generation Internet ETF,1.854,Mid-Cap Growth,Long,25441.65,,https://www.tradingview.com/chart/?symbol=AMEX%3AARKW,False,,-23.730951922214885,-23.730951922214885,153.3699951171875,114.44999694824219,125.32959838867187,0.8442514754022395,51.82912029276773,27.975198045602628,False,False,False,False,,
490,RWR,RWR,AMEX:RWR,US,State Street SPDR Dow Jones REIT ETF,1.848,Real Estate,Long,193509.05,,https://www.tradingview.com/chart/?symbol=AMEX%3ARWR,True,2026-09-16 09:30,-64.34043009479737,-62.166655478262804,108.5199966430664,99.2750015258789,104.02922073364257,0.45892264372103947,-0.9323279287841414,80.83377606887895,False,False,False,False,,
491,RODM,RODM,AMEX:RODM,US,Hartford Multifactor Developed Markets (ex-US) ETF,1.824,Foreign Large Value,Long,71477.2,,https://www.tradingview.com/chart/?symbol=AMEX%3ARODM,False,,-26.978849191542608,-18.06333696904659,41.79999923706055,38.189998626708984,39.24963902282715,0.8040087440644947,62.38846215346127,69.61222815692254,False,False,False,False,,
492,ICOW,ICOW,AMEX:ICOW,US,Pacer Developed Markets International Cash Cows 100 ETF,1.823,Foreign Large Value,Long,95016.0,,https://www.tradingview.com/chart/?symbol=AMEX%3AICOW,False,,-54.348865941908706,-50.70627668483335,43.61000061035156,41.14500045776367,42.30730027770996,0.5005077227299449,44.28510386782719,68.50258196693517,False,False,False,False,,
493,ZWC,ZWC.TO,TSX:ZWC,TSX,BMO Canadian High Dividend Covered Call Fund,1.823,High Dividend Yield,Long,73819.6,,https://www.tradingview.com/chart/?symbol=TSX%3AZWC,False,,-40.124414479385656,-26.681947633792277,22.649999618530273,20.8799991607666,21.425159484863283,0.7662335088753586,51.99404267389236,75.42150215984434,False,False,False,False,,
494,QDPL,QDPL,AMEX:QDPL,US,Pacer Metaurus US Large Cap Dividend Multiplier 400 ETF,1.808,Large Blend,Long,123996.75,,https://www.tradingview.com/chart/?symbol=AMEX%3AQDPL,False,,-52.30004184333915,-52.30004184333915,45.439998626708984,39.27000045776367,41.09576759338379,0.7975384918824965,47.15860864472913,69.5121175175349,False,False,False,False,,
495,GSWO,GSWO,AMEX:GSWO,US,Goldman Sachs ActiveBeta World Equity ETF,1.807,Global Large-Stock Blend,Long,54634.65,,https://www.tradingview.com/chart/?symbol=AMEX%3AGSWO,False,,-48.52529419772256,-48.52529419772256,64.3499984741211,54.72999954223633,57.4515518951416,0.8342002848121679,53.50847536711137,73.86330717764143,False,False,False,False,,
496,FCOM,FCOM,AMEX:FCOM,US,Fidelity MSCI Communication Services Index ETF,1.792,Communications,Long,149907.45,,https://www.tradingview.com/chart/?symbol=AMEX%3AFCOM,False,,53.530802732250685,68.12951627159383,72.73999786376953,65.43000030517578,67.7664006652832,0.7383834779707047,10.687375239837964,35.54746538939477,False,False,False,False,,
497,GEM,GEM,AMEX:GEM,US,Goldman Sachs ActiveBeta Emerging Markets Equity ETF,1.786,Diversified Emerging Mkts,Long,108771.55,,https://www.tradingview.com/chart/?symbol=AMEX%3AGEM,False,,-41.05968088989726,-41.05968088989726,50.260101318359375,41.61000061035156,44.56826057434082,0.6900758526769072,33.619135175791996,74.84941161880938,False,False,False,False,,
498,BDVL,BDVL,AMEX:BDVL,US,iShares Disciplined Volatility Equity Active ETF Trust Unit,1.78,Global Large-Stock Blend,Long,231793.3,,https://www.tradingview.com/chart/?symbol=AMEX%3ABDVL,False,,-46.07524846789513,-46.07524846789513,26.200000762939453,24.110000610351562,24.792040466308595,0.7231835965343006,55.549701472329296,,False,False,False,False,,
499,EWW,EWW,AMEX:EWW,US,iShares MSCI Mexico ETF,1.773,Focused Region,Long,1093486.15,,https://www.tradingview.com/chart/?symbol=AMEX%3AEWW,True,2026-09-16 09:30,-71.39949531859399,-71.39949531859399,72.8010025024414,69.86000061035156,72.34508032226563,0.27929745802745715,1.4852422600914725,53.59966293413864,False,False,False,False,,
500,RPV,RPV,AMEX:RPV,US,Invesco S&P 500 Pure Value ETF,1.766,Mid-Cap Value,Long,121782.8,,https://www.tradingview.com/chart/?symbol=AMEX%3ARPV,False,,-19.804987590657106,-19.54877182624477,120.27999877929688,104.54000091552734,108.9720806274414,0.8381256063297167,63.1792786185269,77.88733295517756,False,False,False,False,,
501,SPGM,SPGM,AMEX:SPGM,US,State Street SPDR Portfolio MSCI Global Stock Market ETF,1.762,Global Large-Stock Blend,Long,87066.0,,https://www.tradingview.com/chart/?symbol=AMEX%3ASPGM,True,2026-09-16 09:30,-56.185019064084656,-56.185019064084656,85.8499984741211,73.34500122070312,76.95462078857422,0.8175873651824221,50.10053190547714,70.17409451639128,False,False,False,False,,
502,XEG,XEG.TO,TSX:XEG,TSX,iShares S&P/TSX Capped Energy Index ETF,1.739,Energy,Long,1590472.7,,https://www.tradingview.com/chart/?symbol=TSX%3AXEG,False,,22.306374111851536,51.01448246473884,29.0,23.81999969482422,25.278479766845702,0.8381877102558563,53.95975210948641,80.04628256557635,False,False,False,False,,
503,DFAR,DFAR,AMEX:DFAR,US,Dimensional US Real Estate ETF,1.737,Real Estate,Long,2813620.45,,https://www.tradingview.com/chart/?symbol=AMEX%3ADFAR,True,2026-09-16 09:30,-65.24900599571117,-62.316149823625615,25.184999465942383,23.200000762939453,24.220700492858885,0.4589593591306898,-8.875719934407018,81.27122473897352,False,False,False,False,,
504,HACK,HACK,AMEX:HACK,US,Amplify Cybersecurity ETF,1.734,Technology,Long,281297.35,,https://www.tradingview.com/chart/?symbol=AMEX%3AHACK,False,,-14.668325278163223,54.671585826148764,119.41999816894531,71.06999969482422,83.03755947875976,0.9534608429706284,52.697243739301236,62.92454523704324,False,False,False,False,,
505,EWG,EWG,AMEX:EWG,US,iShares MSCI Germany ETF,1.714,Focused Region,Long,792172.5,,https://www.tradingview.com/chart/?symbol=AMEX%3AEWG,False,,-65.69640751328394,-58.78031002298969,42.41999816894531,38.09000015258789,39.633440368652344,0.6620791147103805,46.93049792151834,49.200191266970414,False,False,False,False,,
506,FDIS,FDIS,AMEX:FDIS,US,Fidelity MSCI Consumer Discretionary Index ETF,1.692,Consumer Cyclical,Long,55628.05,,https://www.tradingview.com/chart/?symbol=AMEX%3AFDIS,False,,-66.72506844846474,-66.72506844846474,96.16000366210938,90.31999969482422,93.84819897460937,0.3906357966161204,-8.229711940240248,33.353363461444275,False,False,False,False,,
507,TOUS,TOUS,AMEX:TOUS,US,T. Rowe Price International Equity ETF,1.688,Foreign Large Blend,Long,100223.2,,https://www.tradingview.com/chart/?symbol=AMEX%3ATOUS,False,,-52.81670034134058,-52.81670034134058,38.75,33.470001220703125,35.0582811126709,0.7845466773304373,51.625727798251795,,False,False,False,False,,
508,FLKR,FLKR,AMEX:FLKR,US,Franklin FTSE South Korea ETF,1.687,Focused Region,Long,573190.8,,https://www.tradingview.com/chart/?symbol=AMEX%3AFLKR,False,,-25.648571777178585,-25.648571777178585,57.70000076293945,37.60499954223633,45.7930203704834,0.5791900616233797,21.44887851382053,81.36962021320315,False,False,False,False,,
509,IDIV.B,IDIV-B.TO,TSX:IDIV.B,TSX,Manulife Smart International Dividend ETF,1.685,Total Market,Long,113557.2,,https://www.tradingview.com/chart/?symbol=TSX%3AIDIV.B,False,,-23.9390983157373,-21.529711469383397,20.850000381469727,18.110000610351562,18.87464055633545,0.8456790014440514,44.59749938151115,71.89081412207982,False,False,False,False,,
510,IEV,IEV,AMEX:IEV,US,iShares Europe ETF,1.683,Europe Stock,Long,102898.7,,https://www.tradingview.com/chart/?symbol=AMEX%3AIEV,True,2026-09-16 09:30,-67.86337751648162,-65.44771899546728,72.44999694824219,65.26000213623047,67.85364163208008,0.654230774303861,45.39302240403135,67.3175636315665,False,False,False,False,,
511,BIZD,BIZD,AMEX:BIZD,US,VanEck BDC Income ETF,1.681,Financial,Long,2866820.1,,https://www.tradingview.com/chart/?symbol=AMEX%3ABIZD,False,,-63.549687865066964,-33.94395795190198,13.085000038146973,12.109999656677246,12.455739692687988,0.6655292013092352,53.525196791751874,-28.86431176223431,False,False,False,False,,
512,KORU,KORU,AMEX:KORU,US,Direxion Daily MSCI South Korea Bull 3X ETF,1.675,Trading--Leveraged Equity,3X Long,23657476.95,,https://www.tradingview.com/chart/?symbol=AMEX%3AKORU,False,,-31.542436039270708,-31.542436039270708,18.309999465942383,11.954999923706055,24.03831758880615,0.12411987614126417,-22.66579891111228,66.12170734034613,False,True,False,False,,
513,IHE,IHE,AMEX:IHE,US,iShares U.S. Pharmaceuticals ETF,1.675,Health,Long,197113.5,,https://www.tradingview.com/chart/?symbol=AMEX%3AIHE,False,,-58.990063694481044,-51.75406970743101,101.19999694824219,83.7699966430664,89.50007815551757,0.717874617155638,55.967547651485994,80.37805783633355,False,False,False,False,,
514,INFL,INFL,AMEX:INFL,US,Horizon Kinetics Inflation Beneficiaries ETF,1.67,Global Small/Mid Stock,Long,144663.0,,https://www.tradingview.com/chart/?symbol=AMEX%3AINFL,False,,-69.27757638288114,-69.27757638288114,52.880001068115234,48.189998626708984,50.03787905883789,0.5989784603632098,52.5899303239593,65.47577133037163,False,False,False,False,,
515,FGD,FGD,AMEX:FGD,US,First Trust Dow Jones Global Select Dividend Index Fund,1.668,Foreign Large Value,Long,135659.25,,https://www.tradingview.com/chart/?symbol=AMEX%3AFGD,False,,-46.94428745946027,-46.94428745946027,35.0099983215332,30.959999084472656,32.14943930053711,0.8035711312240483,67.3796425850421,70.61783371743297,False,False,False,False,,
516,XFN,XFN.TO,TSX:XFN,TSX,iShares S&P/TSX Capped Financials Index ETF,1.654,Financials,Long,103181.3,,https://www.tradingview.com/chart/?symbol=TSX%3AXFN,False,,-18.117638750571384,-8.324813525323329,92.8550033569336,73.91999816894531,79.6453586730957,0.7805030305298404,21.472991741056934,79.78188966706941,False,False,False,False,,
517,QQC,QQC.TO,TSX:QQC,TSX,CI Invesco NASDAQ 100 Index ETF,1.646,US Equity,Long,92352.3,,https://www.tradingview.com/chart/?symbol=TSX%3AQQC,False,,-23.33722536439439,-21.81550849089811,48.150001525878906,38.029998779296875,41.14283935546875,0.767247981305384,8.93822394278074,70.78956619253394,False,False,False,False,,
518,BUG,BUG,AMEX:BUG,US,Global X Cybersecurity ETF,1.64,Technology,Long,1312198.55,,https://www.tradingview.com/chart/?symbol=AMEX%3ABUG,False,,-35.66855841461222,41.14752153489287,44.970001220703125,23.299999237060547,28.494359741210936,0.9845524707138388,53.40712349961604,22.170509419702412,False,False,False,False,,
519,KBE,KBE,AMEX:KBE,US,State Street SPDR S&P Bank ETF,1.612,Financial,Long,1199488.9,,https://www.tradingview.com/chart/?symbol=AMEX%3AKBE,False,,-33.9792993233735,-33.9792993233735,66.78500366210938,57.29999923706055,60.69013963317871,0.6602856468347577,26.066663297896042,71.69786916931967,False,False,False,False,,
520,FFSM,FFSM,AMEX:FFSM,US,Fidelity Fundamental Small-Mid Cap ETF,1.606,Mid-Cap Blend,Long,224548.1,,https://www.tradingview.com/chart/?symbol=AMEX%3AFFSM,True,2026-09-16 09:30,-71.64767997057386,-70.6138915233494,34.66999816894531,30.889999389648438,32.66943960571289,0.50132603717761,3.5930768053684012,73.12631824320073,False,False,False,False,,
521,TGRT,TGRT,AMEX:TGRT,US,T. Rowe Price Growth ETF,1.601,Large Growth,Long,72388.85,,https://www.tradingview.com/chart/?symbol=AMEX%3ATGRT,False,,-51.04773287784436,-49.64823141940635,45.415000915527344,37.790000915527344,40.0992608795166,0.7792539722948104,29.04804571400012,,False,False,False,False,,
522,SEIV,SEIV,AMEX:SEIV,US,SEI Enhanced U.S. Large Cap Value Factor ETF,1.589,Large Value,Long,143790.65,,https://www.tradingview.com/chart/?symbol=AMEX%3ASEIV,False,,-13.101116535995137,-13.101116535995137,50.189998626708984,40.56999969482422,43.13886019897461,0.88378475369011,59.134661373097536,78.85516321178203,False,False,False,False,,
523,BKGI,BKGI,AMEX:BKGI,US,BNY Mellon Global Infrastructure Income ETF,1.585,Infrastructure,Long,500717.75,,https://www.tradingview.com/chart/?symbol=AMEX%3ABKGI,True,2026-09-16 09:30,-64.217247788914,-62.774482716601824,43.52000045776367,43.43000030517578,44.15687983703613,0.02922084758169093,-25.63398297767485,61.67473971910919,False,True,False,False,,
524,ZWU,ZWU.TO,TSX:ZWU,TSX,BMO Covered Call Utilities Fund,1.58,Utilities,Long,224160.25,,https://www.tradingview.com/chart/?symbol=TSX%3AZWU,True,2026-09-16 09:30,-64.70196451447661,-63.890646965591195,11.135000228881836,11.119999885559082,11.391400020599365,0.01304377031221623,-41.9587303612575,58.00479826585632,False,True,False,False,,"NEAR: 4h+band ok, weekly shallow"
525,AVES,AVES,AMEX:AVES,US,Avantis Emerging Markets Value ETF,1.563,Diversified Emerging Mkts,Long,82668.3,,https://www.tradingview.com/chart/?symbol=AMEX%3AAVES,False,,-58.072036014311514,-58.072036014311514,64.45999908447266,58.25,60.765760864257814,0.5825513087341507,29.037565370695305,63.38159195955083,False,False,False,False,,
526,XOVR,XOVR,AMEX:XOVR,US,ERShares Private-Public Crossover ETF,1.549,Large Growth,Long,1229508.85,,https://www.tradingview.com/chart/?symbol=AMEX%3AXOVR,False,,-15.25235418507124,-13.30072565918612,20.7549991607666,16.450000762939453,17.60876072692871,0.8767817783326742,37.645636490758555,28.798105538905286,False,False,False,False,,
527,LIT,LIT,AMEX:LIT,US,Global X Lithium & Battery Tech ETF,1.549,Natural Resources,Long,274797.9,,https://www.tradingview.com/chart/?symbol=AMEX%3ALIT,False,,-80.20492549780245,-70.95487691835301,69.61000061035156,66.7300033569336,72.63472256469727,0.11510781933762088,-17.521018961039452,49.44866907411781,False,True,False,False,,
528,ASHR,ASHR,AMEX:ASHR,US,Xtrackers Harvest CSI 300 China A-Shares ETF,1.543,Greater China Region,Long,2948509.35,,https://www.tradingview.com/chart/?symbol=AMEX%3AASHR,True,2026-09-16 09:30,-82.6362484378597,-75.79899415573034,33.290000915527344,31.93000030517578,33.19496044921875,0.2537314282623487,-40.15625864085237,55.174237774169946,False,False,False,False,,
529,FLQM,FLQM,AMEX:FLQM,US,Franklin U.S. Mid Cap Multifactor Index ETF,1.543,Mid-Cap Blend,Long,42324.9,,https://www.tradingview.com/chart/?symbol=AMEX%3AFLQM,False,,-61.936803526873064,-31.96647569977725,59.239200592041016,54.040000915527344,55.92328080749512,0.6515288188922176,51.101555664819294,69.70254410622967,False,False,False,False,,
530,SEIM,SEIM,AMEX:SEIM,US,SEI Enhanced U.S. Large Cap Momentum Factor ETF,1.504,Large Growth,Long,92607.65,,https://www.tradingview.com/chart/?symbol=AMEX%3ASEIM,False,,-51.98935381725085,-51.97520534914568,52.59000015258789,43.904998779296875,46.79481942749023,0.709269042484721,14.797584211417053,71.02778487345932,False,False,False,False,,
531,FNDB,FNDB,AMEX:FNDB,US,Schwab Fundamental U.S. Broad Market ETF,1.498,Large Value,Long,581123.5,,https://www.tradingview.com/chart/?symbol=AMEX%3AFNDB,False,,-42.19985844942365,-42.19985844942365,31.149999618530273,26.655000686645508,27.898720344543456,0.8529412084052208,53.09072480398138,74.18039205321429,False,False,False,False,,
532,USXF,USXF,AMEX:USXF,US,iShares ESG Advanced MSCI USA ETF,1.497,Large Growth,Long,52914.4,,https://www.tradingview.com/chart/?symbol=AMEX%3AUSXF,True,2026-09-16 09:30,-62.74850964224844,-62.74850964224844,65.875,53.310001373291016,57.39516169738769,0.7258808567223181,24.363884507740337,72.04571898286207,False,False,False,False,,
533,DDWM,DDWM,AMEX:DDWM,US,WisdomTree Dynamic International Equity Fund,1.495,Foreign Large Value,Long,95261.7,,https://www.tradingview.com/chart/?symbol=AMEX%3ADDWM,False,,-50.734586473668976,-50.09590175831263,46.400001525878906,42.68000030517578,43.9048399810791,0.7167634306412147,47.718553181926495,65.24367105743792,False,False,False,False,,
534,SMIG,SMIG,AMEX:SMIG,US,Bahl & Gaynor Small/Mid Cap Income Growth ETF,1.488,Mid-Cap Value,Long,204331.75,,https://www.tradingview.com/chart/?symbol=AMEX%3ASMIG,True,2026-09-16 09:30,-73.5536050071572,-73.5536050071572,31.264999389648438,28.90999984741211,30.026279739379884,0.4978857865011319,11.24108314410532,74.61679354464373,False,False,False,False,,
535,IWC,IWC,AMEX:IWC,US,iShares Micro-Cap ETF,1.484,Small Blend,Long,49218.2,,https://www.tradingview.com/chart/?symbol=AMEX%3AIWC,True,2026-09-16 09:30,-61.55887186091613,-61.55887186091613,187.5,153.0449981689453,164.62198004150392,0.7023748090513174,28.30804448162817,71.60641476282004,False,False,False,False,,
536,FREL,FREL,AMEX:FREL,US,Fidelity MSCI Real Estate Index ETF,1.476,Real Estate,Long,338787.4,,https://www.tradingview.com/chart/?symbol=AMEX%3AFREL,True,2026-09-16 09:30,-64.90374357469949,-60.039112560173805,28.354999542236328,26.420000076293945,27.46548014831543,0.43679443174792343,-4.715642378372895,75.34543757156406,False,False,False,False,,
537,AVLC,AVLC,AMEX:AVLC,US,Avantis U.S. Large Cap Equity ETF,1.473,Large Blend,Long,67313.1,,https://www.tradingview.com/chart/?symbol=AMEX%3AAVLC,False,,-56.814992064746406,-56.814992064746406,89.5,75.37999725341797,79.52651718139649,0.8036427428477139,45.63572239017545,,False,False,False,False,,
538,RDIV,RDIV,AMEX:RDIV,US,Invesco S&P Ultra Dividend Revenue ETF,1.471,Mid-Cap Value,Long,92747.0,,https://www.tradingview.com/chart/?symbol=AMEX%3ARDIV,False,,-69.27174504105737,-60.13799490942614,60.15999984741211,54.5099983215332,56.775598861694334,0.5885416852931137,53.1936336420812,78.2539390731093,False,False,False,False,,
539,NVDY,NVDY,AMEX:NVDY,US,YieldMax NVDA Option Income Strategy ETF,1.447,Derivative Income,Long,1913077.85,,https://www.tradingview.com/chart/?symbol=AMEX%3ANVDY,True,2026-09-16 09:30,-58.136022561322825,-51.29580251721245,12.1899995803833,11.59000015258789,12.371160026550292,0.18126873855086428,52.391589502239306,60.374177332726426,False,True,False,False,,
540,IDVO,IDVO,AMEX:IDVO,US,Amplify CWP International Enhanced Dividend Income ETF,1.446,Derivative Income,Long,253072.95,,https://www.tradingview.com/chart/?symbol=AMEX%3AIDVO,False,,-52.51577743724871,-52.51577743724871,42.08000183105469,38.959999084472656,40.04441937255859,0.6789993292111922,55.685811390240325,68.227983135188,False,False,False,False,,
541,IAI,IAI,AMEX:IAI,US,iShares U.S. Broker-Dealers & Securities Exchanges ETF,1.434,Financial,Long,76946.25,,https://www.tradingview.com/chart/?symbol=AMEX%3AIAI,False,,-72.3809151519733,-72.3809151519733,181.01499938964844,158.27000427246094,167.66044268798828,0.5716260104299727,52.95111144651128,55.35514493614852,False,False,False,False,,
542,QQQE,QQQE,AMEX:QQQE,US,Direxion NASDAQ-100 Equal Weighted Index ETF,1.431,Large Growth,Long,141525.4,,https://www.tradingview.com/chart/?symbol=AMEX%3AQQQE,True,2026-09-16 09:30,-69.71700078206808,-67.38747449982004,116.6500015258789,96.06300354003906,102.82251513671875,0.7187696115566609,30.32622548278783,76.44073191744246,False,False,False,False,,
543,HHIS,HHIS.TO,TSX:HHIS,TSX,Harvest Diversified High Income Shares ETF,1.43,Total Market,Long,827952.3,,https://www.tradingview.com/chart/?symbol=TSX%3AHHIS,False,,-8.01833250494787,12.94896071185896,11.140000343322754,9.779999732971191,10.369999732971191,0.544000244140625,45.27670458536445,,False,False,False,False,,
544,FSTA,FSTA,AMEX:FSTA,US,Fidelity MSCI Consumer Staples Index ETF,1.414,Consumer Defensive,Long,122094.6,,https://www.tradingview.com/chart/?symbol=AMEX%3AFSTA,False,,-59.84650871198849,-24.06276674414806,52.439998626708984,51.34000015258789,52.21792044067383,0.2956984175164278,14.37679220719374,56.21976721140481,False,False,False,False,,
545,IYK,IYK,AMEX:IYK,US,iShares U.S. Consumer Staples ETF,1.404,Consumer Defensive,Long,119163.05,,https://www.tradingview.com/chart/?symbol=AMEX%3AIYK,False,,-48.42279414325145,-33.52454477992496,73.18000030517578,69.02999877929688,70.94395892333985,0.5117140830522091,39.44306626026391,68.01854975694617,False,False,False,False,,
546,RYLD,RYLD,AMEX:RYLD,US,Global X Russell 2000 Covered Call ETF,1.397,Derivative Income,Long,442053.9,,https://www.tradingview.com/chart/?symbol=AMEX%3ARYLD,True,2026-09-16 09:30,-61.794542712353184,-61.794542712353184,15.739999771118164,14.649999618530273,15.0677197265625,0.6158191359820687,52.659520677119126,76.71822347640352,False,False,False,False,,
547,HHL,HHL.TO,TSX:HHL,TSX,Harvest Healthcare Leaders Income ETF,1.392,Health Care,Long,316378.75,,https://www.tradingview.com/chart/?symbol=TSX%3AHHL,False,,-67.56250567218306,-23.174726264635865,7.260000228881836,6.690000057220459,6.93307999420166,0.5533983683831883,54.9813473764135,31.146284821530813,False,False,False,False,,
548,HDIV,HDIV.TO,TSX:HDIV,TSX,Hamilton Enhanced Canadian Covered Call ETF,1.391,Total Market,1.25X Long,188717.45,,https://www.tradingview.com/chart/?symbol=TSX%3AHDIV,False,,-47.83999352858843,-47.47700353700524,23.5,20.280000686645508,21.202760650634765,0.8235292682903034,53.481784762643194,75.72239817484503,False,False,False,False,,
549,BALI,BALI,AMEX:BALI,US,iShares U.S. Large Cap Premium Income Active ETF,1.382,Derivative Income,Long,230153.7,,https://www.tradingview.com/chart/?symbol=AMEX%3ABALI,False,,-52.866142077227074,-52.866142077227074,34.02000045776367,30.059999465942383,31.268319664001464,0.7734375669387991,54.64733736329311,,False,False,False,False,,
550,BKIE,BKIE,AMEX:BKIE,US,BNY Mellon International Equity ETF,1.366,Foreign Large Blend,Long,92094.7,,https://www.tradingview.com/chart/?symbol=AMEX%3ABKIE,True,2026-09-16 09:30,-57.03972574334502,-57.03972574334502,33.790000915527344,30.06333351135254,31.24018662261963,0.7473264921212844,57.138517061593234,65.28659596165295,False,False,False,False,,
551,BUYW,BUYW,AMEX:BUYW,US,Main BuyWrite ETF,1.359,Derivative Income,Long,233695.2,,https://www.tradingview.com/chart/?symbol=AMEX%3ABUYW,False,,-41.114385975673486,-41.114385975673486,14.53499984741211,13.859999656677246,14.04643964767456,0.8544306624415271,60.17770209612848,68.4798046540364,False,False,False,False,,
552,FDT,FDT,AMEX:FDT,US,First Trust Developed Markets ex-US AlphaDEX Fund,1.347,Foreign Large Value,Long,114642.8,,https://www.tradingview.com/chart/?symbol=AMEX%3AFDT,False,,-34.69124880674096,-34.69124880674096,94.9000015258789,83.81999969482422,87.84615911865234,0.6494726504502506,27.19283685163354,68.34160847618905,False,False,False,False,,
553,EWA,EWA,AMEX:EWA,US,iShares MSCI Australia ETF,1.34,Focused Region,Long,2256429.7,,https://www.tradingview.com/chart/?symbol=AMEX%3AEWA,False,,-66.2516699643327,-66.2516699643327,28.5,27.15999984741211,27.931719955444336,0.4097859220191995,46.01499026288074,64.496069256972,False,False,False,False,,
554,XHB,XHB,AMEX:XHB,US,State Street SPDR S&P Homebuilders ETF,1.339,Consumer Cyclical,Long,1525099.25,,https://www.tradingview.com/chart/?symbol=AMEX%3AXHB,False,,-67.26334410606724,-50.20990928256208,96.81999969482422,94.8499984741211,99.88387890625,0.09235823026676768,-36.25655765030523,3.4537551257243595,False,True,False,False,,
556,IHF,IHF,AMEX:IHF,US,iShares U.S. Healthcare Providers ETF,1.325,Health,Long,528318.9,,https://www.tradingview.com/chart/?symbol=AMEX%3AIHF,False,,-32.28418626906438,-6.686784407351787,56.66999816894531,40.970001220703125,45.02212078857422,0.9143854759774024,43.33870460724928,30.936656080032222,False,False,False,False,,
557,MGNR,MGNR,AMEX:MGNR,US,American Beacon GLG Natural Resources ETF,1.325,Natural Resources,Long,383997.75,,https://www.tradingview.com/chart/?symbol=AMEX%3AMGNR,False,,-51.47237426448425,-51.47237426448425,52.130001068115234,47.429901123046875,49.528483840942386,0.5285584302097369,31.725538074400145,,False,False,False,False,,
558,SEIE,SEIE,AMEX:SEIE,US,SEI Select International Equity ETF,1.32,Foreign Large Blend,Long,88725.45,,https://www.tradingview.com/chart/?symbol=AMEX%3ASEIE,False,,-48.34430115171643,-47.084407301152936,36.2400016784668,31.520000457763672,32.91239991760254,0.8000005172472875,54.60308314580406,,False,False,False,False,,
559,IDU,IDU,AMEX:IDU,US,iShares U.S. Utilities ETF,1.315,Utilities,Long,75343.05,,https://www.tradingview.com/chart/?symbol=AMEX%3AIDU,False,,-69.9356857654215,-69.9356857654215,104.74500274658203,104.74500274658203,108.34518209838868,0.0,-48.300299165544054,36.583436364337885,False,True,False,False,,
560,NUGT,NUGT,AMEX:NUGT,US,Direxion Daily Gold Miners Index Bull 2X ETF,1.304,Trading--Leveraged Equity,2X Long,738789.75,,https://www.tradingview.com/chart/?symbol=AMEX%3ANUGT,True,2026-09-16 09:30,-62.81905311382536,-61.811744254949474,166.86000061035156,101.83000183105469,138.04892211914063,0.42373101102526295,21.559788120353634,27.977469298659116,False,False,False,False,,
561,FTGS,FTGS,AMEX:FTGS,US,First Trust Growth Strength ETF,1.301,Large Blend,Long,104437.15,,https://www.tradingview.com/chart/?symbol=AMEX%3AFTGS,True,2026-09-16 09:30,-62.57734273022223,-54.32563735149662,37.65999984741211,33.08000183105469,34.71786491394043,0.6599327765273003,45.72125828475893,62.378986781726205,False,False,False,False,,
562,SOXS,SOXS,AMEX:SOXS,US,Direxion Daily Semiconductor Bear 3X ETF,1.299,Trading--Inverse Equity,-3X Short,48290028.4,,https://www.tradingview.com/chart/?symbol=AMEX%3ASOXS,False,,-24.43508883333351,20.82039597284412,50.16999816894531,32.5,139.80447827148436,0.038862493299865214,-28.79359487165465,-39.33808850195351,False,True,False,False,,
563,EWS,EWS,AMEX:EWS,US,iShares MSCI Singapore ETF,1.29,Focused Region,Long,865185.2,,https://www.tradingview.com/chart/?symbol=AMEX%3AEWS,False,,-58.599458087531055,-58.599458087531055,32.71500015258789,27.125,28.88083967590332,0.7513442452153484,73.12759090314523,73.43733858859659,False,False,False,False,,
564,DVYE,DVYE,AMEX:DVYE,US,iShares Emerging Markets Dividend ETF,1.289,Diversified Emerging Mkts,Long,117777.6,,https://www.tradingview.com/chart/?symbol=AMEX%3ADVYE,False,,-52.91469206288273,-52.91469206288273,34.71500015258789,31.969999313354492,32.98951969146729,0.6354166252745675,59.8303832823301,65.00701092695346,False,False,False,False,,
565,BTCI,BTCI,AMEX:BTCI,US,NEOS Bitcoin High Income ETF,1.285,Digital Assets,Long,596300.35,,https://www.tradingview.com/chart/?symbol=AMEX%3ABTCI,False,,-44.321045906022086,-44.321045906022086,30.821500778198242,26.629899978637695,29.29908325958252,0.37060691776329824,29.640229674578336,,False,False,False,False,,
566,TGED,TGED.TO,TSX:TGED,TSX,TD Active Global Enhanced Dividend ETF,1.281,Total Market,Long,100768.75,,https://www.tradingview.com/chart/?symbol=TSX%3ATGED,True,2026-09-16 09:30,-53.563234740240254,-49.73394344770742,31.540000915527344,27.68000030517578,29.655320053100585,0.4611709800400612,-22.389925646748537,67.5291770702754,False,False,False,False,,
567,IGPT,IGPT,AMEX:IGPT,US,Invesco AI and Next Gen Software ETF,1.255,Technology,Long,130976.8,,https://www.tradingview.com/chart/?symbol=AMEX%3AIGPT,False,,-10.822076436873685,-10.822076436873685,93.70999908447266,55.4900016784668,68.01688121032714,0.7200451928093098,20.901266082701543,85.710813286409,False,False,False,False,,
568,UTES,UTES,AMEX:UTES,US,Virtus Reaves Utilities ETF,1.252,Utilities,Long,183396.1,,https://www.tradingview.com/chart/?symbol=AMEX%3AUTES,False,,-56.3552912567042,-56.3552912567042,71.97000122070312,71.8499984741211,74.94277926635742,0.009157017614844044,-59.042358666522226,18.3832081733694,False,True,False,False,,
569,AVGE,AVGE,AMEX:AVGE,US,Avantis All Equity Markets ETF,1.248,Global Large-Stock Blend,Long,78872.1,,https://www.tradingview.com/chart/?symbol=AMEX%3AAVGE,True,2026-09-16 09:30,-59.545803760521984,-59.545803760521984,98.7750015258789,85.62000274658203,89.59424188232421,0.7811758693615409,50.10212933886276,73.72764933581952,False,False,False,False,,
570,TNA,TNA,AMEX:TNA,US,Direxion Daily Small Cap Bull 3X ETF,1.246,Trading--Leveraged Equity,3X Long,3135456.25,,https://www.tradingview.com/chart/?symbol=AMEX%3ATNA,True,2026-09-16 09:30,-65.89635467284029,-65.75700099122953,61.939998626708984,39.9900016784668,48.76448085021973,0.5903711409403548,8.785224702894903,69.56537018865463,False,False,False,False,,
571,FTXL,FTXL,AMEX:FTXL,US,First Trust Nasdaq Semiconductor ETF,1.245,Technology,Long,125588.4,,https://www.tradingview.com/chart/?symbol=AMEX%3AFTXL,False,,-9.656623153720998,-9.656623153720998,223.99000549316406,139.3300018310547,176.59204168701172,0.536196111149392,-13.773198042039658,83.45765046019625,False,False,False,False,,
572,RWO,RWO,AMEX:RWO,US,State Street SPDR Dow Jones Global Real Estate ETF,1.243,Global Real Estate,Long,63768.55,,https://www.tradingview.com/chart/?symbol=AMEX%3ARWO,True,2026-09-16 09:30,-69.63101357284911,-65.9783821891394,48.099998474121094,44.83000183105469,46.57998886108398,0.4409856727628161,-1.4859619314068044,73.20295091991035,False,False,False,False,,
573,IYZ,IYZ,AMEX:IYZ,US,iShares U.S. Telecommunications ETF,1.238,Communications,Long,604137.45,,https://www.tradingview.com/chart/?symbol=AMEX%3AIYZ,False,,-30.855259475658674,-30.855259475658674,42.064998626708984,38.599998474121094,40.346398834228516,0.4682431673115566,22.13203344024606,73.06313302431663,False,False,False,False,,
574,SDIV,SDIV,AMEX:SDIV,US,Global X Superdividend ETF,1.238,Global Small/Mid Stock,Long,357267.6,,https://www.tradingview.com/chart/?symbol=AMEX%3ASDIV,False,,-63.00867578952824,-63.00867578952824,24.295000076293945,24.149999618530273,24.629079780578614,0.07142877276720488,39.20225989018738,57.38224666675858,False,True,False,False,,
575,EDIV,EDIV,AMEX:EDIV,US,State Street SPDR S&P Emerging Markets Dividend ETF,1.238,Diversified Emerging Mkts,Long,84103.35,,https://www.tradingview.com/chart/?symbol=AMEX%3AEDIV,False,,-47.59366823847338,-47.59366823847338,41.380001068115234,38.599998474121094,39.4983197479248,0.7303407269924848,47.77091926049777,62.81363988935109,False,False,False,False,,
576,MFSI,MFSI,AMEX:MFSI,US,MFS Active International ETF,1.229,Foreign Large Blend,Long,178068.65,,https://www.tradingview.com/chart/?symbol=AMEX%3AMFSI,False,,-52.122870047586154,-52.122870047586154,32.84000015258789,28.780000686645508,29.98832088470459,0.7929685157142032,52.033240707477226,,False,False,False,False,,
577,FFLC,FFLC,AMEX:FFLC,US,Fidelity Fundamental Large Cap Core ETF,1.226,Large Blend,Long,64949.75,,https://www.tradingview.com/chart/?symbol=AMEX%3AFFLC,False,,-55.91979255513274,-55.91979255513274,58.6150016784668,49.619998931884766,52.277359436035155,0.7988455630607282,41.89203247526344,67.90636061722599,False,False,False,False,,
578,IYM,IYM,AMEX:IYM,US,iShares U.S. Basic Materials ETF,1.221,Natural Resources,Long,150211.25,,https://www.tradingview.com/chart/?symbol=AMEX%3AIYM,False,,-79.51913124336231,-71.7297146253038,182.24000549316406,163.22999572753906,171.08171673583985,0.5713858528524576,35.016219961961994,67.92531835672571,False,False,False,False,,
579,WINN,WINN,AMEX:WINN,US,Harbor Long-Term Growers ETF,1.2,Large Growth,Long,95545.35,,https://www.tradingview.com/chart/?symbol=AMEX%3AWINN,False,,-37.76949356625905,-37.76949356625905,33.1151008605957,26.760000228881836,28.53590013885498,0.8445316882228756,40.98635776607093,51.354588290760496,False,False,False,False,,
580,EWH,EWH,AMEX:EWH,US,iShares MSCI Hong Kong ETF,1.198,Greater China Region,Long,2359591.05,,https://www.tradingview.com/chart/?symbol=AMEX%3AEWH,False,,-49.331816337907405,-49.331816337907405,22.28499984741211,20.875,21.7458401260376,0.38211372448275455,22.452994436137683,48.31282079163396,False,False,False,False,,
581,DFSI,DFSI,AMEX:DFSI,US,Dimensional International Sustainability Core 1 ETF,1.197,Foreign Large Blend,Long,50292.1,,https://www.tradingview.com/chart/?symbol=AMEX%3ADFSI,True,2026-09-16 09:30,-54.683610251654294,-53.09657503806008,45.900001525878906,40.869998931884766,42.49752603149414,0.7293768641195161,56.30973814448861,67.10787982704296,False,False,False,False,,
582,QQQJ,QQQJ,AMEX:QQQJ,US,Invesco NASDAQ Next Gen 100 ETF,1.196,Mid-Cap Growth,Long,148141.25,,https://www.tradingview.com/chart/?symbol=AMEX%3AQQQJ,False,,-61.769824466342385,-46.52738562001172,43.900001525878906,34.689998626708984,37.54205931091309,0.7621018361363013,31.68114414254569,77.19330135121805,False,False,False,False,,
583,IYC,IYC,AMEX:IYC,US,iShares U.S. Consumer Discretionary ETF,1.183,Consumer Cyclical,Long,66847.3,,https://www.tradingview.com/chart/?symbol=AMEX%3AIYC,False,,-58.6455811211265,-52.34559158460673,96.36499786376953,94.20999908447266,96.7776784362793,0.19806979074557016,-11.412163069487741,18.481124405939987,False,True,False,False,,
584,CHPY,CHPY,AMEX:CHPY,US,YieldMax Semiconductor Portfolio Option Income ETF,1.182,Derivative Income,Long,546018.8,,https://www.tradingview.com/chart/?symbol=AMEX%3ACHPY,False,,-43.93741422570461,-43.93741422570461,63.5099983215332,52.400001525878906,61.14144174194336,0.2999459103954,-9.990311163707418,,False,False,False,False,,
585,MOO,MOO,AMEX:MOO,US,VanEck Agribusiness ETF,1.174,Natural Resources,Long,462897.5,,https://www.tradingview.com/chart/?symbol=AMEX%3AMOO,False,,-40.06910250326693,-40.06910250326693,85.11000061035156,76.58000183105469,79.4875217590332,0.6923700479376174,58.075309628846924,60.16890254708549,False,False,False,False,,
586,RSPA,RSPA,AMEX:RSPA,US,Invesco S&P 500 Equal Weight Income Advantage ETF,1.17,Derivative Income,Long,270430.45,,https://www.tradingview.com/chart/?symbol=AMEX%3ARSPA,True,2026-09-16 09:30,-69.23112103219401,-57.75740338633941,52.63999938964844,49.17499923706055,50.54497930908203,0.5968992197120939,47.615527590022374,,False,False,False,False,,
587,APIE,APIE,AMEX:APIE,US,ActivePassive International Equity ETF,1.168,Foreign Large Blend,Long,64151.6,,https://www.tradingview.com/chart/?symbol=AMEX%3AAPIE,True,2026-09-16 09:30,-57.78814168372404,-57.78814168372404,38.404998779296875,34.13199996948242,35.53808801269531,0.7171867536914462,47.731587071488,67.15556612345469,False,False,False,False,,
588,FXH,FXH,AMEX:FXH,US,First Trust Health Care AlphaDEX Fund,1.161,Health,Long,53424.65,,https://www.tradingview.com/chart/?symbol=AMEX%3AFXH,False,,-60.81883124269907,-14.910266831812175,131.00999450683594,104.81999969482422,112.08424325561523,0.8508578661921578,66.87325431510111,69.82461195348198,False,False,False,False,,
589,BLOK,BLOK,AMEX:BLOK,US,Amplify Blockchain Technology ETF,1.153,Equity Digital Assets,Long,205400.35,,https://www.tradingview.com/chart/?symbol=AMEX%3ABLOK,False,,-47.393989482893204,-47.393989482893204,60.720001220703125,47.369998931884766,52.49827882385254,0.6143581486446941,18.76709273035857,36.42077091485342,False,False,False,False,,
590,OAKM,OAKM,AMEX:OAKM,US,Oakmark U.S. Large Cap ETF,1.15,Large Value,Long,156439.55,,https://www.tradingview.com/chart/?symbol=AMEX%3AOAKM,False,,-40.4459336935759,-37.56438288286258,30.579999923706055,26.989999771118164,28.198319969177245,0.7011717898713099,76.8914194764444,,False,False,False,False,,
591,PEY,PEY,AMEX:PEY,US,Invesco High Yield Equity Dividend Achievers ETF,1.14,Mid-Cap Value,Long,287329.65,,https://www.tradingview.com/chart/?symbol=AMEX%3APEY,False,,-75.61164265679969,-56.37164027098839,23.7549991607666,20.604999542236328,21.708299812316895,0.6737965449050957,51.9822774444883,84.93552164431065,False,False,False,False,,
592,EWI,EWI,AMEX:EWI,US,iShares MSCI Italy ETF,1.12,Focused Region,Long,322325.7,,https://www.tradingview.com/chart/?symbol=AMEX%3AEWI,False,,-46.88631573551809,-46.417050754637444,60.66999816894531,50.685001373291016,53.675120941162106,0.7880819446468379,43.983675475606326,70.53646155351747,False,False,False,False,,
593,EIPI,EIPI,AMEX:EIPI,US,FT Energy Income Partners Enhanced Income ETF,1.117,Derivative Income,Long,69614.35,,https://www.tradingview.com/chart/?symbol=AMEX%3AEIPI,False,,-62.938979976320034,-62.938979976320034,22.190000534057617,21.600000381469727,21.93035302734375,0.4214890897645177,62.522842476551695,,False,False,False,False,,
594,EUAD,EUAD,AMEX:EUAD,US,Select STOXX Europe Aerospace & Defense ETF,1.111,Industrials,Long,111209.35,,https://www.tradingview.com/chart/?symbol=AMEX%3AEUAD,False,,-58.915849956049065,-34.93900946433215,42.72999954223633,37.63999938964844,40.10494909667969,0.48732841590407067,27.415541222773356,,False,False,False,False,,
595,OMAH,OMAH,AMEX:OMAH,US,VistaShares Target 15 Berkshire Select Income ETF,1.102,Derivative Income,Long,1073346.75,,https://www.tradingview.com/chart/?symbol=AMEX%3AOMAH,False,,-10.858898315162056,29.034653814966536,18.264999389648438,17.8700008392334,18.17562085723877,0.3050181676787642,23.677276322632185,,False,False,False,False,,
596,GSID,GSID,AMEX:GSID,US,Marketbeta INTL Equity ETF,1.095,Foreign Large Blend,Long,89488.5,,https://www.tradingview.com/chart/?symbol=AMEX%3AGSID,False,,-52.693020802154514,-52.693020802154514,76.16999816894531,67.5199966430664,70.16319772338868,0.772321249149357,55.33301146258097,70.34858914095615,False,False,False,False,,
597,IMFL,IMFL,AMEX:IMFL,US,Invesco International Developed Dynamic Multifactor ETF,1.09,Foreign Large Blend,Long,58737.8,,https://www.tradingview.com/chart/?symbol=AMEX%3AIMFL,True,2026-09-16 09:30,-58.31070342566108,-57.62676149083628,34.150001525878906,30.65999984741211,31.771559631347657,0.7409771458283726,43.44596977801901,71.37693289297926,False,False,False,False,,
598,TRFK,TRFK,AMEX:TRFK,US,Pacer Data and Digital Revolution ETF,1.078,Technology,Long,121242.3,,https://www.tradingview.com/chart/?symbol=AMEX%3ATRFK,False,,-22.494743303088182,-22.494743303088182,93.61000061035156,59.404998779296875,71.52575006103515,0.6659967063503028,10.105617693607146,79.01995894692357,False,False,False,False,,
599,UMAX,UMAX.TO,TSX:UMAX,TSX,Hamilton Utilities YIELD MAXIMIZER ETF,1.07,Utilities,Long,378770.1,,https://www.tradingview.com/chart/?symbol=TSX%3AUMAX,True,2026-09-16 09:30,-74.77210302886448,-63.426653730858504,12.470000267028809,12.460000038146973,12.777420101165772,0.007435112934161033,-27.762043917560575,,False,True,False,False,,
600,HAUZ,HAUZ,AMEX:HAUZ,US,Xtrackers International Real Estate ETF,1.068,Global Real Estate,Long,86107.95,,https://www.tradingview.com/chart/?symbol=AMEX%3AHAUZ,True,2026-09-16 09:30,-66.01587589641076,-65.85885625718278,21.712499618530273,21.712499618530273,22.350313331604003,0.0,-33.289464138480206,20.708379417135713,False,True,False,False,,
601,IVES,IVES,AMEX:IVES,US,Dan IVES Wedbush AI Revolution ETF,1.063,Technology,Long,248198.45,,https://www.tradingview.com/chart/?symbol=AMEX%3AIVES,False,,4.61094604951127,4.61094604951127,39.41999816894531,27.139999389648438,30.59503924560547,0.8387977657963389,45.982872572900895,,False,False,False,False,,
602,XLSR,XLSR,AMEX:XLSR,US,State Street US Sector Rotation ETF,1.061,Large Blend,Long,41900.45,,https://www.tradingview.com/chart/?symbol=AMEX%3AXLSR,False,,-33.575455098098644,-33.575455098098644,65.23049926757812,55.93600082397461,58.56966535949707,0.8328705509395058,38.921196696850465,60.18278492077646,False,False,False,False,,
603,GFLW,GFLW,AMEX:GFLW,US,VictoryShares Free Cash Flow Growth ETF,1.056,Large Growth,Long,156446.75,,https://www.tradingview.com/chart/?symbol=AMEX%3AGFLW,False,,-53.69218824869114,-51.28376610189277,32.81999969482422,25.190000534057617,27.462680335998535,0.7923156620669125,42.832375351885766,,False,False,False,False,,
604,IDHQ,IDHQ,AMEX:IDHQ,US,Invesco S&P International Developed High Quality ETF,1.055,Foreign Large Growth,Long,136760.05,,https://www.tradingview.com/chart/?symbol=AMEX%3AIDHQ,False,,-65.54688000584038,-55.336768500687675,43.650001525878906,34.25,37.105151306152344,0.7769817155844467,48.71467917138444,85.46942318298936,False,False,False,False,,
605,ECH,ECH,AMEX:ECH,US,iShares MSCI Chile ETF,1.051,Focused Region,Long,404518.4,,https://www.tradingview.com/chart/?symbol=AMEX%3AECH,False,,-71.73352322286462,-64.31955447034836,38.900001525878906,37.79999923706055,39.518079849243165,0.15109916165769496,10.135279073434694,51.67376012620698,False,True,False,False,,
606,PPH,PPH,AMEX:PPH,US,VanEck Pharmaceutical ETF,1.049,Health,Long,239042.15,,https://www.tradingview.com/chart/?symbol=AMEX%3APPH,False,,-52.91975745714222,-26.385471099106994,110.51000213623047,98.8550033569336,103.34254321289063,0.6129371103551932,52.29089464476227,68.58935993822895,False,False,False,False,,
607,TVAL,TVAL,AMEX:TVAL,US,T. Rowe Price Value ETF,1.046,Large Value,Long,88694.0,,https://www.tradingview.com/chart/?symbol=AMEX%3ATVAL,False,,-37.310698220649535,-37.310698220649535,42.41999816894531,35.45000076293945,37.34980058288574,0.8658382691413709,48.215768350703236,,False,False,False,False,,
608,TAN,TAN,AMEX:TAN,US,Invesco Solar ETF,1.045,Miscellaneous Sector,Long,846303.35,,https://www.tradingview.com/chart/?symbol=AMEX%3ATAN,False,,-64.58700815477926,-64.58700815477926,44.63999938964844,44.63999938964844,51.55951931762695,0.0,-51.18626643093305,33.83229428373241,False,True,False,False,,
609,JHEM,JHEM,AMEX:JHEM,US,John Hancock Multifactor Emerging Markets ETF,1.039,Diversified Emerging Mkts,Long,103655.95,,https://www.tradingview.com/chart/?symbol=AMEX%3AJHEM,False,,-39.00940399694087,-39.00940399694087,39.34379959106445,33.18000030517578,35.289816574096676,0.6894707624061196,36.77243085034045,74.58430222727088,False,False,False,False,,
610,PBPH,PBPH,AMEX:PBPH,US,Portfolio Building Block World Pharma and Biotech Index ETF,1.037,Health,Long,85330.2,,https://www.tradingview.com/chart/?symbol=AMEX%3APBPH,False,,-52.48217861502231,-26.18194882657285,28.09000015258789,24.280000686645508,25.589800506591796,0.6864864846288299,62.08320561270156,,False,False,False,False,,
611,SLVP,SLVP,AMEX:SLVP,US,iShares MSCI Global Silver Miners ETF,1.027,Equity Precious Metals,Long,314734.6,,https://www.tradingview.com/chart/?symbol=AMEX%3ASLVP,True,2026-09-16 09:30,-65.98249790313344,-65.98249790313344,36.52000045776367,28.799999237060547,32.02850271606445,0.5643234705907941,27.380269606149692,49.78509787426975,False,False,False,False,,
612,AIS,AIS,AMEX:AIS,US,VistaShares Artificial Intelligence Supercycle ETF,1.007,Technology,Long,389869.0,,https://www.tradingview.com/chart/?symbol=AMEX%3AAIS,False,,-24.541053436980558,-24.541053436980558,67.83999633789062,39.5,51.05219927978516,0.5789580818126757,3.4843715413550598,,False,False,False,False,,
613,RSPN,RSPN,AMEX:RSPN,US,Invesco S&P 500 Equal Weight Industrials ETF,1.006,Industrials,Long,274057.85,,https://www.tradingview.com/chart/?symbol=AMEX%3ARSPN,True,2026-09-16 09:30,-61.802656642703674,-58.58845409609901,58.9900016784668,55.900001525878906,58.07238195800781,0.335687076363552,-0.7745426766074601,61.115227798470556,False,False,False,False,,
614,MSOS,MSOS,AMEX:MSOS,US,AdvisorShares Pure US Cannabis ETF,1.002,Miscellaneous Sector,Long,4107084.5,,https://www.tradingview.com/chart/?symbol=AMEX%3AMSOS,False,,-21.398466093178012,-14.491522116369138,4.920000076293945,3.1500000953674316,3.768320068359375,0.6755725413128456,22.15700915421802,14.425436396032362,False,False,False,False,,
615,AMDL,AMDL,AMEX:AMDL,US,GraniteShares 2x Long AMD Daily ETF,0.996,Trading--Leveraged Equity,2X Long,2024996.95,,https://www.tradingview.com/chart/?symbol=AMEX%3AAMDL,False,,18.92064274357149,27.513182860452343,56.619998931884766,11.260000228881836,28.079719886779785,0.6364529202412728,-10.770508538313038,,False,False,False,False,,
616,MSTY,MSTY,AMEX:MSTY,US,YieldMax MSTR Option Income Strategy ETF,0.976,Derivative Income,Long,2264183.15,,https://www.tradingview.com/chart/?symbol=AMEX%3AMSTY,False,,-36.65303740781,-36.65303740781,14.255000114440918,11.550000190734863,15.379100055694579,0.16671802891234982,8.590346957946947,,False,True,False,False,,
617,FHEQ,FHEQ,AMEX:FHEQ,US,Fidelity Hedged Equity ETF,0.976,Equity Hedged,Long,66490.95,,https://www.tradingview.com/chart/?symbol=AMEX%3AFHEQ,False,,-56.49194771304485,-56.49194771304485,33.4900016784668,28.920000076293945,30.25339998626709,0.808849895703469,46.72044238445823,,False,False,False,False,,
618,JHMD,JHMD,AMEX:JHMD,US,John Hancock Multifactor Developed International ETF,0.974,Foreign Large Blend,Long,75572.6,,https://www.tradingview.com/chart/?symbol=AMEX%3AJHMD,False,,-53.40525974713815,-53.40525974713815,45.20500183105469,40.779998779296875,42.2007188873291,0.7350502849299826,55.1098640290092,68.7860046380773,False,False,False,False,,
619,FTQI,FTQI,AMEX:FTQI,US,First Trust Nasdaq BuyWrite Income ETF,0.97,Derivative Income,Long,239094.65,,https://www.tradingview.com/chart/?symbol=AMEX%3AFTQI,False,,-10.210949422144223,-10.210949422144223,21.924999237060547,19.309999465942383,20.05103977203369,0.8328021308841529,51.7905339707663,74.38088352482981,False,False,False,False,,
620,GII,GII,AMEX:GII,US,State Street SPDR S&P Global Infrastructure ETF,0.954,Infrastructure,Long,36493.0,,https://www.tradingview.com/chart/?symbol=AMEX%3AGII,True,2026-09-16 09:30,-73.91755276083137,-72.27305639624474,71.31999969482422,71.31999969482422,73.0876157836914,0.0,-47.61556114894151,54.482171530880585,False,True,False,False,,"NEAR: 4h+band ok, weekly shallow"
621,FDD,FDD,AMEX:FDD,US,First Trust Stoxx European Select Dividend Index Fund,0.948,Europe Stock,Long,119342.35,,https://www.tradingview.com/chart/?symbol=AMEX%3AFDD,False,,-37.245476586175634,-36.87290642302275,20.264999389648438,17.110000610351562,17.969040466308595,0.8667580517373643,66.71020524157736,73.00504112559173,False,False,False,False,,
622,BANK,BANK.TO,TSX:BANK,TSX,Evolve Canadian Banks and Lifecos Enhanced Yield Index Fund,0.947,Financials,1.25X Long,524530.7,,https://www.tradingview.com/chart/?symbol=TSX%3ABANK,False,,-1.644749317760925,18.378062465152663,11.4399995803833,9.09000015258789,9.805080089569092,0.7755774372597126,30.348642636075393,83.73687453973889,False,False,False,False,,
623,EYLD,EYLD,AMEX:EYLD,US,Cambria Emerging Shareholder Yield ETF,0.945,Diversified Emerging Mkts,Long,68648.4,,https://www.tradingview.com/chart/?symbol=AMEX%3AEYLD,False,,-36.85484360728816,-36.85484360728816,48.54999923706055,40.13999938964844,42.50233558654785,0.8401682904381992,65.14478886424233,74.15001959067475,False,False,False,False,,
624,JDVL,JDVL,AMEX:JDVL,US,John Hancock Disciplined Value Select ETF,0.945,Large Value,Long,106036.65,,https://www.tradingview.com/chart/?symbol=AMEX%3AJDVL,True,2026-09-16 09:30,-65.94806400441,-65.94806400441,31.34000015258789,26.447599411010742,27.91235750579834,0.7882575144120537,46.51617428376867,,False,False,False,False,,
625,MLPI,MLPI,AMEX:MLPI,US,NEOS MLP & Energy Infrastructure High Income ETF,0.944,Energy Limited Partnership,Long,206137.25,,https://www.tradingview.com/chart/?symbol=AMEX%3AMLPI,False,,-72.34944194088118,-72.34944194088118,52.47999954223633,52.47999954223633,53.86886004638672,0.0,21.54131602280843,,False,True,False,False,,
626,GWX,GWX,AMEX:GWX,US,State Street SPDR S&P International Small Cap ETF,0.944,Foreign Small/Mid Blend,Long,40693.5,,https://www.tradingview.com/chart/?symbol=AMEX%3AGWX,False,,-48.53185061712437,-47.890201930675524,45.77000045776367,40.900001525878906,42.351400985717774,0.7918700397286912,34.39407731565134,63.89930675990107,False,False,False,False,,
627,AIPO,AIPO,AMEX:AIPO,US,Defiance AI & Power Infrastructure ETF,0.929,Technology,Long,1125872.0,,https://www.tradingview.com/chart/?symbol=AMEX%3AAIPO,False,,-41.564910481354495,-41.564910481354495,27.610000610351562,23.840999603271484,26.422603408813476,0.3445471515657905,-32.320247430947376,,False,False,False,False,,
628,AUSF,AUSF,AMEX:AUSF,US,Global X Adaptive U.S. Factor ETF,0.926,Mid-Cap Value,Long,52274.15,,https://www.tradingview.com/chart/?symbol=AMEX%3AAUSF,False,,-51.25709073703538,-23.90568310136219,50.76499938964844,47.369998931884766,48.57477882385254,0.6650344294206217,61.06354544393766,70.45134256879197,False,False,False,False,,
629,SPHB,SPHB,AMEX:SPHB,US,Invesco S&P 500 High Beta ETF,0.923,Mid-Cap Blend,Long,213099.65,,https://www.tradingview.com/chart/?symbol=AMEX%3ASPHB,False,,-40.424041746789456,-40.424041746789456,142.1699981689453,111.31999969482422,122.06743991088867,0.6774263911708105,20.916767894658232,73.38189546487314,False,False,False,False,,
630,GGLL,GGLL,AMEX:GGLL,US,Direxion Daily GOOGL Bull 2X ETF,0.92,Trading--Leveraged Equity,2X Long,1023362.45,,https://www.tradingview.com/chart/?symbol=AMEX%3AGGLL,False,,-21.07353929651498,24.697537368099802,99.97000122070312,70.91000366210938,89.29912322998047,0.37294658934136743,-41.0614318066034,57.14876829296574,False,False,False,False,,
631,FDV,FDV,AMEX:FDV,US,Federated Hermes U.S. Strategic Dividend ETF,0.916,Large Value,Long,109184.4,,https://www.tradingview.com/chart/?symbol=AMEX%3AFDV,False,,-45.428102182751445,-38.25235015535643,32.62900161743164,30.0,30.960519927978517,0.6459463917834977,62.502876109262495,75.0643520212674,False,False,False,False,,
632,EEMA,EEMA,AMEX:EEMA,US,iShares MSCI Emerging Markets Asia ETF,0.902,Pacific/Asia ex-Japan Stk,Long,56883.7,,https://www.tradingview.com/chart/?symbol=AMEX%3AEEMA,False,,-43.619966619692455,-43.619966619692455,114.12000274658203,92.377197265625,99.33985806274414,0.7369743037933111,37.36676733301041,75.01226405786254,False,False,False,False,,
633,PID,PID,AMEX:PID,US,Invesco International Dividend Achievers ETF,0.901,Foreign Large Value,Long,56589.95,,https://www.tradingview.com/chart/?symbol=AMEX%3APID,False,,-54.37592095988747,-46.08845617099888,22.25,21.709999084472656,22.132439300537108,0.3016763348236929,12.072004345810777,60.727145638950425,False,False,False,False,,
634,TSME,TSME,AMEX:TSME,US,Thrivent Small-Mid Cap Equity ETF,0.896,Mid-Cap Blend,Long,36049.2,,https://www.tradingview.com/chart/?symbol=AMEX%3ATSME,True,2026-09-16 09:30,-61.135147017508,-60.699441468946816,45.63999938964844,40.005699157714844,42.907153976440426,0.4582855628682075,-11.037981898956254,65.76813430489177,False,False,False,False,,
635,AGIX,AGIX,AMEX:AGIX,US,KraneShares Public-Private AI & Technology ETF,0.884,Technology,Long,145590.3,,https://www.tradingview.com/chart/?symbol=AMEX%3AAGIX,False,,-26.895445691208277,-26.895445691208277,44.91999816894531,31.219999313354492,35.51283943939209,0.7531609924881504,28.43396661285512,,False,False,False,False,,
636,HYLD,HYLD.TO,TSX:HYLD,TSX,Hamilton Enhanced U.S. Covered Call ETF,0.883,Total Market,1.25X Long,139047.7,,https://www.tradingview.com/chart/?symbol=TSX%3AHYLD,True,2026-09-16 09:30,-56.21569624584391,-56.21569624584391,15.5649995803833,12.944999694824219,13.732059928894042,0.7856069284489972,41.175838187713026,71.59027474381716,False,False,False,False,,
637,INFO,INFO,AMEX:INFO,US,Harbor PanAgora Dynamic Large Cap Core ETF,0.881,Large Blend,Long,57406.8,,https://www.tradingview.com/chart/?symbol=AMEX%3AINFO,False,,-38.90163956587025,-38.90163956587025,27.739999771118164,22.79789924621582,24.165637199401857,0.8527479413436384,48.91948424373413,,False,False,False,False,,
638,AVRE,AVRE,AMEX:AVRE,US,Avantis Real Estate ETF,0.881,Global Real Estate,Long,53878.15,,https://www.tradingview.com/chart/?symbol=AMEX%3AAVRE,False,,-71.07247591910438,-64.4079064136182,45.5,43.15959930419922,44.70313404846191,0.35783746770975317,-8.675991058378523,71.03647339847272,False,False,False,False,,
639,RSPH,RSPH,AMEX:RSPH,US,Invesco S&P 500 Equal Weight Health Care ETF,0.868,Health,Long,160196.4,,https://www.tradingview.com/chart/?symbol=AMEX%3ARSPH,False,,-58.56707167121607,-5.69059231874062,36.79999923706055,29.610000610351562,31.597120178222657,0.853919262503783,70.44301285349094,65.09935792379964,False,False,False,False,,
640,SH,SH,AMEX:SH,US,ProShares Short S&P500,0.863,Trading--Inverse Equity,-1X Short,6364903.15,,https://www.tradingview.com/chart/?symbol=AMEX%3ASH,False,,36.048975127423056,53.762047130099994,33.07500076293945,31.895000457763672,33.57886006164551,0.16538200178892504,-39.40705875681815,-58.075784253480855,False,True,False,False,,
641,UDOW,UDOW,AMEX:UDOW,US,ProShares UltraPro Dow30,0.856,Trading--Leveraged Equity,3X Long,1389847.1,,https://www.tradingview.com/chart/?symbol=AMEX%3AUDOW,False,,-58.85172514498702,-58.85172514498702,65.4800033569336,46.54999923706055,54.05833891296387,0.5950025125564875,34.03407238145848,68.3557475859954,False,False,False,False,,
642,QQA,QQA,AMEX:QQA,US,Invesco QQQ Income Advantage ETF,0.856,Derivative Income,Long,102501.45,,https://www.tradingview.com/chart/?symbol=AMEX%3AQQA,False,,-36.30840954552386,-36.30840954552386,55.54999923706055,48.439998626708984,50.80471873474121,0.709580866819483,34.04764417058052,,False,False,False,False,,
643,EPOL,EPOL,AMEX:EPOL,US,iShares MSCI Poland ETF,0.855,Focused Region,Long,371888.5,,https://www.tradingview.com/chart/?symbol=AMEX%3AEPOL,False,,-18.01219684407001,-18.01219684407001,44.17499923706055,34.470001220703125,37.17220050048828,0.8475983059408012,71.4548904054772,72.64278583727967,False,False,False,False,,
644,REZ,REZ,AMEX:REZ,US,iShares Residential and Multisector Real Estate ETF,0.844,Real Estate,Long,62615.25,,https://www.tradingview.com/chart/?symbol=AMEX%3AREZ,True,2026-09-16 09:30,-64.07213132570818,-64.07213132570818,91.02999877929688,82.30000305175781,86.40406631469726,0.5020095597219388,11.41103852940372,82.77536793172077,False,False,False,False,,
645,SFLO,SFLO,AMEX:SFLO,US,VictoryShares Small Cap Free Cash Flow ETF,0.839,Small Value,Long,230242.35,,https://www.tradingview.com/chart/?symbol=AMEX%3ASFLO,False,,-39.95755635075003,7.2451956767799714,39.27000045776367,29.31999969482422,31.920696395874025,0.9029119693602986,71.90136879620196,,False,False,False,False,,
646,ARKF,ARKF,AMEX:ARKF,US,ARK Blockchain & Fintech Innovation ETF,0.831,Technology,Long,88613.65,,https://www.tradingview.com/chart/?symbol=AMEX%3AARKF,False,,-32.17738781282703,-32.17738781282703,43.959999084472656,36.16999816894531,38.87691845703125,0.6791630415406187,57.888333437941675,-5.031449432781443,False,False,False,False,,
647,ARGT,ARGT,AMEX:ARGT,US,Global X MSCI Argentina ETF,0.818,Focused Region,Long,118698.1,,https://www.tradingview.com/chart/?symbol=AMEX%3AARGT,False,,-44.40090923854968,-44.40090923854968,93.23999786376953,85.52999877929688,88.75609494018555,0.5640128790935743,27.239709709143682,45.67506220204919,False,False,False,False,,
648,FEM,FEM,AMEX:FEM,US,First Trust Emerging Markets AlphaDEX Fund,0.817,Diversified Emerging Mkts,Long,75438.35,,https://www.tradingview.com/chart/?symbol=AMEX%3AFEM,False,,-41.44407779207935,-41.44407779207935,32.540000915527344,28.770000457763672,29.97360009765625,0.7392159971995625,38.50325192363352,68.29845740394752,False,False,False,False,,
649,SLVR,SLVR,AMEX:SLVR,US,Sprott Silver Miners & Physical Silver ETF,0.804,Equity Precious Metals,Long,145136.15,,https://www.tradingview.com/chart/?symbol=AMEX%3ASLVR,True,2026-09-16 09:30,-63.02727384865767,-62.63354107275447,57.0,46.86000061035156,53.21784118652344,0.37639192541658645,18.720476015364074,,False,False,False,False,,
650,SAMT,SAMT,AMEX:SAMT,US,Strategas Macro Thematic Opportunities ETF,0.801,Large Blend,Long,163575.0,,https://www.tradingview.com/chart/?symbol=AMEX%3ASAMT,False,,-71.95707582370333,-59.28094946703373,41.52000045776367,38.5,40.69716032409668,0.3243823858530887,-37.185741920994694,66.00609076345178,False,False,False,False,,
651,DIV,DIV,AMEX:DIV,US,Global X SuperDividend US ETF,0.795,Small Value,Long,171166.55,,https://www.tradingview.com/chart/?symbol=AMEX%3ADIV,False,,-52.942765857789105,-52.942765857789105,19.520000457763672,18.610000610351562,18.96400061035156,0.6066665649414062,58.74084518600532,77.89705733180323,False,False,False,False,,
652,AVMV,AVMV,AMEX:AVMV,US,Avantis U.S. Mid Cap Value ETF,0.793,Mid-Cap Value,Long,56776.3,,https://www.tradingview.com/chart/?symbol=AMEX%3AAVMV,False,,-59.36401380649135,-59.36401380649135,78.3499984741211,71.89510345458984,74.74961737060546,0.533665369806884,28.998452529951454,,False,False,False,False,,
653,FXU,FXU,AMEX:FXU,US,First Trust Utilities AlphaDEX Fund,0.791,Utilities,Long,241436.05,,https://www.tradingview.com/chart/?symbol=AMEX%3AFXU,True,2026-09-16 09:30,-67.01954730255478,-67.01954730255478,45.689998626708984,45.60499954223633,47.00919972229004,0.014285558583805041,-42.54213079669651,47.83822369977315,False,True,False,False,,"NEAR: 4h+band ok, weekly shallow"
654,IGE,IGE,AMEX:IGE,US,iShares North American Natural Resources ETF,0.789,Natural Resources,Long,232315.35,,https://www.tradingview.com/chart/?symbol=AMEX%3AIGE,False,,-43.90335067468956,-43.90335067468956,64.22000122070312,55.720001220703125,58.3502204284668,0.7626740744949504,55.007366736312434,72.71467406767842,False,False,False,False,,
655,EWJV,EWJV,AMEX:EWJV,US,iShares MSCI Japan Value ETF,0.787,Japan Stock,Long,123617.3,,https://www.tradingview.com/chart/?symbol=AMEX%3AEWJV,False,,27.497091910444368,27.497091910444368,49.15999984741211,40.5,42.78683967590332,0.8937049612723533,75.53120899335975,75.0341798853446,False,False,False,False,,
656,SMIN,SMIN,AMEX:SMIN,US,iShares MSCI India Small Cap ETF,0.777,India Equity,Long,44027.25,,https://www.tradingview.com/chart/?symbol=AMEX%3ASMIN,False,,-72.93812582834055,-72.93812582834055,68.7125015258789,57.850101470947266,61.29315965270996,0.7445492575590035,47.09266630495929,-3.4065804991379474,False,False,False,False,,
657,AFLG,AFLG,AMEX:AFLG,US,First Trust Active Factor Large Cap ETF,0.777,Large Blend,Long,61212.15,,https://www.tradingview.com/chart/?symbol=AMEX%3AAFLG,False,,-36.89645459688115,-36.89645459688115,44.119998931884766,37.53799819946289,39.37860986328125,0.8439325922933274,50.74052859477217,71.36067548503053,False,False,False,False,,
658,ROBT,ROBT,AMEX:ROBT,US,First Trust Nasdaq Artificial Intelligence & Robotics ETF,0.769,Technology,Long,39209.4,,https://www.tradingview.com/chart/?symbol=AMEX%3AROBT,False,,-53.96347490436292,-9.279943440775497,57.56869888305664,44.349998474121094,48.22629919433594,0.8047913517751751,44.506890650386914,53.68335983355143,False,False,False,False,,
659,NUKZ,NUKZ,AMEX:NUKZ,US,Range Nuclear Renaissance Index ETF,0.768,Miscellaneous Sector,Long,110651.65,,https://www.tradingview.com/chart/?symbol=AMEX%3ANUKZ,False,,-53.93343738414601,-53.93343738414601,61.959999084472656,60.81999969482422,64.46619897460937,0.07378638283667364,-36.91041348117535,,False,True,False,False,,
660,XRE,XRE.TO,TSX:XRE,TSX,iShares S&P/TSX Capped REIT Index ETF,0.765,Real Estate,Long,245800.0,,https://www.tradingview.com/chart/?symbol=TSX%3AXRE,False,,-70.06508362651856,-70.06508362651856,15.470000267028809,15.260000228881836,15.788640174865723,0.09375002660921913,-33.48546709487118,61.253412633709665,False,True,False,False,,
661,ARKX,ARKX,AMEX:ARKX,US,ARK Space & Defense Innovation ETF,0.763,Technology,Long,65825.75,,https://www.tradingview.com/chart/?symbol=AMEX%3AARKX,False,,-49.90151558607227,-49.90151558607227,31.575000762939453,28.020000457763672,30.316280349731446,0.365364899529965,-14.11117045285071,56.056409355895426,False,False,False,False,,
662,QQH,QQH,AMEX:QQH,US,HCM Defender 100 Index ETF,0.756,Large Growth,Long,34926.15,,https://www.tradingview.com/chart/?symbol=AMEX%3AQQH,False,,-41.961932631006356,-41.961932631006356,82.4000015258789,68.77999877929688,73.62271978759766,0.663742685709909,19.42352133826494,56.30028158085432,False,False,False,False,,
663,QDVO,QDVO,AMEX:QDVO,US,Amplify CWP Growth & Income ETF,0.75,Derivative Income,Long,203377.0,,https://www.tradingview.com/chart/?symbol=AMEX%3AQDVO,False,,-38.194286881253795,-38.194286881253795,29.360000610351562,25.850000381469727,27.048880363464356,0.6909449373221951,40.00800325810073,,False,False,False,False,,
664,EWD,EWD,AMEX:EWD,US,iShares MSCI Sweden ETF,0.749,Focused Region,Long,201292.6,,https://www.tradingview.com/chart/?symbol=AMEX%3AEWD,True,2026-09-16 09:30,-65.91513275244996,-61.70150067005935,51.040000915527344,46.779998779296875,48.585399139404295,0.5568629132712544,49.0022161366949,61.72514502236836,False,False,False,False,,
665,ULTY,ULTY,AMEX:ULTY,US,YieldMax Ultra Option Income Strategy ETF,0.748,Derivative Income,Long,412103.25,,https://www.tradingview.com/chart/?symbol=AMEX%3AULTY,False,,-60.154795617673024,-60.154795617673024,25.135000228881836,25.135000228881836,27.096160102844237,0.0,16.286023369998784,,False,True,False,False,,
666,VOLT,VOLT,AMEX:VOLT,US,Tema Electrification ETF,0.747,Mid-Cap Blend,Long,211282.4,,https://www.tradingview.com/chart/?symbol=AMEX%3AVOLT,False,,-37.781362917241914,-37.781362917241914,34.95000076293945,33.119998931884766,35.253439147949216,0.20243381036736713,-44.0045239227321,,False,True,False,False,,
667,HEGD,HEGD,AMEX:HEGD,US,Swan Hedged Equity US Large Cap ETF,0.741,Equity Hedged,Long,50974.55,,https://www.tradingview.com/chart/?symbol=AMEX%3AHEGD,True,2026-09-16 09:30,-61.60744983637807,-61.60744983637807,26.56999969482422,24.450000762939453,25.150920600891112,0.7138045191971152,37.580289909664174,65.68264969889398,False,False,False,False,,
668,WTAI,WTAI,AMEX:WTAI,US,WisdomTree Artificial Intelligence and Innovation Fund,0.728,Technology,Long,289090.6,,https://www.tradingview.com/chart/?symbol=AMEX%3AWTAI,False,,-30.75703791250754,-30.75703791250754,40.40999984741211,26.760000228881836,31.871759742736817,0.6301939481389568,9.132925169978213,79.16693463994577,False,False,False,False,,
669,JETS,JETS,AMEX:JETS,US,U.S. Global Jets ETF,0.727,Industrials,Long,2604726.0,,https://www.tradingview.com/chart/?symbol=AMEX%3AJETS,False,,-39.25203444258246,-38.25980414024327,27.790000915527344,23.6200008392334,26.013040245056153,0.4112427131834127,-9.45116829080031,60.861576188073705,False,False,False,False,,
670,IEO,IEO,AMEX:IEO,US,iShares U.S. Oil & Gas Exploration & Production ETF,0.724,Equity Energy,Long,16442.75,,https://www.tradingview.com/chart/?symbol=AMEX%3AIEO,False,,43.0582073211531,43.0582073211531,139.5449981689453,107.04000091552734,115.96316213989257,0.8596930122544485,69.68402089159268,80.64538781487379,False,False,False,False,,
671,MISL,MISL,AMEX:MISL,US,First Trust Indxx Aerospace & Defense ETF,0.718,Industrials,Long,72709.45,,https://www.tradingview.com/chart/?symbol=AMEX%3AMISL,True,2026-09-16 09:30,-62.96326170247564,-50.078828709983895,42.474998474121094,42.13999938964844,43.86043960571289,0.04595322941031799,-27.642203026877826,44.22934323193143,False,True,False,False,,
672,MULL,MULL,AMEX:MULL,US,GraniteShares 2x Long MU Daily ETF,0.706,Trading--Leveraged Equity,2X Long,4831540.9,,https://www.tradingview.com/chart/?symbol=AMEX%3AMULL,False,,-35.61496038991703,-35.61496038991703,19.649999618530273,3.883999824523926,13.065816082000731,0.4052331093377793,2.05705010438971,,False,False,False,False,,
673,FEPI,FEPI,AMEX:FEPI,US,REX FANG & Innovation Equity Premium Income ETF,0.702,Derivative Income,Long,166801.5,,https://www.tradingview.com/chart/?symbol=AMEX%3AFEPI,False,,-29.79239309276677,-29.79239309276677,41.709999084472656,37.91999816894531,39.97437860107422,0.4353819779803713,33.93066599235569,,False,False,False,False,,
674,SMDV,SMDV,AMEX:SMDV,US,ProShares Russell 2000 Dividend Growers ETF,0.702,Small Value,Long,121043.8,,https://www.tradingview.com/chart/?symbol=AMEX%3ASMDV,True,2026-09-16 09:30,-60.65381992270013,-56.65040787334416,74.46499633789062,66.66000366210938,69.61472286987305,0.6234021380591717,19.178374448784385,78.59945278150121,False,False,False,False,,
675,FCG,FCG,AMEX:FCG,US,First Trust Natural Gas ETF,0.699,Equity Energy,Long,714474.25,,https://www.tradingview.com/chart/?symbol=AMEX%3AFCG,False,,32.37228017443452,32.37228017443452,30.69499969482422,26.15999984741211,27.71170002746582,0.689733737062666,50.05199807907855,65.02879239038155,False,False,False,False,,
676,GMOI,GMOI,AMEX:GMOI,US,GMO International Value ETF,0.695,Foreign Large Value,Long,93139.5,,https://www.tradingview.com/chart/?symbol=AMEX%3AGMOI,False,,-29.665019492931478,-29.665019492931478,40.9900016784668,34.84000015258789,36.56289450073242,0.8424198278150402,72.93929890857038,,False,False,False,False,,
677,TQGD,TQGD.TO,TSX:TQGD,TSX,TD Q Global Dividend ETF,0.677,High Dividend Yield,Long,47561.35,,https://www.tradingview.com/chart/?symbol=TSX%3ATQGD,False,,-29.695679599984686,4.216523686583232,26.799999237060547,22.65999984741211,23.745599937438964,0.8999997926795136,59.09840564327042,78.84448842199083,False,False,False,False,,
678,YINN,YINN,AMEX:YINN,US,Direxion Daily FTSE China Bull 3X ETF,0.676,Trading--Leveraged Equity,3X Long,1051457.5,,https://www.tradingview.com/chart/?symbol=AMEX%3AYINN,False,,-51.34535412086179,-51.34535412086179,25.440000534057617,21.451799392700195,25.568394844055177,0.2286392919786543,-11.144125919127466,-34.864842706828256,False,True,False,False,,
679,TOPT,TOPT,AMEX:TOPT,US,iShares Top 20 U.S. Stocks ETF,0.676,Large Blend,Long,293079.4,,https://www.tradingview.com/chart/?symbol=AMEX%3ATOPT,False,,-9.217681378704789,-9.217681378704789,33.73500061035156,27.665000915527344,29.258000915527344,0.8992592140480324,43.134981215263316,,False,False,False,False,,
681,GQGU,GQGU,AMEX:GQGU,US,GQG US Equity ETF,0.663,Large Growth,Long,198599.05,,https://www.tradingview.com/chart/?symbol=AMEX%3AGQGU,False,,-47.72068411391573,-47.72068411391573,25.520000457763672,25.139999389648438,25.597839515686037,0.19587678531223976,-5.903093247981019,,False,True,False,False,,
682,TSLY,TSLY,AMEX:TSLY,US,YieldMax TSLA Option Income Strategy ETF,0.661,Derivative Income,Long,493423.15,,https://www.tradingview.com/chart/?symbol=AMEX%3ATSLY,False,,-35.585975632627594,-35.585975632627594,22.100000381469727,20.469999313354492,23.35391915130615,0.13338798360928758,-34.01534605026684,11.24570882677925,False,True,False,False,,
683,PSQ,PSQ,AMEX:PSQ,US,ProShares Short QQQ,0.66,Trading--Inverse Equity,-1X Short,7702600.95,,https://www.tradingview.com/chart/?symbol=AMEX%3APSQ,False,,16.64406227560246,49.705950891440715,26.31999969482422,25.030099868774414,26.981819526672364,0.15597340412896077,-17.835315297602257,-59.83416145675113,False,True,False,False,,
684,IAT,IAT,AMEX:IAT,US,iShares U.S. Regional Banks ETF,0.659,Financial,Long,145972.75,,https://www.tradingview.com/chart/?symbol=AMEX%3AIAT,False,,-47.786976501646826,-47.786976501646826,59.33000183105469,51.47999954223633,54.83591893005371,0.5520396428133585,22.125413085617794,70.64513293372016,False,False,False,False,,
685,OSCV,OSCV,AMEX:OSCV,US,Opus Small Cap Value ETF,0.659,Small Blend,Long,96087.65,,https://www.tradingview.com/chart/?symbol=AMEX%3AOSCV,True,2026-09-16 09:30,-61.717283261030616,-61.717283261030616,40.599998474121094,38.349998474121094,39.50403923034668,0.46012239787500436,14.565248166827724,68.90342709699782,False,False,False,False,,
686,EMEQ,EMEQ,AMEX:EMEQ,US,Nomura ETF Trust Nomura Focused Emerging Markets Equity ETF,0.652,Diversified Emerging Mkts,Long,77971.95,,https://www.tradingview.com/chart/?symbol=AMEX%3AEMEQ,False,,-35.06758452091216,-35.06758452091216,63.4900016784668,43.16999816894531,51.46535171508789,0.5780972205189536,16.938853764229453,,False,False,False,False,,
687,KIE,KIE,AMEX:KIE,US,State Street SPDR S&P Insurance ETF,0.65,Financial,Long,990214.0,,https://www.tradingview.com/chart/?symbol=AMEX%3AKIE,False,,-37.78452290913825,-3.9336515674700165,62.61000061035156,53.540000915527344,56.58675997924804,0.7025563502761889,38.139358095136934,49.751961557714516,False,False,False,False,,
688,FIVA,FIVA,AMEX:FIVA,US,Fidelity International Value Factor ETF,0.644,Foreign Large Value,Long,90615.85,,https://www.tradingview.com/chart/?symbol=AMEX%3AFIVA,False,,-47.645234452685436,-47.645234452685436,39.130001068115234,33.40999984741211,35.074979919433595,0.810772639727137,54.61596813669462,74.29582121993295,False,False,False,False,,
689,RSPG,RSPG,AMEX:RSPG,US,Invesco S&P 500 Equal Weight Energy ETF,0.642,Equity Energy,Long,80484.4,,https://www.tradingview.com/chart/?symbol=AMEX%3ARSPG,False,,-3.3898099889706486,-3.3898099889706486,113.37000274658203,96.79000091552734,101.61384149169922,0.8111545915213698,61.743376732214635,78.88328561205095,False,False,False,False,,
690,EWN,EWN,AMEX:EWN,US,iShares MSCI Netherlands ETF,0.641,Focused Region,Long,276954.9,,https://www.tradingview.com/chart/?symbol=AMEX%3AEWN,True,2026-09-16 09:30,-58.76046610316908,-58.513903297833544,66.23500061035156,55.33000183105469,59.175621398925784,0.669223688535259,28.664465321482762,74.11509117418628,False,False,False,False,,
691,SILJ,SILJ,AMEX:SILJ,US,Amplify Junior Silver Miners ETF,0.64,Equity Precious Metals,Long,4022767.4,,https://www.tradingview.com/chart/?symbol=AMEX%3ASILJ,True,2026-09-16 09:30,-65.56759424712416,-65.42309791488454,28.625,23.704999923706055,26.659719581604005,0.3929712975989799,17.692215358939762,46.4034531051548,False,False,False,False,,
692,XUT,XUT.TO,TSX:XUT,TSX,iShares S&P/TSX Capped Utilities Index ETF,0.64,Utilities,Long,403879.8,,https://www.tradingview.com/chart/?symbol=TSX%3AXUT,True,2026-09-16 09:30,-69.16001301888718,-62.06350050154172,33.959999084472656,33.31999969482422,34.46695983886719,0.13168710067345882,-25.930228760883562,67.2070683001926,False,True,False,False,,
693,KSA,KSA,AMEX:KSA,US,iShares MSCI Saudi Arabia ETF,0.634,Focused Region,Long,438073.15,,https://www.tradingview.com/chart/?symbol=AMEX%3AKSA,True,2026-09-16 09:30,-80.37301502802534,-80.37301502802534,37.237998962402344,36.34000015258789,37.36187968444824,0.20739012037005222,16.768768694120517,-4.868103994936142,False,True,False,False,,
695,TSMX,TSMX,AMEX:TSMX,US,Direxion Daily TSM Bull 2X ETF,0.62,Trading--Leveraged Equity,2X Long,456824.9,,https://www.tradingview.com/chart/?symbol=AMEX%3ATSMX,False,,-32.74707097276487,-32.74707097276487,76.41000366210938,49.817100524902344,62.826105377197266,0.48242930275129553,-2.5614079471089677,,False,False,False,False,,
696,SETM,SETM,AMEX:SETM,US,Sprott Critical Materials ETF,0.619,Natural Resources,Long,128981.65,,https://www.tradingview.com/chart/?symbol=AMEX%3ASETM,True,2026-09-16 09:30,-66.49817213031604,-65.65999840893518,30.219999313354492,27.729999542236328,30.47231929016113,0.21428571428571427,1.4361882025804957,43.08218403103897,False,True,False,False,,
697,LVHD,LVHD,AMEX:LVHD,US,Franklin U.S. Low Volatility High Dividend Index ETF,0.619,Mid-Cap Value,Long,62188.4,,https://www.tradingview.com/chart/?symbol=AMEX%3ALVHD,False,,-64.5694623703804,-61.920912067378644,42.95000076293945,41.87779998779297,42.843559478759765,0.2620107648968162,20.929031214811452,72.30417292461651,False,False,False,False,,
698,XPH,XPH,AMEX:XPH,US,State Street SPDR S&P Pharmaceuticals ETF,0.618,Health,Long,150546.6,,https://www.tradingview.com/chart/?symbol=AMEX%3AXPH,True,2026-09-16 09:30,-78.54128018093081,-72.08096935684047,66.86000061035156,51.36000061035156,56.73371981811523,0.6807203462948177,53.001193484318094,78.93575951002674,False,False,False,False,,
699,FLBR,FLBR,AMEX:FLBR,US,Franklin FTSE Brazil ETF,0.616,Focused Region,Long,212263.85,,https://www.tradingview.com/chart/?symbol=AMEX%3AFLBR,False,,2.481773914842699,2.481773914842699,23.3799991607666,20.471599578857422,21.799902168273924,0.5167364023825927,13.604183407657908,57.15595023340549,False,False,False,False,,
700,GVAL,GVAL,AMEX:GVAL,US,Cambria Global Value ETF,0.605,Foreign Large Value,Long,99097.9,,https://www.tradingview.com/chart/?symbol=AMEX%3AGVAL,False,,-30.475339892275468,-30.475339892275468,38.32500076293945,31.75,33.645079711914065,0.8188047026720937,70.34397530003766,73.21345852204901,False,False,False,False,,
701,DXQ,DXQ.TO,TSX:DXQ,TSX,Dynamic Active Enhanced Yield Covered Options ETF,0.601,Large Cap,Long,21043.1,,https://www.tradingview.com/chart/?symbol=TSX%3ADXQ,False,,-45.28032397797074,-45.28032397797074,28.059999465942383,26.219999313354492,26.850119331359863,0.6891386142362498,44.44774705937771,67.22131693208217,False,False,False,False,,
702,MFSV,MFSV,AMEX:MFSV,US,MFS Active Value ETF,0.6,Large Value,Long,143929.9,,https://www.tradingview.com/chart/?symbol=AMEX%3AMFSV,False,,-60.989807234483315,-60.989807234483315,28.709999084472656,26.260000228881836,27.160340354919434,0.6422014449851237,45.013658582221346,,False,False,False,False,,
703,SEIS,SEIS,AMEX:SEIS,US,SEI Select Small Cap ETF,0.6,Small Blend,Long,49430.95,,https://www.tradingview.com/chart/?symbol=AMEX%3ASEIS,True,2026-09-16 09:30,-70.0701377419888,-69.54553463210483,31.5,26.719999313354492,28.35193907928467,0.6912511022766546,19.003568813178337,,False,False,False,False,,
704,LGH,LGH,AMEX:LGH,US,HCM Defender 500 Index ETF,0.598,Large Blend,Long,22330.2,,https://www.tradingview.com/chart/?symbol=AMEX%3ALGH,False,,-49.50532474949722,-49.50532474949722,64.44999694824219,56.27000045776367,58.89472172546387,0.7354987348597336,50.80877971429669,57.686473721765005,False,False,False,False,,
705,HEZU,HEZU,AMEX:HEZU,US,iShares Currency Hedged MSCI Eurozone ETF,0.593,Europe Stock,Long,69112.8,,https://www.tradingview.com/chart/?symbol=AMEX%3AHEZU,True,2026-09-16 09:30,-62.91092980351262,-57.41338805245289,48.369998931884766,42.11000061035156,44.1384208984375,0.7283301259404703,34.367573345662144,74.32415612020479,False,False,False,False,,
706,PTF,PTF,AMEX:PTF,US,Invesco Dorsey Wright Technology Momentum ETF,0.591,Technology,Long,104544.3,,https://www.tradingview.com/chart/?symbol=AMEX%3APTF,False,,-32.19527602943994,-32.19527602943994,95.77999877929688,81.26000213623047,94.76156192016602,0.2538017282892646,-31.24671781801169,71.01343841184283,False,False,False,False,,
707,ZUT,ZUT.TO,TSX:ZUT,TSX,BMO Equal Weight Utilities Index ETF,0.588,Utilities,Long,65056.6,,https://www.tradingview.com/chart/?symbol=TSX%3AZUT,True,2026-09-16 09:30,-62.02761983428669,-55.73483552399745,27.649999618530273,27.059999465942383,27.98983959197998,0.1497462113235497,-31.520056610652926,67.98462996111279,False,True,False,False,,
708,EZA,EZA,AMEX:EZA,US,iShares MSCI South Africa ETF,0.588,Focused Region,Long,133847.75,,https://www.tradingview.com/chart/?symbol=AMEX%3AEZA,False,,-60.6396463749682,-60.6396463749682,67.58999633789062,60.45000076293945,63.85784043884277,0.49445957437590465,27.10190038496231,44.96796736495242,False,False,False,False,,
709,DDM,DDM,AMEX:DDM,US,ProShares Ultra Dow30,0.586,Trading--Leveraged Equity,2X Long,118848.85,,https://www.tradingview.com/chart/?symbol=AMEX%3ADDM,False,,-58.78360078229093,-58.78360078229093,62.900001525878906,49.505001068115234,54.5259005279541,0.6296123101683613,35.687219711099495,69.56265613070279,False,False,False,False,,
710,IPKW,IPKW,AMEX:IPKW,US,Invesco International BuyBack Achievers ETF,0.577,Foreign Large Value,Long,37686.1,,https://www.tradingview.com/chart/?symbol=AMEX%3AIPKW,False,,-6.8887355815628295,-6.8887355815628295,60.7599983215332,54.43000030517578,56.22832005310059,0.8307085175393497,58.50866490891405,64.7845100714019,False,False,False,False,,
711,ENCC,ENCC.TO,TSX:ENCC,TSX,Global X Canadian Oil and Gas Equity Covered Call ETF,0.575,Energy,Long,84627.1,,https://www.tradingview.com/chart/?symbol=TSX%3AENCC,False,,-36.14048062809132,-1.4962248945073575,12.819999694824219,11.569999694824219,12.001879676818847,0.6830601377668595,48.55161843729126,83.1300304229844,False,False,False,False,,
712,CONL,CONL,AMEX:CONL,US,GraniteShares 2x Long COIN Daily ETF,0.572,Trading--Leveraged Equity,2X Long,23573567.9,,https://www.tradingview.com/chart/?symbol=AMEX%3ACONL,False,,-31.44542487484689,-28.89445503651989,4.579999923706055,3.924999952316284,5.482599873542785,0.09924242492659145,-13.190112144256796,-49.00892200197658,False,True,False,False,,
713,CSRE,CSRE,AMEX:CSRE,US,Cohen & Steers Real Estate Active ETF,0.57,Real Estate,Long,139459.25,,https://www.tradingview.com/chart/?symbol=AMEX%3ACSRE,True,2026-09-16 09:30,-68.97228523171152,-63.62269716098182,27.709999084472656,25.829999923706055,26.811759887695313,0.4519228917607121,-7.615316548809466,,False,False,False,False,,
714,XMA,XMA.TO,TSX:XMA,TSX,iShares S&P/TSX Capped Materials Index ETF,0.566,Materials,Long,95650.3,,https://www.tradingview.com/chart/?symbol=TSX%3AXMA,True,2026-09-16 09:30,-55.40031446043667,-54.852222218274136,47.04999923706055,37.599998474121094,41.11167872619629,0.6350806508467832,28.245743292934147,51.832267824152446,False,False,False,False,,
715,QCLN,QCLN,AMEX:QCLN,US,First Trust Nasdaq Clean Edge Green Energy Index Fund,0.564,Miscellaneous Sector,Long,156840.45,,https://www.tradingview.com/chart/?symbol=AMEX%3AQCLN,False,,-51.012901296509746,-51.012901296509746,46.720001220703125,43.64500045776367,49.50134013366699,0.12391702329694088,-42.57712840959038,49.39654341109698,False,True,False,False,,
716,TXUE,TXUE,AMEX:TXUE,US,Thornburg International Equity ETF,0.562,Foreign Large Blend,Long,45785.0,,https://www.tradingview.com/chart/?symbol=AMEX%3ATXUE,True,2026-09-16 09:30,-58.85195790921728,-58.85195790921728,35.31999969482422,31.110000610351562,32.44104046630859,0.7464538191616864,51.37641805393622,,False,False,False,False,,
717,UFO,UFO,AMEX:UFO,US,Procure Space ETF,0.558,Miscellaneous Sector,Long,221687.7,,https://www.tradingview.com/chart/?symbol=AMEX%3AUFO,False,,-38.87285221001733,-38.87285221001733,42.93000030517578,42.53499984741211,48.49045909118652,0.015652883214619415,-37.783816795218186,58.20593983787757,False,True,False,False,,
719,MSFU,MSFU,AMEX:MSFU,US,Direxion Daily MSFT Bull 2X ETF,0.551,Trading--Leveraged Equity,2X Long,2767213.8,,https://www.tradingview.com/chart/?symbol=AMEX%3AMSFU,False,,-19.113833172805787,-6.097966254986516,36.45000076293945,19.7549991607666,24.72119425201416,0.7933680223430408,45.10586935496272,-21.446581691296654,False,False,False,False,,
720,LABU,LABU,AMEX:LABU,US,Direxion Daily S&P Biotech Bull 3X ETF,0.548,Trading--Leveraged Equity,3X Long,379732.9,,https://www.tradingview.com/chart/?symbol=AMEX%3ALABU,True,2026-09-16 09:30,-71.28599612139372,-68.65268616934692,250.6999969482422,135.21499633789062,183.8888151855469,0.5599408632666868,52.23589093368125,68.61194614830819,False,False,False,False,,
721,JNUG,JNUG,AMEX:JNUG,US,Direxion Daily Junior Gold Miners Index Bull 2X ETF,0.545,Trading--Leveraged Equity,2X Long,282701.7,,https://www.tradingview.com/chart/?symbol=AMEX%3AJNUG,True,2026-09-16 09:30,-67.17836731549755,-66.73078842890094,162.5,103.58000183105469,147.74032427978517,0.31487812581112257,17.264315025448226,25.63182292318991,False,False,False,False,,
722,ENFR,ENFR,AMEX:ENFR,US,Alerian Energy Infrastructure ETF,0.545,Energy Limited Partnership,Long,85383.5,,https://www.tradingview.com/chart/?symbol=AMEX%3AENFR,False,,-66.30460992991853,-66.30460992991853,38.689998626708984,36.165000915527344,37.202221023559574,0.5745159154013938,50.82541167588348,76.98264557897602,False,False,False,False,,
723,NVDU,NVDU,AMEX:NVDU,US,Direxion Daily NVDA Bull 2X ETF,0.537,Trading--Leveraged Equity,2X Long,342641.85,,https://www.tradingview.com/chart/?symbol=AMEX%3ANVDU,False,,-53.01979961855045,-48.942480145358125,128.9499969482422,86.87999725341797,106.90931790161133,0.4956992851814006,31.287618365166185,,False,False,False,False,,
724,REM,REM,AMEX:REM,US,iShares Mortgage Real Estate ETF,0.535,Real Estate,Long,154119.95,,https://www.tradingview.com/chart/?symbol=AMEX%3AREM,True,2026-09-16 09:30,-85.75444506476724,-85.71126212686276,19.719999313354492,19.719999313354492,20.5200396194458,0.0,-14.70214609729642,43.300627130446145,False,True,False,False,,
725,NBOS,NBOS,AMEX:NBOS,US,Neuberger Option Strategy ETF,0.534,Equity Hedged,1.25X Long,77901.15,,https://www.tradingview.com/chart/?symbol=AMEX%3ANBOS,False,,-42.273053039551044,-42.273053039551044,28.229999542236328,26.161100387573242,26.748480606079102,0.8312506705494674,62.881749764695826,,False,False,False,False,,
726,DWX,DWX,AMEX:DWX,US,State Street SPDR S&P International Dividend ETF,0.53,Foreign Large Value,Long,13413.0,,https://www.tradingview.com/chart/?symbol=AMEX%3ADWX,False,,-47.59488169369785,-46.88728644116975,47.400001525878906,44.5,45.44201760864258,0.7265260795853108,56.02892109199155,65.50221353781804,False,False,False,False,,
727,VNM,VNM,AMEX:VNM,US,VanEck Vietnam ETF,0.525,Focused Region,Long,156431.7,,https://www.tradingview.com/chart/?symbol=AMEX%3AVNM,False,,-70.92892070136317,-65.01856680532795,17.364999771118164,16.28499984741211,17.107459991455077,0.3098994934170487,-12.52706048730765,29.713822265569487,False,False,False,False,,
728,RSPU,RSPU,AMEX:RSPU,US,Invesco S&P 500 Equal Weight Utilities ETF,0.521,Utilities,Long,57417.25,,https://www.tradingview.com/chart/?symbol=AMEX%3ARSPU,True,2026-09-16 13:30,-65.886838867824,-65.886838867824,73.33999633789062,73.2300033569336,75.82364285278321,0.010008462451084048,-48.52608725374529,42.02638886676983,False,True,False,False,,"NEAR: 4h+band ok, weekly shallow"
729,IAK,IAK,AMEX:IAK,US,iShares U.S. Insurance ETF,0.517,Financial,Long,121598.95,,https://www.tradingview.com/chart/?symbol=AMEX%3AIAK,False,,-21.09949140024784,10.020013505405844,143.9149932861328,125.52999877929688,131.77573791503906,0.6946909900196608,40.46305236780592,75.30445972497824,False,False,False,False,,
730,EIDO,EIDO,AMEX:EIDO,US,iShares MSCI Indonesia ETF,0.516,Focused Region,Long,1014594.4,,https://www.tradingview.com/chart/?symbol=AMEX%3AEIDO,False,,-39.32586420785487,-39.32586420785487,12.609999656677246,10.795000076293945,12.153179878234862,0.31537790530998644,6.224906264788032,-70.15808940878433,False,False,False,False,,
731,DJD,DJD,AMEX:DJD,US,Invesco Dow Jones Industrial Average Dividend ETF,0.51,Large Value,Long,46671.75,,https://www.tradingview.com/chart/?symbol=AMEX%3ADJD,False,,-53.49511658931167,-45.827730487134794,64.20999908447266,58.84000015258789,60.69024018859863,0.6849488300216668,54.625055300903405,75.18805571732253,False,False,False,False,,
732,VGSR,VGSR,AMEX:VGSR,US,Vert Global Sustainable Real Estate ETF,0.506,Global Real Estate,Long,222311.85,,https://www.tradingview.com/chart/?symbol=AMEX%3AVGSR,True,2026-09-16 09:30,-68.48239274850384,-67.44068982505307,10.880000114440918,10.130000114440918,10.535117588043214,0.43691030758589655,-9.018127955314995,,False,False,False,False,,
733,ICOP,ICOP,AMEX:ICOP,US,iShares Copper and Metals Mining ETF,0.499,Natural Resources,Long,154837.05,,https://www.tradingview.com/chart/?symbol=AMEX%3AICOP,False,,-53.22377438991026,-53.22377438991026,52.81999969482422,42.310001373291016,46.70196061706543,0.5647501413857008,42.07120771406356,,False,False,False,False,,
734,BTCC,BTCC.TO,TSX:BTCC,TSX,Purpose Bitcoin ETF,0.497,"Long BTC, Short CAD",Long,198964.7,,https://www.tradingview.com/chart/?symbol=TSX%3ABTCC,False,,-42.286446294398424,-42.286446294398424,13.25,10.260000228881836,11.260640174865722,0.7051886633309057,31.083560565354684,-33.992568760779776,False,False,False,False,,
735,CRAK,CRAK,AMEX:CRAK,US,VanEck Oil Refiners ETF,0.496,Equity Energy,Long,435049.2,,https://www.tradingview.com/chart/?symbol=AMEX%3ACRAK,False,,29.882890543299926,30.060167012856486,65.26000213623047,44.88999938964844,49.933320037841796,0.9532054341846099,75.5142730835852,76.97764976658605,False,False,False,False,,
736,PAPI,PAPI,AMEX:PAPI,US,Parametric Equity Premium Income ETF,0.49,Derivative Income,Long,91780.0,,https://www.tradingview.com/chart/?symbol=AMEX%3APAPI,False,,-57.591562343463856,-38.029758582787174,27.290000915527344,26.045000076293945,26.572460220336914,0.5570472032388222,53.42471661768226,,False,False,False,False,,
737,NAIL,NAIL,AMEX:NAIL,US,Direxion Daily Homebuilders & Supplies Bull 3X ETF,0.489,Trading--Leveraged Equity,3X Long,1315834.7,,https://www.tradingview.com/chart/?symbol=AMEX%3ANAIL,False,,-69.54139854176778,-39.36950282870503,29.6200008392334,28.809999465942383,34.608519844055174,0.032967086710298917,-52.605862691022764,-49.48117134234036,False,True,False,False,,
738,METU,METU,AMEX:METU,US,Direxion Daily META Bull 2X ETF,0.486,Trading--Leveraged Equity,2X Long,6563378.2,,https://www.tradingview.com/chart/?symbol=AMEX%3AMETU,False,,67.85120271862378,67.85120271862378,27.09000015258789,17.42009925842285,20.86803554534912,0.661873196345333,-17.2183665451496,,False,False,False,False,,
739,CXSE,CXSE,AMEX:CXSE,US,WisdomTree China ex-State-Owned Enterprises Fund,0.477,Greater China Region,Long,17734.85,,https://www.tradingview.com/chart/?symbol=AMEX%3ACXSE,True,2026-09-16 09:30,-74.9510371864476,-64.56753809688793,35.810001373291016,35.810001373291016,37.379377426147464,0.0,-55.410310198023446,12.031067079138767,False,True,False,False,,"NEAR: 4h+band ok, weekly shallow"
740,ZAP,ZAP,AMEX:ZAP,US,Global X U.S. Electrification ETF,0.472,Utilities,Long,128372.8,,https://www.tradingview.com/chart/?symbol=AMEX%3AZAP,False,,-49.32235214017743,-49.32235214017743,30.8700008392334,30.7549991607666,31.74737914276123,0.027348794424100903,-52.89410723030644,,False,True,False,False,,
741,AVXC,AVXC,AMEX:AVXC,US,Avantis Emerging Markets ex-China Equity ETF,0.471,Diversified Emerging Mkts,Long,56798.65,,https://www.tradingview.com/chart/?symbol=AMEX%3AAVXC,False,,-35.039145286744564,-35.039145286744564,81.16999816894531,65.12000274658203,70.65892123413086,0.6838517172968857,31.574233995914707,,False,False,False,False,,
742,NCIQ,NCIQ,AMEX:NCIQ,US,Hashdex Nasdaq CME Crypto Index ETF,0.467,Digital Assets,Long,69243.05,,https://www.tradingview.com/chart/?symbol=AMEX%3ANCIQ,False,,-39.26073108725665,-39.26073108725665,19.1299991607666,14.539999961853027,15.974880168914794,0.7549339698271921,35.184234937525325,,False,False,False,False,,
743,BBLU,BBLU,AMEX:BBLU,US,EA Bridgeway Blue Chip ETF,0.466,Large Blend,Long,77014.65,,https://www.tradingview.com/chart/?symbol=AMEX%3ABBLU,False,,-25.300935451005344,-25.300935451005344,17.190000534057617,14.399999618530273,15.144579780578614,0.8843107157906064,58.44208783687628,70.74661093634349,False,False,False,False,,
744,BITQ,BITQ,AMEX:BITQ,US,Bitwise Crypto Industry Innovators ETF,0.463,Equity Digital Assets,Long,108521.1,,https://www.tradingview.com/chart/?symbol=AMEX%3ABITQ,False,,-40.03102602506288,-40.03102602506288,24.360000610351562,17.780000686645508,20.463320434570313,0.578715966740668,13.735897750218328,42.335223554942566,False,False,False,False,,
745,POWR,POWR,AMEX:POWR,US,iShares U.S. Power Infrastructure ETF,0.46,,Long,203231.0,,https://www.tradingview.com/chart/?symbol=AMEX%3APOWR,False,,-62.04919366421768,-62.04919366421768,24.459999084472656,24.459999084472656,25.39455931854248,0.0,-56.14926474494971,52.7242551664091,False,True,False,False,,
746,XBM,XBM.TO,TSX:XBM,TSX,iShares S&P/TSX Global Base Metals Index ETF,0.458,Materials,Long,52749.2,,https://www.tradingview.com/chart/?symbol=TSX%3AXBM,True,2026-09-16 09:30,-53.6561132921149,-53.25829354108911,35.119998931884766,28.84000015258789,31.997680404663086,0.46935712092446813,22.947384770991434,63.60311302713624,False,False,False,False,,
747,TTEQ,TTEQ,AMEX:TTEQ,US,T. Rowe Price Technology ETF,0.458,Technology,Long,98291.45,,https://www.tradingview.com/chart/?symbol=AMEX%3ATTEQ,False,,-25.802736179916963,-25.802736179916963,41.2400016784668,28.885000228881836,32.775459922790525,0.7494693613372476,18.25519598653308,,False,False,False,False,,
748,AMAX,AMAX.TO,TSX:AMAX,TSX,Hamilton Gold Producer Yield Maximizer ETF,0.457,Materials,Long,68647.55,,https://www.tradingview.com/chart/?symbol=TSX%3AAMAX,True,2026-09-16 09:30,-57.72333007519797,-57.72333007519797,35.369998931884766,28.389999389648438,31.457999389648435,0.5369230417104868,26.074561272174208,,False,False,False,False,,
749,XRT,XRT,AMEX:XRT,US,State Street SPDR S&P Retail ETF,0.454,Consumer Cyclical,Long,3615591.2,,https://www.tradingview.com/chart/?symbol=AMEX%3AXRT,False,,-49.22821006603393,-46.14491377923318,82.72000122070312,78.38500213623047,81.71850213623047,0.3069025900511615,2.0155090125107638,46.40217645608252,False,False,False,False,,
750,AIPI,AIPI,AMEX:AIPI,US,REX AI Equity Premium Income ETF,0.444,Derivative Income,Long,161209.25,,https://www.tradingview.com/chart/?symbol=AMEX%3AAIPI,False,,-42.19742367066553,-42.19742367066553,36.41999816894531,32.41999816894531,34.08143838500977,0.5681817442917723,55.098925915189255,,False,False,False,False,,
752,OSEA,OSEA,AMEX:OSEA,US,Harbor International Compounders ETF,0.437,Foreign Large Growth,Long,177588.7,,https://www.tradingview.com/chart/?symbol=AMEX%3AOSEA,False,,-72.62584958789444,-72.34391355169039,29.099899291992188,27.959999084472656,28.767119102478027,0.33330414681007103,-1.2399113351457334,40.75087648300024,False,False,False,False,,
753,OVL,OVL,AMEX:OVL,US,Overlay Shares Large Cap Equity ETF,0.436,Derivative Income,Long,187108.55,,https://www.tradingview.com/chart/?symbol=AMEX%3AOVL,False,,-47.17126200421461,-47.17126200421461,55.915000915527344,48.709999084472656,51.03341937255859,0.731843670664381,46.73341938373994,70.28134758450334,False,False,False,False,,
754,EMAX,EMAX.TO,TSX:EMAX,TSX,Hamilton Energy Yield Maximizer ETF,0.425,Energy Equity,Long,54368.6,,https://www.tradingview.com/chart/?symbol=TSX%3AEMAX,False,,37.08271118933025,43.51258605409988,17.8799991607666,15.470000267028809,16.154400402069093,0.8310339373159861,65.36873248784552,,False,False,False,False,,
755,MVLL,MVLL,AMEX:MVLL,US,GraniteShares 2x Long MRVL Daily ETF,0.422,Trading--Leveraged Equity,2X Long,4532551.3,,https://www.tradingview.com/chart/?symbol=AMEX%3AMVLL,False,,-2.7496435156272576,-1.5696100153334684,27.5,6.87666654586792,22.778346910476685,0.30607499230128804,-9.868427802446972,,False,False,False,False,,
757,COPY,COPY,AMEX:COPY,US,Tweedy Browne Insider + Value ETF Trust Units,0.42,,Long,226372.45,,https://www.tradingview.com/chart/?symbol=AMEX%3ACOPY,False,,-43.750610537295465,-30.353921097400875,15.619999885559082,13.140000343322754,13.826760082244872,0.8522338436530656,60.644437561811344,,False,False,False,False,,
758,HDIF,HDIF.TO,TSX:HDIF,TSX,Harvest Diversified Monthly Income ETF,0.415,Large Cap,1.25X Long,55831.1,,https://www.tradingview.com/chart/?symbol=TSX%3AHDIF,False,,-53.63061104171078,-53.63061104171078,9.350000381469727,8.270000457763672,8.647600322723388,0.6750001937151648,45.617340672838075,75.87774382636225,False,False,False,False,,
759,PLTU,PLTU,AMEX:PLTU,US,Direxion Daily PLTR Bull 2X ETF,0.413,Trading--Leveraged Equity,2X Long,1119542.95,,https://www.tradingview.com/chart/?symbol=AMEX%3APLTU,False,,-47.98144448190654,-4.456155085878731,49.380001068115234,21.239999771118164,29.79263971710205,0.7764901069183651,29.82842061134131,,False,False,False,False,,
760,KBWD,KBWD,AMEX:KBWD,US,Invesco KBW High Dividend Yield Financial ETF,0.411,Financial,Long,361209.8,,https://www.tradingview.com/chart/?symbol=AMEX%3AKBWD,False,,-80.27203874201196,-68.93925488121393,11.78499984741211,11.78499984741211,12.195639793395996,0.0,16.766680985517223,6.278365865204869,False,True,False,False,,
761,BBHM,BBHM,AMEX:BBHM,US,BBH Select Mid Cap ETF,0.41,Mid-Cap Growth,Long,123773.85,,https://www.tradingview.com/chart/?symbol=AMEX%3ABBHM,True,2026-09-16 09:30,-63.81816583921452,-61.49134475125442,11.329999923706055,10.699999809265137,11.124799854278564,0.3500000264909504,15.702571938743516,,False,False,False,False,,
762,FXN,FXN,AMEX:FXN,US,First Trust Energy AlphaDEX Fund,0.403,Equity Energy,Long,376424.9,,https://www.tradingview.com/chart/?symbol=AMEX%3AFXN,False,,4.791316414337033,4.791316414337033,23.350000381469727,20.014999389648438,21.045139335632324,0.7640323405943674,61.44895975649096,72.42736140564982,False,False,False,False,,
763,AMDY,AMDY,AMEX:AMDY,US,YieldMax AMD Option Income Strategy ETF,0.401,Derivative Income,Long,284936.4,,https://www.tradingview.com/chart/?symbol=AMEX%3AAMDY,False,,13.766353383293245,24.36586621896645,45.2400016784668,29.965999603271484,36.93130358886719,0.5175171819062836,5.018700478261036,,False,False,False,False,,
764,SPXU,SPXU,AMEX:SPXU,US,ProShares UltraPro Short S&P500,0.4,Trading--Inverse Equity,-3X Short,6572186.1,,https://www.tradingview.com/chart/?symbol=AMEX%3ASPXU,False,,32.74989975726394,51.375248580140244,36.56999969482422,33.02000045776367,39.87108016967773,0.12228726787244219,-42.042465006030014,-53.63310642554119,False,True,False,False,,
765,KSTR,KSTR,AMEX:KSTR,US,KraneShares China Technology & Semiconductor STAR 50 Index ETF,0.394,Greater China Region,Long,854462.75,,https://www.tradingview.com/chart/?symbol=AMEX%3AKSTR,False,,-65.84596290448489,-26.427065001433608,23.309999465942383,18.0,21.393680252075196,0.36926280052344645,-22.697300796355943,72.58861477216287,False,False,False,False,,
766,URNJ,URNJ,AMEX:URNJ,US,Sprott Junior Uranium Miners ETF,0.394,Natural Resources,Long,364755.75,,https://www.tradingview.com/chart/?symbol=AMEX%3AURNJ,True,2026-09-16 09:30,-69.1612019963019,-66.96813378668321,22.040000915527344,20.899999618530273,23.87359970855713,0.09047629067326225,-12.840573536363449,7.4692641905863475,False,True,False,False,,
767,PBW,PBW,AMEX:PBW,US,Invesco WilderHill Clean Energy ETF,0.392,Small Growth,Long,510905.4,,https://www.tradingview.com/chart/?symbol=AMEX%3APBW,False,,-61.23362864600904,-61.23362864600904,29.950000762939453,29.889999389648438,33.93267964172363,0.003502706920590835,-45.16488365506542,41.58186107336437,False,True,False,False,,
768,IEZ,IEZ,AMEX:IEZ,US,iShares U.S. Oil Equipment & Services ETF,0.391,Equity Energy,Long,159503.05,,https://www.tradingview.com/chart/?symbol=AMEX%3AIEZ,False,,-60.763901266943556,-60.763901266943556,28.15999984741211,25.850000381469727,27.426480003356932,0.34580838622562743,26.84395754798062,57.65819297954067,False,False,False,False,,
771,PBP,PBP,AMEX:PBP,US,Invesco S&P 500 BuyWrite ETF,0.383,Derivative Income,Long,74897.45,,https://www.tradingview.com/chart/?symbol=AMEX%3APBP,False,,-19.2194904723242,-19.2194904723242,23.15999984741211,21.485000610351562,21.941660484313964,0.8656329195650653,64.05422253827275,73.16062845048113,False,False,False,False,,
772,SDS,SDS,AMEX:SDS,US,ProShares UltraShort S&P 500,0.382,Trading--Inverse Equity,-2X Short,2256250.5,,https://www.tradingview.com/chart/?symbol=AMEX%3ASDS,False,,33.71171993426237,52.13419797349396,56.52000045776367,52.7599983215332,59.14497929382324,0.13897621747056352,-41.80431164710851,-57.37336699370021,False,True,False,False,,
773,YMAX,YMAX,AMEX:YMAX,US,YieldMax Universe Fund of Option Income ETFs,0.38,Derivative Income,Long,1015252.5,,https://www.tradingview.com/chart/?symbol=AMEX%3AYMAX,False,,-63.19463379354065,-63.19463379354065,7.275000095367432,7.255000114440918,7.619620132446289,0.01294497083423351,38.0842805999103,,False,True,False,False,,
774,PLTY,PLTY,AMEX:PLTY,US,YieldMax PLTR Option Income Strategy ETF,0.378,Derivative Income,Long,291203.65,,https://www.tradingview.com/chart/?symbol=AMEX%3APLTY,False,,-59.286371335972355,-15.37623563681907,35.15999984741211,26.209999084472656,29.997798904418946,0.557632472796216,46.087048320240804,,False,False,False,False,,
775,PINK,PINK,AMEX:PINK,US,Simplify Health Care ETF,0.378,Health,Long,64768.0,,https://www.tradingview.com/chart/?symbol=AMEX%3APINK,False,,-58.59765769461825,-45.064852905467,38.614349365234375,32.040000915527344,34.01916751098633,0.7839391780816933,36.45994442799748,67.60769333324974,False,False,False,False,,
776,EEMS,EEMS,AMEX:EEMS,US,iShares MSCI Emerging Markets Small Cap ETF,0.377,Diversified Emerging Mkts,Long,59754.4,,https://www.tradingview.com/chart/?symbol=AMEX%3AEEMS,False,,-54.16076462076311,-54.16076462076311,73.99099731445312,67.4800033569336,70.27896170043945,0.5489880110362538,20.40875913064403,57.74846374038734,False,False,False,False,,
777,DAPP,DAPP,AMEX:DAPP,US,VanEck Digital Transformation ETF,0.374,Equity Digital Assets,Long,911035.7,,https://www.tradingview.com/chart/?symbol=AMEX%3ADAPP,False,,-43.49836951120375,-43.49836951120375,18.600000381469727,13.970000267028809,16.16126000595093,0.498653814333095,7.189785740313321,27.141863223078428,False,False,False,False,,
778,CLOU,CLOU,AMEX:CLOU,US,Global X Cloud Computing ETF,0.369,Technology,Long,382890.85,,https://www.tradingview.com/chart/?symbol=AMEX%3ACLOU,False,,-33.63786498037202,20.93385098247735,28.024999618530273,17.610000610351562,20.33344037628174,0.9025129898882416,67.42827912457719,23.05960635114808,False,False,False,False,,
779,PEJ,PEJ,AMEX:PEJ,US,Invesco Leisure and Entertainment ETF,0.369,Consumer Cyclical,Long,57416.6,,https://www.tradingview.com/chart/?symbol=AMEX%3APEJ,False,,-59.55920219417202,-49.711336243941254,62.310001373291016,55.939998626708984,59.04162815856934,0.48468736602842133,18.810619739947107,64.40601525801652,False,False,False,False,,
781,MORT,MORT,AMEX:MORT,US,VanEck Mortgage REIT Income ETF,0.364,Real Estate,Long,813088.4,,https://www.tradingview.com/chart/?symbol=AMEX%3AMORT,False,,-77.73442284537296,-74.77064773540685,9.114999771118164,9.114999771118164,9.477283367156982,0.0,-21.487417667732284,37.054013141415815,False,True,False,False,,
782,DPST,DPST,AMEX:DPST,US,Direxion Daily Regional Banks Bull 3X ETF,0.358,Trading--Leveraged Equity,3X Long,196115.6,,https://www.tradingview.com/chart/?symbol=AMEX%3ADPST,False,,-23.143323753709144,-18.998281702528534,125.05999755859375,84.70999908447266,102.07487771606445,0.5483827351702985,13.368809526668246,57.59708047826334,False,False,False,False,,
783,XTN,XTN,AMEX:XTN,US,State Street SPDR S&P Transportation ETF,0.355,Industrials,Long,35439.35,,https://www.tradingview.com/chart/?symbol=AMEX%3AXTN,False,,-54.681134200432645,-54.5445497124178,100.22000122070312,87.6500015258789,94.74416094970704,0.4181636964647931,-32.6241569105653,68.09501045962959,False,False,False,False,,
784,CONY,CONY,AMEX:CONY,US,YieldMax COIN Option Income Strategy ETF,0.353,Derivative Income,Long,474760.7,,https://www.tradingview.com/chart/?symbol=AMEX%3ACONY,False,,-43.06817261546224,-34.23342398817851,18.530000686645508,17.719999313354492,20.99921942138672,0.05829444739877188,15.528408486181966,,False,True,False,False,,
785,IRE,IRE,AMEX:IRE,US,Defiance Daily Target 2X Long IREN ETF,0.352,Trading--Leveraged Equity,2X Long,7854584.95,,https://www.tradingview.com/chart/?symbol=AMEX%3AIRE,False,,-24.961734843074243,-24.961734843074243,10.180000305175781,5.889999866485596,14.32464015007019,0.12003358406419343,-39.93177203062823,,False,True,False,False,,
786,INTW,INTW,AMEX:INTW,US,GraniteShares 2x Long INTC Daily ETF,0.349,Trading--Leveraged Equity,2X Long,3795600.0,,https://www.tradingview.com/chart/?symbol=AMEX%3AINTW,False,,7.505302028163162,7.856211305973223,22.860000610351562,5.621250152587891,16.649234756469724,0.3689110253744981,-22.759504555519054,,False,False,False,False,,
787,GREK,GREK,AMEX:GREK,US,Global X MSCI Greece ETF,0.349,Focused Region,Long,40156.4,,https://www.tradingview.com/chart/?symbol=AMEX%3AGREK,False,,-12.841165961540142,-12.841165961540142,85.40499877929688,60.7400016784668,67.01049729919434,0.9283060969781077,73.51192075992306,72.8609625053648,False,False,False,False,,
788,THD,THD,AMEX:THD,US,iShares MSCI Thailand ETF,0.348,Focused Region,Long,41399.65,,https://www.tradingview.com/chart/?symbol=AMEX%3ATHD,False,,-45.64927940892758,-45.64927940892758,71.05500030517578,65.08899688720703,67.43743383789062,0.5995378356786563,42.78495141115343,63.80735447698006,False,False,False,False,,
789,SPXS,SPXS,AMEX:SPXS,US,Direxion Daily S&P 500 Bear 3X ETF,0.347,Trading--Inverse Equity,-3X Short,11018642.15,,https://www.tradingview.com/chart/?symbol=AMEX%3ASPXS,False,,33.01484105466469,51.71787408889153,26.079999923706055,23.575000762939453,28.459020690917967,0.121043691602136,-41.999491251628065,-53.622577618833866,False,True,False,False,,
790,QQU,QQU.TO,TSX:QQU,TSX,BetaPro NASDAQ-100 2x Daily Bull ETF,0.345,Large Cap,2X Long,260793.15,,https://www.tradingview.com/chart/?symbol=TSX%3AQQU,False,,-48.85184417288448,-48.85184417288448,36.54999923706055,24.31999969482422,28.624640090942382,0.6705042991676056,4.150746489873136,64.66846677489143,False,False,False,False,,
791,XQQI,XQQI,AMEX:XQQI,US,NEOS Boosted Nasdaq-100 High Income ETF,0.339,Derivative Income,1.5X Long,285388.75,,https://www.tradingview.com/chart/?symbol=AMEX%3AXQQI,False,,-52.36343804086878,-52.36343804086878,47.645301818847656,42.040000915527344,45.008880447387696,0.445572479107858,14.010641602190722,,False,False,False,False,,
792,WQTM,WQTM,AMEX:WQTM,US,WisdomTree Quantum Computing Fund,0.339,Technology,Long,173541.8,,https://www.tradingview.com/chart/?symbol=AMEX%3AWQTM,False,,-50.98923707771144,-50.98923707771144,31.06999969482422,23.31999969482422,27.56564009094238,0.43079484585465005,-21.966648342592958,,False,False,False,False,,
793,WCLD,WCLD,AMEX:WCLD,US,WisdomTree Cloud Computing Fund,0.338,Technology,Long,699491.8,,https://www.tradingview.com/chart/?symbol=AMEX%3AWCLD,False,,-48.026344150020016,10.978418555259523,40.849998474121094,24.094999313354492,28.59197983551025,0.879296626360606,70.6707359459781,2.1442996803616197,False,False,False,False,,
794,EWQ,EWQ,AMEX:EWQ,US,iShares MSCI France ETF,0.337,Focused Region,Long,283908.1,,https://www.tradingview.com/chart/?symbol=AMEX%3AEWQ,True,2026-09-16 09:30,-69.35270833803132,-66.61217406942039,44.141998291015625,41.84000015258789,43.27724018859863,0.37799640077997715,24.790415701565394,57.46557134895131,False,False,False,False,,
795,KOID,KOID,AMEX:KOID,US,KraneShares Global Humanoid Robotics and Physical AI Index ETF,0.335,Technology,Long,170011.5,,https://www.tradingview.com/chart/?symbol=AMEX%3AKOID,True,2026-09-16 09:30,-62.006995808602824,-61.49377469502869,34.619998931884766,30.040000915527344,33.16464041137695,0.3459213561423839,-35.11517548409577,,False,False,False,False,,
796,FLCH,FLCH,AMEX:FLCH,US,Franklin FTSE China ETF,0.334,Greater China Region,Long,103980.9,,https://www.tradingview.com/chart/?symbol=AMEX%3AFLCH,False,,-73.13809505754897,-63.796607713364295,20.690000534057617,20.247600555419922,21.108386932373048,0.12129187653742532,-17.59580449540954,-6.8010155639531105,False,True,False,False,,
797,GDXY,GDXY,AMEX:GDXY,US,YieldMax Gold Miners Option Income Strategy ETF,0.33,Commodities Focused,Long,935275.85,,https://www.tradingview.com/chart/?symbol=AMEX%3AGDXY,True,2026-09-16 09:30,-65.82077282295907,-63.52971891847867,10.680000305175781,9.404999732971191,11.0470407371521,0.1832476377107159,23.352417593553707,,False,True,False,False,,
798,DFEN,DFEN,AMEX:DFEN,US,Direxion Daily Aerospace & Defense Bull 3X ETF,0.329,Trading--Leveraged Equity,3X Long,220112.55,,https://www.tradingview.com/chart/?symbol=AMEX%3ADFEN,True,2026-09-16 09:30,-64.17587307137904,-60.41193686155149,53.31999969482422,52.42499923706055,60.87498020935058,0.02499651877618176,-19.545814456631323,48.70579538062058,False,True,False,False,,
799,UTES,UTES.TO,TSX:UTES,TSX,Evolve Canadian Utilities Enhanced Yield Index Fund,0.326,Utilities,1.25X Long,243987.55,,https://www.tradingview.com/chart/?symbol=TSX%3AUTES,False,,-84.6937063153783,-66.21015079140894,8.289999961853027,8.260000228881836,8.644680255889893,0.018404742861923767,-47.866042167194934,,False,True,False,False,,
800,KBWY,KBWY,AMEX:KBWY,US,Invesco KBW Premium Yield Equity REIT ETF,0.322,Real Estate,Long,210734.2,,https://www.tradingview.com/chart/?symbol=AMEX%3AKBWY,False,,-69.42027092891932,-58.50423705119001,17.270000457763672,14.96500015258789,15.960919990539551,0.546208691997044,6.132520154986554,69.76364514562472,False,False,False,False,,
801,URTY,URTY,AMEX:URTY,US,ProShares UltraPro Russell2000,0.316,Trading--Leveraged Equity,3X Long,314639.7,,https://www.tradingview.com/chart/?symbol=AMEX%3AURTY,True,2026-09-16 09:30,-65.96955986035071,-65.66312645897888,72.0999984741211,46.63999938964844,56.80687982177734,0.5909934540931133,8.467616291914668,69.31054118288587,False,False,False,False,,
803,PTIR,PTIR,AMEX:PTIR,US,GraniteShares 2x Long PLTR Daily ETF,0.312,Trading--Leveraged Equity,2X Long,3273106.1,,https://www.tradingview.com/chart/?symbol=AMEX%3APTIR,False,,-48.267748408134,-4.286265163740143,18.40999984741211,7.909999847412109,11.096023704528807,0.7777719537362632,29.921873755806487,,False,False,False,False,,
804,IYRI,IYRI,AMEX:IYRI,US,NEOS Real Estate High Income ETF,0.312,Derivative Income,Long,80397.1,,https://www.tradingview.com/chart/?symbol=AMEX%3AIYRI,False,,-71.4447495764727,-71.4447495764727,46.939998626708984,46.32820129394531,47.33162622070312,0.14389135318648033,11.84673210184512,,False,True,False,False,,
805,TCAL,TCAL,AMEX:TCAL,US,T. Rowe Price Capital Appreciation Premium Income ETF,0.309,Derivative Income,Long,95832.0,,https://www.tradingview.com/chart/?symbol=AMEX%3ATCAL,False,,-67.32310361207142,-51.848049245918105,22.280000686645508,21.80500030517578,22.202660179138185,0.2818994255313128,48.756727237133454,,False,False,False,False,,
806,COPP,COPP,AMEX:COPP,US,Sprott Copper Miners ETF,0.309,Natural Resources,Long,102974.7,,https://www.tradingview.com/chart/?symbol=AMEX%3ACOPP,False,,-46.794748493379394,-46.794748493379394,41.025001525878906,31.559999465942383,35.20147998809814,0.613415470041466,40.86054980059893,,False,False,False,False,,
808,CEW,CEW.TO,TSX:CEW,TSX,iShares Equal Weight Banc & Lifeco ETF,0.307,Financials,Long,39808.75,,https://www.tradingview.com/chart/?symbol=TSX%3ACEW,False,,5.240322228643096,35.05426857164834,35.25,26.459999084472656,28.80347915649414,0.8851964396159948,32.479789249722835,83.67598134596358,False,False,False,False,,
809,UAE,UAE,AMEX:UAE,US,iShares MSCI UAE ETF,0.304,Focused Region,Long,243114.35,,https://www.tradingview.com/chart/?symbol=AMEX%3AUAE,False,,52.893680067103595,61.58053063726366,20.020000457763672,17.450000762939453,18.148560546875,0.868243408690811,45.67373986908722,45.665732465583574,False,False,False,False,,
810,ELCV,ELCV,AMEX:ELCV,US,Eventide High Dividend ETF,0.3,,Long,87307.05,,https://www.tradingview.com/chart/?symbol=AMEX%3AELCV,False,,-59.46198941218662,-59.46198941218662,30.670000076293945,28.399999618530273,29.50683974456787,0.48400857127403146,6.357451122978428,,False,False,False,False,,
811,RSPD,RSPD,AMEX:RSPD,US,Invesco S&P 500 Equal Weight Consumer Discretionary ETF,0.299,Consumer Cyclical,Long,65197.35,,https://www.tradingview.com/chart/?symbol=AMEX%3ARSPD,False,,-66.96561794315637,-59.178513868524284,52.560001373291016,51.619998931884766,53.28851885986328,0.1329565038163161,4.668142049016523,21.894270985283853,False,True,False,False,,
813,WAGN,WAGN,AMEX:WAGN,US,Pabrai Wagons ETF,0.297,Global Small/Mid Stock,Long,107415.45,,https://www.tradingview.com/chart/?symbol=AMEX%3AWAGN,False,,-72.5192729024774,-72.5192729024774,14.949999809265137,13.710000038146973,14.331859867095947,0.4705882778736278,41.2533185112737,,False,False,False,False,,
814,HEEM,HEEM,AMEX:HEEM,US,iShares Currency Hedged MSCI Emerging Markets ETF,0.297,Diversified Emerging Mkts,Long,34010.5,,https://www.tradingview.com/chart/?symbol=AMEX%3AHEEM,False,,-41.73923117878608,-41.134250477691296,41.39500045776367,35.644798278808594,38.17476628112793,0.5363892796230354,11.729444727752439,74.12003022335313,False,False,False,False,,
815,YMAG,YMAG,AMEX:YMAG,US,YieldMax Magnificent 7 Fund of Option Income ETFs,0.296,Large Blend,Long,1042674.95,,https://www.tradingview.com/chart/?symbol=AMEX%3AYMAG,False,,-8.77849545853377,-8.77849545853377,11.125,10.755000114440918,11.317836536407471,0.1551427192413153,33.37939453556007,,False,True,False,False,,
816,PATN,PATN,AMEX:PATN,US,Pacer Nasdaq International Patent Leaders ETF,0.292,Foreign Large Blend,Long,133533.7,,https://www.tradingview.com/chart/?symbol=AMEX%3APATN,False,,-43.98328812639125,-43.55093532241886,34.94499969482422,27.34000015258789,29.907680404663086,0.6989888598929851,22.09329517829667,,False,False,False,False,,
817,QTOP,QTOP,AMEX:QTOP,US,iShares Nasdaq Top 30 Stocks ETF,0.286,Large Growth,Long,92924.15,,https://www.tradingview.com/chart/?symbol=AMEX%3AQTOP,False,,-18.536630912917346,-18.536630912917346,37.029998779296875,28.864999771118164,31.31939968109131,0.7850960872758751,18.549304146262244,,False,False,False,False,,
818,AVL,AVL,AMEX:AVL,US,Direxion Daily AVGO Bull 2X ETF,0.285,Trading--Leveraged Equity,2X Long,1147623.7,,https://www.tradingview.com/chart/?symbol=AMEX%3AAVL,True,2026-09-16 13:30,-69.78204279305277,-69.78204279305277,33.689998626708984,29.549999237060547,40.686862319946286,0.08773025659788074,-43.526701542404204,,False,True,False,False,,"NEAR: 4h+band ok, weekly shallow"
819,TBG,TBG,AMEX:TBG,US,TBG Dividend Focus ETF,0.284,Large Value,Long,54996.95,,https://www.tradingview.com/chart/?symbol=AMEX%3ATBG,False,,-77.21715144629594,-60.34862199706034,37.54999923706055,34.42499923706055,35.62033981323242,0.6169789721033921,55.749471951502265,,False,False,False,False,,
821,FMTM,FMTM,AMEX:FMTM,US,MarketDesk Focused U.S. Momentum ETF,0.277,Large Growth,Long,204518.3,,https://www.tradingview.com/chart/?symbol=AMEX%3AFMTM,False,,-53.331730099411736,8.985312370084856,38.59000015258789,33.20100021362305,35.65752430725097,0.5177250200373297,-21.426639227909295,,False,False,False,False,,
823,USDU,USDU,AMEX:USDU,US,WisdomTree Bloomberg US Dollar Bullish Fund,0.274,Trading--Miscellaneous,Long,395191.85,,https://www.tradingview.com/chart/?symbol=AMEX%3AUSDU,False,,2.29251177102271,53.199063549402005,26.56999969482422,25.829999923706055,26.065999923706055,0.7399997711181641,-10.494353319559243,51.15619648837262,False,False,False,False,,
824,FYEE,FYEE,AMEX:FYEE,US,Fidelity Yield Enhanced Equity ETF,0.272,Derivative Income,Long,129732.15,,https://www.tradingview.com/chart/?symbol=AMEX%3AFYEE,False,,-36.781465186004304,-36.781465186004304,29.920000076293945,26.399999618530273,27.361699798583984,0.863803631591117,61.085226757985225,,False,False,False,False,,
825,ORCX,ORCX,AMEX:ORCX,US,Defiance Daily Target 2X Long ORCL ETF,0.267,Trading--Leveraged Equity,2X Long,1959947.85,,https://www.tradingview.com/chart/?symbol=AMEX%3AORCX,False,,-42.09138761049021,-42.09138761049021,20.260000228881836,13.890000343322754,27.129599758148192,0.11354724005535663,-22.364218841347036,,False,True,False,False,,
826,WGMI,WGMI,AMEX:WGMI,US,CoinShares Bitcoin Mining and Digital Power ETF,0.267,Equity Digital Assets,Long,695525.45,,https://www.tradingview.com/chart/?symbol=AMEX%3AWGMI,False,,-30.509639748321547,-30.509639748321547,44.54999923706055,32.30070114135742,41.72873567199707,0.306621103390232,-34.85550209045182,49.75762295661789,False,False,False,False,,
827,AMZU,AMZU,AMEX:AMZU,US,Direxion Daily AMZN Bull 2X ETF,0.265,Trading--Leveraged Equity,2X Long,1863181.8,,https://www.tradingview.com/chart/?symbol=AMEX%3AAMZU,False,,-62.7129191461138,-62.7129191461138,33.54999923706055,24.639999389648438,29.783619857788086,0.4088093157366618,-0.7965982856962549,21.556424576398864,False,False,False,False,,
829,IDNA,IDNA,AMEX:IDNA,US,iShares Genomics Immunology and Healthcare ETF,0.262,Health,Long,113491.3,,https://www.tradingview.com/chart/?symbol=AMEX%3AIDNA,False,,-57.12986509387838,-22.295373294352544,38.51499938964844,27.790000915527344,31.013760879516603,0.7851389893062808,82.96355005421238,74.67234557494528,False,False,False,False,,
830,EMQQ,EMQQ,AMEX:EMQQ,US,EMQQ The Emerging Markets Internet ETF,0.259,Diversified Emerging Mkts,Long,37037.15,,https://www.tradingview.com/chart/?symbol=AMEX%3AEMQQ,False,,-71.8374790043536,-68.32942771297239,31.530000686645508,30.18000030517578,31.52756008911133,0.23642742520586676,3.0730765973178027,-32.6044079770019,False,False,False,False,,
831,MSTX,MSTX,AMEX:MSTX,US,Defiance Daily Target 2x Long MSTR ETF,0.258,Trading--Leveraged Equity,2X Long,9991447.8,,https://www.tradingview.com/chart/?symbol=AMEX%3AMSTX,False,,-33.25616423913521,-33.25616423913521,12.949999809265137,6.75,15.585839675903319,0.16559829157798564,-8.133469442053395,,False,True,False,False,,
832,ERX,ERX,AMEX:ERX,US,Direxion Daily Energy Bull 2X ETF,0.257,Trading--Leveraged Equity,2X Long,266946.55,,https://www.tradingview.com/chart/?symbol=AMEX%3AERX,False,,21.93394364761832,21.93394364761832,108.2699966430664,75.22000122070312,84.5762204284668,0.8336485867288744,58.00969949842039,69.04243897953977,False,False,False,False,,
833,RSPS,RSPS,AMEX:RSPS,US,Invesco S&P 500 Equal Weight Consumer Staples ETF,0.248,Consumer Defensive,Long,72879.0,,https://www.tradingview.com/chart/?symbol=AMEX%3ARSPS,False,,-65.63682148541028,-46.52353984281009,29.93000030517578,29.145000457763672,29.842379989624025,0.26565156493058023,36.16281987321129,35.072937399702504,False,False,False,False,,
834,GPZ,GPZ,AMEX:GPZ,US,VanEck Alternative Asset Manager ETF,0.248,Financial,Long,186741.25,,https://www.tradingview.com/chart/?symbol=AMEX%3AGPZ,False,,-77.1647388389719,-68.77590523343947,22.290000915527344,20.170000076293945,21.601340202331542,0.3495466863240442,31.49632524405845,,False,False,False,False,,
835,GUSH,GUSH,AMEX:GUSH,US,Direxion Daily S&P Oil & Gas Exp. & Prod. Bull 2X ETF,0.245,Trading--Leveraged Equity,2X Long,597254.5,,https://www.tradingview.com/chart/?symbol=AMEX%3AGUSH,False,,40.120497411491804,40.120497411491804,46.209999084472656,29.8700008392334,34.69620056915283,0.7990219637969354,57.38909208985731,54.03740222396152,False,False,False,False,,
836,UWM,UWM,AMEX:UWM,US,ProShares Ultra Russell2000,0.245,Trading--Leveraged Equity,2X Long,235637.4,,https://www.tradingview.com/chart/?symbol=AMEX%3AUWM,True,2026-09-16 09:30,-65.49368615995591,-65.32887552716305,59.529998779296875,43.61000061035156,49.53832125854492,0.6337578195970331,12.010664896144297,70.82688702495464,False,False,False,False,,
837,BEDY,BEDY,AMEX:BEDY,US,BNY Mellon Enhanced Dividend and Income ETF,0.245,Large Value,Long,101621.1,,https://www.tradingview.com/chart/?symbol=AMEX%3ABEDY,False,,-52.17970291652508,-49.12602973750442,29.15999984741211,26.46030044555664,27.3593896484375,0.7086383161942145,59.975988149602266,,False,False,False,False,,
839,TZA,TZA,AMEX:TZA,US,Direxion Daily Small Cap Bear 3X ETF,0.237,Trading--Inverse Equity,-3X Short,3917858.7,,https://www.tradingview.com/chart/?symbol=AMEX%3ATZA,False,,61.667794214401624,66.58888473901335,44.880001068115234,36.36000061035156,46.29323974609375,0.20242340696270678,-18.248959954457817,-55.74498732996369,False,True,False,False,,
840,QID,QID,AMEX:QID,US,ProShares UltraShort QQQ,0.236,Trading--Inverse Equity,-2X Short,29218545.8,,https://www.tradingview.com/chart/?symbol=AMEX%3AQID,False,,13.846039222168306,47.53373762775505,14.760000228881836,13.494999885559082,16.04262012863159,0.11718390204975025,-24.519915208945722,-56.972929009090954,False,True,False,False,,
841,STCE,STCE,AMEX:STCE,US,Schwab Crypto Thematic Natural Language Processing ETF,0.236,Equity Digital Assets,Long,59843.9,,https://www.tradingview.com/chart/?symbol=AMEX%3ASTCE,False,,-40.06077131783213,-40.06077131783213,64.30000305175781,48.875,56.911980072021485,0.4529438529887041,-6.805538688824089,27.786175482678388,False,False,False,False,,
842,EWZS,EWZS,AMEX:EWZS,US,iShares MSCI Brazil Small-Cap ETF,0.235,Focused Region,Long,287624.15,,https://www.tradingview.com/chart/?symbol=AMEX%3AEWZS,False,,-27.340418522266983,-27.340418522266983,13.149999618530273,11.729999542236328,12.78373957824707,0.31802912156025814,-24.457950056444357,15.630934457796675,False,False,False,False,,
843,AMZY,AMZY,AMEX:AMZY,US,YieldMax AMZN Option Income Strategy ETF,0.234,Derivative Income,Long,308899.7,,https://www.tradingview.com/chart/?symbol=AMEX%3AAMZY,False,,-67.93812257793222,-67.93812257793222,10.199999809265137,9.949999809265137,10.633219917297364,0.08635577218288934,19.99417528307694,,False,True,False,False,,
844,YOKE,YOKE,AMEX:YOKE,US,YOKE Core ETF,0.233,Large Blend,Long,11209.8,,https://www.tradingview.com/chart/?symbol=AMEX%3AYOKE,False,,-60.586440330252366,-60.586440330252366,30.600000381469727,26.739999771118164,28.229159645080568,0.6117275653010029,1.4422533139300355,,False,False,False,False,,
845,SPWO,SPWO,AMEX:SPWO,US,SP Funds S&P World (ex-US) ETF,0.231,Foreign Large Growth,Long,73675.55,,https://www.tradingview.com/chart/?symbol=AMEX%3ASPWO,True,2026-09-16 09:30,-56.71032719407185,-56.70258880075036,32.40999984741211,27.18000030517578,29.034983856201173,0.6653858958940595,23.69383801099896,,False,False,False,False,,
846,GOOY,GOOY,AMEX:GOOY,US,YieldMax GOOGL Option Income Strategy ETF,0.228,Derivative Income,Long,258340.35,,https://www.tradingview.com/chart/?symbol=AMEX%3AGOOY,False,,-31.31277860557655,18.7479626660099,12.074999809265137,11.765000343322754,12.711360172271728,0.07730661395851254,-30.00490896327432,,False,True,False,False,,
847,TUR,TUR,AMEX:TUR,US,iShares MSCI Turkey ETF,0.228,Focused Region,Long,158910.7,,https://www.tradingview.com/chart/?symbol=AMEX%3ATUR,False,,-57.05708112805081,-57.05708112805081,36.20199966430664,36.20199966430664,37.978607635498044,0.0,10.466147194965755,45.09480259198454,False,True,False,False,,
848,COLO,COLO,AMEX:COLO,US,Global X MSCI Colombia ETF,0.226,,Long,144071.75,,https://www.tradingview.com/chart/?symbol=AMEX%3ACOLO,False,,6.2902488466670405,6.2902488466670405,49.72999954223633,36.02000045776367,39.724020385742186,0.8735265594808415,68.23328617425169,77.91110185493618,False,False,False,False,,
849,AVSE,AVSE,AMEX:AVSE,US,Avantis Responsible Emerging Markets Equity ETF,0.226,Diversified Emerging Mkts,Long,15155.05,,https://www.tradingview.com/chart/?symbol=AMEX%3AAVSE,False,,-47.36635249994608,-47.36635249994608,77.2300033569336,64.0999984741211,68.98165969848633,0.6347595644035445,29.802285075649536,73.2502817206747,False,False,False,False,,
850,CGXF,CGXF.TO,TSX:CGXF,TSX,CI Gold+ Giants Covered Call ETF,0.218,Materials,Long,25034.75,,https://www.tradingview.com/chart/?symbol=TSX%3ACGXF,True,2026-09-16 09:30,-61.6464546715222,-58.72140716191321,18.8700008392334,15.510000228881836,17.454640174865723,0.4077670756895679,23.19099305198981,38.24553220320153,False,False,False,False,,
852,SPRE,SPRE,AMEX:SPRE,US,SP Funds S&P Global REIT Sharia ETF,0.207,Real Estate,Long,86467.35,,https://www.tradingview.com/chart/?symbol=AMEX%3ASPRE,False,,-61.49114613157161,-61.49114613157161,19.84000015258789,19.219999313354492,19.842803298950194,0.23493779976235837,-16.796597039898106,69.35259751809058,False,True,False,False,,
853,FBL,FBL,AMEX:FBL,US,GraniteShares 2x Long META Daily ETF,0.202,Trading--Leveraged Equity,2X Long,1015911.25,,https://www.tradingview.com/chart/?symbol=AMEX%3AFBL,False,,67.7729586443308,67.7729586443308,27.969999313354492,18.010000228881836,21.5122398147583,0.6711590473178035,-17.00431115255718,-42.989241036067064,False,False,False,False,,
854,NEBX,NEBX,AMEX:NEBX,US,Tradr 2X Long NBIS Daily ETF,0.198,Trading--Leveraged Equity,2X Long,2663901.2,,https://www.tradingview.com/chart/?symbol=AMEX%3ANEBX,False,,-32.99128821694779,-32.99128821694779,21.809999465942383,8.256667137145996,21.64573318862915,0.2388954104264523,-20.49167694352575,,False,False,False,False,,
855,CWEB,CWEB,AMEX:CWEB,US,Direxion Daily CSI China Internet Index Bull 2X ETF,0.193,Trading--Leveraged Equity,2X Long,498704.3,,https://www.tradingview.com/chart/?symbol=AMEX%3ACWEB,False,,-65.79636418054206,-56.80893263503507,18.06999969482422,17.690000534057617,21.355080696105958,0.02446871500098315,-39.17171530159934,-48.31233430951115,False,True,False,False,,
856,AVGX,AVGX,AMEX:AVGX,US,Defiance Daily Target 2X Long AVGO ETF,0.191,,2X Long,882466.65,,https://www.tradingview.com/chart/?symbol=AMEX%3AAVGX,True,2026-09-16 13:30,-69.99485823944637,-69.99485823944637,35.459999084472656,31.385000228881836,43.14842096710205,0.0817534075606767,-44.34863476286665,,False,True,False,False,,"NEAR: 4h+band ok, weekly shallow"
857,SEPI,SEPI,AMEX:SEPI,US,Shelton Equity Premium Income ETF,0.191,Derivative Income,Long,59865.1,,https://www.tradingview.com/chart/?symbol=AMEX%3ASEPI,False,,-12.92886798663666,-12.92886798663666,28.610000610351562,24.34000015258789,25.45391999053955,0.9046612455392483,59.35376490896717,,False,False,False,False,,
858,JEDI,JEDI,AMEX:JEDI,US,Defiance Drone and Modern Warfare ETF,0.185,Technology,Long,337490.35,,https://www.tradingview.com/chart/?symbol=AMEX%3AJEDI,False,,-44.06646984106694,-44.06646984106694,25.225000381469727,22.020000457763672,26.846200637817383,0.15672370680368486,-19.253991723596126,,False,True,False,False,,
859,XHE,XHE,AMEX:XHE,US,State Street SPDR S&P Health Care Equipment ETF,0.179,Health,Long,18277.75,,https://www.tradingview.com/chart/?symbol=AMEX%3AXHE,False,,-84.84847596640816,-31.865458200367385,91.2699966430664,76.25,81.15290036010742,0.7229841415104767,57.71025178376988,20.916764812956895,False,False,False,False,,
860,HHIC,HHIC.TO,TSX:HHIC,TSX,Harvest Canadian High Income Shares ETF,0.178,Large Cap,1.25X Long,86229.0,,https://www.tradingview.com/chart/?symbol=TSX%3AHHIC,False,,-55.27320159999033,-35.047521764940186,13.829999923706055,13.520000457763672,13.810280349731446,0.2520321799297227,64.53805763497537,,False,False,False,False,,
861,COPJ,COPJ,AMEX:COPJ,US,Sprott Junior Copper Miners ETF,0.178,Natural Resources,Long,87066.95,,https://www.tradingview.com/chart/?symbol=AMEX%3ACOPJ,False,,-51.37048784451742,-51.37048784451742,42.650001525878906,34.625,38.012779891967774,0.5590387866100003,33.738906694305825,62.602888284955895,False,False,False,False,,
862,RKLX,RKLX,AMEX:RKLX,US,Defiance Daily Target 2X Long RKLB ETF,0.177,Trading--Leveraged Equity,2X Long,2059716.0,,https://www.tradingview.com/chart/?symbol=AMEX%3ARKLX,False,,-37.15563492052606,-25.056979971985395,14.6899995803833,13.505000114440918,37.1746208076477,0.011815139650407034,-41.79617813553222,,False,True,False,False,,
863,EGGY,EGGY,AMEX:EGGY,US,NestYield Dynamic Income ETF,0.175,Equity Hedged,Long,107189.65,,https://www.tradingview.com/chart/?symbol=AMEX%3AEGGY,False,,-33.083655662297595,-33.083655662297595,32.77000045776367,29.334999084472656,33.21247915649414,0.20906885632917005,-10.136965106573884,,False,True,False,False,,
864,XPAY,XPAY,AMEX:XPAY,US,Roundhill S&P 500 Target 20 Managed Distribution ETF,0.17,Derivative Income,Long,49382.75,,https://www.tradingview.com/chart/?symbol=AMEX%3AXPAY,True,2026-09-16 09:30,-53.97245338256344,-53.97245338256344,51.20949935913086,47.52000045776367,49.33366078186035,0.4800908577830483,48.27561871606387,,False,False,False,False,,
865,AAPU,AAPU,AMEX:AAPU,US,Direxion Daily AAPL Bull 2X ETF,0.169,Trading--Leveraged Equity,2X Long,1574365.35,,https://www.tradingview.com/chart/?symbol=AMEX%3AAAPU,False,,34.67847382332343,41.204238960404716,44.45000076293945,26.469999313354492,31.65373979949951,0.8185749949179345,38.74573256517608,59.2812457120858,False,False,False,False,,
866,XBCI,XBCI,AMEX:XBCI,US,NEOS Boosted Bitcoin High Income ETF,0.168,Digital Assets,1.5X Long,183122.65,,https://www.tradingview.com/chart/?symbol=AMEX%3AXBCI,False,,-47.23127511591025,-47.23127511591025,36.04999923706055,29.34000015258789,34.265319900512694,0.32151410770899724,27.666444753641454,,False,False,False,False,,
867,SMCX,SMCX,AMEX:SMCX,US,Defiance Daily Target 2X Long SMCI ETF,0.167,Trading--Leveraged Equity,2X Long,7127197.8,,https://www.tradingview.com/chart/?symbol=AMEX%3ASMCX,False,,-41.82461962041199,-41.82461962041199,11.319999694824219,5.670000076293945,12.469159950256348,0.19611245134556132,2.4645317851969337,,False,True,False,False,,
868,FTXN,FTXN,AMEX:FTXN,US,First Trust Nasdaq Oil & Gas ETF,0.166,Equity Energy,Long,43795.05,,https://www.tradingview.com/chart/?symbol=AMEX%3AFTXN,False,,28.614340786919225,28.614340786919225,40.31999969482422,33.15999984741211,35.201400207519534,0.8277455010835503,60.54489689762925,72.22118658617288,False,False,False,False,,
869,SMCY,SMCY,AMEX:SMCY,US,YieldMax SMCI Option Income Strategy ETF,0.164,Derivative Income,Long,1363228.6,,https://www.tradingview.com/chart/?symbol=AMEX%3ASMCY,False,,-50.794966290841295,-50.794966290841295,5.079999923706055,4.074999809265137,5.131099899291992,0.22458101201565603,32.012941983577775,,False,True,False,False,,
870,SDOW,SDOW,AMEX:SDOW,US,ProShares UltraPro Short Dow30,0.161,Trading--Inverse Equity,-3X Short,3325705.45,,https://www.tradingview.com/chart/?symbol=AMEX%3ASDOW,False,,42.223242174377134,59.3090849105071,25.43000030517578,21.385000228881836,25.334459922790526,0.24170901642006762,-35.067564573324596,-59.66773434019916,False,False,False,False,,
871,ORCU,ORCU,AMEX:ORCU,US,Direxion Daily ORCL Bull 2X ETF,0.161,Trading--Leveraged Equity,2X Long,4274337.6,,https://www.tradingview.com/chart/?symbol=AMEX%3AORCU,False,,-41.986055830951756,-41.986055830951756,7.269999980926514,4.96999979019165,9.732078680038452,0.11398384142075602,-22.365952723188073,,False,True,False,False,,
872,OKLL,OKLL,AMEX:OKLL,US,Defiance Daily Target 2x Long OKLO ETF,0.157,Trading--Leveraged Equity,2X Long,2247947.25,,https://www.tradingview.com/chart/?symbol=AMEX%3AOKLL,False,,-49.31486779494984,-49.31486779494984,9.130000114440918,9.130000114440918,22.834519367218014,0.0,-49.82805695227353,,False,True,False,False,,
873,ECHI,ECHI.TO,TSX:ECHI,TSX,Ninepoint Enhanced Canadian HighShares ETF,0.153,Large Cap,Long,83702.4,,https://www.tradingview.com/chart/?symbol=TSX%3AECHI,False,,-56.54547519548504,-53.78709607570429,12.050000190734863,11.619999885559082,11.903199840545653,0.3583336446020833,64.96697083000929,,False,False,False,False,,
874,IONX,IONX,AMEX:IONX,US,Defiance Daily Target 2X Long IONQ ETF,0.151,Trading--Leveraged Equity,2X Long,909706.15,,https://www.tradingview.com/chart/?symbol=AMEX%3AIONX,False,,-42.60362037876662,-42.55084958070818,19.75,16.8700008392334,37.46572049713134,0.033001022213869455,-40.59007923927276,,False,True,False,False,,
875,FLCC,FLCC,AMEX:FLCC,US,Federated Hermes MDT Large Cap Core ETF,0.147,Large Blend,Long,40564.1,,https://www.tradingview.com/chart/?symbol=AMEX%3AFLCC,False,,-45.33344649193591,-45.33344649193591,36.040000915527344,29.98259925842285,31.739950035095216,0.813466958363078,49.93915742853292,,False,False,False,False,,
876,EPHE,EPHE,AMEX:EPHE,US,iShares MSCI Philippines ETF,0.144,Focused Region,Long,275558.7,,https://www.tradingview.com/chart/?symbol=AMEX%3AEPHE,False,,-70.13151629096039,-70.13151629096039,23.459999084472656,23.459999084472656,24.097199264526367,0.0,-12.321295541822133,-10.70230213340364,False,True,False,False,,
877,KBA,KBA,AMEX:KBA,US,KraneShares Bosera MSCI China A 50 Connect Index ETF,0.142,Greater China Region,Long,44769.95,,https://www.tradingview.com/chart/?symbol=AMEX%3AKBA,True,2026-09-16 09:30,-80.29766668398742,-76.20971374249673,31.959999084472656,29.3700008392334,30.78836089324951,0.4309481109156511,-33.32607147524748,62.99058758357729,False,False,False,False,,
879,GPTY,GPTY,AMEX:GPTY,US,YieldMax AI & Tech Portfolio Option Income ETF,0.138,Derivative Income,Long,52225.9,,https://www.tradingview.com/chart/?symbol=AMEX%3AGPTY,False,,-32.5994989516806,-32.5994989516806,41.81999969482422,34.72999954223633,38.47175602722168,0.4471803664201554,32.775505337245335,,False,False,False,False,,
880,MRNY,MRNY,AMEX:MRNY,US,YieldMax MRNA Option Income Strategy ETF,0.135,Derivative Income,Long,494925.15,,https://www.tradingview.com/chart/?symbol=AMEX%3AMRNY,False,,-31.796404201981943,-0.8635190049238428,32.790000915527344,14.220000267028809,20.76191987991333,0.6699134829498883,80.52980074307801,,False,False,False,False,,
881,SPXU,SPXU.TO,TSX:SPXU,TSX,BetaPro S&P 500 2x Daily Bull ETF,0.135,Large Cap,2X Long,74978.8,,https://www.tradingview.com/chart/?symbol=TSX%3ASPXU,False,,-52.65744361177346,-52.65744361177346,36.15999984741211,26.43000030517578,29.335160629272462,0.7904141719551298,40.262026800681134,66.15481045680532,False,False,False,False,,
882,NFXL,NFXL,AMEX:NFXL,US,Direxion Daily NFLX Bull 2X ETF,0.133,Trading--Leveraged Equity,2X Long,1009803.7,,https://www.tradingview.com/chart/?symbol=AMEX%3ANFXL,False,,-33.673249567056445,-13.773074265464397,16.959999084472656,13.46500015258789,19.207210083007812,0.14364151745049253,-16.59971762627765,,False,True,False,False,,
883,TSMY,TSMY,AMEX:TSMY,US,YieldMax TSM Option Income Strategy ETF,0.133,Derivative Income,Long,146330.25,,https://www.tradingview.com/chart/?symbol=AMEX%3ATSMY,False,,-46.77874043712185,-46.77874043712185,14.779999732971191,14.239999771118164,15.12263971710205,0.1443850253743682,25.857897967652846,,False,True,False,False,,
884,RWM,RWM,AMEX:RWM,US,ProShares Short Russell2000,0.131,Trading--Inverse Equity,-1X Short,15277688.1,,https://www.tradingview.com/chart/?symbol=AMEX%3ARWM,False,,63.1556578492764,66.91063008506019,14.154999732971191,13.164999961853027,14.025219844818116,0.27160491243070817,-12.334665127680125,-64.14973209405854,False,False,False,False,,
885,BABX,BABX,AMEX:BABX,US,GraniteShares 2x Long BABA Daily ETF,0.131,Trading--Leveraged Equity,2X Long,1030177.4,,https://www.tradingview.com/chart/?symbol=AMEX%3ABABX,False,,-55.137713841984926,-47.18822747708223,16.299999237060547,13.494999885559082,17.93534023666382,0.14908313205983145,-29.464278724793143,-30.58808292704245,False,True,False,False,,
886,PBD,PBD,AMEX:PBD,US,Invesco Global Clean Energy ETF,0.13,Global Small/Mid Stock,Long,271994.5,,https://www.tradingview.com/chart/?symbol=AMEX%3APBD,True,2026-09-16 09:30,-60.90157100890118,-60.42590353471107,16.942100524902344,16.739999771118164,18.09463971710205,0.035209191958697594,-41.36414576080275,44.3582888921919,False,True,False,False,,"NEAR: 4h+band ok, weekly shallow"
887,HOOY,HOOY,AMEX:HOOY,US,YieldMax HOOD Option Income Strategy ETF,0.129,Derivative Income,Long,99725.95,,https://www.tradingview.com/chart/?symbol=AMEX%3AHOOY,False,,-49.104754467254956,-49.104754467254956,25.93000030517578,24.68000030517578,26.86772041320801,0.1348435747867864,40.651273667995255,,False,True,False,False,,
888,MRVU,MRVU,AMEX:MRVU,US,Direxion Daily MRVL Bull 2X ETF,0.119,Trading--Leveraged Equity,2X Long,195186.95,,https://www.tradingview.com/chart/?symbol=AMEX%3AMRVU,False,,-2.161485241832979,-1.0200541086120634,112.4000015258789,26.989999771118164,90.12590328216552,0.31925987105889053,-8.742677065633158,,False,False,False,False,,
889,DUST,DUST,AMEX:DUST,US,Direxion Daily Gold Miners Index Bear 2X ETF,0.118,Trading--Inverse Equity,-2X Short,1916765.05,,https://www.tradingview.com/chart/?symbol=AMEX%3ADUST,False,,30.594107740609985,57.36680427162816,36.71500015258789,29.049999237060547,38.945480209350585,0.18280467833043826,-39.460566976004,-41.4764414882337,False,True,False,False,,
890,CRPT,CRPT,AMEX:CRPT,US,First Trust SkyBridge Crypto Industry & Digital Economy ETF,0.117,Equity Digital Assets,Long,75717.75,,https://www.tradingview.com/chart/?symbol=AMEX%3ACRPT,False,,-32.67286491681418,-32.67286491681418,13.92870044708252,10.907500267028809,12.202597576141358,0.5505402856417433,16.235352950296978,-29.717186522561203,False,False,False,False,,
891,DRNZ,DRNZ,AMEX:DRNZ,US,REX Drone ETF,0.115,Industrials,Long,129680.1,,https://www.tradingview.com/chart/?symbol=AMEX%3ADRNZ,False,,-56.31833436778765,-56.31833436778765,20.309999465942383,19.309999465942383,21.69241975402832,0.09905892809098137,-38.51190624693231,,False,True,False,False,,
892,GIAX,GIAX,AMEX:GIAX,US,Nicholas Global Equity and Income ETF,0.113,Derivative Income,Long,69711.7,,https://www.tradingview.com/chart/?symbol=AMEX%3AGIAX,False,,-50.82043268401839,-50.82043268401839,15.559900283813477,13.350000381469727,14.59136043548584,0.4201330430005566,19.381735908352024,,False,False,False,False,,
893,KURE,KURE,AMEX:KURE,US,KraneShares MSCI All China Health Care Index ETF,0.111,Greater China Region,Long,48572.25,,https://www.tradingview.com/chart/?symbol=AMEX%3AKURE,False,,-65.9775079940895,-41.13315711427373,17.850000381469727,14.479999542236328,15.617519470214845,0.6991703428637457,37.84360385389062,1.2531793048106123,False,False,False,False,,
894,RIET,RIET,AMEX:RIET,US,Hoya Capital High Dividend Yield ETF,0.11,Real Estate,Long,90314.15,,https://www.tradingview.com/chart/?symbol=AMEX%3ARIET,True,2026-09-16 09:30,-84.18394991548028,-82.96849375559957,8.892499923706055,8.774999618530273,9.063273712158203,0.09619342367016542,-16.764500469219545,67.97676544137072,False,True,False,False,,
895,AFK,AFK,AMEX:AFK,US,VanEck Africa Index ETF,0.107,Focused Region,Long,57921.0,,https://www.tradingview.com/chart/?symbol=AMEX%3AAFK,False,,-46.75609575896869,-46.75609575896869,28.329999923706055,24.469999313354492,25.766819511413573,0.702456782679958,39.669553041203585,54.286137646145995,False,False,False,False,,
896,MSFO,MSFO,AMEX:MSFO,US,YieldMax MSFT Option Income Strategy ETF,0.106,Derivative Income,Long,143588.85,,https://www.tradingview.com/chart/?symbol=AMEX%3AMSFO,False,,-33.29820487081963,-13.132762209258237,11.979999542236328,9.9399995803833,10.668059589385987,0.6612641609814591,47.91267189850108,,False,False,False,False,,
897,HYDR,HYDR,AMEX:HYDR,US,Global X Hydrogen ETF,0.105,Miscellaneous Sector,Long,44839.1,,https://www.tradingview.com/chart/?symbol=AMEX%3AHYDR,False,,-17.74857344963244,-17.74857344963244,43.869998931884766,34.119998931884766,43.57415925598144,0.24338491427263315,-25.93049700085552,48.81814133509823,False,False,False,False,,
898,TSLQ,TSLQ,AMEX:TSLQ,US,Tradr 2X Short TSLA Daily ETF New Oct 2025,0.104,Trading--Inverse Equity,-2X Short,5911097.05,,https://www.tradingview.com/chart/?symbol=AMEX%3ATSLQ,False,,-31.65324837190099,18.570921568355406,19.165000915527344,15.899999618530273,19.130839744567872,0.23849533744534834,-13.202716900388344,-29.727497177210704,False,False,False,False,,
899,DOG,DOG,AMEX:DOG,US,ProShares Short Dow30,0.102,Trading--Inverse Equity,-1X Short,2393367.2,,https://www.tradingview.com/chart/?symbol=AMEX%3ADOG,False,,44.36165322110094,59.49386013194189,22.149999618530273,20.84000015258789,21.83591999053955,0.31042646424059717,-32.294892093734745,-63.89801621358873,False,False,False,False,,
900,CNXT,CNXT,AMEX:CNXT,US,VanEck ChiNext Innovators ETF,0.102,Greater China Region,Long,87470.25,,https://www.tradingview.com/chart/?symbol=AMEX%3ACNXT,True,2026-09-16 09:30,-58.59316933191892,-49.79658410608524,47.29999923706055,43.900001525878906,48.243345367431644,0.1847423296682888,-34.681283763849144,60.29049522091117,False,True,False,False,,
901,BOAT,BOAT,AMEX:BOAT,US,SonicShares Global Shipping ETF,0.101,Industrials,Long,51437.3,,https://www.tradingview.com/chart/?symbol=AMEX%3ABOAT,False,,67.79144751659737,68.07133455133703,52.54999923706055,37.70500183105469,41.2910217590332,0.9769659561798097,83.22104231864834,79.23037741581167,False,False,False,False,,
902,YANG,YANG,AMEX:YANG,US,Direxion Daily FTSE China Bear 3X ETF,0.097,Trading--Inverse Equity,-3X Short,747036.0,,https://www.tradingview.com/chart/?symbol=AMEX%3AYANG,False,,36.60266323605942,50.26640404881192,32.61000061035156,23.989999771118164,27.968959465026856,0.5112693655010835,-6.912831504908489,-11.993173040886807,False,False,False,False,,
903,APLY,APLY,AMEX:APLY,US,YieldMax AAPL Option Income Strategy ETF,0.097,Derivative Income,Long,80443.15,,https://www.tradingview.com/chart/?symbol=AMEX%3AAPLY,False,,22.792062720996626,34.81627042693682,11.895000457763672,11.109999656677246,11.540699836730957,0.4301372454343841,29.690831101698066,61.88872270660278,False,False,False,False,,
904,FBY,FBY,AMEX:FBY,US,YieldMax META Option Income Strategy ETF,0.091,Derivative Income,Long,149624.5,,https://www.tradingview.com/chart/?symbol=AMEX%3AFBY,False,,66.18419725650689,67.63059649843966,9.180000305175781,7.974999904632568,8.875363550186158,0.31585026331593724,-18.08707756951252,,False,False,False,False,,
905,GNOM,GNOM,AMEX:GNOM,US,Global X Genomics & Biotechnology ETF,0.091,Health,Long,34449.3,,https://www.tradingview.com/chart/?symbol=AMEX%3AGNOM,False,,-57.0334270536446,-0.41711107743135356,63.42499923706055,41.40999984741211,47.65102067565918,0.8324823773126734,74.86113220515081,67.74608033264711,False,False,False,False,,
906,PBJ,PBJ,AMEX:PBJ,US,Invesco Food & Beverage ETF,0.091,Consumer Defensive,Long,23672.5,,https://www.tradingview.com/chart/?symbol=AMEX%3APBJ,False,,-55.399653247384435,-40.334634471333985,46.93000030517578,46.16999816894531,47.22019834899902,0.17078696762479845,-17.04536279684839,27.908337256021156,False,True,False,False,,
907,SIXY,SIXY.TO,TSX:SIXY,TSX,Evolve Big Six Canadian Banks Ultrayield Index ETF,0.091,Financials,1.33X Long,125216.55,,https://www.tradingview.com/chart/?symbol=TSX%3ASIXY,False,,-28.566061748980356,-28.566061748980356,29.540000915527344,24.8799991607666,26.671239646911623,0.6139658089631289,25.82766069066677,,False,False,False,False,,
908,ENOR,ENOR,AMEX:ENOR,US,iShares MSCI Norway ETF,0.09,Focused Region,Long,21794.65,,https://www.tradingview.com/chart/?symbol=AMEX%3AENOR,False,,-14.078749242793753,-14.078749242793753,36.84000015258789,31.190000534057617,32.80188051605224,0.8272327498745422,49.1601704955908,75.52470890841707,False,False,False,False,,
909,DIG,DIG,AMEX:DIG,US,ProShares Ultra Energy,0.088,Trading--Leveraged Equity,2X Long,29343.7,,https://www.tradingview.com/chart/?symbol=AMEX%3ADIG,False,,22.17538076946707,22.17538076946707,69.79000091552734,48.5099983215332,54.55631806945801,0.8306012287733008,57.78569962050517,68.74436880144405,False,False,False,False,,
910,ENZL,ENZL,AMEX:ENZL,US,iShares MSCI New Zealand ETF,0.084,Focused Region,Long,89030.95,,https://www.tradingview.com/chart/?symbol=AMEX%3AENZL,False,,-74.08173252732671,-68.61242786396572,44.91999816894531,41.810001373291016,43.51628126525879,0.4301517278785797,47.11220464412898,38.77808608669673,False,False,False,False,,
911,LABD,LABD,AMEX:LABD,US,Direxion Daily S&P Biotech Bear 3X ETF,0.083,Trading--Inverse Equity,-3X Short,18828074.3,,https://www.tradingview.com/chart/?symbol=AMEX%3ALABD,False,,66.16312273049752,70.21127511570957,7.71999979019165,5.864999771118164,9.48759986114502,0.12084690377681113,-54.286337180892474,-52.90004116591345,False,True,False,False,,
912,XUDV,XUDV,AMEX:XUDV,US,Franklin U.S. Dividend Booster Index ETF,0.082,Large Value,Long,8600.8,,https://www.tradingview.com/chart/?symbol=AMEX%3AXUDV,False,,-54.10921864104537,-54.10921864104537,32.51499938964844,27.620800018310547,29.127093353271484,0.7668035334337422,57.32243001469766,,False,False,False,False,,
913,OILU,OILU,AMEX:OILU,US,MicroSectors Oil & Gas Exp. & Prod. 3x Leveraged ETN,0.082,Trading--Leveraged Equity,3X Long,84198.4,,https://www.tradingview.com/chart/?symbol=AMEX%3AOILU,False,,-2.510481352028226,-2.510481352028226,52.13010025024414,31.645000457763672,38.19282020568848,0.7383348560499974,51.73933412230164,45.20538224933092,False,False,False,False,,
914,TECS,TECS,AMEX:TECS,US,Direxion Daily Technology Bear 3X ETF,0.076,Trading--Inverse Equity,-3X Short,335107.5,,https://www.tradingview.com/chart/?symbol=AMEX%3ATECS,False,,-20.039821457409136,22.159502345253955,63.58000183105469,56.849998474121094,99.17660171508788,0.03752440948767354,-39.76292309448571,-51.19335084157833,False,True,False,False,,
915,DTEC,DTEC,AMEX:DTEC,US,ALPS Disruptive Technologies ETF,0.076,Technology,Long,7722.75,,https://www.tradingview.com/chart/?symbol=AMEX%3ADTEC,False,,-58.24565111770881,-17.618646238608886,51.02000045776367,42.03049850463867,44.8288455657959,0.7581341465415541,55.4225426610815,28.668342295693474,False,False,False,False,,
916,TSLR,TSLR,AMEX:TSLR,US,GraniteShares 2x Long TSLA Daily ETF,0.075,Trading--Leveraged Equity,2X Long,1450438.85,,https://www.tradingview.com/chart/?symbol=AMEX%3ATSLR,False,,-36.72620659482573,-36.72620659482573,16.079999923706055,11.595000267028809,15.719100131988526,0.2566523492723833,-42.337419107846635,,False,False,False,False,,
917,SLJY,SLJY,AMEX:SLJY,US,Amplify SILJ Junior Silver Miners Covered Call ETF,0.074,Derivative Income,Long,46679.5,,https://www.tradingview.com/chart/?symbol=AMEX%3ASLJY,True,2026-09-16 09:30,-62.34609709201944,-62.04123083565562,29.399999618530273,25.84000015258789,29.1912003326416,0.25070417427255476,19.4276199434923,,False,False,False,False,,
918,SRTY,SRTY,AMEX:SRTY,US,ProShares UltraPro Short Russell2000,0.072,Trading--Inverse Equity,-3X Short,1406503.2,,https://www.tradingview.com/chart/?symbol=AMEX%3ASRTY,False,,61.70025904749996,66.51728279159887,25.290000915527344,20.5049991607666,26.130059394836426,0.20075525721197415,-18.234416501881412,-55.790422253233125,False,True,False,False,,
919,LINT,LINT,AMEX:LINT,US,Direxion Daily INTC Bull 2X ETF,0.072,Trading--Leveraged Equity,2X Long,107226.25,,https://www.tradingview.com/chart/?symbol=AMEX%3ALINT,False,,7.726488917309948,8.22895874676072,117.08999633789062,28.440000534057617,84.50416040802001,0.3731688668257564,-21.954706065330654,,False,False,False,False,,
920,GXPS,GXPS,AMEX:GXPS,US,Global X PureCap MSCI Consumer Staples ETF,0.072,Consumer Defensive,Long,25714.1,,https://www.tradingview.com/chart/?symbol=AMEX%3AGXPS,False,,-41.95510406813539,1.442265678883545,26.31999969482422,25.76919937133789,26.281508445739746,0.25373135639758376,6.2934115590056505,,False,False,False,False,,
921,MSOX,MSOX,AMEX:MSOX,US,AdvisorShares MSOS Daily Leveraged ETF,0.07,Trading--Leveraged Equity,2X Long,1629035.35,,https://www.tradingview.com/chart/?symbol=AMEX%3AMSOX,False,,-23.29954651787055,-20.66830758934313,2.930000066757202,1.728700041770935,2.3768268094062805,0.4374249298962268,0.11738337359036377,-29.18245666048092,False,False,False,False,,
922,SNOY,SNOY,AMEX:SNOY,US,YieldMax SNOW Option Income Strategy ETF,0.07,Derivative Income,Long,214690.5,,https://www.tradingview.com/chart/?symbol=AMEX%3ASNOY,False,,-48.21056534575888,-43.98972874737475,11.239999771118164,6.235000133514404,7.651023653030395,0.8341527511338404,60.596715274022635,,False,False,False,False,,
924,AMUU,AMUU,AMEX:AMUU,US,Direxion Daily AMD Bull 2X ETF,0.07,Trading--Leveraged Equity,2X Long,60120.85,,https://www.tradingview.com/chart/?symbol=AMEX%3AAMUU,False,,19.358173879481,27.98751809908607,199.8800048828125,39.529998779296875,99.50231762695313,0.6310011379843219,-9.959607954056223,,False,False,False,False,,
926,ETHY,ETHY.TO,TSX:ETHY,TSX,Purpose Ether Yield ETF,0.066,"Long ETH, Short USD",Long,201340.5,,https://www.tradingview.com/chart/?symbol=TSX%3AETHY,False,,-11.882227833444054,-11.882227833444054,1.4900000095367432,1.0,1.2147599921226502,0.5384615686921287,44.236773904943135,-40.58543635488289,False,False,False,False,,
928,OZEM,OZEM,AMEX:OZEM,US,Roundhill GLP-1 & Weight Loss ETF,0.062,Health,Long,18690.8,,https://www.tradingview.com/chart/?symbol=AMEX%3AOZEM,False,,-76.50738059017367,-65.53761108448816,30.55500030517578,29.68000030517578,30.764986862182617,0.190324938743641,23.30976188714159,,False,True,False,False,,
929,WNTR,WNTR,AMEX:WNTR,US,YieldMax MSTR Short Option Income Strategy ETF,0.062,Derivative Income,-1X Short,214958.8,,https://www.tradingview.com/chart/?symbol=AMEX%3AWNTR,False,,-26.328212252345327,8.030344777090674,18.850000381469727,17.34000015258789,21.500680404663086,0.08564946893921346,-21.801054925334977,,False,True,False,False,,
930,SOFX,SOFX,AMEX:SOFX,US,Defiance Daily Target 2X Long SOFI ETF,0.061,Trading--Leveraged Equity,2X Long,1149098.6,,https://www.tradingview.com/chart/?symbol=AMEX%3ASOFX,False,,-53.21197864721389,-53.21197864721389,8.069899559020996,7.110000133514404,8.701819993972778,0.1423127516164569,-23.791033562620886,,False,True,False,False,,
931,TSLS,TSLS,AMEX:TSLS,US,Direxion Daily TSLA Bear 1X ETF,0.061,Trading--Inverse Equity,-1X Short,308186.2,,https://www.tradingview.com/chart/?symbol=AMEX%3ATSLS,False,,-25.223613449492944,24.42401358106851,57.119998931884766,49.310001373291016,54.10788090515137,0.3841612553188575,4.392194902071024,-26.72402953715451,False,False,False,False,,
933,TRUD,TRUD,AMEX:TRUD,US,VanEck Consumer Discretionary TruSector ETF,0.06,Consumer Cyclical,Long,48167.55,,https://www.tradingview.com/chart/?symbol=AMEX%3ATRUD,False,,-66.2622364566552,-66.2622364566552,24.56999969482422,22.969999313354492,24.023739349365233,0.35834273836303787,-7.0494463973713986,,False,False,False,False,,
934,EMOP,EMOP,AMEX:EMOP,US,AB Emerging Markets Opportunities ETF,0.06,Diversified Emerging Mkts,Long,56353.5,,https://www.tradingview.com/chart/?symbol=AMEX%3AEMOP,False,,-32.10105458884552,-32.10105458884552,50.29999923706055,42.28670120239258,45.09351979064942,0.6737657873913843,24.24655289224562,,False,False,False,False,,
935,NIKL,NIKL,AMEX:NIKL,US,Sprott Nickel Miners ETF,0.059,Natural Resources,Long,53362.8,,https://www.tradingview.com/chart/?symbol=AMEX%3ANIKL,False,,-53.590273195649246,-53.590273195649246,13.850000381469727,12.277400016784668,13.703453540802002,0.2602522835329164,4.335145595473528,7.7670961673874785,False,False,False,False,,
936,HIMZ,HIMZ,AMEX:HIMZ,US,Defiance Daily Target 2X Long HIMS ETF,0.056,Trading--Leveraged Equity,2X Long,350079.3,,https://www.tradingview.com/chart/?symbol=AMEX%3AHIMZ,False,,-43.016404636469126,-11.946620087311198,24.90999984741211,19.020000457763672,28.764440673828126,0.14264953400457467,-34.49245869424596,,False,True,False,False,,
937,NETL,NETL,AMEX:NETL,US,Colterpoint Net Lease Real Estate ETF,0.056,Real Estate,Long,21724.3,,https://www.tradingview.com/chart/?symbol=AMEX%3ANETL,False,,-79.95624249772116,-79.87947844723823,24.799999237060547,24.368000030517578,25.281862640380858,0.11156142251994877,-10.856521303609844,74.02080626973208,False,True,False,False,,
938,PSIL,PSIL,AMEX:PSIL,US,AdvisorShares Psychedelics ETF,0.056,Miscellaneous Sector,Long,45531.75,,https://www.tradingview.com/chart/?symbol=AMEX%3APSIL,False,,-23.833359917298413,-23.833359917298413,24.270000457763672,15.9399995803833,18.50295949935913,0.7670350958306604,55.840170709215975,74.64039508307525,False,False,False,False,,
939,GXPD,GXPD,AMEX:GXPD,US,Global X PureCap MSCI Consumer Discretionary ETF,0.054,Consumer Cyclical,Long,35618.2,,https://www.tradingview.com/chart/?symbol=AMEX%3AGXPD,False,,-66.50088265157363,-66.50088265157363,24.94499969482422,23.149999618530273,24.211999618530275,0.39888890584309894,-6.662553564828723,,False,False,False,False,,
940,FNGD,FNGD,AMEX:FNGD,US,MicroSectors FANG+ Index - 3X Inverse Leveraged ETN,0.053,Trading--Inverse Equity,-3X Short,360696.55,,https://www.tradingview.com/chart/?symbol=AMEX%3AFNGD,False,,1.9587548971308788,20.908218614608536,27.5,25.559999465942383,39.839180168151856,0.03206347307914902,-53.023084996537534,-34.729665716589345,False,True,False,False,,
941,SEMY,SEMY,AMEX:SEMY,US,GraniteShares YieldBOOST Semiconductor ETF,0.053,Derivative Income,3X Long,122384.85,,https://www.tradingview.com/chart/?symbol=AMEX%3ASEMY,True,2026-09-16 09:30,-81.82852722336433,-78.06671421335464,12.420000076293945,12.390000343322754,13.808360172271728,0.0049916367036758995,-4.535927463118006,,False,True,False,False,,
942,URSP,URSP,AMEX:URSP,US,ProShares Ultra S&P 500 Equal Weight,0.052,Trading--Leveraged Equity,2X Long,48112.3,,https://www.tradingview.com/chart/?symbol=AMEX%3AURSP,True,2026-09-16 10:30,-67.97013382447771,-56.22239970167441,48.13999938964844,38.94020080566406,42.33253515625,0.6400172392928493,41.4801393376466,,False,False,False,False,,
943,HDGE,HDGE,AMEX:HDGE,US,AdvisorShares Ranger Equity Bear ETF,0.051,Trading--Inverse Equity,Long,57450.05,,https://www.tradingview.com/chart/?symbol=AMEX%3AHDGE,False,,46.76468538916129,58.88958413320082,14.854999542236328,13.960000038146973,15.012560047149659,0.200672532832804,-67.63461255138121,-32.82990462725294,False,True,True,False,,
944,MRAL,MRAL,AMEX:MRAL,US,GraniteShares 2x Long MARA Daily ETF,0.051,Trading--Leveraged Equity,2X Long,172149.75,,https://www.tradingview.com/chart/?symbol=AMEX%3AMRAL,False,,-18.703507412029147,-18.703507412029147,35.775001525878906,25.599700927734375,40.03117150878906,0.16639821476784047,-36.830670279267075,,False,True,False,False,,
946,KYLD,KYLD,AMEX:KYLD,US,Kurv High Income ETF,0.05,Derivative Income,Long,43894.1,,https://www.tradingview.com/chart/?symbol=AMEX%3AKYLD,True,2026-09-16 09:30,-62.25419204716956,-62.25419204716956,19.649999618530273,17.760099411010742,19.067515769958497,0.3411433901083938,-1.7944321334503386,,False,False,False,False,,
947,UTSL,UTSL,AMEX:UTSL,US,Direxion Daily Utilities Bull 3X ETF,0.049,Trading--Leveraged Equity,3X Long,151863.9,,https://www.tradingview.com/chart/?symbol=AMEX%3AUTSL,True,2026-09-16 13:30,-66.82405131169239,-66.82405131169239,33.400001525878906,33.400001525878906,38.297001525878905,0.0,-61.500225601013064,14.696671481985396,False,True,True,True,HIGH,FULL PASS
948,NVD,NVD,AMEX:NVD,US,GraniteShares 2x Short NVDA Daily ETF,0.048,Trading--Inverse Equity,-2X Short,83503787.5,,https://www.tradingview.com/chart/?symbol=AMEX%3ANVD,False,,25.274071170172274,46.18461533113176,4.150000095367432,3.589400053024292,4.750661694526672,0.11392920016010859,-58.64776244610871,,False,True,False,False,,
949,SMCL,SMCL,AMEX:SMCL,US,GraniteShares 2x Long SMCI Daily ETF,0.048,Trading--Leveraged Equity,2X Long,924196.8,,https://www.tradingview.com/chart/?symbol=AMEX%3ASMCL,False,,-41.361649152726706,-41.361649152726706,15.8100004196167,7.820000171661377,16.956347578048707,0.20638883074861872,4.269196639933831,,False,True,False,False,,
950,DXD,DXD,AMEX:DXD,US,ProShares UltraShort Dow30,0.047,Trading--Inverse Equity,-2X Short,1441035.75,,https://www.tradingview.com/chart/?symbol=AMEX%3ADXD,False,,42.56317022071143,59.45541368976652,17.854999542236328,15.885000228881836,17.604260192871095,0.27041857990625845,-34.43615394658331,-63.14221957303223,False,False,False,False,,
951,TWM,TWM,AMEX:TWM,US,ProShares UltraShort Russell2000,0.045,Trading--Inverse Equity,-2X Short,597558.4,,https://www.tradingview.com/chart/?symbol=AMEX%3ATWM,False,,61.97089623863764,66.39354555564638,23.25,20.170000076293945,23.268679878234863,0.23457731306711121,-16.267456078774554,-60.80669281025464,False,True,False,False,,
952,LLYX,LLYX,AMEX:LLYX,US,Defiance Daily Target 2X Long LLY ETF,0.044,Trading--Leveraged Equity,2X Long,293536.15,,https://www.tradingview.com/chart/?symbol=AMEX%3ALLYX,False,,-50.483035891386976,-8.749222291411776,23.829999923706055,14.5600004196167,18.35134032058716,0.5770307965279249,9.736870161387687,,False,False,False,False,,
953,CRCO,CRCO,AMEX:CRCO,US,YieldMax CRCL Option Income Strategy ETF,0.042,Derivative Income,Long,99921.1,,https://www.tradingview.com/chart/?symbol=AMEX%3ACRCO,False,,-56.018924796199364,-56.018924796199364,13.180000305175781,12.078399658203125,16.862496978759765,0.05434207025188565,14.45230585372061,,False,True,False,False,,
954,MARO,MARO,AMEX:MARO,US,YieldMax MARA Option Income Strategy ETF,0.042,Derivative Income,Long,370811.8,,https://www.tradingview.com/chart/?symbol=AMEX%3AMARO,False,,-36.285377552317975,-36.285377552317975,3.990000009536743,3.799999952316284,4.531599986076355,0.06129033821058251,-33.84114373879728,,False,True,False,False,,
955,AIYY,AIYY,AMEX:AIYY,US,YieldMax AI Option Income Strategy ETF,0.042,Derivative Income,Long,75212.2,,https://www.tradingview.com/chart/?symbol=AMEX%3AAIYY,False,,-16.672205790992546,15.845064388475805,7.610000133514404,7.114999771118164,8.05309986114502,0.12452838110501453,8.55575246237109,,False,True,False,False,,
956,DRN,DRN,AMEX:DRN,US,Direxion Daily Real Estate Bull 3X ETF,0.041,Trading--Leveraged Equity,3X Long,1263538.95,,https://www.tradingview.com/chart/?symbol=AMEX%3ADRN,True,2026-09-16 09:30,-64.10272028048547,-59.407721282306085,9.380000114440918,8.100000381469727,9.046383842468261,0.3191940153544893,-24.709774100050424,34.28353468675463,False,False,False,False,,
957,LITP,LITP,AMEX:LITP,US,Sprott Lithium Miners ETF,0.041,Natural Resources,Long,52431.55,,https://www.tradingview.com/chart/?symbol=AMEX%3ALITP,False,,-87.33082683688191,-79.88174677290995,9.854999542236328,9.854999542236328,11.807899452209472,0.0,-35.65178433014177,29.71211155802115,False,True,False,False,,
958,NFLY,NFLY,AMEX:NFLY,US,YieldMax NFLX Option Income Strategy ETF,0.039,Derivative Income,Long,54688.35,,https://www.tradingview.com/chart/?symbol=AMEX%3ANFLY,False,,-49.869480598724316,-21.652074208682773,7.440000057220459,7.21999979019165,8.28199990272522,0.048888943048165316,-18.78518687273713,,False,True,False,False,,
959,RGTX,RGTX,AMEX:RGTX,US,Defiance Daily Target 2X Long RGTI ETF,0.038,Trading--Leveraged Equity,2X Long,773269.7,,https://www.tradingview.com/chart/?symbol=AMEX%3ARGTX,False,,-45.71212738366692,-45.71212738366692,8.550000190734863,7.829999923706055,15.832760337829589,0.02123268150311214,-45.00840385086351,,False,True,False,False,,
960,SARK,SARK,AMEX:SARK,US,Tradr 1X Short Innovation Daily ETF,0.038,Trading--Inverse Equity,-1X Short,137699.1,,https://www.tradingview.com/chart/?symbol=AMEX%3ASARK,False,,19.013059480851016,28.821002390586923,25.510000228881836,24.360000610351562,26.96072071838379,0.10435567792740791,-50.79411394589638,-43.9300208452867,False,True,False,False,,
961,QPUX,QPUX,AMEX:QPUX,US,Defiance 2X Daily Long Pure Quantum ETF,0.036,Trading--Leveraged Equity,2X Long,203751.1,,https://www.tradingview.com/chart/?symbol=AMEX%3AQPUX,True,2026-09-16 09:30,-60.33244990697802,-58.32578228873684,11.930000305175781,11.649999618530273,21.290599708557128,0.006854361910178121,-46.03907937394654,,False,True,False,False,,"NEAR: 4h+band ok, weekly shallow"
963,VUSG,VUSG,AMEX:VUSG,US,Vanguard Wellington U.S. Growth Active ETF,0.036,Large Growth,Long,36312.25,,https://www.tradingview.com/chart/?symbol=AMEX%3AVUSG,False,,-51.88578786382829,-51.88578786382829,64.13999938964844,52.779998779296875,56.11491580200195,0.8039061019480299,33.630213136444716,,False,False,False,False,,
964,PLTZ,PLTZ,AMEX:PLTZ,US,Defiance Daily Target 2x Short PLTR ETF,0.035,Trading--Inverse Equity,-2X Short,4643111.9,,https://www.tradingview.com/chart/?symbol=AMEX%3APLTZ,False,,-6.959350474889182,-6.959350474889182,9.220000267028809,8.46500015258789,16.720280044555665,0.021583765703864544,-68.17034181014873,,False,True,True,False,,
965,SSG,SSG,AMEX:SSG,US,Proshares Ultrashort Semiconductors,0.035,Trading--Inverse Equity,-2X Short,440839.1,,https://www.tradingview.com/chart/?symbol=AMEX%3ASSG,False,,-7.9118578667345245,39.40245702276757,12.970000267028809,10.98900032043457,16.32755638885498,0.08757349017307792,-33.66123229951382,-38.365988162302706,False,True,False,False,,
966,PALU,PALU,AMEX:PALU,US,Direxion Daily PANW Bull 2X ETF,0.035,Trading--Leveraged Equity,2X Long,140052.65,,https://www.tradingview.com/chart/?symbol=AMEX%3APALU,False,,-22.934317797561665,42.408800653991534,56.66999816894531,10.48009967803955,23.781035289764404,0.819552576004099,40.693546656757206,,False,False,False,False,,
968,NVOX,NVOX,AMEX:NVOX,US,Defiance Daily Target 2X Long NVO ETF,0.034,Trading--Leveraged Equity,2X Long,335161.5,,https://www.tradingview.com/chart/?symbol=AMEX%3ANVOX,False,,-64.27211620159864,-64.27211620159864,11.59000015258789,9.289999961853027,11.444349590301513,0.2519554105079685,-24.25893063862866,,False,False,False,False,,
969,PLTD,PLTD,AMEX:PLTD,US,Direxion Dailly PLTR Bear 1X ETF,0.031,Trading--Inverse Equity,-1X Short,26909584.25,,https://www.tradingview.com/chart/?symbol=AMEX%3APLTD,False,,-2.8166120033240767,-2.8166120033240767,5.170100212097168,4.890100002288818,6.0228999347686765,0.058333380520346596,-54.59177441630675,,False,True,False,False,,
970,ONDL,ONDL,AMEX:ONDL,US,Defiance Daily Target 2X Long ONDS ETF,0.031,Trading--Leveraged Equity,2X Long,1426418.55,,https://www.tradingview.com/chart/?symbol=AMEX%3AONDL,False,,-54.85272432079581,-50.22655772295914,5.210000038146973,5.099999904632568,10.293179819107056,0.004998870044352466,-46.57368268749926,,False,True,False,False,,
971,AAPD,AAPD,AMEX:AAPD,US,Direxion Daily AAPL Bear 1X ETF,0.03,Trading--Inverse Equity,-1X Short,10098550.55,,https://www.tradingview.com/chart/?symbol=AMEX%3AAAPD,False,,-44.11683479738349,-41.80834658533212,10.479299545288086,10.194999694824219,11.185019847869873,0.06777111001535199,-49.35366973935567,-64.53658483548047,False,True,False,False,,
972,AVS,AVS,AMEX:AVS,US,Direxion Daily AVGO Bear 1X ETF,0.029,Trading--Inverse Equity,-1X Short,12383967.8,,https://www.tradingview.com/chart/?symbol=AMEX%3AAVS,False,,13.48399494990642,67.54048328901388,8.59000015258789,6.399899959564209,7.4501236591339115,0.49214624062031576,14.78294504944173,,False,False,False,False,,
973,TSDD,TSDD,AMEX:TSDD,US,GraniteShares 2x Short TSLA Daily ETF,0.029,Trading--Inverse Equity,-2X Short,5989536.7,,https://www.tradingview.com/chart/?symbol=AMEX%3ATSDD,False,,-32.54628305305783,17.034355172661677,8.039999961853027,6.73960018157959,8.089614547729493,0.2273267276553222,-14.23207361075095,,False,True,False,False,,
975,OILD,OILD,AMEX:OILD,US,MicroSectors Oil & Gas Exp. & Prod. - 3x Inverse Leveraged ETN,0.028,Trading--Inverse Equity,-3X Short,60377.55,,https://www.tradingview.com/chart/?symbol=AMEX%3AOILD,False,,-27.37263105958607,-10.44327539260027,28.450000762939453,25.881000518798828,32.48640414428711,0.0917860727356188,-57.77208797017649,-64.9674760856668,False,True,False,False,,
977,RETL,RETL,AMEX:RETL,US,Direxion Daily Retail Bull 3X ETF,0.027,Trading--Leveraged Equity,3X Long,269679.7,,https://www.tradingview.com/chart/?symbol=AMEX%3ARETL,False,,-51.26968826092766,-49.19143185656798,7.264999866485596,6.820000171661377,7.669600149154663,0.12361102961463477,-11.631983404962506,6.567542638270477,False,True,False,False,,
978,EEMO,EEMO,AMEX:EEMO,US,Invesco S&P Emerging Markets Momentum ETF,0.027,Diversified Emerging Mkts,Long,48464.3,,https://www.tradingview.com/chart/?symbol=AMEX%3AEEMO,False,,-32.56170130978902,-32.56170130978902,21.610000610351562,16.239500045776367,18.51937794494629,0.5559236894665307,17.557962869536595,70.55166014198984,False,False,False,False,,
979,SHHI,SHHI.TO,TSX:SHHI,TSX,Ninepoint Shopify HighShares ETF,0.027,Information Technology,1.25X Long,20387.4,,https://www.tradingview.com/chart/?symbol=TSX%3ASHHI,False,,-55.589966382105096,-34.852505076065604,6.679999828338623,5.25,6.0252599639892575,0.43531199231718776,47.413037729285804,,False,False,False,False,,
980,LNOK,LNOK,AMEX:LNOK,US,Defiance Daily Target 2X Long NOK ETF,0.026,Trading--Leveraged Equity,2X Long,116961.65,,https://www.tradingview.com/chart/?symbol=AMEX%3ALNOK,False,,-15.614078154068501,-15.614078154068501,16.270000457763672,9.327500343322754,20.525110622406004,0.14631961518330275,-32.96568627740742,,False,True,False,False,,
981,LUNL,LUNL,AMEX:LUNL,US,Defiance Daily Target 2X Long LUNR ETF,0.024,Trading--Leveraged Equity,2X Long,782018.75,,https://www.tradingview.com/chart/?symbol=AMEX%3ALUNL,False,,-59.685544532896465,-59.685544532896465,3.2850000858306885,2.5299999713897705,14.735919978141784,0.014597836698052407,-35.47244077863879,,False,True,False,False,,
982,QCMU,QCMU,AMEX:QCMU,US,Direxion Daily QCOM Bull 2X ETF,0.024,Trading--Leveraged Equity,2X Long,102140.7,,https://www.tradingview.com/chart/?symbol=AMEX%3AQCMU,False,,67.082561920797,73.83352362483848,23.40999984741211,13.34000015258789,21.85724018859863,0.27902465093511875,-25.36980914281091,,False,False,False,False,,
983,MST,MST,AMEX:MST,US,Defiance Leveraged Long Income MSTR ETF,0.024,Trading--Miscellaneous,Long,147781.9,,https://www.tradingview.com/chart/?symbol=AMEX%3AMST,False,,-35.56557982324298,-35.56557982324298,10.875,6.644999980926514,14.316180345535278,0.1301338199668645,-7.549626314429157,,False,True,False,False,,
984,RIOX,RIOX,AMEX:RIOX,US,Defiance Daily Target 2X Long RIOT ETF,0.023,Trading--Leveraged Equity,2X Long,436635.3,,https://www.tradingview.com/chart/?symbol=AMEX%3ARIOX,False,,-33.05107293639231,-33.05107293639231,24.420000076293945,13.550000190734863,26.50404072189331,0.198032418288453,-34.16021966440828,,False,True,False,False,,
985,PILL,PILL,AMEX:PILL,US,Direxion Daily Pharmaceutical & Medical Bull 3X ETF,0.023,Trading--Leveraged Equity,3X Long,52693.15,,https://www.tradingview.com/chart/?symbol=AMEX%3APILL,True,2026-09-16 09:30,-78.74706890014612,-72.18340914544233,17.364999771118164,8.90999984741211,12.480680099487305,0.5588234849185841,50.594718556948216,76.55252850064564,False,False,False,False,,
987,MUD,MUD,AMEX:MUD,US,Direxion Daily MU Bear 1X ETF,0.022,Trading--Inverse Equity,-1X Short,6152946.65,,https://www.tradingview.com/chart/?symbol=AMEX%3AMUD,False,,-19.919637511871215,31.666377884875303,10.699700355529785,9.18239974975586,17.850113372802735,0.04131227201721659,-21.354506686736713,,False,True,False,False,,
988,HIBS,HIBS,AMEX:HIBS,US,Direxion Daily S&P 500 High Beta Bear 3X ETF,0.022,Trading--Inverse Equity,-3X Short,162193.6,,https://www.tradingview.com/chart/?symbol=AMEX%3AHIBS,False,,-5.514560935359852,37.92919109315156,20.969999313354492,17.360000610351562,26.030640106201172,0.09825799980687705,-36.09888521741956,-47.942329055477295,False,True,False,False,,
989,AMDD,AMDD,AMEX:AMDD,US,Direxion Daily AMD Bear 1X ETF,0.021,Trading--Inverse Equity,-1X Short,336148.95,,https://www.tradingview.com/chart/?symbol=AMEX%3AAMDD,False,,-42.829803182966565,-34.383454471610364,27.520000457763672,26.450000762939453,43.0289998626709,0.015231313208926229,-31.33126773042954,,False,True,False,False,,
990,NVDD,NVDD,AMEX:NVDD,US,Direxion Daily NVDA Bear 1X ETF,0.02,Trading--Inverse Equity,-1X Short,193804.2,,https://www.tradingview.com/chart/?symbol=AMEX%3ANVDD,False,,27.4593756408751,47.500818062924026,31.219999313354492,28.969999313354492,32.18431951141358,0.16519822770632378,-52.8597358805096,,False,True,False,False,,
991,MRNX,MRNX,AMEX:MRNX,US,Defiance Daily Target 2X Long MRNA ETF,0.02,Trading--Leveraged Equity,2X Long,610817.75,,https://www.tradingview.com/chart/?symbol=AMEX%3AMRNX,False,,-25.169871694784593,8.078256498900503,83.2699966430664,18.829999923706055,47.737875740051265,0.5260794436224249,57.316433156855936,,False,False,False,False,,
993,ULTI,ULTI,AMEX:ULTI,US,REX IncomeMax Option Strategy ETF,0.02,Derivative Income,Long,85407.25,,https://www.tradingview.com/chart/?symbol=AMEX%3AULTI,True,2026-09-16 09:30,-63.302653978699105,-63.302653978699105,6.150000095367432,6.050000190734863,8.326999031066894,0.010364510106577301,-52.50333449386762,,False,True,False,False,,"NEAR: 4h+band ok, weekly shallow"
996,ELIL,ELIL,AMEX:ELIL,US,Direxion Daily LLY Bull 2X ETF,0.017,Trading--Leveraged Equity,2X Long,83371.1,,https://www.tradingview.com/chart/?symbol=AMEX%3AELIL,False,,-50.257133063042545,-9.137709477435402,26.70009994506836,16.3799991607666,20.651599250793456,0.5701713020330755,11.425294644649297,,False,False,False,False,,
997,TSXU,TSXU,AMEX:TSXU,US,Direxion Daily Semiconductors Top 5 Bull 2X ETF,0.017,Trading--Leveraged Equity,2X Long,162947.5,,https://www.tradingview.com/chart/?symbol=AMEX%3ATSXU,False,,-32.40290540002939,-32.40290540002939,52.665000915527344,23.726499557495117,34.90428479766845,0.6109874338925568,6.065370556039924,,False,False,False,False,,
998,HOOX,HOOX,AMEX:HOOX,US,Defiance Daily Target 2X Long HOOD ETF,0.016,Trading--Leveraged Equity,2X Long,40271.7,,https://www.tradingview.com/chart/?symbol=AMEX%3AHOOX,False,,-46.37152868304165,-46.37152868304165,31.81999969482422,17.149900436401367,24.015164329528808,0.5042986662834061,28.24958269529363,,False,False,False,False,,
999,BMNZ,BMNZ,AMEX:BMNZ,US,Defiance Daily Target 2X Short BMNR ETF,0.015,Trading--Inverse Equity,-2X Short,2879018.15,,https://www.tradingview.com/chart/?symbol=AMEX%3ABMNZ,False,,-43.52527132248175,2.398489361776832,6.195000171661377,4.84499979019165,11.027020055770873,0.05153656512593206,-56.36130200690053,,False,True,False,False,,
1000,HODU,HODU,AMEX:HODU,US,Direxion Daily HOOD Bull 2X ETF,0.013,Trading--Leveraged Equity,2X Long,146865.2,,https://www.tradingview.com/chart/?symbol=AMEX%3AHODU,False,,-47.63760426231301,-47.63760426231301,11.65719985961914,6.165599822998047,8.682634117126465,0.5148986693053201,29.531486045513375,,False,False,False,False,,
1001,HIYY,HIYY,AMEX:HIYY,US,YieldMax HIMS Option Income Strategy ETF,0.013,Derivative Income,Long,62499.15,,https://www.tradingview.com/chart/?symbol=AMEX%3AHIYY,False,,-50.44693862107982,-17.483134151313127,11.460000038146973,11.220000267028809,13.06316036605835,0.030729802589427112,-15.855601987595373,,False,True,False,False,,
1002,VSTL,VSTL,AMEX:VSTL,US,Defiance Daily Target 2X Long VST ETF,0.013,Trading--Leveraged Equity,2X Long,110140.7,,https://www.tradingview.com/chart/?symbol=AMEX%3AVSTL,False,,-33.62384667664199,-33.62384667664199,20.688600540161133,19.80030059814453,24.175669692993164,0.0479133946808596,-54.4194226843936,,False,True,False,False,,
1004,UGE,UGE,AMEX:UGE,US,ProShares Ultra Consumer Staples,0.01,Trading--Leveraged Equity,2X Long,30741.05,,https://www.tradingview.com/chart/?symbol=AMEX%3AUGE,False,,-60.56924773899802,-29.52576535180276,18.371000289916992,17.920000076293945,18.517080238342285,0.17826090562094735,6.7646689682224945,30.257123437428916,False,True,False,False,,
1005,AVXX,AVXX,AMEX:AVXX,US,Defiance Daily Target 2x Long AVAV ETF,0.009,Trading--Leveraged Equity,2X Long,120665.15,,https://www.tradingview.com/chart/?symbol=AMEX%3AAVXX,False,,-9.428140129166927,38.76036340436341,26.104999542236328,21.290000915527344,35.94796105957031,0.07752372531624951,-40.02934746541933,,False,True,False,False,,
1006,SOFA,SOFA,AMEX:SOFA,US,Direxion Daily SOFI Bull 2X ETF,0.009,Trading--Leveraged Equity,2X Long,55486.85,,https://www.tradingview.com/chart/?symbol=AMEX%3ASOFA,False,,-52.29613320630467,-52.29613320630467,12.098999977111816,10.489999771118164,12.711939987182618,0.17089750924400526,-17.993736371134133,,False,True,False,False,,
1007,SOUX,SOUX,AMEX:SOUX,US,Defiance Daily Target 2X Long SOUN ETF,0.009,Trading--Leveraged Equity,2X Long,73120.8,,https://www.tradingview.com/chart/?symbol=AMEX%3ASOUX,False,,-67.88146217419248,-67.47954151942082,8.260000228881836,8.229999542236328,13.371259506225584,0.001377125859795297,-40.47639604671678,,False,True,False,False,,
1008,SHPU,SHPU,AMEX:SHPU,US,Direxion Daily SHOP Bull 2X ETF,0.008,Trading--Leveraged Equity,2X Long,97729.25,,https://www.tradingview.com/chart/?symbol=AMEX%3ASHPU,False,,-59.34637433548201,-39.063151998844354,13.0,8.21500015258789,11.01041999053955,0.40396792948880317,33.939657133573654,,False,False,False,False,,
1009,QSU,QSU,AMEX:QSU,US,Defiance Daily Target 2X Long QS ETF,0.008,Trading--Leveraged Equity,2X Long,50339.8,,https://www.tradingview.com/chart/?symbol=AMEX%3AQSU,False,,-62.82647049190195,-62.82647049190195,4.78000020980835,4.760000228881836,24.112000679016113,0.00024390220074764808,-52.0012914949619,,False,True,False,False,,
1010,METD,METD,AMEX:METD,US,Direxion Daily META Bear 1X ETF,0.007,Trading--Inverse Equity,-1X Short,571804.95,,https://www.tradingview.com/chart/?symbol=AMEX%3AMETD,False,,-70.10371964039862,-63.63275704009923,14.149999618530273,14.09000015258789,15.349059936523437,0.011246387298736251,-14.306283073926098,,False,True,False,False,,
1011,RCAX,RCAX,AMEX:RCAX,US,Defiance Daily Target 2x Long RCAT ETF,0.007,Trading--Leveraged Equity,2X Long,65995.75,,https://www.tradingview.com/chart/?symbol=AMEX%3ARCAX,False,,-64.37767246752587,-64.37767246752587,10.359999656677246,10.359999656677246,42.371039737701416,0.0,-48.85384025753465,,False,True,False,False,,
1012,PLU,PLU,AMEX:PLU,US,Defiance Daily Target 2x Long PL ETF,0.006,Trading--Leveraged Equity,2X Long,235364.75,,https://www.tradingview.com/chart/?symbol=AMEX%3APLU,False,,-64.09298169411731,-57.88686567520256,4.5,4.489999771118164,20.060098960876466,0.00015157604247413386,-39.7560337474849,,False,True,False,False,,
1014,DWSH,DWSH,AMEX:DWSH,US,AdvisorShares Dorsey Wright Short ETF,0.006,Trading--Inverse Equity,-1X Short,16415.35,,https://www.tradingview.com/chart/?symbol=AMEX%3ADWSH,False,,29.864026139903533,36.55546199671512,5.71999979019165,5.340000152587891,5.672760116577148,0.26950331824588836,-64.6672633047745,-59.646294124874736,False,False,True,False,,
1015,BABU,BABU,AMEX:BABU,US,Direxion Daily BABA Bull 2X ETF,0.006,Trading--Leveraged Equity,2X Long,108930.4,,https://www.tradingview.com/chart/?symbol=AMEX%3ABABU,False,,-55.517076960513485,-47.26968935639209,8.800000190734863,7.321000099182129,9.770444255828856,0.14249927709488347,-34.18007726159011,,False,True,False,False,,
1016,RGTZ,RGTZ,AMEX:RGTZ,US,Defiance Daily Target 2x Short RGTI ETF,0.005,Trading--Inverse Equity,-2X Short,921261.3,,https://www.tradingview.com/chart/?symbol=AMEX%3ARGTZ,False,,1.376483923780017,28.169607722960574,18.389999389648438,12.75,49.47159783935547,0.036246784842529974,-36.359702233526086,,False,True,False,False,,
1018,WTID,WTID,AMEX:WTID,US,MicroSectors Energy 3X Inverse Leveraged ETNs,0.005,Trading--Inverse Commodities,-3X Short,70880.9,,https://www.tradingview.com/chart/?symbol=AMEX%3AWTID,True,2026-09-16 09:30,-57.08136384008713,-49.92737665587899,2.619999885559082,2.380000114440918,3.229600091934204,0.06666660485444081,-61.999509604648324,-66.42815201795801,False,True,True,True,STANDARD,FULL PASS
1019,TBXU,TBXU,AMEX:TBXU,US,Direxion Daily Biotech Top 5 Bull 2X ETF,0.005,Trading--Leveraged Equity,2X Long,8286.35,,https://www.tradingview.com/chart/?symbol=AMEX%3ATBXU,False,,-49.206477106613356,-48.41967600214002,38.79999923706055,27.11840057373047,31.538019668579103,0.6237771231822226,71.52951297074972,,False,False,False,False,,
1024,IONZ,IONZ,AMEX:IONZ,US,Defiance Daily Target 2x Short IONQ ETF,0.002,Trading--Inverse Equity,-2X Short,1059962.05,,https://www.tradingview.com/chart/?symbol=AMEX%3AIONZ,False,,28.696484379463584,31.99539960655223,30.829999923706055,18.499000549316406,85.18103353881835,0.043641678603501925,-30.64056552516232,,False,True,False,False,,
1033,SMCZ,SMCZ,AMEX:SMCZ,US,Defiance Daily Target 2X Short SMCI ETF,0.0,Trading--Inverse Equity,-2X Short,2707890.4,,https://www.tradingview.com/chart/?symbol=AMEX%3ASMCZ,False,,-29.69272025843901,22.377509234135257,6.049900054931641,5.199999809265137,32.684560718536375,0.00729778651510621,-49.30448307060292,,False,True,False,False,,
1036,QBTZ,QBTZ,AMEX:QBTZ,US,Defiance Daily Target 2x Short QBTS ETF,0.0,Trading--Inverse Equity,-2X Short,669669.35,,https://www.tradingview.com/chart/?symbol=AMEX%3AQBTZ,False,,-28.7049725352876,4.9246187923826765,18.610000610351562,14.049999237060547,85.66419941711425,0.015027191833337216,-30.819655330328246,,False,True,False,False,,
1062,RKLZ,RKLZ,AMEX:RKLZ,US,Defiance Daily Target 2x Short RKLB ETF,0.0,Trading--Inverse Equity,-2X Short,878099.65,,https://www.tradingview.com/chart/?symbol=AMEX%3ARKLZ,False,,-5.4390504050830755,-5.4390504050830755,20.15999984741211,8.450000762939453,44.876601303100585,0.07586653003451863,-18.484632630095863,,False,True,False,False,,
