rank,ticker,yahoo,tv,exchange,name,aum_usd_bn,category,leverage,avg_volume,err,link,dot_last2,dot_bar,wt2_trough,wt2_now,close,zone_low,zone_top,pct_of_range,wk_wt2,mo_wt2,is_index,in_zone,pass_wk,flag,tier,bucket
1,VOO,VOO,AMEX:VOO,US,Vanguard S&P 500 ETF,1066.082,Large Blend,Long,6529078.6,,https://www.tradingview.com/chart/?symbol=AMEX%3AVOO,False,,27.317204347821917,28.913766777597,710.8499755859375,581.010009765625,612.5986040039063,0.9700410123493045,45.87123032575905,69.8303635605613,True,False,False,False,,
2,IVV,IVV,AMEX:IVV,US,iShares Core S&P 500 ETF,870.627,Large Blend,Long,5835774.4,,https://www.tradingview.com/chart/?symbol=AMEX%3AIVV,False,,23.630863148947725,25.767399363251133,774.8499755859375,634.8499755859375,669.455837890625,0.9547515305094595,46.37161903716855,69.87793038237233,True,False,False,False,,
3,SPY,SPY,AMEX:SPY,US,State Street SPDR S&P 500 ETF,806.132,Large Blend,Long,36401387.5,,https://www.tradingview.com/chart/?symbol=AMEX%3ASPY,False,,21.959776209247618,23.989983917143437,771.2999877929688,632.0,666.4040869140625,0.9555491823183139,46.71920220494934,69.82999620925982,True,False,False,False,,
4,VTI,VTI,AMEX:VTI,US,Vanguard Morningstar Total Stock Market ETF,694.179,Large Blend,Long,2881206.6,,https://www.tradingview.com/chart/?symbol=AMEX%3AVTI,False,,22.37558299920799,23.27742421923344,379.80999755859375,311.70001220703125,328.84776586914063,0.9373797209652395,42.475980864720334,69.92666579335499,True,False,False,False,,
5,QQQ,QQQ,AMEX:QQQ,US,Invesco QQQ Trust Series I,485.914,Large Growth,Long,30766206.3,,https://www.tradingview.com/chart/?symbol=AMEX%3AQQQ,False,,51.58875902458899,51.58875902458899,744.4400024414062,558.2703247070312,602.9202744140625,0.9840110511567647,28.404991957298574,69.83727918002616,True,False,False,False,,
6,VEA,VEA,AMEX:VEA,US,Vanguard FTSE Developed Markets ETF,240.5,Foreign Large Blend,Long,9065470.8,,https://www.tradingview.com/chart/?symbol=AMEX%3AVEA,False,,-29.189718930712967,-26.82346471578782,71.84500122070312,62.0099983215332,64.78889958190918,0.8352440287461201,42.919750271847455,72.65035967221085,True,False,False,False,,
7,VUG,VUG,AMEX:VUG,US,Vanguard Morningstar Growth ETF,227.648,Large Growth,Long,4903100.4,,https://www.tradingview.com/chart/?symbol=AMEX%3AVUG,False,,47.92234415047718,48.18221143996771,90.94999694824219,69.98749542236328,74.98489157104493,0.989945606255875,41.38674753932199,50.75883013858252,True,False,False,False,,
8,IEFA,IEFA,AMEX:IEFA,US,iShares Core MSCI EAFE ETF,196.629,Foreign Large Blend,Long,6945021.05,,https://www.tradingview.com/chart/?symbol=AMEX%3AIEFA,False,,-36.36094720819364,-32.68332297817616,98.44000244140625,87.27999877929688,90.61231942749023,0.7903683775706651,43.864025242757656,69.79960929380265,True,False,False,False,,
9,VTV,VTV,AMEX:VTV,US,Vanguard Morningstar Value ETF,193.784,Large Value,Long,2362488.25,,https://www.tradingview.com/chart/?symbol=AMEX%3AVTV,True,2026-09-25 13:30,-64.12682159438448,-62.84496441617151,220.80999755859375,193.05999755859375,201.1949178466797,0.8050478392014966,42.84405518414618,78.21203934637136,True,False,False,False,,
10,VXUS,VXUS,AMEX:VXUS,US,Vanguard Total International Stock ETF,166.881,Foreign Large Blend,Long,4723841.9,,https://www.tradingview.com/chart/?symbol=AMEX%3AVXUS,False,,-20.66539567198251,-20.11307198437962,86.33999633789062,74.62000274658203,77.8720824584961,0.8505075928538367,42.342143304505875,71.67269319718257,True,False,False,False,,
11,IEMG,IEMG,AMEX:IEMG,US,iShares Core MSCI Emerging Markets ETF,163.85,Diversified Emerging Mkts,Long,8431150.55,,https://www.tradingview.com/chart/?symbol=AMEX%3AIEMG,False,,4.177182992641838,4.177182992641838,82.55999755859375,67.2750015258789,71.73894174194336,0.8080885695420387,35.739117415401275,73.74621859186225,True,False,False,False,,
12,SPYM,SPYM,AMEX:SPYM,US,State Street SPDR Portfolio S&P 500 ETF,157.41,,Long,8278035.9,,https://www.tradingview.com/chart/?symbol=AMEX%3ASPYM,False,,24.9422293019209,26.896694620259,90.77999877929688,74.38999938964844,78.44211895751953,0.9545719940315645,46.468029153948684,69.81205315699407,False,False,False,False,,
13,VGT,VGT,AMEX:VGT,US,Vanguard Information Technology ETF,148.595,Technology,Long,3423389.5,,https://www.tradingview.com/chart/?symbol=AMEX%3AVGT,False,,51.485457162002575,51.485457162002575,126.16000366210938,83.59249877929688,93.70450964355469,0.9934652253838423,49.626257429912215,64.4095529456683,False,False,False,False,,
14,VWO,VWO,AMEX:VWO,US,Vanguard FTSE Emerging Markets ETF,128.892,Diversified Emerging Mkts,Long,5896685.8,,https://www.tradingview.com/chart/?symbol=AMEX%3AVWO,False,,-6.0303439687139795,-6.0303439687139795,60.15999984741211,52.40999984741211,54.54412426757813,0.8570259459651,38.788225711512915,66.1273421318639,True,False,False,False,,
15,IWF,IWF,AMEX:IWF,US,iShares Russell 1000 Growth ETF,125.575,Large Growth,Long,3223898.0,,https://www.tradingview.com/chart/?symbol=AMEX%3AIWF,False,,44.15691410206731,44.37752785001055,126.21600341796875,102.73999786376953,108.87835836791992,0.9025760717450486,22.10329336031673,46.44868100681978,True,False,False,False,,
16,IJH,IJH,AMEX:IJH,US,iShares Core S&P Mid-Cap ETF,123.821,Mid-Cap Blend,Long,5643079.85,,https://www.tradingview.com/chart/?symbol=AMEX%3AIJH,False,,-48.051225756640314,-48.051225756640314,72.97000122070312,65.5999984741211,68.68451840209961,0.5638869868911005,-0.10064462182501603,71.62056864702016,True,False,False,False,,
17,XLK,XLK,AMEX:XLK,US,State Street Technology Select Sector SPDR ETF,122.009,Technology,Long,6010274.85,,https://www.tradingview.com/chart/?symbol=AMEX%3AXLK,False,,54.00288347879493,54.00288347879493,196.27000427246094,127.51000213623047,144.19284091186523,0.9726977957642556,42.1866580388144,74.93741799344649,False,False,False,False,,
18,VIG,VIG,AMEX:VIG,US,Vanguard Dividend Appreciation ETF,112.791,Large Blend,Long,866170.8,,https://www.tradingview.com/chart/?symbol=AMEX%3AVIG,False,,-41.03735687186051,-36.32474785500627,237.6699981689453,210.69000244140625,219.15768359375,0.751950726195782,26.985196528780275,69.89056988878893,True,False,False,False,,
19,SCHD,SCHD,AMEX:SCHD,US,Schwab US Dividend Equity ETF,112.566,Large Value,Long,22873899.35,,https://www.tradingview.com/chart/?symbol=AMEX%3ASCHD,True,2026-09-25 13:30,-72.65249791430621,-71.78124476402648,33.20000076293945,30.375499725341797,31.51526222229004,0.5848431113129677,56.30471743315161,75.36946779618103,True,False,False,False,,
20,IJR,IJR,AMEX:IJR,US,iShares Core S&P Small Cap ETF,109.957,Small Blend,Long,2462353.6,,https://www.tradingview.com/chart/?symbol=AMEX%3AIJR,True,2026-09-25 09:30,-61.84388278221336,-58.85029530675155,138.2899932861328,120.4000015258789,127.48707943725586,0.5957374969227084,3.8638090380860484,74.62489206205696,True,False,False,False,,
21,VO,VO,AMEX:VO,US,Vanguard Morningstar Mid-Cap ETF,107.824,Mid-Cap Blend,Long,2158324.2,,https://www.tradingview.com/chart/?symbol=AMEX%3AVO,False,,-38.1662052179901,-38.1662052179901,79.9800033569336,70.23249816894531,73.5937282409668,0.684395645366144,25.484044533342427,66.96227279903833,True,False,False,False,,
22,QQQM,QQQM,AMEX:QQQM,US,Invesco NASDAQ 100 ETF,105.077,Large Growth,Long,2476964.95,,https://www.tradingview.com/chart/?symbol=AMEX%3AQQQM,False,,51.57329492633769,51.57329492633769,306.5199890136719,229.88999938964844,248.27440155029296,0.9836967986907608,28.41565464848888,69.91679625749663,True,False,False,False,,
23,RSP,RSP,AMEX:RSP,US,Invesco S&P 500 Equal Weight ETF,100.922,Large Blend,Long,5559336.2,,https://www.tradingview.com/chart/?symbol=AMEX%3ARSP,True,2026-09-25 09:30,-69.69924755514347,-68.3077699802316,211.11000061035156,188.07000732421875,196.25566674804688,0.6642639442949678,30.47867406646493,75.15058267835214,True,False,False,False,,
24,ITOT,ITOT,AMEX:ITOT,US,iShares Core S&P Total U.S. Stock Market ETF,97.071,Large Blend,Long,1431655.1,,https://www.tradingview.com/chart/?symbol=AMEX%3AITOT,False,,19.07421139927477,20.467056165162,168.24000549316406,138.30999755859375,145.9516787109375,0.9243361155407774,42.74210027877346,70.01070821923498,False,False,False,False,,
25,IWD,IWD,AMEX:IWD,US,iShares Russell 1000 Value ETF,84.061,Large Value,Long,1501150.05,,https://www.tradingview.com/chart/?symbol=AMEX%3AIWD,True,2026-09-25 09:30,-56.22287803652332,-53.31323131883661,251.9499969482422,209.42999267578125,221.21819555664064,0.8512511287529891,47.330492211651176,82.21661944349164,True,False,False,False,,
26,VYM,VYM,AMEX:VYM,US,Vanguard High Dividend Yield Index ETF,83.276,Large Value,Long,1028885.45,,https://www.tradingview.com/chart/?symbol=AMEX%3AVYM,True,2026-09-25 09:30,-74.19432945117548,-70.57511558301373,157.7100067138672,145.1699981689453,150.32895831298828,0.5736508780783699,31.356478122162073,72.05038974532725,False,False,False,False,,
27,VT,VT,AMEX:VT,US,Vanguard Total World Stock ETF,82.541,Global Large-Stock Blend,Long,2010584.65,,https://www.tradingview.com/chart/?symbol=AMEX%3AVT,False,,-2.602875124565274,-1.7771150271769178,160.02000427246094,134.19000244140625,140.84402056884767,0.9161202021661587,46.3358439927921,70.33994508863576,True,False,False,False,,
28,IWM,IWM,AMEX:IWM,US,iShares Russell 2000 ETF,80.508,Small Blend,Long,16947349.7,,https://www.tradingview.com/chart/?symbol=AMEX%3AIWM,False,,-52.713923108382886,-52.42995032091213,281.92999267578125,239.60000610351562,255.05328149414063,0.6464569211725315,3.58643573588135,71.84193120609552,True,False,False,False,,
29,VB,VB,AMEX:VB,US,Vanguard Morningstar Small-Cap ETF,80.365,Small Blend,Long,448941.7,,https://www.tradingview.com/chart/?symbol=AMEX%3AVB,False,,-41.8280132354517,-41.8280132354517,289.82000732421875,253.85000610351562,266.9196872558594,0.6495124241469076,9.529486283100049,71.75020137692428,True,False,False,False,,
30,EFA,EFA,AMEX:EFA,US,iShares MSCI EAFE ETF,79.617,Foreign Large Blend,Long,8936537.35,,https://www.tradingview.com/chart/?symbol=AMEX%3AEFA,False,,-37.56383568429018,-33.344470517561355,105.56500244140625,93.5999984741211,97.18955825805664,0.7866538256073796,42.52879074703952,70.04344183445652,True,False,False,False,,
31,IVW,IVW,AMEX:IVW,US,iShares S&P 500 Growth ETF,77.267,Large Growth,Long,1274009.7,,https://www.tradingview.com/chart/?symbol=AMEX%3AIVW,False,,41.70565872505265,43.16359324286474,143.27999877929688,108.69000244140625,116.91696258544921,0.9922546107936452,42.77190272195167,65.3606012265534,False,False,False,False,,
32,SCHX,SCHX,AMEX:SCHX,US,Schwab U.S. Large-Cap ETF,74.481,Large Blend,Long,6339939.05,,https://www.tradingview.com/chart/?symbol=AMEX%3ASCHX,False,,16.73508584382402,16.75816955573795,30.364999771118164,24.90999984741211,26.276440063476564,0.9421414613384775,45.14728590245206,68.24576917726476,True,False,False,False,,
33,VEU,VEU,AMEX:VEU,US,Vanguard FTSE All-World ex-US Index Fund,71.053,Foreign Large Blend,Long,2277116.15,,https://www.tradingview.com/chart/?symbol=AMEX%3AVEU,False,,-21.33859451872404,-20.374413853033875,84.37000274658203,72.75499725341797,75.97757876586914,0.8506041773639239,43.607085211948004,72.12100982021185,True,False,False,False,,
34,SCHF,SCHF,AMEX:SCHF,US,Schwab International Equity ETF,70.289,Foreign Large Blend,Long,6697863.8,,https://www.tradingview.com/chart/?symbol=AMEX%3ASCHF,False,,-24.892083067535324,-22.973023449333184,27.915000915527344,23.959999084472656,25.05267933654785,0.8542118614812062,42.78097530743353,71.06387821848266,False,False,False,False,,
35,SMH,SMH,AMEX:SMH,US,VanEck Semiconductor ETF,68.996,Technology,Long,6750803.0,,https://www.tradingview.com/chart/?symbol=AMEX%3ASMH,False,,52.987141682536425,52.987141682536425,606.489990234375,362.5690002441406,434.7899625244141,0.7970726478871469,3.5320591910714634,82.26888126542094,False,False,False,False,,
36,SCHG,SCHG,AMEX:SCHG,US,Schwab U.S. Large-Cap Growth ETF,62.427,Large Growth,Long,6403379.35,,https://www.tradingview.com/chart/?symbol=AMEX%3ASCHG,False,,47.43842917622606,48.28323989660813,36.255001068115234,28.100000381469727,30.045820579528808,0.989084276115579,49.51076479236314,55.18890272536864,True,False,False,False,,
37,IXUS,IXUS,AMEX:IXUS,US,iShares Core MSCI Total International Stock ETF,61.154,Foreign Large Blend,Long,1711203.8,,https://www.tradingview.com/chart/?symbol=AMEX%3AIXUS,False,,-13.168471807295338,-12.67844458966129,96.68499755859375,83.73500061035156,87.26202053833008,0.8665103521365113,43.48774799664568,71.89365690985636,True,False,False,False,,
38,IWR,IWR,AMEX:IWR,US,iShares Russell Midcap ETF,56.98,Mid-Cap Blend,Long,1081359.95,,https://www.tradingview.com/chart/?symbol=AMEX%3AIWR,False,,-42.00610187454334,-42.00610187454334,108.26000213623047,94.72000122070312,99.46832006835938,0.6729624354610704,23.900710421905714,73.8077418683675,False,False,False,False,,
39,XLF,XLF,AMEX:XLF,US,State Street Financial Select Sector SPDR ETF,55.333,Financial,Long,28267865.4,,https://www.tradingview.com/chart/?symbol=AMEX%3AXLF,False,,-77.0745721670819,-68.01599965043683,54.83000183105469,47.79999923706055,50.33511137390137,0.6544407200267334,41.94377657620081,53.492209003292345,False,False,False,False,,
40,SPYG,SPYG,AMEX:SPYG,US,State Street SPDR Portfolio S&P 500 Growth ETF,54.676,Large Growth,Long,1937375.2,,https://www.tradingview.com/chart/?symbol=AMEX%3ASPYG,False,,41.70678784529332,43.257360116655924,124.05000305175781,94.08999633789062,101.21011770629883,0.993039474838808,43.09683363199159,65.54886794816635,False,False,False,False,,
41,VV,VV,AMEX:VV,US,Vanguard Morningstar Large-Cap ETF,54.571,Large Blend,Long,202690.75,,https://www.tradingview.com/chart/?symbol=AMEX%3AVV,False,,29.37231374621473,30.89886332036956,356.7799987792969,290.3500061035156,306.4027235107422,0.9766245722625589,47.07178938662679,69.43545829900019,False,False,False,False,,
42,IVE,IVE,AMEX:IVE,US,iShares S&P 500 Value ETF,50.167,Large Value,Long,467621.75,,https://www.tradingview.com/chart/?symbol=AMEX%3AIVE,False,,-51.296033858289945,-50.8410851058224,232.07000732421875,207.47000122070312,214.84424499511718,0.787280922360203,44.05364422210901,72.11293833546699,False,False,False,False,,
43,DFAC,DFAC,AMEX:DFAC,US,Dimensional U.S. Core Equity 2 ETF,49.563,Large Blend,Long,1774320.9,,https://www.tradingview.com/chart/?symbol=AMEX%3ADFAC,False,,-13.555031668414209,-11.818714657194421,45.060001373291016,37.810001373291016,39.80184104919434,0.8590048791070715,38.544471686516296,72.39398758200265,False,False,False,False,,
44,IWB,IWB,AMEX:IWB,US,iShares Russell 1000 ETF,49.368,Large Blend,Long,449975.55,,https://www.tradingview.com/chart/?symbol=AMEX%3AIWB,False,,21.02965309647882,22.561452827051355,421.07000732421875,346.6700134277344,365.4084119873047,0.9370277029678539,44.98869981694941,69.54177345748526,True,False,False,False,,
45,QUAL,QUAL,AMEX:QUAL,US,iShares MSCI USA Quality Factor ETF,47.541,Large Blend,Long,724596.45,,https://www.tradingview.com/chart/?symbol=AMEX%3AQUAL,False,,36.82304357247207,42.40093213144512,223.64999389648438,186.52000427246094,196.10160211181642,0.9145319703648693,34.77356327228633,72.06846368723542,False,False,False,False,,
46,DIA,DIA,AMEX:DIA,US,State Street SPDR Dow Jones Industrial Average ETF Trust,46.42,Large Value,Long,2882949.55,,https://www.tradingview.com/chart/?symbol=AMEX%3ADIA,True,2026-09-25 09:30,-61.43174228502077,-53.730254455230096,517.469970703125,451.3550109863281,473.3561124267578,0.7091976979157698,26.38983712664225,71.94701792618201,True,False,False,False,,
47,VONG,VONG,AMEX:VONG,US,Vanguard Russell 1000 Growth ETF,46.22,Large Growth,Long,852084.1,,https://www.tradingview.com/chart/?symbol=AMEX%3AVONG,False,,43.68301351632823,43.699101954727645,129.92999267578125,105.7300033569336,112.05480227661133,0.9029848303128423,22.629190480084816,50.269080992688686,False,False,False,False,,
48,JEPI,JEPI,AMEX:JEPI,US,JPMorgan Equity Premium Income ETF,46.091,Derivative Income,Long,4378934.3,,https://www.tradingview.com/chart/?symbol=AMEX%3AJEPI,False,,11.337497731926215,16.667889285729675,56.7400016784668,55.27000045776367,55.94850045776367,0.5113047724184783,38.61151512884005,60.4721534855316,False,False,False,False,,
49,SCHB,SCHB,AMEX:SCHB,US,Schwab U.S. Broad Market ETF,44.843,Large Blend,Long,5337629.15,,https://www.tradingview.com/chart/?symbol=AMEX%3ASCHB,False,,12.511026351783267,12.511026351783267,29.65999984741211,24.389999389648438,25.734019317626952,0.9253732642959053,42.64833589944395,68.5598318978566,True,False,False,False,,
50,XLV,XLV,AMEX:XLV,US,State Street Health Care Select Sector SPDR ETF,44.505,Health,Long,7535099.3,,https://www.tradingview.com/chart/?symbol=AMEX%3AXLV,False,,41.381268992670265,49.113788394143064,170.74000549316406,142.56500244140625,150.38486114501953,0.8503095736426076,53.85587420964703,59.679158043588814,False,False,False,False,,
51,DGRO,DGRO,AMEX:DGRO,US,iShares Core Dividend Growth ETF,43.59,Large Value,Long,1205039.15,,https://www.tradingview.com/chart/?symbol=AMEX%3ADGRO,True,2026-09-25 09:30,-67.35838186127226,-65.14341579270875,76.54000091552734,68.8949966430664,71.54763793945312,0.6801601900559986,36.93401221762681,73.62192274933847,False,False,False,False,,
52,SOXX,SOXX,AMEX:SOXX,US,iShares Semiconductor ETF,42.612,Technology,Long,7059654.95,,https://www.tradingview.com/chart/?symbol=AMEX%3ASOXX,False,,55.22604960580431,55.22604960580431,572.5250244140625,309.7900085449219,391.28104333496094,0.7608869356595326,-3.6578351262340245,85.64476080209214,False,False,False,False,,
53,SPDW,SPDW,AMEX:SPDW,US,State Street SPDR Portfolio Developed World ex-US ETF,42.462,Foreign Large Blend,Long,2364130.55,,https://www.tradingview.com/chart/?symbol=AMEX%3ASPDW,False,,-24.54437603219874,-22.83861377876414,51.064998626708984,44.209999084472656,46.12395922851562,0.8452526542953206,45.51703274224584,73.2277498937891,True,False,False,False,,
54,JEPQ,JEPQ,AMEX:JEPQ,US,JPMorgan NASDAQ Equity Premium Income ETF,42.441,Derivative Income,Long,5575682.5,,https://www.tradingview.com/chart/?symbol=AMEX%3AJEPQ,False,,51.41427120922089,51.41427120922089,61.2400016784668,53.77000045776367,55.584840133666994,0.9713917496367604,50.74072237349149,67.08922957322709,False,False,False,False,,
55,XLE,XLE,AMEX:XLE,US,State Street Energy Select Sector SPDR ETF,42.113,Equity Energy,Long,25136576.85,,https://www.tradingview.com/chart/?symbol=AMEX%3AXLE,False,,-62.85716714401969,-51.98385387060702,62.04999923706055,52.81999969482422,55.91632034301758,0.7035059153963127,59.68211852075914,75.4738879179423,False,False,False,False,,
56,DYNF,DYNF,AMEX:DYNF,US,iShares U.S. Equity Factor Rotation Active ETF,41.834,Large Blend,Long,1659228.3,,https://www.tradingview.com/chart/?symbol=AMEX%3ADYNF,False,,18.00342541511122,20.65238004023534,70.0199966430664,56.43000030517578,59.71984088134766,0.9748919625382564,51.524318368104815,70.54845583114688,False,False,False,False,,
57,CGDV,CGDV,AMEX:CGDV,US,Capital Group Dividend Value ETF,38.955,Large Value,Long,3070981.45,,https://www.tradingview.com/chart/?symbol=AMEX%3ACGDV,False,,2.4210327409062047,3.847791998345817,49.45000076293945,41.470001220703125,43.819380752563475,0.801607346292194,26.55592851919073,71.44343180906556,False,False,False,False,,
58,VNQ,VNQ,AMEX:VNQ,US,Vanguard Real Estate ETF,38.016,Real Estate,Long,2810927.75,,https://www.tradingview.com/chart/?symbol=AMEX%3AVNQ,True,2026-09-25 13:30,-79.98678236938883,-79.98678236938883,90.9800033569336,86.98999786376953,90.43087829589844,0.27366289383212195,-21.179486503799392,74.77705360673747,False,False,False,False,,
59,VBR,VBR,AMEX:VBR,US,Vanguard Morningstar Small-Cap Value ETF,37.526,Small Value,Long,275114.5,,https://www.tradingview.com/chart/?symbol=AMEX%3AVBR,True,2026-09-25 09:30,-71.1338837364961,-69.16907141136353,236.61000061035156,212.08999633789062,221.42143835449218,0.6201314864311035,18.69290224801715,72.55544029296404,False,False,False,False,,
60,SPYV,SPYV,AMEX:SPYV,US,State Street SPDR Portfolio S&P 500 Value ETF,36.839,Large Value,Long,1420567.55,,https://www.tradingview.com/chart/?symbol=AMEX%3ASPYV,True,2026-09-25 09:30,-70.55590312212396,-67.88550041020237,62.150001525878906,55.58000183105469,57.5529610748291,0.7858854321857448,43.91933270649732,72.23823776972704,False,False,False,False,,
61,TQQQ,TQQQ,AMEX:TQQQ,US,ProShares UltraPro QQQ,35.929,Trading--Leveraged Equity,3X Long,46665537.9,,https://www.tradingview.com/chart/?symbol=AMEX%3ATQQQ,False,,49.88202224556932,49.88202224556932,79.59989929199219,37.88999938964844,49.53069866943359,0.845613836451138,7.797109731081547,65.54412592545708,False,False,False,False,,
62,MGK,MGK,AMEX:MGK,US,Vanguard Morningstar Mega Cap Growth ETF,33.608,Large Growth,Long,1046912.1,,https://www.tradingview.com/chart/?symbol=AMEX%3AMGK,False,,52.53212341049399,52.53212341049399,93.3550033569336,70.68400573730469,76.07802059936523,0.9919059504015815,43.33789777585995,46.24991667455284,False,False,False,False,,
63,IUSG,IUSG,AMEX:IUSG,US,iShares Core S&P U.S. Growth ETF,33.336,Large Growth,Long,462130.0,,https://www.tradingview.com/chart/?symbol=AMEX%3AIUSG,False,,40.338697303109804,41.87214884888353,195.1699981689453,149.15499877929688,160.1077596435547,0.9914888118661488,41.24139785834602,66.04662222064354,False,False,False,False,,
64,ACWI,ACWI,AMEX:ACWI,US,iShares MSCI ACWI ETF,33.113,Global Large-Stock Blend,Long,1869786.35,,https://www.tradingview.com/chart/?symbol=AMEX%3AACWI,False,,9.665197649287952,10.42411500078014,161.02999877929688,134.25999450683594,140.91165753173829,0.9497957104334123,47.28206000676382,70.4581725483568,True,False,False,False,,
65,IDEV,IDEV,AMEX:IDEV,US,iShares Core MSCI International Developed Markets ETF,32.932,Foreign Large Blend,Long,1870726.1,,https://www.tradingview.com/chart/?symbol=AMEX%3AIDEV,False,,-37.034186451138716,-34.259698476573966,90.8499984741211,80.58000183105469,83.70582067871094,0.775386970867165,45.16988032509044,69.82000034679008,False,False,False,False,,
66,EFV,EFV,AMEX:EFV,US,iShares MSCI EAFE Value ETF,32.15,Foreign Large Value,Long,1640948.25,,https://www.tradingview.com/chart/?symbol=AMEX%3AEFV,True,2026-09-25 09:30,-66.30146575852491,-57.94979278791678,80.86000061035156,71.16000366210938,73.99672286987305,0.8069883242303164,57.975660437341986,71.71370759598841,False,False,False,False,,
67,EEM,EEM,AMEX:EEM,US,iShares MSCI Emerging Markets ETF,31.971,Diversified Emerging Mkts,Long,15836071.25,,https://www.tradingview.com/chart/?symbol=AMEX%3AEEM,False,,8.497168453078766,8.497168453078766,67.98999786376953,54.67499923706055,58.603219345092775,0.7999398173941482,35.049351261857375,74.66904326033314,True,False,False,False,,
68,XLI,XLI,AMEX:XLI,US,State Street Industrial Select Sector SPDR ETF,31.888,Industrials,Long,6528465.9,,https://www.tradingview.com/chart/?symbol=AMEX%3AXLI,False,,-14.195430162713778,-11.384775707047972,170.42999267578125,156.66000366210938,163.87098193359375,0.4506624877899695,-14.317169190918767,67.28370903685878,False,False,False,False,,
69,AVUV,AVUV,AMEX:AVUV,US,Avantis U.S. Small Cap Value ETF,31.856,Small Value,Long,1225791.95,,https://www.tradingview.com/chart/?symbol=AMEX%3AAVUV,False,,-72.93690481855904,-68.90033402323628,120.43000030517578,106.06999969482422,111.46024063110352,0.6287214586705014,19.315459122570036,73.96863988483125,False,False,False,False,,
70,VXF,VXF,AMEX:VXF,US,Vanguard Extended Market ETF,31.308,Mid-Cap Blend,Long,296304.5,,https://www.tradingview.com/chart/?symbol=AMEX%3AVXF,False,,-28.789796224167187,-28.789796224167187,235.08999633789062,198.97999572753906,211.16231817626954,0.6995349351412916,13.85455732813721,70.80605105240738,True,False,False,False,,
71,VGK,VGK,AMEX:VGK,US,Vanguard FTSE Europe ETF,31.133,Europe Stock,Long,1672988.45,,https://www.tradingview.com/chart/?symbol=AMEX%3AVGK,False,,-49.59028353729485,-44.70854492548792,88.62000274658203,79.19999694824219,82.49809838867188,0.6740609434131194,33.10603311057287,67.43312872992267,False,False,False,False,,
72,GDX,GDX,AMEX:GDX,US,VanEck Gold Miners ETF,30.265,Equity Precious Metals,Long,25081121.6,,https://www.tradingview.com/chart/?symbol=AMEX%3AGDX,False,,-44.63879304944957,-44.63879304944957,92.87000274658203,70.73999786376953,78.95279858398438,0.6359196247741327,28.403897317608124,43.03110461686674,False,False,False,False,,
73,EWY,EWY,AMEX:EWY,US,iShares MSCI South Korea ETF,28.967,Focused Region,Long,14084983.55,,https://www.tradingview.com/chart/?symbol=AMEX%3AEWY,False,,9.784071729545797,9.784071729545797,187.16000366210938,115.7699966430664,140.44615786743165,0.6827659093043366,22.89386457925204,80.5263755763363,False,False,False,False,,
74,AVEM,AVEM,AMEX:AVEM,US,Avantis Emerging Markets Equity ETF,28.726,Diversified Emerging Mkts,Long,1616709.6,,https://www.tradingview.com/chart/?symbol=AMEX%3AAVEM,False,,4.5026741555249625,4.5026741555249625,95.23500061035156,77.76010131835938,83.07609530639648,0.7757864742117476,35.81949912195761,73.32249458965866,False,False,False,False,,
75,FNDX,FNDX,AMEX:FNDX,US,Schwab Fundamental U.S. Large Company ETF,27.895,Large Value,Long,2555669.1,,https://www.tradingview.com/chart/?symbol=AMEX%3AFNDX,True,2026-09-25 09:30,-68.06669157199372,-65.32137989852205,31.985000610351562,27.309999465942383,28.605450355529786,0.8516727874045188,49.317820702148964,75.0320879357888,False,False,False,False,,
76,IUSV,IUSV,AMEX:IUSV,US,iShares Core S&P US Value ETF,27.757,Large Value,Long,527471.9,,https://www.tradingview.com/chart/?symbol=AMEX%3AIUSV,True,2026-09-25 13:30,-55.7626486034772,-54.888566297580205,112.15799713134766,100.43000030517578,104.01193661499023,0.7727125810117872,42.385461410824995,72.21896285122325,False,False,False,False,,
77,VOOG,VOOG,AMEX:VOOG,US,Vanguard S&P 500 Growth ETF,27.271,Large Growth,Long,1003953.25,,https://www.tradingview.com/chart/?symbol=AMEX%3AVOOG,False,,40.476204465111216,41.896160780094526,86.11000061035156,65.32833099365234,70.29534487915039,0.9874089629304992,43.005612415324514,59.03339120705445,False,False,False,False,,
78,MDY,MDY,AMEX:MDY,US,State Street SPDR S&P MIDCAP 400 ETF Trust,26.567,Mid-Cap Blend,Long,446235.3,,https://www.tradingview.com/chart/?symbol=AMEX%3AMDY,False,,-51.83299661463138,-51.83299661463138,665.77001953125,599.0750122070312,626.8982224121094,0.5657155163800204,-0.5565837905901224,71.46287243990588,True,False,False,False,,
79,FNDF,FNDF,AMEX:FNDF,US,Schwab Fundamental International Equity ETF,26.322,Foreign Large Value,Long,1807914.05,,https://www.tradingview.com/chart/?symbol=AMEX%3AFNDF,False,,-51.94297153497006,-48.06430980043453,54.849998474121094,47.13999938964844,49.30647946166992,0.8398691533948727,57.780316150444996,75.69890601790864,False,False,False,False,,
80,RDVY,RDVY,AMEX:RDVY,US,First Trust Rising Dividend Achievers ETF,25.697,Large Value,Long,1020926.8,,https://www.tradingview.com/chart/?symbol=AMEX%3ARDVY,False,,-48.99662017024702,-43.65604404403328,79.36000061035156,66.41500091552734,70.5438215637207,0.7399255594488695,26.85284411965424,76.72855938828837,False,False,False,False,,
82,CGGR,CGGR,AMEX:CGGR,US,Capital Group Growth ETF,25.648,Large Growth,Long,2315423.8,,https://www.tradingview.com/chart/?symbol=AMEX%3ACGGR,False,,46.13645409946643,46.13645409946643,48.13999938964844,38.75,41.017960144042966,0.9771070544505328,32.55052002416963,52.427509543922184,False,False,False,False,,
83,EMXC,EMXC,AMEX:EMXC,US,iShares MSCI Emerging Markets ex China ETF,25.486,Diversified Emerging Mkts,Long,1597490.4,,https://www.tradingview.com/chart/?symbol=AMEX%3AEMXC,False,,15.567073405951634,15.567073405951634,101.16000366210938,75.48500061035156,82.84348068237304,0.8234446055311886,37.97009925602129,79.70285704950511,False,False,False,False,,
84,XIC,XIC.TO,TSX:XIC,TSX,iShares Core S&P/TSX Capped Composite Index ETF,25.141,Total Market,Long,496767.5,,https://www.tradingview.com/chart/?symbol=TSX%3AXIC,False,,-16.734287990963306,-16.734287990963306,57.06999969482422,50.119998931884766,52.23927882385254,0.7739422179534615,45.9083195244527,71.04013490460947,True,False,False,False,,
85,IYW,IYW,AMEX:IYW,US,iShares U.S. Technology ETF,25.124,Technology,Long,464096.5,,https://www.tradingview.com/chart/?symbol=AMEX%3AIYW,False,,57.54006324674356,57.54006324674356,266.1300048828125,173.5500030517578,195.50744146728516,0.9950559814244238,46.97094670110041,72.8120252262217,False,False,False,False,,
86,MTUM,MTUM,AMEX:MTUM,US,iShares MSCI USA Momentum Factor ETF,24.803,Large Blend,Long,677646.35,,https://www.tradingview.com/chart/?symbol=AMEX%3AMTUM,False,,53.182824065044116,53.182824065044116,318.5199890136719,230.82000732421875,257.87504357910154,0.7650034353576433,2.0115559177219557,75.40055260281831,False,False,False,False,,
87,VOE,VOE,AMEX:VOE,US,Vanguard Morningstar Mid-Cap Value ETF,24.42,Mid-Cap Value,Long,280431.9,,https://www.tradingview.com/chart/?symbol=AMEX%3AVOE,True,2026-09-25 09:30,-73.98257376197952,-72.3806095127806,199.91000366210938,180.9499969482422,188.03943896484375,0.6311584993564288,37.97685858460095,76.13380150689915,False,False,False,False,,
88,USMV,USMV,AMEX:USMV,US,iShares MSCI USA Min Vol Factor ETF,24.118,Large Blend,Long,1453280.6,,https://www.tradingview.com/chart/?symbol=AMEX%3AUSMV,False,,-53.28263337781292,-53.28263337781292,98.30999755859375,91.16000366210938,93.72060330200195,0.6589857052550011,54.51097689518895,67.85284476022366,False,False,False,False,,
89,DVY,DVY,AMEX:DVY,US,iShares Select Dividend ETF,23.742,Mid-Cap Value,Long,288560.85,,https://www.tradingview.com/chart/?symbol=AMEX%3ADVY,False,,-75.28363307916455,-72.82583518558225,154.74000549316406,145.9499969482422,150.62397882080077,0.44382756997429007,39.542496184943154,72.99568787329848,False,False,False,False,,
90,VBK,VBK,AMEX:VBK,US,Vanguard Morningstar Small-Cap Growth ETF,23.685,Small Growth,Long,177359.7,,https://www.tradingview.com/chart/?symbol=AMEX%3AVBK,False,,9.23688204871592,10.865369522464881,341.3599853515625,289.6099853515625,307.7041085205078,0.6749705352377063,-3.873386362445775,69.87529661763578,False,False,False,False,,
91,EWJ,EWJ,AMEX:EWJ,US,iShares MSCI Japan ETF,23.506,Japan Stock,Long,3586266.25,,https://www.tradingview.com/chart/?symbol=AMEX%3AEWJ,False,,-20.37435496092557,-17.00833634279552,97.93000030517578,81.19999694824219,85.3465168762207,0.9521914426590417,57.753971278948484,75.81303740554281,True,False,False,False,,
92,SCHA,SCHA,AMEX:SCHA,US,Schwab U.S. Small-Cap ETF,22.93,Small Blend,Long,2616628.35,,https://www.tradingview.com/chart/?symbol=AMEX%3ASCHA,False,,-33.92702937571453,-33.92702937571453,33.130001068115234,28.079999923706055,29.98215979766846,0.6265510519880324,-0.9257368076389986,71.94819472560248,False,False,False,False,,
93,SPMO,SPMO,AMEX:SPMO,US,Invesco S&P 500 Momentum ETF,22.756,Large Blend,Long,1655237.45,,https://www.tradingview.com/chart/?symbol=AMEX%3ASPMO,False,,42.68637704555935,43.378048619713276,152.94000244140625,107.86000061035156,120.54027960205079,0.8390099649300575,15.60467722270368,74.85918850296213,False,False,False,False,,
94,XLC,XLC,AMEX:XLC,US,State Street Communication Services Select Sector SPDR ETF,22.667,Communications,Long,4128262.0,,https://www.tradingview.com/chart/?symbol=AMEX%3AXLC,False,,2.917579339369832,2.917579339369832,112.93000030517578,105.38999938964844,108.61847946166992,0.5511696452722015,14.881071750817673,21.737734289407626,False,False,False,False,,
95,DFIV,DFIV,AMEX:DFIV,US,Dimensional International Value ETF,22.446,Foreign Large Value,Long,1087696.4,,https://www.tradingview.com/chart/?symbol=AMEX%3ADFIV,False,,-77.62297939779643,-65.94525824238649,57.095001220703125,50.79999923706055,52.77649923706055,0.7516420278976212,62.09161348635384,71.69898835886943,False,False,False,False,,
96,XLU,XLU,AMEX:XLU,US,State Street Utilities Select Sector SPDR ETF,22.359,Utilities,Long,19658230.6,,https://www.tradingview.com/chart/?symbol=AMEX%3AXLU,True,2026-09-25 09:30,-76.61969853053795,-75.16394514605298,39.525001525878906,39.30500030517578,41.24728019714355,0.02673162004129885,-58.38399191511081,36.141890197683345,False,True,False,False,,"NEAR: 4h+band ok, weekly shallow"
97,VONV,VONV,AMEX:VONV,US,Vanguard Russell 1000 Value ETF,22.314,Large Value,Long,563540.05,,https://www.tradingview.com/chart/?symbol=AMEX%3AVONV,True,2026-09-25 09:30,-63.146003869447746,-60.755103482362564,110.51000213623047,91.83999633789062,97.0095778503418,0.852316837986955,47.238879400872115,82.20883988130532,False,False,False,False,,
98,VYMI,VYMI,AMEX:VYMI,US,Vanguard International High Dividend Yield ETF,22.12,Foreign Large Value,Long,809480.5,,https://www.tradingview.com/chart/?symbol=AMEX%3AVYMI,True,2026-09-25 09:30,-71.31921727726082,-63.44896965680013,102.97000122070312,90.5770034790039,94.50711145019531,0.7441901058393525,60.781713211676504,73.28532444502902,False,False,False,False,,
99,XLY,XLY,AMEX:XLY,US,State Street Consumer Discretionary Select Sector SPDR ETF,21.972,Consumer Cyclical,Long,5333676.6,,https://www.tradingview.com/chart/?symbol=AMEX%3AXLY,False,,-40.2238327666264,-40.2238327666264,110.54000091552734,105.6500015258789,109.52748159790039,0.2976262506889905,-29.54695662137158,24.031334728408495,False,False,False,False,,
100,AVLV,AVLV,AMEX:AVLV,US,Avantis U.S. Large Cap Value ETF,21.76,Large Value,Long,2716989.25,,https://www.tradingview.com/chart/?symbol=AMEX%3AAVLV,True,2026-09-25 09:30,-63.224264608819,-59.48840538528498,91.80999755859375,78.81999969482422,82.64791998291015,0.8008629399601503,40.15122279656997,79.53654720677322,False,False,False,False,,
101,SDY,SDY,AMEX:SDY,US,State Street SPDR S&P Dividend ETF,21.715,Mid-Cap Value,Long,184075.5,,https://www.tradingview.com/chart/?symbol=AMEX%3ASDY,True,2026-09-25 09:30,-72.26153192577807,-70.38412149514473,148.58999633789062,143.94500732421875,147.55226458740233,0.30389221706330233,20.851826691956997,72.51336759666093,False,False,False,False,,
102,DFUS,DFUS,AMEX:DFUS,US,Dimensional U.S. Equity Market ETF,21.635,Large Blend,Long,487947.15,,https://www.tradingview.com/chart/?symbol=AMEX%3ADFUS,False,,18.505353761200254,20.0328740403054,84.04499816894531,68.88999938964844,72.70965881347657,0.9363608937494108,43.05660235712762,70.01869525151965,False,False,False,False,,
103,FTEC,FTEC,AMEX:FTEC,US,Fidelity MSCI Information Technology Index ETF,21.251,Technology,Long,220448.75,,https://www.tradingview.com/chart/?symbol=AMEX%3AFTEC,False,,52.49018010824722,52.49018010824722,301.1300048828125,199.4600067138672,223.62050311279296,0.9931136832494019,49.346133826560695,74.21982913537626,False,False,False,False,,
104,AVDV,AVDV,AMEX:AVDV,US,Avantis International Small Cap Value ETF,20.779,Foreign Small/Mid Value,Long,703701.95,,https://www.tradingview.com/chart/?symbol=AMEX%3AAVDV,False,,-21.329266365827422,-20.345691304057944,111.0199966430664,95.43000030517578,99.79128109741211,0.8436143672041784,53.51681594102797,68.9775074982701,False,False,False,False,,
105,IWV,IWV,AMEX:IWV,US,iShares Russell 3000 ETF,20.483,Large Blend,Long,123942.7,,https://www.tradingview.com/chart/?symbol=AMEX%3AIWV,False,,17.149804286174575,18.58166324392742,436.92999267578125,360.1000061035156,379.66322351074217,0.9268351137557187,43.23735585150623,69.82987733387598,True,False,False,False,,
106,OEF,OEF,AMEX:OEF,US,iShares S&P 100 ETF,20.321,Large Blend,Long,195785.4,,https://www.tradingview.com/chart/?symbol=AMEX%3AOEF,False,,31.72707778548198,34.02427362354896,385.989990234375,308.2200012207031,326.82860266113283,0.9863028914870864,52.74986066460613,65.89288145312447,False,False,False,False,,
107,SOXL,SOXL,AMEX:SOXL,US,Direxion Daily Semiconductor Bull 3X ETF,20.257,Trading--Leveraged Equity,3X Long,52949440.0,,https://www.tradingview.com/chart/?symbol=AMEX%3ASOXL,False,,54.358608706724986,54.50518406250305,151.35000610351562,40.630001068115234,102.03248023986816,0.4255515663343945,-26.05611391013476,79.7075096545098,False,False,False,False,,
108,COWZ,COWZ,AMEX:COWZ,US,Pacer US Cash Cows 100 ETF,19.959,Mid-Cap Value,Long,831648.65,,https://www.tradingview.com/chart/?symbol=AMEX%3ACOWZ,True,2026-09-25 13:30,-69.46739339298809,-68.44177566429269,67.7300033569336,61.435001373291016,64.01448054504395,0.5759381523247847,66.81450513977511,72.81418084025508,False,False,False,False,,
109,BBJP,BBJP,AMEX:BBJP,US,JPMorgan BetaBuilders Japan ETF,19.758,Japan Stock,Long,666684.75,,https://www.tradingview.com/chart/?symbol=AMEX%3ABBJP,False,,-22.931177801958963,-19.23858370238114,78.94999694824219,66.2699966430664,69.43239700317383,0.9462685717376513,54.55191719532126,73.37583335429927,False,False,False,False,,
110,IWP,IWP,AMEX:IWP,US,iShares Russell Mid-Cap Growth ETF,19.626,Mid-Cap Growth,Long,811008.1,,https://www.tradingview.com/chart/?symbol=AMEX%3AIWP,False,,33.863881311387715,36.27306497795744,139.47999572753906,123.62000274658203,129.36306253051757,0.6517359185386926,-4.3781117179076725,34.725632613179336,False,False,False,False,,
111,VOT,VOT,AMEX:VOT,US,Vanguard Morningstar Mid-Cap Growth ETF,19.529,Mid-Cap Growth,Long,159724.4,,https://www.tradingview.com/chart/?symbol=AMEX%3AVOT,False,,23.929347214203474,25.229861944109345,297.1400146484375,249.52000427246094,264.7077832641602,0.7399582555732935,7.133688778444163,49.865739951105404,False,False,False,False,,
112,VHT,VHT,AMEX:VHT,US,Vanguard Health Care ETF,19.455,Health,Long,207120.15,,https://www.tradingview.com/chart/?symbol=AMEX%3AVHT,False,,30.47496903507236,33.52839257997386,319.6700134277344,265.3800048828125,280.50760632324216,0.8469579309750532,54.155123397258706,62.87042953887032,False,False,False,False,,
113,AVDE,AVDE,AMEX:AVDE,US,Avantis International Equity ETF,19.336,Foreign Large Blend,Long,953200.8,,https://www.tradingview.com/chart/?symbol=AMEX%3AAVDE,False,,-41.643550600468636,-38.471108077088765,91.7699966430664,81.56999969482422,84.67340005493165,0.7756650771613086,52.55370547046692,68.89997508410825,False,False,False,False,,
114,SPHQ,SPHQ,AMEX:SPHQ,US,Invesco S&P 500 Quality ETF,18.922,Large Blend,Long,1431862.65,,https://www.tradingview.com/chart/?symbol=AMEX%3ASPHQ,False,,18.0991400066146,21.504523995434123,84.91999816894531,73.4800033569336,77.39996170043945,0.6887417005610662,-9.814766721764384,73.06940233431646,False,False,False,False,,
115,SPMD,SPMD,AMEX:SPMD,US,State Street SPDR Portfolio S&P 400 Mid Cap ETF,18.739,Mid-Cap Blend,Long,1306087.0,,https://www.tradingview.com/chart/?symbol=AMEX%3ASPMD,True,2026-09-25 13:30,-57.859985976259885,-57.65759395452368,63.91999816894531,57.5,60.198659423828126,0.5614341530069228,0.009183292450812175,71.77146836561265,False,False,False,False,,
116,DFAI,DFAI,AMEX:DFAI,US,Dimensional International Core Equity Market ETF,18.389,Foreign Large Blend,Long,1816393.9,,https://www.tradingview.com/chart/?symbol=AMEX%3ADFAI,True,2026-09-25 09:30,-58.051104393583536,-53.31278381676619,42.099998474121094,37.665000915527344,39.05386051940918,0.7536106751918855,47.493376315362575,69.86130364782292,False,False,False,False,,
117,ESGU,ESGU,AMEX:ESGU,US,iShares ESG Aware MSCI USA ETF,18.097,Large Blend,Long,351580.65,,https://www.tradingview.com/chart/?symbol=AMEX%3AESGU,False,,23.922290283290906,25.26501027363086,168.66000366210938,137.39700317382812,145.1939698486328,0.9462741631403977,43.663846133467786,70.15618027529929,False,False,False,False,,
118,SPEM,SPEM,AMEX:SPEM,US,State Street SPDR Portfolio Emerging Markets ETF,17.929,Diversified Emerging Mkts,Long,1056716.35,,https://www.tradingview.com/chart/?symbol=AMEX%3ASPEM,False,,-2.1124125372266884,-2.1124125372266884,52.540000915527344,45.44499969482422,47.32473973083496,0.8907722642538687,44.63810024722485,67.3572330170328,True,False,False,False,,
119,ZSP,ZSP.TO,TSX:ZSP,TSX,BMO S&P 500 Index ETF,17.807,US Equity,Long,102495.6,,https://www.tradingview.com/chart/?symbol=TSX%3AZSP,False,,57.769645324640756,57.769645324640756,120.11000061035156,96.7300033569336,102.25004321289063,0.9995723755240927,37.31033594578128,72.40577394834699,True,False,False,False,,
120,VTWO,VTWO,AMEX:VTWO,US,Vanguard Russell 2000 ETF,17.544,Small Blend,Long,1142010.7,,https://www.tradingview.com/chart/?symbol=AMEX%3AVTWO,True,2026-09-25 13:30,-54.49286437453707,-54.381547489594254,113.87999725341797,96.77999877929688,103.04579949951172,0.6440676651066879,4.012207112787924,71.95176848339679,False,False,False,False,,
121,XEF,XEF.TO,TSX:XEF,TSX,iShares Core MSCI EAFE IMI Index ETF,17.286,Total Market,Long,204264.55,,https://www.tradingview.com/chart/?symbol=TSX%3AXEF,False,,4.89642994788713,9.590416258090128,52.439998626708984,45.130001068115234,47.027440383911134,0.9092040042948573,35.30743145193591,72.38246798737423,True,False,False,False,,
122,DGRW,DGRW,AMEX:DGRW,US,WisdomTree US Quality Dividend Growth Fund,17.282,Large Blend,Long,434898.85,,https://www.tradingview.com/chart/?symbol=AMEX%3ADGRW,False,,-10.394742983914524,-9.941091052331677,98.4800033569336,85.6500015258789,89.1144815979004,0.8739783081973893,48.048036178931675,69.11806027000904,False,False,False,False,,
123,EFG,EFG,AMEX:EFG,US,iShares MSCI EAFE Growth ETF,17.001,Foreign Large Growth,Long,28804.4,,https://www.tradingview.com/chart/?symbol=AMEX%3AEFG,False,,-18.39406096906919,-17.098354015842812,120.91500091552734,107.6500015258789,112.26380044555664,0.6785167516957358,12.169337801823646,66.17768053007244,False,False,False,False,,
124,SPSM,SPSM,AMEX:SPSM,US,State Street SPDR Portfolio S&P 600 Small Cap ETF,16.562,Small Blend,Long,1670337.95,,https://www.tradingview.com/chart/?symbol=AMEX%3ASPSM,True,2026-09-25 09:30,-67.95839269783967,-64.30676053968433,53.7599983215332,47.0099983215332,49.71927911376953,0.5879789221423174,3.7586031597323895,74.69673110851022,False,False,False,False,,
125,XIU,XIU.TO,TSX:XIU,TSX,iShares S&P/TSX 60 Index ETF,16.454,Large Cap,Long,3394011.4,,https://www.tradingview.com/chart/?symbol=TSX%3AXIU,False,,-9.537867021684766,-9.537867021684766,53.08000183105469,46.22999954223633,48.276120010375976,0.7900808214048907,42.657752920699444,73.02297000681129,True,False,False,False,,
126,IWY,IWY,AMEX:IWY,US,iShares Russell Top 200 Growth ETF,15.936,Large Growth,Long,316418.15,,https://www.tradingview.com/chart/?symbol=AMEX%3AIWY,False,,47.13281397870957,47.13281397870957,297.1499938964844,239.94000244140625,254.6262850341797,0.9193312125181387,24.96570862479256,50.37084304806044,False,False,False,False,,
127,DFUV,DFUV,AMEX:DFUV,US,Dimensional US Marketwide Value ETF,15.855,Large Value,Long,417935.35,,https://www.tradingview.com/chart/?symbol=AMEX%3ADFUV,True,2026-09-25 09:30,-63.25555044054892,-60.20859565769597,55.96500015258789,47.5099983215332,49.916019149780276,0.8293279961265588,48.01144892550969,81.27835290697591,False,False,False,False,,
128,SCHV,SCHV,AMEX:SCHV,US,Schwab U.S. Large-Cap Value ETF,15.795,Large Value,Long,2839295.5,,https://www.tradingview.com/chart/?symbol=AMEX%3ASCHV,True,2026-09-25 13:30,-54.46006232205148,-54.46006232205148,33.80500030517578,29.90999984741211,31.209180099487305,0.7075385471445905,24.657758425973398,73.76675432211992,True,False,False,False,,
129,IWS,IWS,AMEX:IWS,US,iShares Russell Mid-Cap Value ETF,15.674,Mid-Cap Value,Long,325583.65,,https://www.tradingview.com/chart/?symbol=AMEX%3AIWS,True,2026-09-25 13:30,-67.07521894060486,-67.04631175757397,163.1699981689453,142.3300018310547,149.65898010253906,0.6710675013020705,29.545106728203674,78.80256677572208,False,False,False,False,,
130,DFAS,DFAS,AMEX:DFAS,US,Dimensional U.S. Small Cap ETF,15.668,Small Blend,Long,419337.1,,https://www.tradingview.com/chart/?symbol=AMEX%3ADFAS,True,2026-09-25 09:30,-70.75437964900813,-67.54934136156447,78.63999938964844,69.19999694824219,72.80607846069336,0.6178009477821089,14.499189150524336,72.45502374391936,False,False,False,False,,
131,DFIC,DFIC,AMEX:DFIC,US,Dimensional International Core Equity 2 ETF,15.558,Foreign Large Blend,Long,1212764.65,,https://www.tradingview.com/chart/?symbol=AMEX%3ADFIC,True,2026-09-25 09:30,-63.661662423335834,-58.00206342444284,38.29999923706055,34.279998779296875,35.53433935546875,0.7563496916663796,52.8044172750092,69.07110402982629,False,False,False,False,,
132,HDV,HDV,AMEX:HDV,US,iShares Core High Dividend ETF,15.521,Large Value,Long,3980489.25,,https://www.tradingview.com/chart/?symbol=AMEX%3AHDV,False,,-65.58084696332025,-65.58084696332025,28.290000915527344,26.417999267578125,27.244471458435058,0.5345520318813631,59.05697800876058,67.36507552482026,False,False,False,False,,
133,CIBR,CIBR,AMEX:CIBR,US,First Trust NASDAQ Cybersecurity ETF,15.231,Technology,Long,1638809.45,,https://www.tradingview.com/chart/?symbol=AMEX%3ACIBR,False,,42.70334392754152,42.70334392754152,100.77999877929688,60.599998474121094,70.83531912231444,0.9264468010286753,51.729647705994694,56.89938104965909,False,False,False,False,,
134,GSLC,GSLC,AMEX:GSLC,US,TR Activebeta US Large Cap Equity ETF,15.153,Large Blend,Long,196846.9,,https://www.tradingview.com/chart/?symbol=AMEX%3AGSLC,False,,11.492432525494644,11.492432525494644,146.66000366210938,121.63500213623047,128.03178292846678,0.9232613328371858,45.06193528417554,67.37273509696735,False,False,False,False,,
135,SCHM,SCHM,AMEX:SCHM,US,Schwab U.S. Mid-Cap ETF,15.025,Mid-Cap Blend,Long,1542884.6,,https://www.tradingview.com/chart/?symbol=AMEX%3ASCHM,False,,-42.29646446534618,-42.29646446534618,34.53499984741211,29.975000381469727,31.59986043548584,0.6623092686059291,5.6667483255059325,70.60038876991364,False,False,False,False,,
136,DFAT,DFAT,AMEX:DFAT,US,Dimensional U.S. Targeted Value ETF,14.897,Small Value,Long,271444.8,,https://www.tradingview.com/chart/?symbol=AMEX%3ADFAT,True,2026-09-25 09:30,-75.15522555931992,-70.18133416330532,67.95999908447266,60.29499816894531,63.23909780883789,0.6144290062582448,24.69441234466952,73.18622419675667,False,False,False,False,,
137,IWO,IWO,AMEX:IWO,US,iShares Russell 2000 Growth ETF,14.704,Small Growth,Long,382951.95,,https://www.tradingview.com/chart/?symbol=AMEX%3AIWO,False,,-38.122017463832684,-38.122017463832684,360.04998779296875,301.0299987792969,323.3319987792969,0.6245501482928241,-9.066380205054914,69.02517149712028,False,False,False,False,,
138,AVUS,AVUS,AMEX:AVUS,US,Avantis U.S. Equity ETF,14.626,Large Blend,Long,281214.5,,https://www.tradingview.com/chart/?symbol=AMEX%3AAVUS,False,,3.2020444066874965,4.807320832251162,129.75,108.0801010131836,113.83375875854492,0.8888426088624617,39.23236191835121,73.30925834509763,False,False,False,False,,
139,IWN,IWN,AMEX:IWN,US,iShares Russell 2000 Value ETF,14.61,Small Value,Long,389647.5,,https://www.tradingview.com/chart/?symbol=AMEX%3AIWN,True,2026-09-25 09:30,-68.51166835968871,-66.63551460922763,213.57000732421875,183.33999633789062,193.75467749023437,0.685021700464437,18.826461968097306,73.96781899824859,False,False,False,False,,
140,XLP,XLP,AMEX:XLP,US,State Street Consumer Staples Select Sector SPDR ETF,14.575,Consumer Defensive,Long,9355049.05,,https://www.tradingview.com/chart/?symbol=AMEX%3AXLP,True,2026-09-25 13:30,-61.972590394232775,-61.972590394232775,82.08000183105469,81.03500366210938,82.55720294189453,0.16201529664755965,6.606631023178998,57.387050687324006,False,True,False,False,,
141,BAI,BAI,AMEX:BAI,US,iShares A.I. Innovation and Tech Active ETF,14.422,Technology,Long,2517037.0,,https://www.tradingview.com/chart/?symbol=AMEX%3ABAI,False,,51.38103873811823,51.38103873811823,47.5,31.17259979248047,36.61650663757324,0.7078127085234764,-1.4510771987353845,,False,False,False,False,,
142,QQQI,QQQI,AMEX:QQQI,US,NEOS Nasdaq 100 High Income ETF,14.379,Derivative Income,Long,3876140.85,,https://www.tradingview.com/chart/?symbol=AMEX%3AQQQI,False,,46.32870040700624,46.53092741553831,55.75899887084961,48.11000061035156,50.3744208984375,0.7971857516801364,34.996630349519165,,False,False,False,False,,
143,PVAL,PVAL,AMEX:PVAL,US,Putnam Focused Large Cap Value ETF,14.243,Large Value,Long,1432213.15,,https://www.tradingview.com/chart/?symbol=AMEX%3APVAL,True,2026-09-25 09:30,-60.1065861311184,-52.625515389998064,53.474998474121094,45.470001220703125,47.61757745361328,0.8796797631004861,49.401805292360486,76.69662839180064,False,False,False,False,,
144,QLD,QLD,AMEX:QLD,US,ProShares Ultra QQQ,14.233,Trading--Leveraged Equity,2X Long,3432575.85,,https://www.tradingview.com/chart/?symbol=AMEX%3AQLD,False,,50.75036331767779,50.75036331767779,96.91000366210938,57.15999984741211,67.39531959533691,0.91653227562046,17.253070203548134,67.32671254636433,False,False,False,False,,
145,SPTM,SPTM,AMEX:SPTM,US,State Street SPDR Portfolio S&P 1500 Composite Stock Market ETF,14.221,Large Blend,Long,471068.05,,https://www.tradingview.com/chart/?symbol=AMEX%3ASPTM,False,,16.702962812660097,18.257920642990236,93.16999816894531,76.86000061035156,81.00534118652344,0.9285508278749761,42.67694940435072,70.20492382024885,False,False,False,False,,
146,IGV,IGV,AMEX:IGV,US,iShares Expanded Tech-Software Sector ETF,14.212,Technology,Long,11730524.1,,https://www.tradingview.com/chart/?symbol=AMEX%3AIGV,False,,39.3061436006389,39.3061436006389,105.9800033569336,74.45500183105469,82.88374096679688,0.8826824795844517,56.23633347658529,-0.0290608090231436,False,False,False,False,,
147,IQLT,IQLT,AMEX:IQLT,US,iShares MSCI Intl Quality Factor ETF,14.12,Foreign Large Blend,Long,1149645.85,,https://www.tradingview.com/chart/?symbol=AMEX%3AIQLT,False,,-31.006693632411892,-30.946084989343614,50.1349983215332,44.560001373291016,46.396081085205076,0.716580697040422,42.07294109156877,73.05553294878821,False,False,False,False,,
148,PAVE,PAVE,AMEX:PAVE,US,Global X U.S. Infrastructure Development ETF,13.906,Infrastructure,Long,1337193.15,,https://www.tradingview.com/chart/?symbol=AMEX%3APAVE,False,,-4.685421987728257,3.5095300829471934,53.474998474121094,49.029998779296875,51.6023991394043,0.4077980800526358,-31.34624540174765,64.5417355334428,False,False,False,False,,
149,MGV,MGV,AMEX:MGV,US,Vanguard Morningstar Mega Cap Value ETF,13.851,Large Value,Long,282850.65,,https://www.tradingview.com/chart/?symbol=AMEX%3AMGV,False,,-51.381957572041436,-49.08192016362681,164.60000610351562,142.67999267578125,148.88443469238283,0.8337773413150298,40.44776632685858,78.92534527021478,False,False,False,False,,
150,VFH,VFH,AMEX:VFH,US,Vanguard Financials ETF,13.63,Financial,Long,498169.65,,https://www.tradingview.com/chart/?symbol=AMEX%3AVFH,False,,-77.82287182574902,-70.20371903511982,133.64999389648438,117.0,123.13953985595703,0.640015156145248,39.50390316763587,55.75298725208588,False,False,False,False,,
151,AMLP,AMLP,AMEX:AMLP,US,Alerian MLP ETF,13.594,Energy Limited Partnership,Long,1149814.1,,https://www.tradingview.com/chart/?symbol=AMEX%3AAMLP,False,,-77.46536150893508,-77.44102473306286,53.02000045776367,50.369998931884766,51.738798751831055,0.45689687490751,56.70610449012923,75.36228816550597,False,False,False,False,,
152,ESGV,ESGV,AMEX:ESGV,US,Vanguard ESG U.S. Stock ETF,13.535,Large Blend,Long,56725.9,,https://www.tradingview.com/chart/?symbol=AMEX%3AESGV,False,,24.476792554562618,26.059891841129332,137.1199951171875,108.62999725341797,115.51647732543945,0.9763535834753277,46.12640068453191,67.50344632257158,False,False,False,False,,
153,ZCN,ZCN.TO,TSX:ZCN,TSX,BMO S&P/TSX Capped Composite Index ETF,13.496,Total Market,Long,242974.3,,https://www.tradingview.com/chart/?symbol=TSX%3AZCN,False,,-8.231857371666285,-8.231857371666285,48.060001373291016,42.0099983215332,43.789438537597654,0.8023875752188392,46.13054571948927,70.88083327909008,True,False,False,False,,
154,ITA,ITA,AMEX:ITA,US,iShares U.S. Aerospace & Defense ETF,13.377,Industrials,Long,110026.75,,https://www.tradingview.com/chart/?symbol=AMEX%3AITA,False,,-39.60141956001832,-39.60141956001832,213.8000030517578,210.64999389648438,220.70595404052733,0.07392652218146607,-21.446426321259242,57.14367516652853,False,True,False,False,,
155,SCZ,SCZ,AMEX:SCZ,US,iShares MSCI EAFE Small-Cap ETF,13.125,Foreign Small/Mid Blend,Long,1017203.35,,https://www.tradingview.com/chart/?symbol=AMEX%3ASCZ,False,,-28.86867814828882,-27.947692749878588,85.3499984741211,75.91000366210938,78.66176272583007,0.809605319377949,47.91426141907008,66.90286456879761,False,False,False,False,,
156,SCHE,SCHE,AMEX:SCHE,US,Schwab Emerging Markets Equity ETF,13.075,Diversified Emerging Mkts,Long,2827658.3,,https://www.tradingview.com/chart/?symbol=AMEX%3ASCHE,False,,-1.8546974500910804,-1.8546974500910804,36.940101623535156,31.875,33.22492028808594,0.8855070878660641,48.831670089656065,66.68188668410072,False,False,False,False,,
157,VCN,VCN.TO,TSX:VCN,TSX,Vanguard FTSE Canada All Cap Index ETF,13.034,Total Market,Long,151641.95,,https://www.tradingview.com/chart/?symbol=TSX%3AVCN,False,,-21.320703610995547,-21.320703610995547,72.6500015258789,63.439998626708984,66.22479844665527,0.7805087707331234,47.14053290743584,70.8944482949018,True,False,False,False,,
158,DFAU,DFAU,AMEX:DFAU,US,Dimensional US Core Equity Market ETF,12.886,Large Blend,Long,477635.2,,https://www.tradingview.com/chart/?symbol=AMEX%3ADFAU,False,,6.741109198568528,8.20960738852719,53.0,43.86000061035156,46.21646075439453,0.9153729425086762,42.25221558666482,70.39508740336173,False,False,False,False,,
159,DUHP,DUHP,AMEX:DUHP,US,Dimensional US High Profitability ETF,12.821,Large Blend,Long,622546.9,,https://www.tradingview.com/chart/?symbol=AMEX%3ADUHP,False,,31.27127331461415,33.960734743362444,42.38999938964844,35.82500076293945,37.48762033081055,0.9318666193055679,37.49361431491479,69.66556029250756,False,False,False,False,,
160,DFAX,DFAX,AMEX:DFAX,US,Dimensional World ex U.S. Core Equity 2 ETF,12.708,Foreign Large Blend,Long,575785.5,,https://www.tradingview.com/chart/?symbol=AMEX%3ADFAX,False,,-29.73398546064631,-28.80432065150572,37.63999938964844,32.959999084472656,34.305199264526365,0.8210525752214699,46.89175751846684,71.19552257089047,False,False,False,False,,
161,ACWX,ACWX,AMEX:ACWX,US,iShares MSCI ACWI ex U.S. ETF,12.631,Foreign Large Blend,Long,1787123.55,,https://www.tradingview.com/chart/?symbol=AMEX%3AACWX,False,,-11.170292244825577,-10.777617459382286,76.9000015258789,66.30000305175781,69.18392153930664,0.8674307719490366,45.20130679173951,72.46282663056027,False,False,False,False,,
162,ESGD,ESGD,AMEX:ESGD,US,iShares ESG Aware MSCI EAFE ETF,12.275,Foreign Large Blend,Long,284110.2,,https://www.tradingview.com/chart/?symbol=AMEX%3AESGD,False,,-32.0950375781117,-28.22767923565794,104.71499633789062,92.20500183105469,95.89722103881836,0.7996163113515369,42.357632811243434,70.53290877772058,False,False,False,False,,
163,EWT,EWT,AMEX:EWT,US,iShares MSCI Taiwan ETF,12.142,Greater China Region,Long,3666142.5,,https://www.tradingview.com/chart/?symbol=AMEX%3AEWT,False,,33.601320553547666,36.50792856290659,114.77999877929688,68.93499755859375,79.95737799072265,0.9815865415558181,54.89179362006906,89.03706378770437,False,False,False,False,,
164,VSS,VSS,AMEX:VSS,US,Vanguard FTSE All-World ex-US Small-Cap ETF,12.121,Foreign Small/Mid Blend,Long,262643.45,,https://www.tradingview.com/chart/?symbol=AMEX%3AVSS,False,,-18.484035979936714,-18.484035979936714,157.44000244140625,141.52999877929688,146.500158203125,0.755460850260979,24.203069297081612,61.67073745036473,False,False,False,False,,
165,MOAT,MOAT,AMEX:MOAT,US,VanEck Morningstar Wide Moat ETF,12.073,Large Blend,Long,133553.45,,https://www.tradingview.com/chart/?symbol=AMEX%3AMOAT,False,,-47.76149773452852,-47.76149773452852,107.68000030517578,94.29000091552734,99.26488134765626,0.6351991568578769,46.88558989231107,60.489203604896,False,False,False,False,,
166,CGUS,CGUS,AMEX:CGUS,US,Capital Group Core Equity ETF,12.049,Large Blend,Long,1304013.5,,https://www.tradingview.com/chart/?symbol=AMEX%3ACGUS,False,,14.684502208762533,19.15854396327813,44.90999984741211,37.36000061035156,39.50052053833008,0.8324144973641997,25.721547906601057,69.55735017658226,False,False,False,False,,
167,CGGO,CGGO,AMEX:CGGO,US,Capital Group Global Growth Equity ETF,12.022,Global Large-Stock Growth,Long,1058514.3,,https://www.tradingview.com/chart/?symbol=AMEX%3ACGGO,False,,20.234907210347203,22.47332988168199,40.27000045776367,32.099998474121094,34.580358978271484,0.7773549308309505,4.813458850296283,72.15782649245398,False,False,False,False,,
168,GRID,GRID,AMEX:GRID,US,First Trust Nasdaq Clean Edge Smart GRID Infrastructure Index,11.931,Infrastructure,Long,555452.0,,https://www.tradingview.com/chart/?symbol=AMEX%3AGRID,False,,11.98930613209548,11.98930613209548,179.57000732421875,157.625,167.53909942626953,0.5223895288756836,-27.22067539607264,64.92710917290258,False,False,False,False,,
169,SPYI,SPYI,AMEX:SPYI,US,NEOS S&P 500 High Income ETF,11.836,Derivative Income,Long,2265085.15,,https://www.tradingview.com/chart/?symbol=AMEX%3ASPYI,False,,11.634651473883189,16.013039677010898,53.63999938964844,47.97999954223633,49.49747961425781,0.8802487680842153,55.44985423921141,69.57037209446042,False,False,False,False,,
170,XSP,XSP.TO,TSX:XSP,TSX,iShares Core S&P 500 Index ETF (CAD-Hedged),11.729,US Equity,Long,114496.1,,https://www.tradingview.com/chart/?symbol=TSX%3AXSP,False,,25.682039520251475,27.236370413453244,77.63999938964844,64.23999786376953,67.55107757568359,0.9550964142386374,42.23321913209372,67.38559205395802,True,False,False,False,,
171,PBUS,PBUS,AMEX:PBUS,US,Invesco MSCI USA ETF,11.719,Large Blend,Long,161187.85,,https://www.tradingview.com/chart/?symbol=AMEX%3APBUS,False,,22.49562550684844,23.750733153785333,77.37000274658203,63.310001373291016,66.7862812652588,0.954514718956767,45.7727852769556,69.68927107424349,False,False,False,False,,
172,NOBL,NOBL,AMEX:NOBL,US,ProShares S&P 500 Dividend Aristocrats ETF,11.577,Large Value,Long,119721.65,,https://www.tradingview.com/chart/?symbol=AMEX%3ANOBL,True,2026-09-25 13:30,-72.37779516191499,-72.314140936977,54.96500015258789,52.084999084472656,53.74053894042969,0.4105490119307862,25.071931900633647,70.21226282856516,False,False,False,False,,
173,SDVY,SDVY,AMEX:SDVY,US,First Trust SMID Cap Rising Dividend Achievers ETF,11.559,Small Value,Long,828009.0,,https://www.tradingview.com/chart/?symbol=AMEX%3ASDVY,True,2026-09-25 09:30,-73.66180905512734,-70.77109246520786,41.310001373291016,38.5099983215332,40.02511878967285,0.4361374122456498,8.58725770902942,66.56112872416543,False,False,False,False,,
174,FENI,FENI,AMEX:FENI,US,Fidelity Enhanced International ETF,11.465,Foreign Large Blend,Long,1074497.55,,https://www.tradingview.com/chart/?symbol=AMEX%3AFENI,False,,-44.768213452445856,-38.711629760044616,40.51499938964844,35.91999816894531,37.35605885314941,0.755135420121155,40.222952381708446,,False,False,False,False,,
175,BBCA,BBCA,AMEX:BBCA,US,JPMorgan BetaBuilders Canada ETF,11.394,Focused Region,Long,75418.3,,https://www.tradingview.com/chart/?symbol=AMEX%3ABBCA,True,2026-09-25 13:30,-61.58644153490108,-61.58644153490108,102.45999908447266,91.52999877929688,95.38859841918945,0.6685016101057056,50.00500892848945,70.32298896439848,False,False,False,False,,
176,JIRE,JIRE,AMEX:JIRE,US,JPMorgan International Research Enhanced Equity ETF,11.293,Foreign Large Blend,Long,343991.4,,https://www.tradingview.com/chart/?symbol=AMEX%3AJIRE,False,,-38.943463504117595,-33.324727423379436,83.19999694824219,72.87000274658203,75.95806253051758,0.7894531849007362,37.63441378228398,69.37196094326846,False,False,False,False,,
177,VFLO,VFLO,AMEX:VFLO,US,VictoryShares Free Cash Flow ETF,11.269,Mid-Cap Value,Long,2255343.8,,https://www.tradingview.com/chart/?symbol=AMEX%3AVFLO,True,2026-09-25 13:30,-69.95081602938522,-69.37402033325188,51.599998474121094,38.628700256347656,42.766086959838866,0.7398937055633225,67.8102380309514,,False,False,False,False,,
178,SCHH,SCHH,AMEX:SCHH,US,Schwab U.S. REIT ETF,11.197,Real Estate,Long,5052361.6,,https://www.tradingview.com/chart/?symbol=AMEX%3ASCHH,True,2026-09-25 13:30,-79.82428905204358,-79.82428905204358,22.315000534057617,21.09000015258789,22.00450015258789,0.31612913070186494,-22.5510453410332,80.03791595309994,False,False,False,False,,
179,XLG,XLG,AMEX:XLG,US,Invesco S&P 500 Top 50 ETF,11.186,Large Blend,Long,1139683.45,,https://www.tradingview.com/chart/?symbol=AMEX%3AXLG,False,,39.92358663084989,41.70498692156654,64.28500366210938,52.83000183105469,55.605360534667966,0.9740652365437789,39.19643836077669,57.09151865636477,False,False,False,False,,
180,XBI,XBI,AMEX:XBI,US,State Street SPDR S&P Biotech ETF,10.998,Health,Long,8055291.35,,https://www.tradingview.com/chart/?symbol=AMEX%3AXBI,False,,-21.667157309135135,-21.667157309135135,155.02999877929688,118.62000274658203,130.6442038269043,0.7146220365345392,50.16282871874083,72.3834306594493,False,False,False,False,,
181,VDE,VDE,AMEX:VDE,US,Vanguard Energy ETF,10.926,Equity Energy,Long,458027.3,,https://www.tradingview.com/chart/?symbol=AMEX%3AVDE,False,,-64.1672666092215,-57.895373541872125,173.75,149.33999633789062,157.89499633789063,0.6733794113685345,58.31884632252368,79.03900400587635,False,False,False,False,,
182,ONEQ,ONEQ,AMEX:ONEQ,US,Fidelity Nasdaq Composite Index ETF,10.809,Large Growth,Long,185141.3,,https://www.tradingview.com/chart/?symbol=AMEX%3AONEQ,False,,41.255356463418295,41.255356463418295,106.58000183105469,81.83000183105469,87.8456413269043,0.9709690888275305,37.480918408924026,65.71915489220497,False,False,False,False,,
183,IJK,IJK,AMEX:IJK,US,iShares S&P Mid-Cap 400 Growth ETF,10.748,Mid-Cap Growth,Long,197416.65,,https://www.tradingview.com/chart/?symbol=AMEX%3AIJK,False,,-1.4758169477474414,-1.4758169477474414,110.58000183105469,97.19999694824219,102.38845709228515,0.6085969757268312,-5.339662658135539,72.18857041812693,False,False,False,False,,
184,IBB,IBB,AMEX:IBB,US,iShares Biotechnology ETF,10.734,Health,Long,1531582.5,,https://www.tradingview.com/chart/?symbol=AMEX%3AIBB,False,,28.57157164613517,35.32460118660978,209.6699981689453,160.4199981689453,173.7752373046875,0.870295161461673,66.4954145742572,68.9989044642869,False,False,False,False,,
185,IGM,IGM,AMEX:IGM,US,iShares Expanded Tech Sector ETF,10.682,Technology,Long,248038.6,,https://www.tradingview.com/chart/?symbol=AMEX%3AIGM,False,,55.558192572203644,55.558192572203644,169.91990661621094,113.37999725341797,126.96887948608398,0.9819364375344419,41.06354077147085,72.47994628607798,False,False,False,False,,
186,FNDE,FNDE,AMEX:FNDE,US,Schwab Fundamental Emerging Markets Equity ETF,10.536,Diversified Emerging Mkts,Long,1551985.35,,https://www.tradingview.com/chart/?symbol=AMEX%3AFNDE,False,,-21.302539748719337,-21.302539748719337,42.11000061035156,36.71500015258789,38.21596029663086,0.8482704308208316,65.14080830788775,68.90507089666694,False,False,False,False,,
187,IGF,IGF,AMEX:IGF,US,iShares Global Infrastructure ETF,10.522,Infrastructure,Long,660418.7,,https://www.tradingview.com/chart/?symbol=AMEX%3AIGF,True,2026-09-25 13:30,-73.88486897535124,-73.32896779076238,62.3650016784668,62.130001068115234,63.82920124816894,0.032638970201389506,-56.30200530419987,54.88249258225451,False,True,False,False,,"NEAR: 4h+band ok, weekly shallow"
188,FDVV,FDVV,AMEX:FDVV,US,Fidelity High Dividend ETF,10.517,Large Value,Long,687722.3,,https://www.tradingview.com/chart/?symbol=AMEX%3AFDVV,True,2026-09-25 09:30,-74.07093515598034,-70.65554067028084,61.689998626708984,53.880001068115234,56.34384074401856,0.7480841557405172,37.33455667434833,70.76900064423009,False,False,False,False,,
189,MGC,MGC,AMEX:MGC,US,Vanguard Morningstar Mega Cap ETF,10.391,Large Blend,Long,66729.4,,https://www.tradingview.com/chart/?symbol=AMEX%3AMGC,False,,36.41374881877096,37.95673168185189,286.19000244140625,229.30999755859375,242.87999755859374,0.9892174762228261,50.702178378856495,68.5724958634007,False,False,False,False,,
190,DFAE,DFAE,AMEX:DFAE,US,Dimensional Emerging Core Equity Market ETF,10.165,Diversified Emerging Mkts,Long,801425.65,,https://www.tradingview.com/chart/?symbol=AMEX%3ADFAE,False,,-4.035861793168805,-4.035861793168805,39.939998626708984,32.69499969482422,34.8921600189209,0.7781952592047484,35.75503704808176,73.81419515962068,False,False,False,False,,
191,AIQ,AIQ,AMEX:AIQ,US,Global X Artificial Intelligence & Technology ETF,10.143,Technology,Long,1092338.55,,https://www.tradingview.com/chart/?symbol=AMEX%3AAIQ,False,,44.819114238508554,44.819114238508554,65.95999908447266,44.779998779296875,50.76259841918945,0.8355030209093577,34.025854903496565,73.1977632483872,False,False,False,False,,
192,PRF,PRF,AMEX:PRF,US,Invesco RAFI US 1000 ETF,10.054,Large Value,Long,263684.7,,https://www.tradingview.com/chart/?symbol=AMEX%3APRF,True,2026-09-25 09:30,-65.91576820315234,-61.98157266758943,55.33000183105469,46.53969955444336,48.89741017150879,0.8798837831346555,46.76453944508061,77.85441494213326,False,False,False,False,,
193,RWL,RWL,AMEX:RWL,US,Invesco S&P 500 Revenue ETF,10.001,Large Value,Long,231502.25,,https://www.tradingview.com/chart/?symbol=AMEX%3ARWL,True,2026-09-25 09:30,-74.10490141278093,-70.40010528460509,130.8800048828125,112.55000305175781,118.04408276367188,0.7873712539605343,44.29901754567581,76.64933053392359,False,False,False,False,,
194,JGRO,JGRO,AMEX:JGRO,US,JPMorgan Active Growth ETF,9.973,Large Growth,Long,485607.55,,https://www.tradingview.com/chart/?symbol=AMEX%3AJGRO,False,,49.17088777104545,49.17088777104545,97.16999816894531,81.54000091552734,85.78210055541992,0.869540950221539,0.04516314199701613,43.40958814916337,False,False,False,False,,
195,ZEA,ZEA.TO,TSX:ZEA,TSX,BMO MSCI EAFE Index ETF,9.918,Total Market,Long,55692.85,,https://www.tradingview.com/chart/?symbol=TSX%3AZEA,False,,5.444032242562315,8.752661078398825,31.920000076293945,27.450000762939453,28.615840438842774,0.9048584121434049,32.96544360470056,72.69361569533436,True,False,False,False,,
196,EZU,EZU,AMEX:EZU,US,iShares MSCI Eurozone ETF,9.906,Europe Stock,Long,817469.75,,https://www.tradingview.com/chart/?symbol=AMEX%3AEZU,False,,-31.198114578451037,-24.81935654323352,68.72000122070312,60.244998931884766,63.015639328002926,0.7218910627894531,28.05595646351121,67.11157404787109,False,False,False,False,,
197,VLUE,VLUE,AMEX:VLUE,US,iShares MSCI USA Value Factor ETF,9.815,Large Value,Long,290951.9,,https://www.tradingview.com/chart/?symbol=AMEX%3AVLUE,False,,0.379878513064215,1.414745685832805,201.5500030517578,138.5,154.312,0.941044821668027,47.85592237715381,90.51042121468997,False,False,False,False,,
198,DFEM,DFEM,AMEX:DFEM,US,Dimensional Emerging Markets Core Equity 2 ETF,9.656,Diversified Emerging Mkts,Long,780231.8,,https://www.tradingview.com/chart/?symbol=AMEX%3ADFEM,False,,-8.083208009937609,-8.083208009937609,40.22999954223633,33.40999984741211,35.535180099487306,0.7573569001532233,34.18057371609748,72.95640226160289,False,False,False,False,,
199,GDXJ,GDXJ,AMEX:GDXJ,US,VanEck Junior Gold Miners ETF,9.635,Equity Precious Metals,Long,4505808.75,,https://www.tradingview.com/chart/?symbol=AMEX%3AGDXJ,False,,-30.574586533406716,-30.574586533406716,121.18000030517578,91.69499969482422,102.11793991088867,0.6676100984747257,26.253588539566753,42.602511908714064,False,False,False,False,,
200,IXN,IXN,AMEX:IXN,US,iShares Global Tech ETF,9.474,Technology,Long,461190.2,,https://www.tradingview.com/chart/?symbol=AMEX%3AIXN,False,,49.303850758963954,49.566867919665775,148.9600067138672,95.80999755859375,108.54219683837891,0.9851716804778278,44.25097940542198,79.19225695158613,False,False,False,False,,
201,BBEU,BBEU,AMEX:BBEU,US,JPMorgan BetaBuilders Europe ETF,9.446,Europe Stock,Long,100846.45,,https://www.tradingview.com/chart/?symbol=AMEX%3ABBEU,False,,-53.0176139956641,-47.60948789308807,77.30999755859375,69.77999877929688,72.49399877929687,0.6547825025475543,30.16422818729555,67.26163277253862,False,False,False,False,,
202,AIRR,AIRR,AMEX:AIRR,US,First Trust RBA American Industrial Renaissance ETF,9.432,Industrials,Long,721053.35,,https://www.tradingview.com/chart/?symbol=AMEX%3AAIRR,False,,-52.4133320013926,-52.4133320013926,105.02999877929688,104.3949966430664,111.22129916381836,0.021953393318683845,-60.701326309774856,57.16778100372807,False,True,True,False,,
203,DBEF,DBEF,AMEX:DBEF,US,Xtrackers MSCI EAFE Hedged Equity ETF,9.372,Foreign Large Blend,Long,396183.65,,https://www.tradingview.com/chart/?symbol=AMEX%3ADBEF,False,,7.35825561909157,9.989533792756836,55.439998626708984,47.525001525878906,49.68322073364258,0.8655002740576296,37.37236936197579,74.49196813204526,False,False,False,False,,
204,IEUR,IEUR,AMEX:IEUR,US,iShares Core MSCI Europe ETF,9.323,Europe Stock,Long,1056704.55,,https://www.tradingview.com/chart/?symbol=AMEX%3AIEUR,False,,-36.79289494682491,-33.45914551546803,75.26000213623047,67.51000213623047,70.16972134399414,0.6876665757276867,31.526606671835747,67.25187544874764,False,False,False,False,,
205,BBUS,BBUS,AMEX:BBUS,US,JPMorgan BetaBuilders U.S. Equity ETF,9.236,Large Blend,Long,140946.15,,https://www.tradingview.com/chart/?symbol=AMEX%3ABBUS,False,,19.588581313679207,20.73781706716751,139.22000122070312,113.88999938964844,120.14872039794922,0.9551281202981562,46.62484770679469,69.31764606256787,False,False,False,False,,
206,FNDA,FNDA,AMEX:FNDA,US,Schwab Fundamental U.S. Small Company ETF,9.145,Small Blend,Long,1164911.75,,https://www.tradingview.com/chart/?symbol=AMEX%3AFNDA,True,2026-09-25 09:30,-63.17239356660604,-61.638857259642556,35.540000915527344,31.610000610351562,33.24548068237305,0.5670995861631634,-2.4576879645264413,70.7775457560063,False,False,False,False,,
207,VIGI,VIGI,AMEX:VIGI,US,Vanguard International Dividend Appreciation ETF,9.145,Foreign Large Growth,Long,236288.8,,https://www.tradingview.com/chart/?symbol=AMEX%3AVIGI,True,2026-09-25 09:30,-65.38396125910224,-59.21415011943838,96.02999877929688,85.4800033569336,88.89256314086914,0.7295986231210768,44.84270521818423,70.92033827178511,False,False,False,False,,
208,IOO,IOO,AMEX:IOO,US,iShares Global 100 ETF,9.128,Global Large-Stock Blend,Long,257884.7,,https://www.tradingview.com/chart/?symbol=AMEX%3AIOO,False,,13.412718017775177,15.66632559965374,145.52000427246094,117.01000213623047,123.89648220825195,0.9770391308451607,49.63555953966155,70.14793835861221,False,False,False,False,,
209,SSO,SSO,AMEX:SSO,US,ProShares Ultra S&P 500,9.115,Trading--Leveraged Equity,2X Long,2811804.4,,https://www.tradingview.com/chart/?symbol=AMEX%3ASSO,False,,21.159527893827324,22.098423822620934,70.95999908447266,49.064998626708984,54.59801945495605,0.9338877022932274,41.0651505297792,68.19389664242644,False,False,False,False,,
210,IJJ,IJJ,AMEX:IJJ,US,iShares S&P Mid-Cap 400 Value ETF,8.87,Mid-Cap Value,Long,118020.7,,https://www.tradingview.com/chart/?symbol=AMEX%3AIJJ,True,2026-09-25 09:30,-67.04986749856704,-65.04312582629747,140.57000732421875,128.19500732421875,133.72802545166016,0.5278312726856194,4.5065733326167425,70.04445112715325,False,False,False,False,,
211,JQUA,JQUA,AMEX:JQUA,US,JPMorgan U.S. Quality Factor ETF,8.799,Large Blend,Long,529272.05,,https://www.tradingview.com/chart/?symbol=AMEX%3AJQUA,False,,29.66470253231459,29.66470253231459,74.30500030517578,59.93000030517578,63.60215972900391,0.9238433326141958,46.63595342239035,79.42883161239773,False,False,False,False,,
212,TCAF,TCAF,AMEX:TCAF,US,T. Rowe Price Capital Appreciation Equity ETF,8.775,Large Blend,Long,555420.85,,https://www.tradingview.com/chart/?symbol=AMEX%3ATCAF,False,,9.594035554511214,10.849300851175514,42.720001220703125,34.54499816894531,36.54391845703125,0.9651714136446342,48.77884343033538,,False,False,False,False,,
213,VPL,VPL,AMEX:VPL,US,Vanguard FTSE Pacific ETF,8.773,Focused Region,Long,410883.2,,https://www.tradingview.com/chart/?symbol=AMEX%3AVPL,False,,-6.1655475070951296,-5.514432707436349,117.41999816894531,94.41000366210938,100.6545400390625,0.8696175946152302,42.26558406275267,77.98133786943241,False,False,False,False,,
214,VONE,VONE,AMEX:VONE,US,Vanguard Russell 1000 ETF,8.749,Large Blend,Long,75694.65,,https://www.tradingview.com/chart/?symbol=AMEX%3AVONE,False,,15.163686908448234,15.540743068666925,348.3699951171875,286.67999267578125,302.1875578613281,0.9388218203164984,45.3381908471404,69.61782835472762,False,False,False,False,,
215,IDV,IDV,AMEX:IDV,US,iShares International Select Dividend ETF,8.744,Foreign Large Value,Long,566816.45,,https://www.tradingview.com/chart/?symbol=AMEX%3AIDV,False,,-76.36369158525834,-66.55053074737937,43.25,40.790000915527344,41.86852084350586,0.5382930522421573,45.74053894263699,67.83980622148913,False,False,False,False,,
216,XLB,XLB,AMEX:XLB,US,State Street Materials Select Sector SPDR ETF,8.723,Natural Resources,Long,10776782.05,,https://www.tradingview.com/chart/?symbol=AMEX%3AXLB,False,,-53.67907077074026,-53.67907077074026,49.790000915527344,46.9900016784668,48.577101318359375,0.4163568583450847,18.01650876292854,60.295125718812464,False,False,False,False,,
217,EWZ,EWZ,AMEX:EWZ,US,iShares MSCI Brazil ETF,8.618,Focused Region,Long,25141111.9,,https://www.tradingview.com/chart/?symbol=AMEX%3AEWZ,False,,-47.21473338349717,-47.21473338349717,36.83000183105469,33.51499938964844,35.474979461669925,0.39915741355726364,30.192535841889892,52.474326769192594,False,False,False,False,,
218,DFSV,DFSV,AMEX:DFSV,US,Dimensional US Small Cap Value ETF,8.608,Small Value,Long,837131.8,,https://www.tradingview.com/chart/?symbol=AMEX%3ADFSV,False,,-77.16975910155911,-71.13588204923916,38.380001068115234,33.779998779296875,35.45205946350097,0.6492590552584382,32.80600955637149,73.23624451310322,False,False,False,False,,
219,FELC,FELC,AMEX:FELC,US,Fidelity Enhanced Large Cap Core ETF,8.565,Large Blend,Long,632209.2,,https://www.tradingview.com/chart/?symbol=AMEX%3AFELC,False,,12.000554314835975,14.22606431904203,43.79999923706055,35.2400016784668,37.358101318359374,0.9537603358124265,49.88629394991599,,False,False,False,False,,
220,CORO,CORO,AMEX:CORO,US,iShares International Country Rotation Active ETF,8.507,Foreign Large Blend,Long,722265.1,,https://www.tradingview.com/chart/?symbol=AMEX%3ACORO,False,,-9.559180472247332,-9.345924288058354,36.79999923706055,31.1200008392334,32.636583793640135,0.8838815034760694,47.58271377423466,,False,False,False,False,,
221,VIU,VIU.TO,TSX:VIU,TSX,Vanguard FTSE Developed All Cap Ex North America Index ETF,8.37,Total Market,Long,161707.7,,https://www.tradingview.com/chart/?symbol=TSX%3AVIU,False,,2.920001353936161,7.468201827559099,50.709999084472656,42.58000183105469,44.77716125488281,0.8732544989674501,36.447849455004345,75.43449969025151,False,False,False,False,,
222,QYLD,QYLD,AMEX:QYLD,US,Global X NASDAQ 100 Covered Call ETF,8.346,Derivative Income,Long,4004806.6,,https://www.tradingview.com/chart/?symbol=AMEX%3AQYLD,False,,39.36833564459476,41.58151232791802,18.559999465942383,16.69499969482422,17.135139640808106,1.0,66.34775912044323,72.92061115896068,False,False,False,False,,
223,VPU,VPU,AMEX:VPU,US,Vanguard Utilities ETF,8.326,Utilities,Long,244056.45,,https://www.tradingview.com/chart/?symbol=AMEX%3AVPU,True,2026-09-25 09:30,-79.60706880624063,-78.26081466501347,171.4499969482422,170.51759338378906,178.71798120117188,0.02683376031856582,-60.04749397172143,35.25034215015208,False,True,True,True,HIGH,FULL PASS
224,URTH,URTH,AMEX:URTH,US,iShares MSCI World ETF,8.305,Global Large-Stock Blend,Long,367201.7,,https://www.tradingview.com/chart/?symbol=AMEX%3AURTH,False,,8.966631116827337,10.296480023397919,208.6699981689453,174.9499969482422,183.59231939697264,0.9208080739055197,45.61361557669938,69.9714569384782,False,False,False,False,,
225,IJS,IJS,AMEX:IJS,US,iShares S&P Small-Cap 600 Value ETF,8.304,Small Value,Long,158588.45,,https://www.tradingview.com/chart/?symbol=AMEX%3AIJS,True,2026-09-25 09:30,-67.75995401241933,-64.2029636887933,130.4600067138672,114.51000213623047,120.68730105590821,0.6093603578631163,13.833503842197118,71.53431498139958,False,False,False,False,,
226,IJT,IJT,AMEX:IJT,US,iShares S&P Small-Cap 600 Growth ETF,8.254,Small Growth,Long,177090.85,,https://www.tradingview.com/chart/?symbol=AMEX%3AIJT,False,,-49.38111221966286,-47.39457727690779,162.69500732421875,139.92999267578125,149.13399267578126,0.5837183243189102,-3.973128798850837,76.85838667431864,False,False,False,False,,
227,FMDE,FMDE,AMEX:FMDE,US,Fidelity Enhanced Mid Cap Core ETF,8.219,Mid-Cap Blend,Long,750094.85,,https://www.tradingview.com/chart/?symbol=AMEX%3AFMDE,True,2026-09-25 09:30,-54.74985067764781,-53.21173050441765,40.8650016784668,34.97999954223633,36.8632794342041,0.7374689816813256,38.04113367581959,,False,False,False,False,,
228,XLRE,XLRE,AMEX:XLRE,US,State Street Real Estate Select Sector SPDR ETF,8.208,Real Estate,Long,5019824.25,,https://www.tradingview.com/chart/?symbol=AMEX%3AXLRE,True,2026-09-25 13:30,-78.60193835888117,-78.60193835888117,41.55500030517578,40.0099983215332,41.50033889770508,0.24465580147876093,-24.37843361582343,72.4024583196969,False,False,False,False,,
229,COPX,COPX,AMEX:COPX,US,Global X Copper Miners ETF,8.12,Natural Resources,Long,3040092.2,,https://www.tradingview.com/chart/?symbol=AMEX%3ACOPX,False,,-15.030182922196403,-15.030182922196403,86.76000213623047,69.05999755859375,75.52639791870118,0.6459855325525921,34.329997604445964,61.78224368857761,False,False,False,False,,
230,FVD,FVD,AMEX:FVD,US,First Trust Value Line Dividend Index Fund,8.051,Mid-Cap Value,Long,488302.35,,https://www.tradingview.com/chart/?symbol=AMEX%3AFVD,True,2026-09-25 13:30,-79.03947033233196,-78.92662336321455,47.54499816894531,46.36000061035156,47.46802053833008,0.2523956625386142,25.39388910639259,68.93868822758682,False,False,False,False,,
231,FDL,FDL,AMEX:FDL,US,First Trust Morningstar Dividend Leaders Index Fund,8.04,Large Value,Long,582114.8,,https://www.tradingview.com/chart/?symbol=AMEX%3AFDL,True,2026-09-25 13:30,-79.41856972394163,-79.0586077349469,49.7400016784668,48.650001525878906,49.785160949707034,0.2266113733551588,48.597351051193186,73.16155788764848,False,True,False,False,,
232,VIS,VIS,AMEX:VIS,US,Vanguard Industrials ETF,8.023,Industrials,Long,95321.0,,https://www.tradingview.com/chart/?symbol=AMEX%3AVIS,False,,-14.042474363990635,-13.224664638290024,327.1099853515625,301.8299865722656,315.6855517578125,0.43059085876463893,-25.395813696774365,65.4605551276232,False,False,False,False,,
233,DIVO,DIVO,AMEX:DIVO,US,Amplify CWP Enhanced Dividend Income ETF,7.948,Derivative Income,Long,763237.55,,https://www.tradingview.com/chart/?symbol=AMEX%3ADIVO,True,2026-09-25 09:30,-59.63077394349617,-55.849216724588324,47.2599983215332,44.02000045776367,45.15280027770996,0.6749996622402926,59.24690580964373,67.03458007649438,False,False,False,False,,
234,PPA,PPA,AMEX:PPA,US,Invesco Aerospace & Defense ETF,7.89,Industrials,Long,194455.65,,https://www.tradingview.com/chart/?symbol=AMEX%3APPA,False,,-37.75143575918978,-37.75143575918978,159.16000366210938,159.0,165.14543841552734,0.00614453545940745,-27.32427856967718,54.52292129108299,False,True,False,False,,
235,FTCS,FTCS,AMEX:FTCS,US,First Trust Capital Strength ETF,7.854,Large Blend,Long,309918.65,,https://www.tradingview.com/chart/?symbol=AMEX%3AFTCS,True,2026-09-25 13:30,-72.95179230589001,-72.60490308525944,95.19999694824219,91.45999908447266,94.01894763183594,0.3449227209976823,34.62458854276725,63.308362061216464,False,False,False,False,,
236,VDC,VDC,AMEX:VDC,US,Vanguard Consumer Staples ETF,7.832,Consumer Defensive,Long,140908.8,,https://www.tradingview.com/chart/?symbol=AMEX%3AVDC,False,,-60.41585674983415,-60.41585674983415,222.0850067138672,220.86000061035156,224.50501873779297,0.07931412967556903,-6.226018218620747,56.310216909568304,False,True,False,False,,
237,SPYD,SPYD,AMEX:SPYD,US,State Street SPDR Portfolio S&P 500 High Dividend ETF,7.601,Mid-Cap Value,Long,755859.35,,https://www.tradingview.com/chart/?symbol=AMEX%3ASPYD,True,2026-09-25 09:30,-79.18237056054618,-76.43746808190974,46.16999816894531,44.650001525878906,46.075440841674805,0.25165519414860527,21.904678180311933,77.49445523229467,False,False,False,False,,
238,HEFA,HEFA,AMEX:HEFA,US,iShares Currency Hedged MSCI EAFE ETF,7.596,Foreign Large Blend,Long,705220.0,,https://www.tradingview.com/chart/?symbol=AMEX%3AHEFA,False,,6.483107459846745,9.547606304932907,46.970001220703125,40.875,42.55272427368164,0.8573639367626431,36.61556399247759,74.56479285524256,False,False,False,False,,
239,FBCG,FBCG,AMEX:FBCG,US,Fidelity Blue Chip Growth ETF,7.435,Large Growth,Long,236270.95,,https://www.tradingview.com/chart/?symbol=AMEX%3AFBCG,False,,43.133860223136644,43.133860223136644,63.790000915527344,47.86000061035156,51.72096075439453,0.9737163637448947,32.57191959164414,63.06537635655593,False,False,False,False,,
240,XMMO,XMMO,AMEX:XMMO,US,Invesco S&P MidCap Momentum ETF,7.384,Mid-Cap Blend,Long,309466.1,,https://www.tradingview.com/chart/?symbol=AMEX%3AXMMO,False,,-42.868793975110925,-37.10211962230071,147.74000549316406,139.14999389648438,147.33683447265625,0.24762210989142464,-44.62003621375505,63.373551709836924,False,False,False,False,,
241,GUNR,GUNR,AMEX:GUNR,US,Northern Trust Morningstar Global Upstream Natural Resources ETF,7.355,Natural Resources,Long,314991.5,,https://www.tradingview.com/chart/?symbol=AMEX%3AGUNR,False,,-67.31576318544857,-65.63236470338784,53.845001220703125,48.869998931884766,50.93735943603516,0.5679224972151846,45.54545781410436,64.56460032699086,False,False,False,False,,
242,DXJ,DXJ,AMEX:DXJ,US,WisdomTree Japan Hedged Equity Fund,7.278,Japan Stock,Long,263773.65,,https://www.tradingview.com/chart/?symbol=AMEX%3ADXJ,False,,21.96293660939698,24.983702984811675,181.16000366210938,151.58999633789062,158.98741662597655,0.9433723455939123,45.28582493258227,75.30614284073188,False,False,False,False,,
243,SPLV,SPLV,AMEX:SPLV,US,Invesco S&P 500 Low Volatility ETF,7.185,Large Value,Long,1887236.45,,https://www.tradingview.com/chart/?symbol=AMEX%3ASPLV,False,,-75.99959759694731,-73.32433987217337,71.27999877929688,71.11000061035156,72.76436111450195,0.024250801303853334,-16.359458334272375,58.97198722502972,False,True,False,False,,
244,SPXL,SPXL,AMEX:SPXL,US,Direxion Daily S&P 500 Bull 3X ETF,7.175,Trading--Leveraged Equity,3X Long,1337932.15,,https://www.tradingview.com/chart/?symbol=AMEX%3ASPXL,False,,22.145412789959142,23.492086757053197,291.2900085449219,170.32000732421875,201.25960876464845,0.922730706245628,38.457741104262304,68.08696922088153,False,False,False,False,,
245,DFLV,DFLV,AMEX:DFLV,US,Dimensional US Large Cap Value ETF,7.163,Large Value,Long,553223.9,,https://www.tradingview.com/chart/?symbol=AMEX%3ADFLV,False,,-67.16543481517705,-63.58833821747296,40.880001068115234,35.064998626708984,36.75593884277344,0.8115843263612851,51.381616196334875,81.25259034134085,False,False,False,False,,
246,ESGE,ESGE,AMEX:ESGE,US,iShares ESG Aware MSCI EM ETF,7.053,Diversified Emerging Mkts,Long,635286.55,,https://www.tradingview.com/chart/?symbol=AMEX%3AESGE,False,,9.966007106073421,9.966007106073421,55.130001068115234,43.75,46.85811956787109,0.8640852429994358,42.37289857808643,74.893496486655,False,False,False,False,,
247,JAVA,JAVA,AMEX:JAVA,US,JPMorgan Active Value ETF,7.051,Large Value,Long,345117.55,,https://www.tradingview.com/chart/?symbol=AMEX%3AJAVA,True,2026-09-25 09:30,-62.36624528633009,-57.30847307350626,80.95999908447266,70.26000213623047,73.47432098388671,0.7856094555231907,41.04580511805299,76.32171995640283,False,False,False,False,,
248,BBAX,BBAX,AMEX:BBAX,US,JPMorgan BetaBuilders Developed Asia Pacific ex-Japan ETF,6.953,Pacific/Asia ex-Japan Stk,Long,50108.15,,https://www.tradingview.com/chart/?symbol=AMEX%3ABBAX,True,2026-09-25 09:30,-61.86529937496599,-60.442818813761285,61.849998474121094,58.05500030517578,59.88046044921875,0.4906267446012298,43.54834524180458,68.10733235076636,False,False,False,False,,
249,VSGX,VSGX,AMEX:VSGX,US,Vanguard ESG International Stock ETF,6.95,Foreign Large Blend,Long,141581.25,,https://www.tradingview.com/chart/?symbol=AMEX%3AVSGX,False,,-19.21969130640629,-17.978307793032005,82.30000305175781,69.20500183105469,72.7910217590332,0.8617967412769081,42.200152342841335,73.51853996468817,False,False,False,False,,
250,SHLD,SHLD,AMEX:SHLD,US,Global X Defense Tech ETF,6.934,Industrials,Long,723747.8,,https://www.tradingview.com/chart/?symbol=AMEX%3ASHLD,False,,-46.74028133409981,-46.74028133409981,61.459999084472656,58.22999954223633,62.444958786010744,0.18085107064645461,-15.692598745412274,,False,True,False,False,,
251,EWC,EWC,AMEX:EWC,US,iShares MSCI Canada ETF,6.931,Focused Region,Long,1807889.2,,https://www.tradingview.com/chart/?symbol=AMEX%3AEWC,False,,-48.58047501241388,-48.58047501241388,59.59000015258789,53.220001220703125,55.44312078857422,0.6762208248494773,50.21781105630655,69.4986878206178,False,False,False,False,,
252,FNGU,FNGU,AMEX:FNGU,US,MicroSectors FANG+ 3 Leveraged ETNs,6.867,Trading--Leveraged Equity,3X Long,3590625.1,,https://www.tradingview.com/chart/?symbol=AMEX%3AFNGU,False,,50.72217482491643,50.72217482491643,35.689998626708984,13.729999542236328,19.091919830322265,0.9665492035476683,48.70861179981815,,False,False,False,False,,
253,BLCR,BLCR,AMEX:BLCR,US,iShares Large Cap Core Active ETF,6.844,Large Blend,Long,388658.6,,https://www.tradingview.com/chart/?symbol=AMEX%3ABLCR,False,,24.952000439981884,24.952000439981884,49.560001373291016,39.68000030517578,42.31848037719727,0.883721001648031,12.286617792956982,,False,False,False,False,,
254,KBWB,KBWB,AMEX:KBWB,US,Invesco KBW Bank ETF,6.838,Financial,Long,1208117.9,,https://www.tradingview.com/chart/?symbol=AMEX%3AKBWB,False,,-73.17628291815028,-64.96726137547913,89.9800033569336,76.22000122070312,81.82264071655274,0.5796126105482977,22.74514537328586,70.41148525175556,False,False,False,False,,
255,THRO,THRO,AMEX:THRO,US,iShares U.S. Thematic Rotation Active ETF,6.821,Large Blend,Long,513976.35,,https://www.tradingview.com/chart/?symbol=AMEX%3ATHRO,False,,33.86187609919934,34.176056852901716,44.46500015258789,35.11000061035156,37.354360214233395,0.9837014924654701,47.595403071049596,68.19429023573953,False,False,False,False,,
256,BBIN,BBIN,AMEX:BBIN,US,JPMorgan BetaBuilders International Equity ETF,6.817,Foreign Large Blend,Long,209864.7,,https://www.tradingview.com/chart/?symbol=AMEX%3ABBIN,False,,-50.45801250880399,-45.01787869770745,79.10900115966797,70.68000030517578,73.27836080932617,0.7655766774790157,42.995334563290605,69.39027292902576,False,False,False,False,,
257,CGXU,CGXU,AMEX:CGXU,US,Capital Group International Focus Equity ETF,6.797,Foreign Large Growth,Long,987328.55,,https://www.tradingview.com/chart/?symbol=AMEX%3ACGXU,False,,-6.460981833007863,-6.460981833007863,35.0,28.280000686645508,30.147940452575682,0.8490208661315808,43.9649660031267,73.14046722104204,False,False,False,False,,
258,VOOV,VOOV,AMEX:VOOV,US,Vanguard S&P 500 Value ETF,6.797,Large Value,Long,62696.45,,https://www.tradingview.com/chart/?symbol=AMEX%3AVOOV,True,2026-09-25 13:30,-57.49391397762963,-57.27038923208073,224.02000427246094,200.4250030517578,207.5179813232422,0.7850609539398198,44.113045019928244,72.13524044058803,False,False,False,False,,
259,INDA,INDA,AMEX:INDA,US,iShares MSCI India ETF,6.663,India Equity,Long,3914945.05,,https://www.tradingview.com/chart/?symbol=AMEX%3AINDA,False,,-38.752469847750916,-38.752469847750916,47.86000061035156,45.400001525878906,46.80302145385742,0.4137929706900335,-9.211323986583055,-44.62890611317925,False,False,False,False,,
260,VDY,VDY.TO,TSX:VDY,TSX,Vanguard FTSE Canadian High Dividend Yield Index ETF,6.658,High Dividend Yield,Long,202540.4,,https://www.tradingview.com/chart/?symbol=TSX%3AVDY,False,,-50.96983725360604,-50.96983725360604,76.38999938964844,65.30000305175781,68.53556283569336,0.8088984010546484,31.12380310173083,81.69708038218114,False,False,False,False,,
261,URA,URA,AMEX:URA,US,Global X Uranium ETF,6.635,Natural Resources,Long,3250506.7,,https://www.tradingview.com/chart/?symbol=AMEX%3AURA,False,,-42.258508574820034,-42.258508574820034,40.91999816894531,37.51499938964844,42.400199569702146,0.16449268858931948,-14.436818940129754,21.239967356109094,False,True,False,False,,
262,JGLO,JGLO,AMEX:JGLO,US,JPMorgan Global Select Equity ETF Global Select Equity ETF,6.626,Global Large-Stock Blend,Long,167736.75,,https://www.tradingview.com/chart/?symbol=AMEX%3AJGLO,False,,4.6323503439926865,9.411029062466623,73.08999633789062,63.349998474121094,66.01443869018554,0.8627101039800568,40.50662709760994,,False,False,False,False,,
263,ARKK,ARKK,AMEX:ARKK,US,ARK Innovation ETF,6.6,Mid-Cap Growth,Long,4728227.5,,https://www.tradingview.com/chart/?symbol=AMEX%3AARKK,False,,48.583647059085116,48.583647059085116,90.79000091552734,63.53499984741211,70.18193916320801,0.9676905334143271,49.78048729715408,40.154199764642165,False,False,False,False,,
264,DIHP,DIHP,AMEX:DIHP,US,Dimensional International High Profitability ETF,6.575,Foreign Large Blend,Long,335570.5,,https://www.tradingview.com/chart/?symbol=AMEX%3ADIHP,True,2026-09-25 09:30,-57.41026387366492,-53.69335213009371,34.13999938964844,31.315000534057617,32.389980155944826,0.6201975519768388,36.408344566566825,68.38249561994685,False,False,False,False,,
265,FESM,FESM,AMEX:FESM,US,Fidelity Enhanced Small Cap Core ETF,6.505,Small Blend,Long,820220.4,,https://www.tradingview.com/chart/?symbol=AMEX%3AFESM,True,2026-09-25 09:30,-59.53822768206192,-56.98619223803442,45.36000061035156,36.779998779296875,39.63559931945801,0.709090926287137,10.219271654473674,,False,False,False,False,,
266,DLN,DLN,AMEX:DLN,US,WisdomTree U.S. LargeCap Dividend Fund,6.364,Large Value,Long,99066.75,,https://www.tradingview.com/chart/?symbol=AMEX%3ADLN,True,2026-09-25 13:30,-54.04116323574008,-53.76376263498205,98.6050033569336,87.66000366210938,90.94512322998047,0.7862788171367624,44.73540229578669,72.89897897739402,False,False,False,False,,
267,MCHI,MCHI,AMEX:MCHI,US,iShares MSCI China ETF,6.321,Greater China Region,Long,1795401.75,,https://www.tradingview.com/chart/?symbol=AMEX%3AMCHI,False,,-19.62464993106775,-19.62464993106775,52.619998931884766,50.439998626708984,52.64423866271973,0.2334047397816964,-20.154623160444476,-9.302190277800442,False,True,False,False,,
268,GSIE,GSIE,AMEX:GSIE,US,Goldman Sachs ActiveBeta International Equity ETF,6.133,Foreign Large Blend,Long,399971.2,,https://www.tradingview.com/chart/?symbol=AMEX%3AGSIE,False,,-50.068407526075134,-49.30743480072021,46.709999084472656,41.72999954223633,43.32181929016113,0.7383247340032949,47.91824700191868,69.4647957327604,False,False,False,False,,
269,RECS,RECS,AMEX:RECS,US,Columbia Research Enhanced Core ETF,6.094,Large Blend,Long,448800.55,,https://www.tradingview.com/chart/?symbol=AMEX%3ARECS,False,,20.232488645561187,20.232488645561187,45.56999969482422,37.95989990234375,39.824323669433596,0.9632914913054983,53.7482368385217,66.70149000863314,False,False,False,False,,
270,JHMM,JHMM,AMEX:JHMM,US,John Hancock Multifactor Mid Cap ETF,6.049,Mid-Cap Blend,Long,183257.05,,https://www.tradingview.com/chart/?symbol=AMEX%3AJHMM,False,,-52.90973241225104,-52.80388987320659,72.5250015258789,65.3499984741211,68.18199847412109,0.5979169209798177,12.802235500825246,70.53688931671621,False,False,False,False,,
271,DFIS,DFIS,AMEX:DFIS,US,Dimensional International Small Cap ETF,6.046,Foreign Small/Mid Blend,Long,352333.0,,https://www.tradingview.com/chart/?symbol=AMEX%3ADFIS,False,,-37.326253766446456,-36.375525647883244,36.7400016784668,32.42499923706055,33.710019165039064,0.7924706488979062,55.41476659182877,67.25122729435712,False,False,False,False,,
272,TECL,TECL,AMEX:TECL,US,Direxion Daily Technology Bull 3X ETF,5.929,Trading--Leveraged Equity,3X Long,479145.05,,https://www.tradingview.com/chart/?symbol=AMEX%3ATECL,False,,53.43709652061485,53.43709652061485,234.4199981689453,76.7300033569336,123.13704141235351,0.8019223017679408,27.84985195160473,69.22542361995207,False,False,False,False,,
273,LVHI,LVHI,AMEX:LVHI,US,Franklin International Low Volatility High Dividend Index ETF,5.92,Foreign Large Value,Long,882171.6,,https://www.tradingview.com/chart/?symbol=AMEX%3ALVHI,False,,-32.86845527547498,-31.867371276088566,42.29999923706055,38.83000183105469,39.86368118286133,0.7922373474773339,56.74690399078093,73.98297694276145,False,False,False,False,,
274,SCHK,SCHK,AMEX:SCHK,US,Schwab 1000 Index ETF,5.885,Large Blend,Long,1642150.85,,https://www.tradingview.com/chart/?symbol=AMEX%3ASCHK,False,,14.679904451420889,14.679904451420889,37.095001220703125,30.43000030517578,32.112680557250975,0.9347825970647701,44.5236978018231,69.47721313053991,False,False,False,False,,
275,FEQT,FEQT.NE,NEO:FEQT,NEO,Fidelity All-in-One Equity ETF,5.856,Total Market,Long,362368.1,,https://www.tradingview.com/chart/?symbol=NEO%3AFEQT,False,,21.330127296813533,22.025643463504903,19.25,16.329999923706055,17.05451985168457,0.9511401845468711,43.17649986243011,71.23856249856514,False,False,False,False,,
276,RSPT,RSPT,AMEX:RSPT,US,Invesco S&P 500 Equal Weight Technology ETF,5.854,Technology,Long,413167.75,,https://www.tradingview.com/chart/?symbol=AMEX%3ARSPT,False,,54.51000873026646,54.51000873026646,66.3550033569336,43.529998779296875,49.18219985961914,0.9530271488528037,45.568408656830194,84.08739360913897,False,False,False,False,,
277,BKLC,BKLC,AMEX:BKLC,US,BNY Mellon US Large Cap Core Equity ETF,5.825,Large Blend,Long,398203.8,,https://www.tradingview.com/chart/?symbol=AMEX%3ABKLC,False,,28.669946480512255,30.332505496504538,49.459999084472656,40.4033317565918,42.60442535400391,0.9710507049281575,46.42448932424497,67.72351554457617,False,False,False,False,,
278,SCHC,SCHC,AMEX:SCHC,US,Schwab International Small-Cap Equity ETF,5.773,Foreign Small/Mid Blend,Long,283419.6,,https://www.tradingview.com/chart/?symbol=AMEX%3ASCHC,False,,-22.187835238549383,-22.187835238549383,50.369998931884766,45.13999938964844,46.73535989379883,0.7736683268494786,31.44494765809887,60.925569096774616,False,False,False,False,,
279,VOX,VOX,AMEX:VOX,US,Vanguard Communication Services ETF,5.755,Communications,Long,225151.9,,https://www.tradingview.com/chart/?symbol=AMEX%3AVOX,False,,21.123709116425392,21.123709116425392,194.1199951171875,172.86000061035156,179.11635931396484,0.8019614829174626,23.797765449637936,37.645004599395996,False,False,False,False,,
280,CGDG,CGDG,AMEX:CGDG,US,Capital Group Dividend Growers ETF,5.706,Global Large-Stock Blend,Long,559157.75,,https://www.tradingview.com/chart/?symbol=AMEX%3ACGDG,True,2026-09-25 09:30,-61.6132099468453,-59.34390027575629,37.68000030517578,35.0,35.95933967590332,0.6592868906687688,34.36947085288449,,False,False,False,False,,
281,GPIQ,GPIQ,AMEX:GPIQ,US,Goldman Sachs Nasdaq-100 Premium Income ETF,5.704,Derivative Income,Long,1370799.7,,https://www.tradingview.com/chart/?symbol=AMEX%3AGPIQ,False,,50.84770470305596,50.84770470305596,58.19710159301758,47.95000076293945,50.68642015075684,0.8837518863756223,31.921626280775687,,False,False,False,False,,
282,GPIX,GPIX,AMEX:GPIX,US,Goldman Sachs S&P 500 Premium Income ETF,5.688,Derivative Income,Long,1102839.65,,https://www.tradingview.com/chart/?symbol=AMEX%3AGPIX,False,,30.88681497485449,32.713597064741414,56.290000915527344,48.66999816894531,50.555638565063475,0.9536922585533468,49.449431849051905,,False,False,False,False,,
283,FELG,FELG,AMEX:FELG,US,Fidelity Enhanced Large Cap Growth ETF,5.687,Large Growth,Long,388217.85,,https://www.tradingview.com/chart/?symbol=AMEX%3AFELG,False,,43.514595709589734,44.32663588538126,45.39500045776367,36.119998931884766,38.34193914794922,0.9851301777976943,36.63445562006212,,False,False,False,False,,
284,XAR,XAR,AMEX:XAR,US,State Street SPDR S&P Aerospace & Defense ETF,5.687,Industrials,Long,212934.25,,https://www.tradingview.com/chart/?symbol=AMEX%3AXAR,False,,-42.813967620164114,-42.813967620164114,239.5500030517578,238.88999938964844,252.5331624145508,0.01141677072783695,-34.60969319564807,54.292888585362384,False,True,False,False,,
285,XMHQ,XMHQ,AMEX:XMHQ,US,Invesco S&P MidCap Quality ETF,5.606,Mid-Cap Blend,Long,151243.3,,https://www.tradingview.com/chart/?symbol=AMEX%3AXMHQ,True,2026-09-25 13:30,-75.55462016084188,-75.50035037713474,112.83999633789062,100.26000213623047,104.89740249633789,0.6402032175464413,38.55425847692318,70.5656660210302,False,False,False,False,,
286,UPRO,UPRO,AMEX:UPRO,US,ProShares UltraPro S&P500,5.569,Trading--Leveraged Equity,3X Long,1720095.9,,https://www.tradingview.com/chart/?symbol=AMEX%3AUPRO,False,,20.87592750720289,21.9092791563817,152.21499633789062,89.33999633789062,105.46351806640625,0.9203014235876912,38.07438263693812,67.84892333473829,False,False,False,False,,
287,QTUM,QTUM,AMEX:QTUM,US,Defiance Quantum ETF,5.548,Technology,Long,314410.2,,https://www.tradingview.com/chart/?symbol=AMEX%3AQTUM,False,,47.13514977844244,47.47393423033362,153.7100067138672,102.16000366210938,117.88114135742188,0.7738498928002052,2.4229610510938007,78.45793216972022,False,False,False,False,,
288,DSI,DSI,AMEX:DSI,US,iShares ESG MSCI KLD 400 ETF,5.522,Large Blend,Long,105283.95,,https://www.tradingview.com/chart/?symbol=AMEX%3ADSI,False,,20.656556191835712,22.616472713283184,147.17999267578125,117.54000091552734,124.91264041137696,0.9487834118781671,47.29200800555636,68.38810307803773,False,False,False,False,,
289,EFAV,EFAV,AMEX:EFAV,US,iShares MSCI EAFE Min Vol Factor ETF,5.47,Foreign Large Blend,Long,334039.95,,https://www.tradingview.com/chart/?symbol=AMEX%3AEFAV,True,2026-09-25 09:30,-65.51404500328236,-60.500268461708,92.8499984741211,86.88999938964844,88.86767874145508,0.7112173076240255,49.463989805474775,63.22917030871915,False,False,False,False,,
290,DISV,DISV,AMEX:DISV,US,Dimensional International Small Cap Value ETF,5.405,Foreign Small/Mid Value,Long,279168.35,,https://www.tradingview.com/chart/?symbol=AMEX%3ADISV,True,2026-09-25 09:30,-66.57805979416213,-59.065698570924205,43.810001373291016,37.650001525878906,39.38578141784668,0.8375255242421303,65.21221311470875,69.4773193458292,False,False,False,False,,
291,SIL,SIL,AMEX:SIL,US,Global X Silver Miners ETF,5.311,Equity Precious Metals,Long,1320416.9,,https://www.tradingview.com/chart/?symbol=AMEX%3ASIL,False,,-41.67742794814413,-41.67742794814413,91.51000213623047,71.37999725341797,78.88007876586914,0.6334172694599336,25.58023965793024,48.10081523752123,False,False,False,False,,
292,FDN,FDN,AMEX:FDN,US,First Trust Dow Jones Internet Index Fund,5.264,Technology,Long,159714.05,,https://www.tradingview.com/chart/?symbol=AMEX%3AFDN,False,,8.375448996680833,8.375448996680833,291.5799865722656,226.0800018310547,242.7699185180664,0.9261877508924516,53.858318769492435,37.67510915740249,False,False,False,False,,
293,GNR,GNR,AMEX:GNR,US,State Street SPDR S&P Global Natural Resources ETF,5.252,Natural Resources,Long,305858.65,,https://www.tradingview.com/chart/?symbol=AMEX%3AGNR,False,,-68.03449419807592,-68.03449419807592,75.62999725341797,66.75499725341797,69.86429797363282,0.6736241323918247,49.77375716742652,68.7564763616672,False,False,False,False,,
294,AKRE,AKRE,AMEX:AKRE,US,Akre Focus ETF,5.2,Large Growth,Long,390993.2,,https://www.tradingview.com/chart/?symbol=AMEX%3AAKRE,False,,-62.079971442967356,-56.10050498351506,54.790000915527344,51.31999969482422,53.840479766845704,0.32490647205520023,35.08871058754475,,False,False,False,False,,
295,QLTY,QLTY,AMEX:QLTY,US,GMO US Quality ETF,5.136,Large Blend,Long,390882.8,,https://www.tradingview.com/chart/?symbol=AMEX%3AQLTY,False,,32.20062527008985,39.37973407652422,43.209999084472656,35.290000915527344,37.2157608795166,0.9705880290496682,48.280168186916654,,False,False,False,False,,
296,SLYV,SLYV,AMEX:SLYV,US,State Street SPDR S&P 600 Small Cap Value ETF,5.032,Small Value,Long,157131.4,,https://www.tradingview.com/chart/?symbol=AMEX%3ASLYV,True,2026-09-25 09:30,-71.8464900273578,-67.05118606397254,104.04000091552734,91.83999633789062,96.64967749023438,0.5986261852138027,13.61976068261763,71.56441534950112,False,False,False,False,,
297,KWEB,KWEB,AMEX:KWEB,US,KraneShares CSI China Internet ETF,5.028,Greater China Region,Long,16810167.8,,https://www.tradingview.com/chart/?symbol=AMEX%3AKWEB,False,,-13.818013200965865,-13.818013200965865,24.59000015258789,23.645000457763672,25.281660331726073,0.1362652873248354,-40.9915752627785,-35.08913010173833,False,True,False,False,,
298,SLYG,SLYG,AMEX:SLYG,US,State Street SPDR S&P 600 Small Cap Growth ETF,5.02,Small Growth,Long,107225.45,,https://www.tradingview.com/chart/?symbol=AMEX%3ASLYG,True,2026-09-25 09:30,-55.43153025423121,-52.92635858071617,108.61499786376953,93.37999725341797,99.54549725341796,0.5831579180995813,-3.739154533798645,76.96039299589468,False,False,False,False,,
299,AIA,AIA,AMEX:AIA,US,iShares Asia 50 ETF,5.007,Pacific/Asia ex-Japan Stk,Long,478582.25,,https://www.tradingview.com/chart/?symbol=AMEX%3AAIA,False,,29.81812521334179,29.81812521334179,144.5601043701172,101.98999786376953,113.43599966430664,0.8777340166962587,44.41063467701529,81.4771385222311,False,False,False,False,,
300,REET,REET,AMEX:REET,US,iShares Global REIT ETF,4.933,Global Real Estate,Long,3139593.25,,https://www.tradingview.com/chart/?symbol=AMEX%3AREET,False,,-64.02536437354037,-64.02536437354037,26.05500030517578,24.709999084472656,25.72692308807373,0.31213766905088935,-19.769151731771,73.49786028610998,False,False,False,False,,
301,XME,XME,AMEX:XME,US,State Street SPDR S&P Metals & Mining ETF,4.871,Natural Resources,Long,1860237.4,,https://www.tradingview.com/chart/?symbol=AMEX%3AXME,False,,-45.284655958770536,-45.284655958770536,108.37999725341797,97.22000122070312,105.62160266113281,0.31348298088108345,6.409418602155358,48.964027818494884,False,False,False,False,,
302,TTP,TTP.TO,TSX:TTP,TSX,TD Canadian Equity Index ETF,4.816,Total Market,Long,70540.6,,https://www.tradingview.com/chart/?symbol=TSX%3ATTP,False,,-8.39968121237171,-8.39968121237171,41.310001373291016,36.02000045776367,37.56108016967774,0.8101074891926627,46.421675623989124,71.08738384829898,False,False,False,False,,
303,OMFL,OMFL,AMEX:OMFL,US,Invesco Russell 1000 Dynamic Multifactor ETF,4.789,Large Blend,Long,108793.55,,https://www.tradingview.com/chart/?symbol=AMEX%3AOMFL,False,,16.9359953580854,21.65641787537815,70.40499877929688,58.61000061035156,61.63316003417969,0.9207650598678286,38.988066662091285,77.39998934486,False,False,False,False,,
304,HELO,HELO,AMEX:HELO,US,JPMorgan Hedged Equity Laddered Overlay ETF,4.785,Equity Hedged,Long,288807.85,,https://www.tradingview.com/chart/?symbol=AMEX%3AHELO,False,,15.03708448341897,17.897678076184746,69.62000274658203,63.29999923706055,64.91896028137207,0.9212827161516736,51.70230597106393,,False,False,False,False,,
305,EAGL,EAGL,AMEX:EAGL,US,Eagle Capital Select Equity ETF,4.725,Large Blend,Long,206743.3,,https://www.tradingview.com/chart/?symbol=AMEX%3AEAGL,True,2026-09-25 09:30,-53.86209352216313,-49.37831942300834,34.45000076293945,29.315000534057617,30.956380516052246,0.7383177980173995,54.18380175515491,,False,False,False,False,,
306,IVLU,IVLU,AMEX:IVLU,US,iShares MSCI Intl Value Factor ETF,4.675,Foreign Large Value,Long,685618.8,,https://www.tradingview.com/chart/?symbol=AMEX%3AIVLU,True,2026-09-25 09:30,-61.70923323402394,-54.654663357027346,43.814998626708984,37.939998626708984,39.62031927490234,0.8251401311355256,57.6740926398233,71.84521735559545,False,False,False,False,,
307,QTEC,QTEC,AMEX:QTEC,US,First Trust NASDAQ-100 Technology Sector Index Fund,4.669,Technology,Long,119722.85,,https://www.tradingview.com/chart/?symbol=AMEX%3AQTEC,False,,57.84471923523987,57.84471923523987,330.7099914550781,207.05499267578125,237.39161584472657,0.9619587371143994,20.79307366023616,79.10296361152793,False,False,False,False,,
308,TPU,TPU.TO,TSX:TPU,TSX,TD U.S. Equity Index ETF,4.564,US Equity,Long,51337.7,,https://www.tradingview.com/chart/?symbol=TSX%3ATPU,False,,58.475369546168814,58.475369546168814,62.58000183105469,50.22999954223633,53.15167979431153,0.9975768354839535,38.06163955283864,72.21444806682753,False,False,False,False,,
309,USRT,USRT,AMEX:USRT,US,iShares Core U.S. REIT ETF,4.563,Real Estate,Long,478535.55,,https://www.tradingview.com/chart/?symbol=AMEX%3AUSRT,False,,-65.99890395928882,-65.99890395928882,62.36000061035156,58.16999816894531,60.93945831298828,0.3570517446509723,-19.268439115690366,80.89261257889596,False,False,False,False,,
310,TSPA,TSPA,AMEX:TSPA,US,T. Rowe Price U.S. Equity Research ETF,4.541,Large Blend,Long,331346.05,,https://www.tradingview.com/chart/?symbol=AMEX%3ATSPA,False,,28.937999016621045,31.21527514885374,48.83000183105469,39.70000076293945,41.89952069091797,0.979613880586874,44.57976364332063,69.60531007287892,False,False,False,False,,
311,GRNY,GRNY,AMEX:GRNY,US,Fundstrat Granny Shots US Large Cap ETF,4.539,Large Growth,Long,1213087.2,,https://www.tradingview.com/chart/?symbol=AMEX%3AGRNY,False,,35.17618489897393,35.17618489897393,28.315000534057617,23.184999465942383,24.442879447937013,0.9624767620162071,41.61272675738803,,False,False,False,False,,
312,XDIV,XDIV.TO,TSX:XDIV,TSX,iShares Core MSCI Canadian Quality Dividend Index ETF,4.521,High Dividend Yield,Long,158284.45,,https://www.tradingview.com/chart/?symbol=TSX%3AXDIV,True,2026-09-25 13:30,-63.03673675792192,-63.03673675792192,45.70000076293945,38.54999923706055,40.48991952514648,0.8698297401551124,47.711232900110815,82.7407011031537,False,False,False,False,,
313,FEZ,FEZ,AMEX:FEZ,US,State Street SPDR EURO STOXX 50 ETF,4.489,Europe Stock,Long,703533.55,,https://www.tradingview.com/chart/?symbol=AMEX%3AFEZ,False,,-43.77756577677267,-32.57934910117829,68.6500015258789,59.79999923706055,62.705159561157224,0.7189278067848304,33.20782948697951,67.55612918256188,False,False,False,False,,
314,JTEK,JTEK,AMEX:JTEK,US,JPMorgan U.S. Tech Leaders ETF,4.474,Technology,Long,243777.65,,https://www.tradingview.com/chart/?symbol=AMEX%3AJTEK,False,,64.5954614428906,64.5954614428906,105.45999908447266,75.83999633789062,84.24867749023437,0.8313218828906301,6.912185209091198,,False,False,False,False,,
315,TDIV,TDIV,AMEX:TDIV,US,First Trust NASDAQ Technology Dividend Index Fund,4.437,Technology,Long,134281.75,,https://www.tradingview.com/chart/?symbol=AMEX%3ATDIV,False,,-32.50700381266345,-32.50700381266345,114.12000274658203,90.77999877929688,99.65831762695312,0.6204148590285642,25.68706246694154,69.25812972178254,False,False,False,False,,
316,IDMO,IDMO,AMEX:IDMO,US,Invesco S&P International Developed Momentum ETF,4.404,Foreign Large Blend,Long,301666.0,,https://www.tradingview.com/chart/?symbol=AMEX%3AIDMO,False,,-47.06956475328493,-39.68504721337213,61.849998474121094,52.94499969482422,55.473739730834964,0.8310778023783916,53.76978945220628,67.22856083025562,False,False,False,False,,
317,IYR,IYR,AMEX:IYR,US,iShares U.S. Real Estate ETF,4.403,Real Estate,Long,4573164.2,,https://www.tradingview.com/chart/?symbol=AMEX%3AIYR,False,,-72.72417171470731,-72.72417171470731,96.63999938964844,92.61000061035156,96.21136111450195,0.26408900492410853,-21.081984797098404,73.06792824559896,False,False,False,False,,
318,IYF,IYF,AMEX:IYF,US,iShares U.S. Financials ETF,4.374,Financial,Long,353526.3,,https://www.tradingview.com/chart/?symbol=AMEX%3AIYF,True,2026-09-25 09:30,-73.16627624583994,-68.89239426809026,129.1999969482422,113.94999694824219,119.84055853271484,0.6109773997587694,39.00664595511942,57.725072724845994,False,False,False,False,,
319,MAGS,MAGS,AMEX:MAGS,US,Roundhill Magnificent Seven ETF,4.361,Technology,Long,2665850.8,,https://www.tradingview.com/chart/?symbol=AMEX%3AMAGS,False,,57.968962854101754,57.968962854101754,72.6500015258789,55.36000061035156,59.50180133056641,0.9851850660388104,47.791321593601445,51.68670440654393,False,False,False,False,,
320,IMTM,IMTM,AMEX:IMTM,US,iShares MSCI Intl Momentum Factor ETF,4.352,Foreign Large Blend,Long,280510.6,,https://www.tradingview.com/chart/?symbol=AMEX%3AIMTM,False,,-19.304456813822924,-15.31245291569221,53.349998474121094,46.275001525878906,48.25622073364258,0.8427635232094545,38.19070215619152,66.55404427719031,False,False,False,False,,
321,IDEF,IDEF,AMEX:IDEF,US,iShares Defense Industrials and Tech Active ETF,4.33,Industrials,Long,416427.9,,https://www.tradingview.com/chart/?symbol=AMEX%3AIDEF,False,,-18.802430134723654,-18.802430134723654,31.75,30.90999984741211,32.0430121307373,0.17496724345206738,-16.35317210049102,,False,True,False,False,,
322,EUFN,EUFN,AMEX:EUFN,US,iShares MSCI Europe Financials ETF,4.318,Europe Stock,Long,1451570.6,,https://www.tradingview.com/chart/?symbol=AMEX%3AEUFN,False,,-67.65705778847702,-54.04490703067059,41.03499984741211,33.11000061035156,35.45348068237305,0.7980865048845794,50.110308845774945,71.17125180909868,False,False,False,False,,
323,IXJ,IXJ,AMEX:IXJ,US,iShares Global Healthcare ETF,4.31,Health,Long,193496.85,,https://www.tradingview.com/chart/?symbol=AMEX%3AIXJ,False,,34.60632217779076,40.463182964713624,103.875,90.69619750976562,94.65481518554688,0.7856776386169957,49.64458744205721,55.098299749424115,False,False,False,False,,
324,FXI,FXI,AMEX:FXI,US,iShares China Large-Cap ETF,4.277,Greater China Region,Long,15487882.6,,https://www.tradingview.com/chart/?symbol=AMEX%3AFXI,False,,-26.870151935178914,-26.870151935178914,33.970001220703125,31.565000534057617,33.143840660095215,0.3594918527139231,-5.464975441918985,-9.388584373213712,False,False,False,False,,
325,VIOO,VIOO,AMEX:VIOO,US,Vanguard S&P Small-Cap 600 ETF,4.266,Small Blend,Long,78765.6,,https://www.tradingview.com/chart/?symbol=AMEX%3AVIOO,True,2026-09-25 09:30,-62.894305171802586,-59.46266691032965,128.66000366210938,111.19999694824219,117.86935925292968,0.6178344189783418,3.454461595277865,74.33288462418766,False,False,False,False,,
326,DEM,DEM,AMEX:DEM,US,WisdomTree Emerging Markets High Dividend Fund,4.257,Diversified Emerging Mkts,Long,186576.65,,https://www.tradingview.com/chart/?symbol=AMEX%3ADEM,False,,-11.246777805926245,-11.246777805926245,56.029998779296875,48.209999084472656,50.35759962463379,0.8593404096648475,65.25377891164156,77.07930462089563,False,False,False,False,,
327,IFRA,IFRA,AMEX:IFRA,US,iShares U.S. Infrastructure ETF,4.231,Infrastructure,Long,390719.7,,https://www.tradingview.com/chart/?symbol=AMEX%3AIFRA,True,2026-09-25 13:30,-67.52071641820079,-67.29756102419911,55.70000076293945,55.16999816894531,57.26567932128906,0.05968494398240429,-54.1784127462527,63.71105476631859,False,True,False,False,,"NEAR: 4h+band ok, weekly shallow"
328,SMLF,SMLF,AMEX:SMLF,US,iShares U.S. SmallCap Equity Factor ETF,4.227,Small Blend,Long,176907.45,,https://www.tradingview.com/chart/?symbol=AMEX%3ASMLF,False,,-41.72812708494132,-41.18596688111947,84.79000091552734,73.01499938964844,77.16978018188476,0.6688440375242197,11.830784099123107,72.46620089348632,False,False,False,False,,
329,FLJP,FLJP,AMEX:FLJP,US,Franklin FTSE Japan ETF,4.19,Japan Stock,Long,850697.65,,https://www.tradingview.com/chart/?symbol=AMEX%3AFLJP,False,,-22.507394019941596,-18.295484967774865,41.650001525878906,34.75,36.451559783935544,0.9570044940419817,55.92135392498775,75.086297738572,False,False,False,False,,
330,NLR,NLR,AMEX:NLR,US,VanEck Uranium and Nuclear ETF,4.183,Natural Resources,Long,331423.85,,https://www.tradingview.com/chart/?symbol=AMEX%3ANLR,False,,-47.91818329470939,-47.91818329470939,105.69999694824219,102.68499755859375,113.62123669433593,0.06506257289414535,-28.667120973583877,9.748573958389597,False,True,False,False,,
331,TPE,TPE.TO,TSX:TPE,TSX,TD International Equity Index ETF,4.182,Total Market,Long,32856.05,,https://www.tradingview.com/chart/?symbol=TSX%3ATPE,False,,4.175268812448075,9.256807482615345,31.1299991607666,26.639999389648438,27.79639974975586,0.9163261985541523,36.79780723284625,72.72486125361603,False,False,False,False,,
332,EMLP,EMLP,AMEX:EMLP,US,First Trust North American Energy Infrastructure Fund,4.181,Energy Limited Partnership,Long,216517.85,,https://www.tradingview.com/chart/?symbol=AMEX%3AEMLP,True,2026-09-25 13:30,-88.43312569561192,-88.43312569561192,41.474998474121094,41.279998779296875,42.139038635253904,0.053571353714719286,7.035142938572669,66.21635794859185,False,True,False,False,,
333,KRE,KRE,AMEX:KRE,US,State Street SPDR S&P Regional Banking ETF,4.176,Financial,Long,11545391.2,,https://www.tradingview.com/chart/?symbol=AMEX%3AKRE,False,,-77.73619778414182,-60.69629347036363,71.52999877929688,62.43000030517578,66.15880102539063,0.5759491592698575,8.64562124751142,72.3889943114292,False,False,False,False,,
334,NVDL,NVDL,AMEX:NVDL,US,GraniteShares 2x Long NVDA Daily ETF,4.09,Trading--Leveraged Equity,2X Long,15112620.45,,https://www.tradingview.com/chart/?symbol=AMEX%3ANVDL,False,,22.000690256673703,22.000690256673703,35.70000076293945,21.75666618347168,26.768126777648924,0.6566203403011356,32.54391911047507,44.563529742475936,False,False,False,False,,
335,ARTY,ARTY,AMEX:ARTY,US,iShares Future AI & Tech ETF,4.076,Technology,Long,473230.7,,https://www.tradingview.com/chart/?symbol=AMEX%3AARTY,False,,45.051731328195935,45.20227578563392,79.3499984741211,44.15999984741211,52.78816017150879,0.9625272785798392,42.14656309549827,83.50449456848496,False,False,False,False,,
336,IMCG,IMCG,AMEX:IMCG,US,iShares Morningstar Mid-Cap Growth ETF,4.075,Mid-Cap Growth,Long,156462.45,,https://www.tradingview.com/chart/?symbol=AMEX%3AIMCG,False,,13.942118822617985,16.974356188353187,95.19999694824219,76.06999969482422,81.8378402709961,0.7827330336517451,14.477168756146474,77.81774507072018,False,False,False,False,,
337,MSLC,MSLC,AMEX:MSLC,US,Morgan Stanley Pathway Large Cap Equity ETF,4.054,Large Blend,Long,61219.5,,https://www.tradingview.com/chart/?symbol=AMEX%3AMSLC,False,,18.623323664528357,21.30628755702492,60.71269989013672,50.38999938964844,53.02611985778809,0.9241449120246271,42.960658989604944,,False,False,False,False,,
338,DON,DON,AMEX:DON,US,WisdomTree U.S. MidCap Dividend Fund,4.052,Mid-Cap Value,Long,151923.95,,https://www.tradingview.com/chart/?symbol=AMEX%3ADON,True,2026-09-25 13:30,-75.58437720195043,-74.5661417134995,54.86000061035156,51.244998931884766,53.058659255981446,0.47039701138253837,20.81408542241246,71.14433239182306,False,False,False,False,,
339,XOP,XOP,AMEX:XOP,US,State Street SPDR S&P Oil & Gas Exploration & Production ETF,4.044,Equity Energy,Long,2537412.55,,https://www.tradingview.com/chart/?symbol=AMEX%3AXOP,False,,-59.520036827147244,-53.73164421652007,181.50999450683594,152.32000732421875,163.55360516357422,0.6132351427931219,59.02789802365522,73.3817255132987,False,False,False,False,,
340,MUU,MUU,AMEX:MUU,US,Direxion Daily MU Bull 2X ETF,4.028,Trading--Leveraged Equity,2X Long,26785422.9,,https://www.tradingview.com/chart/?symbol=AMEX%3AMUU,False,,49.901080151677604,49.901080151677604,37.84000015258789,5.478499889373779,18.758573915481566,0.5750957447303421,11.073293955969204,,False,False,False,False,,
341,XQQ,XQQ.TO,TSX:XQQ,TSX,iShares NASDAQ 100 Index ETF (CAD-Hedged),3.992,US Equity,Long,101792.35,,https://www.tradingview.com/chart/?symbol=TSX%3AXQQ,False,,51.56571164124775,51.56571164124775,74.33999633789062,56.31999969482422,60.68836019897461,0.9735275290862905,23.36366699773235,67.70311532613123,True,False,False,False,,
342,JIVE,JIVE,AMEX:JIVE,US,JPMorgan International Value ETF,3.987,Foreign Large Value,Long,300480.8,,https://www.tradingview.com/chart/?symbol=AMEX%3AJIVE,False,,-47.666696455778414,-44.20072896528341,97.30999755859375,82.5199966430664,86.66179736328125,0.842734948359224,63.30791705836403,,False,False,False,False,,
343,ILF,ILF,AMEX:ILF,US,iShares Latin America 40 ETF,3.98,Focused Region,Long,3014460.35,,https://www.tradingview.com/chart/?symbol=AMEX%3AILF,False,,-52.098588185128484,-52.098588185128484,34.75,32.59000015258789,33.9057003326416,0.3874438657965737,34.68827121121847,59.669189175598625,False,False,False,False,,
344,IWX,IWX,AMEX:IWX,US,iShares Russell Top 200 Value ETF,3.975,Large Value,Long,288989.75,,https://www.tradingview.com/chart/?symbol=AMEX%3AIWX,False,,-45.406209695703836,-40.60738586533458,111.29000091552734,90.87000274658203,96.29092123413086,0.8889858017492808,52.72578697640251,83.09602327397629,False,False,False,False,,
345,CALF,CALF,AMEX:CALF,US,Pacer US Small Cap Cash Cows ETF,3.948,Small Value,Long,515325.15,,https://www.tradingview.com/chart/?symbol=AMEX%3ACALF,True,2026-09-25 09:30,-72.39022744294489,-70.35388718541833,54.09000015258789,44.029998779296875,47.31275874328613,0.7232208111894862,59.41791302287314,73.2494163555084,False,False,False,False,,
346,AAXJ,AAXJ,AMEX:AAXJ,US,iShares MSCI All Country Asia ex Japan ETF,3.942,Pacific/Asia ex-Japan Stk,Long,453746.6,,https://www.tradingview.com/chart/?symbol=AMEX%3AAAXJ,False,,14.086783842801736,14.086783842801736,118.47000122070312,92.91000366210938,100.3605235900879,0.8096293254885338,35.124679567192054,75.9122182205973,False,False,False,False,,
347,SMMD,SMMD,AMEX:SMMD,US,iShares Russell 2500 ETF,3.924,Small Blend,Long,159870.45,,https://www.tradingview.com/chart/?symbol=AMEX%3ASMMD,True,2026-09-25 13:30,-54.85330784389105,-54.59533732609632,86.7300033569336,73.73999786376953,78.37975872802734,0.6607326080106299,8.547496523454853,75.05855023222419,False,False,False,False,,
348,XT,XT,AMEX:XT,US,iShares Future Exponential Technologies ETF,3.91,Technology,Long,60337.2,,https://www.tradingview.com/chart/?symbol=AMEX%3AXT,False,,53.09084968244729,53.09084968244729,84.0459976196289,65.7750015258789,70.1728620300293,0.9804665414138718,30.770731208400733,73.95062910912314,False,False,False,False,,
349,IVOO,IVOO,AMEX:IVOO,US,Vanguard S&P Mid-Cap 400 ETF,3.858,Mid-Cap Blend,Long,74533.7,,https://www.tradingview.com/chart/?symbol=AMEX%3AIVOO,True,2026-09-25 13:30,-53.38291157337786,-53.38291157337786,123.51000213623047,111.05999755859375,116.27087799072265,0.5638588562128767,0.012305651801561032,71.67388622942521,False,False,False,False,,
350,FLTW,FLTW,AMEX:FLTW,US,Franklin FTSE Taiwan ETF,3.825,Greater China Region,Long,243423.1,,https://www.tradingview.com/chart/?symbol=AMEX%3AFLTW,False,,40.92105929286951,44.9714125591039,111.1500015258789,66.23999786376953,76.90955764770507,0.9933644010520161,52.05177867296811,88.55010325996346,False,False,False,False,,
351,DFGR,DFGR,AMEX:DFGR,US,Dimensional Global Real Estate ETF,3.824,Global Real Estate,Long,413536.2,,https://www.tradingview.com/chart/?symbol=AMEX%3ADFGR,True,2026-09-25 13:30,-75.58431827840928,-74.7421587944075,27.360000610351562,26.075000762939453,27.093340438842773,0.2977984371670979,-23.438927128671605,72.339441295496,False,False,False,False,,
352,INTF,INTF,AMEX:INTF,US,iShares International Equity Factor ETF,3.814,Foreign Large Blend,Long,236767.6,,https://www.tradingview.com/chart/?symbol=AMEX%3AINTF,False,,-42.95920631478325,-38.32790281848158,42.220001220703125,37.459999084472656,38.86301901245117,0.8006732347479476,51.19411928500369,70.92612120790885,False,False,False,False,,
353,EWU,EWU,AMEX:EWU,US,iShares MSCI United Kingdom ETF,3.76,Focused Region,Long,933170.8,,https://www.tradingview.com/chart/?symbol=AMEX%3AEWU,True,2026-09-25 09:30,-57.018389191786504,-53.85868285322319,47.32500076293945,43.86000061035156,45.16272071838379,0.6277173668916094,42.736148721822246,66.65293926807487,False,False,False,False,,
354,LRGF,LRGF,AMEX:LRGF,US,iShares U.S. Equity Factor ETF,3.718,Large Blend,Long,147103.45,,https://www.tradingview.com/chart/?symbol=AMEX%3ALRGF,False,,19.583038921154472,22.50472283655128,78.80000305175781,64.16000366210938,67.73540222167969,0.9663369826865551,50.06164236062934,69.72913688890164,False,False,False,False,,
355,MLPX,MLPX,AMEX:MLPX,US,Global X MLP & Energy Infrastructure ETF,3.711,Energy Limited Partnership,Long,348577.75,,https://www.tradingview.com/chart/?symbol=AMEX%3AMLPX,False,,-77.10851956527593,-77.10851956527593,70.94000244140625,70.19999694824219,71.95229766845704,0.09966399852036045,30.089177055764722,73.96587774236296,False,True,False,False,,
356,IYH,IYH,AMEX:IYH,US,iShares U.S. Healthcare ETF,3.691,Health,Long,520962.8,,https://www.tradingview.com/chart/?symbol=AMEX%3AIYH,False,,48.22822970634334,54.065150286756484,72.41500091552734,59.845001220703125,63.264640716552734,0.8674949308484003,55.783473528561444,58.73306551638901,False,False,False,False,,
357,EEMV,EEMV,AMEX:EEMV,US,iShares MSCI Emerging Markets Min Vol Factor ETF,3.688,Diversified Emerging Mkts,Long,104420.25,,https://www.tradingview.com/chart/?symbol=AMEX%3AEEMV,False,,-6.360438559653256,-6.360438559653256,75.48999786376953,63.04999923706055,66.37877912902832,0.8819566841855168,44.37521567312962,79.27363247143211,False,False,False,False,,
358,DCOR,DCOR,AMEX:DCOR,US,Dimensional US Core Equity 1 ETF,3.557,Large Blend,Long,110530.45,,https://www.tradingview.com/chart/?symbol=AMEX%3ADCOR,False,,-11.402671264194225,-9.795341044730675,83.76000213623047,70.1781997680664,73.83898519897461,0.8755785935510335,40.39740560360142,,False,False,False,False,,
359,GCOW,GCOW,AMEX:GCOW,US,Pacer Global Cash Cows Dividend ETF,3.555,Global Large-Stock Value,Long,227828.6,,https://www.tradingview.com/chart/?symbol=AMEX%3AGCOW,False,,-72.10471118375621,-66.53003561514642,45.470001220703125,43.060001373291016,44.232920761108396,0.48490967912776173,38.540336080510684,69.06022289428984,False,False,False,False,,
360,FRDM,FRDM,AMEX:FRDM,US,Freedom 100 Emerging Markets ETF,3.51,Diversified Emerging Mkts,Long,64258.2,,https://www.tradingview.com/chart/?symbol=AMEX%3AFRDM,False,,25.65839049136376,25.65839049136376,72.20999908447266,52.2599983215332,57.95939958190918,0.8260868054310536,36.119358933875304,81.0967531486075,False,False,False,False,,
361,XGD,XGD.TO,TSX:XGD,TSX,iShares S&P/TSX Global Gold Index ETF,3.499,Materials,Long,590633.85,,https://www.tradingview.com/chart/?symbol=TSX%3AXGD,False,,-28.384345946719197,-28.384345946719197,58.665000915527344,43.959999084472656,48.982078796386716,0.6910245617758708,30.71271132472089,48.0994352453064,False,False,False,False,,
362,VNQI,VNQI,AMEX:VNQI,US,Vanguard Global ex-U.S. Real Estate ETF,3.478,Global Real Estate,Long,257192.05,,https://www.tradingview.com/chart/?symbol=AMEX%3AVNQI,True,2026-09-25 13:30,-62.51760183039903,-62.51760183039903,43.08000183105469,42.974998474121094,44.21352673339844,0.02000825742223049,-54.03843333055835,20.634295077164808,False,True,False,False,,"NEAR: 4h+band ok, weekly shallow"
363,FHLC,FHLC,AMEX:FHLC,US,Fidelity MSCI Health Care Index ETF,3.476,Health,Long,195280.65,,https://www.tradingview.com/chart/?symbol=AMEX%3AFHLC,False,,32.788643365762226,40.39766357123923,82.62999725341797,68.55999755859375,72.46933813476562,0.8493810818677897,54.51826363974462,63.10877400410135,False,False,False,False,,
364,CGMM,CGMM,AMEX:CGMM,US,Capital Group U.S. Small and Mid Cap ETF,3.441,Mid-Cap Blend,Long,673508.25,,https://www.tradingview.com/chart/?symbol=AMEX%3ACGMM,False,,-41.88630088626948,-36.23789256550082,31.594999313354492,28.405000686645508,29.66288066864014,0.598498812827546,12.468739766731217,,False,False,False,False,,
365,SPHD,SPHD,AMEX:SPHD,US,Invesco S&P 500 High Dividend Low Volatility ETF,3.441,Large Value,Long,644489.65,,https://www.tradingview.com/chart/?symbol=AMEX%3ASPHD,False,,-77.04235159875533,-74.56962599274686,48.959999084472656,48.65999984741211,49.819940063476565,0.061037473281601445,22.532901875567706,72.06029154529723,False,True,False,False,,
366,ZWB,ZWB.TO,TSX:ZWB,TSX,BMO Covered Call Canadian Banks Fund,3.414,Financials,Long,193441.75,,https://www.tradingview.com/chart/?symbol=TSX%3AZWB,False,,-0.9001537866853838,-0.5746474952606304,30.65999984741211,24.489999771118164,26.30956000518799,0.8002593103216245,21.84964577514882,83.20865096673751,False,False,False,False,,
367,ACWV,ACWV,AMEX:ACWV,US,iShares MSCI Global Min Vol Factor ETF,3.4,Global Large-Stock Blend,Long,32558.2,,https://www.tradingview.com/chart/?symbol=AMEX%3AACWV,True,2026-09-25 13:30,-69.92489607833879,-69.92489607833879,124.1500015258789,117.0999984741211,119.75971768188477,0.6255550267705853,56.068409322090645,63.11886241099254,False,False,False,False,,
368,BOTZ,BOTZ,AMEX:BOTZ,US,Global X Robotics & Artificial Intelligence ETF,3.399,Technology,Long,612684.25,,https://www.tradingview.com/chart/?symbol=AMEX%3ABOTZ,False,,5.577706130859298,5.577706130859298,35.400001525878906,32.0,34.27740036010742,0.35233170862832996,-33.80460785402573,33.11924201678125,False,False,False,False,,
369,TSLL,TSLL,AMEX:TSLL,US,Direxion Daily TSLA Bull 2X ETF,3.397,Trading--Leveraged Equity,2X Long,106549464.7,,https://www.tradingview.com/chart/?symbol=AMEX%3ATSLL,False,,40.57242348012816,40.57242348012816,9.930100440979004,6.730199813842773,9.165672477722168,0.3100739167407658,-34.54261268331754,-33.379662146047266,False,False,False,False,,
370,FELV,FELV,AMEX:FELV,US,Fidelity Enhanced Large Cap Value ETF,3.392,Large Value,Long,161748.05,,https://www.tradingview.com/chart/?symbol=AMEX%3AFELV,True,2026-09-25 09:30,-64.61887344137409,-59.97043724296467,41.97999954223633,34.16999816894531,36.29163856506348,0.8687430383909533,49.5498671841925,,False,False,False,False,,
371,IHI,IHI,AMEX:IHI,US,iShares U.S. Medical Devices ETF,3.38,Health,Long,2264115.15,,https://www.tradingview.com/chart/?symbol=AMEX%3AIHI,False,,-27.472391816117366,-27.472391816117366,51.61000061035156,47.540000915527344,49.694680267333986,0.44578323320968644,14.744442522116685,-45.40648481186321,False,False,False,False,,
372,SITU,SITU.NE,NEO:SITU,NEO,Scotia U.S. Equity Index Tracker ETF,3.38,US Equity,Long,66301.05,,https://www.tradingview.com/chart/?symbol=NEO%3ASITU,False,,50.23421651875393,50.74946481753296,49.88999938964844,40.150001525878906,42.465160949707034,0.9928644533899096,40.63652122737651,71.67356610251349,False,False,False,False,,
373,GSUS,GSUS,AMEX:GSUS,US,Goldman Sachs MarketBeta U.S. Equity ETF,3.376,Large Blend,Long,108923.35,,https://www.tradingview.com/chart/?symbol=AMEX%3AGSUS,False,,18.54468938977055,18.54468938977055,106.69000244140625,87.02999877929688,91.85619985961914,0.9613691570323042,46.85252792119854,69.41923456013873,False,False,False,False,,
374,BULZ,BULZ,AMEX:BULZ,US,MicroSectors Solactive FANG & Innovation 3X Leveraged ETN,3.362,Trading--Leveraged Equity,3X Long,550814.95,,https://www.tradingview.com/chart/?symbol=AMEX%3ABULZ,False,,47.32268513676389,47.32268513676389,45.474998474121094,15.329999923706055,24.810119941711427,0.7504356109823587,27.957409069979764,54.54646515958742,False,False,False,False,,
375,WTV,WTV,AMEX:WTV,US,WisdomTree US Value Fund of Benef Interest,3.357,Mid-Cap Value,Long,164342.05,,https://www.tradingview.com/chart/?symbol=AMEX%3AWTV,True,2026-09-25 13:30,-80.89119065124203,-80.33934421438074,104.13999938964844,93.4000015258789,97.2267406616211,0.6623496940713263,48.24145940612772,73.19544251314711,False,False,False,False,,
376,XYLD,XYLD,AMEX:XYLD,US,Global X S&P 500 Covered Call ETF,3.349,Derivative Income,Long,408177.55,,https://www.tradingview.com/chart/?symbol=AMEX%3AXYLD,False,,-2.1618248558241535,2.5048022310396028,41.650001525878906,38.349998474121094,39.14059901428222,0.9850748648060825,63.278581012598806,73.71453713476102,False,False,False,False,,
377,PTLC,PTLC,AMEX:PTLC,US,Pacer Trendpilot US Large Cap ETF,3.34,Large Blend,Long,83817.7,,https://www.tradingview.com/chart/?symbol=AMEX%3APTLC,False,,26.485881737390304,27.98574327318721,60.25,51.709999084472656,53.8151195526123,0.957398992868827,47.93001515367382,60.59052545801432,False,False,False,False,,
378,SKYY,SKYY,AMEX:SKYY,US,First Trust Cloud Computing ETF,3.312,Technology,Long,246452.35,,https://www.tradingview.com/chart/?symbol=AMEX%3ASKYY,False,,43.289893072701126,43.289893072701126,164.77000427246094,104.11000061035156,119.3839208984375,0.9372682712914565,65.12189374248452,47.49806088292624,False,False,False,False,,
380,XEI,XEI.TO,TSX:XEI,TSX,iShares S&P/TSX Composite High Dividend Index ETF,3.209,High Dividend Yield,Long,154448.6,,https://www.tradingview.com/chart/?symbol=TSX%3AXEI,True,2026-09-25 13:30,-79.39666086570558,-79.39666086570558,39.02000045776367,35.70000076293945,36.9012407989502,0.6522592525142151,27.07906977462672,80.62572263177152,False,False,False,False,,
381,FWD,FWD,AMEX:FWD,US,AB Disruptors ETF,3.205,Global Large-Stock Growth,Long,158130.3,,https://www.tradingview.com/chart/?symbol=AMEX%3AFWD,False,,51.260178669282624,51.260178669282624,133.07000732421875,103.52999877929688,114.23849877929688,0.6510194720643939,-19.192074676824472,70.1004822179634,False,False,False,False,,
382,FNDC,FNDC,AMEX:FNDC,US,Schwab Fundamental International Small Equity ETF,3.19,Foreign Small/Mid Value,Long,103092.1,,https://www.tradingview.com/chart/?symbol=AMEX%3AFNDC,False,,-38.82679033992147,-37.56875239935156,50.439998626708984,44.79999923706055,46.41895938110351,0.822157272280388,48.9982474988229,66.82368691849794,False,False,False,False,,
383,SPUS,SPUS,AMEX:SPUS,US,SP Funds S&P 500 Sharia Industry Exclusions ETF,3.171,Large Growth,Long,390807.15,,https://www.tradingview.com/chart/?symbol=AMEX%3ASPUS,False,,42.42969500795016,43.3177306432702,60.01499938964844,46.654998779296875,49.849258743286136,0.9870706140352113,48.86574195940458,69.63604835077227,False,False,False,False,,
384,CGGE,CGGE,AMEX:CGGE,US,Capital Group Global Equity ETF,3.169,Global Large-Stock Blend,Long,467355.5,,https://www.tradingview.com/chart/?symbol=AMEX%3ACGGE,False,,13.906425981726448,17.145347913700117,35.13999938964844,29.520000457763672,31.05046060180664,0.8666150197293654,27.50731485365593,,False,False,False,False,,
385,AVSC,AVSC,AMEX:AVSC,US,Avantis U.S Small Cap Equity ETF,3.152,Small Value,Long,102088.15,,https://www.tradingview.com/chart/?symbol=AMEX%3AAVSC,True,2026-09-25 09:30,-57.66708830293302,-54.72510871998558,70.19000244140625,60.09000015258789,63.66776011657715,0.6662270706119091,15.6918493712746,74.55042230922663,False,False,False,False,,
386,BDYN,BDYN,AMEX:BDYN,US,iShares Dynamic Equity Active ETF,3.117,Global Large-Stock Blend,Long,405836.6,,https://www.tradingview.com/chart/?symbol=AMEX%3ABDYN,False,,14.25229605449349,17.143864488524233,28.15999984741211,23.58009910583496,24.795475608825683,0.8893183078268361,34.29830168444406,,False,False,False,False,,
387,CGNG,CGNG,AMEX:CGNG,US,Capital Group New Geography Equity ETF,3.112,Diversified Emerging Mkts,Long,527046.75,,https://www.tradingview.com/chart/?symbol=AMEX%3ACGNG,False,,11.34230400080156,11.34230400080156,37.05500030517578,30.274999618530273,32.1240598526001,0.8653477764358852,34.3116490376549,,False,False,False,False,,
388,GARP,GARP,AMEX:GARP,US,iShares MSCI USA Quality GARP ETF,3.087,Large Growth,Long,211350.85,,https://www.tradingview.com/chart/?symbol=AMEX%3AGARP,False,,46.79413370841874,47.85552469283878,85.61000061035156,61.59000015258789,67.29766047668457,0.9931775519471516,48.26454725770781,74.16946359780569,False,False,False,False,,
389,PXF,PXF,AMEX:PXF,US,Invesco RAFI Developed Markets ex-U.S. ETF,3.06,Foreign Large Value,Long,101976.05,,https://www.tradingview.com/chart/?symbol=AMEX%3APXF,True,2026-09-25 09:30,-68.35943139584593,-62.92558347005337,77.75,67.48999786376953,70.56743807983399,0.7868099245310175,56.63915208724401,75.05048202741625,False,False,False,False,,
390,TMSL,TMSL,AMEX:TMSL,US,T. Rowe Price Small-Mid Cap ETF,3.011,Mid-Cap Blend,Long,412432.0,,https://www.tradingview.com/chart/?symbol=AMEX%3ATMSL,False,,-46.371122576429805,-43.74621863235851,41.27000045776367,35.22999954223633,37.47436004638672,0.6351208789445606,0.6503031130024896,,False,False,False,False,,
391,XSMO,XSMO,AMEX:XSMO,US,Invesco S&P SmallCap Momentum ETF,3.009,Small Blend,Long,280620.75,,https://www.tradingview.com/chart/?symbol=AMEX%3AXSMO,False,,-19.424888633639707,-4.971375699229233,82.6500015258789,73.54000091552734,78.2883215637207,0.45278326872490915,-34.27497966521408,71.22712382649608,False,False,False,False,,
392,QGRW,QGRW,AMEX:QGRW,US,WisdomTree U.S. Quality Growth Fund,2.997,Large Growth,Long,207763.65,,https://www.tradingview.com/chart/?symbol=AMEX%3AQGRW,False,,48.627688219541064,49.76578223066036,69.1500015258789,51.220001220703125,55.463280212402346,0.997219386304597,41.28825677011096,65.27657339951166,False,False,False,False,,
393,CQQQ,CQQQ,AMEX:CQQQ,US,Invesco China Technology ETF,2.982,Greater China Region,Long,733209.75,,https://www.tradingview.com/chart/?symbol=AMEX%3ACQQQ,False,,-11.337025653129254,-11.337025653129254,46.38999938964844,44.654998779296875,47.626238815307616,0.13780783076439684,-51.873084206838065,24.55398079089863,False,True,False,False,,
394,SNPE,SNPE,AMEX:SNPE,US,Xtrackers S&P 500 Scored & Screened ETF,2.963,Large Blend,Long,274740.3,,https://www.tradingview.com/chart/?symbol=AMEX%3ASNPE,False,,6.146173079648963,10.59377976503305,70.45999908447266,57.880001068115234,61.178101608276364,0.90017860150355,44.43172577793528,70.37636837122604,False,False,False,False,,
395,JMEE,JMEE,AMEX:JMEE,US,JPMorgan Small & Mid Cap Enhanced Equity ETF,2.953,Small Blend,Long,119051.65,,https://www.tradingview.com/chart/?symbol=AMEX%3AJMEE,False,,-38.40718402233367,-37.23017261152156,74.56999969482422,64.9800033569336,68.48224249267578,0.6462263277925956,6.188303156567905,74.53110735844923,False,False,False,False,,
396,SOXQ,SOXQ,AMEX:SOXQ,US,Invesco PHLX Semiconductor ETF,2.944,Technology,Long,1520967.65,,https://www.tradingview.com/chart/?symbol=AMEX%3ASOXQ,False,,51.44860742141865,51.59996491160467,99.66500091552734,56.220001220703125,70.129841796875,0.7371054953384841,-5.834055419148709,84.66374830994447,False,False,False,False,,
397,CWI,CWI,AMEX:CWI,US,State Street SPDR MSCI ACWI ex-US ETF,2.914,Foreign Large Blend,Long,190439.0,,https://www.tradingview.com/chart/?symbol=AMEX%3ACWI,False,,-13.637591815461468,-12.958948367972342,41.02000045776367,35.43000030517578,36.954560089111325,0.8653252236558505,44.442649820385576,72.04077284492365,False,False,False,False,,
398,ESML,ESML,AMEX:ESML,US,iShares ESG Aware MSCI USA Small-Cap ETF,2.885,Small Blend,Long,50437.05,,https://www.tradingview.com/chart/?symbol=AMEX%3AESML,False,,-50.80551651346767,-49.861132362076766,52.869998931884766,45.630001068115234,48.22600106811524,0.6581816239790483,13.22131977198145,73.00028520125046,False,False,False,False,,
399,SECT,SECT,AMEX:SECT,US,Main Sector Rotation ETF,2.883,Large Blend,Long,97856.9,,https://www.tradingview.com/chart/?symbol=AMEX%3ASECT,False,,29.506760854556713,30.434757442483942,72.36000061035156,58.65999984741211,62.17404060363769,0.9200804442366444,28.522279207505772,68.44078720768334,False,False,False,False,,
400,MDYG,MDYG,AMEX:MDYG,US,State Street SPDR S&P 400 Mid Cap Growth ETF,2.865,Mid-Cap Growth,Long,78049.75,,https://www.tradingview.com/chart/?symbol=AMEX%3AMDYG,False,,-6.338986540208341,-6.338986540208341,105.41000366210938,92.73999786376953,97.68422235107423,0.6047705511928017,-5.018031224589072,72.2645926960335,False,False,False,False,,
401,EQWL,EQWL,AMEX:EQWL,US,Invesco S&P 100 Equal Weight ETF,2.856,Large Value,Long,109022.05,,https://www.tradingview.com/chart/?symbol=AMEX%3AEQWL,True,2026-09-25 09:30,-62.74121327841144,-59.583099560864746,131.0,112.76000213623047,118.13961990356445,0.80017571545476,41.58092616450997,72.94635213157608,False,False,False,False,,
402,IXC,IXC,AMEX:IXC,US,iShares Global Energy ETF,2.854,Equity Energy,Long,436581.65,,https://www.tradingview.com/chart/?symbol=AMEX%3AIXC,False,,-56.667947947257765,-42.8452720201667,57.5099983215332,48.689998626708984,51.491319274902345,0.743049507496023,53.937852762150136,78.18073533006678,False,False,False,False,,
403,IPAC,IPAC,AMEX:IPAC,US,iShares Core MSCI Pacific ETF,2.847,Focused Region,Long,121205.4,,https://www.tradingview.com/chart/?symbol=AMEX%3AIPAC,False,,-27.562339302809278,-24.19136509410539,85.68000030517578,74.03500366210938,77.14076272583007,0.8848784311270115,60.878420825681324,73.12388493792882,False,False,False,False,,
404,MDYV,MDYV,AMEX:MDYV,US,State Street SPDR S&P 400 Mid Cap Value ETF,2.844,Mid-Cap Value,Long,66445.6,,https://www.tradingview.com/chart/?symbol=AMEX%3AMDYV,True,2026-09-25 09:30,-70.9235255980072,-68.09138326099038,90.25,82.81999969482422,86.26088012695313,0.50960215171923,4.580808764987142,70.14296706467263,False,False,False,False,,
405,SPYX,SPYX,AMEX:SPYX,US,State Street SPDR S&P 500 Fossil Fuel Reserves Free ETF,2.84,Large Blend,Long,43812.65,,https://www.tradingview.com/chart/?symbol=AMEX%3ASPYX,False,,21.444793462541938,23.277832369759057,63.220001220703125,51.4900016784668,54.39516110229492,0.9528839860774369,44.081292327035804,68.80810561159399,False,False,False,False,,
406,PRFZ,PRFZ,AMEX:PRFZ,US,Invesco RAFI US 1500 Small-Mid ETF,2.819,Small Blend,Long,77481.25,,https://www.tradingview.com/chart/?symbol=AMEX%3APRFZ,False,,-46.09605928661869,-43.99704072218447,52.86000061035156,44.47999954223633,47.38869972229004,0.6799189086716653,17.308981689148062,73.7054259138783,False,False,False,False,,
407,USD,USD,AMEX:USD,US,ProShares Ultra Semiconductors,2.776,Trading--Leveraged Equity,2X Long,582541.75,,https://www.tradingview.com/chart/?symbol=AMEX%3AUSD,False,,43.856800883648056,43.856800883648056,95.4800033569336,43.189998626708984,59.783158950805664,0.743706495646411,-3.3967596701163867,75.14568984053025,False,False,False,False,,
408,DIVI,DIVI,AMEX:DIVI,US,Franklin International Core Dividend Tilt Index Fund,2.754,Foreign Large Value,Long,209275.55,,https://www.tradingview.com/chart/?symbol=AMEX%3ADIVI,True,2026-09-25 09:30,-58.12566500565101,-53.03532080176296,43.29999923706055,38.38999938964844,39.892092071533206,0.7714304037053774,44.03838582673632,71.84342737702684,False,False,False,False,,
409,PSC,PSC,AMEX:PSC,US,Principal U.S. Small-Cap ETF,2.721,Small Blend,Long,180890.3,,https://www.tradingview.com/chart/?symbol=AMEX%3APSC,False,,-43.324960197904836,-39.71642701389022,67.4800033569336,55.68000030517578,59.24832095336914,0.7804233404934583,20.980215739680116,77.17932086467285,False,False,False,False,,
410,JMOM,JMOM,AMEX:JMOM,US,JPMorgan U.S. Momentum Factor ETF,2.701,Large Blend,Long,132290.95,,https://www.tradingview.com/chart/?symbol=AMEX%3AJMOM,False,,41.229805571622684,42.810784412964345,84.08000183105469,65.7300033569336,70.43820263671876,0.9197995629637391,23.786695767168805,77.1139495104669,False,False,False,False,,
411,TQCD,TQCD.TO,TSX:TQCD,TSX,TD Q Canadian Dividend ETF,2.683,Canadian Dividend and Income Equity,Long,150525.6,,https://www.tradingview.com/chart/?symbol=TSX%3ATQCD,False,,-44.60464421158764,-44.60464421158764,29.309999465942383,25.6299991607666,26.70615948486328,0.8070173677425615,48.24628926098605,74.64102286287127,False,False,False,False,,
412,FLIN,FLIN,AMEX:FLIN,US,Franklin FTSE India ETF,2.674,India Equity,Long,168164.05,,https://www.tradingview.com/chart/?symbol=AMEX%3AFLIN,False,,-39.113499979808346,-39.113499979808346,34.435001373291016,32.31999969482422,33.33951962280273,0.48958375645275515,-5.281903412296075,-40.611183684906486,False,False,False,False,,
413,PSI,PSI,AMEX:PSI,US,Invesco Semiconductors ETF,2.644,Technology,Long,364262.8,,https://www.tradingview.com/chart/?symbol=AMEX%3APSI,False,,52.82079897455801,54.422922811541355,150.50999450683594,88.41510009765625,111.86521618652344,0.6249178053119958,-20.28938003249772,84.51046223059289,False,False,False,False,,
414,CNEQ,CNEQ,AMEX:CNEQ,US,Alger Concentrated Equity ETF,2.622,Large Growth,Long,247896.75,,https://www.tradingview.com/chart/?symbol=AMEX%3ACNEQ,False,,42.31257756595957,42.31257756595957,40.90999984741211,29.655000686645508,32.52830095672607,0.9244351624504735,25.35639862656447,,False,False,False,False,,
415,SCHY,SCHY,AMEX:SCHY,US,Schwab International Dividend Equity ETF,2.617,Foreign Large Value,Long,546316.05,,https://www.tradingview.com/chart/?symbol=AMEX%3ASCHY,True,2026-09-25 09:30,-68.97110512675373,-67.20044121399299,32.06999969482422,30.790000915527344,31.495640411376954,0.42809354307804187,36.46270050462743,67.64969397573512,False,False,False,False,,
416,PICK,PICK,AMEX:PICK,US,iShares MSCI Global Metals & Mining Producers ETF,2.612,Natural Resources,Long,624921.45,,https://www.tradingview.com/chart/?symbol=AMEX%3APICK,False,,-45.36255613629754,-45.36255613629754,61.119998931884766,51.810001373291016,55.81964176940918,0.5479691959297027,25.66900269204579,63.099292055183646,False,False,False,False,,
417,ZEM,ZEM.TO,TSX:ZEM,TSX,BMO MSCI Emerging Markets Index ETF,2.561,Total Market,Long,106257.2,,https://www.tradingview.com/chart/?symbol=TSX%3AZEM,False,,30.870522771916217,31.857289039420746,34.619998931884766,27.360000610351562,29.50996075439453,0.7969262168087861,34.189641383060405,76.89475191960086,False,False,False,False,,
418,FSMD,FSMD,AMEX:FSMD,US,Fidelity Small-Mid Multifactor ETF,2.556,Small Blend,Long,106860.5,,https://www.tradingview.com/chart/?symbol=AMEX%3AFSMD,True,2026-09-25 09:30,-63.51350861200291,-58.81855668116017,49.834999084472656,43.45000076293945,45.80292015075683,0.6404212620644136,5.986817254723799,75.51114284650117,False,False,False,False,,
419,NULV,NULV,AMEX:NULV,US,Nuveen ESG Large-Cap Value ETF,2.548,Large Value,Long,318917.3,,https://www.tradingview.com/chart/?symbol=AMEX%3ANULV,False,,-8.68716300863605,-5.66025922916787,53.43000030517578,44.59000015258789,46.85559979248047,0.9208334955904477,57.99695084478733,78.1762030214872,False,False,False,False,,
420,CGIC,CGIC,AMEX:CGIC,US,Capital Group International Core Equity ETF,2.547,Foreign Large Blend,Long,360555.75,,https://www.tradingview.com/chart/?symbol=AMEX%3ACGIC,False,,-12.42755620124503,-10.828286735659526,36.709999084472656,32.130001068115234,33.36664056396484,0.8740457792978333,44.242623038715614,,False,False,False,False,,
421,FTHI,FTHI,AMEX:FTHI,US,First Trust BuyWrite Income ETF,2.527,Derivative Income,Long,563753.15,,https://www.tradingview.com/chart/?symbol=AMEX%3AFTHI,False,,-22.811965665189984,-22.811965665189984,23.735000610351562,22.454999923706055,22.90575988769531,0.6701574811012693,52.69235954064002,64.16662477034012,False,False,False,False,,
422,RING,RING,AMEX:RING,US,iShares MSCI Global Gold Miners ETF,2.502,Equity Precious Metals,Long,932039.85,,https://www.tradingview.com/chart/?symbol=AMEX%3ARING,False,,-48.11773336024842,-48.11773336024842,81.30999755859375,60.55500030517578,68.24685342407227,0.6368009471961108,29.898994660045418,45.38580432740738,False,False,False,False,,
423,FEGE,FEGE,AMEX:FEGE,US,First Eagle Global Equity ETF,2.499,Global Large-Stock Blend,Long,339284.85,,https://www.tradingview.com/chart/?symbol=AMEX%3AFEGE,True,2026-09-25 13:30,-62.46903825118619,-62.07647963695379,51.209999084472656,45.849998474121094,47.641238510131835,0.7061924245843413,56.27969615610463,,False,False,False,False,,
424,CGIE,CGIE,AMEX:CGIE,US,Capital Group International Equity ETF,2.493,Foreign Large Growth,Long,370065.45,,https://www.tradingview.com/chart/?symbol=AMEX%3ACGIE,False,,-24.068643952269166,-21.606255963598784,37.13999938964844,32.61000061035156,33.97526057434082,0.7830594466347907,41.1521214483307,,False,False,False,False,,
425,BSVO,BSVO,AMEX:BSVO,US,EA Bridgeway Omni Small-Cap Value ETF,2.489,Small Value,Long,124128.45,,https://www.tradingview.com/chart/?symbol=AMEX%3ABSVO,False,,-76.34205741197974,-70.31892527653496,28.510000228881836,24.305200576782227,25.684573150634765,0.7194087635974648,27.826304485322794,73.33424381234629,False,False,False,False,,
426,PWB,PWB,AMEX:PWB,US,Invesco Large Cap Growth ETF,2.487,Large Growth,Long,117576.1,,https://www.tradingview.com/chart/?symbol=AMEX%3APWB,False,,53.466516930117,53.66580980543299,163.41000366210938,121.1500015258789,132.31516275024413,0.8932571866840552,8.093353932912652,74.31502487927808,False,False,False,False,,
427,APUE,APUE,AMEX:APUE,US,ActivePassive U.S. Equity ETF,2.484,Large Blend,Long,117781.15,,https://www.tradingview.com/chart/?symbol=AMEX%3AAPUE,False,,24.204966535979434,26.2555966508336,47.540000915527344,38.77000045776367,40.97424049377442,0.9389721964119792,42.299536374647964,71.34928313250039,False,False,False,False,,
428,DFSU,DFSU,AMEX:DFSU,US,Dimensional US Sustainability Core 1 ETF,2.434,Large Blend,Long,92405.95,,https://www.tradingview.com/chart/?symbol=AMEX%3ADFSU,False,,-4.388226297012619,-3.2386944868103487,47.869998931884766,39.93000030517578,42.06816062927246,0.8763794065325629,38.66718277864829,68.3365594089371,False,False,False,False,,
429,ACIO,ACIO,AMEX:ACIO,US,Aptus Collared Investment Opportunity ETF,2.41,Equity Hedged,Long,132430.25,,https://www.tradingview.com/chart/?symbol=AMEX%3AACIO,False,,31.927813981174705,34.270297141956654,47.3849983215332,41.2599983215332,42.7656785736084,0.9600311872376275,37.86244814529091,64.25981681454543,False,False,False,False,,
430,FNCL,FNCL,AMEX:FNCL,US,Fidelity MSCI Financials Index ETF,2.396,Financial,Long,96725.0,,https://www.tradingview.com/chart/?symbol=AMEX%3AFNCL,False,,-75.71758812082014,-67.67666128345856,77.73999786376953,67.91999816894531,71.54967932128906,0.6384913249148763,40.02363733082091,55.756412127232444,False,False,False,False,,
431,MLPA,MLPA,AMEX:MLPA,US,Global X MLP ETF,2.39,Energy Limited Partnership,Long,158615.45,,https://www.tradingview.com/chart/?symbol=AMEX%3AMLPA,False,,-79.1409494119046,-79.1409494119046,54.38999938964844,51.810001373291016,53.19178126525879,0.4406487135901614,58.4500485642821,76.14293390001161,False,False,False,False,,
432,EWL,EWL,AMEX:EWL,US,iShares MSCI Switzerland ETF,2.389,Focused Region,Long,504798.65,,https://www.tradingview.com/chart/?symbol=AMEX%3AEWL,False,,-11.929469896629334,-10.090582366037122,60.66999816894531,56.30500030517578,58.27913980102539,0.521816972921799,1.1328059945295148,64.38982319680791,False,False,False,False,,
433,HDEF,HDEF,AMEX:HDEF,US,Xtrackers MSCI EAFE High Dividend Yield Equity ETF,2.338,Foreign Large Value,Long,115104.6,,https://www.tradingview.com/chart/?symbol=AMEX%3AHDEF,False,,-69.89978716808942,-58.90449395532502,33.029998779296875,31.284000396728516,32.05595637512207,0.5337812385929352,46.40458642812891,67.2776014469531,False,False,False,False,,
434,FAS,FAS,AMEX:FAS,US,Direxion Daily Financial Bull 3X ETF,2.334,Trading--Leveraged Equity,3X Long,286342.5,,https://www.tradingview.com/chart/?symbol=AMEX%3AFAS,False,,-75.4922837534172,-67.57011409198576,152.3800048828125,107.95999908447266,126.51344467163085,0.5650228858656913,37.40835185595955,24.97855555831006,False,False,False,False,,
435,EPP,EPP,AMEX:EPP,US,iShares MSCI Pacific ex-Japan ETF,2.326,Pacific/Asia ex-Japan Stk,Long,206702.7,,https://www.tradingview.com/chart/?symbol=AMEX%3AEPP,False,,-43.81238013298732,-43.81238013298732,55.334999084472656,51.8650016784668,53.436761642456055,0.5210206434695646,40.30605910893736,66.37130146890246,False,False,False,False,,
436,ITB,ITB,AMEX:ITB,US,iShares U.S. Home Construction ETF,2.32,Consumer Cyclical,Long,1733198.0,,https://www.tradingview.com/chart/?symbol=AMEX%3AITB,False,,-16.190131041559514,-14.43091182099811,89.4800033569336,86.28500366210938,90.66162322998046,0.17228363495739962,-43.13752715396429,-20.871507232477672,False,True,False,False,,
437,BGIG,BGIG,AMEX:BGIG,US,Bahl & Gaynor Income Growth ETF,2.315,Large Value,Long,130613.6,,https://www.tradingview.com/chart/?symbol=AMEX%3ABGIG,True,2026-09-25 13:30,-65.48311582030225,-65.01698181321235,35.724998474121094,32.720001220703125,33.86814071655274,0.6176769934056283,28.743268813257014,,False,False,False,False,,
438,COWG,COWG,AMEX:COWG,US,Pacer US Large Cap Cash Cows Growth Leaders ETF,2.314,Mid-Cap Growth,Long,229752.15,,https://www.tradingview.com/chart/?symbol=AMEX%3ACOWG,False,,49.264371041915034,49.264371041915034,39.88999938964844,32.790000915527344,34.626080627441404,0.9125963480887285,42.54457139608886,63.95477352371546,False,False,False,False,,
439,FIDU,FIDU,AMEX:FIDU,US,Fidelity MSCI Industrial Index ETF,2.284,Industrials,Long,100929.1,,https://www.tradingview.com/chart/?symbol=AMEX%3AFIDU,False,,-10.236708540258775,-8.303854765050728,90.3949966430664,83.70999908447266,87.4789193725586,0.4185971851979247,-25.587246744271358,65.24310810811258,False,False,False,False,,
440,EWP,EWP,AMEX:EWP,US,iShares MSCI Spain ETF,2.277,Focused Region,Long,348149.15,,https://www.tradingview.com/chart/?symbol=AMEX%3AEWP,False,,-33.517561596429324,-24.584366886813797,61.15999984741211,51.650001525878906,54.38052145385742,0.8219532041809346,48.4824627342947,69.6808610096388,False,False,False,False,,
441,HFXI,HFXI,AMEX:HFXI,US,NYLIM FTSE International Equity Currency Neutral ETF,2.265,Foreign Large Blend,Long,421386.25,,https://www.tradingview.com/chart/?symbol=AMEX%3AHFXI,False,,-12.969121993404064,-10.247571538474064,37.68000030517578,32.54999923706055,33.982519165039065,0.8451402514055306,32.840250981195396,74.75190310182977,False,False,False,False,,
442,FUTY,FUTY,AMEX:FUTY,US,Fidelity MSCI Utilities Index ETF,2.251,Utilities,Long,387702.15,,https://www.tradingview.com/chart/?symbol=AMEX%3AFUTY,True,2026-09-25 13:30,-75.04549705196408,-73.86455978643767,51.18000030517578,50.88999938964844,53.33023942565918,0.028046509791855512,-59.57344903182877,35.494142641180666,False,True,False,False,,"NEAR: 4h+band ok, weekly shallow"
443,SPGP,SPGP,AMEX:SPGP,US,Invesco S&P 500 GARP ETF,2.241,Large Value,Long,75705.3,,https://www.tradingview.com/chart/?symbol=AMEX%3ASPGP,True,2026-09-25 09:30,-72.48057956973632,-69.83240382374487,119.97000122070312,104.2300033569336,110.08870083618164,0.6340384546235994,19.002933953386385,66.47709553360592,False,False,False,False,,
444,IYG,IYG,AMEX:IYG,US,iShares US Financial Services ETF,2.235,Financial,Long,77891.35,,https://www.tradingview.com/chart/?symbol=AMEX%3AIYG,False,,-72.09926013292947,-64.95096704512794,92.55000305175781,80.11499786376953,84.46565908813477,0.674532231544506,42.53359935465522,55.139190064571665,False,False,False,False,,
445,FINN,FINN.NE,NEO:FINN,NEO,Fidelity Global Innovators ETF,2.224,Total Market,Long,194894.7,,https://www.tradingview.com/chart/?symbol=NEO%3AFINN,False,,69.16632716906285,69.16632716906285,34.41999816894531,22.270000457763672,25.156280349731446,0.9934585581317152,34.608980234892925,82.58585568237912,False,False,False,False,,
446,REMX,REMX,AMEX:REMX,US,VanEck Rare Earth and Strategic Metals ETF,2.211,Natural Resources,Long,544250.6,,https://www.tradingview.com/chart/?symbol=AMEX%3AREMX,False,,-48.54629846571296,-48.54629846571296,66.69000244140625,64.47000122070312,75.39208093261719,0.04796891268925944,-49.28726172883781,32.14845330635964,False,True,False,False,,
447,DES,DES,AMEX:DES,US,WisdomTree U.S. SmallCap Dividend Fund,2.198,Small Value,Long,101949.2,,https://www.tradingview.com/chart/?symbol=AMEX%3ADES,True,2026-09-25 09:30,-67.55177692322461,-65.11392545555714,38.59000015258789,34.814998626708984,36.439859130859375,0.5482934429335872,7.2311280248674095,76.24177094586342,False,False,False,False,,
448,DTCR,DTCR,AMEX:DTCR,US,Global X Data Center And Digital Infrastructure ETF,2.19,Real Estate,Long,662025.6,,https://www.tradingview.com/chart/?symbol=AMEX%3ADTCR,False,,-1.7756686184363772,-1.7756686184363772,27.809999465942383,23.03499984741211,25.266380279541014,0.5050236587841709,-20.417322998879722,75.403348035559,False,False,False,False,,
449,TCHP,TCHP,AMEX:TCHP,US,T. Rowe Price Blue Chip Growth ETF,2.186,Large Growth,Long,201025.65,,https://www.tradingview.com/chart/?symbol=AMEX%3ATCHP,False,,38.08617652931154,39.91416899190755,51.71500015258789,42.5,44.978,0.8776190621512276,16.395887353876805,43.053614708645775,False,False,False,False,,
450,DFEV,DFEV,AMEX:DFEV,US,Dimensional Emerging Markets Value ETF,2.179,Diversified Emerging Mkts,Long,214388.95,,https://www.tradingview.com/chart/?symbol=AMEX%3ADFEV,False,,-17.478136709916924,-17.478136709916924,42.83000183105469,34.755001068115234,37.13142646789551,0.8019187895525413,44.1529533839431,76.4854067810593,False,False,False,False,,
451,IYT,IYT,AMEX:IYT,US,iShares US Transportation ETF,2.168,Industrials,Long,321360.85,,https://www.tradingview.com/chart/?symbol=AMEX%3AIYT,True,2026-09-25 13:30,-63.24123315015054,-63.24123315015054,79.33000183105469,72.18000030517578,76.39732095336915,0.40011194330938066,-18.46365520576487,71.24163869889294,False,False,False,False,,
452,DSTL,DSTL,AMEX:DSTL,US,Distillate US Fundamental Stability & Value ETF,2.161,Large Value,Long,131000.05,,https://www.tradingview.com/chart/?symbol=AMEX%3ADSTL,True,2026-09-25 09:30,-71.35812699055003,-70.15484355655266,64.83999633789062,56.70500183105469,59.88746197509766,0.6032624500284581,61.43022106339347,76.30070451564079,False,False,False,False,,
453,URNM,URNM,AMEX:URNM,US,Sprott Uranium Miners ETF,2.16,Natural Resources,Long,728080.45,,https://www.tradingview.com/chart/?symbol=AMEX%3AURNM,False,,-46.80902975180541,-46.80902975180541,49.130001068115234,47.119998931884766,52.87131867980957,0.08247854839257542,-19.29907631092905,11.332565543955873,False,True,False,False,,
454,IHDG,IHDG,AMEX:IHDG,US,WisdomTree International Hedged Quality Dividend Growth Fund,2.151,Foreign Large Growth,Long,107764.7,,https://www.tradingview.com/chart/?symbol=AMEX%3AIHDG,False,,-2.013157445729861,-0.8382043130139728,52.45000076293945,46.59000015258789,48.34348022460937,0.7886945315829196,28.406208509766458,73.68667555128263,False,False,False,False,,
455,FENY,FENY,AMEX:FENY,US,Fidelity MSCI Energy Index ETF,2.14,Equity Energy,Long,917053.5,,https://www.tradingview.com/chart/?symbol=AMEX%3AFENY,False,,-63.69071100383831,-52.56863620857686,34.209999084472656,29.375,31.057680252075194,0.6781203871194866,58.497046887806114,79.13161908277006,False,False,False,False,,
457,FLQL,FLQL,AMEX:FLQL,US,Franklin U.S. Large Cap Multifactor Index ETF,2.128,Large Blend,Long,79832.15,,https://www.tradingview.com/chart/?symbol=AMEX%3AFLQL,False,,16.466516878364327,19.887787849202542,79.1500015258789,65.52999877929688,68.94017465209961,0.9425674123814598,37.24176976497168,69.9910874309917,False,False,False,False,,
458,XCEM,XCEM,AMEX:XCEM,US,Columbia EM Core ex-China ETF,2.127,Diversified Emerging Mkts,Long,117674.0,,https://www.tradingview.com/chart/?symbol=AMEX%3AXCEM,False,,17.74043116891431,18.322932178038286,52.40999984741211,39.18000030517578,42.90412773132324,0.8383923358921456,35.73428297707493,78.58281085063287,False,False,False,False,,
459,PXH,PXH,AMEX:PXH,US,Invesco RAFI Emerging Markets ETF,2.126,Diversified Emerging Mkts,Long,163441.8,,https://www.tradingview.com/chart/?symbol=AMEX%3APXH,False,,-45.20516530591319,-45.20516530591319,29.25,25.940000534057617,26.96893682098389,0.7591916855182093,64.02612067989406,68.64723111528299,False,False,False,False,,
461,AVIV,AVIV,AMEX:AVIV,US,Avantis International Large Cap Value ETF,2.107,Foreign Large Value,Long,81174.1,,https://www.tradingview.com/chart/?symbol=AMEX%3AAVIV,True,2026-09-25 09:30,-65.46077863626665,-59.43347368114545,81.29000091552734,71.76000213623047,74.62976119995118,0.7837172605696323,59.2904025560739,70.94523157696203,False,False,False,False,,
462,RWJ,RWJ,AMEX:RWJ,US,Invesco S&P SmallCap 600 Revenue ETF,2.097,Small Value,Long,87099.95,,https://www.tradingview.com/chart/?symbol=AMEX%3ARWJ,True,2026-09-25 09:30,-69.33965030970462,-67.23804121157399,57.349998474121094,48.58409881591797,51.94141181945801,0.6161928652927477,19.340184312275756,75.71837566503311,False,False,False,False,,
463,SQQQ,SQQQ,AMEX:SQQQ,US,ProShares UltraPro Short QQQ,2.087,Trading--Inverse Equity,-3X Short,39767135.35,,https://www.tradingview.com/chart/?symbol=AMEX%3ASQQQ,False,,-63.88655744802884,-54.43564741405248,33.7411994934082,33.64500045776367,46.80601295471192,0.0017250171609041257,-33.14404138450946,-50.87307316693737,False,True,False,False,,
465,GSEW,GSEW,AMEX:GSEW,US,Goldman Sachs Equal Weight U.S. Large Cap Equity ETF,2.06,Large Blend,Long,81334.95,,https://www.tradingview.com/chart/?symbol=AMEX%3AGSEW,False,,-40.8149091012755,-40.8149091012755,94.6500015258789,82.69000244140625,86.61232128906249,0.7196150781118024,32.64498416156186,73.02442023064276,False,False,False,False,,
466,ICLN,ICLN,AMEX:ICLN,US,iShares Global Clean Energy ETF,2.057,Miscellaneous Sector,Long,6810889.9,,https://www.tradingview.com/chart/?symbol=AMEX%3AICLN,False,,-45.86475559750298,-45.86475559750298,17.239999771118164,16.860000610351562,18.481320358276367,0.05531284131689811,-41.22282968436186,44.69525861955723,False,True,False,False,,
467,EPI,EPI,AMEX:EPI,US,WisdomTree India Earnings Fund,2.049,India Equity,Long,283423.9,,https://www.tradingview.com/chart/?symbol=AMEX%3AEPI,False,,-29.165431720603447,-29.165431720603447,41.78499984741211,39.56999969482422,40.827880126953126,0.4155721185089334,-9.005676651287779,-41.494398265151496,False,False,False,False,,
468,ROBO,ROBO,AMEX:ROBO,US,ROBO Global Robotics & Automation Index ETF,2.049,Technology,Long,192072.6,,https://www.tradingview.com/chart/?symbol=AMEX%3AROBO,False,,43.80685902115971,46.955201315946,81.05999755859375,65.69999694824219,71.50677774047851,0.6242633007413582,-23.22931181106834,66.60448263650656,False,False,False,False,,
469,WCMI,WCMI,AMEX:WCMI,US,First Trust WCM International Equity ETF,2.048,,Long,894419.55,,https://www.tradingview.com/chart/?symbol=AMEX%3AWCMI,False,,-29.618188351388245,-27.90905998689605,19.360000610351562,16.136999130249023,17.087607551574706,0.8001489701126936,33.083134231424786,,False,False,False,False,,
470,DIVB,DIVB,AMEX:DIVB,US,iShares Core Dividend ETF,2.039,Large Value,Long,225661.55,,https://www.tradingview.com/chart/?symbol=AMEX%3ADIVB,True,2026-09-25 13:30,-71.1671336551396,-71.13351548630716,65.48999786376953,52.84000015258789,56.826040908813475,0.7489636063495161,58.09192785555839,86.06558767704234,False,False,False,False,,
471,CGCV,CGCV,AMEX:CGCV,US,Capital Group Conservative Equity ETF,2.036,Large Value,Long,273546.85,,https://www.tradingview.com/chart/?symbol=AMEX%3ACGCV,False,,-28.361961360027266,-24.410115818440406,32.56999969482422,29.375,30.43109963989258,0.7139666556985204,16.479186858044287,,False,False,False,False,,
472,OIH,OIH,AMEX:OIH,US,VanEck Oil Services ETF,2.032,Equity Energy,Long,243822.3,,https://www.tradingview.com/chart/?symbol=AMEX%3AOIH,False,,-53.988280500314595,-48.5176860175124,393.69000244140625,358.6875,381.15470288085936,0.36767329782780267,22.471285664331415,56.03971563763246,False,False,False,False,,
473,ICF,ICF,AMEX:ICF,US,iShares Select U.S. REIT ETF,2.009,Real Estate,Long,74104.15,,https://www.tradingview.com/chart/?symbol=AMEX%3AICF,False,,-73.17342045946187,-73.17342045946187,63.70000076293945,60.66999816894531,63.07011773681641,0.29793541194986956,-30.592147966639633,77.66392799565755,False,False,False,False,,
474,ARKG,ARKG,AMEX:ARKG,US,ARK Genomic Revolution ETF,2.002,Health,Long,3925006.7,,https://www.tradingview.com/chart/?symbol=AMEX%3AARKG,False,,46.44657823664119,52.562315753929106,53.31999969482422,24.739999771118164,31.541520149230955,0.9916723919110156,70.62525396547447,76.84988723148393,False,False,False,False,,
475,QGRO,QGRO,AMEX:QGRO,US,American Century U.S. Quality Growth ETF,2.0,Large Growth,Long,70050.65,,https://www.tradingview.com/chart/?symbol=AMEX%3AQGRO,False,,40.01810039568054,43.114085993019124,118.33000183105469,101.47000122070312,106.02008093261719,0.8744814148254024,27.629177876642988,47.71436710206719,False,False,False,False,,
476,PHO,PHO,AMEX:PHO,US,Invesco Water Resources ETF,1.991,Natural Resources,Long,71313.3,,https://www.tradingview.com/chart/?symbol=AMEX%3APHO,False,,-16.185603565354867,-16.185603565354867,68.56999969482422,64.06999969482422,66.26951962280273,0.48283263383571096,13.268161845008441,7.232903539619129,False,False,False,False,,
477,BKDV,BKDV,AMEX:BKDV,US,BNY Mellon Dynamic Value ETF,1.983,Large Value,Long,312254.6,,https://www.tradingview.com/chart/?symbol=AMEX%3ABKDV,False,,-37.036099328757246,-33.562498020683584,34.27000045776367,29.049999237060547,30.47305554199219,0.8656862583839332,42.95294768270105,,False,False,False,False,,
478,EMGF,EMGF,AMEX:EMGF,US,iShares Emerging Markets Equity Factor ETF,1.97,Diversified Emerging Mkts,Long,153001.9,,https://www.tradingview.com/chart/?symbol=AMEX%3AEMGF,False,,7.311828574349339,7.311828574349339,72.7300033569336,58.16999816894531,62.47933526611328,0.7973758253034853,34.770745204388014,75.6409920517358,False,False,False,False,,
479,EUSA,EUSA,AMEX:EUSA,US,iShares MSCI USA Equal Weighted ETF,1.944,Mid-Cap Blend,Long,65945.8,,https://www.tradingview.com/chart/?symbol=AMEX%3AEUSA,False,,-46.93221442914567,-46.93221442914567,113.08000183105469,99.4800033569336,104.24366278076172,0.6737676551430101,28.430548880848193,73.7554556263669,False,False,False,False,,
480,FEOE,FEOE,AMEX:FEOE,US,First Eagle Overseas Equity ETF,1.94,Foreign Large Blend,Long,361083.9,,https://www.tradingview.com/chart/?symbol=AMEX%3AFEOE,False,,-43.177167842661504,-42.66423084330265,54.58000183105469,48.81999969482422,50.72805947875977,0.7124307716116661,43.30336189276914,,False,False,False,False,,
481,ARKQ,ARKQ,AMEX:ARKQ,US,ARK Autonomous Technology & Robotics ETF,1.934,Mid-Cap Growth,Long,10247.65,,https://www.tradingview.com/chart/?symbol=AMEX%3AARKQ,False,,31.7134836151214,31.7134836151214,124.37999725341797,106.5,115.30515942382813,0.47922804672764185,-17.22945395080414,52.039267568203826,False,False,False,False,,
482,RPG,RPG,AMEX:RPG,US,Invesco S&P 500 Pure Growth ETF,1.927,Large Growth,Long,343313.85,,https://www.tradingview.com/chart/?symbol=AMEX%3ARPG,False,,41.86210713683174,41.86210713683174,58.790000915527344,44.65999984741211,49.19120002746582,0.7359375263874719,-5.051509194930496,75.32693301678243,False,False,False,False,,
483,IYJ,IYJ,AMEX:IYJ,US,iShares U.S. Industrials ETF,1.924,Industrials,Long,126348.45,,https://www.tradingview.com/chart/?symbol=AMEX%3AIYJ,False,,-29.31722320924545,-23.04876647672447,156.64999389648438,143.3350067138672,149.6491842651367,0.4976637019758585,-5.353681965202259,65.13414588187212,False,False,False,False,,
484,PWV,PWV,AMEX:PWV,US,Invesco Large Cap Value ETF,1.909,Large Value,Long,129143.9,,https://www.tradingview.com/chart/?symbol=AMEX%3APWV,False,,-82.36890779915895,-67.7226263431226,78.0,68.37000274658203,71.91944296264649,0.6402923315965978,52.23537857351579,80.8870128676117,False,False,False,False,,
485,ILOW,ILOW,AMEX:ILOW,US,AB International Low Volatility Equity ETF,1.874,Foreign Large Blend,Long,54996.3,,https://www.tradingview.com/chart/?symbol=AMEX%3AILOW,False,,-41.372221909018,-38.414511728444666,46.33000183105469,41.119998931884766,42.688219039916994,0.7840485387902157,45.3846712692821,,False,False,False,False,,
486,IYE,IYE,AMEX:IYE,US,iShares U.S. Energy ETF,1.867,Equity Energy,Long,533452.3,,https://www.tradingview.com/chart/?symbol=AMEX%3AIYE,False,,-64.08791109002603,-52.95407013006646,65.36000061035156,56.29499816894531,59.350018096923826,0.7002705797691673,58.95326269062906,79.68431958068315,False,False,False,False,,
487,CHAT,CHAT,AMEX:CHAT,US,Roundhill Generative AI & Technology ETF,1.866,Technology,Long,281833.0,,https://www.tradingview.com/chart/?symbol=AMEX%3ACHAT,False,,40.74577090769073,40.74577090769073,93.03839874267578,59.099998474121094,69.72235897827149,0.7540190770450158,17.941763063130118,79.17983269393379,False,False,False,False,,
488,HMAX,HMAX.TO,TSX:HMAX,TSX,Hamilton Canadian Financials Yield Maximizer ETF,1.863,Financials,Long,363585.85,,https://www.tradingview.com/chart/?symbol=TSX%3AHMAX,False,,1.0303044884467056,1.0303044884467056,17.690000534057617,15.199999809265137,15.99531978225708,0.7388726437239597,16.76620207803934,78.74742652847229,False,False,False,False,,
489,ARKW,ARKW,AMEX:ARKW,US,ARK Next Generation Internet ETF,1.854,Mid-Cap Growth,Long,25441.65,,https://www.tradingview.com/chart/?symbol=AMEX%3AARKW,False,,46.51155472152711,46.51155472152711,163.9600067138672,114.44999694824219,126.64883752441406,0.957825641849168,55.72799433515138,29.09388900835314,False,False,False,False,,
490,RWR,RWR,AMEX:RWR,US,State Street SPDR Dow Jones REIT ETF,1.848,Real Estate,Long,193509.05,,https://www.tradingview.com/chart/?symbol=AMEX%3ARWR,False,,-71.4528034279914,-69.37346866293943,106.2300033569336,99.2750015258789,104.02922073364257,0.3452471079685432,-16.219890750373008,80.54731775515829,False,False,False,False,,
491,RODM,RODM,AMEX:RODM,US,Hartford Multifactor Developed Markets (ex-US) ETF,1.824,Foreign Large Value,Long,71477.2,,https://www.tradingview.com/chart/?symbol=AMEX%3ARODM,True,2026-09-25 09:30,-65.03269701083498,-59.58020631390968,41.52000045776367,38.189998626708984,39.24963902282715,0.7416482374660904,51.38396778699481,69.31588650067216,False,False,False,False,,
492,ICOW,ICOW,AMEX:ICOW,US,Pacer Developed Markets International Cash Cows 100 ETF,1.823,Foreign Large Value,Long,95016.0,,https://www.tradingview.com/chart/?symbol=AMEX%3AICOW,True,2026-09-25 09:30,-74.55968370522739,-70.39678359918298,43.02000045776367,41.14500045776367,42.30730027770996,0.3807107188749701,35.611317269936265,68.1137173458661,False,False,False,False,,
493,ZWC,ZWC.TO,TSX:ZWC,TSX,BMO Canadian High Dividend Covered Call Fund,1.823,High Dividend Yield,Long,73819.6,,https://www.tradingview.com/chart/?symbol=TSX%3AZWC,True,2026-09-25 13:30,-55.218083184603984,-55.218083184603984,22.520000457763672,20.8799991607666,21.425159484863283,0.7099568493591808,44.35374093007346,75.27289377326755,False,False,False,False,,
494,QDPL,QDPL,AMEX:QDPL,US,Pacer Metaurus US Large Cap Dividend Multiplier 400 ETF,1.808,Large Blend,Long,123996.75,,https://www.tradingview.com/chart/?symbol=AMEX%3AQDPL,False,,25.228265076143174,26.35764325233515,46.5099983215332,39.27000045776367,41.09576759338379,0.935847437778134,44.792605636148146,69.91777883257346,False,False,False,False,,
495,GSWO,GSWO,AMEX:GSWO,US,Goldman Sachs ActiveBeta World Equity ETF,1.807,Global Large-Stock Blend,Long,54634.65,,https://www.tradingview.com/chart/?symbol=AMEX%3AGSWO,False,,1.3333803190162026,1.3333803190162026,65.4800033569336,54.72999954223633,57.4515518951416,0.9321889022492222,49.09698731156222,74.08943554141321,False,False,False,False,,
496,FCOM,FCOM,AMEX:FCOM,US,Fidelity MSCI Communication Services Index ETF,1.792,Communications,Long,149907.45,,https://www.tradingview.com/chart/?symbol=AMEX%3AFCOM,False,,22.960827526504858,22.960827526504858,73.31500244140625,65.43000030517578,67.7664006652832,0.7964647394870428,23.626776744910703,36.389870642759995,False,False,False,False,,
497,GEM,GEM,AMEX:GEM,US,Goldman Sachs ActiveBeta Emerging Markets Equity ETF,1.786,Diversified Emerging Mkts,Long,108771.55,,https://www.tradingview.com/chart/?symbol=AMEX%3AGEM,False,,10.691503329570077,10.691503329570077,51.96500015258789,41.61000061035156,44.56826057434082,0.8260869300588105,36.532516578499894,75.21397394900008,False,False,False,False,,
498,BDVL,BDVL,AMEX:BDVL,US,iShares Disciplined Volatility Equity Active ETF Trust Unit,1.78,Global Large-Stock Blend,Long,231793.3,,https://www.tradingview.com/chart/?symbol=AMEX%3ABDVL,False,,-20.516465314218422,-19.172825533766424,26.399999618530273,24.110000610351562,24.792040466308595,0.7923873674095429,44.449498791624315,,False,False,False,False,,
499,EWW,EWW,AMEX:EWW,US,iShares MSCI Mexico ETF,1.773,Focused Region,Long,1093486.15,,https://www.tradingview.com/chart/?symbol=AMEX%3AEWW,True,2026-09-25 09:30,-57.73621350748721,-54.75053406457166,73.3499984741211,69.86000061035156,72.34508032226563,0.33143383365164747,-16.462945045957255,53.69720808019637,False,False,False,False,,
500,RPV,RPV,AMEX:RPV,US,Invesco S&P 500 Pure Value ETF,1.766,Mid-Cap Value,Long,121782.8,,https://www.tradingview.com/chart/?symbol=AMEX%3ARPV,False,,-83.33520445442447,-74.44951242699788,116.88999938964844,104.54000091552734,108.9720806274414,0.6576144449879181,52.31508025736209,77.38040180852941,False,False,False,False,,
501,SPGM,SPGM,AMEX:SPGM,US,State Street SPDR Portfolio MSCI Global Stock Market ETF,1.762,Global Large-Stock Blend,Long,87066.0,,https://www.tradingview.com/chart/?symbol=AMEX%3ASPGM,False,,5.368981972024372,5.568053237318854,87.69999694824219,73.34500122070312,76.95462078857422,0.9385418402131741,45.789214307590214,70.44208705098468,False,False,False,False,,
502,XEG,XEG.TO,TSX:XEG,TSX,iShares S&P/TSX Capped Energy Index ETF,1.739,Energy,Long,1590472.7,,https://www.tradingview.com/chart/?symbol=TSX%3AXEG,False,,-51.85082953435384,-46.047656847470456,28.06999969482422,23.81999969482422,25.278479766845702,0.6877022314126108,54.1368853489987,79.82847696089101,False,False,False,False,,
503,DFAR,DFAR,AMEX:DFAR,US,Dimensional US Real Estate ETF,1.737,Real Estate,Long,2813620.45,,https://www.tradingview.com/chart/?symbol=AMEX%3ADFAR,False,,-80.38016831347299,-78.95285310612819,24.485000610351562,23.200000762939453,24.220700492858885,0.2971098699254039,-23.788480521606328,80.78159758445983,False,False,False,False,,
504,HACK,HACK,AMEX:HACK,US,Amplify Cybersecurity ETF,1.734,Technology,Long,281297.35,,https://www.tradingview.com/chart/?symbol=AMEX%3AHACK,False,,33.54212860538987,33.54212860538987,117.91999816894531,71.06999969482422,83.57091998291015,0.8844628543412218,53.56519968279459,63.026487629085146,False,False,False,False,,
505,EWG,EWG,AMEX:EWG,US,iShares MSCI Germany ETF,1.714,Focused Region,Long,792172.5,,https://www.tradingview.com/chart/?symbol=AMEX%3AEWG,True,2026-09-25 09:30,-59.280445231646155,-49.797239230748254,42.27000045776367,38.09000015258789,39.633440368652344,0.6391436880767979,32.77298311472051,48.759943557042696,False,False,False,False,,
506,FDIS,FDIS,AMEX:FDIS,US,Fidelity MSCI Consumer Discretionary Index ETF,1.692,Consumer Cyclical,Long,55628.05,,https://www.tradingview.com/chart/?symbol=AMEX%3AFDIS,False,,-42.53526656763659,-42.53526656763659,96.27999877929688,90.31999969482422,93.84819897460937,0.3986622274978745,-23.623113998758118,33.50150980983915,False,False,False,False,,
507,TOUS,TOUS,AMEX:TOUS,US,T. Rowe Price International Equity ETF,1.688,Foreign Large Blend,Long,100223.2,,https://www.tradingview.com/chart/?symbol=AMEX%3ATOUS,False,,-33.703998611116766,-28.32434848099796,39.029998779296875,33.470001220703125,35.0582811126709,0.8261512536070997,40.43023453824057,,False,False,False,False,,
508,FLKR,FLKR,AMEX:FLKR,US,Franklin FTSE South Korea ETF,1.687,Focused Region,Long,573190.8,,https://www.tradingview.com/chart/?symbol=AMEX%3AFLKR,False,,6.960423560254438,6.960423560254438,61.33000183105469,37.60499954223633,45.7930203704834,0.6838161086309564,25.75903745872313,81.65067188699989,False,False,False,False,,
509,IDIV.B,IDIV-B.TO,TSX:IDIV.B,TSX,Manulife Smart International Dividend ETF,1.685,Total Market,Long,113557.2,,https://www.tradingview.com/chart/?symbol=TSX%3AIDIV.B,False,,-9.540456370576498,-3.928198464676143,21.079999923706055,18.110000610351562,18.87464055633545,0.9166665194946939,40.10513490165696,72.01399973774754,False,False,False,False,,
510,IEV,IEV,AMEX:IEV,US,iShares Europe ETF,1.683,Europe Stock,Long,102898.7,,https://www.tradingview.com/chart/?symbol=AMEX%3AIEV,False,,-42.56433292784179,-38.003836641975816,72.68000030517578,65.26000213623047,67.85364163208008,0.6751592002949015,29.749365846959677,67.33725632020395,False,False,False,False,,
511,BIZD,BIZD,AMEX:BIZD,US,VanEck BDC Income ETF,1.681,Financial,Long,2866820.1,,https://www.tradingview.com/chart/?symbol=AMEX%3ABIZD,True,2026-09-25 13:30,-60.22048553561467,-60.22048553561467,12.914999961853027,12.109999656677246,12.455739692687988,0.549488205686372,46.860236723701206,-29.554349809789958,False,False,False,False,,
512,KORU,KORU,AMEX:KORU,US,Direxion Daily MSCI South Korea Bull 3X ETF,1.675,Trading--Leveraged Equity,3X Long,23657476.95,,https://www.tradingview.com/chart/?symbol=AMEX%3AKORU,False,,0.7381581435979113,0.7381581435979113,21.579999923706055,11.954999923706055,24.03831758880615,0.18798645065508032,-20.972059938775796,66.49521544224586,False,True,False,False,,
513,IHE,IHE,AMEX:IHE,US,iShares U.S. Pharmaceuticals ETF,1.675,Health,Long,197113.5,,https://www.tradingview.com/chart/?symbol=AMEX%3AIHE,False,,3.913576865835483,11.051186001966448,102.58999633789062,83.7699966430664,89.50007815551757,0.7751233413219902,47.211500182038755,80.4831687963511,False,False,False,False,,
514,INFL,INFL,AMEX:INFL,US,Horizon Kinetics Inflation Beneficiaries ETF,1.67,Global Small/Mid Stock,Long,144663.0,,https://www.tradingview.com/chart/?symbol=AMEX%3AINFL,True,2026-09-25 09:30,-74.49573475348622,-73.34907437215537,51.58000183105469,48.189998626708984,50.03787905883789,0.4329504995644523,44.57535045725854,64.88349781031299,False,False,False,False,,
515,FGD,FGD,AMEX:FGD,US,First Trust Dow Jones Global Select Dividend Index Fund,1.668,Foreign Large Value,Long,135659.25,,https://www.tradingview.com/chart/?symbol=AMEX%3AFGD,True,2026-09-25 09:30,-91.93766757505564,-90.08078492063527,33.776100158691406,30.959999084472656,32.14943930053711,0.5587501116404255,56.52277080571031,69.86574094875188,False,False,False,False,,
516,XFN,XFN.TO,TSX:XFN,TSX,iShares S&P/TSX Capped Financials Index ETF,1.654,Financials,Long,103181.3,,https://www.tradingview.com/chart/?symbol=TSX%3AXFN,False,,-9.618207234681293,-9.618207234681293,93.38999938964844,73.91999816894531,79.6453586730957,0.8025556268037651,16.452995650596176,79.89163114295991,False,False,False,False,,
517,QQC,QQC.TO,TSX:QQC,TSX,CI Invesco NASDAQ 100 Index ETF,1.646,US Equity,Long,92352.3,,https://www.tradingview.com/chart/?symbol=TSX%3AQQC,False,,63.882823544451476,63.882823544451476,51.529998779296875,38.029998779296875,41.223079391479494,0.9977825138032524,19.783043055933003,72.06969469688626,False,False,False,False,,
518,BUG,BUG,AMEX:BUG,US,Global X Cybersecurity ETF,1.64,Technology,Long,1312198.55,,https://www.tradingview.com/chart/?symbol=AMEX%3ABUG,False,,41.800157364028586,41.800157364028586,44.689998626708984,23.299999237060547,28.923879669189454,0.8976079624875858,54.95498620593967,22.360484302400035,False,False,False,False,,
519,KBE,KBE,AMEX:KBE,US,State Street SPDR S&P Bank ETF,1.612,Financial,Long,1199488.9,,https://www.tradingview.com/chart/?symbol=AMEX%3AKBE,False,,-80.91167852392833,-66.15626275244792,65.33999633789062,57.29999923706055,60.69013963317871,0.5596934327464834,11.325122833967233,71.29125875057706,False,False,False,False,,
520,FFSM,FFSM,AMEX:FFSM,US,Fidelity Fundamental Small-Mid Cap ETF,1.606,Mid-Cap Blend,Long,224548.1,,https://www.tradingview.com/chart/?symbol=AMEX%3AFFSM,True,2026-09-25 09:30,-63.079324208270435,-60.72341984371665,34.47999954223633,30.889999389648438,32.66943960571289,0.4761272833793559,-12.91371118157197,72.9762168761353,False,False,False,False,,
521,TGRT,TGRT,AMEX:TGRT,US,T. Rowe Price Growth ETF,1.601,Large Growth,Long,72388.85,,https://www.tradingview.com/chart/?symbol=AMEX%3ATGRT,False,,45.277204851100784,46.13365453713805,47.54999923706055,37.790000915527344,40.13112048339844,0.9838709801466505,32.33151064494363,,False,False,False,False,,
522,SEIV,SEIV,AMEX:SEIV,US,SEI Enhanced U.S. Large Cap Value Factor ETF,1.589,Large Value,Long,143790.65,,https://www.tradingview.com/chart/?symbol=AMEX%3ASEIV,True,2026-09-25 09:30,-76.02786099098209,-72.47035361636297,49.880001068115234,40.56999969482422,43.13886019897461,0.8553054245440063,52.14007315648303,78.72050049974841,False,False,False,False,,
523,BKGI,BKGI,AMEX:BKGI,US,BNY Mellon Global Infrastructure Income ETF,1.585,Infrastructure,Long,500717.75,,https://www.tradingview.com/chart/?symbol=AMEX%3ABKGI,False,,-72.3782043751364,-72.3782043751364,42.72999954223633,42.650001525878906,43.56096076965332,0.020724891908585546,-37.264666746139234,61.08923320834602,False,True,False,False,,
524,ZWU,ZWU.TO,TSX:ZWU,TSX,BMO Covered Call Utilities Fund,1.58,Utilities,Long,224160.25,,https://www.tradingview.com/chart/?symbol=TSX%3AZWU,False,,-80.89304180844933,-80.89304180844933,10.850000381469727,10.819999694824219,11.150399829864503,0.02142905313121804,-50.31460904348804,56.80119693361328,False,True,False,False,,
525,AVES,AVES,AMEX:AVES,US,Avantis Emerging Markets Value ETF,1.563,Diversified Emerging Mkts,Long,82668.3,,https://www.tradingview.com/chart/?symbol=AMEX%3AAVES,False,,-18.55206762980128,-18.55206762980128,65.54000091552734,58.25,60.765760864257814,0.6838647665234306,29.92624349133432,63.577368198507145,False,False,False,False,,
526,XOVR,XOVR,AMEX:XOVR,US,ERShares Private-Public Crossover ETF,1.549,Large Growth,Long,1229508.85,,https://www.tradingview.com/chart/?symbol=AMEX%3AXOVR,False,,44.6300829857533,45.624518600824494,21.469999313354492,16.450000762939453,17.687820510864256,0.957101920440454,42.143335061745645,29.571276461055565,False,False,False,False,,
527,LIT,LIT,AMEX:LIT,US,Global X Lithium & Battery Tech ETF,1.549,Natural Resources,Long,274797.9,,https://www.tradingview.com/chart/?symbol=AMEX%3ALIT,False,,-54.638965010574104,-54.638965010574104,68.94999694824219,66.7300033569336,72.63472256469727,0.08872877254856879,-25.666277630154696,49.24390412439283,False,True,False,False,,
528,ASHR,ASHR,AMEX:ASHR,US,Xtrackers Harvest CSI 300 China A-Shares ETF,1.543,Greater China Region,Long,2948509.35,,https://www.tradingview.com/chart/?symbol=AMEX%3AASHR,False,,-29.57766612024676,-29.57766612024676,33.09000015258789,31.93000030517578,33.19496044921875,0.21641785733603208,-47.42634279901235,54.935229365220586,False,True,False,False,,
529,FLQM,FLQM,AMEX:FLQM,US,Franklin U.S. Mid Cap Multifactor Index ETF,1.543,Mid-Cap Blend,Long,42324.9,,https://www.tradingview.com/chart/?symbol=AMEX%3AFLQM,True,2026-09-25 13:30,-71.97143645707406,-71.43298942164506,58.325401306152344,54.040000915527344,55.92328080749512,0.5370176236155588,35.78533758770381,69.16175509446926,False,False,False,False,,
530,SEIM,SEIM,AMEX:SEIM,US,SEI Enhanced U.S. Large Cap Momentum Factor ETF,1.504,Large Growth,Long,92607.65,,https://www.tradingview.com/chart/?symbol=AMEX%3ASEIM,False,,27.20765354244153,31.511723711840546,54.150001525878906,43.904998779296875,46.79481942749023,0.836668064402169,9.483012686930044,71.37564282401648,False,False,False,False,,
531,FNDB,FNDB,AMEX:FNDB,US,Schwab Fundamental U.S. Broad Market ETF,1.498,Large Value,Long,581123.5,,https://www.tradingview.com/chart/?symbol=AMEX%3AFNDB,True,2026-09-25 09:30,-66.61167623591389,-64.18481330987215,31.09000015258789,26.655000686645508,27.898720344543456,0.841556107371814,45.44113360700437,74.2532692038835,False,False,False,False,,
532,USXF,USXF,AMEX:USXF,US,iShares ESG Advanced MSCI USA ETF,1.497,Large Growth,Long,52914.4,,https://www.tradingview.com/chart/?symbol=AMEX%3AUSXF,False,,34.44093532262668,35.481578751123635,68.70989990234375,53.310001373291016,57.39516169738769,0.8896532239919096,21.698317858960213,72.59051068911363,False,False,False,False,,
533,DDWM,DDWM,AMEX:DDWM,US,WisdomTree Dynamic International Equity Fund,1.495,Foreign Large Value,Long,95261.7,,https://www.tradingview.com/chart/?symbol=AMEX%3ADDWM,False,,-36.493584869061266,-34.51516660812343,46.494998931884766,42.68000030517578,43.9048399810791,0.7350673672775329,33.891240919013434,65.19291349569137,False,False,False,False,,
534,SMIG,SMIG,AMEX:SMIG,US,Bahl & Gaynor Small/Mid Cap Income Growth ETF,1.488,Mid-Cap Value,Long,204331.75,,https://www.tradingview.com/chart/?symbol=AMEX%3ASMIG,True,2026-09-25 13:30,-53.34249383879128,-53.34249383879128,31.280000686645508,28.90999984741211,30.026279739379884,0.5010573083719306,-3.6271740810283633,74.62752371190602,False,False,False,False,,
535,IWC,IWC,AMEX:IWC,US,iShares Micro-Cap ETF,1.484,Small Blend,Long,49218.2,,https://www.tradingview.com/chart/?symbol=AMEX%3AIWC,False,,-32.56428124980443,-32.56428124980443,187.7899932861328,153.0449981689453,164.62198004150392,0.7082864029607427,15.437868497453406,71.5961113934935,False,False,False,False,,
536,FREL,FREL,AMEX:FREL,US,Fidelity MSCI Real Estate Index ETF,1.476,Real Estate,Long,338787.4,,https://www.tradingview.com/chart/?symbol=AMEX%3AFREL,True,2026-09-25 13:30,-72.80377138208351,-72.80377138208351,27.600000381469727,26.420000076293945,27.46548014831543,0.2663657390265031,-21.634658760530403,74.50909585286026,False,False,False,False,,
537,AVLC,AVLC,AMEX:AVLC,US,Avantis U.S. Large Cap Equity ETF,1.473,Large Blend,Long,67313.1,,https://www.tradingview.com/chart/?symbol=AMEX%3AAVLC,False,,12.467767036099369,13.551955267541494,91.33999633789062,75.37999725341797,79.52651718139649,0.9083664975346677,42.78641446915936,,False,False,False,False,,
538,RDIV,RDIV,AMEX:RDIV,US,Invesco S&P Ultra Dividend Revenue ETF,1.471,Mid-Cap Value,Long,92747.0,,https://www.tradingview.com/chart/?symbol=AMEX%3ARDIV,False,,-74.21515910188803,-70.18564098695454,58.314998626708984,54.5099983215332,56.775598861694334,0.39635410395762827,35.74295002068565,77.8082242914516,False,False,False,False,,
539,NVDY,NVDY,AMEX:NVDY,US,YieldMax NVDA Option Income Strategy ETF,1.447,Derivative Income,Long,1913077.85,,https://www.tradingview.com/chart/?symbol=AMEX%3ANVDY,False,,13.972902242744075,13.972902242744075,12.59000015258789,11.59000015258789,12.371160026550292,0.30211485237061575,54.07275830832853,60.92684681544501,False,False,False,False,,
540,IDVO,IDVO,AMEX:IDVO,US,Amplify CWP International Enhanced Dividend Income ETF,1.446,Derivative Income,Long,253072.95,,https://www.tradingview.com/chart/?symbol=AMEX%3AIDVO,False,,-23.378985929163846,-23.378985929163846,42.45000076293945,38.959999084472656,40.04441937255859,0.7595213822234325,48.921559140606895,68.355360823744,False,False,False,False,,
541,IAI,IAI,AMEX:IAI,US,iShares U.S. Broker-Dealers & Securities Exchanges ETF,1.434,Financial,Long,76946.25,,https://www.tradingview.com/chart/?symbol=AMEX%3AIAI,False,,-53.16444011827426,-53.16444011827426,181.02000427246094,158.27000427246094,167.66044268798828,0.5717517928792561,38.45948263138561,55.31715274260193,False,False,False,False,,
542,QQQE,QQQE,AMEX:QQQE,US,Direxion NASDAQ-100 Equal Weighted Index ETF,1.431,Large Growth,Long,141525.4,,https://www.tradingview.com/chart/?symbol=AMEX%3AQQQE,False,,40.255118364453665,40.255118364453665,121.06999969482422,96.06300354003906,102.82251513671875,0.8730883893191667,22.05015841117078,77.04034533214052,False,False,False,False,,
543,HHIS,HHIS.TO,TSX:HHIS,TSX,Harvest Diversified High Income Shares ETF,1.43,Total Market,Long,827952.3,,https://www.tradingview.com/chart/?symbol=TSX%3AHHIS,False,,63.52931396118871,63.52931396118871,11.994999885559082,9.779999732971191,10.369999732971191,0.8860000610351563,53.561304408083664,,False,False,False,False,,
544,FSTA,FSTA,AMEX:FSTA,US,Fidelity MSCI Consumer Staples Index ETF,1.414,Consumer Defensive,Long,122094.6,,https://www.tradingview.com/chart/?symbol=AMEX%3AFSTA,False,,-57.17685562819022,-57.17685562819022,51.744998931884766,51.34000015258789,52.21792044067383,0.10887060387048082,-4.528705528970801,55.78402343607399,False,True,False,False,,
545,IYK,IYK,AMEX:IYK,US,iShares U.S. Consumer Staples ETF,1.404,Consumer Defensive,Long,119163.05,,https://www.tradingview.com/chart/?symbol=AMEX%3AIYK,False,,-61.696678382792754,-61.696678382792754,71.73999786376953,69.02999877929688,70.94395892333985,0.334155225711528,20.558584334481782,66.75480436271461,False,False,False,False,,
546,RYLD,RYLD,AMEX:RYLD,US,Global X Russell 2000 Covered Call ETF,1.397,Derivative Income,Long,442053.9,,https://www.tradingview.com/chart/?symbol=AMEX%3ARYLD,False,,-67.57584228223196,-61.634572504394384,15.555000305175781,14.649999618530273,15.0677197265625,0.5112996907294259,39.6279530436971,76.8393400730078,False,False,False,False,,
547,HHL,HHL.TO,TSX:HHL,TSX,Harvest Healthcare Leaders Income ETF,1.392,Health Care,Long,316378.75,,https://www.tradingview.com/chart/?symbol=TSX%3AHHL,False,,49.917875691044834,51.74088121901017,7.429999828338623,6.690000057220459,6.93307999420166,0.7184465659845579,47.10042160622251,31.674625900908563,False,False,False,False,,
548,HDIV,HDIV.TO,TSX:HDIV,TSX,Hamilton Enhanced Canadian Covered Call ETF,1.391,Total Market,1.25X Long,188717.45,,https://www.tradingview.com/chart/?symbol=TSX%3AHDIV,False,,-3.7403565089566695,-3.7403565089566695,23.799999237060547,20.280000686645508,21.202760650634765,0.9002554188703618,51.602620778779574,75.84168304992065,False,False,False,False,,
549,BALI,BALI,AMEX:BALI,US,iShares U.S. Large Cap Premium Income Active ETF,1.382,Derivative Income,Long,230153.7,,https://www.tradingview.com/chart/?symbol=AMEX%3ABALI,False,,14.93845534675152,15.81009895475797,34.63999938964844,30.059999465942383,31.268319664001464,0.8945310884737674,51.211297202678566,,False,False,False,False,,
550,BKIE,BKIE,AMEX:BKIE,US,BNY Mellon International Equity ETF,1.366,Foreign Large Blend,Long,92094.7,,https://www.tradingview.com/chart/?symbol=AMEX%3ABKIE,False,,-38.26848988317625,-34.50609705124918,33.939998626708984,30.06333351135254,31.24018662261963,0.7774062527132868,45.55066918407255,65.28901794085441,False,False,False,False,,
551,BUYW,BUYW,AMEX:BUYW,US,Main BuyWrite ETF,1.359,Derivative Income,Long,233695.2,,https://www.tradingview.com/chart/?symbol=AMEX%3ABUYW,True,2026-09-25 13:30,-69.10420607539142,-69.10420607539142,14.484999656677246,13.859999656677246,14.04643964767456,0.7911392787083145,57.54204995608046,68.67574624232829,False,False,False,False,,
552,FDT,FDT,AMEX:FDT,US,First Trust Developed Markets ex-US AlphaDEX Fund,1.347,Foreign Large Value,Long,114642.8,,https://www.tradingview.com/chart/?symbol=AMEX%3AFDT,False,,-31.550253926111115,-31.550253926111115,95.13999938964844,83.81999969482422,87.84615911865234,0.6635405225554629,28.523056794633305,68.46908556760654,False,False,False,False,,
553,EWA,EWA,AMEX:EWA,US,iShares MSCI Australia ETF,1.34,Focused Region,Long,2256429.7,,https://www.tradingview.com/chart/?symbol=AMEX%3AEWA,False,,-52.690143296655386,-52.48400095686461,28.450000762939453,27.15999984741211,27.931719955444336,0.39449563759681106,30.431337441157453,64.3790897556513,False,False,False,False,,
554,XHB,XHB,AMEX:XHB,US,State Street SPDR S&P Homebuilders ETF,1.339,Consumer Cyclical,Long,1525099.25,,https://www.tradingview.com/chart/?symbol=AMEX%3AXHB,False,,-20.813244182218785,-15.701017160633223,98.33000183105469,94.8499984741211,99.88387890625,0.16315063563974955,-47.178483098014794,3.975461375934452,False,True,False,False,,
556,IHF,IHF,AMEX:IHF,US,iShares U.S. Healthcare Providers ETF,1.325,Health,Long,528318.9,,https://www.tradingview.com/chart/?symbol=AMEX%3AIHF,False,,-75.29046216863067,-58.686331348356966,55.84000015258789,40.970001220703125,45.02212078857422,0.8660454582213956,35.26456865301105,30.62483100720516,False,False,False,False,,
557,MGNR,MGNR,AMEX:MGNR,US,American Beacon GLG Natural Resources ETF,1.325,Natural Resources,Long,383997.75,,https://www.tradingview.com/chart/?symbol=AMEX%3AMGNR,True,2026-09-25 13:30,-66.0762047214023,-66.0762047214023,51.310001373291016,47.429901123046875,49.528483840942386,0.43634384827866085,27.419364544702642,,False,False,False,False,,
558,SEIE,SEIE,AMEX:SEIE,US,SEI Select International Equity ETF,1.32,Foreign Large Blend,Long,88725.45,,https://www.tradingview.com/chart/?symbol=AMEX%3ASEIE,False,,-43.484675498984906,-36.992645079502644,36.38999938964844,31.520000457763672,32.91239991760254,0.8254238679881473,45.25518948358928,,False,False,False,False,,
559,IDU,IDU,AMEX:IDU,US,iShares U.S. Utilities ETF,1.315,Utilities,Long,75343.05,,https://www.tradingview.com/chart/?symbol=AMEX%3AIDU,True,2026-09-25 13:30,-73.17754156872134,-72.242546815555,101.16999816894531,100.68000030517578,105.2395202331543,0.025362208670262065,-56.16752471893077,35.11804154828332,False,True,False,False,,"NEAR: 4h+band ok, weekly shallow"
560,NUGT,NUGT,AMEX:NUGT,US,Direxion Daily Gold Miners Index Bull 2X ETF,1.304,Trading--Leveraged Equity,2X Long,738789.75,,https://www.tradingview.com/chart/?symbol=AMEX%3ANUGT,False,,-48.079119050741134,-48.079119050741134,165.8000030517578,101.83000183105469,131.04444024658204,0.5167622965520361,21.64557462257291,27.909824834656792,False,False,False,False,,
561,FTGS,FTGS,AMEX:FTGS,US,First Trust Growth Strength ETF,1.301,Large Blend,Long,104437.15,,https://www.tradingview.com/chart/?symbol=AMEX%3AFTGS,False,,22.953212448123764,23.650318841494254,38.31399917602539,33.08000183105469,34.71786491394043,0.7541676629262273,32.95651324567806,62.74136812960762,False,False,False,False,,
562,SOXS,SOXS,AMEX:SOXS,US,Direxion Daily Semiconductor Bear 3X ETF,1.299,Trading--Inverse Equity,-3X Short,48290028.4,,https://www.tradingview.com/chart/?symbol=AMEX%3ASOXS,False,,-64.69172781744885,-55.24366646249709,32.459999084472656,32.16899871826172,139.5515932922363,0.0006395457913663196,-27.172681815190316,-39.34020397825417,False,True,False,False,,
563,EWS,EWS,AMEX:EWS,US,iShares MSCI Singapore ETF,1.29,Focused Region,Long,865185.2,,https://www.tradingview.com/chart/?symbol=AMEX%3AEWS,False,,-3.929235956455159,13.714196361740582,33.52000045776367,27.375,29.07183967590332,0.854659475863679,65.20479981073588,73.66140848350628,False,False,False,False,,
564,DVYE,DVYE,AMEX:DVYE,US,iShares Emerging Markets Dividend ETF,1.289,Diversified Emerging Mkts,Long,117777.6,,https://www.tradingview.com/chart/?symbol=AMEX%3ADVYE,True,2026-09-25 13:30,-65.48431599007827,-65.48431599007827,34.20000076293945,31.969999313354492,32.98951969146729,0.5162038478095301,58.52241021802664,64.6070271834028,False,False,False,False,,
565,BTCI,BTCI,AMEX:BTCI,US,NEOS Bitcoin High Income ETF,1.285,Digital Assets,Long,596300.35,,https://www.tradingview.com/chart/?symbol=AMEX%3ABTCI,False,,29.847593037623053,29.847593037623053,33.869998931884766,26.629899978637695,29.29908325958252,0.6401446334406398,38.73056841566471,,False,False,False,False,,
566,TGED,TGED.TO,TSX:TGED,TSX,TD Active Global Enhanced Dividend ETF,1.281,Total Market,Long,100768.75,,https://www.tradingview.com/chart/?symbol=TSX%3ATGED,False,,46.86303187337443,54.65438483969131,32.70000076293945,27.68000030517578,29.655320053100585,0.599761182601879,-23.015793260903564,68.30520453441211,False,False,False,False,,
567,IGPT,IGPT,AMEX:IGPT,US,Invesco AI and Next Gen Software ETF,1.255,Technology,Long,130976.8,,https://www.tradingview.com/chart/?symbol=AMEX%3AIGPT,False,,55.55201119258958,55.55201119258958,103.30000305175781,55.4900016784668,68.01688121032714,0.9007159600600894,32.869608458538444,86.62130586538724,False,False,False,False,,
568,UTES,UTES,AMEX:UTES,US,Virtus Reaves Utilities ETF,1.252,Utilities,Long,183396.1,,https://www.tradingview.com/chart/?symbol=AMEX%3AUTES,True,2026-09-25 13:30,-64.6684830186681,-63.65712146021797,70.29499816894531,69.75,73.3383804321289,0.03584334780099852,-62.86605536250113,17.767610547630603,False,True,True,True,HIGH,FULL PASS
569,AVGE,AVGE,AMEX:AVGE,US,Avantis All Equity Markets ETF,1.248,Global Large-Stock Blend,Long,78872.1,,https://www.tradingview.com/chart/?symbol=AMEX%3AAVGE,False,,-27.44088954704384,-26.581576538569095,99.79000091552734,85.62000274658203,89.59424188232421,0.8414490053695727,41.58348825706357,73.83642102607517,False,False,False,False,,
570,TNA,TNA,AMEX:TNA,US,Direxion Daily Small Cap Bull 3X ETF,1.246,Trading--Leveraged Equity,3X Long,3135456.25,,https://www.tradingview.com/chart/?symbol=AMEX%3ATNA,True,2026-09-25 13:30,-54.617639986111705,-54.42196707337218,60.349998474121094,39.9900016784668,48.76448085021973,0.5476062054193125,-7.7425263242596145,69.25210517562805,False,False,False,False,,
571,FTXL,FTXL,AMEX:FTXL,US,First Trust Nasdaq Semiconductor ETF,1.245,Technology,Long,125588.4,,https://www.tradingview.com/chart/?symbol=AMEX%3AFTXL,False,,57.73341768151374,57.73341768151374,254.9600067138672,139.3300018310547,176.59204168701172,0.7323453374488608,-3.3301660030719678,84.47194219731487,False,False,False,False,,
572,RWO,RWO,AMEX:RWO,US,State Street SPDR Dow Jones Global Real Estate ETF,1.243,Global Real Estate,Long,63768.55,,https://www.tradingview.com/chart/?symbol=AMEX%3ARWO,True,2026-09-25 13:30,-71.04426800741273,-70.16951476987153,47.099998474121094,44.83000183105469,46.57998886108398,0.3061275304164416,-17.940542922167076,72.83028509149801,False,False,False,False,,
573,IYZ,IYZ,AMEX:IYZ,US,iShares U.S. Telecommunications ETF,1.238,Communications,Long,604137.45,,https://www.tradingview.com/chart/?symbol=AMEX%3AIYZ,False,,-63.448772157549605,-53.841496937239775,41.564998626708984,38.599998474121094,40.346398834228516,0.4006756136764086,15.399016443969968,72.81616339749338,False,False,False,False,,
574,SDIV,SDIV,AMEX:SDIV,US,Global X Superdividend ETF,1.238,Global Small/Mid Stock,Long,357267.6,,https://www.tradingview.com/chart/?symbol=AMEX%3ASDIV,True,2026-09-25 13:30,-78.64411887105493,-78.6044183876607,23.690000534057617,23.614999771118164,24.22033989715576,0.02924005743609268,25.915611449112287,56.29722558145476,False,True,False,False,,
575,EDIV,EDIV,AMEX:EDIV,US,State Street SPDR S&P Emerging Markets Dividend ETF,1.238,Diversified Emerging Mkts,Long,84103.35,,https://www.tradingview.com/chart/?symbol=AMEX%3AEDIV,False,,-80.155753756738,-71.19621334489872,40.84000015258789,38.599998474121094,39.4983197479248,0.5884758733139781,38.76227791462902,63.24106166937029,False,False,False,False,,
576,MFSI,MFSI,AMEX:MFSI,US,MFS Active International ETF,1.229,Foreign Large Blend,Long,178068.65,,https://www.tradingview.com/chart/?symbol=AMEX%3AMFSI,False,,-16.98883647010838,-13.315323851110733,33.220001220703125,28.780000686645508,29.98832088470459,0.8671874621650266,41.64324175649158,,False,False,False,False,,
577,FFLC,FFLC,AMEX:FFLC,US,Fidelity Fundamental Large Cap Core ETF,1.226,Large Blend,Long,64949.75,,https://www.tradingview.com/chart/?symbol=AMEX%3AFFLC,False,,5.368511924879438,5.368511924879438,59.76499938964844,49.619998931884766,52.277359436035155,0.9009767791358458,37.203335472949966,68.26888965628676,False,False,False,False,,
578,IYM,IYM,AMEX:IYM,US,iShares U.S. Basic Materials ETF,1.221,Natural Resources,Long,150211.25,,https://www.tradingview.com/chart/?symbol=AMEX%3AIYM,False,,-32.640005825688284,-32.640005825688284,182.52999877929688,163.22999572753906,171.08171673583985,0.5801022114004741,25.644942118800003,67.94695906631156,False,False,False,False,,
579,WINN,WINN,AMEX:WINN,US,Harbor Long-Term Growers ETF,1.2,Large Growth,Long,95545.35,,https://www.tradingview.com/chart/?symbol=AMEX%3AWINN,False,,52.02974556255405,52.17967936485451,34.57400131225586,26.760000228881836,28.6102398147583,0.9966840347341888,44.302953528465146,52.35670325496155,False,False,False,False,,
580,EWH,EWH,AMEX:EWH,US,iShares MSCI Hong Kong ETF,1.198,Greater China Region,Long,2359591.05,,https://www.tradingview.com/chart/?symbol=AMEX%3AEWH,False,,-28.984999250185123,-28.984999250185123,22.25,20.875,21.7458401260376,0.3726286723563196,16.26185283373932,48.2949319121901,False,False,False,False,,
581,DFSI,DFSI,AMEX:DFSI,US,Dimensional International Sustainability Core 1 ETF,1.197,Foreign Large Blend,Long,50292.1,,https://www.tradingview.com/chart/?symbol=AMEX%3ADFSI,False,,-44.999838461238575,-42.05115094468167,45.95280075073242,40.869998931884766,42.49752603149414,0.7370330297639593,44.1311333773757,67.15184255564546,False,False,False,False,,
582,QQQJ,QQQJ,AMEX:QQQJ,US,Invesco NASDAQ Next Gen 100 ETF,1.196,Mid-Cap Growth,Long,148141.25,,https://www.tradingview.com/chart/?symbol=AMEX%3AQQQJ,False,,-1.9896647640217626,-0.2617535780921593,44.439998626708984,34.689998626708984,37.54205931091309,0.8067850774508043,21.353871174779968,77.44723758637063,False,False,False,False,,
583,IYC,IYC,AMEX:IYC,US,iShares U.S. Consumer Discretionary ETF,1.183,Consumer Cyclical,Long,66847.3,,https://www.tradingview.com/chart/?symbol=AMEX%3AIYC,False,,-47.176310538673164,-47.176310538673164,96.25,94.20999908447266,96.7776784362793,0.18750013148086725,-27.007933212011533,18.24768213723556,False,True,False,False,,
584,CHPY,CHPY,AMEX:CHPY,US,YieldMax Semiconductor Portfolio Option Income ETF,1.182,Derivative Income,Long,546018.8,,https://www.tradingview.com/chart/?symbol=AMEX%3ACHPY,False,,45.30082227591932,45.33658281079675,70.19000244140625,52.400001525878906,61.14144174194336,0.48029158951963447,-2.7791242944241397,,False,False,False,False,,
585,MOO,MOO,AMEX:MOO,US,VanEck Agribusiness ETF,1.174,Natural Resources,Long,462897.5,,https://www.tradingview.com/chart/?symbol=AMEX%3AMOO,False,,-68.80431590096065,-68.80431590096065,83.31999969482422,76.58000183105469,79.4875217590332,0.5470777622341245,54.022166763648954,59.361878266681714,False,False,False,False,,
586,RSPA,RSPA,AMEX:RSPA,US,Invesco S&P 500 Equal Weight Income Advantage ETF,1.17,Derivative Income,Long,270430.45,,https://www.tradingview.com/chart/?symbol=AMEX%3ARSPA,True,2026-09-25 09:30,-71.7524712269675,-69.21529857059723,52.189998626708984,49.17499923706055,50.54497930908203,0.5193797125144406,33.57943737200188,,False,False,False,False,,
587,APIE,APIE,AMEX:APIE,US,ActivePassive International Equity ETF,1.168,Foreign Large Blend,Long,64151.6,,https://www.tradingview.com/chart/?symbol=AMEX%3AAPIE,False,,-13.862797807958316,-13.862797807958316,39.0,34.13199996948242,35.53808801269531,0.817052682260954,37.038481231474464,67.31975690751723,False,False,False,False,,
588,FXH,FXH,AMEX:FXH,US,First Trust Health Care AlphaDEX Fund,1.161,Health,Long,53424.65,,https://www.tradingview.com/chart/?symbol=AMEX%3AFXH,False,,-12.749318939998034,-8.674776077747861,131.55999755859375,104.81999969482422,112.08424325561523,0.8687263089458461,59.802120647759715,69.8659834130093,False,False,False,False,,
589,BLOK,BLOK,AMEX:BLOK,US,Amplify Blockchain Technology ETF,1.153,Equity Digital Assets,Long,205400.35,,https://www.tradingview.com/chart/?symbol=AMEX%3ABLOK,False,,9.38451399046918,9.38451399046918,64.22000122070312,47.369998931884766,52.49827882385254,0.7754258004500746,29.308289758863623,37.475050018477496,False,False,False,False,,
590,OAKM,OAKM,AMEX:OAKM,US,Oakmark U.S. Large Cap ETF,1.15,Large Value,Long,156439.55,,https://www.tradingview.com/chart/?symbol=AMEX%3AOAKM,True,2026-09-25 09:30,-70.22541563432715,-65.78041673325149,30.030000686645508,26.989999771118164,28.198319969177245,0.593750081490712,63.913844743216856,,False,False,False,False,,
591,PEY,PEY,AMEX:PEY,US,Invesco High Yield Equity Dividend Achievers ETF,1.14,Mid-Cap Value,Long,287329.65,,https://www.tradingview.com/chart/?symbol=AMEX%3APEY,True,2026-09-25 09:30,-71.37741225271255,-69.20682124742505,23.225000381469727,20.604999542236328,21.708299812316895,0.5604278498127535,35.87371211924691,84.46686669944494,False,False,False,False,,
592,EWI,EWI,AMEX:EWI,US,iShares MSCI Italy ETF,1.12,Focused Region,Long,322325.7,,https://www.tradingview.com/chart/?symbol=AMEX%3AEWI,False,,-50.12382158644274,-44.991872203100435,60.39500045776367,50.685001373291016,53.675120941162106,0.7663773076362603,30.73019296328046,70.37246593219385,False,False,False,False,,
593,EIPI,EIPI,AMEX:EIPI,US,FT Energy Income Partners Enhanced Income ETF,1.117,Derivative Income,Long,69614.35,,https://www.tradingview.com/chart/?symbol=AMEX%3AEIPI,False,,-81.36963782811137,-81.36963782811137,21.589399337768555,21.479999542236328,21.838672386169435,0.07198301232535112,50.22526887987953,,False,True,False,False,,
594,EUAD,EUAD,AMEX:EUAD,US,Select STOXX Europe Aerospace & Defense ETF,1.111,Industrials,Long,111209.35,,https://www.tradingview.com/chart/?symbol=AMEX%3AEUAD,False,,-21.82221502432618,-21.82221502432618,42.77000045776367,37.63999938964844,40.10494909667969,0.4911581962998025,14.433833829470274,,False,False,False,False,,
595,OMAH,OMAH,AMEX:OMAH,US,VistaShares Target 15 Berkshire Select Income ETF,1.102,Derivative Income,Long,1073346.75,,https://www.tradingview.com/chart/?symbol=AMEX%3AOMAH,True,2026-09-25 09:30,-64.46588609343591,-62.557383900630725,17.985000610351562,17.8700008392334,18.17562085723877,0.08880290682860227,11.641643292158767,,False,True,False,False,,
596,GSID,GSID,AMEX:GSID,US,Marketbeta INTL Equity ETF,1.095,Foreign Large Blend,Long,89488.5,,https://www.tradingview.com/chart/?symbol=AMEX%3AGSID,False,,-45.909375813919674,-44.46773299870947,75.97969818115234,67.5199966430664,70.16319772338868,0.755330185755245,42.98134193763624,70.13583398220037,False,False,False,False,,
597,IMFL,IMFL,AMEX:IMFL,US,Invesco International Developed Dynamic Multifactor ETF,1.09,Foreign Large Blend,Long,58737.8,,https://www.tradingview.com/chart/?symbol=AMEX%3AIMFL,True,2026-09-25 09:30,-54.42298698140527,-49.739539339373266,34.02840042114258,30.65999984741211,31.771559631347657,0.7151594964922596,34.77360323709218,71.66171774980778,False,False,False,False,,
598,TRFK,TRFK,AMEX:TRFK,US,Pacer Data and Digital Revolution ETF,1.078,Technology,Long,121242.3,,https://www.tradingview.com/chart/?symbol=AMEX%3ATRFK,False,,46.393584794253776,46.393584794253776,102.12000274658203,59.404998779296875,71.52575006103515,0.8316927475830179,21.66114504395978,79.88971731386191,False,False,False,False,,
599,UMAX,UMAX.TO,TSX:UMAX,TSX,Hamilton Utilities YIELD MAXIMIZER ETF,1.07,Utilities,Long,378770.1,,https://www.tradingview.com/chart/?symbol=TSX%3AUMAX,False,,-76.56912058925333,-76.56912058925333,12.199999809265137,12.199999809265137,12.572879791259766,0.0,-38.84832781536663,,False,True,False,False,,
600,HAUZ,HAUZ,AMEX:HAUZ,US,Xtrackers International Real Estate ETF,1.068,Global Real Estate,Long,86107.95,,https://www.tradingview.com/chart/?symbol=AMEX%3AHAUZ,True,2026-09-25 13:30,-65.85032384543617,-65.171418628425,21.489999771118164,21.399999618530273,22.110359672546387,0.029900380645925782,-50.03789568407091,20.031022848734082,False,True,False,False,,"NEAR: 4h+band ok, weekly shallow"
601,IVES,IVES,AMEX:IVES,US,Dan IVES Wedbush AI Revolution ETF,1.063,Technology,Long,248198.45,,https://www.tradingview.com/chart/?symbol=AMEX%3AIVES,False,,62.25235992168968,62.25235992168968,41.5099983215332,27.139999389648438,30.60919956970215,0.9775508970117428,50.932574140215536,,False,False,False,False,,
602,XLSR,XLSR,AMEX:XLSR,US,State Street US Sector Rotation ETF,1.061,Large Blend,Long,41900.45,,https://www.tradingview.com/chart/?symbol=AMEX%3AXLSR,False,,40.61808813822869,41.76770945111693,67.09320068359375,55.93600082397461,58.614624771118166,0.9830044152625513,40.60494110085361,60.87986887652625,False,False,False,False,,
603,GFLW,GFLW,AMEX:GFLW,US,VictoryShares Free Cash Flow Growth ETF,1.056,Large Growth,Long,156446.75,,https://www.tradingview.com/chart/?symbol=AMEX%3AGFLW,False,,33.57221819372601,34.17479041193434,33.70000076293945,25.190000534057617,27.462680335998535,0.8836968816728736,38.36025348021239,,False,False,False,False,,
604,IDHQ,IDHQ,AMEX:IDHQ,US,Invesco S&P International Developed High Quality ETF,1.055,Foreign Large Growth,Long,136760.05,,https://www.tradingview.com/chart/?symbol=AMEX%3AIDHQ,False,,-34.234928368271916,-33.382303231895676,43.79999923706055,34.25,37.105151306152344,0.7893801687811609,37.788060147763254,85.52543842475694,False,False,False,False,,
605,ECH,ECH,AMEX:ECH,US,iShares MSCI Chile ETF,1.051,Focused Region,Long,404518.4,,https://www.tradingview.com/chart/?symbol=AMEX%3AECH,False,,-27.47304372465847,-27.47304372465847,39.02000045776367,37.79999923706055,39.518079849243165,0.16758252554876862,-0.6610843178436626,51.7155567666901,False,True,False,False,,
606,PPH,PPH,AMEX:PPH,US,VanEck Pharmaceutical ETF,1.049,Health,Long,239042.15,,https://www.tradingview.com/chart/?symbol=AMEX%3APPH,False,,-3.6680365048169405,-3.6680365048169405,111.31999969482422,98.8550033569336,103.34254321289063,0.6555349323164552,41.81074742172453,68.69077717619837,False,False,False,False,,
607,TVAL,TVAL,AMEX:TVAL,US,T. Rowe Price Value ETF,1.046,Large Value,Long,88694.0,,https://www.tradingview.com/chart/?symbol=AMEX%3ATVAL,False,,-44.07780558109598,-38.10255848570329,42.77000045776367,35.45000076293945,37.34980058288574,0.9093168184568814,41.21309400667235,,False,False,False,False,,
608,TAN,TAN,AMEX:TAN,US,Invesco Solar ETF,1.045,Miscellaneous Sector,Long,846303.35,,https://www.tradingview.com/chart/?symbol=AMEX%3ATAN,True,2026-09-25 13:30,-55.62382045008954,-55.62382045008954,44.09000015258789,43.47999954223633,50.673279434204105,0.020013143684804877,-53.702117912560276,33.62679313637022,False,True,False,False,,"NEAR: 4h+band ok, weekly shallow"
609,JHEM,JHEM,AMEX:JHEM,US,John Hancock Multifactor Emerging Markets ETF,1.039,Diversified Emerging Mkts,Long,103655.95,,https://www.tradingview.com/chart/?symbol=AMEX%3AJHEM,False,,-2.465263118711792,-2.465263118711792,40.30500030517578,33.18000030517578,35.289816574096676,0.796988830150614,38.62654622283695,74.83058254559772,False,False,False,False,,
610,PBPH,PBPH,AMEX:PBPH,US,Portfolio Building Block World Pharma and Biotech Index ETF,1.037,Health,Long,85330.2,,https://www.tradingview.com/chart/?symbol=AMEX%3APBPH,False,,35.874070192525174,42.44858862136271,28.790000915527344,24.280000686645508,25.589800506591796,0.8126127655596711,56.51581710784054,,False,False,False,False,,
611,SLVP,SLVP,AMEX:SLVP,US,iShares MSCI Global Silver Miners ETF,1.027,Equity Precious Metals,Long,314734.6,,https://www.tradingview.com/chart/?symbol=AMEX%3ASLVP,False,,-37.25618860281529,-37.25618860281529,37.2599983215332,28.799999237060547,31.908119705200196,0.642368854232532,27.92264496624297,49.90837862463738,False,False,False,False,,
612,AIS,AIS,AMEX:AIS,US,VistaShares Artificial Intelligence Supercycle ETF,1.007,Technology,Long,389869.0,,https://www.tradingview.com/chart/?symbol=AMEX%3AAIS,False,,46.02128002142141,46.02128002142141,75.94999694824219,39.5,51.05219927978516,0.7446373691663962,13.955582171494148,,False,False,False,False,,
613,RSPN,RSPN,AMEX:RSPN,US,Invesco S&P 500 Equal Weight Industrials ETF,1.006,Industrials,Long,274057.85,,https://www.tradingview.com/chart/?symbol=AMEX%3ARSPN,False,,-46.77260713428822,-45.989268804661066,58.9900016784668,55.900001525878906,58.07238195800781,0.335687076363552,-16.167325774739027,61.2545774286547,False,False,False,False,,
614,MSOS,MSOS,AMEX:MSOS,US,AdvisorShares Pure US Cannabis ETF,1.002,Miscellaneous Sector,Long,4107084.5,,https://www.tradingview.com/chart/?symbol=AMEX%3AMSOS,False,,42.24532520960256,42.24532520960256,5.150000095367432,3.1500000953674316,3.768320068359375,0.7633588119692684,27.130341966146876,15.208541791251378,False,False,False,False,,
615,AMDL,AMDL,AMEX:AMDL,US,GraniteShares 2x Long AMD Daily ETF,0.996,Trading--Leveraged Equity,2X Long,2024996.95,,https://www.tradingview.com/chart/?symbol=AMEX%3AAMDL,False,,66.73102531216732,66.73102531216732,84.19000244140625,11.38659954071045,28.568202625274658,1.0,5.728126619479891,,False,False,False,False,,
616,MSTY,MSTY,AMEX:MSTY,US,YieldMax MSTR Option Income Strategy ETF,0.976,Derivative Income,Long,2264183.15,,https://www.tradingview.com/chart/?symbol=AMEX%3AMSTY,False,,24.12707629002387,24.12707629002387,16.4950008392334,11.550000190734863,15.379100055694579,0.30477663007045436,21.242934744005314,,False,False,False,False,,
617,FHEQ,FHEQ,AMEX:FHEQ,US,Fidelity Hedged Equity ETF,0.976,Equity Hedged,Long,66490.95,,https://www.tradingview.com/chart/?symbol=AMEX%3AFHEQ,False,,-4.411302342152111,-1.5760909541366728,33.94990158081055,28.920000076293945,30.25339998626709,0.8902481140034171,41.47648370715603,,False,False,False,False,,
618,JHMD,JHMD,AMEX:JHMD,US,John Hancock Multifactor Developed International ETF,0.974,Foreign Large Blend,Long,75572.6,,https://www.tradingview.com/chart/?symbol=AMEX%3AJHMD,False,,-47.41697503494637,-42.22857749278094,45.279998779296875,40.779998779296875,42.2007188873291,0.7475082488069567,41.630584005337106,68.74687780213394,False,False,False,False,,
619,FTQI,FTQI,AMEX:FTQI,US,First Trust Nasdaq BuyWrite Income ETF,0.97,Derivative Income,Long,239094.65,,https://www.tradingview.com/chart/?symbol=AMEX%3AFTQI,False,,17.959016684539122,17.959016684539122,22.225000381469727,19.309999465942383,20.05575942993164,0.9224686886977517,55.486499145191225,75.137349226432,False,False,False,False,,
620,GII,GII,AMEX:GII,US,State Street SPDR S&P Global Infrastructure ETF,0.954,Infrastructure,Long,36493.0,,https://www.tradingview.com/chart/?symbol=AMEX%3AGII,True,2026-09-25 13:30,-73.57330071864392,-73.52407090121443,70.83000183105469,70.54129791259766,72.4926876220703,0.034915693377450444,-58.206409544321325,54.099864294201986,False,True,False,False,,"NEAR: 4h+band ok, weekly shallow"
621,FDD,FDD,AMEX:FDD,US,First Trust Stoxx European Select Dividend Index Fund,0.948,Europe Stock,Long,119342.35,,https://www.tradingview.com/chart/?symbol=AMEX%3AFDD,True,2026-09-25 09:30,-78.11780304289753,-75.58383840212461,19.690000534057617,17.110000610351562,17.969040466308595,0.7087913066807517,56.532861036972065,72.42745834874984,False,False,False,False,,
622,BANK,BANK.TO,TSX:BANK,TSX,Evolve Canadian Banks and Lifecos Enhanced Yield Index Fund,0.947,Financials,1.25X Long,524530.7,,https://www.tradingview.com/chart/?symbol=TSX%3ABANK,False,,-0.2290712897456665,-0.2290712897456665,11.5600004196167,9.09000015258789,9.805080089569092,0.8151816781207264,30.07043810308347,83.91135824664916,False,False,False,False,,
623,EYLD,EYLD,AMEX:EYLD,US,Cambria Emerging Shareholder Yield ETF,0.945,Diversified Emerging Mkts,Long,68648.4,,https://www.tradingview.com/chart/?symbol=AMEX%3AEYLD,False,,-49.10041551145969,-45.615390189295994,48.209999084472656,40.13999938964844,42.50233558654785,0.8062018989838169,64.33539098911508,74.3241889388788,False,False,False,False,,
624,JDVL,JDVL,AMEX:JDVL,US,John Hancock Disciplined Value Select ETF,0.945,Large Value,Long,106036.65,,https://www.tradingview.com/chart/?symbol=AMEX%3AJDVL,False,,-29.47078976747366,-29.47078976747366,31.65999984741211,26.447599411010742,27.91235750579834,0.839815466709608,36.543152834797475,,False,False,False,False,,
625,MLPI,MLPI,AMEX:MLPI,US,NEOS MLP & Energy Infrastructure High Income ETF,0.944,Energy Limited Partnership,Long,206137.25,,https://www.tradingview.com/chart/?symbol=AMEX%3AMLPI,False,,-75.76207693747442,-75.76207693747442,51.0099983215332,50.81010055541992,52.59305722045899,0.026459349084460675,11.620074439574282,,False,True,False,False,,
626,GWX,GWX,AMEX:GWX,US,State Street SPDR S&P International Small Cap ETF,0.944,Foreign Small/Mid Blend,Long,40693.5,,https://www.tradingview.com/chart/?symbol=AMEX%3AGWX,False,,-20.694572393555998,-20.694572393555998,46.0,40.900001525878906,42.351400985717774,0.8292683531976789,34.57704988267968,64.01440178761585,False,False,False,False,,
627,AIPO,AIPO,AMEX:AIPO,US,Defiance AI & Power Infrastructure ETF,0.929,Technology,Long,1125872.0,,https://www.tradingview.com/chart/?symbol=AMEX%3AAIPO,False,,14.691253220437092,14.691253220437092,28.836299896240234,23.840999603271484,26.422603408813476,0.4566505776796079,-33.01303618901649,,False,False,False,False,,
628,AUSF,AUSF,AMEX:AUSF,US,Global X Adaptive U.S. Factor ETF,0.926,Mid-Cap Value,Long,52274.15,,https://www.tradingview.com/chart/?symbol=AMEX%3AAUSF,True,2026-09-25 09:30,-72.95021143573759,-71.25219713646418,49.650001525878906,47.369998931884766,48.57477882385254,0.44662150801983197,43.86500764418764,69.63747692707092,False,False,False,False,,
629,SPHB,SPHB,AMEX:SPHB,US,Invesco S&P 500 High Beta ETF,0.923,Mid-Cap Blend,Long,213099.65,,https://www.tradingview.com/chart/?symbol=AMEX%3ASPHB,False,,44.150829415656375,45.318281962121624,153.11500549316406,111.31999969482422,122.06743991088867,0.9177647114207544,25.772795126195508,74.165752790458,False,False,False,False,,
630,GGLL,GGLL,AMEX:GGLL,US,Direxion Daily GOOGL Bull 2X ETF,0.92,Trading--Leveraged Equity,2X Long,1023362.45,,https://www.tradingview.com/chart/?symbol=AMEX%3AGGLL,False,,-14.669750158776097,-14.669750158776097,99.51499938964844,70.91000366210938,89.29912322998047,0.3671072433230557,-37.39146158310447,57.737699050118415,False,False,False,False,,
631,FDV,FDV,AMEX:FDV,US,Federated Hermes U.S. Strategic Dividend ETF,0.916,Large Value,Long,109184.4,,https://www.tradingview.com/chart/?symbol=AMEX%3AFDV,True,2026-09-25 13:30,-75.03422603574961,-75.03422603574961,31.889999389648438,30.0,30.960519927978517,0.4643733492294686,46.64989964318858,74.36696839756677,False,False,False,False,,
632,EEMA,EEMA,AMEX:EEMA,US,iShares MSCI Emerging Markets Asia ETF,0.902,Pacific/Asia ex-Japan Stk,Long,56883.7,,https://www.tradingview.com/chart/?symbol=AMEX%3AEEMA,False,,16.039577481788182,16.039577481788182,118.36000061035156,92.377197265625,99.33985806274414,0.8806894042422131,39.79103728725736,75.39533564599161,False,False,False,False,,
633,PID,PID,AMEX:PID,US,Invesco International Dividend Achievers ETF,0.901,Foreign Large Value,Long,56589.95,,https://www.tradingview.com/chart/?symbol=AMEX%3APID,True,2026-09-25 09:30,-78.85633738123438,-76.5459075424982,21.489999771118164,21.40999984741211,21.903239883422852,0.03827747266285927,-9.878288535612647,59.571271686550034,False,True,False,False,,
634,TSME,TSME,AMEX:TSME,US,Thrivent Small-Mid Cap Equity ETF,0.896,Mid-Cap Blend,Long,36049.2,,https://www.tradingview.com/chart/?symbol=AMEX%3ATSME,False,,-13.133821202127189,-6.30927006798408,46.369998931884766,40.005699157714844,42.907153976440426,0.5176626349686941,-22.158482386057937,66.02696016818375,False,False,False,False,,
635,AGIX,AGIX,AMEX:AGIX,US,KraneShares Public-Private AI & Technology ETF,0.884,Technology,Long,145590.3,,https://www.tradingview.com/chart/?symbol=AMEX%3AAGIX,False,,50.08013384010625,50.08013384010625,48.15999984741211,31.219999313354492,35.51283943939209,0.9312809256019761,37.47733054767585,,False,False,False,False,,
636,HYLD,HYLD.TO,TSX:HYLD,TSX,Hamilton Enhanced U.S. Covered Call ETF,0.883,Total Market,1.25X Long,139047.7,,https://www.tradingview.com/chart/?symbol=TSX%3AHYLD,False,,48.610706592910184,48.610706592910184,16.280000686645508,12.944999694824219,13.736779586791993,0.9940391793908536,43.73136440689467,72.31229636657694,False,False,False,False,,
637,INFO,INFO,AMEX:INFO,US,Harbor PanAgora Dynamic Large Cap Core ETF,0.881,Large Blend,Long,57406.8,,https://www.tradingview.com/chart/?symbol=AMEX%3AINFO,False,,18.319887992376756,19.10833219635567,28.3799991607666,22.79789924621582,24.165637199401857,0.9631783462360347,46.79208678119378,,False,False,False,False,,
638,AVRE,AVRE,AMEX:AVRE,US,Avantis Real Estate ETF,0.881,Global Real Estate,Long,53878.15,,https://www.tradingview.com/chart/?symbol=AMEX%3AAVRE,False,,-69.46723454238675,-69.46723454238675,44.83100128173828,43.15959930419922,44.70313404846191,0.25555036461951314,-25.50063465077562,70.22767665558843,False,False,False,False,,
639,RSPH,RSPH,AMEX:RSPH,US,Invesco S&P 500 Equal Weight Health Care ETF,0.868,Health,Long,160196.4,,https://www.tradingview.com/chart/?symbol=AMEX%3ARSPH,False,,40.527065470658975,48.16828070886161,37.36000061035156,29.610000610351562,31.597120178222657,0.920427753604935,65.02017251467296,65.3203072560109,False,False,False,False,,
640,SH,SH,AMEX:SH,US,ProShares Short S&P500,0.863,Trading--Inverse Equity,-1X Short,6364903.15,,https://www.tradingview.com/chart/?symbol=AMEX%3ASH,False,,-52.038301263803056,-49.89624844683302,32.01499938964844,31.895000457763672,33.57886006164551,0.016818354606000757,-34.8670742959709,-58.25409645943728,False,True,False,False,,
641,UDOW,UDOW,AMEX:UDOW,US,ProShares UltraPro Dow30,0.856,Trading--Leveraged Equity,3X Long,1389847.1,,https://www.tradingview.com/chart/?symbol=AMEX%3AUDOW,True,2026-09-25 09:30,-60.40476984882006,-53.88074118261277,66.37000274658203,46.54999923706055,54.05833891296387,0.6229767205736231,17.926118201529025,68.45340783700362,False,False,False,False,,
642,QQA,QQA,AMEX:QQA,US,Invesco QQQ Income Advantage ETF,0.856,Derivative Income,Long,102501.45,,https://www.tradingview.com/chart/?symbol=AMEX%3AQQA,False,,46.39560565693264,46.7065725524734,57.22999954223633,48.439998626708984,50.80471873474121,0.8772455602750694,40.68878729980506,,False,False,False,False,,
643,EPOL,EPOL,AMEX:EPOL,US,iShares MSCI Poland ETF,0.855,Focused Region,Long,371888.5,,https://www.tradingview.com/chart/?symbol=AMEX%3AEPOL,False,,-13.669361742041344,-13.669361742041344,44.86000061035156,34.47999954223633,37.17983921813965,0.9073428596294608,68.81136858764584,72.75672869018673,False,False,False,False,,
644,REZ,REZ,AMEX:REZ,US,iShares Residential and Multisector Real Estate ETF,0.844,Real Estate,Long,62615.25,,https://www.tradingview.com/chart/?symbol=AMEX%3AREZ,True,2026-09-25 13:30,-66.538248304521,-64.04327145271871,89.19999694824219,82.30000305175781,86.40406631469726,0.3967771584505266,-5.810367865534076,81.92639136732139,False,False,False,False,,
645,SFLO,SFLO,AMEX:SFLO,US,VictoryShares Small Cap Free Cash Flow ETF,0.839,Small Value,Long,230242.35,,https://www.tradingview.com/chart/?symbol=AMEX%3ASFLO,True,2026-09-25 09:30,-68.48174246219905,-66.89397839147423,37.470001220703125,29.426000595092773,32.0016810836792,0.7370417860663713,61.553440772301094,,False,False,False,False,,
646,ARKF,ARKF,AMEX:ARKF,US,ARK Blockchain & Fintech Innovation ETF,0.831,Technology,Long,88613.65,,https://www.tradingview.com/chart/?symbol=AMEX%3AARKF,False,,31.105353777358673,31.105353777358673,46.880001068115234,36.16999816894531,38.907598709106445,0.9232759298240537,58.758296711774626,-4.17332788666387,False,False,False,False,,
647,ARGT,ARGT,AMEX:ARGT,US,Global X MSCI Argentina ETF,0.818,Focused Region,Long,118698.1,,https://www.tradingview.com/chart/?symbol=AMEX%3AARGT,False,,-78.17585973075239,-78.17585973075239,88.5999984741211,85.52999877929688,88.75609494018555,0.22458100808096707,17.932892517163257,43.390839057701186,False,True,False,False,,
648,FEM,FEM,AMEX:FEM,US,First Trust Emerging Markets AlphaDEX Fund,0.817,Diversified Emerging Mkts,Long,75438.35,,https://www.tradingview.com/chart/?symbol=AMEX%3AFEM,False,,-34.270830240151476,-34.270830240151476,32.619998931884766,28.770000457763672,29.97360009765625,0.7549018874529334,40.01397988550837,68.61508959118954,False,False,False,False,,
649,SLVR,SLVR,AMEX:SLVR,US,Sprott Silver Miners & Physical Silver ETF,0.804,Equity Precious Metals,Long,145136.15,,https://www.tradingview.com/chart/?symbol=AMEX%3ASLVR,False,,-30.763051432695068,-30.763051432695068,58.31999969482422,46.86000061035156,52.71280133056641,0.46209668041393154,19.758178262663034,,False,False,False,False,,
650,SAMT,SAMT,AMEX:SAMT,US,Strategas Macro Thematic Opportunities ETF,0.801,Large Blend,Long,163575.0,,https://www.tradingview.com/chart/?symbol=AMEX%3ASAMT,False,,21.34132680565312,21.34132680565312,42.31999969482422,38.5,40.69716032409668,0.41031139971506553,-41.68812433111302,66.28862227472702,False,False,False,False,,
651,DIV,DIV,AMEX:DIV,US,Global X SuperDividend US ETF,0.795,Small Value,Long,171166.55,,https://www.tradingview.com/chart/?symbol=AMEX%3ADIV,False,,-87.143266813825,-84.73376361300993,19.030000686645508,18.610000610351562,18.96400061035156,0.2800000508626302,46.21021460750472,77.0526732265709,False,False,False,False,,
652,AVMV,AVMV,AMEX:AVMV,US,Avantis U.S. Mid Cap Value ETF,0.793,Mid-Cap Value,Long,56776.3,,https://www.tradingview.com/chart/?symbol=AMEX%3AAVMV,True,2026-09-25 09:30,-63.896284072442874,-62.06808419250937,77.63999938964844,71.89510345458984,74.74961737060546,0.47496543389295104,10.295205375299382,,False,False,False,False,,
653,FXU,FXU,AMEX:FXU,US,First Trust Utilities AlphaDEX Fund,0.791,Utilities,Long,241436.05,,https://www.tradingview.com/chart/?symbol=AMEX%3AFXU,True,2026-09-25 13:30,-81.86438120805126,-80.89025817705061,43.95000076293945,43.75,45.591980072021485,0.025624696363794542,-52.17761570315597,46.28855542528135,False,True,False,False,,"NEAR: 4h+band ok, weekly shallow"
654,IGE,IGE,AMEX:IGE,US,iShares North American Natural Resources ETF,0.789,Natural Resources,Long,232315.35,,https://www.tradingview.com/chart/?symbol=AMEX%3AIGE,False,,-70.27003475258952,-67.69523756358073,62.83000183105469,55.720001220703125,58.3502204284668,0.6379544864892247,51.782615194602464,72.32547282848114,False,False,False,False,,
655,EWJV,EWJV,AMEX:EWJV,US,iShares MSCI Japan Value ETF,0.787,Japan Stock,Long,123617.3,,https://www.tradingview.com/chart/?symbol=AMEX%3AEWJV,False,,-49.17072032973519,-42.072895165462455,49.08000183105469,40.5,42.78683967590332,0.8854492308600785,73.6543640659158,74.98949623774094,False,False,False,False,,
656,SMIN,SMIN,AMEX:SMIN,US,iShares MSCI India Small Cap ETF,0.777,India Equity,Long,44027.25,,https://www.tradingview.com/chart/?symbol=AMEX%3ASMIN,False,,-21.728641160520112,-21.728641160520112,70.16999816894531,57.850101470947266,61.29315965270996,0.8444514926085357,38.66007983764157,-2.8809283300885604,False,False,False,False,,
657,AFLG,AFLG,AMEX:AFLG,US,First Trust Active Factor Large Cap ETF,0.777,Large Blend,Long,61212.15,,https://www.tradingview.com/chart/?symbol=AMEX%3AAFLG,False,,-23.839077496608112,-23.839077496608112,44.4900016784668,37.53799819946289,39.37860986328125,0.8913736956557891,45.08997301882829,71.48783277443601,False,False,False,False,,
658,ROBT,ROBT,AMEX:ROBT,US,First Trust Nasdaq Artificial Intelligence & Robotics ETF,0.769,Technology,Long,39209.4,,https://www.tradingview.com/chart/?symbol=AMEX%3AROBT,False,,48.61562943902294,48.61562943902294,59.7599983215332,44.349998474121094,48.22629919433594,0.9382037737742108,42.88333969933469,54.293744717925414,False,False,False,False,,
659,NUKZ,NUKZ,AMEX:NUKZ,US,Range Nuclear Renaissance Index ETF,0.768,Miscellaneous Sector,Long,110651.65,,https://www.tradingview.com/chart/?symbol=AMEX%3ANUKZ,False,,-48.06396321281161,-48.06396321281161,61.400001525878906,60.81999969482422,64.46619897460937,0.03754057900449468,-44.13383374364694,,False,True,False,False,,
660,XRE,XRE.TO,TSX:XRE,TSX,iShares S&P/TSX Capped REIT Index ETF,0.765,Real Estate,Long,245800.0,,https://www.tradingview.com/chart/?symbol=TSX%3AXRE,False,,-30.04962333464451,-30.04962333464451,15.529999732971191,15.260000228881836,15.788640174865723,0.12053550521327822,-42.11486872823185,61.44660711005215,False,True,False,False,,
661,ARKX,ARKX,AMEX:ARKX,US,ARK Space & Defense Innovation ETF,0.763,Technology,Long,65825.75,,https://www.tradingview.com/chart/?symbol=AMEX%3AARKX,False,,36.577223367137044,36.577223367137044,32.69499969482422,28.020000457763672,30.316280349731446,0.4804727088390029,-14.448716799656388,56.68700940919732,False,False,False,False,,
662,QQH,QQH,AMEX:QQH,US,HCM Defender 100 Index ETF,0.756,Large Growth,Long,34926.15,,https://www.tradingview.com/chart/?symbol=AMEX%3AQQH,False,,52.54523811627646,52.54523811627646,88.56400299072266,68.77999877929688,73.62271978759766,0.9641325580997606,29.00300038435492,57.95731121436478,False,False,False,False,,
663,QDVO,QDVO,AMEX:QDVO,US,Amplify CWP Growth & Income ETF,0.75,Derivative Income,Long,203377.0,,https://www.tradingview.com/chart/?symbol=AMEX%3AQDVO,False,,49.94909939199363,49.94909939199363,30.420000076293945,25.850000381469727,27.048880363464356,0.8996062526493561,46.171862748893396,,False,False,False,False,,
664,EWD,EWD,AMEX:EWD,US,iShares MSCI Sweden ETF,0.749,Focused Region,Long,201292.6,,https://www.tradingview.com/chart/?symbol=AMEX%3AEWD,False,,-27.7347302409314,-24.51649021731754,51.52000045776367,46.779998779296875,48.585399139404295,0.6196079389568775,35.98412140175191,61.806068940665604,False,False,False,False,,
665,ULTY,ULTY,AMEX:ULTY,US,YieldMax Ultra Option Income Strategy ETF,0.748,Derivative Income,Long,412103.25,,https://www.tradingview.com/chart/?symbol=AMEX%3AULTY,False,,-3.643254839121822,-3.643254839121822,25.764999389648438,25.135000228881836,26.850719886779785,0.08665739840218199,27.321002848099102,,False,True,False,False,,
666,VOLT,VOLT,AMEX:VOLT,US,Tema Electrification ETF,0.747,Mid-Cap Blend,Long,211282.4,,https://www.tradingview.com/chart/?symbol=AMEX%3AVOLT,False,,15.280169993250055,16.00555786319489,35.90999984741211,33.119998931884766,35.253439147949216,0.30862838860283354,-46.01567780138004,,False,False,False,False,,
667,HEGD,HEGD,AMEX:HEGD,US,Swan Hedged Equity US Large Cap ETF,0.741,Equity Hedged,Long,50974.55,,https://www.tradingview.com/chart/?symbol=AMEX%3AHEGD,False,,21.944997916098355,24.149772509750935,27.110000610351562,24.450000762939453,25.150920600891112,0.8956230513089745,31.767847911834863,66.16012497926438,False,False,False,False,,
668,WTAI,WTAI,AMEX:WTAI,US,WisdomTree Artificial Intelligence and Innovation Fund,0.728,Technology,Long,289090.6,,https://www.tradingview.com/chart/?symbol=AMEX%3AWTAI,False,,45.25642971901681,45.25642971901681,43.97999954223633,26.760000228881836,31.871759742736817,0.795013894322837,17.844396345521634,79.90388415953544,False,False,False,False,,
669,JETS,JETS,AMEX:JETS,US,U.S. Global Jets ETF,0.727,Industrials,Long,2604726.0,,https://www.tradingview.com/chart/?symbol=AMEX%3AJETS,False,,14.761248074596622,18.395231260001086,28.969999313354492,23.6200008392334,26.013040245056153,0.527613392750832,-16.865722916746883,61.900220924880365,False,False,False,False,,
670,IEO,IEO,AMEX:IEO,US,iShares U.S. Oil & Gas Exploration & Production ETF,0.724,Equity Energy,Long,16442.75,,https://www.tradingview.com/chart/?symbol=AMEX%3AIEO,False,,-62.639538107866294,-53.833678532684424,133.61000061035156,107.04000091552734,115.96316213989257,0.7027240425575276,68.12175452417266,80.14722528068579,False,False,False,False,,
671,MISL,MISL,AMEX:MISL,US,First Trust Indxx Aerospace & Defense ETF,0.718,Industrials,Long,72709.45,,https://www.tradingview.com/chart/?symbol=AMEX%3AMISL,False,,5.456461055677902,5.456461055677902,42.66999816894531,42.13999938964844,43.80615971374512,0.07507063402309458,-34.87341156134751,44.28243017345577,False,True,False,False,,
672,MULL,MULL,AMEX:MULL,US,GraniteShares 2x Long MU Daily ETF,0.706,Trading--Leveraged Equity,2X Long,4831540.9,,https://www.tradingview.com/chart/?symbol=AMEX%3AMULL,False,,50.212725137235815,50.212725137235815,26.40999984741211,3.883999824523926,13.065816082000731,0.578985230843914,10.649468785941773,,False,False,False,False,,
673,FEPI,FEPI,AMEX:FEPI,US,REX FANG & Innovation Equity Premium Income ETF,0.702,Derivative Income,Long,166801.5,,https://www.tradingview.com/chart/?symbol=AMEX%3AFEPI,False,,31.634300141102216,31.634300141102216,43.185001373291016,37.91999816894531,39.97437860107422,0.6048250542076913,42.65428966421206,,False,False,False,False,,
674,SMDV,SMDV,AMEX:SMDV,US,ProShares Russell 2000 Dividend Growers ETF,0.702,Small Value,Long,121043.8,,https://www.tradingview.com/chart/?symbol=AMEX%3ASMDV,True,2026-09-25 09:30,-73.37556603909319,-67.03428390555796,73.38999938964844,66.66000366210938,69.61472286987305,0.5375397389795743,3.6341330956057143,78.39340276803762,False,False,False,False,,
675,FCG,FCG,AMEX:FCG,US,First Trust Natural Gas ETF,0.699,Equity Energy,Long,714474.25,,https://www.tradingview.com/chart/?symbol=AMEX%3AFCG,False,,-55.070783002134455,-50.00561014075359,29.200000762939453,26.15999984741211,27.71170002746582,0.4623575000420632,46.3519714915956,63.96758678938477,False,False,False,False,,
676,GMOI,GMOI,AMEX:GMOI,US,GMO International Value ETF,0.695,Foreign Large Value,Long,93139.5,,https://www.tradingview.com/chart/?symbol=AMEX%3AGMOI,True,2026-09-25 09:30,-70.87455266732466,-64.0745664048017,40.630001068115234,34.84000015258789,36.56289450073242,0.7931073762799438,64.89448315220464,,False,False,False,False,,
677,TQGD,TQGD.TO,TSX:TQGD,TSX,TD Q Global Dividend ETF,0.677,High Dividend Yield,Long,47561.35,,https://www.tradingview.com/chart/?symbol=TSX%3ATQGD,False,,0.7173113503938012,0.7173113503938012,27.114999771118164,22.65999984741211,23.745599937438964,0.9684781639697727,55.02346451457245,78.97274007050677,False,False,False,False,,
678,YINN,YINN,AMEX:YINN,US,Direxion Daily FTSE China Bull 3X ETF,0.676,Trading--Leveraged Equity,3X Long,1051457.5,,https://www.tradingview.com/chart/?symbol=AMEX%3AYINN,False,,-41.66828963638262,-41.66828963638262,24.895000457763672,21.451799392700195,25.568394844055177,0.19739502240559345,-20.71797148032665,-34.776653634851506,False,True,False,False,,
679,TOPT,TOPT,AMEX:TOPT,US,iShares Top 20 U.S. Stocks ETF,0.676,Large Blend,Long,293079.4,,https://www.tradingview.com/chart/?symbol=AMEX%3ATOPT,False,,53.48294161741103,53.48294161741103,35.31999969482422,27.665000915527344,29.476324142456054,0.997381187993326,52.29999558664158,,False,False,False,False,,
681,GQGU,GQGU,AMEX:GQGU,US,GQG US Equity ETF,0.663,Large Growth,Long,198599.05,,https://www.tradingview.com/chart/?symbol=AMEX%3AGQGU,False,,38.10463323330621,41.543527776237056,26.639999389648438,25.139999389648438,25.597839515686037,0.7731956634376115,-4.604890390373349,,False,False,False,False,,
682,TSLY,TSLY,AMEX:TSLY,US,YieldMax TSLA Option Income Strategy ETF,0.661,Derivative Income,Long,493423.15,,https://www.tradingview.com/chart/?symbol=AMEX%3ATSLY,False,,22.110684203586313,22.110684203586313,22.434999465942383,20.469999313354492,23.297279655456542,0.16402336517713584,-22.833000844738862,11.782643797051028,False,True,False,False,,
683,PSQ,PSQ,AMEX:PSQ,US,ProShares Short QQQ,0.66,Trading--Inverse Equity,-1X Short,7702600.95,,https://www.tradingview.com/chart/?symbol=AMEX%3APSQ,False,,-65.13468443977679,-58.11530508348503,24.639999389648438,24.625,26.67232322692871,0.0017290166547573242,-24.007283728193713,-60.52856742395397,False,True,False,False,,
684,IAT,IAT,AMEX:IAT,US,iShares U.S. Regional Banks ETF,0.659,Financial,Long,145972.75,,https://www.tradingview.com/chart/?symbol=AMEX%3AIAT,False,,-72.8479188031485,-63.099248186517165,58.540000915527344,51.47999954223633,54.83591893005371,0.49648401274034004,7.292255860427357,70.18898979004157,False,False,False,False,,
685,OSCV,OSCV,AMEX:OSCV,US,Opus Small Cap Value ETF,0.659,Small Blend,Long,96087.65,,https://www.tradingview.com/chart/?symbol=AMEX%3AOSCV,True,2026-09-25 09:30,-72.54396924788179,-66.5988969245127,39.994998931884766,38.349998474121094,39.50403923034668,0.3364006911696447,-2.6705070592348776,68.17548749399826,False,False,False,False,,
686,EMEQ,EMEQ,AMEX:EMEQ,US,Nomura ETF Trust Nomura Focused Emerging Markets Equity ETF,0.652,Diversified Emerging Mkts,Long,77971.95,,https://www.tradingview.com/chart/?symbol=AMEX%3AEMEQ,False,,26.48765941049409,26.48765941049409,67.47000122070312,43.16999816894531,51.46535171508789,0.6913268600687409,21.029040295132233,,False,False,False,False,,
687,KIE,KIE,AMEX:KIE,US,State Street SPDR S&P Insurance ETF,0.65,Financial,Long,990214.0,,https://www.tradingview.com/chart/?symbol=AMEX%3AKIE,True,2026-09-25 09:30,-75.85323284677678,-74.53220492466899,59.75,53.540000915527344,56.58675997924804,0.48102254011047557,23.284106396033607,48.29569531876945,False,False,False,False,,
688,FIVA,FIVA,AMEX:FIVA,US,Fidelity International Value Factor ETF,0.644,Foreign Large Value,Long,90615.85,,https://www.tradingview.com/chart/?symbol=AMEX%3AFIVA,True,2026-09-25 09:30,-69.51103097209527,-66.00332217234134,38.77000045776367,33.40999984741211,35.074979919433595,0.7597449154494421,45.381957095389424,74.19746798175696,False,False,False,False,,
689,RSPG,RSPG,AMEX:RSPG,US,Invesco S&P 500 Equal Weight Energy ETF,0.642,Equity Energy,Long,80484.4,,https://www.tradingview.com/chart/?symbol=AMEX%3ARSPG,False,,-66.48675182834954,-59.01756540553208,109.91999816894531,96.79000091552734,101.61384149169922,0.6423676949675863,59.02065618351039,78.49562376084229,False,False,False,False,,
690,EWN,EWN,AMEX:EWN,US,iShares MSCI Netherlands ETF,0.641,Focused Region,Long,276954.9,,https://www.tradingview.com/chart/?symbol=AMEX%3AEWN,False,,8.056133404527067,14.23266418569392,68.0199966430664,55.33000183105469,59.175621398925784,0.7787662619193209,19.254816377425005,74.39796440895559,False,False,False,False,,
691,SILJ,SILJ,AMEX:SILJ,US,Amplify Junior Silver Miners ETF,0.64,Equity Precious Metals,Long,4022767.4,,https://www.tradingview.com/chart/?symbol=AMEX%3ASILJ,False,,-35.25808871065282,-35.25808871065282,29.190000534057617,23.704999923706055,26.223119941711424,0.5140581603685134,18.001763255437933,46.55711559861621,False,False,False,False,,
692,XUT,XUT.TO,TSX:XUT,TSX,iShares S&P/TSX Capped Utilities Index ETF,0.64,Utilities,Long,403879.8,,https://www.tradingview.com/chart/?symbol=TSX%3AXUT,False,,-39.136874195576645,-39.136874195576645,33.54999923706055,33.31999969482422,34.46695983886719,0.04732500274720962,-32.95775743343028,67.14101099667033,False,True,False,False,,
693,KSA,KSA,AMEX:KSA,US,iShares MSCI Saudi Arabia ETF,0.634,Focused Region,Long,438073.15,,https://www.tradingview.com/chart/?symbol=AMEX%3AKSA,True,2026-09-25 09:30,-59.7236345296578,-59.52305247062856,37.005001068115234,36.34000015258789,37.36187968444824,0.15357995846999734,7.362848194750948,-5.577913574966594,False,True,False,False,,
695,TSMX,TSMX,AMEX:TSMX,US,Direxion Daily TSM Bull 2X ETF,0.62,Trading--Leveraged Equity,2X Long,456824.9,,https://www.tradingview.com/chart/?symbol=AMEX%3ATSMX,False,,51.40819377161117,51.919796094291684,88.08999633789062,49.817100524902344,62.826105377197266,0.6943193206874564,9.939036992842606,,False,False,False,False,,
696,SETM,SETM,AMEX:SETM,US,Sprott Critical Materials ETF,0.619,Natural Resources,Long,128981.65,,https://www.tradingview.com/chart/?symbol=AMEX%3ASETM,False,,-37.80925755931141,-37.80925755931141,30.420000076293945,27.729999542236328,30.47231929016113,0.2314974854839594,-4.887329784468308,43.156046348059895,False,True,False,False,,
697,LVHD,LVHD,AMEX:LVHD,US,Franklin U.S. Low Volatility High Dividend Index ETF,0.619,Mid-Cap Value,Long,62188.4,,https://www.tradingview.com/chart/?symbol=AMEX%3ALVHD,True,2026-09-25 13:30,-78.18244330445783,-77.03973707830288,41.97999954223633,41.849998474121094,42.822319122314454,0.031553636274413585,0.6649985695471585,71.0211586867735,False,True,False,False,,
698,XPH,XPH,AMEX:XPH,US,State Street SPDR S&P Pharmaceuticals ETF,0.618,Health,Long,150546.6,,https://www.tradingview.com/chart/?symbol=AMEX%3AXPH,False,,-40.227932542775186,-40.227932542775186,66.16999816894531,51.36000061035156,56.73371981811523,0.6504172043039576,40.00291258765577,78.77971755057193,False,False,False,False,,
699,FLBR,FLBR,AMEX:FLBR,US,Franklin FTSE Brazil ETF,0.616,Focused Region,Long,212263.85,,https://www.tradingview.com/chart/?symbol=AMEX%3AFLBR,False,,-46.31298389415266,-46.31298389415266,22.989999771118164,20.471599578857422,21.799902168273924,0.4474450702039342,23.512328969884095,56.90959126536828,False,False,False,False,,
700,GVAL,GVAL,AMEX:GVAL,US,Cambria Global Value ETF,0.605,Foreign Large Value,Long,99097.9,,https://www.tradingview.com/chart/?symbol=AMEX%3AGVAL,False,,-20.443157536771153,-20.443157536771153,38.810001373291016,31.75,33.645079711914065,0.8792032934666529,69.08478002527593,73.49462443484897,False,False,False,False,,
701,DXQ,DXQ.TO,TSX:DXQ,TSX,Dynamic Active Enhanced Yield Covered Options ETF,0.601,Large Cap,Long,21043.1,,https://www.tradingview.com/chart/?symbol=TSX%3ADXQ,False,,26.284769424929692,26.284769424929692,28.520000457763672,26.219999313354492,26.850119331359863,0.8614236249766939,48.16469014887016,68.02420601120147,False,False,False,False,,
702,MFSV,MFSV,AMEX:MFSV,US,MFS Active Value ETF,0.6,Large Value,Long,143929.9,,https://www.tradingview.com/chart/?symbol=AMEX%3AMFSV,True,2026-09-25 09:30,-74.96879114993276,-72.07888537005942,28.450000762939453,26.260000228881836,27.160340354919434,0.5740498630358887,29.294798719233594,,False,False,False,False,,
703,SEIS,SEIS,AMEX:SEIS,US,SEI Select Small Cap ETF,0.6,Small Blend,Long,49430.95,,https://www.tradingview.com/chart/?symbol=AMEX%3ASEIS,False,,-43.50077590846963,-37.83797847545227,31.520000457763672,26.719999313354492,28.35193907928467,0.6941434320861046,3.2734305065505716,,False,False,False,False,,
704,LGH,LGH,AMEX:LGH,US,HCM Defender 500 Index ETF,0.598,Large Blend,Long,22330.2,,https://www.tradingview.com/chart/?symbol=AMEX%3ALGH,False,,26.581585548298037,28.584862172423474,66.80149841308594,56.27000045776367,58.89472172546387,0.9469323649873932,48.15252881132776,58.34981633025171,False,False,False,False,,
705,HEZU,HEZU,AMEX:HEZU,US,iShares Currency Hedged MSCI Eurozone ETF,0.593,Europe Stock,Long,69112.8,,https://www.tradingview.com/chart/?symbol=AMEX%3AHEZU,False,,12.59931604372563,22.926135266254622,49.082401275634766,42.11000061035156,44.1384208984375,0.8112157853437533,23.99240089612502,74.48961984635862,False,False,False,False,,
706,PTF,PTF,AMEX:PTF,US,Invesco Dorsey Wright Technology Momentum ETF,0.591,Technology,Long,104544.3,,https://www.tradingview.com/chart/?symbol=AMEX%3APTF,False,,45.99034907098544,46.559853439104586,109.72989654541016,81.26000213623047,94.76156192016602,0.49763843497257965,-26.175481011745195,72.59384170434848,False,False,False,False,,
707,ZUT,ZUT.TO,TSX:ZUT,TSX,BMO Equal Weight Utilities Index ETF,0.588,Utilities,Long,65056.6,,https://www.tradingview.com/chart/?symbol=TSX%3AZUT,False,,-30.84258082259238,-30.84258082259238,27.40999984741211,27.059999465942383,27.98983959197998,0.08883257208832862,-38.12702416628459,67.85310742714643,False,True,False,False,,
708,EZA,EZA,AMEX:EZA,US,iShares MSCI South Africa ETF,0.588,Focused Region,Long,133847.75,,https://www.tradingview.com/chart/?symbol=AMEX%3AEZA,True,2026-09-25 09:30,-64.56013051519717,-62.76631754708641,66.54000091552734,60.45000076293945,63.85784043884277,0.42174520303094104,23.257388466749447,44.438796214957,False,False,False,False,,
709,DDM,DDM,AMEX:DDM,US,ProShares Ultra Dow30,0.586,Trading--Leveraged Equity,2X Long,118848.85,,https://www.tradingview.com/chart/?symbol=AMEX%3ADDM,True,2026-09-25 09:30,-60.622702339612225,-53.69238004590878,63.47999954223633,49.505001068115234,54.5259005279541,0.6568742645164263,20.419861843785295,69.66874049148983,False,False,False,False,,
710,IPKW,IPKW,AMEX:IPKW,US,Invesco International BuyBack Achievers ETF,0.577,Foreign Large Value,Long,37686.1,,https://www.tradingview.com/chart/?symbol=AMEX%3AIPKW,True,2026-09-25 09:30,-67.25136578779227,-58.19662486395489,60.375,54.43000030517578,56.22832005310059,0.7801837963451991,52.05199628302838,64.66829647522984,False,False,False,False,,
711,ENCC,ENCC.TO,TSX:ENCC,TSX,Global X Canadian Oil and Gas Equity Covered Call ETF,0.575,Energy,Long,84627.1,,https://www.tradingview.com/chart/?symbol=TSX%3AENCC,False,,-63.7036786596874,-58.38328189430357,12.529999732971191,11.569999694824219,12.001879676818847,0.5245902066502892,43.8181126678727,82.73621696705855,False,False,False,False,,
712,CONL,CONL,AMEX:CONL,US,GraniteShares 2x Long COIN Daily ETF,0.572,Trading--Leveraged Equity,2X Long,23573567.9,,https://www.tradingview.com/chart/?symbol=AMEX%3ACONL,False,,24.648096094410153,24.648096094410153,6.309999942779541,3.924999952316284,5.394099873542785,0.38313254913213524,-2.34801397237227,-48.77327756312831,False,False,False,False,,
713,CSRE,CSRE,AMEX:CSRE,US,Cohen & Steers Real Estate Active ETF,0.57,Real Estate,Long,139459.25,,https://www.tradingview.com/chart/?symbol=AMEX%3ACSRE,False,,-74.12809484757834,-74.12809484757834,27.165000915527344,25.829999923706055,26.811759887695313,0.3209137117280854,-24.716341122254075,,False,False,False,False,,
714,XMA,XMA.TO,TSX:XMA,TSX,iShares S&P/TSX Capped Materials Index ETF,0.566,Materials,Long,95650.3,,https://www.tradingview.com/chart/?symbol=TSX%3AXMA,False,,-21.055119808830042,-21.055119808830042,47.88999938964844,37.599998474121094,41.11167872619629,0.6915322699523649,30.257279889472205,52.021667520118164,False,False,False,False,,
715,QCLN,QCLN,AMEX:QCLN,US,First Trust Nasdaq Clean Edge Green Energy Index Fund,0.564,Miscellaneous Sector,Long,156840.45,,https://www.tradingview.com/chart/?symbol=AMEX%3AQCLN,False,,14.895855075168617,15.987108665102596,49.30500030517578,43.64500045776367,49.50134013366699,0.22808785656430036,-43.43875425369895,49.83321045115452,False,True,False,False,,
716,TXUE,TXUE,AMEX:TXUE,US,Thornburg International Equity ETF,0.562,Foreign Large Blend,Long,45785.0,,https://www.tradingview.com/chart/?symbol=AMEX%3ATXUE,False,,-44.2035706627046,-33.734195215941945,35.470001220703125,31.110000610351562,32.44104046630859,0.7730498372666204,37.60448962692124,,False,False,False,False,,
717,UFO,UFO,AMEX:UFO,US,Procure Space ETF,0.558,Miscellaneous Sector,Long,221687.7,,https://www.tradingview.com/chart/?symbol=AMEX%3AUFO,False,,3.701502429322017,3.701502429322017,43.4900016784668,42.53499984741211,48.49045909118652,0.037844341284764806,-39.48893864942148,58.30452729966466,False,True,False,False,,
719,MSFU,MSFU,AMEX:MSFU,US,Direxion Daily MSFT Bull 2X ETF,0.551,Trading--Leveraged Equity,2X Long,2767213.8,,https://www.tradingview.com/chart/?symbol=AMEX%3AMSFU,False,,-7.356727740620452,10.793230255032375,39.81999969482422,19.7549991607666,24.72119425201416,0.9535147208338994,44.97532617520346,-20.819383270637427,False,False,False,False,,
720,LABU,LABU,AMEX:LABU,US,Direxion Daily S&P Biotech Bull 3X ETF,0.548,Trading--Leveraged Equity,3X Long,379732.9,,https://www.tradingview.com/chart/?symbol=AMEX%3ALABU,False,,-25.25257335339981,-25.25257335339981,252.08999633789062,135.21499633789062,183.8888151855469,0.5666804177894942,40.59774988784993,68.59955348538604,False,False,False,False,,
721,JNUG,JNUG,AMEX:JNUG,US,Direxion Daily Junior Gold Miners Index Bull 2X ETF,0.545,Trading--Leveraged Equity,2X Long,282701.7,,https://www.tradingview.com/chart/?symbol=AMEX%3AJNUG,False,,-35.736056359328146,-35.736056359328146,168.72000122070312,103.58000183105469,136.95276269531252,0.4606463312545873,17.95437809299327,25.891177251495062,False,False,False,False,,
722,ENFR,ENFR,AMEX:ENFR,US,Alerian Energy Infrastructure ETF,0.545,Energy Limited Partnership,Long,85383.5,,https://www.tradingview.com/chart/?symbol=AMEX%3AENFR,False,,-78.62025462703853,-78.62025462703853,37.369998931884766,36.165000915527344,37.202221023559574,0.27417471919230846,38.65047797650916,76.17966787404826,False,False,False,False,,
723,NVDU,NVDU,AMEX:NVDU,US,Direxion Daily NVDA Bull 2X ETF,0.537,Trading--Leveraged Equity,2X Long,342641.85,,https://www.tradingview.com/chart/?symbol=AMEX%3ANVDU,False,,19.530164037429987,19.530164037429987,141.9600067138672,86.87999725341797,106.90931790161133,0.6489926673493298,32.71026156880988,,False,False,False,False,,
724,REM,REM,AMEX:REM,US,iShares Mortgage Real Estate ETF,0.535,Real Estate,Long,154119.95,,https://www.tradingview.com/chart/?symbol=AMEX%3AREM,False,,-70.97758687038163,-70.97758687038163,18.889999389648438,18.889999389648438,19.885919677734375,0.0,-37.04029355291346,41.15134619574538,False,True,False,False,,
725,NBOS,NBOS,AMEX:NBOS,US,Neuberger Option Strategy ETF,0.534,Equity Hedged,1.25X Long,77901.15,,https://www.tradingview.com/chart/?symbol=AMEX%3ANBOS,False,,9.265859454668263,9.265859454668263,28.479999542236328,26.161100387573242,26.767360588073732,0.9026820498009048,60.4815620120763,,False,False,False,False,,
726,DWX,DWX,AMEX:DWX,US,State Street SPDR S&P International Dividend ETF,0.53,Foreign Large Value,Long,13413.0,,https://www.tradingview.com/chart/?symbol=AMEX%3ADWX,True,2026-09-25 09:30,-71.571024019431,-65.78093417413471,46.56999969482422,44.5,45.44201760864258,0.5185889557653383,42.86397288143317,65.28943468819669,False,False,False,False,,
727,VNM,VNM,AMEX:VNM,US,VanEck Vietnam ETF,0.525,Focused Region,Long,156431.7,,https://www.tradingview.com/chart/?symbol=AMEX%3AVNM,True,2026-09-25 09:30,-58.24598449521983,-58.09307656735576,17.280000686645508,16.28499984741211,17.107459991455077,0.285509516491311,-16.139313774090322,29.42017277922186,False,False,False,False,,
728,RSPU,RSPU,AMEX:RSPU,US,Invesco S&P 500 Equal Weight Utilities ETF,0.521,Utilities,Long,57417.25,,https://www.tradingview.com/chart/?symbol=AMEX%3ARSPU,True,2026-09-25 09:30,-77.13718018330286,-75.42765463335638,70.0999984741211,69.7322998046875,73.15139733886718,0.02538005573659299,-56.16917756444497,40.76354808405649,False,True,False,False,,"NEAR: 4h+band ok, weekly shallow"
729,IAK,IAK,AMEX:IAK,US,iShares U.S. Insurance ETF,0.517,Financial,Long,121598.95,,https://www.tradingview.com/chart/?symbol=AMEX%3AIAK,True,2026-09-25 09:30,-75.42365084598417,-73.0707984090172,138.02000427246094,125.52999877929688,131.77573791503906,0.4719443499518568,26.123921442122054,73.86815257561244,False,False,False,False,,
730,EIDO,EIDO,AMEX:EIDO,US,iShares MSCI Indonesia ETF,0.516,Focused Region,Long,1014594.4,,https://www.tradingview.com/chart/?symbol=AMEX%3AEIDO,True,2026-09-25 09:30,-73.54782987801441,-68.82119724573154,12.0,10.795000076293945,12.153179878234862,0.20938316236792312,1.0302633094195788,-70.7101487734978,False,True,False,False,,
731,DJD,DJD,AMEX:DJD,US,Invesco Dow Jones Industrial Average Dividend ETF,0.51,Large Value,Long,46671.75,,https://www.tradingview.com/chart/?symbol=AMEX%3ADJD,True,2026-09-25 09:30,-64.57470772509883,-62.55672700170688,63.84000015258789,58.84000015258789,60.69024018859863,0.6377550896283541,41.179324440533996,75.19681953671918,False,False,False,False,,
732,VGSR,VGSR,AMEX:VGSR,US,Vert Global Sustainable Real Estate ETF,0.506,Global Real Estate,Long,222311.85,,https://www.tradingview.com/chart/?symbol=AMEX%3AVGSR,False,,-68.55310065035209,-68.55310065035209,10.760000228881836,10.130000114440918,10.535117588043214,0.3670047250393753,-24.498435467061366,,False,False,False,False,,
733,ICOP,ICOP,AMEX:ICOP,US,iShares Copper and Metals Mining ETF,0.499,Natural Resources,Long,154837.05,,https://www.tradingview.com/chart/?symbol=AMEX%3AICOP,False,,-14.992807800335335,-14.992807800335335,54.60200119018555,42.310001373291016,46.70196061706543,0.6605052086717657,37.1842933612851,,False,False,False,False,,
734,BTCC,BTCC.TO,TSX:BTCC,TSX,Purpose Bitcoin ETF,0.497,"Long BTC, Short CAD",Long,198964.7,,https://www.tradingview.com/chart/?symbol=TSX%3ABTCC,False,,34.329238164096736,34.329238164096736,14.649999618530273,10.260000228881836,11.402240264892578,0.907024638687492,39.10213082518615,-32.82906017396002,False,False,False,False,,
735,CRAK,CRAK,AMEX:CRAK,US,VanEck Oil Refiners ETF,0.496,Equity Energy,Long,435049.2,,https://www.tradingview.com/chart/?symbol=AMEX%3ACRAK,False,,-40.87843208305177,-40.87843208305177,64.19989776611328,44.88999938964844,49.967539245605465,0.8975086648506,75.43611992542462,76.89637545222678,False,False,False,False,,
736,PAPI,PAPI,AMEX:PAPI,US,Parametric Equity Premium Income ETF,0.49,Derivative Income,Long,91780.0,,https://www.tradingview.com/chart/?symbol=AMEX%3APAPI,True,2026-09-25 13:30,-75.29794716399611,-74.80447407164628,26.764999389648438,26.045000076293945,26.572460220336914,0.3221472558082377,39.41795067788041,,False,False,False,False,,
737,NAIL,NAIL,AMEX:NAIL,US,Direxion Daily Homebuilders & Supplies Bull 3X ETF,0.489,Trading--Leveraged Equity,3X Long,1315834.7,,https://www.tradingview.com/chart/?symbol=AMEX%3ANAIL,False,,-18.66873195634469,-18.084680671380436,30.579999923706055,28.809999465942383,34.608519844055174,0.07203908597251135,-60.86627597778903,-49.3967076148115,False,True,True,False,,
738,METU,METU,AMEX:METU,US,Direxion Daily META Bull 2X ETF,0.486,Trading--Leveraged Equity,2X Long,6563378.2,,https://www.tradingview.com/chart/?symbol=AMEX%3AMETU,False,,68.73098637652214,68.73098637652214,33.0099983215332,17.42009925842285,21.66807540130615,0.8661103676530505,3.9728793158602778,,False,False,False,False,,
739,CXSE,CXSE,AMEX:CXSE,US,WisdomTree China ex-State-Owned Enterprises Fund,0.477,Greater China Region,Long,17734.85,,https://www.tradingview.com/chart/?symbol=AMEX%3ACXSE,False,,-19.83667043627656,-19.83667043627656,35.70000076293945,35.70000076293945,37.29533695983887,0.0,-63.20066005054329,12.019216759485602,False,True,True,False,,
740,ZAP,ZAP,AMEX:ZAP,US,Global X U.S. Electrification ETF,0.472,Utilities,Long,128372.8,,https://www.tradingview.com/chart/?symbol=AMEX%3AZAP,True,2026-09-25 13:30,-67.80649825473469,-67.2073824699145,30.610000610351562,30.34000015258789,31.430319900512696,0.05844167103595477,-56.556345825601824,,False,True,False,False,,"NEAR: 4h+band ok, weekly shallow"
741,AVXC,AVXC,AMEX:AVXC,US,Avantis Emerging Markets ex-China Equity ETF,0.471,Diversified Emerging Mkts,Long,56798.65,,https://www.tradingview.com/chart/?symbol=AMEX%3AAVXC,False,,7.241013581129039,7.5692941694787885,83.7300033569336,65.12000274658203,70.65892123413086,0.7929273835525552,36.01322920777765,,False,False,False,False,,
742,NCIQ,NCIQ,AMEX:NCIQ,US,Hashdex Nasdaq CME Crypto Index ETF,0.467,Digital Assets,Long,69243.05,,https://www.tradingview.com/chart/?symbol=AMEX%3ANCIQ,False,,37.52342812756745,37.52342812756745,21.43000030517578,14.539999961853027,16.2981999168396,0.9248322845262434,43.19168939084485,,False,False,False,False,,
743,BBLU,BBLU,AMEX:BBLU,US,EA Bridgeway Blue Chip ETF,0.466,Large Blend,Long,77014.65,,https://www.tradingview.com/chart/?symbol=AMEX%3ABBLU,False,,2.6136548471627212,4.147969446698343,17.399999618530273,14.399999618530273,15.144579780578614,0.9508714253845981,54.826942346474915,70.88626143533178,False,False,False,False,,
744,BITQ,BITQ,AMEX:BITQ,US,Bitwise Crypto Industry Innovators ETF,0.463,Equity Digital Assets,Long,108521.1,,https://www.tradingview.com/chart/?symbol=AMEX%3ABITQ,False,,24.963188573873676,24.963188573873676,27.0,17.780000686645508,20.463320434570313,0.8109059084868466,26.096070181192612,43.870313101451096,False,False,False,False,,
745,POWR,POWR,AMEX:POWR,US,iShares U.S. Power Infrastructure ETF,0.46,,Long,203231.0,,https://www.tradingview.com/chart/?symbol=AMEX%3APOWR,True,2026-09-25 13:30,-55.31151304677599,-55.31151304677599,24.479999542236328,24.3799991607666,25.333439376831056,0.02475256406140528,-60.985418447322644,52.85602693514111,False,True,True,True,STANDARD,FULL PASS
746,XBM,XBM.TO,TSX:XBM,TSX,iShares S&P/TSX Global Base Metals Index ETF,0.458,Materials,Long,52749.2,,https://www.tradingview.com/chart/?symbol=TSX%3AXBM,False,,6.819637722077505,6.819637722077505,36.56999969482422,28.84000015258789,31.997680404663086,0.5777278718353055,18.839535355034503,63.92240623801735,False,False,False,False,,
747,TTEQ,TTEQ,AMEX:TTEQ,US,T. Rowe Price Technology ETF,0.458,Technology,Long,98291.45,,https://www.tradingview.com/chart/?symbol=AMEX%3ATTEQ,False,,51.62961452617023,51.62961452617023,44.709999084472656,28.885000228881836,32.775459922790525,0.9599636093819114,30.07768639799994,,False,False,False,False,,
748,AMAX,AMAX.TO,TSX:AMAX,TSX,Hamilton Gold Producer Yield Maximizer ETF,0.457,Materials,Long,68647.55,,https://www.tradingview.com/chart/?symbol=TSX%3AAMAX,False,,-37.91617080703844,-37.91617080703844,35.58000183105469,28.389999389648438,31.099279281616212,0.6263068578490224,27.58831410752366,,False,False,False,False,,
749,XRT,XRT,AMEX:XRT,US,State Street SPDR S&P Retail ETF,0.454,Consumer Cyclical,Long,3615591.2,,https://www.tradingview.com/chart/?symbol=AMEX%3AXRT,False,,-41.62480114501934,-40.633636539377356,82.47000122070312,78.38500213623047,81.71850213623047,0.28920347500691373,-13.73821209956134,46.23100202391688,False,False,False,False,,
750,AIPI,AIPI,AMEX:AIPI,US,REX AI Equity Premium Income ETF,0.444,Derivative Income,Long,161209.25,,https://www.tradingview.com/chart/?symbol=AMEX%3AAIPI,False,,41.91493664815516,42.415336281880876,37.595001220703125,32.41999816894531,34.08143838500977,0.7350855651657496,58.43370731427016,,False,False,False,False,,
752,OSEA,OSEA,AMEX:OSEA,US,Harbor International Compounders ETF,0.437,Foreign Large Growth,Long,177588.7,,https://www.tradingview.com/chart/?symbol=AMEX%3AOSEA,False,,-12.43935333630126,-11.927903019618725,29.5,27.959999084472656,28.767119102478027,0.4502926553136668,-14.00390646366507,41.35455264099542,False,False,False,False,,
753,OVL,OVL,AMEX:OVL,US,Overlay Shares Large Cap Equity ETF,0.436,Derivative Income,Long,187108.55,,https://www.tradingview.com/chart/?symbol=AMEX%3AOVL,False,,25.215112658388097,27.00509056374405,57.7400016784668,48.709999084472656,51.03341937255859,0.9172170111065991,44.54665802301716,70.76092177565656,False,False,False,False,,
754,EMAX,EMAX.TO,TSX:EMAX,TSX,Hamilton Energy Yield Maximizer ETF,0.425,Energy Equity,Long,54368.6,,https://www.tradingview.com/chart/?symbol=TSX%3AEMAX,False,,-54.32837190090536,-36.88914122439868,17.600000381469727,15.470000267028809,16.154400402069093,0.7344826531608871,64.21109977294276,,False,False,False,False,,
755,MVLL,MVLL,AMEX:MVLL,US,GraniteShares 2x Long MRVL Daily ETF,0.422,Trading--Leveraged Equity,2X Long,4532551.3,,https://www.tradingview.com/chart/?symbol=AMEX%3AMVLL,False,,55.346238967102344,55.346238967102344,35.43000030517578,6.87666654586792,22.778346910476685,0.42376570354125886,-2.4004227044877515,,False,False,False,False,,
757,COPY,COPY,AMEX:COPY,US,Tweedy Browne Insider + Value ETF Trust Units,0.42,,Long,226372.45,,https://www.tradingview.com/chart/?symbol=AMEX%3ACOPY,True,2026-09-25 09:30,-69.18898959115283,-65.19833141533601,15.479999542236328,13.140000343322754,13.826760082244872,0.8041237417475188,49.98988563914589,,False,False,False,False,,
758,HDIF,HDIF.TO,TSX:HDIF,TSX,Harvest Diversified Monthly Income ETF,0.415,Large Cap,1.25X Long,55831.1,,https://www.tradingview.com/chart/?symbol=TSX%3AHDIF,False,,7.582283086424248,7.582283086424248,9.539999961853027,8.270000457763672,8.647600322723388,0.7937499739229585,39.77383135902524,76.14375112195964,False,False,False,False,,
759,PLTU,PLTU,AMEX:PLTU,US,Direxion Daily PLTR Bull 2X ETF,0.413,Trading--Leveraged Equity,2X Long,1119542.95,,https://www.tradingview.com/chart/?symbol=AMEX%3APLTU,False,,67.85230591008633,71.9256523359282,57.849998474121094,21.239999771118164,30.399159645080566,0.9433135585361175,32.76665004637512,,False,False,False,False,,
760,KBWD,KBWD,AMEX:KBWD,US,Invesco KBW High Dividend Yield Financial ETF,0.411,Financial,Long,361209.8,,https://www.tradingview.com/chart/?symbol=AMEX%3AKBWD,True,2026-09-25 13:30,-77.43373697781688,-77.43373697781688,11.3149995803833,11.293299674987793,11.819980861663819,0.009723487002944738,-1.3088558038917764,4.788155656179991,False,True,False,False,,
761,BBHM,BBHM,AMEX:BBHM,US,BBH Select Mid Cap ETF,0.41,Mid-Cap Growth,Long,123773.85,,https://www.tradingview.com/chart/?symbol=AMEX%3ABBHM,False,,11.058766790834788,20.31577699200065,11.567999839782715,10.699999809265137,11.124799854278564,0.48222218807833056,-0.20807167601714718,,False,False,False,False,,
762,FXN,FXN,AMEX:FXN,US,First Trust Energy AlphaDEX Fund,0.403,Equity Energy,Long,376424.9,,https://www.tradingview.com/chart/?symbol=AMEX%3AFXN,False,,-64.17226621866283,-61.005665360090454,22.364999771118164,20.014999389648438,21.045139335632324,0.5383735405941926,57.139644217481454,71.72592488553526,False,False,False,False,,
763,AMDY,AMDY,AMEX:AMDY,US,YieldMax AMD Option Income Strategy ETF,0.401,Derivative Income,Long,284936.4,,https://www.tradingview.com/chart/?symbol=AMEX%3AAMDY,False,,60.8490214721819,60.8490214721819,52.59000015258789,30.295000076293945,37.18265995025635,0.7639198384194331,20.643170322564163,,False,False,False,False,,
764,SPXU,SPXU,AMEX:SPXU,US,ProShares UltraPro Short S&P500,0.4,Trading--Inverse Equity,-3X Short,6572186.1,,https://www.tradingview.com/chart/?symbol=AMEX%3ASPXU,False,,-48.28686869595719,-40.13780011130327,33.599998474121094,33.02000045776367,39.87108016967773,0.019979264235141996,-39.15786105624,-53.804536684338736,False,True,False,False,,
765,KSTR,KSTR,AMEX:KSTR,US,KraneShares China Technology & Semiconductor STAR 50 Index ETF,0.394,Greater China Region,Long,854462.75,,https://www.tradingview.com/chart/?symbol=AMEX%3AKSTR,False,,0.40206315019386335,0.40206315019386335,23.520000457763672,18.0,21.393680252075196,0.38386648454450845,-24.91058975472758,72.9830521209257,False,False,False,False,,
766,URNJ,URNJ,AMEX:URNJ,US,Sprott Junior Uranium Miners ETF,0.394,Natural Resources,Long,364755.75,,https://www.tradingview.com/chart/?symbol=AMEX%3AURNJ,False,,-46.324668612463576,-46.324668612463576,21.459999084472656,20.899999618530273,23.87359970855713,0.04444440071334837,-21.407357238675107,7.26312228460889,False,True,False,False,,
767,PBW,PBW,AMEX:PBW,US,Invesco WilderHill Clean Energy ETF,0.392,Small Growth,Long,510905.4,,https://www.tradingview.com/chart/?symbol=AMEX%3APBW,False,,-36.524750359286934,-36.524750359286934,30.0,29.889999389648438,33.93267964172363,0.006421518008910758,-47.74847275665008,41.78503908997651,False,True,False,False,,
768,IEZ,IEZ,AMEX:IEZ,US,iShares U.S. Oil Equipment & Services ETF,0.391,Equity Energy,Long,159503.05,,https://www.tradingview.com/chart/?symbol=AMEX%3AIEZ,False,,-50.60708619571333,-48.336309671379524,27.73200035095215,25.850000381469727,27.426480003356932,0.2817365899510685,19.280546280655297,57.46158457575615,False,False,False,False,,
771,PBP,PBP,AMEX:PBP,US,Invesco S&P 500 BuyWrite ETF,0.383,Derivative Income,Long,74897.45,,https://www.tradingview.com/chart/?symbol=AMEX%3APBP,False,,-15.901424726492214,-10.145222303521159,23.31999969482422,21.485000610351562,21.941660484313964,0.9483202020311543,63.19794606583764,73.68849037803678,False,False,False,False,,
772,SDS,SDS,AMEX:SDS,US,ProShares UltraShort S&P 500,0.382,Trading--Inverse Equity,-2X Short,2256250.5,,https://www.tradingview.com/chart/?symbol=AMEX%3ASDS,False,,-49.87475236706005,-44.67249066886404,53.26499938964844,52.7599983215332,59.14497929382324,0.018665717657174175,-38.35262884250298,-57.560017824102516,False,True,False,False,,
773,YMAX,YMAX,AMEX:YMAX,US,YieldMax Universe Fund of Option Income ETFs,0.38,Derivative Income,Long,1015252.5,,https://www.tradingview.com/chart/?symbol=AMEX%3AYMAX,False,,35.86402740578851,35.86402740578851,7.789999961853027,7.255000114440918,7.619620132446289,0.34627820129008363,47.681627613788095,,False,False,False,False,,
774,PLTY,PLTY,AMEX:PLTY,US,YieldMax PLTR Option Income Strategy ETF,0.378,Derivative Income,Long,291203.65,,https://www.tradingview.com/chart/?symbol=AMEX%3APLTY,False,,62.368249043987724,66.37278471355035,36.709999084472656,26.209999084472656,29.95059962463379,0.6624604721607766,46.02929707871697,,False,False,False,False,,
775,PINK,PINK,AMEX:PINK,US,Simplify Health Care ETF,0.378,Health,Long,64768.0,,https://www.tradingview.com/chart/?symbol=AMEX%3APINK,False,,-29.302081660038098,-19.841588917288252,38.96969985961914,32.040000915527344,34.01916751098633,0.8263119206629495,25.849303653608974,67.60470833621059,False,False,False,False,,
776,EEMS,EEMS,AMEX:EEMS,US,iShares MSCI Emerging Markets Small Cap ETF,0.377,Diversified Emerging Mkts,Long,59754.4,,https://www.tradingview.com/chart/?symbol=AMEX%3AEEMS,False,,-4.6868590747725385,-4.535443582258674,75.89350128173828,67.4800033569336,70.27896170043945,0.7094015939397097,22.70408464724301,58.1149320090596,False,False,False,False,,
777,DAPP,DAPP,AMEX:DAPP,US,VanEck Digital Transformation ETF,0.374,Equity Digital Assets,Long,911035.7,,https://www.tradingview.com/chart/?symbol=AMEX%3ADAPP,False,,14.57552283094436,14.57552283094436,20.40999984741211,13.970000267028809,16.16126000595093,0.6935918522000812,19.284270906953772,28.79208911123082,False,False,False,False,,
778,CLOU,CLOU,AMEX:CLOU,US,Global X Cloud Computing ETF,0.369,Technology,Long,382890.85,,https://www.tradingview.com/chart/?symbol=AMEX%3ACLOU,False,,40.63062489712644,40.63062489712644,28.420000076293945,17.610000610351562,20.33344037628174,0.9367418019950472,63.84626617816361,23.334617161761727,False,False,False,False,,
779,PEJ,PEJ,AMEX:PEJ,US,Invesco Leisure and Entertainment ETF,0.369,Consumer Cyclical,Long,57416.6,,https://www.tradingview.com/chart/?symbol=AMEX%3APEJ,False,,-50.78216805662379,-37.34938716315768,62.2599983215332,55.939998626708984,59.04162815856934,0.48088268204098017,1.4259393772621554,64.15405911751218,False,False,False,False,,
781,MORT,MORT,AMEX:MORT,US,VanEck Mortgage REIT Income ETF,0.364,Real Estate,Long,813088.4,,https://www.tradingview.com/chart/?symbol=AMEX%3AMORT,False,,-74.59945494572592,-74.59945494572592,8.71500015258789,8.71500015258789,9.167766139984131,0.0,-43.06448809942011,35.02109894476664,False,True,False,False,,
782,DPST,DPST,AMEX:DPST,US,Direxion Daily Regional Banks Bull 3X ETF,0.358,Trading--Leveraged Equity,3X Long,196115.6,,https://www.tradingview.com/chart/?symbol=AMEX%3ADPST,False,,-76.61000973294864,-60.61976449428463,119.94000244140625,84.70999908447266,102.07487771606445,0.47879866992621634,-0.7458119925783014,56.9627370706275,False,False,False,False,,
783,XTN,XTN,AMEX:XTN,US,State Street SPDR S&P Transportation ETF,0.355,Industrials,Long,35439.35,,https://www.tradingview.com/chart/?symbol=AMEX%3AXTN,True,2026-09-25 13:30,-71.06565312570036,-71.06565312570036,99.04000091552734,88.22989654541016,95.18720074462891,0.3666915457907007,-41.681842711236804,67.84422382256162,False,False,False,False,,
784,CONY,CONY,AMEX:CONY,US,YieldMax COIN Option Income Strategy ETF,0.353,Derivative Income,Long,474760.7,,https://www.tradingview.com/chart/?symbol=AMEX%3ACONY,False,,16.807740813494316,16.807740813494316,20.799999237060547,17.719999313354492,20.801687446594237,0.23587071454581865,26.914052032719187,,False,True,False,False,,
785,IRE,IRE,AMEX:IRE,US,Defiance Daily Target 2X Long IREN ETF,0.352,Trading--Leveraged Equity,2X Long,7854584.95,,https://www.tradingview.com/chart/?symbol=AMEX%3AIRE,False,,10.873265114852257,10.873265114852257,10.725000381469727,5.889999866485596,14.32464015007019,0.13528260639128545,-34.52268969200994,,False,True,False,False,,
786,INTW,INTW,AMEX:INTW,US,GraniteShares 2x Long INTC Daily ETF,0.349,Trading--Leveraged Equity,2X Long,3795600.0,,https://www.tradingview.com/chart/?symbol=AMEX%3AINTW,False,,63.147480153526224,63.147480153526224,33.0099983215332,5.621250152587891,16.649234756469724,0.5861220159480331,-11.713098041676355,,False,False,False,False,,
787,GREK,GREK,AMEX:GREK,US,Global X MSCI Greece ETF,0.349,Focused Region,Long,40156.4,,https://www.tradingview.com/chart/?symbol=AMEX%3AGREK,True,2026-09-25 09:30,-62.45035096807788,-50.55192844680581,84.80000305175781,60.7400016784668,67.01049729919434,0.9055361278504277,69.10475110031291,72.68352701452353,False,False,False,False,,
788,THD,THD,AMEX:THD,US,iShares MSCI Thailand ETF,0.348,Focused Region,Long,41399.65,,https://www.tradingview.com/chart/?symbol=AMEX%3ATHD,False,,14.933922645410975,16.583238195748763,73.58999633789062,65.08899688720703,67.43743383789062,0.8542856003766011,42.09752370615413,64.18868287024547,False,False,False,False,,
789,SPXS,SPXS,AMEX:SPXS,US,Direxion Daily S&P 500 Bear 3X ETF,0.347,Trading--Inverse Equity,-3X Short,11018642.15,,https://www.tradingview.com/chart/?symbol=AMEX%3ASPXS,False,,-51.47252603702876,-38.58876945190417,23.924999237060547,23.575000762939453,28.459020690917967,0.016912224174065956,-39.18092846507887,-53.81044115940441,False,True,False,False,,
790,QQU,QQU.TO,TSX:QQU,TSX,BetaPro NASDAQ-100 2x Daily Bull ETF,0.345,Large Cap,2X Long,260793.15,,https://www.tradingview.com/chart/?symbol=TSX%3AQQU,False,,50.804012558810804,50.804012558810804,40.70000076293945,24.31999969482422,28.624640090942382,0.8980262917109606,11.786878165051741,66.04455651915849,False,False,False,False,,
791,XQQI,XQQI,AMEX:XQQI,US,NEOS Boosted Nasdaq-100 High Income ETF,0.339,Derivative Income,1.5X Long,285388.75,,https://www.tradingview.com/chart/?symbol=AMEX%3AXQQI,False,,51.55345579449071,51.55345579449071,51.040000915527344,42.040000915527344,45.008880447387696,0.7154214164658492,23.954904251070236,,False,False,False,False,,
792,WQTM,WQTM,AMEX:WQTM,US,WisdomTree Quantum Computing Fund,0.339,Technology,Long,173541.8,,https://www.tradingview.com/chart/?symbol=AMEX%3AWQTM,False,,26.554972205930778,31.489355812624595,32.68000030517578,23.31999969482422,27.56564009094238,0.5202890348562363,-23.26546254511722,,False,False,False,False,,
793,WCLD,WCLD,AMEX:WCLD,US,WisdomTree Cloud Computing Fund,0.338,Technology,Long,699491.8,,https://www.tradingview.com/chart/?symbol=AMEX%3AWCLD,False,,21.666926007917112,21.666926007917112,40.27000045776367,24.094999313354492,28.59197983551025,0.8488585288002604,65.08107231737249,2.043628109292168,False,False,False,False,,
794,EWQ,EWQ,AMEX:EWQ,US,iShares MSCI France ETF,0.337,Focused Region,Long,283908.1,,https://www.tradingview.com/chart/?symbol=AMEX%3AEWQ,False,,-58.08825394753435,-53.30857735777058,43.849998474121094,41.84000015258789,43.27724018859863,0.33004897720389587,5.514252938351473,56.93372208133706,False,False,False,False,,
795,KOID,KOID,AMEX:KOID,US,KraneShares Global Humanoid Robotics and Physical AI Index ETF,0.335,Technology,Long,170011.5,,https://www.tradingview.com/chart/?symbol=AMEX%3AKOID,False,,31.466681955996872,34.17572109804791,36.4900016784668,30.040000915527344,33.16464041137695,0.487160257071453,-37.96194326130683,,False,False,False,False,,
796,FLCH,FLCH,AMEX:FLCH,US,Franklin FTSE China ETF,0.334,Greater China Region,Long,103980.9,,https://www.tradingview.com/chart/?symbol=AMEX%3AFLCH,False,,-22.42707660397939,-22.42707660397939,20.780000686645508,20.247600555419922,21.108386932373048,0.14596703007078432,-28.287994362344396,-6.74716733503885,False,True,False,False,,
797,GDXY,GDXY,AMEX:GDXY,US,YieldMax Gold Miners Option Income Strategy ETF,0.33,Commodities Focused,Long,935275.85,,https://www.tradingview.com/chart/?symbol=AMEX%3AGDXY,False,,-52.059631729686316,-52.059631729686316,10.5600004196167,9.404999732971191,10.67703981399536,0.21428582802899948,25.329364419437184,,False,True,False,False,,
798,DFEN,DFEN,AMEX:DFEN,US,Direxion Daily Aerospace & Defense Bull 3X ETF,0.329,Trading--Leveraged Equity,3X Long,220112.55,,https://www.tradingview.com/chart/?symbol=AMEX%3ADFEN,False,,-41.49829344859865,-41.49829344859865,51.97999954223633,51.067501068115234,59.83785160827637,0.024554279661508447,-32.058303039347344,48.511963712166725,False,True,False,False,,
799,UTES,UTES.TO,TSX:UTES,TSX,Evolve Canadian Utilities Enhanced Yield Index Fund,0.326,Utilities,1.25X Long,243987.55,,https://www.tradingview.com/chart/?symbol=TSX%3AUTES,False,,-79.5734020108588,-79.5734020108588,7.940000057220459,7.940000057220459,8.397840070724488,0.0,-55.510677159166924,,False,True,False,False,,
800,KBWY,KBWY,AMEX:KBWY,US,Invesco KBW Premium Yield Equity REIT ETF,0.322,Real Estate,Long,210734.2,,https://www.tradingview.com/chart/?symbol=AMEX%3AKBWY,True,2026-09-25 09:30,-77.79550269264088,-75.49646972147717,16.829999923706055,14.96500015258789,15.960919990539551,0.44194314563422743,-9.589501641594936,69.37140657007056,False,False,False,False,,
801,URTY,URTY,AMEX:URTY,US,ProShares UltraPro Russell2000,0.316,Trading--Leveraged Equity,3X Long,314639.7,,https://www.tradingview.com/chart/?symbol=AMEX%3AURTY,True,2026-09-25 13:30,-54.499416509693845,-54.43574784293255,70.08000183105469,46.63999938964844,56.80687982177734,0.5441040261170386,-8.006694636805397,69.01452418240812,False,False,False,False,,
802,SNDU,SNDU,AMEX:SNDU,US,T-REX 2X Long SNDK Daily Target ETF,0.312,Trading--Leveraged Equity,2X Long,7965756.5,,https://www.tradingview.com/chart/?symbol=AMEX%3ASNDU,False,,22.94987533566629,22.94987533566629,27.010000228881836,5.989999771118164,22.74125670623779,0.29614017188357333,-6.139753687744583,,False,False,False,False,,
803,PTIR,PTIR,AMEX:PTIR,US,GraniteShares 2x Long PLTR Daily ETF,0.312,Trading--Leveraged Equity,2X Long,3273106.1,,https://www.tradingview.com/chart/?symbol=AMEX%3APTIR,False,,68.54932130062078,72.1949007121459,21.649999618530273,7.909999847412109,11.336719955444336,0.9462809461394713,32.775043186113194,,False,False,False,False,,
804,IYRI,IYRI,AMEX:IYRI,US,NEOS Real Estate High Income ETF,0.312,Derivative Income,Long,80397.1,,https://www.tradingview.com/chart/?symbol=AMEX%3AIYRI,False,,-74.59945857478357,-74.59945857478357,45.939998626708984,45.849998474121094,46.966279266357425,0.01902750289932916,-5.976951869553498,,False,True,False,False,,
805,TCAL,TCAL,AMEX:TCAL,US,T. Rowe Price Capital Appreciation Premium Income ETF,0.309,Derivative Income,Long,95832.0,,https://www.tradingview.com/chart/?symbol=AMEX%3ATCAL,False,,-42.45114353938033,-42.45114353938033,22.229999542236328,21.80500030517578,22.176700035095216,0.26984098150415436,34.192974148318534,,False,False,False,False,,
806,COPP,COPP,AMEX:COPP,US,Sprott Copper Miners ETF,0.309,Natural Resources,Long,102974.7,,https://www.tradingview.com/chart/?symbol=AMEX%3ACOPP,False,,1.9457370734859303,1.9457370734859303,42.84000015258789,31.559999465942383,35.20147998809814,0.7310433615809606,38.129893054485386,,False,False,False,False,,
808,CEW,CEW.TO,TSX:CEW,TSX,iShares Equal Weight Banc & Lifeco ETF,0.307,Financials,Long,39808.75,,https://www.tradingview.com/chart/?symbol=TSX%3ACEW,False,,-3.3624816674734173,-3.3624816674734173,35.4900016784668,26.459999084472656,28.80347915649414,0.9093657921931243,33.370718880341265,83.89323210731762,False,False,False,False,,
809,UAE,UAE,AMEX:UAE,US,iShares MSCI UAE ETF,0.304,Focused Region,Long,243114.35,,https://www.tradingview.com/chart/?symbol=AMEX%3AUAE,False,,37.321004002291694,49.13684323464755,20.229999542236328,17.450000762939453,18.148560546875,0.939189067280455,52.7390960034809,45.882233875515944,False,False,False,False,,
810,ELCV,ELCV,AMEX:ELCV,US,Eventide High Dividend ETF,0.3,,Long,87307.05,,https://www.tradingview.com/chart/?symbol=AMEX%3AELCV,True,2026-09-25 13:30,-59.01333318519741,-59.01333318519741,30.75,28.399999618530273,29.50683974456787,0.501066122360671,-7.542676407483346,,False,False,False,False,,
811,RSPD,RSPD,AMEX:RSPD,US,Invesco S&P 500 Equal Weight Consumer Discretionary ETF,0.299,Consumer Cyclical,Long,65197.35,,https://www.tradingview.com/chart/?symbol=AMEX%3ARSPD,True,2026-09-25 09:30,-56.1788073587704,-54.31110641235701,52.32500076293945,51.619998931884766,53.28851885986328,0.09971737786223708,-13.394152021919195,21.4391471326837,False,True,False,False,,
813,WAGN,WAGN,AMEX:WAGN,US,Pabrai Wagons ETF,0.297,Global Small/Mid Stock,Long,107415.45,,https://www.tradingview.com/chart/?symbol=AMEX%3AWAGN,False,,-9.017992715465601,-9.017992715465601,15.3100004196167,13.710000038146973,14.331859867095947,0.6072109379778552,37.353813402594625,,False,False,False,False,,
814,HEEM,HEEM,AMEX:HEEM,US,iShares Currency Hedged MSCI Emerging Markets ETF,0.297,Diversified Emerging Mkts,Long,34010.5,,https://www.tradingview.com/chart/?symbol=AMEX%3AHEEM,False,,12.87257950837085,12.87257950837085,42.790000915527344,35.644798278808594,38.17476628112793,0.6665174503075719,16.622653332340274,74.48456907752181,False,False,False,False,,
815,YMAG,YMAG,AMEX:YMAG,US,YieldMax Magnificent 7 Fund of Option Income ETFs,0.296,Large Blend,Long,1042674.95,,https://www.tradingview.com/chart/?symbol=AMEX%3AYMAG,False,,36.72556147215257,36.72556147215257,11.470000267028809,10.755000114440918,11.317836536407471,0.2998029790274834,43.346515175219444,,False,False,False,False,,
816,PATN,PATN,AMEX:PATN,US,Pacer Nasdaq International Patent Leaders ETF,0.292,Foreign Large Blend,Long,133533.7,,https://www.tradingview.com/chart/?symbol=AMEX%3APATN,False,,24.79710938359011,25.78371208747262,36.290000915527344,27.34000015258789,29.907680404663086,0.8226102834831689,23.440399394283958,,False,False,False,False,,
817,QTOP,QTOP,AMEX:QTOP,US,iShares Nasdaq Top 30 Stocks ETF,0.286,Large Growth,Long,92924.15,,https://www.tradingview.com/chart/?symbol=AMEX%3AQTOP,False,,55.77841628762184,55.77841628762184,39.415000915527344,28.864999771118164,31.385479393005372,0.9878279707004061,31.181890945961992,,False,False,False,False,,
818,AVL,AVL,AMEX:AVL,US,Direxion Daily AVGO Bull 2X ETF,0.285,Trading--Leveraged Equity,2X Long,1147623.7,,https://www.tradingview.com/chart/?symbol=AMEX%3AAVL,False,,-14.121194090540001,-14.121194090540001,36.130001068115234,29.549999237060547,40.686862319946286,0.13943607105265135,-45.95741387575951,,False,True,False,False,,
819,TBG,TBG,AMEX:TBG,US,TBG Dividend Focus ETF,0.284,Large Value,Long,54996.95,,https://www.tradingview.com/chart/?symbol=AMEX%3ATBG,True,2026-09-25 13:30,-73.49317506009793,-73.49317506009793,36.849998474121094,34.42499923706055,35.62033981323242,0.47877553172260046,38.375168930100706,,False,False,False,False,,
821,FMTM,FMTM,AMEX:FMTM,US,MarketDesk Focused U.S. Momentum ETF,0.277,Large Growth,Long,204518.3,,https://www.tradingview.com/chart/?symbol=AMEX%3AFMTM,False,,7.6783329411601144,25.184200678595417,38.919898986816406,33.20100021362305,35.65752430725097,0.5494186334156327,-25.391871258265628,,False,False,False,False,,
823,USDU,USDU,AMEX:USDU,US,WisdomTree Bloomberg US Dollar Bullish Fund,0.274,Trading--Miscellaneous,Long,395191.85,,https://www.tradingview.com/chart/?symbol=AMEX%3AUSDU,False,,61.499186307590584,70.69405081419067,26.825000762939453,25.829999923706055,26.080159797668458,0.9386805099461084,-3.4902173708120094,52.605358004440156,False,False,False,False,,
824,FYEE,FYEE,AMEX:FYEE,US,Fidelity Yield Enhanced Equity ETF,0.272,Derivative Income,Long,129732.15,,https://www.tradingview.com/chart/?symbol=AMEX%3AFYEE,False,,-41.801429603276425,-33.66511139369057,29.94499969482422,26.399999618530273,27.361699798583984,0.8699385061554692,61.426626079656565,,False,False,False,False,,
825,ORCX,ORCX,AMEX:ORCX,US,Defiance Daily Target 2X Long ORCL ETF,0.267,Trading--Leveraged Equity,2X Long,1959947.85,,https://www.tradingview.com/chart/?symbol=AMEX%3AORCX,False,,-53.35428249135851,-53.35428249135851,18.389999389648438,13.890000343322754,27.129599758148192,0.0802138902891318,-22.54488074177516,,False,True,False,False,,
826,WGMI,WGMI,AMEX:WGMI,US,CoinShares Bitcoin Mining and Digital Power ETF,0.267,Equity Digital Assets,Long,695525.45,,https://www.tradingview.com/chart/?symbol=AMEX%3AWGMI,False,,21.934666992010197,21.934666992010197,48.2599983215332,32.30070114135742,41.72873567199707,0.39948879294844414,-29.649827702672543,50.48381124917736,False,False,False,False,,
827,AMZU,AMZU,AMEX:AMZU,US,Direxion Daily AMZN Bull 2X ETF,0.265,Trading--Leveraged Equity,2X Long,1863181.8,,https://www.tradingview.com/chart/?symbol=AMEX%3AAMZU,False,,-34.33111299973259,-34.33111299973259,34.20000076293945,24.639999389648438,29.783619857788086,0.4386327370130967,-10.074404415967038,21.92652708867256,False,False,False,False,,
829,IDNA,IDNA,AMEX:IDNA,US,iShares Genomics Immunology and Healthcare ETF,0.262,Health,Long,113491.3,,https://www.tradingview.com/chart/?symbol=AMEX%3AIDNA,False,,54.3172897209836,56.94028996406899,41.709999084472656,27.790000915527344,31.075120483398436,1.0,80.69411893542126,75.28807314130138,False,False,False,False,,
830,EMQQ,EMQQ,AMEX:EMQQ,US,EMQQ The Emerging Markets Internet ETF,0.259,Diversified Emerging Mkts,Long,37037.15,,https://www.tradingview.com/chart/?symbol=AMEX%3AEMQQ,False,,-42.08508488034045,-42.08508488034045,31.3080997467041,30.18000030517578,31.52756008911133,0.19756560812697666,-11.712938530253568,-32.75783894086044,False,True,False,False,,
831,MSTX,MSTX,AMEX:MSTX,US,Defiance Daily Target 2x Long MSTR ETF,0.258,Trading--Leveraged Equity,2X Long,9991447.8,,https://www.tradingview.com/chart/?symbol=AMEX%3AMSTX,False,,34.71337306080212,34.71337306080212,19.670000076293945,6.75,15.585839675903319,0.34508548478089585,4.934600486150965,,False,False,False,False,,
832,ERX,ERX,AMEX:ERX,US,Direxion Daily Energy Bull 2X ETF,0.257,Trading--Leveraged Equity,2X Long,266946.55,,https://www.tradingview.com/chart/?symbol=AMEX%3AERX,False,,-61.74349599894625,-51.85927827519581,102.13999938964844,75.22000122070312,84.5762204284668,0.6790263702457244,56.90678085530794,68.4765338425113,False,False,False,False,,
833,RSPS,RSPS,AMEX:RSPS,US,Invesco S&P 500 Equal Weight Consumer Staples ETF,0.248,Consumer Defensive,Long,72879.0,,https://www.tradingview.com/chart/?symbol=AMEX%3ARSPS,True,2026-09-25 13:30,-66.48400682958398,-66.48400682958398,29.209999084472656,29.145000457763672,29.842379989624025,0.02199616593621512,15.232140651970406,33.35616820628105,False,True,False,False,,
834,GPZ,GPZ,AMEX:GPZ,US,VanEck Alternative Asset Manager ETF,0.248,Financial,Long,186741.25,,https://www.tradingview.com/chart/?symbol=AMEX%3AGPZ,True,2026-09-25 13:30,-71.3754538295578,-70.54950595154774,21.889999389648438,20.639999389648438,21.960419677734375,0.22341371354391093,15.132510247855448,,False,True,False,False,,
835,GUSH,GUSH,AMEX:GUSH,US,Direxion Daily S&P Oil & Gas Exp. & Prod. Bull 2X ETF,0.245,Trading--Leveraged Equity,2X Long,597254.5,,https://www.tradingview.com/chart/?symbol=AMEX%3AGUSH,False,,-59.119763574197066,-53.801791238752365,41.459999084472656,29.8700008392334,34.69620056915283,0.5667481121677751,56.24371605695898,53.095773847805354,False,False,False,False,,
836,UWM,UWM,AMEX:UWM,US,ProShares Ultra Russell2000,0.245,Trading--Leveraged Equity,2X Long,235637.4,,https://www.tradingview.com/chart/?symbol=AMEX%3AUWM,True,2026-09-25 13:30,-54.55893794792231,-54.43727648922957,58.380001068115234,43.61000061035156,49.53832125854492,0.5879776609408756,-4.371094858287681,70.59867453614363,False,False,False,False,,
837,BEDY,BEDY,AMEX:BEDY,US,BNY Mellon Enhanced Dividend and Income ETF,0.245,Large Value,Long,101621.1,,https://www.tradingview.com/chart/?symbol=AMEX%3ABEDY,True,2026-09-25 09:30,-74.19838550683006,-70.97891409992114,29.020000457763672,26.46030044555664,27.3593896484375,0.6718901761307312,48.76560443005508,,False,False,False,False,,
839,TZA,TZA,AMEX:TZA,US,Direxion Daily Small Cap Bear 3X ETF,0.237,Trading--Inverse Equity,-3X Short,3917858.7,,https://www.tradingview.com/chart/?symbol=AMEX%3ATZA,False,,14.149425461856035,43.77738160316178,45.435001373291016,36.36000061035156,46.29323974609375,0.2156094452963845,-3.7769704980904053,-55.6365778864579,False,True,False,False,,
840,QID,QID,AMEX:QID,US,ProShares UltraShort QQQ,0.236,Trading--Inverse Equity,-2X Short,29218545.8,,https://www.tradingview.com/chart/?symbol=AMEX%3AQID,False,,-64.47121305562261,-55.94664171628947,13.015000343322754,12.989999771118164,15.65680004119873,0.0022124397940401267,-30.040822526719364,-57.493085722931006,False,True,False,False,,
841,STCE,STCE,AMEX:STCE,US,Schwab Crypto Thematic Natural Language Processing ETF,0.236,Equity Digital Assets,Long,59843.9,,https://www.tradingview.com/chart/?symbol=AMEX%3ASTCE,False,,20.853355130923596,20.853355130923596,70.2699966430664,48.875,56.911980072021485,0.6282483174670456,8.083142297951753,29.586739535376314,False,False,False,False,,
842,EWZS,EWZS,AMEX:EWZS,US,iShares MSCI Brazil Small-Cap ETF,0.235,Focused Region,Long,287624.15,,https://www.tradingview.com/chart/?symbol=AMEX%3AEWZS,False,,-23.393434139531717,-23.393434139531717,13.180000305175781,11.729999542236328,12.78373957824707,0.32474820008663163,-14.789457239413773,15.586844708485572,False,False,False,False,,
843,AMZY,AMZY,AMEX:AMZY,US,YieldMax AMZN Option Income Strategy ETF,0.234,Derivative Income,Long,308899.7,,https://www.tradingview.com/chart/?symbol=AMEX%3AAMZY,False,,-32.12516380828277,-32.12516380828277,10.289999961853027,9.949999809265137,10.633219917297364,0.11744390287610998,14.971561416579734,,False,True,False,False,,
844,YOKE,YOKE,AMEX:YOKE,US,YOKE Core ETF,0.233,Large Blend,Long,11209.8,,https://www.tradingview.com/chart/?symbol=AMEX%3AYOKE,False,,22.66658890589902,22.66658890589902,31.25,26.739999771118164,28.229159645080568,0.7147386070671051,-8.729175090601021,,False,False,False,False,,
845,SPWO,SPWO,AMEX:SPWO,US,SP Funds S&P World (ex-US) ETF,0.231,Foreign Large Growth,Long,73675.55,,https://www.tradingview.com/chart/?symbol=AMEX%3ASPWO,False,,30.010062558063755,30.37973894529402,33.875,27.18000030517578,29.034983856201173,0.851770317372959,24.356165502508507,,False,False,False,False,,
846,GOOY,GOOY,AMEX:GOOY,US,YieldMax GOOGL Option Income Strategy ETF,0.228,Derivative Income,Long,258340.35,,https://www.tradingview.com/chart/?symbol=AMEX%3AGOOY,False,,-18.827696265963855,-18.827696265963855,11.994999885559082,11.765000343322754,12.711360172271728,0.05735650469024724,-24.769721729501956,,False,True,False,False,,
847,TUR,TUR,AMEX:TUR,US,iShares MSCI Turkey ETF,0.228,Focused Region,Long,158910.7,,https://www.tradingview.com/chart/?symbol=AMEX%3ATUR,False,,-59.26600077221922,-59.26600077221922,36.34000015258789,36.20199966430664,37.978607635498044,0.018331627327178197,-0.12645649610323062,45.20354069881657,False,True,False,False,,
848,COLO,COLO,AMEX:COLO,US,Global X MSCI Colombia ETF,0.226,,Long,144071.75,,https://www.tradingview.com/chart/?symbol=AMEX%3ACOLO,True,2026-09-25 13:30,-66.58575116790847,-66.58575116790847,47.97999954223633,36.02000045776367,39.724020385742186,0.7620260794536197,64.24665154191455,77.64091715243674,False,False,False,False,,
849,AVSE,AVSE,AMEX:AVSE,US,Avantis Responsible Emerging Markets Equity ETF,0.226,Diversified Emerging Mkts,Long,15155.05,,https://www.tradingview.com/chart/?symbol=AMEX%3AAVSE,False,,10.345079013392484,10.345079013392484,80.07219696044922,64.0999984741211,68.98165969848633,0.772163136589549,34.1289203009158,73.57725925609782,False,False,False,False,,
850,CGXF,CGXF.TO,TSX:CGXF,TSX,CI Gold+ Giants Covered Call ETF,0.218,Materials,Long,25034.75,,https://www.tradingview.com/chart/?symbol=TSX%3ACGXF,False,,-41.1900163793793,-41.1900163793793,18.809999465942383,15.510000228881836,17.044000228881835,0.5076921903170072,24.789865194509442,38.39831490333157,False,False,False,False,,
852,SPRE,SPRE,AMEX:SPRE,US,SP Funds S&P Global REIT Sharia ETF,0.207,Real Estate,Long,86467.35,,https://www.tradingview.com/chart/?symbol=AMEX%3ASPRE,False,,-76.47311401983335,-76.47311401983335,19.229999542236328,19.219999313354492,19.842803298950194,0.0037894009523011052,-34.736010634696626,67.93863667336838,False,True,False,False,,
853,FBL,FBL,AMEX:FBL,US,GraniteShares 2x Long META Daily ETF,0.202,Trading--Leveraged Equity,2X Long,1015911.25,,https://www.tradingview.com/chart/?symbol=AMEX%3AFBL,False,,69.01294172730691,69.01294172730691,34.290000915527344,18.010000228881836,22.446800498962403,0.8659574306189295,4.10321670074854,-40.240278514246405,False,False,False,False,,
854,NEBX,NEBX,AMEX:NEBX,US,Tradr 2X Long NBIS Daily ETF,0.198,Trading--Leveraged Equity,2X Long,2663901.2,,https://www.tradingview.com/chart/?symbol=AMEX%3ANEBX,False,,39.31890370380071,50.768483478148106,27.469999313354492,8.256667137145996,21.64573318862915,0.3386603946944395,-19.47836144383504,,False,False,False,False,,
855,CWEB,CWEB,AMEX:CWEB,US,Direxion Daily CSI China Internet Index Bull 2X ETF,0.193,Trading--Leveraged Equity,2X Long,498704.3,,https://www.tradingview.com/chart/?symbol=AMEX%3ACWEB,False,,-17.90995986553942,-17.90995986553942,18.459999084472656,17.690000534057617,20.68484020996094,0.06067759131150749,-45.6846202701553,-48.25183404580866,False,True,False,False,,
856,AVGX,AVGX,AMEX:AVGX,US,Defiance Daily Target 2X Long AVGO ETF,0.191,,2X Long,882466.65,,https://www.tradingview.com/chart/?symbol=AMEX%3AAVGX,False,,-12.191570192824214,-12.191570192824214,38.1150016784668,31.385000228881836,43.14842096710205,0.13501857813702198,-46.692673976195294,,False,True,False,False,,
857,SEPI,SEPI,AMEX:SEPI,US,Shelton Equity Premium Income ETF,0.191,Derivative Income,Long,59865.1,,https://www.tradingview.com/chart/?symbol=AMEX%3ASEPI,False,,42.94129062519527,42.94129062519527,29.34000015258789,24.34000015258789,25.52708031463623,0.9940356495924227,60.3406047186171,,False,False,False,False,,
858,JEDI,JEDI,AMEX:JEDI,US,Defiance Drone and Modern Warfare ETF,0.185,Technology,Long,337490.35,,https://www.tradingview.com/chart/?symbol=AMEX%3AJEDI,False,,24.078151903772284,33.617572659724026,26.475000381469727,22.020000457763672,26.846200637817383,0.21784839889980032,-21.762942064753457,,False,True,False,False,,
859,XHE,XHE,AMEX:XHE,US,State Street SPDR S&P Health Care Equipment ETF,0.179,Health,Long,18277.75,,https://www.tradingview.com/chart/?symbol=AMEX%3AXHE,False,,-10.072567563052784,-10.072567563052784,91.34660339355469,76.25,81.15290036010742,0.726671590119944,47.8188559912626,20.921175694810007,False,False,False,False,,
860,HHIC,HHIC.TO,TSX:HHIC,TSX,Harvest Canadian High Income Shares ETF,0.178,Large Cap,1.25X Long,86229.0,,https://www.tradingview.com/chart/?symbol=TSX%3AHHIC,False,,-4.985373399534046,-4.985373399534046,13.949999809265137,13.520000457763672,13.810280349731446,0.3495930988068987,55.35313592347115,,False,False,False,False,,
861,COPJ,COPJ,AMEX:COPJ,US,Sprott Junior Copper Miners ETF,0.178,Natural Resources,Long,87066.95,,https://www.tradingview.com/chart/?symbol=AMEX%3ACOPJ,False,,6.3269689944003895,6.3269689944003895,45.16999816894531,34.625,38.012779891967774,0.7345871476985456,33.166099697693475,63.02941992396543,False,False,False,False,,
862,RKLX,RKLX,AMEX:RKLX,US,Defiance Daily Target 2X Long RKLB ETF,0.177,Trading--Leveraged Equity,2X Long,2059716.0,,https://www.tradingview.com/chart/?symbol=AMEX%3ARKLX,False,,61.727981461950776,66.56888091699373,19.354999542236328,13.505000114440918,37.1746208076477,0.05832792518538123,-40.511752690344075,,False,True,False,False,,
863,EGGY,EGGY,AMEX:EGGY,US,NestYield Dynamic Income ETF,0.175,Equity Hedged,Long,107189.65,,https://www.tradingview.com/chart/?symbol=AMEX%3AEGGY,False,,41.80361597984506,42.63559208328936,35.849998474121094,29.334999084472656,33.21247915649414,0.3965306919438146,-0.14605617276546745,,False,False,False,False,,
864,XPAY,XPAY,AMEX:XPAY,US,Roundhill S&P 500 Target 20 Managed Distribution ETF,0.17,Derivative Income,Long,49382.75,,https://www.tradingview.com/chart/?symbol=AMEX%3AXPAY,False,,21.060768951818964,23.051673577815297,52.449100494384766,47.52000045776367,49.33366078186035,0.6413922128565948,45.61926164597876,,False,False,False,False,,
865,AAPU,AAPU,AMEX:AAPU,US,Direxion Daily AAPL Bull 2X ETF,0.169,Trading--Leveraged Equity,2X Long,1574365.35,,https://www.tradingview.com/chart/?symbol=AMEX%3AAAPU,False,,23.81878980393047,24.87886508243531,46.40999984741211,26.469999313354492,31.65373979949951,0.9078078153440083,48.18399400013027,59.92821760733684,False,False,False,False,,
866,XBCI,XBCI,AMEX:XBCI,US,NEOS Boosted Bitcoin High Income ETF,0.168,Digital Assets,1.5X Long,183122.65,,https://www.tradingview.com/chart/?symbol=AMEX%3AXBCI,False,,37.190558038960425,37.190558038960425,41.224998474121094,29.34000015258789,34.265319900512694,0.5694776679348814,36.4649216596117,,False,False,False,False,,
867,SMCX,SMCX,AMEX:SMCX,US,Defiance Daily Target 2X Long SMCI ETF,0.167,Trading--Leveraged Equity,2X Long,7127197.8,,https://www.tradingview.com/chart/?symbol=AMEX%3ASMCX,False,,37.04841569595808,49.305906134219164,15.270000457763672,5.670000076293945,12.469159950256348,0.3332176521842121,10.378144626121829,,False,False,False,False,,
868,FTXN,FTXN,AMEX:FTXN,US,First Trust Nasdaq Oil & Gas ETF,0.166,Equity Energy,Long,43795.05,,https://www.tradingview.com/chart/?symbol=AMEX%3AFTXN,False,,-61.61462274684411,-58.0993754605451,38.540000915527344,33.15999984741211,35.201400207519534,0.6219653316845611,58.029134746899764,71.6459170692871,False,False,False,False,,
869,SMCY,SMCY,AMEX:SMCY,US,YieldMax SMCI Option Income Strategy ETF,0.164,Derivative Income,Long,1363228.6,,https://www.tradingview.com/chart/?symbol=AMEX%3ASMCY,False,,31.950219159916056,33.45969122003246,5.53000020980835,4.074999809265137,5.131099899291992,0.32513972659491625,38.52221797141085,,False,False,False,False,,
870,SDOW,SDOW,AMEX:SDOW,US,ProShares UltraPro Short Dow30,0.161,Trading--Inverse Equity,-3X Short,3325705.45,,https://www.tradingview.com/chart/?symbol=AMEX%3ASDOW,False,,32.18331688960776,40.98720426315449,24.729999542236328,21.385000228881836,25.334459922790526,0.19988046445168026,-21.624021211728774,-59.64450931616673,False,True,False,False,,
871,ORCU,ORCU,AMEX:ORCU,US,Direxion Daily ORCL Bull 2X ETF,0.161,Trading--Leveraged Equity,2X Long,4274337.6,,https://www.tradingview.com/chart/?symbol=AMEX%3AORCU,False,,-55.5353110475163,-55.5353110475163,6.565000057220459,4.96999979019165,9.732078680038452,0.0790453227940767,-22.467254954618497,,False,True,False,False,,
872,OKLL,OKLL,AMEX:OKLL,US,Defiance Daily Target 2x Long OKLO ETF,0.157,Trading--Leveraged Equity,2X Long,2247947.25,,https://www.tradingview.com/chart/?symbol=AMEX%3AOKLL,False,,-16.816807289655745,-16.816807289655745,10.15999984741211,9.130000114440918,22.834519367218014,0.0177372100762997,-48.70787721720842,,False,True,False,False,,
873,ECHI,ECHI.TO,TSX:ECHI,TSX,Ninepoint Enhanced Canadian HighShares ETF,0.153,Large Cap,Long,83702.4,,https://www.tradingview.com/chart/?symbol=TSX%3AECHI,False,,-29.888910447987126,-29.888910447987126,12.0600004196167,11.619999885559082,11.903199840545653,0.3666671699948581,53.1954272054854,,False,False,False,False,,
874,IONX,IONX,AMEX:IONX,US,Defiance Daily Target 2X Long IONQ ETF,0.151,Trading--Leveraged Equity,2X Long,909706.15,,https://www.tradingview.com/chart/?symbol=AMEX%3AIONX,False,,41.17953571861162,72.51162492581845,29.475000381469727,16.8700008392334,37.46572049713134,0.14443680247060553,-38.618841900053475,,False,True,False,False,,
875,FLCC,FLCC,AMEX:FLCC,US,Federated Hermes MDT Large Cap Core ETF,0.147,Large Blend,Long,40564.1,,https://www.tradingview.com/chart/?symbol=AMEX%3AFLCC,False,,4.765016710817836,5.545918579633931,36.61259841918945,29.98259925842285,31.739950035095216,0.8903628249470615,43.96826416674412,,False,False,False,False,,
876,EPHE,EPHE,AMEX:EPHE,US,iShares MSCI Philippines ETF,0.144,Focused Region,Long,275558.7,,https://www.tradingview.com/chart/?symbol=AMEX%3AEPHE,True,2026-09-25 09:30,-70.77616580282513,-54.735090443386376,23.399999618530273,22.905000686645508,23.673180488586425,0.15207344378183676,-24.58451812361243,-11.469513323160292,False,True,False,False,,
877,KBA,KBA,AMEX:KBA,US,KraneShares Bosera MSCI China A 50 Connect Index ETF,0.142,Greater China Region,Long,44769.95,,https://www.tradingview.com/chart/?symbol=AMEX%3AKBA,False,,-36.93417740512783,-36.93417740512783,31.549999237060547,29.3700008392334,30.78836089324951,0.36272850495926495,-44.34272169066014,62.592224206540116,False,False,False,False,,
879,GPTY,GPTY,AMEX:GPTY,US,YieldMax AI & Tech Portfolio Option Income ETF,0.138,Derivative Income,Long,52225.9,,https://www.tradingview.com/chart/?symbol=AMEX%3AGPTY,False,,43.22548462978296,43.22548462978296,43.619998931884766,34.72999954223633,38.47175602722168,0.5607098870212139,42.11488194269621,,False,False,False,False,,
880,MRNY,MRNY,AMEX:MRNY,US,YieldMax MRNA Option Income Strategy ETF,0.135,Derivative Income,Long,494925.15,,https://www.tradingview.com/chart/?symbol=AMEX%3AMRNY,False,,75.09562291551653,75.09562291551653,41.029998779296875,14.220000267028809,20.76191987991333,0.9671717207337306,81.4454821863867,,False,False,False,False,,
881,SPXU,SPXU.TO,TSX:SPXU,TSX,BetaPro S&P 500 2x Daily Bull ETF,0.135,Large Cap,2X Long,74978.8,,https://www.tradingview.com/chart/?symbol=TSX%3ASPXU,False,,22.58393094254032,23.904500211118137,37.88999938964844,26.43000030517578,29.335160629272462,0.9309502685627146,36.083660315748546,66.62646165471294,False,False,False,False,,
882,NFXL,NFXL,AMEX:NFXL,US,Direxion Daily NFLX Bull 2X ETF,0.133,Trading--Leveraged Equity,2X Long,1009803.7,,https://www.tradingview.com/chart/?symbol=AMEX%3ANFXL,False,,-60.826318609822046,-53.28402125491158,14.484999656677246,13.46500015258789,19.207210083007812,0.04192112198647609,-25.810878852452117,,False,True,False,False,,
883,TSMY,TSMY,AMEX:TSMY,US,YieldMax TSM Option Income Strategy ETF,0.133,Derivative Income,Long,146330.25,,https://www.tradingview.com/chart/?symbol=AMEX%3ATSMY,False,,41.89432317808162,41.89432317808162,15.550000190734863,14.239999771118164,15.12263971710205,0.3502675133119173,36.89297690868169,,False,False,False,False,,
884,RWM,RWM,AMEX:RWM,US,ProShares Short Russell2000,0.131,Trading--Inverse Equity,-1X Short,15277688.1,,https://www.tradingview.com/chart/?symbol=AMEX%3ARWM,False,,19.747604260266012,45.04603935067576,14.180000305175781,13.164999961853027,14.025219844818116,0.27846378090971385,3.797893067931009,-63.89367854000554,False,False,False,False,,
885,BABX,BABX,AMEX:BABX,US,GraniteShares 2x Long BABA Daily ETF,0.131,Trading--Leveraged Equity,2X Long,1030177.4,,https://www.tradingview.com/chart/?symbol=AMEX%3ABABX,False,,-8.963486541515548,-8.963486541515548,16.947999954223633,13.494999885559082,17.93534023666382,0.18352377335266398,-33.65359237678678,-30.330467241444392,False,True,False,False,,
886,PBD,PBD,AMEX:PBD,US,Invesco Global Clean Energy ETF,0.13,Global Small/Mid Stock,Long,271994.5,,https://www.tradingview.com/chart/?symbol=AMEX%3APBD,False,,-39.042327193854256,-39.042327193854256,16.934999465942383,16.719999313354492,18.079359367370607,0.037326413896623695,-44.90716747222273,44.36429089651017,False,True,False,False,,
887,HOOY,HOOY,AMEX:HOOY,US,YieldMax HOOD Option Income Strategy ETF,0.129,Derivative Income,Long,99725.95,,https://www.tradingview.com/chart/?symbol=AMEX%3AHOOY,False,,5.739011487720084,5.739011487720084,28.3700008392334,24.68000030517578,26.86772041320801,0.3980582903819841,48.90408146951879,,False,False,False,False,,
888,MRVU,MRVU,AMEX:MRVU,US,Direxion Daily MRVL Bull 2X ETF,0.119,Trading--Leveraged Equity,2X Long,195186.95,,https://www.tradingview.com/chart/?symbol=AMEX%3AMRVU,False,,55.05372084312634,55.05372084312634,144.94320678710938,26.989999771118164,90.12590328216552,0.4409053376563002,-0.8023590063462412,,False,False,False,False,,
889,DUST,DUST,AMEX:DUST,US,Direxion Daily Gold Miners Index Bear 2X ETF,0.118,Trading--Inverse Equity,-2X Short,1916765.05,,https://www.tradingview.com/chart/?symbol=AMEX%3ADUST,False,,-2.9968373375820225,34.85865531316412,35.9900016784668,29.049999237060547,38.945480209350585,0.16551399378749362,-40.29212571798397,-41.474081966891184,False,True,False,False,,
890,CRPT,CRPT,AMEX:CRPT,US,First Trust SkyBridge Crypto Industry & Digital Economy ETF,0.117,Equity Digital Assets,Long,75717.75,,https://www.tradingview.com/chart/?symbol=AMEX%3ACRPT,False,,31.73469723737819,31.73469723737819,16.110000610351562,10.907500267028809,12.295770420074463,0.8844028507928263,27.17828119045713,-28.08785644318073,False,False,False,False,,
891,DRNZ,DRNZ,AMEX:DRNZ,US,REX Drone ETF,0.115,Industrials,Long,129680.1,,https://www.tradingview.com/chart/?symbol=AMEX%3ADRNZ,False,,-9.903631473348439,-9.903631473348439,20.549999237060547,19.309999465942383,21.69241975402832,0.12283304816002757,-40.963774922255745,,False,True,False,False,,
892,GIAX,GIAX,AMEX:GIAX,US,Nicholas Global Equity and Income ETF,0.113,Derivative Income,Long,69711.7,,https://www.tradingview.com/chart/?symbol=AMEX%3AGIAX,False,,37.01832483402733,37.01832483402733,16.322200775146484,13.350000381469727,14.59136043548584,0.5650570844763222,27.235303732014888,,False,False,False,False,,
893,KURE,KURE,AMEX:KURE,US,KraneShares MSCI All China Health Care Index ETF,0.111,Greater China Region,Long,48572.25,,https://www.tradingview.com/chart/?symbol=AMEX%3AKURE,False,,13.03983091632405,13.03983091632405,18.719999313354492,14.479999542236328,15.631679794311523,0.8688522219434158,36.73304885699531,2.424887259830868,False,False,False,False,,
894,RIET,RIET,AMEX:RIET,US,Hoya Capital High Dividend Yield ETF,0.11,Real Estate,Long,90314.15,,https://www.tradingview.com/chart/?symbol=AMEX%3ARIET,True,2026-09-25 13:30,-71.72888646500591,-71.72888646500591,8.677200317382812,8.649999618530273,8.967773712158204,0.02020103292849109,-34.56592598819473,66.61724018448409,False,True,False,False,,
895,AFK,AFK,AMEX:AFK,US,VanEck Africa Index ETF,0.107,Focused Region,Long,57921.0,,https://www.tradingview.com/chart/?symbol=AMEX%3AAFK,False,,-31.614922994907243,-31.614922994907243,28.5,24.469999313354492,25.766819511413573,0.7333940074898567,39.73727041868801,54.38792297856602,False,False,False,False,,
896,MSFO,MSFO,AMEX:MSFO,US,YieldMax MSFT Option Income Strategy ETF,0.106,Derivative Income,Long,143588.85,,https://www.tradingview.com/chart/?symbol=AMEX%3AMSFO,False,,5.065814698280913,17.015999083905385,12.34000015258789,9.9399995803833,10.668059589385987,0.777958036475801,47.674557982590734,,False,False,False,False,,
897,HYDR,HYDR,AMEX:HYDR,US,Global X Hydrogen ETF,0.105,Miscellaneous Sector,Long,44839.1,,https://www.tradingview.com/chart/?symbol=AMEX%3AHYDR,False,,-15.236918750148712,-15.236918750148712,44.630001068115234,34.119998931884766,43.57415925598144,0.26235650963401475,-22.170663187928067,48.93214844355293,False,False,False,False,,
898,TSLQ,TSLQ,AMEX:TSLQ,US,Tradr 2X Short TSLA Daily ETF New Oct 2025,0.104,Trading--Inverse Equity,-2X Short,5911097.05,,https://www.tradingview.com/chart/?symbol=AMEX%3ATSLQ,False,,-62.03509145832967,-45.627695426768014,17.704999923706055,15.899999618530273,19.130839744567872,0.13184808142887575,-22.66441062423732,-29.814131912445774,False,True,False,False,,
899,DOG,DOG,AMEX:DOG,US,ProShares Short Dow30,0.102,Trading--Inverse Equity,-1X Short,2393367.2,,https://www.tradingview.com/chart/?symbol=AMEX%3ADOG,False,,25.663361782966764,25.663361782966764,21.87150001525879,20.84000015258789,21.83591999053955,0.24443128685036578,-16.640421523031034,-63.703288825754555,False,False,False,False,,
900,CNXT,CNXT,AMEX:CNXT,US,VanEck ChiNext Innovators ETF,0.102,Greater China Region,Long,87470.25,,https://www.tradingview.com/chart/?symbol=AMEX%3ACNXT,False,,-13.976737629798487,-13.976737629798487,47.2400016784668,43.900001525878906,48.243345367431644,0.1814823013710442,-36.949305414784085,60.42519792345826,False,True,False,False,,
901,BOAT,BOAT,AMEX:BOAT,US,SonicShares Global Shipping ETF,0.101,Industrials,Long,51437.3,,https://www.tradingview.com/chart/?symbol=AMEX%3ABOAT,False,,-29.63537075521599,-29.63537075521599,50.904998779296875,37.70500183105469,41.468021759033206,0.8278455441129255,82.33999053612052,79.14404104094665,False,False,False,False,,
902,YANG,YANG,AMEX:YANG,US,Direxion Daily FTSE China Bear 3X ETF,0.097,Trading--Inverse Equity,-3X Short,747036.0,,https://www.tradingview.com/chart/?symbol=AMEX%3AYANG,False,,-20.170449165146366,21.482533765403502,32.17499923706055,23.989999771118164,27.968959465026856,0.4854685703199108,0.4999796355788601,-11.918775449340627,False,False,False,False,,
903,APLY,APLY,AMEX:APLY,US,YieldMax AAPL Option Income Strategy ETF,0.097,Derivative Income,Long,80443.15,,https://www.tradingview.com/chart/?symbol=AMEX%3AAPLY,False,,9.541641564813624,9.541641564813624,11.975000381469727,11.109999656677246,11.540699836730957,0.47397280174242756,39.9739348994835,62.66370985428151,False,False,False,False,,
904,FBY,FBY,AMEX:FBY,US,YieldMax META Option Income Strategy ETF,0.091,Derivative Income,Long,149624.5,,https://www.tradingview.com/chart/?symbol=AMEX%3AFBY,False,,65.8809918086918,65.8809918086918,9.885000228881836,7.974999904632568,8.797459936141967,0.5480631997345584,2.1166355587378383,,False,False,False,False,,
905,GNOM,GNOM,AMEX:GNOM,US,Global X Genomics & Biotechnology ETF,0.091,Health,Long,34449.3,,https://www.tradingview.com/chart/?symbol=AMEX%3AGNOM,False,,59.586633726379524,64.11831212782708,70.01000213623047,41.40999984741211,48.28821995544433,0.9813004576982213,74.31435200311469,68.69165454350531,False,False,False,False,,
906,PBJ,PBJ,AMEX:PBJ,US,Invesco Food & Beverage ETF,0.091,Consumer Defensive,Long,23672.5,,https://www.tradingview.com/chart/?symbol=AMEX%3APBJ,False,,-78.73927196980033,-74.5689046568183,45.34000015258789,45.119998931884766,46.41799893188477,0.04000022194602273,-36.39090879582992,25.126693406661428,False,True,False,False,,
907,SIXY,SIXY.TO,TSX:SIXY,TSX,Evolve Big Six Canadian Banks Ultrayield Index ETF,0.091,Financials,1.33X Long,125216.55,,https://www.tradingview.com/chart/?symbol=TSX%3ASIXY,False,,-9.16982616292154,-6.652329053388068,30.079999923706055,24.8799991607666,26.671239646911623,0.685111904038527,22.447692255738882,,False,False,False,False,,
908,ENOR,ENOR,AMEX:ENOR,US,iShares MSCI Norway ETF,0.09,Focused Region,Long,21794.65,,https://www.tradingview.com/chart/?symbol=AMEX%3AENOR,True,2026-09-25 13:30,-70.39880940693386,-70.36642880005705,36.0099983215332,31.190000534057617,32.80188051605224,0.7057097864300103,47.86960263067086,75.1257132097748,False,False,False,False,,
909,DIG,DIG,AMEX:DIG,US,ProShares Ultra Energy,0.088,Trading--Leveraged Equity,2X Long,29343.7,,https://www.tradingview.com/chart/?symbol=AMEX%3ADIG,False,,-61.70934100969817,-52.51575835503161,65.80999755859375,48.5099983215332,54.55631806945801,0.6752537064133223,56.83882081153367,68.21678329984472,False,False,False,False,,
910,ENZL,ENZL,AMEX:ENZL,US,iShares MSCI New Zealand ETF,0.084,Focused Region,Long,89030.95,,https://www.tradingview.com/chart/?symbol=AMEX%3AENZL,False,,-21.182606656175295,-21.182606656175295,45.34000015258789,41.810001373291016,43.51628126525879,0.4882432922264063,30.63798644506022,39.19469409321116,False,False,False,False,,
911,LABD,LABD,AMEX:LABD,US,Direxion Daily S&P Biotech Bear 3X ETF,0.083,Trading--Inverse Equity,-3X Short,18828074.3,,https://www.tradingview.com/chart/?symbol=AMEX%3ALABD,False,,-26.755756022724878,12.945639556343544,7.420000076293945,5.864999771118164,9.48759986114502,0.10130294895972462,-49.24579685745232,-52.90462176834598,False,True,False,False,,
912,XUDV,XUDV,AMEX:XUDV,US,Franklin U.S. Dividend Booster Index ETF,0.082,Large Value,Long,8600.8,,https://www.tradingview.com/chart/?symbol=AMEX%3AXUDV,True,2026-09-25 09:30,-74.98375195337411,-73.22961015193427,32.136199951171875,27.620800018310547,29.127093353271484,0.7074547562695738,47.14602005993845,,False,False,False,False,,
913,OILU,OILU,AMEX:OILU,US,MicroSectors Oil & Gas Exp. & Prod. 3x Leveraged ETN,0.082,Trading--Leveraged Equity,3X Long,84198.4,,https://www.tradingview.com/chart/?symbol=AMEX%3AOILU,False,,-65.58789856061762,-50.35778345006393,47.43000030517578,31.645000457763672,38.19282020568848,0.5689313553828206,48.89561110187069,44.29100028797118,False,False,False,False,,
914,TECS,TECS,AMEX:TECS,US,Direxion Daily Technology Bear 3X ETF,0.076,Trading--Inverse Equity,-3X Short,335107.5,,https://www.tradingview.com/chart/?symbol=AMEX%3ATECS,False,,-66.31488845723723,-54.63157640210244,51.47999954223633,51.06999969482422,94.76068264770507,0.002214658994770364,-42.555745282727074,-51.37865253739534,False,True,False,False,,
915,DTEC,DTEC,AMEX:DTEC,US,ALPS Disruptive Technologies ETF,0.076,Technology,Long,7722.75,,https://www.tradingview.com/chart/?symbol=AMEX%3ADTEC,False,,2.0735568493865175,2.0735568493865175,51.3130989074707,42.03049850463867,44.8288455657959,0.7828527509959473,47.503710075060496,28.69012520319563,False,False,False,False,,
916,TSLR,TSLR,AMEX:TSLR,US,GraniteShares 2x Long TSLA Daily ETF,0.075,Trading--Leveraged Equity,2X Long,1450438.85,,https://www.tradingview.com/chart/?symbol=AMEX%3ATSLR,False,,43.15249545864314,43.15249545864314,17.264999389648438,11.595000267028809,15.719100131988526,0.32446347972984957,-33.86068912173416,,False,False,False,False,,
917,SLJY,SLJY,AMEX:SLJY,US,Amplify SILJ Junior Silver Miners Covered Call ETF,0.074,Derivative Income,Long,46679.5,,https://www.tradingview.com/chart/?symbol=AMEX%3ASLJY,False,,-33.03120693260582,-33.03120693260582,29.87809944152832,25.84000015258789,28.452520080566405,0.364778626943273,20.67694828382217,,False,False,False,False,,
918,SRTY,SRTY,AMEX:SRTY,US,ProShares UltraPro Short Russell2000,0.072,Trading--Inverse Equity,-3X Short,1406503.2,,https://www.tradingview.com/chart/?symbol=AMEX%3ASRTY,False,,20.098523613234693,48.61178602259705,25.610000610351562,20.5049991607666,26.130059394836426,0.21418087842063377,-3.6173713597609454,-55.68081192573009,False,True,False,False,,
919,LINT,LINT,AMEX:LINT,US,Direxion Daily INTC Bull 2X ETF,0.072,Trading--Leveraged Equity,2X Long,107226.25,,https://www.tradingview.com/chart/?symbol=AMEX%3ALINT,False,,62.99450627254971,62.99450627254971,168.91000366210938,28.440000534057617,84.50416040802001,0.5913032642020617,-10.734897211408194,,False,False,False,False,,
920,GXPS,GXPS,AMEX:GXPS,US,Global X PureCap MSCI Consumer Staples ETF,0.072,Consumer Defensive,Long,25714.1,,https://www.tradingview.com/chart/?symbol=AMEX%3AGXPS,False,,-33.273582814333686,-33.273582814333686,26.200000762939453,25.76919937133789,26.281508445739746,0.19845271828665567,-8.282598695970519,,False,True,False,False,,
921,MSOX,MSOX,AMEX:MSOX,US,AdvisorShares MSOS Daily Leveraged ETF,0.07,Trading--Leveraged Equity,2X Long,1629035.35,,https://www.tradingview.com/chart/?symbol=AMEX%3AMSOX,False,,36.83042666755312,36.83042666755312,3.1649999618530273,1.728700041770935,2.3768268094062805,0.5229945715343238,6.496218584473934,-29.03982902124179,False,False,False,False,,
922,SNOY,SNOY,AMEX:SNOY,US,YieldMax SNOW Option Income Strategy ETF,0.07,Derivative Income,Long,214690.5,,https://www.tradingview.com/chart/?symbol=AMEX%3ASNOY,False,,0.0488212388610734,0.0488212388610734,11.229999542236328,6.235000133514404,7.651023653030395,0.8324860740034209,58.42898885634761,,False,False,False,False,,
924,AMUU,AMUU,AMEX:AMUU,US,Direxion Daily AMD Bull 2X ETF,0.07,Trading--Leveraged Equity,2X Long,60120.85,,https://www.tradingview.com/chart/?symbol=AMEX%3AAMUU,False,,66.78465961398116,66.78465961398116,298.44000244140625,39.650001525878906,100.72444174194337,1.0,6.652986270866926,,False,False,False,False,,
926,ETHY,ETHY.TO,TSX:ETHY,TSX,Purpose Ether Yield ETF,0.066,"Long ETH, Short USD",Long,201340.5,,https://www.tradingview.com/chart/?symbol=TSX%3AETHY,False,,40.91950366832381,40.91950366832381,1.7000000476837158,1.0,1.2147599921226502,0.7692308498456764,51.50609406972915,-39.71141451007716,False,False,False,False,,
928,OZEM,OZEM,AMEX:OZEM,US,Roundhill GLP-1 & Weight Loss ETF,0.062,Health,Long,18690.8,,https://www.tradingview.com/chart/?symbol=AMEX%3AOZEM,False,,-9.488035878230503,-9.488035878230503,31.110000610351562,29.68000030517578,30.764986862182617,0.3110453948411069,7.029907292252453,,False,False,False,False,,
929,WNTR,WNTR,AMEX:WNTR,US,YieldMax MSTR Short Option Income Strategy ETF,0.062,Derivative Income,-1X Short,214958.8,,https://www.tradingview.com/chart/?symbol=AMEX%3AWNTR,False,,-69.40348062915918,-48.107540512077264,15.15999984741211,14.512999534606934,19.340851932525634,0.031627328517302516,-32.657273929473675,,False,True,False,False,,
930,SOFX,SOFX,AMEX:SOFX,US,Defiance Daily Target 2X Long SOFI ETF,0.061,Trading--Leveraged Equity,2X Long,1149098.6,,https://www.tradingview.com/chart/?symbol=AMEX%3ASOFX,False,,-48.67777369392187,-48.049680733801345,7.724999904632568,7.110000133514404,8.701819993972778,0.09117862491179926,-34.00997714888936,,False,True,False,False,,
931,TSLS,TSLS,AMEX:TSLS,US,Direxion Daily TSLA Bear 1X ETF,0.061,Trading--Inverse Equity,-1X Short,308186.2,,https://www.tradingview.com/chart/?symbol=AMEX%3ATSLS,False,,-65.02627270717521,-48.80370776528929,54.604698181152344,49.310001373291016,54.10788090515137,0.2604376450800064,-6.843948214648805,-26.980515017174486,False,False,False,False,,
933,TRUD,TRUD,AMEX:TRUD,US,VanEck Consumer Discretionary TruSector ETF,0.06,Consumer Cyclical,Long,48167.55,,https://www.tradingview.com/chart/?symbol=AMEX%3ATRUD,False,,-26.39273810865298,-26.39273810865298,24.940000534057617,22.969999313354492,24.023739349365233,0.4412096648107218,-19.463379294534462,,False,False,False,False,,
934,EMOP,EMOP,AMEX:EMOP,US,AB Emerging Markets Opportunities ETF,0.06,Diversified Emerging Mkts,Long,56353.5,,https://www.tradingview.com/chart/?symbol=AMEX%3AEMOP,False,,11.990804249820009,11.990804249820009,51.72999954223633,42.28670120239258,45.09351979064942,0.7940015851139136,29.978977717596816,,False,False,False,False,,
935,NIKL,NIKL,AMEX:NIKL,US,Sprott Nickel Miners ETF,0.059,Natural Resources,Long,53362.8,,https://www.tradingview.com/chart/?symbol=AMEX%3ANIKL,False,,-50.48217588774139,-50.48217588774139,13.960000038146973,12.277400016784668,13.703453540802002,0.2784563120203594,4.660161143257338,7.824347197803836,False,False,False,False,,
936,HIMZ,HIMZ,AMEX:HIMZ,US,Defiance Daily Target 2X Long HIMS ETF,0.056,Trading--Leveraged Equity,2X Long,350079.3,,https://www.tradingview.com/chart/?symbol=AMEX%3AHIMZ,False,,16.35223160794294,16.35223160794294,27.079999923706055,19.020000457763672,28.764440673828126,0.19520463277372738,-37.321339991651236,,False,True,False,False,,
937,NETL,NETL,AMEX:NETL,US,Colterpoint Net Lease Real Estate ETF,0.056,Real Estate,Long,21724.3,,https://www.tradingview.com/chart/?symbol=AMEX%3ANETL,True,2026-09-25 14:30,-65.50869875094395,-64.5951400236582,24.348899841308594,24.28499984741211,25.21845050048828,0.016155539138435544,-27.672028827565054,72.96758364487785,False,True,False,False,,
938,PSIL,PSIL,AMEX:PSIL,US,AdvisorShares Psychedelics ETF,0.056,Miscellaneous Sector,Long,45531.75,,https://www.tradingview.com/chart/?symbol=AMEX%3APSIL,False,,-57.94604443862756,-57.94604443862756,23.199800491333008,15.9399995803833,18.50295949935913,0.6684899761010614,47.78448280694486,74.14645638664173,False,False,False,False,,
939,GXPD,GXPD,AMEX:GXPD,US,Global X PureCap MSCI Consumer Discretionary ETF,0.054,Consumer Cyclical,Long,35618.2,,https://www.tradingview.com/chart/?symbol=AMEX%3AGXPD,False,,-29.136001462618285,-29.136001462618285,25.13010025024414,23.149999618530273,24.211999618530275,0.4400223626030816,-18.685072236486295,,False,False,False,False,,
940,FNGD,FNGD,AMEX:FNGD,US,MicroSectors FANG+ Index - 3X Inverse Leveraged ETN,0.053,Trading--Inverse Equity,-3X Short,360696.55,,https://www.tradingview.com/chart/?symbol=AMEX%3AFNGD,False,,-68.57534123582282,-53.13409302930916,23.875,23.610000610351562,38.349381042480466,0.004243045102540867,-52.95784030873346,-34.897121793965034,False,True,False,False,,
941,SEMY,SEMY,AMEX:SEMY,US,GraniteShares YieldBOOST Semiconductor ETF,0.053,Derivative Income,3X Long,122384.85,,https://www.tradingview.com/chart/?symbol=AMEX%3ASEMY,False,,-14.855885442688496,-14.855885442688496,12.515000343322754,12.390000343322754,13.728120136260987,0.022045858790582674,-10.11309696025468,,False,True,False,False,,
942,URSP,URSP,AMEX:URSP,US,ProShares Ultra S&P 500 Equal Weight,0.052,Trading--Leveraged Equity,2X Long,48112.3,,https://www.tradingview.com/chart/?symbol=AMEX%3AURSP,True,2026-09-25 10:30,-66.80494219257723,-66.72112028658175,47.44240188598633,38.94020080566406,42.33253515625,0.5914863476265187,24.83990935718577,,False,False,False,False,,
943,HDGE,HDGE,AMEX:HDGE,US,AdvisorShares Ranger Equity Bear ETF,0.051,Trading--Inverse Equity,Long,57450.05,,https://www.tradingview.com/chart/?symbol=AMEX%3AHDGE,False,,58.09778410396317,74.47907907620893,15.3100004196167,13.960000038146973,15.012560047149659,0.3026906659020166,-55.60032961338351,-32.021252357889466,False,False,False,False,,
944,MRAL,MRAL,AMEX:MRAL,US,GraniteShares 2x Long MARA Daily ETF,0.051,Trading--Leveraged Equity,2X Long,172149.75,,https://www.tradingview.com/chart/?symbol=AMEX%3AMRAL,False,,17.985025523618503,17.985025523618503,44.75,25.599700927734375,40.03117150878906,0.31316770911675124,-26.07361328020731,,False,False,False,False,,
946,KYLD,KYLD,AMEX:KYLD,US,Kurv High Income ETF,0.05,Derivative Income,Long,43894.1,,https://www.tradingview.com/chart/?symbol=AMEX%3AKYLD,False,,26.099427721840062,26.13932416069558,20.579999923706055,17.760099411010742,19.067515769958497,0.5090165167672404,2.0974676829313155,,False,False,False,False,,
947,UTSL,UTSL,AMEX:UTSL,US,Direxion Daily Utilities Bull 3X ETF,0.049,Trading--Leveraged Equity,3X Long,151863.9,,https://www.tradingview.com/chart/?symbol=AMEX%3AUTSL,True,2026-09-25 13:30,-75.83631941509468,-74.59948748552462,29.3700008392334,28.8351993560791,34.809492668151854,0.021126038416855866,-66.41092269797916,13.632888966294827,False,True,True,True,HIGH,FULL PASS
948,NVD,NVD,AMEX:NVD,US,GraniteShares 2x Short NVDA Daily ETF,0.048,Trading--Inverse Equity,-2X Short,83503787.5,,https://www.tradingview.com/chart/?symbol=AMEX%3ANVD,False,,-47.434688070785,-26.33258790687464,3.734999895095825,3.589400053024292,4.750661694526672,0.029589854259223287,-58.59529546435433,,False,True,False,False,,
949,SMCL,SMCL,AMEX:SMCL,US,GraniteShares 2x Long SMCI Daily ETF,0.048,Trading--Leveraged Equity,2X Long,924196.8,,https://www.tradingview.com/chart/?symbol=AMEX%3ASMCL,False,,37.40096234729166,49.57710506920711,21.399999618530273,7.820000171661377,16.956347578048707,0.3507834944214676,12.247608489556468,,False,False,False,False,,
950,DXD,DXD,AMEX:DXD,US,ProShares UltraShort Dow30,0.047,Trading--Inverse Equity,-2X Short,1441035.75,,https://www.tradingview.com/chart/?symbol=AMEX%3ADXD,False,,32.495745319190696,40.05659305557809,17.510000228881836,15.885000228881836,17.604260192871095,0.22306108909216488,-20.215715844443782,-63.09515145971394,False,True,False,False,,
951,TWM,TWM,AMEX:TWM,US,ProShares UltraShort Russell2000,0.045,Trading--Inverse Equity,-2X Short,597558.4,,https://www.tradingview.com/chart/?symbol=AMEX%3ATWM,False,,20.21603265022572,48.49711929134637,23.440000534057617,20.170000076293945,23.268679878234863,0.24904803250366325,-0.9428394741271114,-60.65023514007172,False,False,False,False,,
952,LLYX,LLYX,AMEX:LLYX,US,Defiance Daily Target 2X Long LLY ETF,0.044,Trading--Leveraged Equity,2X Long,293536.15,,https://www.tradingview.com/chart/?symbol=AMEX%3ALLYX,False,,47.71291604237422,57.13815397932055,25.670000076293945,14.5600004196167,18.35134032058716,0.6915655117877176,0.6253931602526718,,False,False,False,False,,
953,CRCO,CRCO,AMEX:CRCO,US,YieldMax CRCL Option Income Strategy ETF,0.042,Derivative Income,Long,99921.1,,https://www.tradingview.com/chart/?symbol=AMEX%3ACRCO,False,,-15.397662302311943,-15.397662302311943,14.079999923706055,12.078399658203125,16.74567723083496,0.10121053554402634,20.507970144779318,,False,True,False,False,,
954,MARO,MARO,AMEX:MARO,US,YieldMax MARA Option Income Strategy ETF,0.042,Derivative Income,Long,370811.8,,https://www.tradingview.com/chart/?symbol=AMEX%3AMARO,False,,6.2564854972893755,6.2564854972893755,4.25,3.799999952316284,4.531599986076355,0.14516129900587918,-20.335487675123815,,False,True,False,False,,
955,AIYY,AIYY,AMEX:AIYY,US,YieldMax AI Option Income Strategy ETF,0.042,Derivative Income,Long,75212.2,,https://www.tradingview.com/chart/?symbol=AMEX%3AAIYY,False,,-51.95675014238347,-51.95675014238347,7.389999866485596,7.114999771118164,8.046019924163819,0.06970850447695022,16.269674332169014,,False,True,False,False,,
956,DRN,DRN,AMEX:DRN,US,Direxion Daily Real Estate Bull 3X ETF,0.041,Trading--Leveraged Equity,3X Long,1263538.95,,https://www.tradingview.com/chart/?symbol=AMEX%3ADRN,False,,-78.4058934515532,-78.4058934515532,8.694999694824219,8.100000381469727,9.046383842468261,0.1483752027994047,-40.39345877208279,32.912318730470716,False,True,False,False,,
957,LITP,LITP,AMEX:LITP,US,Sprott Lithium Miners ETF,0.041,Natural Resources,Long,52431.55,,https://www.tradingview.com/chart/?symbol=AMEX%3ALITP,False,,-53.61950421611831,-53.61950421611831,9.54010009765625,9.54010009765625,11.567316276550294,0.0,-42.81749505042547,29.488666069421615,False,True,False,False,,
958,NFLY,NFLY,AMEX:NFLY,US,YieldMax NFLX Option Income Strategy ETF,0.039,Derivative Income,Long,54688.35,,https://www.tradingview.com/chart/?symbol=AMEX%3ANFLY,False,,-63.26670472130174,-54.630348247017515,6.939700126647949,6.934999942779541,8.064260019302369,0.0009822745140870242,-28.954855804541285,,False,True,False,False,,
959,RGTX,RGTX,AMEX:RGTX,US,Defiance Daily Target 2X Long RGTI ETF,0.038,Trading--Leveraged Equity,2X Long,773269.7,,https://www.tradingview.com/chart/?symbol=AMEX%3ARGTX,False,,35.66041986053256,44.8832264345156,10.579999923706055,7.829999923706055,15.832760337829589,0.08109701733099786,-43.56524427833394,,False,True,False,False,,
960,SARK,SARK,AMEX:SARK,US,Tradr 1X Short Innovation Daily ETF,0.038,Trading--Inverse Equity,-1X Short,137699.1,,https://www.tradingview.com/chart/?symbol=AMEX%3ASARK,False,,-61.31324333129547,-48.91593264265662,23.290000915527344,23.030000686645508,25.944600776672363,0.021052649461610323,-55.00243370398007,-44.6407463311267,False,True,False,False,,
961,QPUX,QPUX,AMEX:QPUX,US,Defiance 2X Daily Long Pure Quantum ETF,0.036,Trading--Leveraged Equity,2X Long,203751.1,,https://www.tradingview.com/chart/?symbol=AMEX%3AQPUX,False,,29.64936549167838,40.728231467857825,14.03499984741211,11.649999618530273,21.290599708557128,0.05838433798310841,-46.44489768335208,,False,True,False,False,,
963,VUSG,VUSG,AMEX:VUSG,US,Vanguard Wellington U.S. Growth Active ETF,0.036,Large Growth,Long,36312.25,,https://www.tradingview.com/chart/?symbol=AMEX%3AVUSG,False,,37.83024847137492,39.01467149997227,67.19999694824219,52.779998779296875,56.294038635253905,0.9684351081283542,38.20748578113755,,False,False,False,False,,
964,PLTZ,PLTZ,AMEX:PLTZ,US,Defiance Daily Target 2x Short PLTR ETF,0.035,Trading--Inverse Equity,-2X Short,4643111.9,,https://www.tradingview.com/chart/?symbol=AMEX%3APLTZ,False,,-74.56568205707019,-69.37212121949649,7.732900142669678,7.474999904632568,15.963919855117798,0.007169870434845928,-65.70127987883053,,False,True,True,False,,"WATCH: weekly+band ok, waiting on 4h dot"
965,SSG,SSG,AMEX:SSG,US,Proshares Ultrashort Semiconductors,0.035,Trading--Inverse Equity,-2X Short,440839.1,,https://www.tradingview.com/chart/?symbol=AMEX%3ASSG,False,,-56.82061273947687,-48.83223979902291,10.5,10.4399995803833,15.90811982345581,0.002589573454877892,-38.46905014407108,-38.49678333762511,False,True,False,False,,
966,PALU,PALU,AMEX:PALU,US,Direxion Daily PANW Bull 2X ETF,0.035,Trading--Leveraged Equity,2X Long,140052.65,,https://www.tradingview.com/chart/?symbol=AMEX%3APALU,False,,28.586716345907572,48.35830333575344,55.834999084472656,10.48009967803955,23.781035289764404,0.804737093117178,36.416881420918536,,False,False,False,False,,
968,NVOX,NVOX,AMEX:NVOX,US,Defiance Daily Target 2X Long NVO ETF,0.034,Trading--Leveraged Equity,2X Long,335161.5,,https://www.tradingview.com/chart/?symbol=AMEX%3ANVOX,False,,-72.60868125987427,-62.72124596430847,9.875,9.289999961853027,11.444349590301513,0.06408430979799376,-38.49758415189983,,False,True,False,False,,
969,PLTD,PLTD,AMEX:PLTD,US,Direxion Dailly PLTR Bear 1X ETF,0.031,Trading--Inverse Equity,-1X Short,26909584.25,,https://www.tradingview.com/chart/?symbol=AMEX%3APLTD,False,,-77.10690780019893,-71.19126051547812,4.715000152587891,4.630099773406982,5.824259759902954,0.01677873125316105,-54.39130483684863,,False,True,False,False,,
970,ONDL,ONDL,AMEX:ONDL,US,Defiance Daily Target 2X Long ONDS ETF,0.031,Trading--Leveraged Equity,2X Long,1426418.55,,https://www.tradingview.com/chart/?symbol=AMEX%3AONDL,False,,30.42476466984993,39.25270103939425,5.730000019073486,5.099999904632568,10.293179819107056,0.028629862522893547,-47.42073314660454,,False,True,False,False,,
971,AAPD,AAPD,AMEX:AAPD,US,Direxion Daily AAPL Bear 1X ETF,0.03,Trading--Inverse Equity,-1X Short,10098550.55,,https://www.tradingview.com/chart/?symbol=AMEX%3AAAPD,False,,-66.42708428505343,-50.618604261699375,10.05840015411377,10.03499984741211,11.06277996444702,0.005373204141683359,-55.12935427984172,-64.69534499868222,False,True,False,False,,
972,AVS,AVS,AMEX:AVS,US,Direxion Daily AVGO Bear 1X ETF,0.029,Trading--Inverse Equity,-1X Short,12383967.8,,https://www.tradingview.com/chart/?symbol=AMEX%3AAVS,False,,-30.129399338856008,2.070265149313521,8.199999809265137,6.399899959564209,7.4501236591339115,0.40450769174555645,20.376617723802315,,False,False,False,False,,
973,TSDD,TSDD,AMEX:TSDD,US,GraniteShares 2x Short TSLA Daily ETF,0.029,Trading--Inverse Equity,-2X Short,5989536.7,,https://www.tradingview.com/chart/?symbol=AMEX%3ATSDD,False,,-62.745405300298785,-46.41052188696589,7.414999961853027,6.73960018157959,8.089614547729493,0.11806863107620626,-23.635097797495224,,False,True,False,False,,
975,OILD,OILD,AMEX:OILD,US,MicroSectors Oil & Gas Exp. & Prod. - 3x Inverse Leveraged ETN,0.028,Trading--Inverse Equity,-3X Short,60377.55,,https://www.tradingview.com/chart/?symbol=AMEX%3AOILD,False,,46.19577051248461,47.62549887674416,30.850000381469727,25.881000518798828,32.48640414428711,0.17753403638580004,-55.64550252233186,-64.81233951301195,False,True,False,False,,
977,RETL,RETL,AMEX:RETL,US,Direxion Daily Retail Bull 3X ETF,0.027,Trading--Leveraged Equity,3X Long,269679.7,,https://www.tradingview.com/chart/?symbol=AMEX%3ARETL,False,,-42.81307372595909,-42.124050473175856,7.175000190734863,6.820000171661377,7.669600149154663,0.0986111190216043,-25.917947860686528,6.313862428914213,False,True,False,False,,
978,EEMO,EEMO,AMEX:EEMO,US,Invesco S&P Emerging Markets Momentum ETF,0.027,Diversified Emerging Mkts,Long,48464.3,,https://www.tradingview.com/chart/?symbol=AMEX%3AEEMO,False,,21.870340649566845,25.075312255870745,23.057100296020508,16.239500045776367,18.51937794494629,0.7057192227897026,23.118749040543364,71.27793096404797,False,False,False,False,,
979,SHHI,SHHI.TO,TSX:SHHI,TSX,Ninepoint Shopify HighShares ETF,0.027,Information Technology,1.25X Long,20387.4,,https://www.tradingview.com/chart/?symbol=TSX%3ASHHI,False,,32.85134419532162,43.00159402670537,7.46999979019165,5.25,6.0252599639892575,0.6757990542801834,36.18343251681995,,False,False,False,False,,
980,LNOK,LNOK,AMEX:LNOK,US,Defiance Daily Target 2X Long NOK ETF,0.026,Trading--Leveraged Equity,2X Long,116961.65,,https://www.tradingview.com/chart/?symbol=AMEX%3ALNOK,False,,-16.37642934426557,-16.37642934426557,16.829999923706055,9.327500343322754,20.525110622406004,0.15812212220654434,-30.61237046320529,,False,True,False,False,,
981,LUNL,LUNL,AMEX:LUNL,US,Defiance Daily Target 2X Long LUNR ETF,0.024,Trading--Leveraged Equity,2X Long,782018.75,,https://www.tradingview.com/chart/?symbol=AMEX%3ALUNL,False,,25.88938233908509,32.14115572255176,4.0,2.5299999713897705,14.735919978141784,0.028422274319355408,-35.10047356974692,,False,True,False,False,,
982,QCMU,QCMU,AMEX:QCMU,US,Direxion Daily QCOM Bull 2X ETF,0.024,Trading--Leveraged Equity,2X Long,102140.7,,https://www.tradingview.com/chart/?symbol=AMEX%3AQCMU,False,,48.230765533040916,51.90204206545352,27.389999389648438,13.34000015258789,21.85724018859863,0.38930449370067594,-15.190680408870577,,False,False,False,False,,
983,MST,MST,AMEX:MST,US,Defiance Leveraged Long Income MSTR ETF,0.024,Trading--Miscellaneous,Long,147781.9,,https://www.tradingview.com/chart/?symbol=AMEX%3AMST,False,,33.29197435134568,33.29197435134568,15.739999771118164,6.644999980926514,14.316180345535278,0.2798030874606738,5.535041455197366,,False,False,False,False,,
984,RIOX,RIOX,AMEX:RIOX,US,Defiance Daily Target 2X Long RIOT ETF,0.023,Trading--Leveraged Equity,2X Long,436635.3,,https://www.tradingview.com/chart/?symbol=AMEX%3ARIOX,False,,22.260863852353893,22.260863852353893,30.25,13.550000190734863,26.50404072189331,0.30424483739314967,-25.710371700940186,,False,False,False,False,,
985,PILL,PILL,AMEX:PILL,US,Direxion Daily Pharmaceutical & Medical Bull 3X ETF,0.023,Trading--Leveraged Equity,3X Long,52693.15,,https://www.tradingview.com/chart/?symbol=AMEX%3APILL,False,,-42.10648797200441,-42.10648797200441,16.770000457763672,8.90999984741211,12.480680099487305,0.5194976903812403,35.358978777796175,76.24900134877213,False,False,False,False,,
987,MUD,MUD,AMEX:MUD,US,Direxion Daily MU Bear 1X ETF,0.022,Trading--Inverse Equity,-1X Short,6152946.65,,https://www.tradingview.com/chart/?symbol=AMEX%3AMUD,False,,-60.20558098119144,-53.09176012385228,8.949999809265137,8.838500022888184,17.587373981475828,0.0030076955856852767,-21.584275997716077,,False,True,False,False,,
988,HIBS,HIBS,AMEX:HIBS,US,Direxion Daily S&P 500 High Beta Bear 3X ETF,0.022,Trading--Inverse Equity,-3X Short,162193.6,,https://www.tradingview.com/chart/?symbol=AMEX%3AHIBS,False,,-54.68906046129795,-47.76412851163328,16.395000457763672,16.29010009765625,25.213236114501953,0.002774415288371105,-39.08223891692521,-48.10648783579635,False,True,False,False,,
989,AMDD,AMDD,AMEX:AMDD,US,Direxion Daily AMD Bear 1X ETF,0.021,Trading--Inverse Equity,-1X Short,336148.95,,https://www.tradingview.com/chart/?symbol=AMEX%3AAMDD,False,,-80.7596484646985,-63.1758259455238,21.850000381469727,21.850000381469727,38.80659957122803,0.0,-38.67377782402817,,False,True,False,False,,
990,NVDD,NVDD,AMEX:NVDD,US,Direxion Daily NVDA Bear 1X ETF,0.02,Trading--Inverse Equity,-1X Short,193804.2,,https://www.tradingview.com/chart/?symbol=AMEX%3ANVDD,False,,-52.5070052131826,-38.31885292330461,29.174999237060547,28.609899520874023,31.909203269958496,0.0404217202059758,-53.256792050205725,,False,True,False,False,,
991,MRNX,MRNX,AMEX:MRNX,US,Defiance Daily Target 2X Long MRNA ETF,0.02,Trading--Leveraged Equity,2X Long,610817.75,,https://www.tradingview.com/chart/?symbol=AMEX%3AMRNX,False,,79.46877840847372,79.5725602251718,150.28500366210938,18.829999923706055,49.85338080596924,1.0,63.3881798101493,,False,False,False,False,,
993,ULTI,ULTI,AMEX:ULTI,US,REX IncomeMax Option Strategy ETF,0.02,Derivative Income,Long,85407.25,,https://www.tradingview.com/chart/?symbol=AMEX%3AULTI,False,,24.06993967518152,24.06993967518152,6.940000057220459,6.050000190734863,8.326999031066894,0.09224421408136187,-47.18429513446367,,False,True,False,False,,
996,ELIL,ELIL,AMEX:ELIL,US,Direxion Daily LLY Bull 2X ETF,0.017,Trading--Leveraged Equity,2X Long,83371.1,,https://www.tradingview.com/chart/?symbol=AMEX%3AELIL,False,,44.88316337404718,55.349722044158966,28.950000762939453,16.3799991607666,20.651599250793456,0.6944752120028499,2.512713654475595,,False,False,False,False,,
997,TSXU,TSXU,AMEX:TSXU,US,Direxion Daily Semiconductors Top 5 Bull 2X ETF,0.017,Trading--Leveraged Equity,2X Long,162947.5,,https://www.tradingview.com/chart/?symbol=AMEX%3ATSXU,False,,40.65203063581973,40.65203063581973,62.419898986816406,23.726499557495117,34.90428479766845,0.8169455817150961,20.07581515731097,,False,False,False,False,,
998,HOOX,HOOX,AMEX:HOOX,US,Defiance Daily Target 2X Long HOOD ETF,0.016,Trading--Leveraged Equity,2X Long,40271.7,,https://www.tradingview.com/chart/?symbol=AMEX%3AHOOX,False,,21.349810679124307,21.349810679124307,41.060001373291016,17.149900436401367,24.015164329528808,0.8219325446112474,36.76890158394989,,False,False,False,False,,
999,BMNZ,BMNZ,AMEX:BMNZ,US,Defiance Daily Target 2X Short BMNR ETF,0.015,Trading--Inverse Equity,-2X Short,2879018.15,,https://www.tradingview.com/chart/?symbol=AMEX%3ABMNZ,False,,-57.92500239549421,-45.30711934825636,3.9700000286102295,3.680000066757202,10.136960267066955,0.010599413481599476,-57.480242843586666,,False,True,False,False,,
1000,HODU,HODU,AMEX:HODU,US,Direxion Daily HOOD Bull 2X ETF,0.013,Trading--Leveraged Equity,2X Long,146865.2,,https://www.tradingview.com/chart/?symbol=AMEX%3AHODU,False,,16.478762382379788,16.478762382379788,14.989999771118164,6.165599822998047,8.682634117126465,0.8273857819952677,37.84800794898042,,False,False,False,False,,
1001,HIYY,HIYY,AMEX:HIYY,US,YieldMax HIMS Option Income Strategy ETF,0.013,Derivative Income,Long,62499.15,,https://www.tradingview.com/chart/?symbol=AMEX%3AHIYY,False,,14.890379161697822,14.890379161697822,11.687100410461426,11.220000267028809,13.06316036605835,0.05980795369221525,-18.287439382598933,,False,True,False,False,,
1002,VSTL,VSTL,AMEX:VSTL,US,Defiance Daily Target 2X Long VST ETF,0.013,Trading--Leveraged Equity,2X Long,110140.7,,https://www.tradingview.com/chart/?symbol=AMEX%3AVSTL,True,2026-09-25 13:30,-60.6701570433415,-60.6701570433415,20.104999542236328,19.434999465942383,23.89657962799072,0.03544036244162812,-53.347867983258645,,False,True,False,False,,"NEAR: 4h+band ok, weekly shallow"
1004,UGE,UGE,AMEX:UGE,US,ProShares Ultra Consumer Staples,0.01,Trading--Leveraged Equity,2X Long,30741.05,,https://www.tradingview.com/chart/?symbol=AMEX%3AUGE,False,,-63.42239550861348,-63.42239550861348,17.989999771118164,17.86590003967285,18.47574781036377,0.048024339890449824,-13.398385515727734,29.444603688608527,False,True,False,False,,
1005,AVXX,AVXX,AMEX:AVXX,US,Defiance Daily Target 2x Long AVAV ETF,0.009,Trading--Leveraged Equity,2X Long,120665.15,,https://www.tradingview.com/chart/?symbol=AMEX%3AAVXX,False,,-13.799414473064926,-13.799414473064926,24.364999771118164,21.290000915527344,33.75316033935547,0.058227589429047925,-39.15967412270626,,False,True,False,False,,
1006,SOFA,SOFA,AMEX:SOFA,US,Direxion Daily SOFI Bull 2X ETF,0.009,Trading--Leveraged Equity,2X Long,55486.85,,https://www.tradingview.com/chart/?symbol=AMEX%3ASOFA,False,,-49.65232447051776,-48.5861397814868,11.670000076293945,10.489999771118164,12.711939987182618,0.12533193737981577,-28.777775569444845,,False,True,False,False,,
1007,SOUX,SOUX,AMEX:SOUX,US,Defiance Daily Target 2X Long SOUN ETF,0.009,Trading--Leveraged Equity,2X Long,73120.8,,https://www.tradingview.com/chart/?symbol=AMEX%3ASOUX,False,,-34.41118774347739,-29.07791346481331,8.4399995803833,8.0600004196167,13.24138017654419,0.01730809285326294,-46.45876004949364,,False,True,False,False,,
1008,SHPU,SHPU,AMEX:SHPU,US,Direxion Daily SHOP Bull 2X ETF,0.008,Trading--Leveraged Equity,2X Long,97729.25,,https://www.tradingview.com/chart/?symbol=AMEX%3ASHPU,False,,29.45223743715354,36.54558246565622,15.319999694824219,8.21500015258789,11.01041999053955,0.5998311485105692,22.693081399492087,,False,False,False,False,,
1009,QSU,QSU,AMEX:QSU,US,Defiance Daily Target 2X Long QS ETF,0.008,Trading--Leveraged Equity,2X Long,50339.8,,https://www.tradingview.com/chart/?symbol=AMEX%3AQSU,True,2026-09-25 09:30,-58.914485770894395,-56.0529586135956,4.53000020980835,4.5,23.91336050415039,0.00036469984232028564,-52.30655702477757,,False,True,False,False,,"NEAR: 4h+band ok, weekly shallow"
1010,METD,METD,AMEX:METD,US,Direxion Daily META Bear 1X ETF,0.007,Trading--Inverse Equity,-1X Short,571804.95,,https://www.tradingview.com/chart/?symbol=AMEX%3AMETD,False,,-77.57070957086141,-66.61051992397658,12.414999961853027,12.020000457763672,13.767580169677734,0.05334227808297651,-32.624761828221175,,False,True,False,False,,
1011,RCAX,RCAX,AMEX:RCAX,US,Defiance Daily Target 2x Long RCAT ETF,0.007,Trading--Leveraged Equity,2X Long,65995.75,,https://www.tradingview.com/chart/?symbol=AMEX%3ARCAX,False,,-60.564098478017904,-51.40044632501262,8.949999809265137,8.850000381469727,37.72342201995849,0.0008173560188051204,-50.91966263357215,,False,True,False,False,,
1012,PLU,PLU,AMEX:PLU,US,Defiance Daily Target 2x Long PL ETF,0.006,Trading--Leveraged Equity,2X Long,235364.75,,https://www.tradingview.com/chart/?symbol=AMEX%3APLU,False,,-6.224823954073869,26.030629083017743,5.170000076293945,4.489999771118164,20.060098960876466,0.010306939606848808,-40.58242067349167,,False,True,False,False,,
1014,DWSH,DWSH,AMEX:DWSH,US,AdvisorShares Dorsey Wright Short ETF,0.006,Trading--Inverse Equity,-1X Short,16415.35,,https://www.tradingview.com/chart/?symbol=AMEX%3ADWSH,False,,56.42519783679192,65.34373481068194,5.95989990234375,5.340000152587891,5.672760116577148,0.43964526017049804,-49.903681765363,-58.67930156398762,False,False,False,False,,
1015,BABU,BABU,AMEX:BABU,US,Direxion Daily BABA Bull 2X ETF,0.006,Trading--Leveraged Equity,2X Long,108930.4,,https://www.tradingview.com/chart/?symbol=AMEX%3ABABU,False,,-10.905819030246633,-10.905819030246633,9.09000015258789,7.321000099182129,9.770444255828856,0.17044030641437133,-37.72382503886014,,False,True,False,False,,
1016,RGTZ,RGTZ,AMEX:RGTZ,US,Defiance Daily Target 2x Short RGTI ETF,0.005,Trading--Inverse Equity,-2X Short,921261.3,,https://www.tradingview.com/chart/?symbol=AMEX%3ARGTZ,False,,-52.42033423661138,-51.92660663731681,13.949999809265137,12.75,49.47159783935547,0.007712081490175781,-36.811681321509774,,False,True,False,False,,
1018,WTID,WTID,AMEX:WTID,US,MicroSectors Energy 3X Inverse Leveraged ETNs,0.005,Trading--Inverse Commodities,-3X Short,70880.9,,https://www.tradingview.com/chart/?symbol=AMEX%3AWTID,False,,42.15631821005826,42.15631821005826,2.8550000190734863,2.380000114440918,3.2083600559234617,0.1353276177173138,-60.57586953548341,-66.33631106504578,False,True,True,False,,
1019,TBXU,TBXU,AMEX:TBXU,US,Direxion Daily Biotech Top 5 Bull 2X ETF,0.005,Trading--Leveraged Equity,2X Long,8286.35,,https://www.tradingview.com/chart/?symbol=AMEX%3ATBXU,False,,-41.90082150697918,-1.597052911457513,40.530601501464844,27.11840057373047,31.538019668579103,0.7161882847855964,63.7652228722908,,False,False,False,False,,
1024,IONZ,IONZ,AMEX:IONZ,US,Defiance Daily Target 2x Short IONQ ETF,0.002,Trading--Inverse Equity,-2X Short,1059962.05,,https://www.tradingview.com/chart/?symbol=AMEX%3AIONZ,False,,-68.18825404637181,-68.18825404637181,19.010000228881836,18.499000549316406,85.18103353881835,0.0018085220106655619,-32.579384481904185,,False,True,False,False,,
1033,SMCZ,SMCZ,AMEX:SMCZ,US,Defiance Daily Target 2X Short SMCI ETF,0.0,Trading--Inverse Equity,-2X Short,2707890.4,,https://www.tradingview.com/chart/?symbol=AMEX%3ASMCZ,False,,-49.72390838891124,-49.72390838891124,4.199999809265137,4.199999809265137,31.920560718536375,0.0,-48.57172897474161,,False,True,False,False,,
1036,QBTZ,QBTZ,AMEX:QBTZ,US,Defiance Daily Target 2x Short QBTS ETF,0.0,Trading--Inverse Equity,-2X Short,669669.35,,https://www.tradingview.com/chart/?symbol=AMEX%3AQBTZ,False,,-45.47992572528515,-33.346482723412535,15.399999618530273,14.049999237060547,85.66419941711425,0.00444883960479661,-31.095610322761832,,False,True,False,False,,
1062,RKLZ,RKLZ,AMEX:RKLZ,US,Defiance Daily Target 2x Short RKLB ETF,0.0,Trading--Inverse Equity,-2X Short,878099.65,,https://www.tradingview.com/chart/?symbol=AMEX%3ARKLZ,True,2026-09-25 09:30,-76.4354947651654,-70.02466847655292,14.020000457763672,8.450000762939453,44.876601303100585,0.036086813166362544,-20.43476943482642,,False,True,False,False,,
