tv,label,link,gold_any,fired,bar,wt2_at_confirm,wt2_now,rsi,close,last_bar
NYSE:CNA,equity,https://www.tradingview.com/chart/?symbol=NYSE%3ACNA,False,False,,,-63.68477637645651,30.756623377647387,47.564998626708984,2026-09-09 12:30
NYSE:RNR,equity,https://www.tradingview.com/chart/?symbol=NYSE%3ARNR,False,False,,,-54.31189161212789,32.70892472071645,322.510009765625,2026-09-09 12:30
NASDAQ:LAMR,equity,https://www.tradingview.com/chart/?symbol=NASDAQ%3ALAMR,False,False,,,-81.6159286462104,32.683228634427266,148.89500427246094,2026-09-09 12:30
NASDAQ:FWONA,equity,https://www.tradingview.com/chart/?symbol=NASDAQ%3AFWONA,False,False,,,-30.001480531930067,40.139829758383904,87.91000366210938,2026-09-09 12:30
NYSE:TAK,equity,https://www.tradingview.com/chart/?symbol=NYSE%3ATAK,False,False,,,-52.592420930043545,37.57933398021371,18.25510025024414,2026-09-09 12:30
NYSE:IX,equity,https://www.tradingview.com/chart/?symbol=NYSE%3AIX,False,False,,,-48.54251467088799,35.71896694958197,39.099998474121094,2026-09-09 12:30
NASDAQ:REG,equity,https://www.tradingview.com/chart/?symbol=NASDAQ%3AREG,False,False,,,-22.283362692777217,42.85959195860909,75.43499755859375,2026-09-09 12:30
NYSE:STE,equity,https://www.tradingview.com/chart/?symbol=NYSE%3ASTE,False,False,,,-66.72142098383439,23.030178988560152,216.2550048828125,2026-09-09 12:30
NASDAQ:SEIC,equity,https://www.tradingview.com/chart/?symbol=NASDAQ%3ASEIC,False,False,,,-85.4741748404967,26.521606295174905,107.22000122070312,2026-09-09 12:30
NYSE:MKL,equity,https://www.tradingview.com/chart/?symbol=NYSE%3AMKL,False,False,,,-63.37086648513741,31.235171854463047,1782.6300048828125,2026-09-09 12:30
NASDAQ:SSNC,equity,https://www.tradingview.com/chart/?symbol=NASDAQ%3ASSNC,False,False,,,-68.31453567518595,28.926883573948572,79.31500244140625,2026-09-09 12:30
NYSE:AFG,equity,https://www.tradingview.com/chart/?symbol=NYSE%3AAFG,False,False,,,-68.92446639705412,28.768459512676174,140.39999389648438,2026-09-09 12:30
NASDAQ:FCNCA,equity,https://www.tradingview.com/chart/?symbol=NASDAQ%3AFCNCA,False,False,,,-72.37523083402014,29.29965813681322,2128.919921875,2026-09-09 12:30
NASDAQ:EWBC,equity,https://www.tradingview.com/chart/?symbol=NASDAQ%3AEWBC,False,False,,,-59.158091187128576,32.97110251679578,127.9800033569336,2026-09-09 12:30
NASDAQ:UMBF,equity,https://www.tradingview.com/chart/?symbol=NASDAQ%3AUMBF,False,False,,,-45.66181405892556,38.29429973055493,141.4250030517578,2026-09-09 12:30
NYSE:CSL,equity,https://www.tradingview.com/chart/?symbol=NYSE%3ACSL,False,False,,,-43.53757120409099,35.99305167308118,339.0400085449219,2026-09-09 12:30
NYSE:AME,equity,https://www.tradingview.com/chart/?symbol=NYSE%3AAME,False,False,,,1.6775657081898967,50.294851506731135,237.02499389648438,2026-09-09 12:30
NYSE:BNT,equity,https://www.tradingview.com/chart/?symbol=NYSE%3ABNT,False,False,,,-58.83275161294472,26.670664862872954,38.79499816894531,2026-09-09 11:30
NASDAQ:WTFC,equity,https://www.tradingview.com/chart/?symbol=NASDAQ%3AWTFC,False,False,,,-63.1335073800224,30.165498169509448,150.3000030517578,2026-09-09 12:30
NYSE:SUNB,equity,https://www.tradingview.com/chart/?symbol=NYSE%3ASUNB,False,False,,,88.9105211644128,69.7536841633559,75.17500305175781,2026-09-09 12:30
NASDAQ:WSE,equity,https://www.tradingview.com/chart/?symbol=NASDAQ%3AWSE,False,False,,,-54.41435831271894,36.89721875869634,12.46500015258789,2026-09-09 12:30
NYSE:ALC,equity,https://www.tradingview.com/chart/?symbol=NYSE%3AALC,False,False,,,-59.68279775644677,22.882147039967947,68.77999877929688,2026-09-09 12:30
NYSE:ITT,equity,https://www.tradingview.com/chart/?symbol=NYSE%3AITT,False,False,,,-63.693964353454994,37.161064933444706,199.14999389648438,2026-09-09 12:30
NYSE:PS,equity,https://www.tradingview.com/chart/?symbol=NYSE%3APS,False,False,,,-0.5476480828752415,38.02091973225887,37.165000915527344,2026-09-09 12:30
NYSE:A,equity,https://www.tradingview.com/chart/?symbol=NYSE%3AA,False,False,,,-63.31945130106706,34.741468741550364,145.2949981689453,2026-09-09 12:30
NYSE:AA,equity,https://www.tradingview.com/chart/?symbol=NYSE%3AAA,False,False,,,-9.987149167805695,43.778352677121376,50.63999938964844,2026-09-09 12:30
NASDAQ:AAPL,equity,https://www.tradingview.com/chart/?symbol=NASDAQ%3AAAPL,False,False,,,-59.89489831917752,31.011834785675163,311.7049865722656,2026-09-09 12:30
NYSE:ABBV,equity,https://www.tradingview.com/chart/?symbol=NYSE%3AABBV,False,False,,,-61.56983731277472,32.608598028817184,249.36500549316406,2026-09-09 12:30
NYSE:ABEV,equity,https://www.tradingview.com/chart/?symbol=NYSE%3AABEV,False,False,,,-33.13416013726306,45.927770628101655,3.005000114440918,2026-09-09 12:30
NASDAQ:ABNB,equity,https://www.tradingview.com/chart/?symbol=NASDAQ%3AABNB,False,False,,,-76.66391840138492,28.30098928065837,171.10499572753906,2026-09-09 12:30
NYSE:ABT,equity,https://www.tradingview.com/chart/?symbol=NYSE%3AABT,False,False,,,-49.79729462068055,32.09243798615441,105.70999908447266,2026-09-09 12:30
TSX:ABX,equity,https://www.tradingview.com/chart/?symbol=TSX%3AABX,False,False,,,-27.493230746055897,49.3667834049102,61.66999816894531,2026-09-09 12:30
NASDAQ:ACGL,equity,https://www.tradingview.com/chart/?symbol=NASDAQ%3AACGL,False,False,,,-54.7326364672218,33.532898760765946,96.05000305175781,2026-09-09 12:30
NYSE:ACN,equity,https://www.tradingview.com/chart/?symbol=NYSE%3AACN,False,False,,,-53.54174999992086,25.248153833164295,176.93499755859375,2026-09-09 12:30
NASDAQ:ADBE,equity,https://www.tradingview.com/chart/?symbol=NASDAQ%3AADBE,False,False,,,-49.80971770596645,30.133862210560594,257.4800109863281,2026-09-09 12:30
NASDAQ:ADI,equity,https://www.tradingview.com/chart/?symbol=NASDAQ%3AADI,False,False,,,33.59460560741547,56.51797565009795,364.5899963378906,2026-09-09 12:30
NYSE:ADM,equity,https://www.tradingview.com/chart/?symbol=NYSE%3AADM,False,False,,,43.00427572670168,60.968438420795536,85.875,2026-09-09 12:30
NASDAQ:ADP,equity,https://www.tradingview.com/chart/?symbol=NASDAQ%3AADP,False,False,,,-66.06779730391911,22.493578883661584,265.7149963378906,2026-09-09 12:30
NASDAQ:ADSK,equity,https://www.tradingview.com/chart/?symbol=NASDAQ%3AADSK,False,False,,,-56.424257491168625,20.263545665581688,207.2949981689453,2026-09-09 12:30
NYSE:AEE,equity,https://www.tradingview.com/chart/?symbol=NYSE%3AAEE,False,False,,,-27.49282414829541,36.06993599710212,105.66000366210938,2026-09-09 12:30
NYSE:AEG,equity,https://www.tradingview.com/chart/?symbol=NYSE%3AAEG,False,False,,,-73.2905691340966,35.46791257324932,9.085000038146973,2026-09-09 12:30
NASDAQ:AEIS,equity,https://www.tradingview.com/chart/?symbol=NASDAQ%3AAEIS,False,False,,,32.94698601327398,60.40900984606698,287.0299987792969,2026-09-09 12:30
TSX:AEM,equity,https://www.tradingview.com/chart/?symbol=TSX%3AAEM,False,False,,,-18.238073154555472,50.91344872818626,281.5799865722656,2026-09-09 12:30
NYSE:AEM,equity,https://www.tradingview.com/chart/?symbol=NYSE%3AAEM,False,False,,,-14.040382192149616,51.32893949313185,204.09500122070312,2026-09-09 12:30
NASDAQ:AEP,equity,https://www.tradingview.com/chart/?symbol=NASDAQ%3AAEP,False,False,,,1.8621601615098118,44.48983965866453,124.18000030517578,2026-09-09 12:30
NYSE:AER,equity,https://www.tradingview.com/chart/?symbol=NYSE%3AAER,False,False,,,-86.92241491028874,27.00110357794388,141.42999267578125,2026-09-09 12:30
NYSE:AFL,equity,https://www.tradingview.com/chart/?symbol=NYSE%3AAFL,False,False,,,-57.91507783428256,32.6378055953072,114.86000061035156,2026-09-09 12:30
NASDAQ:AFRM,equity,https://www.tradingview.com/chart/?symbol=NASDAQ%3AAFRM,False,False,,,-69.25179981447094,33.30426174459734,69.02999877929688,2026-09-09 12:30
TSX:AGI,equity,https://www.tradingview.com/chart/?symbol=TSX%3AAGI,False,False,,,0.3849838838606677,56.1652928703811,51.34000015258789,2026-09-09 12:30
NYSE:AGI,equity,https://www.tradingview.com/chart/?symbol=NYSE%3AAGI,False,False,,,1.460452926929919,56.11431066402723,37.189998626708984,2026-09-09 12:30
NASDAQ:AGNC,equity,https://www.tradingview.com/chart/?symbol=NASDAQ%3AAGNC,False,False,,,-22.12981827981885,37.83998940868121,10.600000381469727,2026-09-09 12:30
NYSE:AHR,equity,https://www.tradingview.com/chart/?symbol=NYSE%3AAHR,False,False,,,-78.34098041585095,33.46591906607266,53.95000076293945,2026-09-09 12:30
NYSE:AIG,equity,https://www.tradingview.com/chart/?symbol=NYSE%3AAIG,False,False,,,-71.31220808084034,33.16383438058455,74.72000122070312,2026-09-09 12:30
NYSE:AIT,equity,https://www.tradingview.com/chart/?symbol=NYSE%3AAIT,False,False,,,21.592341445386953,50.623154046108034,324.1724853515625,2026-09-09 12:30
NYSE:AIZ,equity,https://www.tradingview.com/chart/?symbol=NYSE%3AAIZ,False,False,,,-66.04868722443074,37.35742529136176,280.8500061035156,2026-09-09 12:30
NYSE:AJG,equity,https://www.tradingview.com/chart/?symbol=NYSE%3AAJG,False,False,,,-72.72185162662805,17.27690172674876,245.7899932861328,2026-09-09 12:30
NASDAQ:AKAM,equity,https://www.tradingview.com/chart/?symbol=NASDAQ%3AAKAM,False,False,,,40.54795617300565,66.13816429053668,111.43000030517578,2026-09-09 12:30
TSX:ALA,equity,https://www.tradingview.com/chart/?symbol=TSX%3AALA,False,False,,,57.57556480750102,69.19091738973108,53.86000061035156,2026-09-09 12:30
NASDAQ:ALAB,equity,https://www.tradingview.com/chart/?symbol=NASDAQ%3AALAB,False,False,,,7.481624915098652,53.976471909288705,301.1300048828125,2026-09-09 12:30
NYSE:ALB,equity,https://www.tradingview.com/chart/?symbol=NYSE%3AALB,False,False,,,-39.259673652882356,37.92201522514522,125.94999694824219,2026-09-09 12:30
NASDAQ:ALGN,equity,https://www.tradingview.com/chart/?symbol=NASDAQ%3AALGN,False,False,,,-62.87247896405031,33.07972401343247,152.74000549316406,2026-09-09 12:30
NYSE:ALL,equity,https://www.tradingview.com/chart/?symbol=NYSE%3AALL,False,False,,,-56.04174080443716,36.19123022246829,254.6199951171875,2026-09-09 12:30
NYSE:ALLE,equity,https://www.tradingview.com/chart/?symbol=NYSE%3AALLE,False,False,,,-65.21453325716551,30.722317621408763,152.8000030517578,2026-09-09 12:30
NYSE:ALLY,equity,https://www.tradingview.com/chart/?symbol=NYSE%3AALLY,False,False,,,-58.02219504192848,27.61576978838127,41.7599983215332,2026-09-09 12:30
NASDAQ:ALNY,equity,https://www.tradingview.com/chart/?symbol=NASDAQ%3AALNY,False,False,,,-61.49115896574205,42.79821835744029,255.59500122070312,2026-09-09 12:30
NYSE:AM,equity,https://www.tradingview.com/chart/?symbol=NYSE%3AAM,False,False,,,62.07517889274859,58.32882630562396,22.864999771118164,2026-09-09 12:30
NASDAQ:AMAT,equity,https://www.tradingview.com/chart/?symbol=NASDAQ%3AAMAT,False,False,,,40.79619099296365,60.61338487747998,467.05999755859375,2026-09-09 12:30
NYSE:AMCR,equity,https://www.tradingview.com/chart/?symbol=NYSE%3AAMCR,False,False,,,-79.81635248289601,15.758566767971033,43.244998931884766,2026-09-09 12:30
NASDAQ:AMD,equity,https://www.tradingview.com/chart/?symbol=NASDAQ%3AAMD,False,False,,,71.2550687098991,79.94132487328466,522.0401000976562,2026-09-09 12:30
NASDAQ:AMGN,equity,https://www.tradingview.com/chart/?symbol=NASDAQ%3AAMGN,False,False,,,-61.02805432105884,14.627284294264427,391.2650146484375,2026-09-09 12:30
NYSE:AMH,equity,https://www.tradingview.com/chart/?symbol=NYSE%3AAMH,False,False,,,-81.86992654543724,27.315911500728944,32.029998779296875,2026-09-09 12:30
NASDAQ:AMKR,equity,https://www.tradingview.com/chart/?symbol=NASDAQ%3AAMKR,False,False,,,60.29655844537848,64.13265594912126,50.790000915527344,2026-09-09 12:30
NYSE:AMP,equity,https://www.tradingview.com/chart/?symbol=NYSE%3AAMP,False,False,,,-58.73698900530519,38.708151909860156,552.5399780273438,2026-09-09 12:30
NYSE:AMRZ,equity,https://www.tradingview.com/chart/?symbol=NYSE%3AAMRZ,False,False,,,-62.694342791565866,26.18026077147529,41.36000061035156,2026-09-09 12:30
NYSE:AMT,equity,https://www.tradingview.com/chart/?symbol=NYSE%3AAMT,False,False,,,-36.073783131340484,46.65657386265623,175.52000427246094,2026-09-09 12:30
NYSE:AMX,equity,https://www.tradingview.com/chart/?symbol=NYSE%3AAMX,False,False,,,16.143543697993653,51.57366346077265,23.040000915527344,2026-09-09 12:30
NASDAQ:AMZN,equity,https://www.tradingview.com/chart/?symbol=NASDAQ%3AAMZN,False,False,,,-68.48222902081396,36.86108380086837,252.25,2026-09-09 12:30
NYSE:ANET,equity,https://www.tradingview.com/chart/?symbol=NYSE%3AANET,False,False,,,15.015183703516243,53.381516125594665,194.88999938964844,2026-09-09 12:30
NYSE:AON,equity,https://www.tradingview.com/chart/?symbol=NYSE%3AAON,False,False,,,-87.17750448313977,23.288007522669673,307.6449890136719,2026-09-09 12:30
NASDAQ:APA,equity,https://www.tradingview.com/chart/?symbol=NASDAQ%3AAPA,False,False,,,33.503954253285464,56.89302271164919,44.349998474121094,2026-09-09 12:30
NASDAQ:APC,equity,https://www.tradingview.com/chart/?symbol=NASDAQ%3AAPC,False,False,,,19.783372114321285,56.58145297404662,18.834999084472656,2026-09-09 12:30
NYSE:APD,equity,https://www.tradingview.com/chart/?symbol=NYSE%3AAPD,False,False,,,-63.1641945593562,37.058314043672844,298.2200012207031,2026-09-09 12:30
NYSE:APG,equity,https://www.tradingview.com/chart/?symbol=NYSE%3AAPG,False,False,,,-27.152283692960207,26.60779237106877,38.560001373291016,2026-09-09 12:30
NYSE:APH,equity,https://www.tradingview.com/chart/?symbol=NYSE%3AAPH,False,False,,,-23.494368401021877,43.31431325517216,81.18000030517578,2026-09-09 12:30
NYSE:APO,equity,https://www.tradingview.com/chart/?symbol=NYSE%3AAPO,False,False,,,-71.5220134958176,37.16641572941626,130.6300048828125,2026-09-09 12:30
NASDAQ:APP,equity,https://www.tradingview.com/chart/?symbol=NASDAQ%3AAPP,False,False,,,-45.095236403366584,36.1497314005207,307.9049987792969,2026-09-09 12:30
NYSE:APTV,equity,https://www.tradingview.com/chart/?symbol=NYSE%3AAPTV,False,False,,,-41.95428150993991,34.93239338116304,44.81999969482422,2026-09-09 12:30
NYSE:AR,equity,https://www.tradingview.com/chart/?symbol=NYSE%3AAR,False,False,,,-55.07056967087377,40.24892968494719,38.91999816894531,2026-09-09 12:30
NASDAQ:ARCC,equity,https://www.tradingview.com/chart/?symbol=NASDAQ%3AARCC,False,False,,,-57.1023333993856,39.69056523269896,19.735000610351562,2026-09-09 12:30
NYSE:ARES,equity,https://www.tradingview.com/chart/?symbol=NYSE%3AARES,False,False,,,-81.64064508218604,32.269184458461226,134.64999389648438,2026-09-09 12:30
NASDAQ:ARGX,equity,https://www.tradingview.com/chart/?symbol=NASDAQ%3AARGX,False,False,,,-54.17089821013972,34.91972418412904,1005.280029296875,2026-09-09 12:30
NASDAQ:ARM,equity,https://www.tradingview.com/chart/?symbol=NASDAQ%3AARM,False,False,,,55.91541077398275,63.612566047612354,264.739990234375,2026-09-09 12:30
NYSE:ARMK,equity,https://www.tradingview.com/chart/?symbol=NYSE%3AARMK,False,False,,,20.009367214384156,53.84448405748634,57.560001373291016,2026-09-09 12:30
NYSE:ARW,equity,https://www.tradingview.com/chart/?symbol=NYSE%3AARW,False,False,,,33.119249812578666,60.62803728770989,215.8249969482422,2026-09-09 12:30
NASDAQ:ARWR,equity,https://www.tradingview.com/chart/?symbol=NASDAQ%3AARWR,False,False,,,-28.0098454618026,41.31844654826084,84.125,2026-09-09 12:30
TSX:ARX,equity,https://www.tradingview.com/chart/?symbol=TSX%3AARX,False,False,,,17.231261050719326,52.43612624847037,33.91999816894531,2026-09-04 15:30
NYSE:AS,equity,https://www.tradingview.com/chart/?symbol=NYSE%3AAS,False,False,,,-52.55959245630283,32.07260654876433,28.06999969482422,2026-09-09 12:30
NASDAQ:ASML,equity,https://www.tradingview.com/chart/?symbol=NASDAQ%3AASML,False,False,,,22.082599283362683,55.22790065996475,1733.75,2026-09-09 12:30
NASDAQ:ASND,equity,https://www.tradingview.com/chart/?symbol=NASDAQ%3AASND,False,False,,,-40.58656968823622,41.02004044024357,263.3900146484375,2026-09-09 12:30
NASDAQ:ASTS,equity,https://www.tradingview.com/chart/?symbol=NASDAQ%3AASTS,False,False,,,18.114270447345266,49.0562956825412,63.189998626708984,2026-09-09 12:30
NYSE:ASX,equity,https://www.tradingview.com/chart/?symbol=NYSE%3AASX,False,False,,,67.312779671874,71.0683487814338,40.52000045776367,2026-09-09 12:30
TSX:ATD,equity,https://www.tradingview.com/chart/?symbol=TSX%3AATD,False,False,,,-61.322705413550885,25.31579791400425,79.57499694824219,2026-09-09 12:30
NYSE:ATI,equity,https://www.tradingview.com/chart/?symbol=NYSE%3AATI,False,False,,,23.425635527776546,54.37475080193298,208.69000244140625,2026-09-09 12:30
NYSE:ATO,equity,https://www.tradingview.com/chart/?symbol=NYSE%3AATO,False,False,,,-45.24201560955917,33.09872113264896,166.03500366210938,2026-09-09 12:30
NYSE:AU,equity,https://www.tradingview.com/chart/?symbol=NYSE%3AAU,False,False,,,-16.614460983231243,48.121308815539166,109.05000305175781,2026-09-09 12:30
NASDAQ:AUR,equity,https://www.tradingview.com/chart/?symbol=NASDAQ%3AAUR,False,False,,,35.546507581023064,70.56312203158564,6.559999942779541,2026-09-09 12:30
NASDAQ:AVGO,equity,https://www.tradingview.com/chart/?symbol=NASDAQ%3AAVGO,False,False,,,8.904430857806181,51.372975067666104,364.04998779296875,2026-09-09 12:30
NYSE:AVY,equity,https://www.tradingview.com/chart/?symbol=NYSE%3AAVY,False,False,,,-48.75303469337152,39.24489723168098,170.63999938964844,2026-09-09 12:30
NYSE:AWK,equity,https://www.tradingview.com/chart/?symbol=NYSE%3AAWK,False,False,,,-15.354010063730898,46.52043480396884,139.92999267578125,2026-09-09 12:30
NASDAQ:AXON,equity,https://www.tradingview.com/chart/?symbol=NASDAQ%3AAXON,False,False,,,-68.0398505954211,23.14521226772517,489.4599914550781,2026-09-09 12:30
NYSE:AXP,equity,https://www.tradingview.com/chart/?symbol=NYSE%3AAXP,False,False,,,-68.5073802912474,35.70773034223636,322.94000244140625,2026-09-09 12:30
NASDAQ:AXSM,equity,https://www.tradingview.com/chart/?symbol=NASDAQ%3AAXSM,False,False,,,60.25972474599942,63.25161614051597,210.6649932861328,2026-09-09 12:30
NYSE:AZN,equity,https://www.tradingview.com/chart/?symbol=NYSE%3AAZN,False,False,,,-70.49092899672215,28.530311980630984,157.77000427246094,2026-09-09 12:30
NYSE:AZO,equity,https://www.tradingview.com/chart/?symbol=NYSE%3AAZO,False,False,,,-52.304275099553344,38.182524788963455,2908.530029296875,2026-09-09 12:30
NYSE:B,equity,https://www.tradingview.com/chart/?symbol=NYSE%3AB,False,False,,,-26.260483313632903,49.63086352638846,44.665000915527344,2026-09-09 12:30
NYSE:BA,equity,https://www.tradingview.com/chart/?symbol=NYSE%3ABA,False,False,,,-17.415385590810263,40.743108655809664,208.65499877929688,2026-09-09 12:30
NYSE:BABA,equity,https://www.tradingview.com/chart/?symbol=NYSE%3ABABA,False,False,,,-44.85364744319224,35.940703756103034,110.16999816894531,2026-09-09 12:30
NYSE:BAC,equity,https://www.tradingview.com/chart/?symbol=NYSE%3ABAC,False,False,,,8.670250649712193,53.04679080368945,62.790000915527344,2026-09-09 12:30
NYSE:BALL,equity,https://www.tradingview.com/chart/?symbol=NYSE%3ABALL,False,False,,,-80.41206343477434,23.87135093093167,60.33000183105469,2026-09-09 12:30
TSX:BAM,equity,https://www.tradingview.com/chart/?symbol=TSX%3ABAM,False,False,,,-72.10580560451858,20.502644940600888,66.0,2026-09-09 12:30
NYSE:BAM,equity,https://www.tradingview.com/chart/?symbol=NYSE%3ABAM,False,False,,,-75.78463595347633,20.30132535860791,47.810001373291016,2026-09-09 12:30
NYSE:BAP,equity,https://www.tradingview.com/chart/?symbol=NYSE%3ABAP,False,False,,,-47.97527422959164,42.98016526733459,376.3699951171875,2026-09-09 12:30
NYSE:BAX,equity,https://www.tradingview.com/chart/?symbol=NYSE%3ABAX,False,False,,,-44.486520991655006,35.00446106825714,24.65999984741211,2026-09-09 12:30
NYSE:BBD,equity,https://www.tradingview.com/chart/?symbol=NYSE%3ABBD,False,False,,,3.907843635587669,48.34214388317103,3.4649999141693115,2026-09-09 12:30
TSX:BBD.A,equity,https://www.tradingview.com/chart/?symbol=TSX%3ABBD.A,False,False,,,6.359621220965235,48.451095069924314,304.20001220703125,2026-09-09 12:30
TSX:BBD.B,equity,https://www.tradingview.com/chart/?symbol=TSX%3ABBD.B,False,False,,,1.9336801343995322,47.02998705622178,303.2200012207031,2026-09-09 12:30
NYSE:BBDO,equity,https://www.tradingview.com/chart/?symbol=NYSE%3ABBDO,False,False,,,-23.63171721615448,45.667826800217924,3.103800058364868,2026-09-09 12:30
NASDAQ:BBIO,equity,https://www.tradingview.com/chart/?symbol=NASDAQ%3ABBIO,False,False,,,-23.796910986105747,45.280790561438835,74.79000091552734,2026-09-09 12:30
NYSE:BBVA,equity,https://www.tradingview.com/chart/?symbol=NYSE%3ABBVA,False,False,,,-66.9851407722919,42.85406634943304,29.114999771118164,2026-09-09 12:30
NYSE:BBY,equity,https://www.tradingview.com/chart/?symbol=NYSE%3ABBY,False,False,,,13.676789128265831,55.86663391808675,89.08000183105469,2026-09-09 12:30
TSX:BCE,equity,https://www.tradingview.com/chart/?symbol=TSX%3ABCE,False,False,,,-54.32885285519001,40.88260887809606,32.290000915527344,2026-09-09 12:30
NYSE:BCE,equity,https://www.tradingview.com/chart/?symbol=NYSE%3ABCE,False,False,,,-55.51546402026378,42.43199624851613,23.395000457763672,2026-09-09 12:30
NYSE:BCH,equity,https://www.tradingview.com/chart/?symbol=NYSE%3ABCH,False,False,,,-40.62082500120364,46.674859222978576,42.099998474121094,2026-09-09 12:30
NYSE:BCS,equity,https://www.tradingview.com/chart/?symbol=NYSE%3ABCS,False,False,,,-49.192496207581165,38.49067961894207,26.485000610351562,2026-09-09 12:30
NYSE:BDX,equity,https://www.tradingview.com/chart/?symbol=NYSE%3ABDX,False,False,,,-57.24045353656839,31.858064555766163,179.75,2026-09-09 12:30
NYSE:BE,equity,https://www.tradingview.com/chart/?symbol=NYSE%3ABE,False,False,,,47.20399937515555,71.2266524364742,273.2200012207031,2026-09-09 12:30
NYSE:BEKE,equity,https://www.tradingview.com/chart/?symbol=NYSE%3ABEKE,False,False,,,-60.83105339696787,29.920504337667097,16.924999237060547,2026-09-09 12:30
NYSE:BEN,equity,https://www.tradingview.com/chart/?symbol=NYSE%3ABEN,False,False,,,-8.349929285698451,49.96461801722702,34.314998626708984,2026-09-09 12:30
NYSE:BG,equity,https://www.tradingview.com/chart/?symbol=NYSE%3ABG,False,False,,,26.296470961775157,57.94361041254816,123.55000305175781,2026-09-09 12:30
NYSE:BHP,equity,https://www.tradingview.com/chart/?symbol=NYSE%3ABHP,False,False,,,6.043134963197524,49.702445798257074,92.34500122070312,2026-09-09 12:30
NASDAQ:BIDU,equity,https://www.tradingview.com/chart/?symbol=NASDAQ%3ABIDU,False,False,,,-21.475989356637147,40.454345277739726,92.4000015258789,2026-09-09 12:30
NASDAQ:BIIB,equity,https://www.tradingview.com/chart/?symbol=NASDAQ%3ABIIB,False,False,,,-57.521331887298594,32.199755846612405,212.0399932861328,2026-09-09 12:30
NYSE:BIP,equity,https://www.tradingview.com/chart/?symbol=NYSE%3ABIP,False,False,,,4.111935448803988,44.82414015073989,36.72999954223633,2026-09-09 12:30
NYSE:BJ,equity,https://www.tradingview.com/chart/?symbol=NYSE%3ABJ,False,False,,,-62.148920621229514,27.913078057735632,87.88999938964844,2026-09-09 12:30
NASDAQ:BKNG,equity,https://www.tradingview.com/chart/?symbol=NASDAQ%3ABKNG,False,False,,,-83.24240552004824,16.628018429676516,172.9600067138672,2026-09-09 12:30
NASDAQ:BKR,equity,https://www.tradingview.com/chart/?symbol=NASDAQ%3ABKR,False,False,,,35.29494797898125,57.53588318573842,64.4800033569336,2026-09-09 12:30
NYSE:BLK,equity,https://www.tradingview.com/chart/?symbol=NYSE%3ABLK,False,False,,,-75.72305829344577,22.924429156788094,1080.2049560546875,2026-09-09 12:30
TSX:BMO,equity,https://www.tradingview.com/chart/?symbol=TSX%3ABMO,False,False,,,-56.10091699318368,37.82546416212487,238.77999877929688,2026-09-09 12:30
NYSE:BMO,equity,https://www.tradingview.com/chart/?symbol=NYSE%3ABMO,False,False,,,-44.205037726993105,39.91039669588333,172.97000122070312,2026-09-09 12:30
NASDAQ:BMRN,equity,https://www.tradingview.com/chart/?symbol=NASDAQ%3ABMRN,False,False,,,-61.059098956500385,40.716701692198576,65.06990051269531,2026-09-09 12:30
NYSE:BMY,equity,https://www.tradingview.com/chart/?symbol=NYSE%3ABMY,False,False,,,-60.46993678684112,28.616674228262042,64.5999984741211,2026-09-09 12:30
TSX:BN,equity,https://www.tradingview.com/chart/?symbol=TSX%3ABN,False,False,,,-72.48189798379542,22.030134513582354,53.54999923706055,2026-09-09 12:30
NYSE:BN,equity,https://www.tradingview.com/chart/?symbol=NYSE%3ABN,False,False,,,-77.06114315135557,23.03633486116074,38.79499816894531,2026-09-09 12:30
TSX:BNS,equity,https://www.tradingview.com/chart/?symbol=TSX%3ABNS,False,False,,,-57.30136240430435,35.59320358482253,127.5999984741211,2026-09-09 12:30
NYSE:BNS,equity,https://www.tradingview.com/chart/?symbol=NYSE%3ABNS,False,False,,,-60.04524973216939,37.352836702335686,92.45999908447266,2026-09-09 12:30
NASDAQ:BNTX,equity,https://www.tradingview.com/chart/?symbol=NASDAQ%3ABNTX,False,False,,,-57.84519565423435,28.33468524209735,97.68000030517578,2026-09-09 12:30
NYSE:BNY,equity,https://www.tradingview.com/chart/?symbol=NYSE%3ABNY,False,False,,,-35.60598255210853,49.355210704405906,163.4149932861328,2026-09-09 12:30
NYSE:BP,equity,https://www.tradingview.com/chart/?symbol=NYSE%3ABP,False,False,,,62.93016908338121,64.9565219380965,45.20500183105469,2026-09-09 12:30
NASDAQ:BPOP,equity,https://www.tradingview.com/chart/?symbol=NASDAQ%3ABPOP,False,False,,,-65.35472497444276,22.93809171339703,165.58999633789062,2026-09-09 12:30
NYSE:BR,equity,https://www.tradingview.com/chart/?symbol=NYSE%3ABR,False,False,,,-57.03053707593558,26.19169190026912,168.08999633789062,2026-09-09 12:30
NYSE:BRO,equity,https://www.tradingview.com/chart/?symbol=NYSE%3ABRO,False,False,,,-74.2185304322743,12.681534510622996,66.70500183105469,2026-09-09 12:30
NYSE:BROS,equity,https://www.tradingview.com/chart/?symbol=NYSE%3ABROS,False,False,,,-75.9835316240977,34.098568029350474,45.310001373291016,2026-09-09 12:30
NYSE:BSAC,equity,https://www.tradingview.com/chart/?symbol=NYSE%3ABSAC,False,False,,,-46.24389353119858,43.712922831857796,35.310001373291016,2026-09-09 12:30
NYSE:BSBR,equity,https://www.tradingview.com/chart/?symbol=NYSE%3ABSBR,False,False,,,-46.19406720662234,42.7943675638113,5.885000228881836,2026-09-09 12:30
NASDAQ:BSP,equity,https://www.tradingview.com/chart/?symbol=NASDAQ%3ABSP,False,False,,,-58.97525087250693,34.75439144203479,38.189998626708984,2026-09-09 12:30
NYSE:BSX,equity,https://www.tradingview.com/chart/?symbol=NYSE%3ABSX,False,False,,,-50.970424593620066,36.39246275061618,45.36000061035156,2026-09-09 12:30
NYSE:BTI,equity,https://www.tradingview.com/chart/?symbol=NYSE%3ABTI,False,False,,,-73.1156952194951,33.90073331600337,54.67499923706055,2026-09-09 12:30
NASDAQ:BTSG,equity,https://www.tradingview.com/chart/?symbol=NASDAQ%3ABTSG,False,False,,,29.347771797622624,58.35580111286675,62.09000015258789,2026-09-09 12:30
NYSE:BUD,equity,https://www.tradingview.com/chart/?symbol=NYSE%3ABUD,False,False,,,-59.691298684765506,38.15984277377084,78.66000366210938,2026-09-09 12:30
NYSE:BURL,equity,https://www.tradingview.com/chart/?symbol=NYSE%3ABURL,False,False,,,-60.177457404056526,26.739755708600185,243.6999969482422,2026-09-09 12:30
NYSE:BWA,equity,https://www.tradingview.com/chart/?symbol=NYSE%3ABWA,False,False,,,-44.846429710468755,38.59950136248731,65.21499633789062,2026-09-09 12:30
NYSE:BWXT,equity,https://www.tradingview.com/chart/?symbol=NYSE%3ABWXT,False,False,,,-4.119114787648267,45.79672490963361,157.71499633789062,2026-09-09 12:30
NYSE:BX,equity,https://www.tradingview.com/chart/?symbol=NYSE%3ABX,False,False,,,-91.63103394287056,24.95896061787336,129.75,2026-09-09 12:30
NYSE:BXP,equity,https://www.tradingview.com/chart/?symbol=NYSE%3ABXP,False,False,,,-73.6288474459866,19.840373268027662,64.55999755859375,2026-09-09 12:30
NYSE:C,equity,https://www.tradingview.com/chart/?symbol=NYSE%3AC,False,False,,,16.29500990258373,60.06013406933084,138.07000732421875,2026-09-09 12:30
NYSE:CAH,equity,https://www.tradingview.com/chart/?symbol=NYSE%3ACAH,False,False,,,-52.424874777130434,35.664868232715435,239.68499755859375,2026-09-09 12:30
NYSE:CARR,equity,https://www.tradingview.com/chart/?symbol=NYSE%3ACARR,False,False,,,-28.162820663751347,36.65221244803988,58.22999954223633,2026-09-09 12:30
NASDAQ:CASY,equity,https://www.tradingview.com/chart/?symbol=NASDAQ%3ACASY,False,False,,,-109.90972839735736,18.13940564619044,619.3300170898438,2026-09-09 12:30
NYSE:CAT,equity,https://www.tradingview.com/chart/?symbol=NYSE%3ACAT,False,False,,,20.529104771457575,57.04137549221772,817.875,2026-09-09 12:30
NYSE:CB,equity,https://www.tradingview.com/chart/?symbol=NYSE%3ACB,False,False,,,-50.36664146362016,39.05464377594393,337.9599914550781,2026-09-09 12:30
NYSE:CBRE,equity,https://www.tradingview.com/chart/?symbol=NYSE%3ACBRE,False,False,,,-63.04634311350293,31.4057487647583,140.63009643554688,2026-09-09 12:30
NASDAQ:CBRS,equity,https://www.tradingview.com/chart/?symbol=NASDAQ%3ACBRS,False,False,,,-23.946188591115313,49.67931099343058,198.16000366210938,2026-09-09 12:30
NASDAQ:CCEP,equity,https://www.tradingview.com/chart/?symbol=NASDAQ%3ACCEP,False,False,,,-60.40708870246734,33.5672074110702,104.30999755859375,2026-09-09 12:30
NYSE:CCI,equity,https://www.tradingview.com/chart/?symbol=NYSE%3ACCI,False,False,,,-34.45042679746991,45.46925372529826,75.63999938964844,2026-09-09 12:30
NYSE:CCJ,equity,https://www.tradingview.com/chart/?symbol=NYSE%3ACCJ,False,False,,,0.8841928621566413,52.07311883366435,101.44999694824219,2026-09-09 12:30
NYSE:CCK,equity,https://www.tradingview.com/chart/?symbol=NYSE%3ACCK,False,False,,,-82.59675012281414,24.131308005872313,111.55999755859375,2026-09-09 12:30
NYSE:CCL,equity,https://www.tradingview.com/chart/?symbol=NYSE%3ACCL,False,False,,,-74.75427157273663,30.91016696155691,22.875,2026-09-09 12:30
TSX:CCL.B,equity,https://www.tradingview.com/chart/?symbol=TSX%3ACCL.B,False,False,,,-52.52920225305967,34.10337241089685,91.75,2026-09-09 12:30
TSX:CCO,equity,https://www.tradingview.com/chart/?symbol=TSX%3ACCO,False,False,,,-1.3602816190813194,51.751367992568674,140.00999450683594,2026-09-09 12:30
NYSE:CDE,equity,https://www.tradingview.com/chart/?symbol=NYSE%3ACDE,False,False,,,-20.878067496635612,51.151205462382535,21.190000534057617,2026-09-09 12:30
NASDAQ:CDNS,equity,https://www.tradingview.com/chart/?symbol=NASDAQ%3ACDNS,False,False,,,-58.0908262851907,30.515456014358364,286.9700012207031,2026-09-09 12:30
NASDAQ:CDW,equity,https://www.tradingview.com/chart/?symbol=NASDAQ%3ACDW,False,False,,,-62.05316490757672,28.53236307698721,140.97000122070312,2026-09-09 12:30
NASDAQ:CEG,equity,https://www.tradingview.com/chart/?symbol=NASDAQ%3ACEG,False,False,,,6.368677389073034,53.97595035197956,295.17999267578125,2026-09-09 12:30
NYSE:CF,equity,https://www.tradingview.com/chart/?symbol=NYSE%3ACF,False,False,,,37.51822470824707,60.62192787911833,138.1750030517578,2026-09-09 12:30
NYSE:CFG,equity,https://www.tradingview.com/chart/?symbol=NYSE%3ACFG,False,False,,,-65.67089151992094,32.00123828833479,69.1500015258789,2026-09-09 12:30
NASDAQ:CG,equity,https://www.tradingview.com/chart/?symbol=NASDAQ%3ACG,False,False,,,-92.62672716402567,19.73671171950427,44.38999938964844,2026-09-09 12:30
NYSE:CHD,equity,https://www.tradingview.com/chart/?symbol=NYSE%3ACHD,False,False,,,-82.23308857890403,28.60645317846584,95.43000030517578,2026-09-09 12:30
NASDAQ:CHKP,equity,https://www.tradingview.com/chart/?symbol=NASDAQ%3ACHKP,False,False,,,-16.21512159851092,47.708398895883406,134.43499755859375,2026-09-09 12:30
NASDAQ:CHRW,equity,https://www.tradingview.com/chart/?symbol=NASDAQ%3ACHRW,False,False,,,62.323094005762705,62.08837137524115,151.47999572753906,2026-09-09 12:30
NYSE:CHT,equity,https://www.tradingview.com/chart/?symbol=NYSE%3ACHT,False,False,,,65.41254527383046,66.19200451153253,44.33000183105469,2026-09-09 12:30
NASDAQ:CHTR,equity,https://www.tradingview.com/chart/?symbol=NASDAQ%3ACHTR,False,False,,,-76.22341343236181,18.107443611587854,135.7899932861328,2026-09-09 12:30
NYSE:CI,equity,https://www.tradingview.com/chart/?symbol=NYSE%3ACI,False,False,,,-51.569809711327515,39.062719432269404,276.8299865722656,2026-09-09 12:30
NYSE:CIB,equity,https://www.tradingview.com/chart/?symbol=NYSE%3ACIB,False,False,,,-16.121987895894105,57.03796260155856,100.70999908447266,2026-09-09 12:30
NYSE:CIEN,equity,https://www.tradingview.com/chart/?symbol=NYSE%3ACIEN,False,False,,,28.77657444446055,52.179658622521025,340.8599853515625,2026-09-09 12:30
NASDAQ:CINF,equity,https://www.tradingview.com/chart/?symbol=NASDAQ%3ACINF,False,False,,,-48.92569196667986,35.08379270835836,169.27000427246094,2026-09-09 12:30
NYSE:CL,equity,https://www.tradingview.com/chart/?symbol=NYSE%3ACL,False,False,,,-56.33780744910917,40.01384907881002,88.4000015258789,2026-09-09 12:30
NYSE:CLH,equity,https://www.tradingview.com/chart/?symbol=NYSE%3ACLH,False,False,,,-6.286939259261835,63.10027774039111,320.510009765625,2026-09-09 12:30
TSX:CLS,equity,https://www.tradingview.com/chart/?symbol=TSX%3ACLS,False,False,,,67.34796241793912,72.14163403720798,471.9800109863281,2026-09-09 12:30
NYSE:CLS,equity,https://www.tradingview.com/chart/?symbol=NYSE%3ACLS,False,False,,,66.83288621688737,71.795347936198,341.7550048828125,2026-09-09 12:30
NYSE:CLX,equity,https://www.tradingview.com/chart/?symbol=NYSE%3ACLX,False,False,,,-89.1317587478385,19.844859307763755,89.94000244140625,2026-09-09 12:30
TSX:CM,equity,https://www.tradingview.com/chart/?symbol=TSX%3ACM,False,False,,,-61.32525785652749,37.32594691134506,159.11000061035156,2026-09-09 12:30
NYSE:CM,equity,https://www.tradingview.com/chart/?symbol=NYSE%3ACM,False,False,,,-67.23642749869227,37.32375075448204,115.29000091552734,2026-09-09 12:30
NASDAQ:CMCSA,equity,https://www.tradingview.com/chart/?symbol=NASDAQ%3ACMCSA,False,False,,,-89.49476753991445,20.846725774392155,24.5,2026-09-09 12:30
NASDAQ:CME,equity,https://www.tradingview.com/chart/?symbol=NASDAQ%3ACME,False,False,,,-71.54692290952896,31.439878774057718,275.0899963378906,2026-09-09 12:30
NYSE:CMG,equity,https://www.tradingview.com/chart/?symbol=NYSE%3ACMG,False,False,,,-75.61734571624922,35.52059210185833,36.44499969482422,2026-09-09 12:30
NYSE:CMI,equity,https://www.tradingview.com/chart/?symbol=NYSE%3ACMI,False,False,,,-14.588219841810934,41.002508710112785,551.6400146484375,2026-09-09 12:30
NYSE:CMS,equity,https://www.tradingview.com/chart/?symbol=NYSE%3ACMS,False,False,,,-16.800093292586,37.20799646473944,67.97000122070312,2026-09-09 12:30
NYSE:CNC,equity,https://www.tradingview.com/chart/?symbol=NYSE%3ACNC,False,False,,,-68.0154178434484,34.68273548530344,64.36000061035156,2026-09-09 12:30
NYSE:CNH,equity,https://www.tradingview.com/chart/?symbol=NYSE%3ACNH,False,False,,,-17.250299783810622,56.22939738307784,13.8149995803833,2026-09-09 12:30
NYSE:CNI,equity,https://www.tradingview.com/chart/?symbol=NYSE%3ACNI,False,False,,,-50.665768656928094,45.91745427525004,122.56999969482422,2026-09-09 12:30
NYSE:CNP,equity,https://www.tradingview.com/chart/?symbol=NYSE%3ACNP,False,False,,,1.002733165275573,42.48570586820375,39.665000915527344,2026-09-09 12:30
TSX:CNQ,equity,https://www.tradingview.com/chart/?symbol=TSX%3ACNQ,False,False,,,20.499234517778834,52.278622807650514,70.76499938964844,2026-09-09 12:30
NYSE:CNQ,equity,https://www.tradingview.com/chart/?symbol=NYSE%3ACNQ,False,False,,,20.68788912498604,52.689895430194376,51.275001525878906,2026-09-09 12:30
TSX:CNR,equity,https://www.tradingview.com/chart/?symbol=TSX%3ACNR,False,False,,,-47.09406905087664,45.54393433776354,169.19000244140625,2026-09-09 12:30
NYSE:COF,equity,https://www.tradingview.com/chart/?symbol=NYSE%3ACOF,False,False,,,-63.88619596658756,33.18738462050351,212.64999389648438,2026-09-09 12:30
NYSE:COHR,equity,https://www.tradingview.com/chart/?symbol=NYSE%3ACOHR,False,False,,,54.01196633955035,66.34493886753431,305.7200012207031,2026-09-09 12:30
NASDAQ:COIN,equity,https://www.tradingview.com/chart/?symbol=NASDAQ%3ACOIN,False,False,,,-48.329757304211775,41.414899399094175,178.3441925048828,2026-09-09 12:30
NASDAQ:COKE,equity,https://www.tradingview.com/chart/?symbol=NASDAQ%3ACOKE,False,False,,,-53.327382631719956,43.14904327374045,188.19500732421875,2026-09-09 12:30
NASDAQ:COO,equity,https://www.tradingview.com/chart/?symbol=NASDAQ%3ACOO,False,False,,,-68.60800520130992,26.257760775699595,66.93000030517578,2026-09-09 12:30
NYSE:COP,equity,https://www.tradingview.com/chart/?symbol=NYSE%3ACOP,False,False,,,37.89399670168299,56.99994153412834,136.5800018310547,2026-09-09 12:30
NYSE:COR,equity,https://www.tradingview.com/chart/?symbol=NYSE%3ACOR,False,False,,,-52.30900907943809,38.37435357440741,325.6449890136719,2026-09-09 12:30
NASDAQ:COST,equity,https://www.tradingview.com/chart/?symbol=NASDAQ%3ACOST,False,False,,,-69.74058285419225,24.28511951576216,899.6500244140625,2026-09-09 12:30
TSX:CP,equity,https://www.tradingview.com/chart/?symbol=TSX%3ACP,False,False,,,-51.568012771602774,44.12299688910825,125.33999633789062,2026-09-09 12:30
NYSE:CP,equity,https://www.tradingview.com/chart/?symbol=NYSE%3ACP,False,False,,,-41.81326574228683,44.76241156841868,90.80000305175781,2026-09-09 12:30
NYSE:CPAY,equity,https://www.tradingview.com/chart/?symbol=NYSE%3ACPAY,False,False,,,-58.16330434611029,42.22197793030471,407.625,2026-09-09 12:30
NYSE:CPNG,equity,https://www.tradingview.com/chart/?symbol=NYSE%3ACPNG,False,False,,,-58.0547413619149,37.01730534972472,14.824999809265137,2026-09-09 12:30
NASDAQ:CPRT,equity,https://www.tradingview.com/chart/?symbol=NASDAQ%3ACPRT,False,False,,,-50.720071390637465,34.57881177344916,32.10499954223633,2026-09-09 12:30
NYSE:CPT,equity,https://www.tradingview.com/chart/?symbol=NYSE%3ACPT,False,False,,,-86.1051042160068,33.85378094387599,104.11499786376953,2026-09-09 12:30
NYSE:CQP,equity,https://www.tradingview.com/chart/?symbol=NYSE%3ACQP,False,False,,,-10.066602483244951,52.489561503397404,69.62999725341797,2026-09-09 12:30
NYSE:CR,equity,https://www.tradingview.com/chart/?symbol=NYSE%3ACR,False,False,,,-32.13979572427407,43.445985752798656,202.02499389648438,2026-09-09 12:30
NYSE:CRBG,equity,https://www.tradingview.com/chart/?symbol=NYSE%3ACRBG,False,False,,,-44.216016177363535,45.143878614864875,33.72999954223633,2026-09-09 12:30
NYSE:CRCL,equity,https://www.tradingview.com/chart/?symbol=NYSE%3ACRCL,False,False,,,-45.59087737363904,43.409381377326284,95.02999877929688,2026-09-09 12:30
NASDAQ:CRDO,equity,https://www.tradingview.com/chart/?symbol=NASDAQ%3ACRDO,False,False,,,-8.29983501321076,36.82121756384156,167.72999572753906,2026-09-09 12:30
NYSE:CRH,equity,https://www.tradingview.com/chart/?symbol=NYSE%3ACRH,False,False,,,-50.882232047359906,32.441145773095855,90.12999725341797,2026-09-09 12:30
NYSE:CRM,equity,https://www.tradingview.com/chart/?symbol=NYSE%3ACRM,False,False,,,-48.74412049523442,39.17717921693477,247.76499938964844,2026-09-09 12:30
NYSE:CRS,equity,https://www.tradingview.com/chart/?symbol=NYSE%3ACRS,False,False,,,-45.744132266131864,40.679579049031474,458.3800048828125,2026-09-09 12:30
NASDAQ:CRWD,equity,https://www.tradingview.com/chart/?symbol=NASDAQ%3ACRWD,False,False,,,-36.31779262407714,43.92434495186236,208.22500610351562,2026-09-09 12:30
NASDAQ:CRWV,equity,https://www.tradingview.com/chart/?symbol=NASDAQ%3ACRWV,False,False,,,40.745984988178186,58.523610492323385,95.58999633789062,2026-09-09 12:30
NASDAQ:CSCO,equity,https://www.tradingview.com/chart/?symbol=NASDAQ%3ACSCO,False,False,,,23.23611302092959,55.180684733251745,109.69999694824219,2026-09-09 12:30
NASDAQ:CSGP,equity,https://www.tradingview.com/chart/?symbol=NASDAQ%3ACSGP,False,False,,,-63.257859665140664,33.12233555227478,29.670000076293945,2026-09-09 12:30
TSX:CSU,equity,https://www.tradingview.com/chart/?symbol=TSX%3ACSU,False,False,,,-75.7525089287946,27.160557389179644,2809.489990234375,2026-09-09 12:30
NASDAQ:CSX,equity,https://www.tradingview.com/chart/?symbol=NASDAQ%3ACSX,False,False,,,-55.04926482614565,33.86211339453321,48.4900016784668,2026-09-09 12:30
NASDAQ:CTAS,equity,https://www.tradingview.com/chart/?symbol=NASDAQ%3ACTAS,False,False,,,-29.377127432705617,43.62020060662565,199.0449981689453,2026-09-09 12:30
NASDAQ:CTSH,equity,https://www.tradingview.com/chart/?symbol=NASDAQ%3ACTSH,False,False,,,-59.48994972492748,24.627116167315947,58.875,2026-09-09 12:30
NYSE:CTVA,equity,https://www.tradingview.com/chart/?symbol=NYSE%3ACTVA,False,False,,,-58.01385483701734,38.93102675827017,85.48999786376953,2026-09-09 12:30
TSX:CVE,equity,https://www.tradingview.com/chart/?symbol=TSX%3ACVE,False,False,,,38.68815296105663,56.95764959017478,45.91999816894531,2026-09-09 12:30
NYSE:CVE,equity,https://www.tradingview.com/chart/?symbol=NYSE%3ACVE,False,False,,,36.73916767575637,57.353010730030626,33.275001525878906,2026-09-09 12:30
NYSE:CVNA,equity,https://www.tradingview.com/chart/?symbol=NYSE%3ACVNA,False,False,,,0.36091804824370816,46.093773574243286,73.75499725341797,2026-09-09 12:30
NYSE:CVS,equity,https://www.tradingview.com/chart/?symbol=NYSE%3ACVS,False,False,,,-64.95294350393924,44.82957673085807,95.66999816894531,2026-09-09 12:30
NYSE:CVX,equity,https://www.tradingview.com/chart/?symbol=NYSE%3ACVX,False,False,,,41.02535665823813,61.58950294775051,213.27999877929688,2026-09-09 12:30
NYSE:CW,equity,https://www.tradingview.com/chart/?symbol=NYSE%3ACW,False,False,,,-6.040022346336389,42.064632706373736,566.594970703125,2026-09-09 12:30
NYSE:CX,equity,https://www.tradingview.com/chart/?symbol=NYSE%3ACX,False,False,,,-6.68895775942358,48.9973183810057,10.899999618530273,2026-09-09 12:30
NYSE:D,equity,https://www.tradingview.com/chart/?symbol=NYSE%3AD,False,False,,,-27.999069797769497,35.86144452370063,65.43000030517578,2026-09-09 12:30
NYSE:DAL,equity,https://www.tradingview.com/chart/?symbol=NYSE%3ADAL,False,False,,,-24.542940170590427,48.011911762030024,79.04499816894531,2026-09-09 12:30
NASDAQ:DASH,equity,https://www.tradingview.com/chart/?symbol=NASDAQ%3ADASH,False,False,,,-67.95911630799222,26.181638033690774,197.8300018310547,2026-09-09 12:30
NYSE:DB,equity,https://www.tradingview.com/chart/?symbol=NYSE%3ADB,False,False,,,-55.87264821108636,42.218683476613926,40.744998931884766,2026-09-09 12:30
NYSE:DD,equity,https://www.tradingview.com/chart/?symbol=NYSE%3ADD,False,False,,,-42.00316444219683,33.19909611883489,129.30999755859375,2026-09-09 12:30
NASDAQ:DDOG,equity,https://www.tradingview.com/chart/?symbol=NASDAQ%3ADDOG,False,False,,,29.020898846500973,67.47774980058443,225.1199951171875,2026-09-09 12:30
NYSE:DE,equity,https://www.tradingview.com/chart/?symbol=NYSE%3ADE,False,False,,,-56.78833262348357,40.12511294146369,675.3800048828125,2026-09-09 12:30
NYSE:DECK,equity,https://www.tradingview.com/chart/?symbol=NYSE%3ADECK,False,False,,,-57.59496737894836,30.243831229591848,81.62000274658203,2026-09-09 12:30
NYSE:DELL,equity,https://www.tradingview.com/chart/?symbol=NYSE%3ADELL,False,False,,,64.26621628112692,65.30956641176567,540.4199829101562,2026-09-09 12:30
NYSE:DEO,equity,https://www.tradingview.com/chart/?symbol=NYSE%3ADEO,False,False,,,-72.61210031964487,16.112298417625198,86.26499938964844,2026-09-09 12:30
NYSE:DG,equity,https://www.tradingview.com/chart/?symbol=NYSE%3ADG,False,False,,,-50.579234815266794,35.39539093329006,126.05000305175781,2026-09-09 12:30
NYSE:DGX,equity,https://www.tradingview.com/chart/?symbol=NYSE%3ADGX,False,False,,,-69.77843480812227,31.330571137105608,233.52999877929688,2026-09-09 12:30
NYSE:DHI,equity,https://www.tradingview.com/chart/?symbol=NYSE%3ADHI,False,False,,,-64.92730762740764,32.67069096303149,138.19500732421875,2026-09-09 12:30
NYSE:DHR,equity,https://www.tradingview.com/chart/?symbol=NYSE%3ADHR,False,False,,,-61.0328468288354,41.2530008896193,205.1649932861328,2026-09-09 12:30
NYSE:DINO,equity,https://www.tradingview.com/chart/?symbol=NYSE%3ADINO,False,False,,,20.710634786389033,57.06025035518893,107.86000061035156,2026-09-09 12:30
NYSE:DIS,equity,https://www.tradingview.com/chart/?symbol=NYSE%3ADIS,False,False,,,-47.996992095595594,38.42249322099181,104.63999938964844,2026-09-09 12:30
NASDAQ:DKNG,equity,https://www.tradingview.com/chart/?symbol=NASDAQ%3ADKNG,False,False,,,-57.68281542693717,43.76212603608957,23.584999084472656,2026-09-09 12:30
NYSE:DKS,equity,https://www.tradingview.com/chart/?symbol=NYSE%3ADKS,False,False,,,-44.144571179650406,44.51777798576652,133.85000610351562,2026-09-09 12:30
NYSE:DLR,equity,https://www.tradingview.com/chart/?symbol=NYSE%3ADLR,False,False,,,8.373315432573806,54.307662556657014,189.0500030517578,2026-09-09 12:30
NASDAQ:DLTR,equity,https://www.tradingview.com/chart/?symbol=NASDAQ%3ADLTR,False,False,,,-74.628394157361,21.242832047527614,120.76499938964844,2026-09-09 12:30
NYSE:DOC,equity,https://www.tradingview.com/chart/?symbol=NYSE%3ADOC,False,False,,,-66.42020717833502,32.79437446300281,20.315000534057617,2026-09-09 12:30
NYSE:DOCN,equity,https://www.tradingview.com/chart/?symbol=NYSE%3ADOCN,False,False,,,80.98825483998066,75.48543843522981,132.74000549316406,2026-09-09 12:30
TSX:DOL,equity,https://www.tradingview.com/chart/?symbol=TSX%3ADOL,False,False,,,-56.33777265938562,28.497035971043076,171.36000061035156,2026-09-09 12:30
NYSE:DOV,equity,https://www.tradingview.com/chart/?symbol=NYSE%3ADOV,False,False,,,17.75371805397302,48.29948220112314,192.57000732421875,2026-09-09 12:30
NYSE:DOW,equity,https://www.tradingview.com/chart/?symbol=NYSE%3ADOW,False,False,,,-55.56015458674781,38.743205351683294,29.424999237060547,2026-09-09 12:30
NASDAQ:DPZ,equity,https://www.tradingview.com/chart/?symbol=NASDAQ%3ADPZ,False,False,,,-88.25721237556841,27.616762415127596,325.0450134277344,2026-09-09 12:30
NYSE:DRI,equity,https://www.tradingview.com/chart/?symbol=NYSE%3ADRI,False,False,,,-77.17711876110043,31.143045636418336,211.72500610351562,2026-09-09 12:30
NASDAQ:DRS,equity,https://www.tradingview.com/chart/?symbol=NASDAQ%3ADRS,False,False,,,-32.246960705962,32.0144564408339,36.290000915527344,2026-09-09 12:30
NYSE:DT,equity,https://www.tradingview.com/chart/?symbol=NYSE%3ADT,False,False,,,-43.38898486453235,40.008286337595344,50.72999954223633,2026-09-09 12:30
NYSE:DTE,equity,https://www.tradingview.com/chart/?symbol=NYSE%3ADTE,False,False,,,-15.210039692980745,37.78922911660721,135.47999572753906,2026-09-09 12:30
NYSE:DTM,equity,https://www.tradingview.com/chart/?symbol=NYSE%3ADTM,False,False,,,29.496902589980436,50.08468089194653,130.0850067138672,2026-09-09 12:30
NYSE:DUK,equity,https://www.tradingview.com/chart/?symbol=NYSE%3ADUK,False,False,,,-21.193275353650574,37.63816919961256,119.91999816894531,2026-09-09 12:30
NYSE:DVA,equity,https://www.tradingview.com/chart/?symbol=NYSE%3ADVA,False,False,,,7.101501065646566,60.82962912121779,184.2449951171875,2026-09-09 12:30
NYSE:DVN,equity,https://www.tradingview.com/chart/?symbol=NYSE%3ADVN,False,False,,,28.762610223200152,53.16954022078874,48.79999923706055,2026-09-09 12:30
NASDAQ:DXCM,equity,https://www.tradingview.com/chart/?symbol=NASDAQ%3ADXCM,False,False,,,-65.98262739512923,29.017569429469233,84.58999633789062,2026-09-09 12:30
NYSE:DY,equity,https://www.tradingview.com/chart/?symbol=NYSE%3ADY,False,False,,,4.9235533789543355,44.77360340237428,295.8699951171875,2026-09-09 12:30
NYSE:E,equity,https://www.tradingview.com/chart/?symbol=NYSE%3AE,False,False,,,44.7556682891797,66.81073394412454,55.79999923706055,2026-09-09 12:30
NASDAQ:EBAY,equity,https://www.tradingview.com/chart/?symbol=NASDAQ%3AEBAY,False,False,,,4.040805363706792,57.30710888399589,105.66000366210938,2026-09-09 12:30
NYSE:EC,equity,https://www.tradingview.com/chart/?symbol=NYSE%3AEC,False,False,,,56.894233613397375,60.55689660006275,17.790000915527344,2026-09-09 12:30
NASDAQ:ECHO,equity,https://www.tradingview.com/chart/?symbol=NASDAQ%3AECHO,False,False,,,21.825959207039208,52.538848341800154,90.93000030517578,2026-09-09 12:30
NYSE:ECL,equity,https://www.tradingview.com/chart/?symbol=NYSE%3AECL,False,False,,,-71.47682672501546,32.68321198797433,274.3349914550781,2026-09-09 12:30
NYSE:ED,equity,https://www.tradingview.com/chart/?symbol=NYSE%3AED,False,False,,,-18.36215813129293,37.098421625829765,106.93000030517578,2026-09-09 12:30
NYSE:EFX,equity,https://www.tradingview.com/chart/?symbol=NYSE%3AEFX,False,False,,,-51.4032324235968,28.890951041583804,169.3300018310547,2026-09-09 12:30
NYSE:EG,equity,https://www.tradingview.com/chart/?symbol=NYSE%3AEG,False,False,,,-63.77283028009569,33.82863698426803,369.6600036621094,2026-09-09 12:30
NYSE:EGP,equity,https://www.tradingview.com/chart/?symbol=NYSE%3AEGP,False,False,,,-1.4283156803526722,44.18197291435864,198.3000030517578,2026-09-09 12:30
NYSE:EHC,equity,https://www.tradingview.com/chart/?symbol=NYSE%3AEHC,False,False,,,-62.39575074728062,42.13781307489763,120.58000183105469,2026-09-09 12:30
NYSE:EIX,equity,https://www.tradingview.com/chart/?symbol=NYSE%3AEIX,False,False,,,38.61126687733937,49.66286857538052,58.06999969482422,2026-09-09 12:30
NYSE:EL,equity,https://www.tradingview.com/chart/?symbol=NYSE%3AEL,False,False,,,-53.70084670288988,35.18637722646977,98.52999877929688,2026-09-09 12:30
NYSE:ELAN,equity,https://www.tradingview.com/chart/?symbol=NYSE%3AELAN,False,False,,,-58.924387573090286,37.72163942785097,23.704999923706055,2026-09-09 12:30
NYSE:ELS,equity,https://www.tradingview.com/chart/?symbol=NYSE%3AELS,False,False,,,-85.57163518346236,22.74268429697716,61.02000045776367,2026-09-09 12:30
NYSE:ELV,equity,https://www.tradingview.com/chart/?symbol=NYSE%3AELV,False,False,,,-55.3943266145483,43.856354747741996,400.9800109863281,2026-09-09 12:30
TSX:EMA,equity,https://www.tradingview.com/chart/?symbol=TSX%3AEMA,False,False,,,4.968631678548927,44.69746053740864,69.45999908447266,2026-09-09 12:30
NYSE:EMBJ,equity,https://www.tradingview.com/chart/?symbol=NYSE%3AEMBJ,False,False,,,46.64509111732567,56.38535158175016,74.88999938964844,2026-09-09 12:30
NYSE:EME,equity,https://www.tradingview.com/chart/?symbol=NYSE%3AEME,False,False,,,28.35736706606204,54.89439014943979,761.8150024414062,2026-09-09 12:30
NYSE:EMR,equity,https://www.tradingview.com/chart/?symbol=NYSE%3AEMR,False,False,,,-9.21291398201541,47.01407780912788,151.5500030517578,2026-09-09 12:30
TSX:ENB,equity,https://www.tradingview.com/chart/?symbol=TSX%3AENB,False,False,,,-1.1921372689807217,49.22116874647942,69.5,2026-09-09 12:30
NYSE:ENB,equity,https://www.tradingview.com/chart/?symbol=NYSE%3AENB,False,False,,,7.493104175841395,50.45435290449185,50.35499954223633,2026-09-09 12:30
NASDAQ:ENLT,equity,https://www.tradingview.com/chart/?symbol=NASDAQ%3AENLT,False,False,,,-45.8101823173036,35.59391016609412,76.12999725341797,2026-09-09 12:30
NASDAQ:ENTG,equity,https://www.tradingview.com/chart/?symbol=NASDAQ%3AENTG,False,False,,,35.30655860264968,62.82066558768328,141.79249572753906,2026-09-09 12:30
NYSE:EOG,equity,https://www.tradingview.com/chart/?symbol=NYSE%3AEOG,False,False,,,20.161578965903235,53.40320074589472,147.00999450683594,2026-09-09 12:30
NYSE:EPD,equity,https://www.tradingview.com/chart/?symbol=NYSE%3AEPD,False,False,,,14.575787899728999,53.0279755113726,39.16999816894531,2026-09-09 12:30
NYSE:EQH,equity,https://www.tradingview.com/chart/?symbol=NYSE%3AEQH,False,False,,,-44.262579383469756,46.50026694075227,51.94499969482422,2026-09-09 12:30
NASDAQ:EQIX,equity,https://www.tradingview.com/chart/?symbol=NASDAQ%3AEQIX,False,False,,,-0.9527104300723147,50.85040388973352,1040.68994140625,2026-09-09 12:30
NYSE:EQNR,equity,https://www.tradingview.com/chart/?symbol=NYSE%3AEQNR,False,False,,,65.11148660757061,75.33254104966315,44.974998474121094,2026-09-09 12:30
NYSE:EQT,equity,https://www.tradingview.com/chart/?symbol=NYSE%3AEQT,False,False,,,-50.82989060145349,36.44295020298469,54.09000015258789,2026-09-09 12:30
NASDAQ:ERIC,equity,https://www.tradingview.com/chart/?symbol=NASDAQ%3AERIC,False,False,,,-31.618900348760217,51.51786865772754,10.100000381469727,2026-09-09 12:30
NYSE:ES,equity,https://www.tradingview.com/chart/?symbol=NYSE%3AES,False,False,,,-17.75358121337295,35.125398336657355,70.16999816894531,2026-09-09 12:30
NASDAQ:ESLT,equity,https://www.tradingview.com/chart/?symbol=NASDAQ%3AESLT,False,False,,,43.12036687819123,59.98006873082054,720.344970703125,2026-09-09 12:30
NYSE:ET,equity,https://www.tradingview.com/chart/?symbol=NYSE%3AET,False,False,,,51.36023888028606,60.33883289114419,21.6299991607666,2026-09-09 12:30
NYSE:ETN,equity,https://www.tradingview.com/chart/?symbol=NYSE%3AETN,False,False,,,24.99001502935623,57.593181410993424,417.4849853515625,2026-09-09 12:30
NYSE:ETR,equity,https://www.tradingview.com/chart/?symbol=NYSE%3AETR,False,False,,,-4.297346067474911,42.07310168373963,107.11000061035156,2026-09-09 12:30
NYSE:EVR,equity,https://www.tradingview.com/chart/?symbol=NYSE%3AEVR,False,False,,,-32.92343177793534,36.14884620010038,288.20001220703125,2026-09-09 12:30
NASDAQ:EVRG,equity,https://www.tradingview.com/chart/?symbol=NASDAQ%3AEVRG,False,False,,,-11.95805839681745,37.85263781396031,80.95999908447266,2026-09-09 12:30
NYSE:EW,equity,https://www.tradingview.com/chart/?symbol=NYSE%3AEW,False,False,,,-65.19470467312262,25.56039516468384,86.3550033569336,2026-09-09 12:30
NASDAQ:EXC,equity,https://www.tradingview.com/chart/?symbol=NASDAQ%3AEXC,False,False,,,-28.575422687144997,37.56453317464611,43.54499816894531,2026-09-09 12:30
NASDAQ:EXE,equity,https://www.tradingview.com/chart/?symbol=NASDAQ%3AEXE,False,False,,,-55.878794307192585,36.66479881314903,96.65499877929688,2026-09-09 12:30
NASDAQ:EXEL,equity,https://www.tradingview.com/chart/?symbol=NASDAQ%3AEXEL,False,False,,,-58.37842340270816,49.418435171510254,58.040000915527344,2026-09-09 12:30
NYSE:EXPD,equity,https://www.tradingview.com/chart/?symbol=NYSE%3AEXPD,False,False,,,-35.54044102265768,49.85523049802519,187.1999969482422,2026-09-09 12:30
NASDAQ:EXPE,equity,https://www.tradingview.com/chart/?symbol=NASDAQ%3AEXPE,False,False,,,-73.17802306114528,26.337051835505264,273.5400085449219,2026-09-09 12:30
NYSE:EXR,equity,https://www.tradingview.com/chart/?symbol=NYSE%3AEXR,False,False,,,-82.48619107091855,27.688915424838584,136.51499938964844,2026-09-09 12:30
NYSE:F,equity,https://www.tradingview.com/chart/?symbol=NYSE%3AF,False,False,,,-45.63216197950418,29.625062469094743,13.694999694824219,2026-09-09 12:30
NASDAQ:FANG,equity,https://www.tradingview.com/chart/?symbol=NASDAQ%3AFANG,False,False,,,2.4062721522324484,49.63429395939849,201.02000427246094,2026-09-09 12:30
NASDAQ:FAST,equity,https://www.tradingview.com/chart/?symbol=NASDAQ%3AFAST,False,False,,,-36.68032931844325,41.413730779093925,48.875,2026-09-09 12:30
NYSE:FCX,equity,https://www.tradingview.com/chart/?symbol=NYSE%3AFCX,False,False,,,38.38311768147371,60.601700133396605,76.87000274658203,2026-09-09 12:30
NYSE:FDX,equity,https://www.tradingview.com/chart/?symbol=NYSE%3AFDX,False,False,,,-75.85375955134906,28.763331623864715,309.95001220703125,2026-09-09 12:30
NYSE:FDXF,equity,https://www.tradingview.com/chart/?symbol=NYSE%3AFDXF,False,False,,,-32.029572604697755,42.19639892767668,126.6500015258789,2026-09-09 12:30
NYSE:FE,equity,https://www.tradingview.com/chart/?symbol=NYSE%3AFE,False,False,,,-60.59381884275846,33.29236810214783,45.85499954223633,2026-09-09 12:30
NASDAQ:FER,equity,https://www.tradingview.com/chart/?symbol=NASDAQ%3AFER,False,False,,,-66.39933732062416,22.0743731792779,56.619998931884766,2026-09-09 12:30
NYSE:FERG,equity,https://www.tradingview.com/chart/?symbol=NYSE%3AFERG,False,False,,,-29.469973350994124,40.013237403891125,223.3300018310547,2026-09-09 12:30
TSX:FFH,equity,https://www.tradingview.com/chart/?symbol=TSX%3AFFH,False,False,,,-69.40478301967374,30.844754890196143,2208.06005859375,2026-09-09 12:30
NASDAQ:FFIV,equity,https://www.tradingview.com/chart/?symbol=NASDAQ%3AFFIV,False,False,,,50.82041338329447,66.05907502756784,403.79998779296875,2026-09-09 12:30
NYSE:FHN,equity,https://www.tradingview.com/chart/?symbol=NYSE%3AFHN,False,False,,,-55.030111029826514,32.54423940158728,24.459999084472656,2026-09-09 12:30
NYSE:FICO,equity,https://www.tradingview.com/chart/?symbol=NYSE%3AFICO,False,False,,,-9.36929996693293,40.05539537410244,950.8400268554688,2026-09-09 12:30
NYSE:FIS,equity,https://www.tradingview.com/chart/?symbol=NYSE%3AFIS,False,False,,,-66.47443221258224,22.88026002889083,38.51499938964844,2026-09-09 12:30
NASDAQ:FISV,equity,https://www.tradingview.com/chart/?symbol=NASDAQ%3AFISV,False,False,,,-61.15548418880255,22.582370823761835,49.11000061035156,2026-09-09 12:30
NYSE:FITB,equity,https://www.tradingview.com/chart/?symbol=NYSE%3AFITB,False,False,,,-61.91382017163644,35.11546870428843,54.064998626708984,2026-09-09 12:30
NASDAQ:FIVE,equity,https://www.tradingview.com/chart/?symbol=NASDAQ%3AFIVE,False,False,,,4.995674264125832,48.48059771460245,249.3000030517578,2026-09-09 12:30
NYSE:FIX,equity,https://www.tradingview.com/chart/?symbol=NYSE%3AFIX,False,False,,,32.822455371308955,56.313852556379175,1627.780029296875,2026-09-09 12:30
NASDAQ:FLEX,equity,https://www.tradingview.com/chart/?symbol=NASDAQ%3AFLEX,False,False,,,49.536639673016204,61.96626327497578,113.01000213623047,2026-09-09 12:30
NYSE:FLUT,equity,https://www.tradingview.com/chart/?symbol=NYSE%3AFLUT,False,False,,,-46.59601973448924,42.30609142766534,98.62999725341797,2026-09-09 12:30
TSX:FM,equity,https://www.tradingview.com/chart/?symbol=TSX%3AFM,False,False,,,30.812662957565408,58.9009865324229,46.040000915527344,2026-09-09 12:30
NYSE:FMS,equity,https://www.tradingview.com/chart/?symbol=NYSE%3AFMS,False,False,,,-60.13150119009691,34.88003025412351,22.344999313354492,2026-09-09 12:30
NYSE:FMX,equity,https://www.tradingview.com/chart/?symbol=NYSE%3AFMX,False,False,,,-51.07146154116227,40.08695341579716,118.5199966430664,2026-09-09 12:30
NYSE:FN,equity,https://www.tradingview.com/chart/?symbol=NYSE%3AFN,False,False,,,51.28585533607358,61.65678411371509,422.04998779296875,2026-09-09 12:30
NYSE:FNF,equity,https://www.tradingview.com/chart/?symbol=NYSE%3AFNF,False,False,,,-60.23370627089136,22.704883611149768,44.29499816894531,2026-09-09 12:30
TSX:FNV,equity,https://www.tradingview.com/chart/?symbol=TSX%3AFNV,False,False,,,-5.975015728440574,55.14899174153958,368.70001220703125,2026-09-09 12:30
NYSE:FNV,equity,https://www.tradingview.com/chart/?symbol=NYSE%3AFNV,False,False,,,-2.5634338834559176,55.83913685972104,267.18499755859375,2026-09-09 12:30
NASDAQ:FOX,equity,https://www.tradingview.com/chart/?symbol=NASDAQ%3AFOX,False,False,,,-57.3723404007924,33.54664668349757,57.290000915527344,2026-09-09 12:30
NASDAQ:FOXA,equity,https://www.tradingview.com/chart/?symbol=NASDAQ%3AFOXA,False,False,,,-59.00405597913933,31.822123161082445,64.05000305175781,2026-09-09 12:30
NASDAQ:FSLR,equity,https://www.tradingview.com/chart/?symbol=NASDAQ%3AFSLR,False,False,,,17.152939560021455,44.720946076021576,205.38499450683594,2026-09-09 12:30
NASDAQ:FTAI,equity,https://www.tradingview.com/chart/?symbol=NASDAQ%3AFTAI,False,False,,,-33.646341694886786,32.348123781801675,184.18499755859375,2026-09-09 12:30
NYSE:FTI,equity,https://www.tradingview.com/chart/?symbol=NYSE%3AFTI,False,False,,,-39.47528537962325,45.008140595902105,78.37000274658203,2026-09-09 12:30
NASDAQ:FTNT,equity,https://www.tradingview.com/chart/?symbol=NASDAQ%3AFTNT,False,False,,,30.67179900789385,49.57910626523528,157.2100067138672,2026-09-09 12:30
TSX:FTS,equity,https://www.tradingview.com/chart/?symbol=TSX%3AFTS,False,False,,,-41.53383832865628,37.26442528122788,75.93000030517578,2026-09-09 12:30
NYSE:FTS,equity,https://www.tradingview.com/chart/?symbol=NYSE%3AFTS,False,False,,,-26.099013578225122,39.70414800174695,55.01499938964844,2026-09-09 12:30
NYSE:FTV,equity,https://www.tradingview.com/chart/?symbol=NYSE%3AFTV,False,False,,,-57.30964870546668,33.02269862134729,56.33000183105469,2026-09-09 12:30
NASDAQ:FUTU,equity,https://www.tradingview.com/chart/?symbol=NASDAQ%3AFUTU,False,False,,,-48.31567973344886,42.21340228804694,118.41999816894531,2026-09-09 12:30
NASDAQ:FWONK,equity,https://www.tradingview.com/chart/?symbol=NASDAQ%3AFWONK,False,False,,,-14.527992859706984,46.40976052983666,96.03500366210938,2026-09-09 12:30
NYSE:GD,equity,https://www.tradingview.com/chart/?symbol=NYSE%3AGD,False,False,,,-67.39784568391462,29.366743827248897,353.1199951171875,2026-09-09 12:30
NYSE:GDDY,equity,https://www.tradingview.com/chart/?symbol=NYSE%3AGDDY,False,False,,,-58.74889783255764,34.960603869646036,93.88999938964844,2026-09-09 12:30
NYSE:GE,equity,https://www.tradingview.com/chart/?symbol=NYSE%3AGE,False,False,,,-34.362988350485296,28.49668718132733,324.8699951171875,2026-09-09 12:30
NASDAQ:GEHC,equity,https://www.tradingview.com/chart/?symbol=NASDAQ%3AGEHC,False,False,,,-73.80951117806853,16.819863293735395,65.7300033569336,2026-09-09 12:30
NASDAQ:GEN,equity,https://www.tradingview.com/chart/?symbol=NASDAQ%3AGEN,False,False,,,-48.88212529478202,38.318841774892576,29.704999923706055,2026-09-09 12:30
NYSE:GEV,equity,https://www.tradingview.com/chart/?symbol=NYSE%3AGEV,False,False,,,29.052914466908124,54.945848292837816,953.8175048828125,2026-09-09 12:30
NYSE:GFI,equity,https://www.tradingview.com/chart/?symbol=NYSE%3AGFI,False,False,,,-35.83936202769598,52.05239983174614,47.310001373291016,2026-09-09 12:30
TSX:GFL,equity,https://www.tradingview.com/chart/?symbol=TSX%3AGFL,False,False,,,-57.86030488038426,36.61671595317931,58.0,2026-09-09 12:30
NYSE:GFL,equity,https://www.tradingview.com/chart/?symbol=NYSE%3AGFL,False,False,,,-57.99723380764727,37.395453869329984,42.040000915527344,2026-09-09 12:30
NASDAQ:GFS,equity,https://www.tradingview.com/chart/?symbol=NASDAQ%3AGFS,False,False,,,38.22100807604334,59.85108037763098,45.814998626708984,2026-09-09 12:30
NYSE:GGG,equity,https://www.tradingview.com/chart/?symbol=NYSE%3AGGG,False,False,,,-59.9987791337183,36.968285159342486,76.49500274658203,2026-09-09 12:30
NASDAQ:GH,equity,https://www.tradingview.com/chart/?symbol=NASDAQ%3AGH,False,False,,,32.16621254966231,57.5659405730781,164.6699981689453,2026-09-09 12:30
NYSE:GIB,equity,https://www.tradingview.com/chart/?symbol=NYSE%3AGIB,False,False,,,-74.87300533706139,20.529393934666857,68.58999633789062,2026-09-09 12:30
TSX:GIB.A,equity,https://www.tradingview.com/chart/?symbol=TSX%3AGIB.A,False,False,,,-75.41783900283737,18.265907803233617,94.6500015258789,2026-09-09 12:30
NASDAQ:GILD,equity,https://www.tradingview.com/chart/?symbol=NASDAQ%3AGILD,False,False,,,-49.003583262799815,37.7473368297885,146.02000427246094,2026-09-09 12:30
NYSE:GIS,equity,https://www.tradingview.com/chart/?symbol=NYSE%3AGIS,False,False,,,-46.957985991190924,32.99175617734008,37.154998779296875,2026-09-09 12:30
NYSE:GL,equity,https://www.tradingview.com/chart/?symbol=NYSE%3AGL,False,False,,,-59.165142920386906,32.254775905765726,169.80850219726562,2026-09-09 12:30
NASDAQ:GLPI,equity,https://www.tradingview.com/chart/?symbol=NASDAQ%3AGLPI,False,False,,,-66.58192819970519,35.35943859187202,41.46500015258789,2026-09-09 12:30
NYSE:GLW,equity,https://www.tradingview.com/chart/?symbol=NYSE%3AGLW,False,False,,,61.130867415072004,75.54008848780236,168.13499450683594,2026-09-09 12:30
NYSE:GM,equity,https://www.tradingview.com/chart/?symbol=NYSE%3AGM,False,False,,,-44.3179264433594,37.538846679245836,84.8499984741211,2026-09-09 12:30
NASDAQ:GMAB,equity,https://www.tradingview.com/chart/?symbol=NASDAQ%3AGMAB,False,False,,,-57.51997204841657,37.09997827501451,33.32500076293945,2026-09-09 12:30
NYSE:GNRC,equity,https://www.tradingview.com/chart/?symbol=NYSE%3AGNRC,False,False,,,26.003743381371162,50.92641589875611,187.42999267578125,2026-09-09 12:30
NASDAQ:GOOG,equity,https://www.tradingview.com/chart/?symbol=NASDAQ%3AGOOG,False,False,,,-66.23704085071243,38.20643501835988,328.82000732421875,2026-09-09 12:30
NASDAQ:GOOGL,equity,https://www.tradingview.com/chart/?symbol=NASDAQ%3AGOOGL,False,False,,,-67.71684478426262,36.80142499691642,331.135009765625,2026-09-09 12:30
NYSE:GPC,equity,https://www.tradingview.com/chart/?symbol=NYSE%3AGPC,False,False,,,-28.643154668154853,44.16687171258595,134.66000366210938,2026-09-09 12:30
NYSE:GPN,equity,https://www.tradingview.com/chart/?symbol=NYSE%3AGPN,False,False,,,-59.6396555822366,34.232569109267615,88.16999816894531,2026-09-09 12:30
NASDAQ:GRAB,equity,https://www.tradingview.com/chart/?symbol=NASDAQ%3AGRAB,False,False,,,-85.96619016316022,14.552272993708698,3.049999952316284,2026-09-09 12:30
NYSE:GRMN,equity,https://www.tradingview.com/chart/?symbol=NYSE%3AGRMN,False,False,,,-35.157662461168144,31.443257186601187,272.3299865722656,2026-09-09 12:30
NYSE:GS,equity,https://www.tradingview.com/chart/?symbol=NYSE%3AGS,False,False,,,-18.209839485778716,55.42897578018406,1037.3299560546875,2026-09-09 12:30
NYSE:GSK,equity,https://www.tradingview.com/chart/?symbol=NYSE%3AGSK,False,False,,,-43.90741361911446,33.23754324650717,48.81999969482422,2026-09-09 12:30
TSX:GWO,equity,https://www.tradingview.com/chart/?symbol=TSX%3AGWO,False,False,,,-46.02064758644482,39.867676521864475,90.16500091552734,2026-09-09 12:30
NYSE:GWRE,equity,https://www.tradingview.com/chart/?symbol=NYSE%3AGWRE,False,False,,,-49.3246821118027,21.808191721046597,144.3321990966797,2026-09-09 12:30
NYSE:GWW,equity,https://www.tradingview.com/chart/?symbol=NYSE%3AGWW,False,False,,,-38.48105510495327,39.791005883611106,1281.3800048828125,2026-09-09 12:30
NYSE:H,equity,https://www.tradingview.com/chart/?symbol=NYSE%3AH,False,False,,,-82.45261225372899,23.105520022017117,158.13999938964844,2026-09-09 12:30
TSX:H,equity,https://www.tradingview.com/chart/?symbol=TSX%3AH,False,False,,,-18.16788300796261,40.84953222922559,52.689998626708984,2026-09-09 12:30
NYSE:HAL,equity,https://www.tradingview.com/chart/?symbol=NYSE%3AHAL,False,False,,,-10.495099160980862,53.36676497059116,37.19499969482422,2026-09-09 12:30
NASDAQ:HAS,equity,https://www.tradingview.com/chart/?symbol=NASDAQ%3AHAS,False,False,,,-64.47157583070036,35.908266569155714,89.70500183105469,2026-09-09 12:30
NASDAQ:HBAN,equity,https://www.tradingview.com/chart/?symbol=NASDAQ%3AHBAN,False,False,,,-62.15921277163659,30.93375789541875,16.604999542236328,2026-09-09 12:30
TSX:HBM,equity,https://www.tradingview.com/chart/?symbol=TSX%3AHBM,False,False,,,36.1944224940641,58.54111311689491,39.880001068115234,2026-09-09 12:30
NYSE:HCA,equity,https://www.tradingview.com/chart/?symbol=NYSE%3AHCA,False,False,,,11.113662998530032,66.58482772861277,418.7149963378906,2026-09-09 12:30
NYSE:HD,equity,https://www.tradingview.com/chart/?symbol=NYSE%3AHD,False,False,,,-64.31490719302684,26.170825149045854,311.05499267578125,2026-09-09 12:30
NYSE:HDB,equity,https://www.tradingview.com/chart/?symbol=NYSE%3AHDB,False,False,,,-69.89112394942602,29.352558541698386,22.190000534057617,2026-09-09 12:30
NYSE:HEI,equity,https://www.tradingview.com/chart/?symbol=NYSE%3AHEI,False,False,,,-61.96605911375854,28.614523487577117,313.92498779296875,2026-09-09 12:30
NYSE:HIG,equity,https://www.tradingview.com/chart/?symbol=NYSE%3AHIG,False,False,,,-53.43796577966407,40.79326830657093,136.4199981689453,2026-09-09 12:30
NYSE:HII,equity,https://www.tradingview.com/chart/?symbol=NYSE%3AHII,False,False,,,-40.34870720240792,34.38060683454704,282.2349853515625,2026-09-09 12:30
NYSE:HLN,equity,https://www.tradingview.com/chart/?symbol=NYSE%3AHLN,False,False,,,-61.55595582326657,30.12614722112143,9.239999771118164,2026-09-09 12:30
NYSE:HLT,equity,https://www.tradingview.com/chart/?symbol=NYSE%3AHLT,False,False,,,-61.912077880362,41.13890411252765,307.30999755859375,2026-09-09 12:30
NYSE:HMC,equity,https://www.tradingview.com/chart/?symbol=NYSE%3AHMC,False,False,,,-36.13455796956637,39.538468108230575,31.434999465942383,2026-09-09 12:30
NASDAQ:HON,equity,https://www.tradingview.com/chart/?symbol=NASDAQ%3AHON,False,False,,,-49.70012974750415,37.556657690040176,206.30999755859375,2026-09-09 12:30
NASDAQ:HONA,equity,https://www.tradingview.com/chart/?symbol=NASDAQ%3AHONA,False,False,,,-50.128404616174954,35.179174556913736,152.627197265625,2026-09-09 12:30
NASDAQ:HOOD,equity,https://www.tradingview.com/chart/?symbol=NASDAQ%3AHOOD,False,False,,,-47.9890115199782,45.12925493025231,116.52999877929688,2026-09-09 12:30
NYSE:HPE,equity,https://www.tradingview.com/chart/?symbol=NYSE%3AHPE,False,False,,,69.42101269048216,71.52779670878584,58.07500076293945,2026-09-09 12:30
NYSE:HPQ,equity,https://www.tradingview.com/chart/?symbol=NYSE%3AHPQ,False,False,,,-6.822689567801159,51.479168399291936,31.68000030517578,2026-09-09 12:30
NYSE:HRL,equity,https://www.tradingview.com/chart/?symbol=NYSE%3AHRL,False,False,,,-59.89009791232204,27.668416400502963,21.094999313354492,2026-09-09 12:30
NYSE:HSBC,equity,https://www.tradingview.com/chart/?symbol=NYSE%3AHSBC,False,False,,,-53.14252503002317,43.48635124399169,105.44000244140625,2026-09-09 12:30
NASDAQ:HST,equity,https://www.tradingview.com/chart/?symbol=NASDAQ%3AHST,False,False,,,-51.93419207331355,37.95736238390866,21.915000915527344,2026-09-09 12:30
NYSE:HSY,equity,https://www.tradingview.com/chart/?symbol=NYSE%3AHSY,False,False,,,-63.04513682331253,37.01260637923984,171.5800018310547,2026-09-09 12:30
NASDAQ:HTHT,equity,https://www.tradingview.com/chart/?symbol=NASDAQ%3AHTHT,False,False,,,-66.06009685695459,31.164345053613516,44.13999938964844,2026-09-09 12:30
NYSE:HUBB,equity,https://www.tradingview.com/chart/?symbol=NYSE%3AHUBB,False,False,,,-1.5420808912304473,42.96770499415995,456.19000244140625,2026-09-09 12:30
NYSE:HUM,equity,https://www.tradingview.com/chart/?symbol=NYSE%3AHUM,False,False,,,-15.092988203920408,51.48819562006035,402.7799987792969,2026-09-09 12:30
NASDAQ:HUT,equity,https://www.tradingview.com/chart/?symbol=NASDAQ%3AHUT,False,False,,,37.31096848052309,59.7963884474568,94.81999969482422,2026-09-09 12:30
NYSE:HWM,equity,https://www.tradingview.com/chart/?symbol=NYSE%3AHWM,False,False,,,-56.40807618696464,25.976827615678488,231.3300018310547,2026-09-09 12:30
TSX:IAG,equity,https://www.tradingview.com/chart/?symbol=TSX%3AIAG,False,False,,,-55.90838456396485,36.483609862102234,199.27999877929688,2026-09-09 12:30
NASDAQ:IBKR,equity,https://www.tradingview.com/chart/?symbol=NASDAQ%3AIBKR,False,False,,,-41.840142243854906,45.73919662289688,91.5,2026-09-09 12:30
NYSE:IBM,equity,https://www.tradingview.com/chart/?symbol=NYSE%3AIBM,False,False,,,-7.182402566034331,61.34226124211559,236.625,2026-09-09 12:30
NYSE:IBN,equity,https://www.tradingview.com/chart/?symbol=NYSE%3AIBN,False,False,,,-79.80894955990762,24.00306147729995,29.135000228881836,2026-09-09 12:30
NYSE:ICE,equity,https://www.tradingview.com/chart/?symbol=NYSE%3AICE,False,False,,,-62.16752213605144,31.6508383603082,156.63999938964844,2026-09-09 12:30
NASDAQ:ICLR,equity,https://www.tradingview.com/chart/?symbol=NASDAQ%3AICLR,False,False,,,-31.925035566062576,40.085728037609535,158.7899932861328,2026-09-09 12:30
NASDAQ:IDXX,equity,https://www.tradingview.com/chart/?symbol=NASDAQ%3AIDXX,False,False,,,-60.34598760242921,30.535805121648565,516.2100219726562,2026-09-09 12:30
NASDAQ:IESC,equity,https://www.tradingview.com/chart/?symbol=NASDAQ%3AIESC,False,False,,,36.13546946009715,48.84029964373404,325.70001220703125,2026-09-09 12:30
NYSE:IEX,equity,https://www.tradingview.com/chart/?symbol=NYSE%3AIEX,False,False,,,55.66850604424534,50.85051355603161,225.39999389648438,2026-09-09 12:30
TSX:IFC,equity,https://www.tradingview.com/chart/?symbol=TSX%3AIFC,False,False,,,-69.27779682858842,33.43687574240779,258.0299987792969,2026-09-09 12:30
NYSE:IFF,equity,https://www.tradingview.com/chart/?symbol=NYSE%3AIFF,False,False,,,-83.68185989166555,32.27727297047943,84.52999877929688,2026-09-09 12:30
TSX:IGM,equity,https://www.tradingview.com/chart/?symbol=TSX%3AIGM,False,False,,,-54.537282759317314,31.399721494249974,84.83999633789062,2026-09-09 12:30
NYSE:IHG,equity,https://www.tradingview.com/chart/?symbol=NYSE%3AIHG,False,False,,,-67.7469188464686,26.903974888125674,154.3000030517578,2026-09-09 12:30
NASDAQ:ILMN,equity,https://www.tradingview.com/chart/?symbol=NASDAQ%3AILMN,False,False,,,-64.16668408942732,36.01458174955515,207.78500366210938,2026-09-09 12:30
TSX:IMO,equity,https://www.tradingview.com/chart/?symbol=TSX%3AIMO,False,False,,,21.706248377642776,51.33997726055851,181.75,2026-09-09 12:30
AMEX:IMO,equity,https://www.tradingview.com/chart/?symbol=AMEX%3AIMO,False,False,,,20.487765996345008,51.743845120305444,131.66000366210938,2026-09-09 12:30
NASDAQ:INCY,equity,https://www.tradingview.com/chart/?symbol=NASDAQ%3AINCY,False,False,,,-24.883495072351238,52.15089928845624,126.58999633789062,2026-09-09 12:30
NYSE:INFY,equity,https://www.tradingview.com/chart/?symbol=NYSE%3AINFY,False,False,,,-67.31764129663698,15.991019009184285,10.859999656677246,2026-09-09 12:30
NYSE:ING,equity,https://www.tradingview.com/chart/?symbol=NYSE%3AING,False,False,,,-30.173661461356573,44.76978556048172,36.69499969482422,2026-09-09 12:30
NASDAQ:INIO,equity,https://www.tradingview.com/chart/?symbol=NASDAQ%3AINIO,False,False,,,14.776416499821236,45.91426874541811,20.75,2026-09-09 12:30
NASDAQ:INSM,equity,https://www.tradingview.com/chart/?symbol=NASDAQ%3AINSM,False,False,,,29.39646452540369,70.41124954365051,129.89999389648438,2026-09-09 12:30
NASDAQ:INTC,equity,https://www.tradingview.com/chart/?symbol=NASDAQ%3AINTC,False,False,,,63.0008045880137,77.27063873423288,105.70500183105469,2026-09-09 12:30
NASDAQ:INTU,equity,https://www.tradingview.com/chart/?symbol=NASDAQ%3AINTU,False,False,,,-51.20471896604182,31.178241530401095,315.6099853515625,2026-09-09 12:30
NYSE:INVH,equity,https://www.tradingview.com/chart/?symbol=NYSE%3AINVH,False,False,,,-75.23632108874723,33.182041286905104,28.149999618530273,2026-09-09 12:30
NYSE:IONQ,equity,https://www.tradingview.com/chart/?symbol=NYSE%3AIONQ,False,False,,,-11.750693469400568,44.06022993054766,38.724998474121094,2026-09-09 12:30
NYSE:IOT,equity,https://www.tradingview.com/chart/?symbol=NYSE%3AIOT,False,False,,,-36.74572077984436,42.60797288800862,38.23500061035156,2026-09-09 12:30
NYSE:IP,equity,https://www.tradingview.com/chart/?symbol=NYSE%3AIP,False,False,,,-59.18439404832793,25.63312394871147,35.3650016784668,2026-09-09 12:30
NYSE:IQV,equity,https://www.tradingview.com/chart/?symbol=NYSE%3AIQV,False,False,,,-70.70251613726836,29.708829985748025,255.2324981689453,2026-09-09 12:30
NYSE:IR,equity,https://www.tradingview.com/chart/?symbol=NYSE%3AIR,False,False,,,-60.42147352998234,34.93896809374354,74.08499908447266,2026-09-09 12:30
NASDAQ:IREN,equity,https://www.tradingview.com/chart/?symbol=NASDAQ%3AIREN,False,False,,,23.771651879340833,59.47887344821218,45.599998474121094,2026-09-09 12:30
NYSE:IRM,equity,https://www.tradingview.com/chart/?symbol=NYSE%3AIRM,False,False,,,-10.987745665425598,44.20266133790789,115.4000015258789,2026-09-09 12:30
NASDAQ:ISRG,equity,https://www.tradingview.com/chart/?symbol=NASDAQ%3AISRG,False,False,,,-57.89828446967005,32.01449074658406,351.3599853515625,2026-09-09 12:30
NYSE:ITUB,equity,https://www.tradingview.com/chart/?symbol=NYSE%3AITUB,False,False,,,-8.479562189798306,50.1313124358268,8.160499572753906,2026-09-09 12:30
NYSE:ITW,equity,https://www.tradingview.com/chart/?symbol=NYSE%3AITW,False,False,,,-69.8715024487157,30.798398975507283,264.92999267578125,2026-09-09 12:30
TSX:IVN,equity,https://www.tradingview.com/chart/?symbol=TSX%3AIVN,False,False,,,73.59069751524346,82.12914996356297,13.520000457763672,2026-09-09 12:30
NYSE:IVZ,equity,https://www.tradingview.com/chart/?symbol=NYSE%3AIVZ,False,False,,,-45.23208156717822,39.90878638220997,32.275001525878906,2026-09-09 12:30
NYSE:J,equity,https://www.tradingview.com/chart/?symbol=NYSE%3AJ,False,False,,,-70.84243615745709,30.059018457319695,142.36000061035156,2026-09-09 12:30
NASDAQ:JAZZ,equity,https://www.tradingview.com/chart/?symbol=NASDAQ%3AJAZZ,False,False,,,-64.21306051976109,38.42625421942949,240.1199951171875,2026-09-09 12:30
NASDAQ:JBHT,equity,https://www.tradingview.com/chart/?symbol=NASDAQ%3AJBHT,False,False,,,6.808950920652958,41.68878442405915,266.260009765625,2026-09-09 12:30
NYSE:JBL,equity,https://www.tradingview.com/chart/?symbol=NYSE%3AJBL,False,False,,,50.8839222899279,65.31042840503153,312.70001220703125,2026-09-09 12:30
NYSE:JBS,equity,https://www.tradingview.com/chart/?symbol=NYSE%3AJBS,False,False,,,-55.61359465979766,32.576555252321,12.71500015258789,2026-09-09 12:30
NYSE:JCI,equity,https://www.tradingview.com/chart/?symbol=NYSE%3AJCI,False,False,,,31.640840999287647,64.03605699919308,145.42999267578125,2026-09-09 12:30
NASDAQ:JD,equity,https://www.tradingview.com/chart/?symbol=NASDAQ%3AJD,False,False,,,-58.78761084344783,29.326919673667035,27.0049991607666,2026-09-09 12:30
NYSE:JEF,equity,https://www.tradingview.com/chart/?symbol=NYSE%3AJEF,False,False,,,27.034759641354196,62.62128726965333,55.68000030517578,2026-09-09 12:30
NYSE:JHX,equity,https://www.tradingview.com/chart/?symbol=NYSE%3AJHX,False,False,,,-34.52188675722764,44.64516551502547,29.46500015258789,2026-09-09 12:30
NYSE:JLL,equity,https://www.tradingview.com/chart/?symbol=NYSE%3AJLL,False,False,,,-68.1381405479027,30.874179960694917,348.6199951171875,2026-09-09 12:30
NYSE:JNJ,equity,https://www.tradingview.com/chart/?symbol=NYSE%3AJNJ,False,False,,,-55.82460536030459,34.48344208823818,267.8699951171875,2026-09-09 12:30
NYSE:JPM,equity,https://www.tradingview.com/chart/?symbol=NYSE%3AJPM,False,False,,,-44.3985549025165,46.624033276344946,355.3949890136719,2026-09-09 12:30
NYSE:KB,equity,https://www.tradingview.com/chart/?symbol=NYSE%3AKB,False,False,,,-29.39618091207909,40.98370981428857,126.93000030517578,2026-09-09 12:30
NASDAQ:KDP,equity,https://www.tradingview.com/chart/?symbol=NASDAQ%3AKDP,False,False,,,-45.15504535509046,46.829592457862766,32.459999084472656,2026-09-09 12:30
NYSE:KEP,equity,https://www.tradingview.com/chart/?symbol=NYSE%3AKEP,False,False,,,19.65204298630908,54.69899635934875,12.265000343322754,2026-09-09 12:30
NYSE:KEY,equity,https://www.tradingview.com/chart/?symbol=NYSE%3AKEY,False,False,,,-48.72140248780033,38.33249315677344,21.700000762939453,2026-09-09 12:30
NYSE:KEYS,equity,https://www.tradingview.com/chart/?symbol=NYSE%3AKEYS,False,False,,,46.278373154674746,60.00486278374003,330.69000244140625,2026-09-09 12:30
NYSE:KGC,equity,https://www.tradingview.com/chart/?symbol=NYSE%3AKGC,False,False,,,-42.825202127511034,44.09877012197346,30.364999771118164,2026-09-09 12:30
NASDAQ:KHC,equity,https://www.tradingview.com/chart/?symbol=NASDAQ%3AKHC,False,False,,,-29.94456694288809,41.672753000066514,24.834999084472656,2026-09-09 12:30
NYSE:KIM,equity,https://www.tradingview.com/chart/?symbol=NYSE%3AKIM,False,False,,,-66.41325090944714,35.24975101702351,23.545000076293945,2026-09-09 12:30
NYSE:KKR,equity,https://www.tradingview.com/chart/?symbol=NYSE%3AKKR,False,False,,,-77.29742246503666,29.96556013773875,104.0,2026-09-09 12:30
NASDAQ:KLAC,equity,https://www.tradingview.com/chart/?symbol=NASDAQ%3AKLAC,False,False,,,4.064773142251525,49.74765347090426,182.10000610351562,2026-09-09 12:30
NASDAQ:KMB,equity,https://www.tradingview.com/chart/?symbol=NASDAQ%3AKMB,False,False,,,-82.89300440820448,15.29709493603633,98.3550033569336,2026-09-09 12:30
NYSE:KMI,equity,https://www.tradingview.com/chart/?symbol=NYSE%3AKMI,False,False,,,-1.1691980730114906,44.43380562728593,31.530000686645508,2026-09-09 12:30
NYSE:KNX,equity,https://www.tradingview.com/chart/?symbol=NYSE%3AKNX,False,False,,,-26.503640521852077,38.4388804711242,68.98500061035156,2026-09-09 12:30
NYSE:KO,equity,https://www.tradingview.com/chart/?symbol=NYSE%3AKO,False,False,,,-32.1263516919572,41.42199255595014,87.87000274658203,2026-09-09 12:30
NYSE:KOF,equity,https://www.tradingview.com/chart/?symbol=NYSE%3AKOF,False,False,,,-32.02203619389699,44.38494781407633,110.45500183105469,2026-09-09 12:30
NYSE:KR,equity,https://www.tradingview.com/chart/?symbol=NYSE%3AKR,False,False,,,-54.62762195450515,28.754580730723617,56.619998931884766,2026-09-09 12:30
NASDAQ:KSPI,equity,https://www.tradingview.com/chart/?symbol=NASDAQ%3AKSPI,False,False,,,-75.03506743077193,27.853087596821325,101.875,2026-09-09 12:30
NYSE:KVUE,equity,https://www.tradingview.com/chart/?symbol=NYSE%3AKVUE,False,False,,,-89.14566975650696,17.607746071897353,17.735000610351562,2026-09-09 12:30
NYSE:L,equity,https://www.tradingview.com/chart/?symbol=NYSE%3AL,False,False,,,-38.00838223218745,45.02634885346894,108.66000366210938,2026-09-09 12:30
TSX:L,equity,https://www.tradingview.com/chart/?symbol=TSX%3AL,False,False,,,-24.948204422004938,50.891255893230856,62.439998626708984,2026-09-09 12:30
NYSE:LDOS,equity,https://www.tradingview.com/chart/?symbol=NYSE%3ALDOS,False,False,,,-47.380049047771344,33.55072559965747,128.9600067138672,2026-09-09 12:30
NASDAQ:LECO,equity,https://www.tradingview.com/chart/?symbol=NASDAQ%3ALECO,False,False,,,-21.074661770281793,45.35975150678135,273.2099914550781,2026-09-09 12:30
NYSE:LEN,equity,https://www.tradingview.com/chart/?symbol=NYSE%3ALEN,False,False,,,-69.10695098738974,28.081650707626565,80.17500305175781,2026-09-09 12:30
NYSE:LH,equity,https://www.tradingview.com/chart/?symbol=NYSE%3ALH,False,False,,,-61.958722590075716,33.53309995118359,320.8699951171875,2026-09-09 12:30
NYSE:LHX,equity,https://www.tradingview.com/chart/?symbol=NYSE%3ALHX,False,False,,,-63.97386030628493,27.45216485907315,252.32000732421875,2026-09-09 12:30
NASDAQ:LI,equity,https://www.tradingview.com/chart/?symbol=NASDAQ%3ALI,False,False,,,-12.207547028592705,41.826080589428955,12.0649995803833,2026-09-09 12:30
NYSE:LII,equity,https://www.tradingview.com/chart/?symbol=NYSE%3ALII,False,False,,,-56.77104561697655,32.12428383826176,376.4599914550781,2026-09-09 12:30
NASDAQ:LIN,equity,https://www.tradingview.com/chart/?symbol=NASDAQ%3ALIN,False,False,,,-68.33097332377749,26.056262524047398,466.3500061035156,2026-09-09 12:30
NASDAQ:LITE,equity,https://www.tradingview.com/chart/?symbol=NASDAQ%3ALITE,False,False,,,67.91357440532288,74.67845444736037,1008.55908203125,2026-09-09 12:30
NYSE:LLY,equity,https://www.tradingview.com/chart/?symbol=NYSE%3ALLY,False,False,,,-45.97396915251583,37.79784920257891,1126.239990234375,2026-09-09 12:30
NYSE:LMT,equity,https://www.tradingview.com/chart/?symbol=NYSE%3ALMT,False,False,,,-18.27094998299736,36.38971481355315,526.0,2026-09-09 12:30
NYSE:LNG,equity,https://www.tradingview.com/chart/?symbol=NYSE%3ALNG,False,False,,,-54.57626413678403,29.83096186872966,275.49749755859375,2026-09-09 12:30
NASDAQ:LNT,equity,https://www.tradingview.com/chart/?symbol=NASDAQ%3ALNT,False,False,,,-9.461935133406628,35.724100937734164,67.5,2026-09-09 12:30
NASDAQ:LOGI,equity,https://www.tradingview.com/chart/?symbol=NASDAQ%3ALOGI,False,False,,,-27.99519878684535,41.64454653377172,98.08000183105469,2026-09-09 12:30
NYSE:LOW,equity,https://www.tradingview.com/chart/?symbol=NYSE%3ALOW,False,False,,,-56.12841643409655,36.84538898171532,198.88999938964844,2026-09-09 12:30
NASDAQ:LPLA,equity,https://www.tradingview.com/chart/?symbol=NASDAQ%3ALPLA,False,False,,,-53.56460261116545,44.16591992268736,351.82000732421875,2026-09-09 12:30
NASDAQ:LRCX,equity,https://www.tradingview.com/chart/?symbol=NASDAQ%3ALRCX,False,False,,,37.290945444502945,61.08492583293062,315.67999267578125,2026-09-09 12:30
NASDAQ:LSCC,equity,https://www.tradingview.com/chart/?symbol=NASDAQ%3ALSCC,False,False,,,50.891985395329236,55.61489946401003,117.11000061035156,2026-09-09 12:30
NYSE:LTM,equity,https://www.tradingview.com/chart/?symbol=NYSE%3ALTM,False,False,,,-5.968549213358512,50.26688387014313,52.08000183105469,2026-09-09 12:30
TSX:LUG,equity,https://www.tradingview.com/chart/?symbol=TSX%3ALUG,False,False,,,-71.17663714469354,37.05337031476048,95.91999816894531,2026-09-09 12:30
NASDAQ:LULU,equity,https://www.tradingview.com/chart/?symbol=NASDAQ%3ALULU,False,False,,,-44.66305699642368,29.58079431527993,99.90499877929688,2026-09-09 12:30
TSX:LUN,equity,https://www.tradingview.com/chart/?symbol=TSX%3ALUN,False,False,,,26.040295114436834,57.35364300356282,37.220001220703125,2026-09-09 12:30
NYSE:LUV,equity,https://www.tradingview.com/chart/?symbol=NYSE%3ALUV,False,False,,,-41.02461747643095,41.51310836231904,38.56999969482422,2026-09-09 12:30
NYSE:LVS,equity,https://www.tradingview.com/chart/?symbol=NYSE%3ALVS,False,False,,,-84.93716625839761,24.954072957804712,42.8650016784668,2026-09-09 12:30
NYSE:LYB,equity,https://www.tradingview.com/chart/?symbol=NYSE%3ALYB,False,False,,,-17.404115395382032,46.20606638439195,64.44000244140625,2026-09-09 12:30
NYSE:LYG,equity,https://www.tradingview.com/chart/?symbol=NYSE%3ALYG,False,False,,,-72.98434015410822,36.535024245953714,5.945000171661377,2026-09-09 12:30
NYSE:LYV,equity,https://www.tradingview.com/chart/?symbol=NYSE%3ALYV,False,False,,,-58.58213336455919,34.935339109482896,170.52999877929688,2026-09-09 12:30
NYSE:MA,equity,https://www.tradingview.com/chart/?symbol=NYSE%3AMA,False,False,,,-61.24822491911697,37.63001799543559,570.4349975585938,2026-09-09 12:30
NYSE:MAA,equity,https://www.tradingview.com/chart/?symbol=NYSE%3AMAA,False,False,,,-80.9153329161998,40.22143336194071,127.40499877929688,2026-09-09 12:30
NYSE:MAIR,equity,https://www.tradingview.com/chart/?symbol=NYSE%3AMAIR,False,False,,,-14.97078931611084,44.35865579391654,25.59000015258789,2026-09-09 12:30
NASDAQ:MAR,equity,https://www.tradingview.com/chart/?symbol=NASDAQ%3AMAR,False,False,,,-64.65394941418911,38.26630610278874,329.80499267578125,2026-09-09 12:30
NYSE:MAS,equity,https://www.tradingview.com/chart/?symbol=NYSE%3AMAS,False,False,,,-50.95082439406506,30.413954819026642,69.44000244140625,2026-09-09 12:30
NYSE:MCD,equity,https://www.tradingview.com/chart/?symbol=NYSE%3AMCD,False,False,,,-65.157027090375,41.80699779026803,255.61000061035156,2026-09-09 12:30
NASDAQ:MCHP,equity,https://www.tradingview.com/chart/?symbol=NASDAQ%3AMCHP,False,False,,,-23.57352802832914,47.83679125452509,73.22000122070312,2026-09-09 12:30
NYSE:MCK,equity,https://www.tradingview.com/chart/?symbol=NYSE%3AMCK,False,False,,,-53.13880715667273,41.25313470588884,894.7650146484375,2026-09-09 12:30
NYSE:MCO,equity,https://www.tradingview.com/chart/?symbol=NYSE%3AMCO,False,False,,,-61.78103935786877,32.0217284682691,476.2099914550781,2026-09-09 12:30
NASDAQ:MDB,equity,https://www.tradingview.com/chart/?symbol=NASDAQ%3AMDB,False,False,,,-40.88943278948043,38.464350665804204,362.92999267578125,2026-09-09 12:30
NASDAQ:MDGL,equity,https://www.tradingview.com/chart/?symbol=NASDAQ%3AMDGL,False,False,,,-16.929925705381233,54.9900125314094,542.1875,2026-09-09 12:30
NASDAQ:MDLN,equity,https://www.tradingview.com/chart/?symbol=NASDAQ%3AMDLN,False,False,,,-62.983538584861776,29.34475630658902,34.34000015258789,2026-09-09 12:30
NASDAQ:MDLZ,equity,https://www.tradingview.com/chart/?symbol=NASDAQ%3AMDLZ,False,False,,,30.736280023474027,54.92915529003691,61.90999984741211,2026-09-09 12:30
NYSE:MDT,equity,https://www.tradingview.com/chart/?symbol=NYSE%3AMDT,False,False,,,-22.040283124745486,47.393650956276446,92.55000305175781,2026-09-09 12:30
NASDAQ:MEDP,equity,https://www.tradingview.com/chart/?symbol=NASDAQ%3AMEDP,False,False,,,-49.013178170496964,37.10871475384513,581.1599731445312,2026-09-09 12:30
NASDAQ:MELI,equity,https://www.tradingview.com/chart/?symbol=NASDAQ%3AMELI,False,False,,,-77.46008485973513,27.705589376467927,1881.18994140625,2026-09-09 12:30
NYSE:MET,equity,https://www.tradingview.com/chart/?symbol=NYSE%3AMET,False,False,,,-50.26164227384933,38.62347921311597,95.44999694824219,2026-09-09 12:30
NASDAQ:META,equity,https://www.tradingview.com/chart/?symbol=NASDAQ%3AMETA,False,False,,,83.1272507141092,81.86404820514534,653.5850219726562,2026-09-09 12:30
TSX:MFC,equity,https://www.tradingview.com/chart/?symbol=TSX%3AMFC,False,False,,,-57.63736164760286,33.71547914257543,59.41999816894531,2026-09-09 12:30
NYSE:MFC,equity,https://www.tradingview.com/chart/?symbol=NYSE%3AMFC,False,False,,,-62.8311666704509,34.121438280493535,43.04999923706055,2026-09-09 12:30
NYSE:MFG,equity,https://www.tradingview.com/chart/?symbol=NYSE%3AMFG,False,False,,,-76.12363231013069,39.530951943139506,10.984999656677246,2026-09-09 12:30
TSX:MG,equity,https://www.tradingview.com/chart/?symbol=TSX%3AMG,False,False,,,-36.894015388548404,35.535201310926055,90.47000122070312,2026-09-09 12:30
NYSE:MGA,equity,https://www.tradingview.com/chart/?symbol=NYSE%3AMGA,False,False,,,-39.290348437362404,35.438716139146166,65.5199966430664,2026-09-09 12:30
NYSE:MGM,equity,https://www.tradingview.com/chart/?symbol=NYSE%3AMGM,False,False,,,-81.09786400628002,31.45948360908295,40.224998474121094,2026-09-09 12:30
NYSE:MICC,equity,https://www.tradingview.com/chart/?symbol=NYSE%3AMICC,False,False,,,-34.23681029666491,38.454733409563204,19.225000381469727,2026-09-09 12:30
NYSE:MKC,equity,https://www.tradingview.com/chart/?symbol=NYSE%3AMKC,False,False,,,-57.10530856040673,33.416961286192375,51.415000915527344,2026-09-09 12:30
NASDAQ:MKSI,equity,https://www.tradingview.com/chart/?symbol=NASDAQ%3AMKSI,False,False,,,43.1738893937085,63.83973334144371,267.2349853515625,2026-09-09 12:30
NYSE:MLI,equity,https://www.tradingview.com/chart/?symbol=NYSE%3AMLI,False,False,,,14.679990533588951,53.36388254578797,63.525001525878906,2026-09-09 12:30
NYSE:MLM,equity,https://www.tradingview.com/chart/?symbol=NYSE%3AMLM,False,False,,,-49.75768657897641,36.663113141365244,507.1199951171875,2026-09-09 12:30
NYSE:MMM,equity,https://www.tradingview.com/chart/?symbol=NYSE%3AMMM,False,False,,,-60.679232569669864,31.49195773534177,164.86000061035156,2026-09-09 12:30
NASDAQ:MNST,equity,https://www.tradingview.com/chart/?symbol=NASDAQ%3AMNST,False,False,,,-75.92774841443844,27.275952407308154,42.48500061035156,2026-09-09 12:30
NYSE:MO,equity,https://www.tradingview.com/chart/?symbol=NYSE%3AMO,False,False,,,-67.91585298863802,35.81539883074974,67.75499725341797,2026-09-09 12:30
NYSE:MOD,equity,https://www.tradingview.com/chart/?symbol=NYSE%3AMOD,False,False,,,-2.0621829140828773,43.5441221284723,186.875,2026-09-09 12:30
NYSE:MOH,equity,https://www.tradingview.com/chart/?symbol=NYSE%3AMOH,False,False,,,-72.20903080638017,35.79917923026515,193.33999633789062,2026-09-09 12:30
NYSE:MPC,equity,https://www.tradingview.com/chart/?symbol=NYSE%3AMPC,False,False,,,58.10214030916785,68.6744827768741,400.44000244140625,2026-09-09 12:30
NYSE:MPLX,equity,https://www.tradingview.com/chart/?symbol=NYSE%3AMPLX,False,False,,,58.59375741799005,60.81427184286238,60.310001373291016,2026-09-09 12:30
NASDAQ:MPWR,equity,https://www.tradingview.com/chart/?symbol=NASDAQ%3AMPWR,False,False,,,-39.32619986296502,38.99068947914381,1204.5400390625,2026-09-09 12:30
NYSE:MRK,equity,https://www.tradingview.com/chart/?symbol=NYSE%3AMRK,False,False,,,-59.25671306221174,38.635766382285226,148.0449981689453,2026-09-09 12:30
NASDAQ:MRNA,equity,https://www.tradingview.com/chart/?symbol=NASDAQ%3AMRNA,False,False,,,-80.40360669667972,33.25810311130253,137.72500610351562,2026-09-09 12:30
NYSE:MRSH,equity,https://www.tradingview.com/chart/?symbol=NYSE%3AMRSH,False,False,,,-78.91485914537206,14.325770071811661,177.30999755859375,2026-09-09 12:30
TSX:MRU,equity,https://www.tradingview.com/chart/?symbol=TSX%3AMRU,False,False,,,36.732407936917525,57.72423718565597,90.08000183105469,2026-09-09 12:30
NASDAQ:MRVL,equity,https://www.tradingview.com/chart/?symbol=NASDAQ%3AMRVL,False,False,,,67.39253622325334,70.98485570610234,236.52000427246094,2026-09-09 12:30
NYSE:MS,equity,https://www.tradingview.com/chart/?symbol=NYSE%3AMS,False,False,,,-14.488165611727723,51.716298128325775,216.47000122070312,2026-09-09 12:30
NYSE:MSCI,equity,https://www.tradingview.com/chart/?symbol=NYSE%3AMSCI,False,False,,,-46.1539138139957,41.49683840134473,554.760009765625,2026-09-09 12:30
NASDAQ:MSFT,equity,https://www.tradingview.com/chart/?symbol=NASDAQ%3AMSFT,False,False,,,-41.21073394002875,40.9981675070609,493.1050109863281,2026-09-09 12:30
NYSE:MSI,equity,https://www.tradingview.com/chart/?symbol=NYSE%3AMSI,False,False,,,-38.83377722959247,40.167869491705,464.7850036621094,2026-09-09 12:30
NASDAQ:MSTR,equity,https://www.tradingview.com/chart/?symbol=NASDAQ%3AMSTR,False,False,,,-34.06081214121138,48.08880629471342,135.5500030517578,2026-09-09 12:30
NYSE:MT,equity,https://www.tradingview.com/chart/?symbol=NYSE%3AMT,False,False,,,-14.616142628870904,55.776507599466036,77.37000274658203,2026-09-09 12:30
NYSE:MTB,equity,https://www.tradingview.com/chart/?symbol=NYSE%3AMTB,False,False,,,-37.201891373025774,43.725195207524735,237.88999938964844,2026-09-09 12:30
NYSE:MTD,equity,https://www.tradingview.com/chart/?symbol=NYSE%3AMTD,False,False,,,-86.57123825355556,21.296063841549483,1296.5150146484375,2026-09-09 12:30
NASDAQ:MTSI,equity,https://www.tradingview.com/chart/?symbol=NASDAQ%3AMTSI,False,False,,,62.92264393329799,70.96974013523257,284.32000732421875,2026-09-09 12:30
NYSE:MTZ,equity,https://www.tradingview.com/chart/?symbol=NYSE%3AMTZ,False,False,,,24.89761989059876,50.248044298531205,241.93499755859375,2026-09-09 12:30
NASDAQ:MU,equity,https://www.tradingview.com/chart/?symbol=NASDAQ%3AMU,False,False,,,45.60069048964067,62.32063823012394,1022.7399291992188,2026-09-09 12:30
NYSE:MUFG,equity,https://www.tradingview.com/chart/?symbol=NYSE%3AMUFG,False,False,,,-63.162181665291506,35.48770854527518,23.2549991607666,2026-09-09 12:30
NYSE:MUSA,equity,https://www.tradingview.com/chart/?symbol=NYSE%3AMUSA,False,False,,,-33.7099815942799,43.82697937160324,508.20001220703125,2026-09-09 12:30
TSX:NA,equity,https://www.tradingview.com/chart/?symbol=TSX%3ANA,False,False,,,-58.453567953702475,36.045742645828994,211.94000244140625,2026-09-09 12:30
NASDAQ:NBIS,equity,https://www.tradingview.com/chart/?symbol=NASDAQ%3ANBIS,False,False,,,53.23743263510395,68.71486508802039,241.9250030517578,2026-09-09 12:30
NASDAQ:NBIX,equity,https://www.tradingview.com/chart/?symbol=NASDAQ%3ANBIX,False,False,,,-67.73393514448803,40.51244394211625,154.2449951171875,2026-09-09 12:30
NASDAQ:NDAQ,equity,https://www.tradingview.com/chart/?symbol=NASDAQ%3ANDAQ,False,False,,,-57.100381366601376,34.091678601146626,94.79000091552734,2026-09-09 12:30
NASDAQ:NDSN,equity,https://www.tradingview.com/chart/?symbol=NASDAQ%3ANDSN,False,False,,,-45.22412030395685,41.23273686237,315.1199951171875,2026-09-09 12:30
NYSE:NEE,equity,https://www.tradingview.com/chart/?symbol=NYSE%3ANEE,False,False,,,-22.184432178278588,38.20804217550829,82.83999633789062,2026-09-09 12:30
NYSE:NEM,equity,https://www.tradingview.com/chart/?symbol=NYSE%3ANEM,False,False,,,9.796301128639767,56.3043776072071,129.33999633789062,2026-09-09 12:30
NYSE:NET,equity,https://www.tradingview.com/chart/?symbol=NYSE%3ANET,False,False,,,77.27551563504703,79.3959405583469,312.7799987792969,2026-09-09 12:30
NASDAQ:NFLX,equity,https://www.tradingview.com/chart/?symbol=NASDAQ%3ANFLX,False,False,,,-49.77323735211318,25.609927805214042,76.40010070800781,2026-09-09 12:30
NYSE:NGG,equity,https://www.tradingview.com/chart/?symbol=NYSE%3ANGG,False,False,,,-30.577741261454197,30.92952558972624,77.2699966430664,2026-09-09 12:30
NYSE:NI,equity,https://www.tradingview.com/chart/?symbol=NYSE%3ANI,False,False,,,6.392078973929368,47.448289421957135,41.5,2026-09-09 12:30
NYSE:NIO,equity,https://www.tradingview.com/chart/?symbol=NYSE%3ANIO,False,False,,,-44.26977205504419,38.458595432313764,3.740000009536743,2026-09-09 12:30
NYSE:NKE,equity,https://www.tradingview.com/chart/?symbol=NYSE%3ANKE,False,False,,,-84.78625468753252,30.410456278369807,37.19499969482422,2026-09-09 12:30
NYSE:NLY,equity,https://www.tradingview.com/chart/?symbol=NYSE%3ANLY,False,False,,,-31.79728973826542,47.47550669418643,22.774999618530273,2026-09-09 12:30
NYSE:NMR,equity,https://www.tradingview.com/chart/?symbol=NYSE%3ANMR,False,False,,,-28.970995415750178,42.533753870374234,10.475000381469727,2026-09-09 12:30
NYSE:NOC,equity,https://www.tradingview.com/chart/?symbol=NYSE%3ANOC,False,False,,,-18.370928823559858,36.10878170081464,516.5800170898438,2026-09-09 12:30
NYSE:NOK,equity,https://www.tradingview.com/chart/?symbol=NYSE%3ANOK,False,False,,,65.40113539208879,74.11063181497249,10.835000038146973,2026-09-09 12:30
NYSE:NOW,equity,https://www.tradingview.com/chart/?symbol=NYSE%3ANOW,False,False,,,-57.86128605491254,31.57015177407321,131.27000427246094,2026-09-09 12:30
NYSE:NRG,equity,https://www.tradingview.com/chart/?symbol=NYSE%3ANRG,False,False,,,6.3044216667311845,47.91441693949281,116.0,2026-09-09 12:30
NYSE:NSC,equity,https://www.tradingview.com/chart/?symbol=NYSE%3ANSC,False,False,,,-82.41775570861161,32.97812411824478,325.2349853515625,2026-09-09 12:30
NASDAQ:NTAP,equity,https://www.tradingview.com/chart/?symbol=NASDAQ%3ANTAP,False,False,,,37.45129851038952,49.72871894123497,186.0399932861328,2026-09-09 12:30
NASDAQ:NTES,equity,https://www.tradingview.com/chart/?symbol=NASDAQ%3ANTES,False,False,,,-46.33680000785321,26.801840734711618,115.875,2026-09-09 12:30
NASDAQ:NTNX,equity,https://www.tradingview.com/chart/?symbol=NASDAQ%3ANTNX,False,False,,,-17.72209034548106,47.974015455348315,67.44000244140625,2026-09-09 12:30
TSX:NTR,equity,https://www.tradingview.com/chart/?symbol=TSX%3ANTR,False,False,,,57.8830553430167,60.175726895804445,112.04000091552734,2026-09-09 12:30
NYSE:NTR,equity,https://www.tradingview.com/chart/?symbol=NYSE%3ANTR,False,False,,,52.12611037020738,59.97700542621214,81.17500305175781,2026-09-09 12:30
NASDAQ:NTRA,equity,https://www.tradingview.com/chart/?symbol=NASDAQ%3ANTRA,False,False,,,21.39535772981578,54.477076468169926,328.3500061035156,2026-09-09 12:30
NASDAQ:NTRS,equity,https://www.tradingview.com/chart/?symbol=NASDAQ%3ANTRS,False,False,,,-36.53217462443984,45.035208107895706,184.89999389648438,2026-09-09 12:30
NYSE:NU,equity,https://www.tradingview.com/chart/?symbol=NYSE%3ANU,False,False,,,-54.66990939155175,47.71474852054721,15.225000381469727,2026-09-09 12:30
NYSE:NUE,equity,https://www.tradingview.com/chart/?symbol=NYSE%3ANUE,False,False,,,-6.733569329351956,51.18556537340269,259.2149963378906,2026-09-09 12:30
NASDAQ:NVDA,equity,https://www.tradingview.com/chart/?symbol=NASDAQ%3ANVDA,False,False,,,-49.86613471454774,43.269402992549885,224.27000427246094,2026-09-09 12:30
NASDAQ:NVMI,equity,https://www.tradingview.com/chart/?symbol=NASDAQ%3ANVMI,False,False,,,24.007620130114343,62.23167610644493,377.8299865722656,2026-09-09 12:30
NYSE:NVO,equity,https://www.tradingview.com/chart/?symbol=NYSE%3ANVO,False,False,,,-60.01016036998086,28.615504068320476,44.755001068115234,2026-09-09 12:30
NYSE:NVR,equity,https://www.tradingview.com/chart/?symbol=NYSE%3ANVR,False,False,,,-55.05351114847051,35.57840108435758,6144.009765625,2026-09-09 12:30
NYSE:NVS,equity,https://www.tradingview.com/chart/?symbol=NYSE%3ANVS,False,False,,,-59.20653584937103,16.030558162082258,137.6750030517578,2026-09-09 12:30
NYSE:NVT,equity,https://www.tradingview.com/chart/?symbol=NYSE%3ANVT,False,False,,,35.28113111382758,60.5452754862447,160.02000427246094,2026-09-09 12:30
NYSE:NWG,equity,https://www.tradingview.com/chart/?symbol=NYSE%3ANWG,False,False,,,-54.963921803090464,43.367795628044746,18.645000457763672,2026-09-09 12:30
NASDAQ:NWS,equity,https://www.tradingview.com/chart/?symbol=NASDAQ%3ANWS,False,False,,,-53.95713256846605,32.61165354862682,33.11000061035156,2026-09-09 12:30
NASDAQ:NWSA,equity,https://www.tradingview.com/chart/?symbol=NASDAQ%3ANWSA,False,False,,,-58.07890993718434,33.73453869139382,29.645000457763672,2026-09-09 12:30
NASDAQ:NXPI,equity,https://www.tradingview.com/chart/?symbol=NASDAQ%3ANXPI,False,False,,,-36.30045637678517,50.20507612365548,225.6999969482422,2026-09-09 12:30
NASDAQ:NXT,equity,https://www.tradingview.com/chart/?symbol=NASDAQ%3ANXT,False,False,,,-11.061819716186328,37.45601243643545,82.23999786376953,2026-09-09 12:30
NYSE:NYT,equity,https://www.tradingview.com/chart/?symbol=NYSE%3ANYT,False,False,,,-45.88294247806539,40.59418301058766,66.56500244140625,2026-09-09 12:30
NYSE:O,equity,https://www.tradingview.com/chart/?symbol=NYSE%3AO,False,False,,,-80.8802344613374,26.948364538612324,60.2599983215332,2026-09-09 12:30
NYSE:OC,equity,https://www.tradingview.com/chart/?symbol=NYSE%3AOC,False,False,,,-48.499237682871296,28.043752578699042,129.0050048828125,2026-09-09 12:30
NASDAQ:ODFL,equity,https://www.tradingview.com/chart/?symbol=NASDAQ%3AODFL,False,False,,,-25.465021101749823,31.477142131426916,181.35000610351562,2026-09-09 12:30
NYSE:OHI,equity,https://www.tradingview.com/chart/?symbol=NYSE%3AOHI,False,False,,,-15.192910451267727,48.125804853297616,46.75,2026-09-09 12:30
NYSE:OKE,equity,https://www.tradingview.com/chart/?symbol=NYSE%3AOKE,False,False,,,18.757155038044477,45.66285308143866,95.7300033569336,2026-09-09 12:30
NASDAQ:OKTA,equity,https://www.tradingview.com/chart/?symbol=NASDAQ%3AOKTA,False,False,,,10.94217081624616,56.811754628147035,170.8300018310547,2026-09-09 12:30
NYSE:OMC,equity,https://www.tradingview.com/chart/?symbol=NYSE%3AOMC,False,False,,,-81.85311607768564,24.65847048056338,77.8550033569336,2026-09-09 12:30
NASDAQ:ON,equity,https://www.tradingview.com/chart/?symbol=NASDAQ%3AON,False,False,,,-58.629418619545454,39.36474112507915,71.36000061035156,2026-09-09 12:30
NASDAQ:ONC,equity,https://www.tradingview.com/chart/?symbol=NASDAQ%3AONC,False,False,,,-53.40710101714157,39.53398817981793,349.9649963378906,2026-09-09 12:30
NYSE:ONON,equity,https://www.tradingview.com/chart/?symbol=NYSE%3AONON,False,False,,,-56.98392799382523,34.878528782246065,27.065000534057617,2026-09-09 12:30
NYSE:ONTO,equity,https://www.tradingview.com/chart/?symbol=NYSE%3AONTO,False,False,,,47.57609500268438,65.27030419471012,282.1199951171875,2026-09-09 12:30
NYSE:ORCL,equity,https://www.tradingview.com/chart/?symbol=NYSE%3AORCL,False,False,,,33.383752022048554,67.72871875539668,163.125,2026-09-09 12:30
NASDAQ:ORLY,equity,https://www.tradingview.com/chart/?symbol=NASDAQ%3AORLY,False,False,,,-55.57776171093787,37.89428795099478,85.6050033569336,2026-09-09 12:30
NYSE:OTIS,equity,https://www.tradingview.com/chart/?symbol=NYSE%3AOTIS,False,False,,,-77.56380219583606,36.533000171849515,69.33499908447266,2026-09-09 12:30
NYSE:OVV,equity,https://www.tradingview.com/chart/?symbol=NYSE%3AOVV,False,False,,,-15.502256399254522,44.71150398774051,64.66000366210938,2026-09-09 12:30
NYSE:OWL,equity,https://www.tradingview.com/chart/?symbol=NYSE%3AOWL,False,False,,,-85.04035542473098,18.125254528090593,10.885000228881836,2026-09-09 12:30
NYSE:OXY,equity,https://www.tradingview.com/chart/?symbol=NYSE%3AOXY,False,False,,,45.72599848336895,56.64450188813754,61.33000183105469,2026-09-09 12:30
NYSE:P,equity,https://www.tradingview.com/chart/?symbol=NYSE%3AP,False,False,,,18.920390944978276,47.323056681777175,98.05000305175781,2026-09-09 12:30
NASDAQ:PAA,equity,https://www.tradingview.com/chart/?symbol=NASDAQ%3APAA,False,False,,,56.249361622045285,60.911113366646426,25.940000534057617,2026-09-09 12:30
TSX:PAAS,equity,https://www.tradingview.com/chart/?symbol=TSX%3APAAS,False,False,,,16.29422297982246,63.04712689531992,73.22000122070312,2026-09-09 12:30
NYSE:PAAS,equity,https://www.tradingview.com/chart/?symbol=NYSE%3APAAS,False,False,,,23.93475161404209,62.45831586876179,53.060001373291016,2026-09-09 12:30
NYSE:PAC,equity,https://www.tradingview.com/chart/?symbol=NYSE%3APAC,False,False,,,-57.16279084616423,43.822418560748034,205.65499877929688,2026-09-09 12:30
NYSE:PAG,equity,https://www.tradingview.com/chart/?symbol=NYSE%3APAG,False,False,,,-60.69919636314457,45.16429254038077,217.53500366210938,2026-09-09 12:30
NASDAQ:PANW,equity,https://www.tradingview.com/chart/?symbol=NASDAQ%3APANW,False,False,,,26.548660888993012,45.974886241324455,334.5899963378906,2026-09-09 12:30
NASDAQ:PAYX,equity,https://www.tradingview.com/chart/?symbol=NASDAQ%3APAYX,False,False,,,-70.41744103570655,16.61898693201144,115.19999694824219,2026-09-09 12:30
NYSE:PBA,equity,https://www.tradingview.com/chart/?symbol=NYSE%3APBA,False,False,,,48.67947265259045,63.04428284562732,49.400001525878906,2026-09-09 12:30
NYSE:PBR,equity,https://www.tradingview.com/chart/?symbol=NYSE%3APBR,False,False,,,43.599896499241645,61.71790745352583,20.950000762939453,2026-09-09 12:30
NASDAQ:PCAR,equity,https://www.tradingview.com/chart/?symbol=NASDAQ%3APCAR,False,False,,,-63.32578799845811,23.98171692328134,120.52999877929688,2026-09-09 12:30
NYSE:PCG,equity,https://www.tradingview.com/chart/?symbol=NYSE%3APCG,False,False,,,23.443725102718883,49.80303980061746,14.354999542236328,2026-09-09 12:30
NASDAQ:PDD,equity,https://www.tradingview.com/chart/?symbol=NASDAQ%3APDD,False,False,,,-66.28883004625722,27.165395577931662,78.88909912109375,2026-09-09 12:30
NYSE:PEG,equity,https://www.tradingview.com/chart/?symbol=NYSE%3APEG,False,False,,,-24.16316973607133,27.762741661527528,72.16500091552734,2026-09-09 12:30
NYSE:PEN,equity,https://www.tradingview.com/chart/?symbol=NYSE%3APEN,False,False,,,-53.817430905060654,37.83510609541559,319.8900146484375,2026-09-09 12:30
NASDAQ:PEP,equity,https://www.tradingview.com/chart/?symbol=NASDAQ%3APEP,False,False,,,-60.23123492887496,34.516407247283254,136.5800018310547,2026-09-09 12:30
NYSE:PFE,equity,https://www.tradingview.com/chart/?symbol=NYSE%3APFE,False,False,,,-56.70603975840654,38.42447183513492,27.934999465942383,2026-09-09 12:30
NASDAQ:PFG,equity,https://www.tradingview.com/chart/?symbol=NASDAQ%3APFG,False,False,,,-58.82454127224668,39.74277561443317,113.4000015258789,2026-09-09 12:30
NYSE:PFGC,equity,https://www.tradingview.com/chart/?symbol=NYSE%3APFGC,False,False,,,-81.00585298436361,25.50457978811862,95.84500122070312,2026-09-09 12:30
NYSE:PG,equity,https://www.tradingview.com/chart/?symbol=NYSE%3APG,False,False,,,-75.43733326310628,31.741556040099198,142.94000244140625,2026-09-09 12:30
NYSE:PGR,equity,https://www.tradingview.com/chart/?symbol=NYSE%3APGR,False,False,,,-57.64782267561851,37.783476969509145,215.16900634765625,2026-09-09 12:30
NYSE:PH,equity,https://www.tradingview.com/chart/?symbol=NYSE%3APH,False,False,,,-61.11977532360052,38.938211803045164,953.5,2026-09-09 12:30
NYSE:PHG,equity,https://www.tradingview.com/chart/?symbol=NYSE%3APHG,False,False,,,-71.3929638583214,22.06930815598183,25.155000686645508,2026-09-09 12:30
NYSE:PHM,equity,https://www.tradingview.com/chart/?symbol=NYSE%3APHM,False,False,,,-67.69473278871386,22.7984400784389,118.56999969482422,2026-09-09 12:30
NYSE:PINS,equity,https://www.tradingview.com/chart/?symbol=NYSE%3APINS,False,False,,,-80.51707332171561,17.384046691705862,18.834999084472656,2026-09-09 12:30
NYSE:PKG,equity,https://www.tradingview.com/chart/?symbol=NYSE%3APKG,False,False,,,-59.06404721833568,28.931663709280855,229.30499267578125,2026-09-09 12:30
NYSE:PKX,equity,https://www.tradingview.com/chart/?symbol=NYSE%3APKX,False,False,,,1.449630850250528,58.50560532186517,62.744998931884766,2026-09-09 12:30
NYSE:PLD,equity,https://www.tradingview.com/chart/?symbol=NYSE%3APLD,False,False,,,-24.79388134588881,29.293309575397146,135.49000549316406,2026-09-09 12:30
NASDAQ:PLTR,equity,https://www.tradingview.com/chart/?symbol=NASDAQ%3APLTR,False,False,,,-43.00614563452226,39.02678090699585,170.77999877929688,2026-09-09 12:30
NYSE:PM,equity,https://www.tradingview.com/chart/?symbol=NYSE%3APM,False,False,,,-20.72474605318196,47.416379566198884,185.08999633789062,2026-09-09 12:30
NYSE:PNC,equity,https://www.tradingview.com/chart/?symbol=NYSE%3APNC,False,False,,,-57.28428443403711,35.41500782990539,241.41000366210938,2026-09-09 12:30
NYSE:PNFP,equity,https://www.tradingview.com/chart/?symbol=NYSE%3APNFP,False,False,,,-37.52046593647179,36.08137890005325,99.43000030517578,2026-09-09 12:30
NYSE:PNW,equity,https://www.tradingview.com/chart/?symbol=NYSE%3APNW,False,False,,,-22.263755898189334,33.76162831976828,96.62999725341797,2026-09-09 12:30
NASDAQ:PODD,equity,https://www.tradingview.com/chart/?symbol=NASDAQ%3APODD,False,False,,,-60.80266055913566,42.32741256524955,142.07000732421875,2026-09-09 12:30
TSX:POW,equity,https://www.tradingview.com/chart/?symbol=TSX%3APOW,False,False,,,-45.15259563932443,40.55881904116108,92.36000061035156,2026-09-09 12:30
NYSE:PPG,equity,https://www.tradingview.com/chart/?symbol=NYSE%3APPG,False,False,,,-60.58580737418142,29.89089757021138,107.7750015258789,2026-09-09 12:30
NYSE:PPL,equity,https://www.tradingview.com/chart/?symbol=NYSE%3APPL,False,False,,,-23.293490437207478,34.779706629648445,34.505001068115234,2026-09-09 12:30
TSX:PPL,equity,https://www.tradingview.com/chart/?symbol=TSX%3APPL,False,False,,,53.154127212789355,63.68199626456198,68.18000030517578,2026-09-09 12:30
NYSE:PR,equity,https://www.tradingview.com/chart/?symbol=NYSE%3APR,False,False,,,17.74302523456891,51.81863488946315,23.684999465942383,2026-09-09 12:30
NYSE:PRU,equity,https://www.tradingview.com/chart/?symbol=NYSE%3APRU,False,False,,,-61.92994447882194,27.87548850599225,117.87999725341797,2026-09-09 12:30
NYSE:PSA,equity,https://www.tradingview.com/chart/?symbol=NYSE%3APSA,False,False,,,-79.62257656089182,28.913942276183178,296.1000061035156,2026-09-09 12:30
NYSE:PSX,equity,https://www.tradingview.com/chart/?symbol=NYSE%3APSX,False,False,,,52.44407225233535,64.68572877055304,260.9800109863281,2026-09-09 12:30
NASDAQ:PTC,equity,https://www.tradingview.com/chart/?symbol=NASDAQ%3APTC,False,False,,,-63.159785036665994,22.655177557969083,131.05999755859375,2026-09-09 12:30
NYSE:PUK,equity,https://www.tradingview.com/chart/?symbol=NYSE%3APUK,False,False,,,-66.24770464608558,33.94159173317607,27.165000915527344,2026-09-09 12:30
NYSE:PWR,equity,https://www.tradingview.com/chart/?symbol=NYSE%3APWR,False,False,,,28.40131297459099,53.30410998913252,631.905029296875,2026-09-09 12:30
NASDAQ:PYPL,equity,https://www.tradingview.com/chart/?symbol=NASDAQ%3APYPL,False,False,,,-52.07618587701641,34.16452804103882,52.814998626708984,2026-09-09 12:30
NYSE:Q,equity,https://www.tradingview.com/chart/?symbol=NYSE%3AQ,False,False,,,57.41847216476302,71.16797563550813,126.19000244140625,2026-09-09 12:30
TSX:QBR.B,equity,https://www.tradingview.com/chart/?symbol=TSX%3AQBR.B,False,False,,,21.28023778154935,59.97177713765815,63.540000915527344,2026-09-09 12:30
NASDAQ:QCOM,equity,https://www.tradingview.com/chart/?symbol=NASDAQ%3AQCOM,False,False,,,42.57303129777289,57.32131906629354,175.2899932861328,2026-09-09 12:30
NYSE:QSR,equity,https://www.tradingview.com/chart/?symbol=NYSE%3AQSR,False,False,,,-58.766842498181596,36.2440990893378,77.63999938964844,2026-09-09 12:30
NYSE:R,equity,https://www.tradingview.com/chart/?symbol=NYSE%3AR,False,False,,,-43.51411049768526,42.48436509220099,245.1199951171875,2026-09-09 12:30
NYSE:RACE,equity,https://www.tradingview.com/chart/?symbol=NYSE%3ARACE,False,False,,,-59.4050955634469,33.6173541246316,403.3399963378906,2026-09-09 12:30
NYSE:RBA,equity,https://www.tradingview.com/chart/?symbol=NYSE%3ARBA,False,False,,,-61.78837444213158,34.91693937696466,81.16999816894531,2026-09-09 12:30
NYSE:RBC,equity,https://www.tradingview.com/chart/?symbol=NYSE%3ARBC,False,False,,,-19.65788263001394,43.675957730405706,487.3500061035156,2026-09-09 12:30
NYSE:RBLX,equity,https://www.tradingview.com/chart/?symbol=NYSE%3ARBLX,False,False,,,29.194460436519066,63.73409608366923,44.59000015258789,2026-09-09 12:30
NYSE:RBRK,equity,https://www.tradingview.com/chart/?symbol=NYSE%3ARBRK,False,False,,,-35.36392400144812,42.2666854375593,90.29000091552734,2026-09-09 12:30
NYSE:RCI,equity,https://www.tradingview.com/chart/?symbol=NYSE%3ARCI,False,False,,,-46.70865572622529,43.07245580770911,36.709999084472656,2026-09-09 12:30
TSX:RCI.A,equity,https://www.tradingview.com/chart/?symbol=TSX%3ARCI.A,False,False,,,43.04870055251445,51.63500033425214,52.08000183105469,2026-09-09 09:30
TSX:RCI.B,equity,https://www.tradingview.com/chart/?symbol=TSX%3ARCI.B,False,False,,,-42.576542492421545,41.93518159842416,50.66999816894531,2026-09-09 12:30
NYSE:RCL,equity,https://www.tradingview.com/chart/?symbol=NYSE%3ARCL,False,False,,,-46.12667454168889,33.01976305121235,260.0899963378906,2026-09-09 12:30
NYSE:RDDT,equity,https://www.tradingview.com/chart/?symbol=NYSE%3ARDDT,False,False,,,-80.96574999450054,33.76107610520495,147.74000549316406,2026-09-09 12:30
NASDAQ:REGN,equity,https://www.tradingview.com/chart/?symbol=NASDAQ%3AREGN,False,False,,,-64.82993136004967,36.362717944184105,805.7849731445312,2026-09-09 12:30
NYSE:RELX,equity,https://www.tradingview.com/chart/?symbol=NYSE%3ARELX,False,False,,,-59.212345601461614,29.271609718578958,34.224998474121094,2026-09-09 12:30
NYSE:RF,equity,https://www.tradingview.com/chart/?symbol=NYSE%3ARF,False,False,,,-56.94744702432527,31.99459249632193,29.825000762939453,2026-09-09 12:30
NYSE:RGA,equity,https://www.tradingview.com/chart/?symbol=NYSE%3ARGA,False,False,,,-66.5128180851383,32.53564941374023,246.07000732421875,2026-09-09 12:30
NASDAQ:RGLD,equity,https://www.tradingview.com/chart/?symbol=NASDAQ%3ARGLD,False,False,,,15.9857469092965,55.116718227662645,263.864990234375,2026-09-09 12:30
NYSE:RIO,equity,https://www.tradingview.com/chart/?symbol=NYSE%3ARIO,False,False,,,-3.7300376020901562,49.45727928420207,103.54000091552734,2026-09-09 12:30
NASDAQ:RIVN,equity,https://www.tradingview.com/chart/?symbol=NASDAQ%3ARIVN,False,False,,,62.77948415189936,65.61287883137638,16.281299591064453,2026-09-09 12:30
NYSE:RJF,equity,https://www.tradingview.com/chart/?symbol=NYSE%3ARJF,False,False,,,-67.91954970404431,36.47464376965327,175.14999389648438,2026-09-09 12:30
NASDAQ:RKLB,equity,https://www.tradingview.com/chart/?symbol=NASDAQ%3ARKLB,False,False,,,10.070206327650846,43.80796409577211,63.849998474121094,2026-09-09 12:30
NYSE:RKT,equity,https://www.tradingview.com/chart/?symbol=NYSE%3ARKT,False,False,,,-52.983882224397114,42.94095385846592,13.635000228881836,2026-09-09 12:30
NYSE:RL,equity,https://www.tradingview.com/chart/?symbol=NYSE%3ARL,False,False,,,-34.85882729629643,37.45872342482063,340.5450134277344,2026-09-09 12:30
NASDAQ:RMBS,equity,https://www.tradingview.com/chart/?symbol=NASDAQ%3ARMBS,False,False,,,41.9558416571736,55.876244961864764,87.25499725341797,2026-09-09 12:30
NYSE:RMD,equity,https://www.tradingview.com/chart/?symbol=NYSE%3ARMD,False,False,,,-69.76891275886733,23.449201674050997,218.6699981689453,2026-09-09 12:30
NASDAQ:ROIV,equity,https://www.tradingview.com/chart/?symbol=NASDAQ%3AROIV,False,False,,,67.10672245624846,80.82921539861391,42.029998779296875,2026-09-09 12:30
NYSE:ROK,equity,https://www.tradingview.com/chart/?symbol=NYSE%3AROK,False,False,,,-39.74526122031431,46.52078434635369,428.0801086425781,2026-09-09 12:30
NASDAQ:ROKU,equity,https://www.tradingview.com/chart/?symbol=NASDAQ%3AROKU,False,False,,,-68.27546853927372,28.614685818920506,153.10000610351562,2026-09-09 12:30
NYSE:ROL,equity,https://www.tradingview.com/chart/?symbol=NYSE%3AROL,False,False,,,-63.98112388225696,31.569066273834082,34.60499954223633,2026-09-09 12:30
NASDAQ:ROP,equity,https://www.tradingview.com/chart/?symbol=NASDAQ%3AROP,False,False,,,-56.64069865308841,27.310532523612252,393.625,2026-09-09 12:30
NASDAQ:ROST,equity,https://www.tradingview.com/chart/?symbol=NASDAQ%3AROST,False,False,,,-66.17526486636528,35.41275381099037,226.0124969482422,2026-09-09 12:30
NYSE:RPM,equity,https://www.tradingview.com/chart/?symbol=NYSE%3ARPM,False,False,,,-49.817818730809854,29.864385795234085,100.48999786376953,2026-09-09 12:30
NASDAQ:RPRX,equity,https://www.tradingview.com/chart/?symbol=NASDAQ%3ARPRX,False,False,,,-40.58539656202128,39.166409115572,60.47999954223633,2026-09-09 12:30
NYSE:RRX,equity,https://www.tradingview.com/chart/?symbol=NYSE%3ARRX,False,False,,,-5.360487728495669,47.86997100364788,162.32000732421875,2026-09-09 12:30
NYSE:RS,equity,https://www.tradingview.com/chart/?symbol=NYSE%3ARS,False,False,,,-48.176908001214976,42.147044981583775,396.0950012207031,2026-09-09 12:30
NYSE:RSG,equity,https://www.tradingview.com/chart/?symbol=NYSE%3ARSG,False,False,,,-56.37039616230982,44.698668175231184,221.2550048828125,2026-09-09 12:30
NYSE:RTO,equity,https://www.tradingview.com/chart/?symbol=NYSE%3ARTO,False,False,,,-82.18242711356665,24.75250652990222,22.895000457763672,2026-09-09 12:30
NYSE:RTX,equity,https://www.tradingview.com/chart/?symbol=NYSE%3ARTX,False,False,,,-60.33056404479665,39.68518581467959,198.83999633789062,2026-09-09 12:30
NASDAQ:RVMD,equity,https://www.tradingview.com/chart/?symbol=NASDAQ%3ARVMD,False,False,,,-2.470853643698642,51.960520892479146,209.8000030517578,2026-09-09 12:30
NYSE:RVTY,equity,https://www.tradingview.com/chart/?symbol=NYSE%3ARVTY,False,False,,,-78.817533833789,25.675317889534853,122.82499694824219,2026-09-09 12:30
TSX:RY,equity,https://www.tradingview.com/chart/?symbol=TSX%3ARY,False,False,,,-63.38644434697588,38.54627122480496,285.9100036621094,2026-09-09 12:30
NYSE:RY,equity,https://www.tradingview.com/chart/?symbol=NYSE%3ARY,False,False,,,-68.38289549884239,38.90916557574651,207.16000366210938,2026-09-09 12:30
NASDAQ:RYAAY,equity,https://www.tradingview.com/chart/?symbol=NASDAQ%3ARYAAY,False,False,,,-45.45104176407971,38.38501107730896,54.029998779296875,2026-09-09 12:30
NASDAQ:SAIA,equity,https://www.tradingview.com/chart/?symbol=NASDAQ%3ASAIA,False,False,,,-7.098801694613443,43.45218493052657,347.489990234375,2026-09-09 12:30
NYSE:SAN,equity,https://www.tradingview.com/chart/?symbol=NYSE%3ASAN,False,False,,,-65.1733389114774,40.60072302895499,14.6850004196167,2026-09-09 12:30
NASDAQ:SANM,equity,https://www.tradingview.com/chart/?symbol=NASDAQ%3ASANM,False,False,,,42.9793163011274,67.47490161500815,205.52499389648438,2026-09-09 12:30
NYSE:SAP,equity,https://www.tradingview.com/chart/?symbol=NYSE%3ASAP,False,False,,,-23.025382250625153,42.93832735914251,211.27999877929688,2026-09-09 12:30
TSX:SAP,equity,https://www.tradingview.com/chart/?symbol=TSX%3ASAP,False,False,,,-45.31946472933664,40.24687446197793,39.77000045776367,2026-09-09 12:30
NASDAQ:SATA,equity,https://www.tradingview.com/chart/?symbol=NASDAQ%3ASATA,False,False,,,-30.78287851044108,53.039869588571364,100.0,2026-09-09 12:30
NASDAQ:SBAC,equity,https://www.tradingview.com/chart/?symbol=NASDAQ%3ASBAC,False,False,,,-37.69060480387373,45.184337407989375,187.60499572753906,2026-09-09 12:30
NYSE:SBS,equity,https://www.tradingview.com/chart/?symbol=NYSE%3ASBS,False,False,,,11.835681137828018,51.92217381827524,5.190000057220459,2026-09-09 12:30
NASDAQ:SBUX,equity,https://www.tradingview.com/chart/?symbol=NASDAQ%3ASBUX,False,False,,,-80.58152672391346,25.596834563002957,100.68000030517578,2026-09-09 12:30
NYSE:SCCO,equity,https://www.tradingview.com/chart/?symbol=NYSE%3ASCCO,False,False,,,34.81709189473862,60.74130158802019,210.7299041748047,2026-09-09 12:30
NYSE:SCHW,equity,https://www.tradingview.com/chart/?symbol=NYSE%3ASCHW,False,False,,,-63.22146059102935,39.97457929040914,107.45999908447266,2026-09-09 12:30
NYSE:SCI,equity,https://www.tradingview.com/chart/?symbol=NYSE%3ASCI,False,False,,,-82.32280805325762,23.326587606242654,79.11000061035156,2026-09-09 12:30
NYSE:SE,equity,https://www.tradingview.com/chart/?symbol=NYSE%3ASE,False,False,,,-53.94435868979847,34.58359139075105,109.61000061035156,2026-09-09 12:30
NYSE:SF,equity,https://www.tradingview.com/chart/?symbol=NYSE%3ASF,False,False,,,-38.58389967140078,42.08757985908337,80.31999969482422,2026-09-09 12:30
NYSE:SGI,equity,https://www.tradingview.com/chart/?symbol=NYSE%3ASGI,False,False,,,-21.109469797243815,48.65841493108597,69.06999969482422,2026-09-09 12:30
NYSE:SHEL,equity,https://www.tradingview.com/chart/?symbol=NYSE%3ASHEL,False,False,,,57.8175260185264,63.54997600808072,95.30000305175781,2026-09-09 12:30
NYSE:SHG,equity,https://www.tradingview.com/chart/?symbol=NYSE%3ASHG,False,False,,,-16.97249324937584,42.77117995225051,81.86000061035156,2026-09-09 12:30
TSX:SHOP,equity,https://www.tradingview.com/chart/?symbol=TSX%3ASHOP,False,False,,,-58.85633889517701,23.981531379146162,178.22999572753906,2026-09-09 12:30
NASDAQ:SHOP,equity,https://www.tradingview.com/chart/?symbol=NASDAQ%3ASHOP,False,False,,,-60.28020164856383,23.692569495705328,129.14500427246094,2026-09-09 12:30
NYSE:SHW,equity,https://www.tradingview.com/chart/?symbol=NYSE%3ASHW,False,False,,,-71.14073761837723,25.801493591201407,321.1549987792969,2026-09-09 12:30
NASDAQ:SITM,equity,https://www.tradingview.com/chart/?symbol=NASDAQ%3ASITM,False,False,,,0.36301695270192935,58.181057284902664,606.6799926757812,2026-09-09 12:30
NYSE:SJM,equity,https://www.tradingview.com/chart/?symbol=NYSE%3ASJM,False,False,,,-50.11272348306748,34.88000979091892,124.0,2026-09-09 12:30
NASDAQ:SKHY,equity,https://www.tradingview.com/chart/?symbol=NASDAQ%3ASKHY,False,False,,,68.81669745108739,78.80316746768578,195.02000427246094,2026-09-09 12:30
NYSE:SKM,equity,https://www.tradingview.com/chart/?symbol=NYSE%3ASKM,False,False,,,-14.582743551747717,42.20357764490376,37.63999938964844,2026-09-09 12:30
NYSE:SLB,equity,https://www.tradingview.com/chart/?symbol=NYSE%3ASLB,False,False,,,12.27689688193893,51.38160789283028,57.70000076293945,2026-09-09 12:30
NYSE:SLF,equity,https://www.tradingview.com/chart/?symbol=NYSE%3ASLF,False,False,,,-58.111393007168154,28.70350545211909,78.62999725341797,2026-09-09 12:30
NASDAQ:SMCI,equity,https://www.tradingview.com/chart/?symbol=NASDAQ%3ASMCI,False,False,,,0.7470143753116218,46.809635687273875,38.994998931884766,2026-09-09 12:30
NYSE:SMFG,equity,https://www.tradingview.com/chart/?symbol=NYSE%3ASMFG,False,False,,,-69.6653464398032,35.71460065788696,26.434999465942383,2026-09-09 12:30
NASDAQ:SMMT,equity,https://www.tradingview.com/chart/?symbol=NASDAQ%3ASMMT,False,False,,,26.205706015198235,69.89215593228647,17.510000228881836,2026-09-09 12:30
NASDAQ:SMTC,equity,https://www.tradingview.com/chart/?symbol=NASDAQ%3ASMTC,False,False,,,65.79107051895868,72.97004037341067,164.47999572753906,2026-09-09 12:30
NYSE:SN,equity,https://www.tradingview.com/chart/?symbol=NYSE%3ASN,False,False,,,-29.49204338981581,30.046249952833307,169.46499633789062,2026-09-09 12:30
NYSE:SNA,equity,https://www.tradingview.com/chart/?symbol=NYSE%3ASNA,False,False,,,-66.04667570046881,33.10211726422635,377.5299987792969,2026-09-09 12:30
NASDAQ:SNDK,equity,https://www.tradingview.com/chart/?symbol=NASDAQ%3ASNDK,False,False,,,43.49016019798197,65.7414379441525,1775.4549560546875,2026-09-09 12:30
NYSE:SNN,equity,https://www.tradingview.com/chart/?symbol=NYSE%3ASNN,False,False,,,-54.87033678759428,29.674606919989543,27.764999389648438,2026-09-09 12:30
NYSE:SNOW,equity,https://www.tradingview.com/chart/?symbol=NYSE%3ASNOW,False,False,,,-33.21204624338918,46.177361555110494,334.7699890136719,2026-09-09 12:30
NASDAQ:SNPS,equity,https://www.tradingview.com/chart/?symbol=NASDAQ%3ASNPS,False,False,,,-48.785537265940796,43.201227834368794,396.50750732421875,2026-09-09 12:30
NYSE:SNX,equity,https://www.tradingview.com/chart/?symbol=NYSE%3ASNX,False,False,,,-29.4316471581581,45.67288017236239,257.8399963378906,2026-09-09 12:30
NASDAQ:SNY,equity,https://www.tradingview.com/chart/?symbol=NASDAQ%3ASNY,False,False,,,-71.08856886097709,21.83162130903004,42.97999954223633,2026-09-09 12:30
NYSE:SO,equity,https://www.tradingview.com/chart/?symbol=NYSE%3ASO,False,False,,,-4.669260167081479,42.288135936465956,88.18000030517578,2026-09-09 12:30
NASDAQ:SOFI,equity,https://www.tradingview.com/chart/?symbol=NASDAQ%3ASOFI,False,False,,,-77.348147717121,30.868381040195914,17.450000762939453,2026-09-09 12:30
NYSE:SOLV,equity,https://www.tradingview.com/chart/?symbol=NYSE%3ASOLV,False,False,,,-64.59305041106823,36.28112184650294,89.55999755859375,2026-09-09 12:30
NYSE:SONY,equity,https://www.tradingview.com/chart/?symbol=NYSE%3ASONY,False,False,,,-57.3946547072318,23.955795367946877,23.46500015258789,2026-09-09 12:30
NASDAQ:SPCX,equity,https://www.tradingview.com/chart/?symbol=NASDAQ%3ASPCX,False,False,,,3.386354138377697,41.64601123625806,145.8300018310547,2026-09-09 12:30
NYSE:SPG,equity,https://www.tradingview.com/chart/?symbol=NYSE%3ASPG,False,False,,,-32.785263155769876,31.027489437861618,206.60000610351562,2026-09-09 12:30
NYSE:SPGI,equity,https://www.tradingview.com/chart/?symbol=NYSE%3ASPGI,False,False,,,-69.31548605011598,29.96763076464117,422.67999267578125,2026-09-09 12:30
NYSE:SPOT,equity,https://www.tradingview.com/chart/?symbol=NYSE%3ASPOT,False,False,,,-47.27051078660801,34.55197911771188,527.3400268554688,2026-09-09 12:30
NYSE:SPXC,equity,https://www.tradingview.com/chart/?symbol=NYSE%3ASPXC,False,False,,,-16.728408307311433,39.597193119033896,193.47999572753906,2026-09-09 12:30
NYSE:SQM,equity,https://www.tradingview.com/chart/?symbol=NYSE%3ASQM,False,False,,,-46.84389733086211,30.473430614141634,75.24500274658203,2026-09-09 12:30
NYSE:SRE,equity,https://www.tradingview.com/chart/?symbol=NYSE%3ASRE,False,False,,,21.714031642765182,51.13741905090683,84.82499694824219,2026-09-09 12:30
NYSE:STLA,equity,https://www.tradingview.com/chart/?symbol=NYSE%3ASTLA,False,False,,,-50.8088385862556,33.96727457849556,5.295000076293945,2026-09-09 12:30
NASDAQ:STLD,equity,https://www.tradingview.com/chart/?symbol=NASDAQ%3ASTLD,False,False,,,5.5517244448340035,52.36702019667513,242.91000366210938,2026-09-09 12:30
NYSE:STM,equity,https://www.tradingview.com/chart/?symbol=NYSE%3ASTM,False,False,,,-11.986328460527218,53.27397838533623,51.86000061035156,2026-09-09 12:30
NASDAQ:STRC,equity,https://www.tradingview.com/chart/?symbol=NASDAQ%3ASTRC,False,False,,,46.50625138687272,61.52007075933707,98.05000305175781,2026-09-09 12:30
NASDAQ:STRD,equity,https://www.tradingview.com/chart/?symbol=NASDAQ%3ASTRD,False,False,,,13.092433067410385,62.89540396101942,75.7249984741211,2026-09-09 12:30
NASDAQ:STRF,equity,https://www.tradingview.com/chart/?symbol=NASDAQ%3ASTRF,False,False,,,-6.675761948630252,56.799010702056314,104.2698974609375,2026-09-09 12:30
NASDAQ:STRK,equity,https://www.tradingview.com/chart/?symbol=NASDAQ%3ASTRK,False,False,,,16.155548616593197,58.952930604844006,77.7490005493164,2026-09-09 12:30
NASDAQ:STRL,equity,https://www.tradingview.com/chart/?symbol=NASDAQ%3ASTRL,False,False,,,33.76097896765909,59.10005222207069,496.45001220703125,2026-09-09 12:30
NYSE:STT,equity,https://www.tradingview.com/chart/?symbol=NYSE%3ASTT,False,False,,,-28.990924550283207,52.60166375059783,193.30999755859375,2026-09-09 12:30
NASDAQ:STX,equity,https://www.tradingview.com/chart/?symbol=NASDAQ%3ASTX,False,False,,,54.8544603713344,67.4305324115776,908.5302734375,2026-09-09 12:30
NYSE:STZ,equity,https://www.tradingview.com/chart/?symbol=NYSE%3ASTZ,False,False,,,-72.78561349843488,25.06919168924638,121.48500061035156,2026-09-09 12:30
TSX:SU,equity,https://www.tradingview.com/chart/?symbol=TSX%3ASU,False,False,,,28.258472735404297,57.435786907204786,94.70999908447266,2026-09-09 12:30
NYSE:SU,equity,https://www.tradingview.com/chart/?symbol=NYSE%3ASU,False,False,,,30.15519004166703,57.82272660873788,68.63999938964844,2026-09-09 12:30
NYSE:SUI,equity,https://www.tradingview.com/chart/?symbol=NYSE%3ASUI,False,False,,,-84.73781824242008,20.54633577011299,115.93000030517578,2026-09-09 12:30
NYSE:SW,equity,https://www.tradingview.com/chart/?symbol=NYSE%3ASW,False,False,,,-74.55687908152828,19.162614584708876,42.68000030517578,2026-09-09 12:30
NYSE:SWK,equity,https://www.tradingview.com/chart/?symbol=NYSE%3ASWK,False,False,,,-58.290184235091154,30.186648403761197,92.76000213623047,2026-09-09 12:30
NYSE:SYF,equity,https://www.tradingview.com/chart/?symbol=NYSE%3ASYF,False,False,,,-56.59830564084708,34.96526168970898,77.70999908447266,2026-09-09 12:30
NYSE:SYK,equity,https://www.tradingview.com/chart/?symbol=NYSE%3ASYK,False,False,,,-71.9847196029429,21.38936674710648,274.1600036621094,2026-09-09 12:30
NASDAQ:SYM,equity,https://www.tradingview.com/chart/?symbol=NASDAQ%3ASYM,False,False,,,22.692428520129994,64.00113430175773,43.220001220703125,2026-09-09 12:30
NYSE:SYY,equity,https://www.tradingview.com/chart/?symbol=NYSE%3ASYY,False,False,,,16.443970017489992,63.130840906490704,82.36000061035156,2026-09-09 12:30
TSX:T,equity,https://www.tradingview.com/chart/?symbol=TSX%3AT,False,False,,,-73.9339655726024,36.24901909481652,13.145000457763672,2026-09-09 12:30
NYSE:T,equity,https://www.tradingview.com/chart/?symbol=NYSE%3AT,False,False,,,-81.51691825227857,23.94339962567885,24.975000381469727,2026-09-09 12:30
NASDAQ:TCOM,equity,https://www.tradingview.com/chart/?symbol=NASDAQ%3ATCOM,False,False,,,-73.17787357698832,12.25822650680037,39.34000015258789,2026-09-09 12:30
NYSE:TD,equity,https://www.tradingview.com/chart/?symbol=NYSE%3ATD,False,False,,,-64.63442113363209,34.07703568162846,119.4800033569336,2026-09-09 12:30
NYSE:TDG,equity,https://www.tradingview.com/chart/?symbol=NYSE%3ATDG,False,False,,,-59.42715110218986,28.159879742287302,1135.0899658203125,2026-09-09 12:30
NYSE:TDY,equity,https://www.tradingview.com/chart/?symbol=NYSE%3ATDY,False,False,,,-76.46633297866026,28.768550468985993,597.75,2026-09-09 12:30
NASDAQ:TEAM,equity,https://www.tradingview.com/chart/?symbol=NASDAQ%3ATEAM,False,False,,,-49.10415056796364,36.63416802095225,178.1300048828125,2026-09-09 12:30
NASDAQ:TECH,equity,https://www.tradingview.com/chart/?symbol=NASDAQ%3ATECH,False,False,,,-57.72931021113785,41.30978484950192,72.29499816894531,2026-09-09 12:30
NYSE:TECK,equity,https://www.tradingview.com/chart/?symbol=NYSE%3ATECK,False,False,,,20.36730549898869,55.75843496223894,70.72000122070312,2026-09-09 12:30
NYSE:TEL,equity,https://www.tradingview.com/chart/?symbol=NYSE%3ATEL,False,False,,,-47.41957402148634,40.866274171973664,204.5800018310547,2026-09-09 12:30
NASDAQ:TER,equity,https://www.tradingview.com/chart/?symbol=NASDAQ%3ATER,False,False,,,60.45419917324173,67.41466243094837,380.2900085449219,2026-09-09 12:30
NYSE:TEVA,equity,https://www.tradingview.com/chart/?symbol=NYSE%3ATEVA,False,False,,,29.791448434182758,52.6522353474473,36.720001220703125,2026-09-09 12:30
NYSE:TFC,equity,https://www.tradingview.com/chart/?symbol=NYSE%3ATFC,False,False,,,-56.15029509356473,32.43168271719789,50.224998474121094,2026-09-09 12:30
NYSE:TFII,equity,https://www.tradingview.com/chart/?symbol=NYSE%3ATFII,False,False,,,-39.530425776824536,39.12292126320637,132.14500427246094,2026-09-09 12:30
NYSE:TGT,equity,https://www.tradingview.com/chart/?symbol=NYSE%3ATGT,False,False,,,-75.59396061055322,28.458291772385905,159.59500122070312,2026-09-09 12:30
NYSE:THC,equity,https://www.tradingview.com/chart/?symbol=NYSE%3ATHC,False,False,,,-2.992090680820253,56.9288831069635,265.7699890136719,2026-09-09 12:30
NASDAQ:TIGO,equity,https://www.tradingview.com/chart/?symbol=NASDAQ%3ATIGO,False,False,,,-26.87056200444744,41.967614528968795,93.55500030517578,2026-09-09 12:30
TSX:TIH,equity,https://www.tradingview.com/chart/?symbol=TSX%3ATIH,False,False,,,57.73584994749904,70.13629504977443,203.3699951171875,2026-09-09 12:30
NYSE:TJX,equity,https://www.tradingview.com/chart/?symbol=NYSE%3ATJX,False,False,,,-75.67239862411942,16.775325374426117,126.04000091552734,2026-09-09 12:30
NYSE:TKO,equity,https://www.tradingview.com/chart/?symbol=NYSE%3ATKO,False,False,,,33.29037925453968,59.19029579986429,192.60000610351562,2026-09-09 12:30
NYSE:TLK,equity,https://www.tradingview.com/chart/?symbol=NYSE%3ATLK,False,False,,,48.61467331670193,57.55038301198911,15.020099639892578,2026-09-09 12:30
NASDAQ:TLN,equity,https://www.tradingview.com/chart/?symbol=NASDAQ%3ATLN,False,False,,,22.855473980519886,56.58135959657972,319.989990234375,2026-09-09 12:30
NYSE:TM,equity,https://www.tradingview.com/chart/?symbol=NYSE%3ATM,False,False,,,-45.17544764876478,34.449293408136526,192.02999877929688,2026-09-09 12:30
NYSE:TME,equity,https://www.tradingview.com/chart/?symbol=NYSE%3ATME,False,False,,,-75.285992876934,27.92290008165125,7.925000190734863,2026-09-09 12:30
NYSE:TMO,equity,https://www.tradingview.com/chart/?symbol=NYSE%3ATMO,False,False,,,-35.903266123366315,46.37237211513549,605.5499877929688,2026-09-09 12:30
NASDAQ:TMUS,equity,https://www.tradingview.com/chart/?symbol=NASDAQ%3ATMUS,False,False,,,-59.593226688908715,32.845470808341005,177.38999938964844,2026-09-09 12:30
NYSE:TOL,equity,https://www.tradingview.com/chart/?symbol=NYSE%3ATOL,False,False,,,-74.38758785145822,19.056112609138523,134.08999633789062,2026-09-09 12:30
NYSE:TOST,equity,https://www.tradingview.com/chart/?symbol=NYSE%3ATOST,False,False,,,-58.27769474132679,35.92585986912002,32.709999084472656,2026-09-09 12:30
TSX:TOU,equity,https://www.tradingview.com/chart/?symbol=TSX%3ATOU,False,False,,,-51.34894891626153,35.80041766655833,62.314998626708984,2026-09-09 12:30
NASDAQ:TPG,equity,https://www.tradingview.com/chart/?symbol=NASDAQ%3ATPG,False,False,,,-92.41761429194162,17.504103593869488,48.9900016784668,2026-09-09 12:30
NYSE:TPL,equity,https://www.tradingview.com/chart/?symbol=NYSE%3ATPL,False,False,,,40.2083367262843,61.73224081798695,379.0,2026-09-09 12:30
NYSE:TPR,equity,https://www.tradingview.com/chart/?symbol=NYSE%3ATPR,False,False,,,-77.24322246078042,25.38235954613559,115.3499984741211,2026-09-09 12:30
NYSE:TRGP,equity,https://www.tradingview.com/chart/?symbol=NYSE%3ATRGP,False,False,,,8.3058217434495,49.3132516856779,292.82000732421875,2026-09-09 12:30
NASDAQ:TRI,equity,https://www.tradingview.com/chart/?symbol=NASDAQ%3ATRI,False,False,,,-61.7238225872803,24.450219661828385,96.82499694824219,2026-09-09 12:30
NASDAQ:TRMB,equity,https://www.tradingview.com/chart/?symbol=NASDAQ%3ATRMB,False,False,,,-59.21250442493031,38.15267122218662,57.709999084472656,2026-09-09 12:30
NASDAQ:TROW,equity,https://www.tradingview.com/chart/?symbol=NASDAQ%3ATROW,False,False,,,-60.85756986679479,34.82734287053938,108.4749984741211,2026-09-09 12:30
NYSE:TRP,equity,https://www.tradingview.com/chart/?symbol=NYSE%3ATRP,False,False,,,36.63999250823523,59.80161347469317,63.439998626708984,2026-09-09 12:30
NYSE:TRU,equity,https://www.tradingview.com/chart/?symbol=NYSE%3ATRU,False,False,,,-51.85321326431838,33.34946225105983,76.83000183105469,2026-09-09 12:30
NYSE:TRV,equity,https://www.tradingview.com/chart/?symbol=NYSE%3ATRV,False,False,,,-36.73992294307766,43.467868249949,366.4800109863281,2026-09-09 12:30
NYSE:TS,equity,https://www.tradingview.com/chart/?symbol=NYSE%3ATS,False,False,,,54.212696718039155,63.081144739037676,57.619998931884766,2026-09-09 12:30
NASDAQ:TSCO,equity,https://www.tradingview.com/chart/?symbol=NASDAQ%3ATSCO,False,False,,,-46.95522804258443,43.081160610882655,34.349998474121094,2026-09-09 12:30
NASDAQ:TSEM,equity,https://www.tradingview.com/chart/?symbol=NASDAQ%3ATSEM,False,False,,,5.350362672858857,51.76695413116302,217.91000366210938,2026-09-09 12:30
NASDAQ:TSLA,equity,https://www.tradingview.com/chart/?symbol=NASDAQ%3ATSLA,False,False,,,32.09126569447873,55.33591299987462,368.1650085449219,2026-09-09 12:30
NYSE:TSM,equity,https://www.tradingview.com/chart/?symbol=NYSE%3ATSM,False,False,,,30.616867942526635,61.02300372945076,434.8349914550781,2026-09-09 12:30
NYSE:TSN,equity,https://www.tradingview.com/chart/?symbol=NYSE%3ATSN,False,False,,,16.51505431297228,40.824692317706,51.96500015258789,2026-09-09 12:30
NYSE:TT,equity,https://www.tradingview.com/chart/?symbol=NYSE%3ATT,False,False,,,-31.593726721634937,43.125356222715965,443.79998779296875,2026-09-09 12:30
NYSE:TTE,equity,https://www.tradingview.com/chart/?symbol=NYSE%3ATTE,False,False,,,48.285355094926814,62.39623640556903,91.28500366210938,2026-09-09 12:30
NASDAQ:TTMI,equity,https://www.tradingview.com/chart/?symbol=NASDAQ%3ATTMI,False,False,,,20.899386789580067,55.48555039552593,126.44999694824219,2026-09-09 12:30
NASDAQ:TTWO,equity,https://www.tradingview.com/chart/?symbol=NASDAQ%3ATTWO,False,False,,,-59.22535923623008,41.725282344726814,212.7100067138672,2026-09-09 12:30
NYSE:TU,equity,https://www.tradingview.com/chart/?symbol=NYSE%3ATU,False,False,,,-73.194333329489,38.18050588942971,9.524999618530273,2026-09-09 12:30
NASDAQ:TW,equity,https://www.tradingview.com/chart/?symbol=NASDAQ%3ATW,False,False,,,-55.236502979525135,32.51047118576426,102.63999938964844,2026-09-09 12:30
NYSE:TWLO,equity,https://www.tradingview.com/chart/?symbol=NYSE%3ATWLO,False,False,,,-21.29833282790584,52.50470527128788,231.11000061035156,2026-09-09 12:30
NASDAQ:TXN,equity,https://www.tradingview.com/chart/?symbol=NASDAQ%3ATXN,False,False,,,48.15693296222697,61.29896199529243,261.57501220703125,2026-09-09 12:30
NASDAQ:TXRH,equity,https://www.tradingview.com/chart/?symbol=NASDAQ%3ATXRH,False,False,,,-86.45397256024667,18.295966157294203,179.8800048828125,2026-09-09 12:30
NYSE:TXT,equity,https://www.tradingview.com/chart/?symbol=NYSE%3ATXT,False,False,,,-3.705953250202022,56.74656036981933,79.91000366210938,2026-09-09 12:30
NYSE:TYL,equity,https://www.tradingview.com/chart/?symbol=NYSE%3ATYL,False,False,,,-62.75396438216072,26.31738785687294,343.2049865722656,2026-09-09 12:30
NYSE:U,equity,https://www.tradingview.com/chart/?symbol=NYSE%3AU,False,False,,,58.69717172379242,60.36630704832415,42.880001068115234,2026-09-09 12:30
NASDAQ:UAL,equity,https://www.tradingview.com/chart/?symbol=NASDAQ%3AUAL,False,False,,,-50.344088796761696,36.65567229597466,107.0999984741211,2026-09-09 12:30
NYSE:UBER,equity,https://www.tradingview.com/chart/?symbol=NYSE%3AUBER,False,False,,,-68.11695368014632,24.906692581698877,71.58000183105469,2026-09-09 12:30
NYSE:UBS,equity,https://www.tradingview.com/chart/?symbol=NYSE%3AUBS,False,False,,,-43.33458782918331,46.5420042865137,55.05500030517578,2026-09-09 12:30
NYSE:UDR,equity,https://www.tradingview.com/chart/?symbol=NYSE%3AUDR,False,False,,,-87.63982182470058,27.570013732297625,35.55500030517578,2026-09-09 12:30
NYSE:UHAL,equity,https://www.tradingview.com/chart/?symbol=NYSE%3AUHAL,False,False,,,-68.412630792108,26.82360606490292,63.859901428222656,2026-09-09 12:30
NYSE:UI,equity,https://www.tradingview.com/chart/?symbol=NYSE%3AUI,False,False,,,-83.38324874278271,15.683103887939879,507.7900085449219,2026-09-09 12:30
NYSE:UL,equity,https://www.tradingview.com/chart/?symbol=NYSE%3AUL,False,False,,,-82.50422839887734,23.376388674911567,62.69499969482422,2026-09-09 12:30
NYSE:ULS,equity,https://www.tradingview.com/chart/?symbol=NYSE%3AULS,False,False,,,-52.71420459882122,42.45180417037115,73.20999908447266,2026-09-09 12:30
NASDAQ:ULTA,equity,https://www.tradingview.com/chart/?symbol=NASDAQ%3AULTA,False,False,,,-40.36347468288931,42.764245791007625,545.1400146484375,2026-09-09 12:30
NYSE:UMC,equity,https://www.tradingview.com/chart/?symbol=NYSE%3AUMC,False,False,,,62.27561000868243,73.63125109876904,22.354999542236328,2026-09-09 12:30
NYSE:UNH,equity,https://www.tradingview.com/chart/?symbol=NYSE%3AUNH,False,False,,,-26.33159608410386,45.13207091229115,393.4100036621094,2026-09-09 12:30
NYSE:UNM,equity,https://www.tradingview.com/chart/?symbol=NYSE%3AUNM,False,False,,,-44.444404139838305,38.6690503419524,93.27999877929688,2026-09-09 12:30
NYSE:UNP,equity,https://www.tradingview.com/chart/?symbol=NYSE%3AUNP,False,False,,,-78.71873616383586,32.43878778946427,285.8999938964844,2026-09-09 12:30
NYSE:UPS,equity,https://www.tradingview.com/chart/?symbol=NYSE%3AUPS,False,False,,,-77.39971940831467,22.093328201555067,99.59960174560547,2026-09-09 12:30
NYSE:URI,equity,https://www.tradingview.com/chart/?symbol=NYSE%3AURI,False,False,,,74.18494020718765,67.11545073737585,1041.572509765625,2026-09-09 12:30
NYSE:USB,equity,https://www.tradingview.com/chart/?symbol=NYSE%3AUSB,False,False,,,-57.700750671994506,36.09534135470316,62.14500045776367,2026-09-09 12:30
NYSE:USFD,equity,https://www.tradingview.com/chart/?symbol=NYSE%3AUSFD,False,False,,,-81.48844775635025,26.790219878707404,101.1449966430664,2026-09-09 12:30
NASDAQ:UTHR,equity,https://www.tradingview.com/chart/?symbol=NASDAQ%3AUTHR,False,False,,,41.22772494011673,59.92609589641652,504.3999938964844,2026-09-09 12:30
NYSE:V,equity,https://www.tradingview.com/chart/?symbol=NYSE%3AV,False,False,,,-61.373598930399304,39.02782378505338,369.3349914550781,2026-09-09 12:30
NYSE:VALE,equity,https://www.tradingview.com/chart/?symbol=NYSE%3AVALE,False,False,,,-15.486682954130586,48.370316260870524,15.420000076293945,2026-09-09 12:30
NYSE:VEEV,equity,https://www.tradingview.com/chart/?symbol=NYSE%3AVEEV,False,False,,,-59.69428979258364,25.66168094693326,262.29998779296875,2026-09-09 12:30
NYSE:VG,equity,https://www.tradingview.com/chart/?symbol=NYSE%3AVG,False,False,,,58.350805238841566,64.3078781371074,15.219900131225586,2026-09-09 12:30
NYSE:VICI,equity,https://www.tradingview.com/chart/?symbol=NYSE%3AVICI,False,False,,,-66.8989272723201,39.65063289778719,25.295000076293945,2026-09-09 12:30
NYSE:VIK,equity,https://www.tradingview.com/chart/?symbol=NYSE%3AVIK,False,False,,,14.870200222234885,47.826731260828666,85.98500061035156,2026-09-09 12:30
NYSE:VIRT,equity,https://www.tradingview.com/chart/?symbol=NYSE%3AVIRT,False,False,,,-28.546411156533235,46.66109525819167,63.689998626708984,2026-09-09 12:30
NYSE:VIV,equity,https://www.tradingview.com/chart/?symbol=NYSE%3AVIV,False,False,,,-26.182518268103536,47.96638220492648,11.760000228881836,2026-09-09 12:30
NYSE:VLO,equity,https://www.tradingview.com/chart/?symbol=NYSE%3AVLO,False,False,,,65.3731387595967,73.58077555273638,385.6099853515625,2026-09-09 12:30
NYSE:VLTO,equity,https://www.tradingview.com/chart/?symbol=NYSE%3AVLTO,False,False,,,-64.01157586495466,34.78255219014311,94.88999938964844,2026-09-09 12:30
NYSE:VMC,equity,https://www.tradingview.com/chart/?symbol=NYSE%3AVMC,False,False,,,-77.9839638618184,25.60364344576186,251.77000427246094,2026-09-09 12:30
NYSE:EQR,equity,https://www.tradingview.com/chart/?symbol=NYSE%3AEQR,False,False,,,-61.67124908010279,28.23277002281739,63.654998779296875,2026-08-17 15:30
NASDAQ:VNOM,equity,https://www.tradingview.com/chart/?symbol=NASDAQ%3AVNOM,False,False,,,31.46939751170787,54.64519350584985,45.06999969482422,2026-09-09 12:30
NASDAQ:VOD,equity,https://www.tradingview.com/chart/?symbol=NASDAQ%3AVOD,False,False,,,34.56300239471788,64.98694174933712,17.139999389648438,2026-09-09 12:30
NASDAQ:VRSK,equity,https://www.tradingview.com/chart/?symbol=NASDAQ%3AVRSK,False,False,,,-56.98677103743598,34.097492655024155,177.36500549316406,2026-09-09 12:30
NASDAQ:VRSN,equity,https://www.tradingview.com/chart/?symbol=NASDAQ%3AVRSN,False,False,,,-13.415478953252476,50.024511064574554,286.9599914550781,2026-09-09 12:30
NYSE:VRT,equity,https://www.tradingview.com/chart/?symbol=NYSE%3AVRT,False,False,,,6.447017065007419,38.5433426084362,267.0150146484375,2026-09-09 12:30
NASDAQ:VRTX,equity,https://www.tradingview.com/chart/?symbol=NASDAQ%3AVRTX,False,False,,,-64.84017077166806,20.90439632040102,521.7100219726562,2026-09-09 12:30
NYSE:VST,equity,https://www.tradingview.com/chart/?symbol=NYSE%3AVST,False,False,,,18.694139415348214,59.31371208965024,150.30999755859375,2026-09-09 12:30
NYSE:VTR,equity,https://www.tradingview.com/chart/?symbol=NYSE%3AVTR,False,False,,,-78.96447640179271,34.964249499128485,89.36000061035156,2026-09-09 12:30
NASDAQ:VTRS,equity,https://www.tradingview.com/chart/?symbol=NASDAQ%3AVTRS,False,False,,,-55.23058241507855,29.00293748123069,16.44499969482422,2026-09-09 12:30
NYSE:VZ,equity,https://www.tradingview.com/chart/?symbol=NYSE%3AVZ,False,False,,,-59.95620999229482,35.486077786607524,49.345001220703125,2026-09-09 12:30
NYSE:W,equity,https://www.tradingview.com/chart/?symbol=NYSE%3AW,False,False,,,21.263722132023606,56.46116208205781,99.76000213623047,2026-09-09 12:30
NYSE:WAB,equity,https://www.tradingview.com/chart/?symbol=NYSE%3AWAB,False,False,,,14.136619286368349,47.40497088936373,282.5,2026-09-09 12:30
NYSE:WAT,equity,https://www.tradingview.com/chart/?symbol=NYSE%3AWAT,False,False,,,-7.445325496174871,47.416371569011346,406.8999938964844,2026-09-09 12:30
NASDAQ:WBD,equity,https://www.tradingview.com/chart/?symbol=NASDAQ%3AWBD,False,False,,,-77.67543272538167,23.124448871600322,27.954999923706055,2026-09-09 12:30
NYSE:WCC,equity,https://www.tradingview.com/chart/?symbol=NYSE%3AWCC,False,False,,,31.763755520466066,61.4793183236285,357.25,2026-09-09 12:30
TSX:WCN,equity,https://www.tradingview.com/chart/?symbol=TSX%3AWCN,False,False,,,-69.36151149764014,34.48889931112252,222.75,2026-09-09 12:30
NYSE:WCN,equity,https://www.tradingview.com/chart/?symbol=NYSE%3AWCN,False,False,,,-68.00200236687294,34.8768159019649,161.3800048828125,2026-09-09 12:30
TSX:WCP,equity,https://www.tradingview.com/chart/?symbol=TSX%3AWCP,False,False,,,63.43561697972416,67.09479287052405,18.579999923706055,2026-09-09 12:30
NASDAQ:WDAY,equity,https://www.tradingview.com/chart/?symbol=NASDAQ%3AWDAY,False,False,,,-52.07344853563904,26.956899243645367,184.72999572753906,2026-09-09 12:30
NASDAQ:WDC,equity,https://www.tradingview.com/chart/?symbol=NASDAQ%3AWDC,False,False,,,61.702493702518034,65.48251290502876,490.1600036621094,2026-09-09 12:30
NYSE:WDS,equity,https://www.tradingview.com/chart/?symbol=NYSE%3AWDS,False,False,,,48.811197847911785,66.90352280558261,24.15839958190918,2026-09-09 12:30
NYSE:WEC,equity,https://www.tradingview.com/chart/?symbol=NYSE%3AWEC,False,False,,,-10.74434662093338,38.36107448825531,105.70999908447266,2026-09-09 12:30
NYSE:WELL,equity,https://www.tradingview.com/chart/?symbol=NYSE%3AWELL,False,False,,,-46.25906225892039,43.27339807529437,236.5,2026-09-09 12:30
NYSE:WES,equity,https://www.tradingview.com/chart/?symbol=NYSE%3AWES,False,False,,,-11.86629441685551,49.0713506265392,49.09000015258789,2026-09-09 12:30
NYSE:WF,equity,https://www.tradingview.com/chart/?symbol=NYSE%3AWF,False,False,,,-24.439873045694195,40.4859421156695,74.2699966430664,2026-09-09 12:30
NYSE:WFC,equity,https://www.tradingview.com/chart/?symbol=NYSE%3AWFC,False,False,,,-1.4345029423083548,58.67547668737675,89.73999786376953,2026-09-09 12:30
NYSE:WIT,equity,https://www.tradingview.com/chart/?symbol=NYSE%3AWIT,False,False,,,-73.87915020863689,28.33589315011561,1.684999942779541,2026-09-09 12:30
NYSE:WM,equity,https://www.tradingview.com/chart/?symbol=NYSE%3AWM,False,False,,,-64.91259624899867,37.764689216810034,215.9499969482422,2026-09-09 12:30
NYSE:WMB,equity,https://www.tradingview.com/chart/?symbol=NYSE%3AWMB,False,False,,,27.468422386309566,55.34305608160548,75.23999786376953,2026-09-09 12:30
NASDAQ:WMG,equity,https://www.tradingview.com/chart/?symbol=NASDAQ%3AWMG,False,False,,,-26.921162296394993,45.773441673081244,28.219999313354492,2026-09-09 12:30
NYSE:WMS,equity,https://www.tradingview.com/chart/?symbol=NYSE%3AWMS,False,False,,,-62.03274454224103,40.33634796322747,132.15499877929688,2026-09-09 12:30
NASDAQ:WMT,equity,https://www.tradingview.com/chart/?symbol=NASDAQ%3AWMT,False,False,,,-43.35739692688111,43.99458797346946,105.875,2026-09-09 12:30
TSX:WN,equity,https://www.tradingview.com/chart/?symbol=TSX%3AWN,False,False,,,-6.944451342898265,57.621794821448255,100.91999816894531,2026-09-09 12:30
NYSE:WPC,equity,https://www.tradingview.com/chart/?symbol=NYSE%3AWPC,False,False,,,-61.90963506443484,38.040886095614226,69.70999908447266,2026-09-09 12:30
TSX:WPM,equity,https://www.tradingview.com/chart/?symbol=TSX%3AWPM,False,False,,,39.304742929845304,61.47998895431998,217.50999450683594,2026-09-09 12:30
NYSE:WPM,equity,https://www.tradingview.com/chart/?symbol=NYSE%3AWPM,False,False,,,48.05137793367445,61.04101174327282,157.71499633789062,2026-09-09 12:30
NYSE:WRB,equity,https://www.tradingview.com/chart/?symbol=NYSE%3AWRB,False,False,,,9.547741079420895,52.65491414937731,69.61000061035156,2026-09-09 12:30
NYSE:WSM,equity,https://www.tradingview.com/chart/?symbol=NYSE%3AWSM,False,False,,,15.362891547963004,49.98116703786727,226.99000549316406,2026-09-09 12:30
NYSE:WSO,equity,https://www.tradingview.com/chart/?symbol=NYSE%3AWSO,False,False,,,-17.633565929369254,37.05744206717182,310.2149963378906,2026-09-09 12:30
TSX:WSP,equity,https://www.tradingview.com/chart/?symbol=TSX%3AWSP,False,False,,,-71.0907990120083,30.255739639638577,177.50999450683594,2026-09-09 12:30
NYSE:WST,equity,https://www.tradingview.com/chart/?symbol=NYSE%3AWST,False,False,,,-25.931772853718844,45.890017711994524,338.42498779296875,2026-09-09 12:30
NYSE:WTRG,equity,https://www.tradingview.com/chart/?symbol=NYSE%3AWTRG,False,False,,,20.465465115953602,49.30125135865789,41.78499984741211,2026-09-09 12:30
NYSE:WTS,equity,https://www.tradingview.com/chart/?symbol=NYSE%3AWTS,False,False,,,-13.610185039324518,40.83302076732685,356.32000732421875,2026-09-09 12:30
NASDAQ:WTW,equity,https://www.tradingview.com/chart/?symbol=NASDAQ%3AWTW,False,False,,,-73.38241895172396,18.58405364701059,317.05499267578125,2026-09-09 12:30
NASDAQ:WWD,equity,https://www.tradingview.com/chart/?symbol=NASDAQ%3AWWD,False,False,,,-47.439957657667314,40.758960805231496,337.1499938964844,2026-09-09 12:30
NYSE:WY,equity,https://www.tradingview.com/chart/?symbol=NYSE%3AWY,False,False,,,-73.38040250204841,28.843980466450844,22.575000762939453,2026-09-09 12:30
NASDAQ:XEL,equity,https://www.tradingview.com/chart/?symbol=NASDAQ%3AXEL,False,False,,,-2.2625235432414663,41.49429413369475,75.70500183105469,2026-09-09 12:30
NYSE:XOM,equity,https://www.tradingview.com/chart/?symbol=NYSE%3AXOM,False,False,,,30.785558799813003,63.897263935140764,164.35000610351562,2026-09-09 12:30
NYSE:XPEV,equity,https://www.tradingview.com/chart/?symbol=NYSE%3AXPEV,False,False,,,-70.78605936321391,33.69276378045414,10.6899995803833,2026-09-09 12:30
NYSE:XPO,equity,https://www.tradingview.com/chart/?symbol=NYSE%3AXPO,False,False,,,-26.385561908217046,35.78546543794717,184.83999633789062,2026-09-09 12:30
NYSE:XYL,equity,https://www.tradingview.com/chart/?symbol=NYSE%3AXYL,False,False,,,-7.009970031694998,45.423400047745105,107.30999755859375,2026-09-09 12:30
NYSE:XYZ,equity,https://www.tradingview.com/chart/?symbol=NYSE%3AXYZ,False,False,,,-61.526304237348334,32.218205252841415,79.16000366210938,2026-09-09 12:30
NYSE:YPF,equity,https://www.tradingview.com/chart/?symbol=NYSE%3AYPF,False,False,,,47.78085735799592,65.28438890678872,54.029998779296875,2026-09-09 12:30
NYSE:YUM,equity,https://www.tradingview.com/chart/?symbol=NYSE%3AYUM,False,False,,,-90.11267355451787,34.26754512332825,145.38499450683594,2026-09-09 12:30
NYSE:YUMC,equity,https://www.tradingview.com/chart/?symbol=NYSE%3AYUMC,False,False,,,-86.36933992068356,27.990849861341573,42.619998931884766,2026-09-09 12:30
NYSE:ZBH,equity,https://www.tradingview.com/chart/?symbol=NYSE%3AZBH,False,False,,,-46.341602808857864,37.94784062575129,94.4800033569336,2026-09-09 12:30
NASDAQ:ZBRA,equity,https://www.tradingview.com/chart/?symbol=NASDAQ%3AZBRA,False,False,,,-41.65254825080034,33.529571936075456,344.125,2026-09-09 12:30
NASDAQ:ZM,equity,https://www.tradingview.com/chart/?symbol=NASDAQ%3AZM,False,False,,,-26.335688385982905,43.50391076936525,96.44999694824219,2026-09-09 12:30
NASDAQ:ZS,equity,https://www.tradingview.com/chart/?symbol=NASDAQ%3AZS,False,False,,,-19.042181205223407,45.425110820984216,166.4600067138672,2026-09-09 12:30
NYSE:ZTO,equity,https://www.tradingview.com/chart/?symbol=NYSE%3AZTO,False,False,,,-62.82137957950963,34.01282654334051,20.729999542236328,2026-09-09 12:30
NYSE:ZTS,equity,https://www.tradingview.com/chart/?symbol=NYSE%3AZTS,False,False,,,-69.67351845052052,29.93709978361801,73.2750015258789,2026-09-09 12:30
NASDAQ:PAYP,equity,https://www.tradingview.com/chart/?symbol=NASDAQ%3APAYP,False,False,,,33.17059524506835,68.67697407142143,17.940000534057617,2026-09-09 12:30
NYSE:CRL,equity,https://www.tradingview.com/chart/?symbol=NYSE%3ACRL,False,False,,,-69.42528610725792,30.187688714386894,277.3399963378906,2026-09-09 12:30
NYSE:AES,equity,https://www.tradingview.com/chart/?symbol=NYSE%3AAES,False,False,,,53.21850786921274,62.2705792507923,14.819999694824219,2026-09-09 12:30
TSX:ATRL,equity,https://www.tradingview.com/chart/?symbol=TSX%3AATRL,False,False,,,-18.22313892013219,44.588740559970624,85.5,2026-09-09 12:30
NASDAQ:LFUS,equity,https://www.tradingview.com/chart/?symbol=NASDAQ%3ALFUS,False,False,,,22.25824123283871,55.17234618772689,421.80999755859375,2026-09-09 12:30
NYSE:TIMB,equity,https://www.tradingview.com/chart/?symbol=NYSE%3ATIMB,False,False,,,30.417845645629324,62.10063193560696,18.8799991607666,2026-09-09 12:30
NYSE:DCI,equity,https://www.tradingview.com/chart/?symbol=NYSE%3ADCI,False,False,,,-20.442506724678577,37.86283786468224,89.76000213623047,2026-09-09 12:30
NYSE:HL,equity,https://www.tradingview.com/chart/?symbol=NYSE%3AHL,False,False,,,9.789178121262935,56.995344132437125,20.934999465942383,2026-09-09 12:30
NASDAQ:VIAV,equity,https://www.tradingview.com/chart/?symbol=NASDAQ%3AVIAV,False,False,,,67.52216831636098,74.8341459698596,39.15999984741211,2026-09-09 12:30
NASDAQ:SFD,equity,https://www.tradingview.com/chart/?symbol=NASDAQ%3ASFD,False,False,,,-68.0357261618514,19.02305948788448,20.46500015258789,2026-09-09 12:30
NYSE:HUBS,equity,https://www.tradingview.com/chart/?symbol=NYSE%3AHUBS,False,False,,,-70.38739273582864,29.384679167795483,233.7899932861328,2026-09-09 12:30
NASDAQ:JKHY,equity,https://www.tradingview.com/chart/?symbol=NASDAQ%3AJKHY,False,False,,,-70.26972970754275,25.242958494631694,158.94500732421875,2026-09-09 12:30
NYSE:SUN,equity,https://www.tradingview.com/chart/?symbol=NYSE%3ASUN,False,False,,,52.65647146244231,66.68764656981807,77.57499694824219,2026-09-09 12:30
NASDAQ:CART,equity,https://www.tradingview.com/chart/?symbol=NASDAQ%3ACART,False,False,,,-79.85769906428023,23.647349510237774,46.63999938964844,2026-09-09 12:30
NASDAQ:CGNX,equity,https://www.tradingview.com/chart/?symbol=NASDAQ%3ACGNX,False,False,,,31.04396945652488,56.94404399492072,62.38999938964844,2026-09-09 12:30
NYSE:SUZ,equity,https://www.tradingview.com/chart/?symbol=NYSE%3ASUZ,False,False,,,42.72973986596825,56.65779557865913,9.225000381469727,2026-09-09 12:30
NYSE:FIG,equity,https://www.tradingview.com/chart/?symbol=NYSE%3AFIG,False,False,,,-64.18292768776698,15.023780478192322,21.905000686645508,2026-09-09 12:30
NASDAQ:CYTK,equity,https://www.tradingview.com/chart/?symbol=NASDAQ%3ACYTK,False,False,,,10.282640397764846,51.890135526796804,74.19000244140625,2026-09-09 12:30
NYSE:HBM,equity,https://www.tradingview.com/chart/?symbol=NYSE%3AHBM,False,False,,,34.67165511682811,58.533291691749675,28.899999618530273,2026-09-09 12:30
NASDAQ:ZION,equity,https://www.tradingview.com/chart/?symbol=NASDAQ%3AZION,False,False,,,-53.07189196519702,35.25947471039336,67.80999755859375,2026-09-09 12:30
NASDAQ:GSAT,equity,https://www.tradingview.com/chart/?symbol=NASDAQ%3AGSAT,False,False,,,-19.12665772814762,44.63324136093927,81.81999969482422,2026-09-09 12:30
NYSE:CACI,equity,https://www.tradingview.com/chart/?symbol=NYSE%3ACACI,False,False,,,-48.0233938370279,38.58484012904781,611.5800170898438,2026-09-09 12:30
TSX:FTT,equity,https://www.tradingview.com/chart/?symbol=TSX%3AFTT,False,False,,,54.68945627131686,65.83377511556816,94.0,2026-09-09 12:30
NYSE:GMED,equity,https://www.tradingview.com/chart/?symbol=NYSE%3AGMED,False,False,,,-67.37440346552694,26.68890720708761,74.62999725341797,2026-09-09 12:30
NYSE:DAR,equity,https://www.tradingview.com/chart/?symbol=NYSE%3ADAR,False,False,,,45.948887634465365,63.15940915239696,67.70999908447266,2026-09-09 12:30
NASDAQ:VSAT,equity,https://www.tradingview.com/chart/?symbol=NASDAQ%3AVSAT,False,False,,,11.188496671263886,48.82757267497585,74.31999969482422,2026-09-09 12:30
NYSE:QXO,equity,https://www.tradingview.com/chart/?symbol=NYSE%3AQXO,False,False,,,-73.74374628144382,28.265962479607083,12.755000114440918,2026-09-09 12:30
NYSE:CFR,equity,https://www.tradingview.com/chart/?symbol=NYSE%3ACFR,False,False,,,-20.544507513859024,40.43271896311526,161.72999572753906,2026-09-09 12:30
NYSE:PNR,equity,https://www.tradingview.com/chart/?symbol=NYSE%3APNR,False,False,,,-76.93979875951055,25.74635418144547,57.619998931884766,2026-09-09 12:30
NYSE:OGE,equity,https://www.tradingview.com/chart/?symbol=NYSE%3AOGE,False,False,,,-0.7169434174147492,40.8371971246853,46.61000061035156,2026-09-09 12:30
TSX:X,equity,https://www.tradingview.com/chart/?symbol=TSX%3AX,False,False,,,-59.023475362680784,31.509379556712275,52.34000015258789,2026-09-09 12:30
TSX:KEY,equity,https://www.tradingview.com/chart/?symbol=TSX%3AKEY,False,False,,,8.060958197253688,42.28476361987208,56.85499954223633,2026-09-09 12:30
NASDAQ:ONB,equity,https://www.tradingview.com/chart/?symbol=NASDAQ%3AONB,False,False,,,-60.55771384480169,24.867968224274676,25.295000076293945,2026-09-09 12:30
NASDAQ:VICR,equity,https://www.tradingview.com/chart/?symbol=NASDAQ%3AVICR,False,False,,,16.686963234377767,45.23257468479706,184.97500610351562,2026-09-09 12:30
NYSE:ORI,equity,https://www.tradingview.com/chart/?symbol=NYSE%3AORI,False,False,,,-57.15708857171378,27.784450243664224,40.6150016784668,2026-09-09 12:30
NASDAQ:SIRI,equity,https://www.tradingview.com/chart/?symbol=NASDAQ%3ASIRI,False,False,,,-46.144759476594906,42.09255502216296,28.639999389648438,2026-09-09 12:30
NYSE:CTRE,equity,https://www.tradingview.com/chart/?symbol=NYSE%3ACTRE,False,False,,,-51.484768399878355,42.47709614032582,39.029998779296875,2026-09-09 12:30
NASDAQ:AAL,equity,https://www.tradingview.com/chart/?symbol=NASDAQ%3AAAL,False,False,,,-53.68766527663226,39.082883455992146,12.899900436401367,2026-09-09 12:30
NASDAQ:KRYS,equity,https://www.tradingview.com/chart/?symbol=NASDAQ%3AKRYS,False,False,,,-65.97879662776828,29.222811048517656,342.3800048828125,2026-09-09 12:30
NASDAQ:CORT,equity,https://www.tradingview.com/chart/?symbol=NASDAQ%3ACORT,False,False,,,64.10368064978273,57.964028720378124,115.55999755859375,2026-09-09 12:30
TSX:ATZ,equity,https://www.tradingview.com/chart/?symbol=TSX%3AATZ,False,False,,,-35.18592331345089,40.24026763838465,126.5250015258789,2026-09-09 12:30
NYSE:BRX,equity,https://www.tradingview.com/chart/?symbol=NYSE%3ABRX,False,False,,,-63.16131807429989,37.888271053236636,28.954999923706055,2026-09-09 12:30
NASDAQ:ENSG,equity,https://www.tradingview.com/chart/?symbol=NASDAQ%3AENSG,False,False,,,-58.78117227232834,40.381674522657896,169.88499450683594,2026-09-09 12:30
NYSE:SSB,equity,https://www.tradingview.com/chart/?symbol=NYSE%3ASSB,False,False,,,-60.128072634019446,31.637426351238688,105.41999816894531,2026-09-09 12:30
NYSE:BEP,equity,https://www.tradingview.com/chart/?symbol=NYSE%3ABEP,False,False,,,12.757542235576656,45.00543779031735,31.43000030517578,2026-09-09 12:30
NYSE:ALSN,equity,https://www.tradingview.com/chart/?symbol=NYSE%3AALSN,False,False,,,-27.73918789381142,39.852770462224164,127.97000122070312,2026-09-09 12:30
NYSE:HMY,equity,https://www.tradingview.com/chart/?symbol=NYSE%3AHMY,False,False,,,33.44806585252328,62.9975560298182,20.8700008392334,2026-09-09 12:30
NYSE:AYI,equity,https://www.tradingview.com/chart/?symbol=NYSE%3AAYI,False,False,,,-52.741026933274746,34.90931762806342,322.4200134277344,2026-09-09 12:30
NASDAQ:WYNN,equity,https://www.tradingview.com/chart/?symbol=NASDAQ%3AWYNN,False,False,,,-27.391896169917743,36.36053154019761,90.11000061035156,2026-09-09 12:30
NASDAQ:FRHC,equity,https://www.tradingview.com/chart/?symbol=NASDAQ%3AFRHC,False,False,,,-60.23793715667785,37.72073176411145,161.25999450683594,2026-09-09 12:30
NYSE:BMNR,equity,https://www.tradingview.com/chart/?symbol=NYSE%3ABMNR,False,False,,,-23.514591396062517,49.816642165063925,24.80500030517578,2026-09-09 12:30
NASDAQ:LINE,equity,https://www.tradingview.com/chart/?symbol=NASDAQ%3ALINE,False,False,,,-44.300302815440155,36.1688367025029,37.67499923706055,2026-09-09 12:30
NYSE:WLK,equity,https://www.tradingview.com/chart/?symbol=NYSE%3AWLK,False,False,,,-48.01085392976205,30.63834920194138,72.2699966430664,2026-09-09 12:30
NYSE:TKR,equity,https://www.tradingview.com/chart/?symbol=NYSE%3ATKR,False,False,,,-6.262204911628655,35.49396719205072,119.62000274658203,2026-09-09 12:30
NASDAQ:ERIE,equity,https://www.tradingview.com/chart/?symbol=NASDAQ%3AERIE,False,False,,,-83.23531183105229,23.12879558699396,238.57000732421875,2026-09-09 12:30
NASDAQ:WULF,equity,https://www.tradingview.com/chart/?symbol=NASDAQ%3AWULF,False,False,,,40.90516414212319,59.41283366335999,17.170000076293945,2026-09-09 12:30
NYSE:GME,equity,https://www.tradingview.com/chart/?symbol=NYSE%3AGME,False,False,,,36.63192384949081,74.74480971741625,19.905000686645508,2026-09-09 12:30
NASDAQ:CIFR,equity,https://www.tradingview.com/chart/?symbol=NASDAQ%3ACIFR,False,False,,,3.431664444597521,43.84020741165201,17.049999237060547,2026-09-09 12:30
NYSE:PRI,equity,https://www.tradingview.com/chart/?symbol=NYSE%3APRI,False,False,,,-64.259956245934,28.72826020467599,287.25,2026-09-09 12:30
NASDAQ:FROG,equity,https://www.tradingview.com/chart/?symbol=NASDAQ%3AFROG,False,False,,,-3.9259998728630703,49.567776990432456,89.4749984741211,2026-09-09 12:30
NYSE:PSO,equity,https://www.tradingview.com/chart/?symbol=NYSE%3APSO,False,False,,,-36.52642147919156,40.54284346528004,15.774999618530273,2026-09-09 12:30
NASDAQ:SOLS,equity,https://www.tradingview.com/chart/?symbol=NASDAQ%3ASOLS,False,False,,,7.575567092902722,51.09870352250431,63.599998474121094,2026-09-09 12:30
NYSE:HLI,equity,https://www.tradingview.com/chart/?symbol=NYSE%3AHLI,False,False,,,-26.487742274788463,49.35984063207622,135.27000427246094,2026-09-09 12:30
NASDAQ:HSIC,equity,https://www.tradingview.com/chart/?symbol=NASDAQ%3AHSIC,False,False,,,-68.22570676057292,35.5835013642854,88.69499969482422,2026-09-09 12:30
NYSE:ADC,equity,https://www.tradingview.com/chart/?symbol=NYSE%3AADC,False,False,,,-25.582327087593914,46.452187081755085,72.70999908447266,2026-09-09 12:30
NYSE:LEVI,equity,https://www.tradingview.com/chart/?symbol=NYSE%3ALEVI,False,False,,,-43.03267652514251,38.15069225732497,20.399999618530273,2026-09-09 12:30
NYSE:RDY,equity,https://www.tradingview.com/chart/?symbol=NYSE%3ARDY,False,False,,,-37.11896179985859,35.96704182723619,11.845000267028809,2026-09-09 12:30
NASDAQ:PSKY,equity,https://www.tradingview.com/chart/?symbol=NASDAQ%3APSKY,False,False,,,-66.38880319452367,30.939373194423524,10.335000038146973,2026-09-09 12:30
NASDAQ:ABVX,equity,https://www.tradingview.com/chart/?symbol=NASDAQ%3AABVX,False,False,,,43.76099725286184,57.87024583185807,117.66000366210938,2026-09-09 12:30
NYSE:MSGS,equity,https://www.tradingview.com/chart/?symbol=NYSE%3AMSGS,False,False,,,50.62254911134153,66.57254829492902,395.4100036621094,2026-09-09 12:30
NYSE:FPS,equity,https://www.tradingview.com/chart/?symbol=NYSE%3AFPS,False,False,,,18.32571424412092,52.10129990122822,31.389999389648438,2026-09-09 12:30
NYSE:YMM,equity,https://www.tradingview.com/chart/?symbol=NYSE%3AYMM,False,False,,,-59.4650723128135,32.32610799941787,8.295000076293945,2026-09-09 12:30
NASDAQ:SIMO,equity,https://www.tradingview.com/chart/?symbol=NASDAQ%3ASIMO,False,False,,,62.35882746560858,75.9140573573423,276.2300109863281,2026-09-09 12:30
NYSE:VMI,equity,https://www.tradingview.com/chart/?symbol=NYSE%3AVMI,False,False,,,5.7858567042170135,51.65125268605728,479.5450134277344,2026-09-09 12:30
NASDAQ:COLB,equity,https://www.tradingview.com/chart/?symbol=NASDAQ%3ACOLB,False,False,,,-57.58040583806752,29.27044261583555,29.7450008392334,2026-09-09 12:30
NASDAQ:SWKS,equity,https://www.tradingview.com/chart/?symbol=NASDAQ%3ASWKS,False,False,,,55.82121898177786,60.12988599402139,75.19999694824219,2026-09-09 12:30
NYSE:GGB,equity,https://www.tradingview.com/chart/?symbol=NYSE%3AGGB,False,False,,,15.472001635102371,50.34270127152469,4.974999904632568,2026-09-09 12:30
NYSE:ESI,equity,https://www.tradingview.com/chart/?symbol=NYSE%3AESI,False,False,,,17.93432144011769,56.53493728900348,36.130001068115234,2026-09-09 12:30
NYSE:UHS,equity,https://www.tradingview.com/chart/?symbol=NYSE%3AUHS,False,False,,,64.63345801848992,63.23742128254168,174.48500061035156,2026-09-09 12:30
NYSE:NNN,equity,https://www.tradingview.com/chart/?symbol=NYSE%3ANNN,False,False,,,-84.7365830161648,28.13388821194745,44.0,2026-09-09 12:30
NYSE:OSK,equity,https://www.tradingview.com/chart/?symbol=NYSE%3AOSK,False,False,,,-69.99429031693684,35.73570732869557,150.55499267578125,2026-09-09 12:30
NYSE:LTH,equity,https://www.tradingview.com/chart/?symbol=NYSE%3ALTH,False,False,,,-70.7829913063025,34.29648425328969,41.939998626708984,2026-09-09 12:30
NASDAQ:HALO,equity,https://www.tradingview.com/chart/?symbol=NASDAQ%3AHALO,False,False,,,-41.92977257412429,44.77466777043653,107.82499694824219,2026-09-09 12:30
NYSE:CUBE,equity,https://www.tradingview.com/chart/?symbol=NYSE%3ACUBE,False,False,,,-58.74146742419297,34.65414714965762,39.0099983215332,2026-09-09 12:30
NASDAQ:ALGM,equity,https://www.tradingview.com/chart/?symbol=NASDAQ%3AALGM,False,False,,,-6.917944555256741,51.269810446524005,36.310001373291016,2026-09-09 12:30
NYSE:AMG,equity,https://www.tradingview.com/chart/?symbol=NYSE%3AAMG,False,False,,,-51.09452834488011,37.72132095608268,356.7799987792969,2026-09-09 12:30
NASDAQ:LLYVK,equity,https://www.tradingview.com/chart/?symbol=NASDAQ%3ALLYVK,False,False,,,-62.59081816621779,28.846201217796605,97.36000061035156,2026-09-09 12:30
NASDAQ:FCFS,equity,https://www.tradingview.com/chart/?symbol=NASDAQ%3AFCFS,False,False,,,12.841732065894035,61.14221061957684,229.33999633789062,2026-09-09 12:30
NASDAQ:BRKR,equity,https://www.tradingview.com/chart/?symbol=NASDAQ%3ABRKR,False,False,,,-66.88867625725595,26.274089520658677,53.95000076293945,2026-09-09 12:30
NYSE:SARO,equity,https://www.tradingview.com/chart/?symbol=NYSE%3ASARO,False,False,,,-43.13844789925394,39.96328540205856,24.155000686645508,2026-09-09 12:30
NASDAQ:KYMR,equity,https://www.tradingview.com/chart/?symbol=NASDAQ%3AKYMR,False,False,,,-26.15243296160271,41.02331244797892,115.91999816894531,2026-09-09 12:30
NYSE:TX,equity,https://www.tradingview.com/chart/?symbol=NYSE%3ATX,False,False,,,19.318668311555832,60.21105089988421,58.119998931884766,2026-09-09 12:30
NYSE:DDS,equity,https://www.tradingview.com/chart/?symbol=NYSE%3ADDS,False,False,,,-51.087932575662,34.686389009965595,630.1300048828125,2026-09-09 12:30
NASDAQ:DOCU,equity,https://www.tradingview.com/chart/?symbol=NASDAQ%3ADOCU,False,False,,,-39.13062283594377,40.67153602988637,64.06999969482422,2026-09-09 12:30
NYSE:TTC,equity,https://www.tradingview.com/chart/?symbol=NYSE%3ATTC,False,False,,,18.1806415828694,44.19201064041361,93.94499969482422,2026-09-09 12:30
NYSE:RRC,equity,https://www.tradingview.com/chart/?symbol=NYSE%3ARRC,False,False,,,-51.725221789888785,40.410746523539544,41.630001068115234,2026-09-09 12:30
NASDAQ:XP,equity,https://www.tradingview.com/chart/?symbol=NASDAQ%3AXP,False,False,,,-48.593521377207935,41.700449894062075,19.235000610351562,2026-09-09 12:30
NYSE:FR,equity,https://www.tradingview.com/chart/?symbol=NYSE%3AFR,False,False,,,-60.26991036260103,28.950589610258234,60.814998626708984,2026-09-09 12:30
NYSE:WAL,equity,https://www.tradingview.com/chart/?symbol=NYSE%3AWAL,False,False,,,-61.788464278107675,36.43156756975047,78.80999755859375,2026-09-09 12:30
NYSE:NCLH,equity,https://www.tradingview.com/chart/?symbol=NYSE%3ANCLH,False,False,,,-77.54161831894054,26.13463995703502,14.9399995803833,2026-09-09 12:30
NASDAQ:KTOS,equity,https://www.tradingview.com/chart/?symbol=NASDAQ%3AKTOS,False,False,,,-33.68236045297813,32.6939544303637,46.57780075073242,2026-09-09 12:30
TSX:IMG,equity,https://www.tradingview.com/chart/?symbol=TSX%3AIMG,False,False,,,-5.903338006124898,56.290735792713576,28.559999465942383,2026-09-09 12:30
NASDAQ:MTCH,equity,https://www.tradingview.com/chart/?symbol=NASDAQ%3AMTCH,False,False,,,-34.0856425323173,46.464566359941784,41.5099983215332,2026-09-09 12:30
NYSE:GKOS,equity,https://www.tradingview.com/chart/?symbol=NYSE%3AGKOS,False,False,,,27.790599354231187,51.546607805366584,181.4199981689453,2026-09-09 12:30
NYSE:VOYA,equity,https://www.tradingview.com/chart/?symbol=NYSE%3AVOYA,False,False,,,-53.46524171341154,39.79511004302184,102.08999633789062,2026-09-09 12:30
NYSE:IT,equity,https://www.tradingview.com/chart/?symbol=NYSE%3AIT,False,False,,,-66.2314656961461,26.48691229404446,170.3800048828125,2026-09-09 12:30
NYSE:CHWY,equity,https://www.tradingview.com/chart/?symbol=NYSE%3ACHWY,False,False,,,-92.31308448788214,21.94339586096649,21.184999465942383,2026-09-09 12:30
NASDAQ:FORM,equity,https://www.tradingview.com/chart/?symbol=NASDAQ%3AFORM,False,False,,,67.85809269485628,75.10264818910385,114.5999984741211,2026-09-09 12:30
NYSE:ALV,equity,https://www.tradingview.com/chart/?symbol=NYSE%3AALV,False,False,,,-39.38067257580381,36.99093224234054,119.44999694824219,2026-09-09 12:30
NASDAQ:CRNX,equity,https://www.tradingview.com/chart/?symbol=NASDAQ%3ACRNX,False,False,,,70.4821219455793,78.79544429245587,84.9800033569336,2026-08-31 15:30
NASDAQ:POWL,equity,https://www.tradingview.com/chart/?symbol=NASDAQ%3APOWL,False,False,,,29.901318025519757,53.21904527428179,180.86000061035156,2026-09-09 12:30
NASDAQ:SNEX,equity,https://www.tradingview.com/chart/?symbol=NASDAQ%3ASNEX,False,False,,,50.05729081157324,60.679317428695455,70.2300033569336,2026-09-09 12:30
NASDAQ:AAOI,equity,https://www.tradingview.com/chart/?symbol=NASDAQ%3AAAOI,False,False,,,29.77011656819109,54.015673315493316,109.9000015258789,2026-09-09 12:30
NYSE:FLS,equity,https://www.tradingview.com/chart/?symbol=NYSE%3AFLS,False,False,,,-45.10464944243267,34.50550325176157,75.53500366210938,2026-09-09 12:30
NASDAQ:LGN,equity,https://www.tradingview.com/chart/?symbol=NASDAQ%3ALGN,False,False,,,38.35763550580892,54.96181039385424,55.68000030517578,2026-09-09 12:30
NASDAQ:ALKS,equity,https://www.tradingview.com/chart/?symbol=NASDAQ%3AALKS,False,False,,,-67.37381010516646,33.381220169304356,45.435001373291016,2026-09-09 12:30
TSX:EFN,equity,https://www.tradingview.com/chart/?symbol=TSX%3AEFN,False,False,,,-69.27378081055777,32.24968869484083,25.389999389648438,2026-09-09 12:30
NASDAQ:MANH,equity,https://www.tradingview.com/chart/?symbol=NASDAQ%3AMANH,False,False,,,-47.267472673145825,31.339633989144446,205.57000732421875,2026-09-09 12:30
NASDAQ:IONS,equity,https://www.tradingview.com/chart/?symbol=NASDAQ%3AIONS,False,False,,,-45.814970689774924,39.25964550277936,56.290000915527344,2026-09-09 12:30
NYSE:FDS,equity,https://www.tradingview.com/chart/?symbol=NYSE%3AFDS,False,False,,,-69.93964200356457,20.66158927958479,281.1000061035156,2026-09-09 12:30
TSX:CGG,equity,https://www.tradingview.com/chart/?symbol=TSX%3ACGG,False,False,,,58.519711894973824,67.48189905906278,48.47999954223633,2026-09-09 12:30
NASDAQ:AAON,equity,https://www.tradingview.com/chart/?symbol=NASDAQ%3AAAON,False,False,,,-21.23049313862644,40.201255466772814,76.71549987792969,2026-09-09 12:30
NYSE:IAG,equity,https://www.tradingview.com/chart/?symbol=NYSE%3AIAG,False,False,,,-3.753881930597176,56.32176165447676,20.6875,2026-09-09 12:30
NYSE:ACM,equity,https://www.tradingview.com/chart/?symbol=NYSE%3AACM,False,False,,,-79.55059801041743,30.92577899745612,63.95000076293945,2026-09-09 12:30
NASDAQ:BSY,equity,https://www.tradingview.com/chart/?symbol=NASDAQ%3ABSY,False,False,,,-65.73785916398437,27.67901382022454,31.915000915527344,2026-09-09 12:30
TSX:AG,equity,https://www.tradingview.com/chart/?symbol=TSX%3AAG,False,False,,,0.5095501359630893,55.62822347882573,29.290000915527344,2026-09-09 12:30
NASDAQ:RIOT,equity,https://www.tradingview.com/chart/?symbol=NASDAQ%3ARIOT,False,False,,,17.823405919969726,59.21777471295431,21.774999618530273,2026-09-09 12:30
NYSE:ARE,equity,https://www.tradingview.com/chart/?symbol=NYSE%3AARE,False,False,,,-66.46471915981147,34.68723337292812,50.439998626708984,2026-09-09 12:30
NASDAQ:PTGX,equity,https://www.tradingview.com/chart/?symbol=NASDAQ%3APTGX,False,False,,,-2.466806136822117,42.55911225098598,144.82000732421875,2026-09-09 12:30
NYSE:PRMB,equity,https://www.tradingview.com/chart/?symbol=NYSE%3APRMB,False,False,,,-76.3645708710157,30.56230059277877,21.040000915527344,2026-09-09 12:30
NYSE:KT,equity,https://www.tradingview.com/chart/?symbol=NYSE%3AKT,False,False,,,-38.02361558111849,46.113520114409525,19.684999465942383,2026-09-09 12:30
NYSE:JXN,equity,https://www.tradingview.com/chart/?symbol=NYSE%3AJXN,False,False,,,-31.604671845729495,49.83666374318478,138.0,2026-09-09 12:30
NASDAQ:BOKF,equity,https://www.tradingview.com/chart/?symbol=NASDAQ%3ABOKF,False,False,,,-66.45554244605611,34.64996573938092,134.5500030517578,2026-09-09 12:30
NASDAQ:APLD,equity,https://www.tradingview.com/chart/?symbol=NASDAQ%3AAPLD,False,False,,,30.22552315316983,53.08233809135916,27.280000686645508,2026-09-09 12:30
NASDAQ:CBSH,equity,https://www.tradingview.com/chart/?symbol=NASDAQ%3ACBSH,False,False,,,-44.902172599971315,34.179864887520935,57.77000045776367,2026-09-09 12:30
NYSE:REXR,equity,https://www.tradingview.com/chart/?symbol=NYSE%3AREXR,False,False,,,36.025603679281474,48.91935271059603,37.01499938964844,2026-09-09 12:30
NYSE:AG,equity,https://www.tradingview.com/chart/?symbol=NYSE%3AAG,False,False,,,5.7134041174708585,55.45925824343424,21.209999084472656,2026-09-09 12:30
NYSE:AGCO,equity,https://www.tradingview.com/chart/?symbol=NYSE%3AAGCO,False,False,,,-24.627213231811478,51.230783949932565,127.44999694824219,2026-09-09 12:30
NYSE:ESE,equity,https://www.tradingview.com/chart/?symbol=NYSE%3AESE,False,False,,,-20.226640713046013,47.417390062246746,271.17999267578125,2026-09-09 12:30
NYSE:FRO,equity,https://www.tradingview.com/chart/?symbol=NYSE%3AFRO,False,False,,,67.94292649951495,69.96971884686205,47.290000915527344,2026-09-09 12:30
NASDAQ:GGAL,equity,https://www.tradingview.com/chart/?symbol=NASDAQ%3AGGAL,False,False,,,-46.1040083497082,53.921580844759205,44.43000030517578,2026-09-09 12:30
NYSE:AGX,equity,https://www.tradingview.com/chart/?symbol=NYSE%3AAGX,False,False,,,9.099320690614649,35.80493542309412,404.17498779296875,2026-09-09 12:30
TSX:GIL,equity,https://www.tradingview.com/chart/?symbol=TSX%3AGIL,False,False,,,-58.115509898984534,31.63831744075901,69.75,2026-09-09 12:30
NYSE:HESM,equity,https://www.tradingview.com/chart/?symbol=NYSE%3AHESM,False,False,,,16.321470108758295,49.01845880047065,40.35499954223633,2026-09-09 12:30
TSX:CPX,equity,https://www.tradingview.com/chart/?symbol=TSX%3ACPX,False,False,,,24.11813576992193,52.632056089188524,63.810001373291016,2026-09-09 12:30
NYSE:AXS,equity,https://www.tradingview.com/chart/?symbol=NYSE%3AAXS,False,False,,,-64.29424666407333,33.76069559116509,98.3550033569336,2026-09-09 12:30
NYSE:QGEN,equity,https://www.tradingview.com/chart/?symbol=NYSE%3AQGEN,False,False,,,-53.980615803061006,40.08568196187266,42.5,2026-09-09 12:30
NASDAQ:CHYM,equity,https://www.tradingview.com/chart/?symbol=NASDAQ%3ACHYM,False,False,,,-4.060877290149649,59.94177283687389,34.13999938964844,2026-09-09 12:30
NASDAQ:APGE,equity,https://www.tradingview.com/chart/?symbol=NASDAQ%3AAPGE,False,False,,,43.29533708048164,79.59803770248207,135.08999633789062,2026-09-02 15:30
NASDAQ:TTD,equity,https://www.tradingview.com/chart/?symbol=NASDAQ%3ATTD,False,False,,,-47.33617116333019,44.727355744062365,14.024999618530273,2026-09-09 12:30
NASDAQ:SAIL,equity,https://www.tradingview.com/chart/?symbol=NASDAQ%3ASAIL,False,False,,,-62.25595266437659,35.84629704013368,17.729999542236328,2026-09-09 12:30
NYSE:AOS,equity,https://www.tradingview.com/chart/?symbol=NYSE%3AAOS,False,False,,,-62.3526544465572,26.37502630143807,58.04999923706055,2026-09-09 12:30
NASDAQ:GLXY,equity,https://www.tradingview.com/chart/?symbol=NASDAQ%3AGLXY,False,False,,,-3.857263680286156,43.29845498450436,25.59000015258789,2026-09-09 12:30
TSX:SOBO,equity,https://www.tradingview.com/chart/?symbol=TSX%3ASOBO,False,False,,,36.39822559738118,57.045874329992216,52.08000183105469,2026-09-09 12:30
NYSE:ATR,equity,https://www.tradingview.com/chart/?symbol=NYSE%3AATR,False,False,,,-86.90379256737121,17.384399514458266,121.52999877929688,2026-09-09 12:30
NYSE:BIO,equity,https://www.tradingview.com/chart/?symbol=NYSE%3ABIO,False,False,,,-70.74129334130185,36.94022753438416,376.2049865722656,2026-09-09 12:30
NYSE:RHP,equity,https://www.tradingview.com/chart/?symbol=NYSE%3ARHP,False,False,,,-33.96704001118428,45.45472429931065,122.12999725341797,2026-09-09 12:30
NYSE:IDA,equity,https://www.tradingview.com/chart/?symbol=NYSE%3AIDA,False,False,,,9.019163010109509,40.417296075944236,135.66000366210938,2026-09-09 12:30
TSX:CU,equity,https://www.tradingview.com/chart/?symbol=TSX%3ACU,False,False,,,64.37914253049847,59.84423782762576,51.369998931884766,2026-09-09 12:30
NYSE:CNM,equity,https://www.tradingview.com/chart/?symbol=NYSE%3ACNM,False,False,,,-56.27792825328462,32.45399412495867,42.47999954223633,2026-09-09 12:30
NASDAQ:TEM,equity,https://www.tradingview.com/chart/?symbol=NASDAQ%3ATEM,False,False,,,-37.29499469526838,36.4992263740462,62.14500045776367,2026-09-09 12:30
NYSE:GIL,equity,https://www.tradingview.com/chart/?symbol=NYSE%3AGIL,False,False,,,-60.26636062256267,31.55394273138701,50.53499984741211,2026-09-09 12:30
NYSE:KMX,equity,https://www.tradingview.com/chart/?symbol=NYSE%3AKMX,False,False,,,-39.49805202323115,36.901407791353684,60.41999816894531,2026-09-09 12:30
TSX:EMP.A,equity,https://www.tradingview.com/chart/?symbol=TSX%3AEMP.A,False,False,,,-22.226693509398398,49.61061608328017,47.66999816894531,2026-09-09 12:30
NASDAQ:TGTX,equity,https://www.tradingview.com/chart/?symbol=NASDAQ%3ATGTX,False,False,,,-51.55421993409116,36.98274543684897,54.59000015258789,2026-09-09 12:30
NYSE:ASR,equity,https://www.tradingview.com/chart/?symbol=NYSE%3AASR,False,False,,,-54.54409682096474,39.00115855352136,254.0800018310547,2026-09-09 12:30
NASDAQ:PCVX,equity,https://www.tradingview.com/chart/?symbol=NASDAQ%3APCVX,False,False,,,-68.52547277652666,40.919117308740375,59.720001220703125,2026-09-09 12:30
NYSE:BVN,equity,https://www.tradingview.com/chart/?symbol=NYSE%3ABVN,False,False,,,48.787624546550866,66.44352928448306,35.599998474121094,2026-09-09 12:30
NYSE:MP,equity,https://www.tradingview.com/chart/?symbol=NYSE%3AMP,False,False,,,7.844410993012424,48.46493652287201,55.04999923706055,2026-09-09 12:30
NYSE:HXL,equity,https://www.tradingview.com/chart/?symbol=NYSE%3AHXL,False,False,,,-53.111039575869675,39.76486880979558,90.83999633789062,2026-09-09 12:30
NYSE:EAT,equity,https://www.tradingview.com/chart/?symbol=NYSE%3AEAT,False,False,,,-78.23265141137398,25.68564052899343,216.6699981689453,2026-09-09 12:30
NASDAQ:HQY,equity,https://www.tradingview.com/chart/?symbol=NASDAQ%3AHQY,False,False,,,-51.26365014873482,32.55634244611643,93.16999816894531,2026-09-09 12:30
TSX:CAE,equity,https://www.tradingview.com/chart/?symbol=TSX%3ACAE,False,False,,,-10.203782935814255,46.12221923241304,33.220001220703125,2026-09-09 12:30
NASDAQ:TTEK,equity,https://www.tradingview.com/chart/?symbol=NASDAQ%3ATTEK,False,False,,,-43.34056773497803,39.850363335578415,35.56999969482422,2026-09-09 12:30
NASDAQ:IMVT,equity,https://www.tradingview.com/chart/?symbol=NASDAQ%3AIMVT,False,False,,,-21.424895357426653,39.448162321199554,38.89500045776367,2026-09-09 12:30
NASDAQ:VLY,equity,https://www.tradingview.com/chart/?symbol=NASDAQ%3AVLY,False,False,,,-45.89977673257485,32.43642316145254,13.725000381469727,2026-09-09 12:30
NYSE:SOBO,equity,https://www.tradingview.com/chart/?symbol=NYSE%3ASOBO,False,False,,,32.248819337883276,56.09410879115912,37.709999084472656,2026-09-09 12:30
NYSE:SM,equity,https://www.tradingview.com/chart/?symbol=NYSE%3ASM,False,False,,,40.820676335144555,59.67539546457424,38.275001525878906,2026-09-09 12:30
TSX:STN,equity,https://www.tradingview.com/chart/?symbol=TSX%3ASTN,False,False,,,-65.53508447283774,27.54575943060358,97.41999816894531,2026-09-09 12:30
NASDAQ:RGEN,equity,https://www.tradingview.com/chart/?symbol=NASDAQ%3ARGEN,False,False,,,-29.131374563236005,39.82923872739344,167.30499267578125,2026-09-09 12:30
NYSE:KEX,equity,https://www.tradingview.com/chart/?symbol=NYSE%3AKEX,False,False,,,-57.654404345438145,36.015247386831284,138.22999572753906,2026-09-09 12:30
NYSE:LNC,equity,https://www.tradingview.com/chart/?symbol=NYSE%3ALNC,False,False,,,-49.414042570895845,38.68450704650784,43.505001068115234,2026-09-09 12:30
NYSE:EMN,equity,https://www.tradingview.com/chart/?symbol=NYSE%3AEMN,False,False,,,-75.09355323270961,29.498617179062464,68.58999633789062,2026-09-09 12:30
NASDAQ:IBRX,equity,https://www.tradingview.com/chart/?symbol=NASDAQ%3AIBRX,False,False,,,4.909165481689133,45.78225153938848,8.045000076293945,2026-09-09 12:30
NYSE:ZWS,equity,https://www.tradingview.com/chart/?symbol=NYSE%3AZWS,False,False,,,-65.42111331769217,38.04380328245919,46.779998779296875,2026-09-09 12:30
NASDAQ:MXL,equity,https://www.tradingview.com/chart/?symbol=NASDAQ%3AMXL,False,False,,,75.19799410708775,75.12213983295328,70.1500015258789,2026-09-09 12:30
NYSE:UGI,equity,https://www.tradingview.com/chart/?symbol=NYSE%3AUGI,False,False,,,56.306789936770535,55.160130931395045,38.43000030517578,2026-09-09 12:30
NYSE:STAG,equity,https://www.tradingview.com/chart/?symbol=NYSE%3ASTAG,False,False,,,-68.17177701504033,29.98615130485831,36.95000076293945,2026-09-09 12:30
NYSE:BAH,equity,https://www.tradingview.com/chart/?symbol=NYSE%3ABAH,False,False,,,-27.931274893835834,46.079179647870355,72.80500030517578,2026-09-09 12:30
NASDAQ:FRVO,equity,https://www.tradingview.com/chart/?symbol=NASDAQ%3AFRVO,False,False,,,3.141913702002295,41.8552551920324,17.610000610351562,2026-09-09 12:30
NYSE:BIRK,equity,https://www.tradingview.com/chart/?symbol=NYSE%3ABIRK,False,False,,,-88.78847666593008,22.35706205117016,31.829999923706055,2026-09-09 12:30
NYSE:CAE,equity,https://www.tradingview.com/chart/?symbol=NYSE%3ACAE,False,False,,,-11.988563349800897,46.44665697992019,24.06999969482422,2026-09-09 12:30
NASDAQ:QRVO,equity,https://www.tradingview.com/chart/?symbol=NASDAQ%3AQRVO,False,False,,,56.27903597477101,60.310525910404806,103.95999908447266,2026-09-09 12:30
NYSE:NFG,equity,https://www.tradingview.com/chart/?symbol=NYSE%3ANFG,False,False,,,-14.014019239103964,38.49601476480423,82.7699966430664,2026-09-09 12:30
NYSE:RAL,equity,https://www.tradingview.com/chart/?symbol=NYSE%3ARAL,False,False,,,83.4047356204202,68.91586297086819,66.13999938964844,2026-09-09 12:30
NYSE:TRNO,equity,https://www.tradingview.com/chart/?symbol=NYSE%3ATRNO,False,False,,,-25.187501019008483,35.4217309841613,65.18000030517578,2026-09-09 12:30
NYSE:STN,equity,https://www.tradingview.com/chart/?symbol=NYSE%3ASTN,False,False,,,-66.91460404429324,27.809101832467917,70.56999969482422,2026-09-09 12:30
NYSE:LAD,equity,https://www.tradingview.com/chart/?symbol=NYSE%3ALAD,False,False,,,-49.953829243506696,29.44543425897581,364.6099853515625,2026-09-09 12:30
NYSE:OSCR,equity,https://www.tradingview.com/chart/?symbol=NYSE%3AOSCR,False,False,,,0.9435119359771656,46.57894280948436,31.42009925842285,2026-09-09 12:30
NASDAQ:CHRD,equity,https://www.tradingview.com/chart/?symbol=NASDAQ%3ACHRD,False,False,,,42.388342276039715,58.70047233846961,149.56500244140625,2026-09-09 12:30
NYSE:TAP,equity,https://www.tradingview.com/chart/?symbol=NYSE%3ATAP,True,True,2026-09-09 11:30,-68.57986424861957,-65.8157666359201,32.663182217331965,38.849998474121094,2026-09-09 12:30
NYSE:ETSY,equity,https://www.tradingview.com/chart/?symbol=NYSE%3AETSY,False,False,,,-63.12323489468415,24.062784968646383,70.82499694824219,2026-09-09 12:30
NYSE:OKLO,equity,https://www.tradingview.com/chart/?symbol=NYSE%3AOKLO,False,False,,,43.44662087135827,61.31657104585923,43.16999816894531,2026-09-09 12:30
NYSE:EDU,equity,https://www.tradingview.com/chart/?symbol=NYSE%3AEDU,False,False,,,-61.19538182178824,28.19292671504452,55.619998931884766,2026-09-09 12:30
NYSE:BLDR,equity,https://www.tradingview.com/chart/?symbol=NYSE%3ABLDR,False,False,,,-53.99960166577734,30.462540525889352,61.564998626708984,2026-09-09 12:30
NYSE:SSD,equity,https://www.tradingview.com/chart/?symbol=NYSE%3ASSD,False,False,,,-52.80565807794724,32.83368701032414,175.52000427246094,2026-09-09 12:30
NYSE:SNAP,equity,https://www.tradingview.com/chart/?symbol=NYSE%3ASNAP,False,False,,,-62.36875871333039,34.93418223202649,5.295000076293945,2026-09-09 12:30
NYSE:PBF,equity,https://www.tradingview.com/chart/?symbol=NYSE%3APBF,False,False,,,43.12527770240789,53.927299344035134,76.16999816894531,2026-09-09 12:30
NASDAQ:AVAV,equity,https://www.tradingview.com/chart/?symbol=NASDAQ%3AAVAV,False,False,,,-11.866955113514082,38.561796581796884,141.8699951171875,2026-09-09 12:30
TSX:EQX,equity,https://www.tradingview.com/chart/?symbol=TSX%3AEQX,False,False,,,-5.424373936275871,54.218779741488575,17.829999923706055,2026-09-09 12:30
TSX:GMIN,equity,https://www.tradingview.com/chart/?symbol=TSX%3AGMIN,False,False,,,47.389022912407675,58.55149387833675,53.68000030517578,2026-09-09 12:30
NASDAQ:LQDA,equity,https://www.tradingview.com/chart/?symbol=NASDAQ%3ALQDA,False,False,,,-10.08099528990912,51.82579717886569,68.46499633789062,2026-09-09 12:30
NYSE:PAYC,equity,https://www.tradingview.com/chart/?symbol=NYSE%3APAYC,False,False,,,-64.58510770405213,27.224289212199807,216.72000122070312,2026-09-09 12:30
NASDAQ:Z,equity,https://www.tradingview.com/chart/?symbol=NASDAQ%3AZ,False,False,,,-62.73358404470667,36.91414001856065,32.494998931884766,2026-09-09 12:30
NASDAQ:ZG,equity,https://www.tradingview.com/chart/?symbol=NASDAQ%3AZG,False,False,,,-63.24712246711559,34.97074547172015,33.064998626708984,2026-09-09 12:30
TSX:CTC.A,equity,https://www.tradingview.com/chart/?symbol=TSX%3ACTC.A,False,False,,,-48.62158974378121,43.274680025979286,187.72999572753906,2026-09-09 12:30
NASDAQ:CBC,equity,https://www.tradingview.com/chart/?symbol=NASDAQ%3ACBC,False,False,,,-31.317686248463293,33.989070483438994,32.0,2026-09-09 12:30
NYSE:KNSL,equity,https://www.tradingview.com/chart/?symbol=NYSE%3AKNSL,False,False,,,-72.53127431430845,24.935852528309653,359.92999267578125,2026-09-09 12:30
NYSE:MAC,equity,https://www.tradingview.com/chart/?symbol=NYSE%3AMAC,False,False,,,-4.390494627691441,41.7238016439072,23.209999084472656,2026-09-09 12:30
NYSE:CMC,equity,https://www.tradingview.com/chart/?symbol=NYSE%3ACMC,False,False,,,6.248213897669435,39.505040934426546,68.93000030517578,2026-09-09 12:30
NASDAQ:CORZ,equity,https://www.tradingview.com/chart/?symbol=NASDAQ%3ACORZ,False,False,,,18.93611730228879,54.08636044646095,18.139999389648438,2026-09-09 12:30
NYSE:SGHC,equity,https://www.tradingview.com/chart/?symbol=NYSE%3ASGHC,False,False,,,-16.488447916046123,51.31790780686635,13.904999732971191,2026-09-09 12:30
NYSE:AVTR,equity,https://www.tradingview.com/chart/?symbol=NYSE%3AAVTR,False,False,,,14.437157990193555,46.40755299482061,14.854999542236328,2026-09-09 12:30
NYSE:CAVA,equity,https://www.tradingview.com/chart/?symbol=NYSE%3ACAVA,False,False,,,-90.96800803651111,18.41030033707493,56.97999954223633,2026-09-09 12:30
NYSE:JOBY,equity,https://www.tradingview.com/chart/?symbol=NYSE%3AJOBY,False,False,,,-48.83296518668569,37.47134465862953,6.590000152587891,2026-09-09 12:30
NYSE:RSI,equity,https://www.tradingview.com/chart/?symbol=NYSE%3ARSI,False,False,,,32.6784865340231,56.17218533787437,26.940000534057617,2026-09-09 12:30
NYSE:HR,equity,https://www.tradingview.com/chart/?symbol=NYSE%3AHR,False,False,,,-83.14255890155216,31.526525397390543,18.825000762939453,2026-09-09 12:30
TSX:CS,equity,https://www.tradingview.com/chart/?symbol=TSX%3ACS,False,False,,,24.138336376688315,56.95844798180476,16.030000686645508,2026-09-09 12:30
NYSE:PL,equity,https://www.tradingview.com/chart/?symbol=NYSE%3APL,False,False,,,-60.97980254761245,32.737985775211044,17.364999771118164,2026-09-09 12:30
NYSE:THG,equity,https://www.tradingview.com/chart/?symbol=NYSE%3ATHG,False,False,,,-58.658316088822325,34.24345627401367,224.27000427246094,2026-09-09 12:30
AMEX:EQX,equity,https://www.tradingview.com/chart/?symbol=AMEX%3AEQX,False,False,,,-2.192430680914988,54.34373535158882,12.914999961853027,2026-09-09 12:30
NASDAQ:BILI,equity,https://www.tradingview.com/chart/?symbol=NASDAQ%3ABILI,False,False,,,22.078054550660983,54.54253138957897,15.954999923706055,2026-09-09 12:30
NASDAQ:AVT,equity,https://www.tradingview.com/chart/?symbol=NASDAQ%3AAVT,False,False,,,9.509827052407232,54.34461370189122,91.98999786376953,2026-09-09 12:30
NYSE:PB,equity,https://www.tradingview.com/chart/?symbol=NYSE%3APB,False,False,,,-55.98345479298725,29.67608627665838,71.20999908447266,2026-09-09 12:30
NASDAQ:VFS,equity,https://www.tradingview.com/chart/?symbol=NASDAQ%3AVFS,False,False,,,-32.91353535521791,48.310379571010735,3.0850000381469727,2026-09-09 12:30
NASDAQ:CAMT,equity,https://www.tradingview.com/chart/?symbol=NASDAQ%3ACAMT,False,False,,,32.703483581866585,66.05487428859229,148.42999267578125,2026-09-09 12:30
TSX:DPM,equity,https://www.tradingview.com/chart/?symbol=TSX%3ADPM,False,False,,,26.251085035856295,51.03916277149831,61.11000061035156,2026-09-09 12:30
NYSE:ENS,equity,https://www.tradingview.com/chart/?symbol=NYSE%3AENS,False,False,,,-16.952561809391273,41.140102312477985,179.42999267578125,2026-09-09 12:30
NYSE:MOS,equity,https://www.tradingview.com/chart/?symbol=NYSE%3AMOS,False,False,,,47.799013481826215,57.29583963545568,26.34000015258789,2026-09-09 12:30
NASDAQ:CELH,equity,https://www.tradingview.com/chart/?symbol=NASDAQ%3ACELH,False,False,,,-80.34922797294422,16.905834559123264,28.040000915527344,2026-09-09 12:30
NASDAQ:POOL,equity,https://www.tradingview.com/chart/?symbol=NASDAQ%3APOOL,False,False,,,-45.53910227940556,33.24113460336328,176.6374969482422,2026-09-09 12:30
NASDAQ:DBX,equity,https://www.tradingview.com/chart/?symbol=NASDAQ%3ADBX,False,False,,,-18.376535063861724,46.71046077988624,34.25,2026-09-09 12:30
NYSE:SSL,equity,https://www.tradingview.com/chart/?symbol=NYSE%3ASSL,False,False,,,75.18263789280478,85.89961134502076,14.595000267028809,2026-09-09 12:30
NYSE:NOV,equity,https://www.tradingview.com/chart/?symbol=NYSE%3ANOV,False,False,,,3.370183321702711,54.1608197178184,21.514999389648438,2026-09-09 12:30
NYSE:VIPS,equity,https://www.tradingview.com/chart/?symbol=NYSE%3AVIPS,False,False,,,-68.51869643173667,26.92053376229164,12.635000228881836,2026-09-09 12:30
NYSE:LEA,equity,https://www.tradingview.com/chart/?symbol=NYSE%3ALEA,False,False,,,-43.819840614931486,34.12329958784865,126.87999725341797,2026-09-09 12:30
NYSE:FAF,equity,https://www.tradingview.com/chart/?symbol=NYSE%3AFAF,False,False,,,-48.35137402923409,32.484390031106784,71.42500305175781,2026-09-09 12:30
NASDAQ:SLAB,equity,https://www.tradingview.com/chart/?symbol=NASDAQ%3ASLAB,False,False,,,-43.88635135414131,46.70904783999759,219.7899932861328,2026-09-09 12:30
NASDAQ:LSTR,equity,https://www.tradingview.com/chart/?symbol=NASDAQ%3ALSTR,False,False,,,-13.874560601559821,36.87317126352386,174.1649932861328,2026-09-09 12:30
NYSE:FLR,equity,https://www.tradingview.com/chart/?symbol=NYSE%3AFLR,False,False,,,-34.100734047966,39.32519806692492,55.22999954223633,2026-09-09 12:30
NASDAQ:RYTM,equity,https://www.tradingview.com/chart/?symbol=NASDAQ%3ARYTM,False,False,,,-69.51917250292196,37.066186114495146,100.96499633789062,2026-09-09 12:30
NYSE:NPO,equity,https://www.tradingview.com/chart/?symbol=NYSE%3ANPO,False,False,,,30.970049693507885,52.04520000443047,299.17999267578125,2026-09-09 12:30
NYSE:FSS,equity,https://www.tradingview.com/chart/?symbol=NYSE%3AFSS,False,False,,,-21.41813485508095,41.909085675268955,116.875,2026-09-09 12:30
NYSE:MSM,equity,https://www.tradingview.com/chart/?symbol=NYSE%3AMSM,False,False,,,-18.10385652109221,46.136183892517494,119.20999908447266,2026-09-09 12:30
NYSE:ACI,equity,https://www.tradingview.com/chart/?symbol=NYSE%3AACI,False,False,,,-79.63927824658926,20.2041250680261,11.805000305175781,2026-09-09 12:30
NYSE:HIMS,equity,https://www.tradingview.com/chart/?symbol=NYSE%3AHIMS,False,False,,,-31.058092673794572,36.077603093948134,27.3700008392334,2026-09-09 12:30
NYSE:ACA,equity,https://www.tradingview.com/chart/?symbol=NYSE%3AACA,False,False,,,48.96865014024576,49.89763892256439,145.5800018310547,2026-09-09 12:30
NYSE:NEU,equity,https://www.tradingview.com/chart/?symbol=NYSE%3ANEU,False,False,,,-78.86934038010673,36.82487876816696,867.6500244140625,2026-09-09 12:30
NYSE:EPRT,equity,https://www.tradingview.com/chart/?symbol=NYSE%3AEPRT,False,False,,,-46.611829753561295,36.79454713348155,29.469999313354492,2026-09-09 12:30
NYSE:CAG,equity,https://www.tradingview.com/chart/?symbol=NYSE%3ACAG,False,False,,,-52.0430140833937,33.652819404810586,15.164999961853027,2026-09-09 12:30
NASDAQ:BZ,equity,https://www.tradingview.com/chart/?symbol=NASDAQ%3ABZ,False,False,,,-89.72746456154142,27.321480956016103,16.209999084472656,2026-09-09 12:30
NYSE:PACS,equity,https://www.tradingview.com/chart/?symbol=NYSE%3APACS,False,False,,,44.36740105108017,60.54534469698068,43.83000183105469,2026-09-09 12:30
NYSE:GAP,equity,https://www.tradingview.com/chart/?symbol=NYSE%3AGAP,False,False,,,-71.44112421913059,33.097383195944744,21.485000610351562,2026-09-09 12:30
NYSE:AXTA,equity,https://www.tradingview.com/chart/?symbol=NYSE%3AAXTA,False,False,,,-73.24539627787736,28.1816056660099,34.7599983215332,2026-09-09 12:30
NASDAQ:MBLY,equity,https://www.tradingview.com/chart/?symbol=NASDAQ%3AMBLY,False,False,,,-27.476989842225095,28.606137397748427,8.210000038146973,2026-09-09 12:30
NASDAQ:CRUS,equity,https://www.tradingview.com/chart/?symbol=NASDAQ%3ACRUS,False,False,,,-84.251464122649,34.87707485650796,108.86000061035156,2026-09-09 12:30
NYSE:JBTM,equity,https://www.tradingview.com/chart/?symbol=NYSE%3AJBTM,False,False,,,-61.490912301218025,38.43102754575723,114.55000305175781,2026-09-09 12:30
NYSE:VIST,equity,https://www.tradingview.com/chart/?symbol=NYSE%3AVIST,False,False,,,25.87096759540388,54.376401971830866,75.52020263671875,2026-09-09 12:30
NYSE:VSXY,equity,https://www.tradingview.com/chart/?symbol=NYSE%3AVSXY,False,False,,,1.6484634319261806,43.63140921215238,75.86499786376953,2026-09-09 12:30
NYSE:ECG,equity,https://www.tradingview.com/chart/?symbol=NYSE%3AECG,False,False,,,16.194667831284907,47.219153641499624,117.30999755859375,2026-09-09 12:30
NASDAQ:SFM,equity,https://www.tradingview.com/chart/?symbol=NASDAQ%3ASFM,False,False,,,-49.6394606546927,30.492766136183732,74.69000244140625,2026-09-09 12:30
NASDAQ:PLXS,equity,https://www.tradingview.com/chart/?symbol=NASDAQ%3APLXS,False,False,,,37.80604522516226,59.26718569123774,248.3300018310547,2026-09-09 12:30
NYSE:CWEN,equity,https://www.tradingview.com/chart/?symbol=NYSE%3ACWEN,False,False,,,26.49819421495253,49.28636938612152,32.165000915527344,2026-09-09 12:30
NYSE:GTES,equity,https://www.tradingview.com/chart/?symbol=NYSE%3AGTES,False,False,,,63.86807679492838,63.70015199094654,26.290000915527344,2026-09-09 12:30
NYSE:NE,equity,https://www.tradingview.com/chart/?symbol=NYSE%3ANE,False,False,,,-21.09455591947518,39.19177784501947,45.36000061035156,2026-09-09 12:30
NYSE:COMP,equity,https://www.tradingview.com/chart/?symbol=NYSE%3ACOMP,False,False,,,-42.41943141312155,42.52627777800372,10.704999923706055,2026-09-09 12:30
NYSE:OMF,equity,https://www.tradingview.com/chart/?symbol=NYSE%3AOMF,False,False,,,-62.12315908665763,35.92935391011673,62.63999938964844,2026-09-09 12:30
NYSE:ICL,equity,https://www.tradingview.com/chart/?symbol=NYSE%3AICL,False,False,,,56.63379860357213,64.35286594605495,5.914999961853027,2026-09-09 12:30
NYSE:UGP,equity,https://www.tradingview.com/chart/?symbol=NYSE%3AUGP,False,False,,,34.803664011116396,59.29400079235394,7.369900226593018,2026-09-09 12:30
NYSE:AN,equity,https://www.tradingview.com/chart/?symbol=NYSE%3AAN,False,False,,,-36.58408790217404,48.43058765106387,207.9149932861328,2026-09-09 12:30
NYSE:INGM,equity,https://www.tradingview.com/chart/?symbol=NYSE%3AINGM,False,False,,,-50.772766972706144,28.049418744314508,26.600000381469727,2026-09-09 12:30
NYSE:LUMN,equity,https://www.tradingview.com/chart/?symbol=NYSE%3ALUMN,False,False,,,-50.86350622782589,54.116616918024405,6.71999979019165,2026-09-09 12:30
NYSE:DPC,equity,https://www.tradingview.com/chart/?symbol=NYSE%3ADPC,False,False,,,-38.74481000723861,39.67226184075147,40.83000183105469,2026-09-09 12:30
TSX:DFY,equity,https://www.tradingview.com/chart/?symbol=TSX%3ADFY,False,False,,,-49.25453342888792,32.49185463839801,70.69000244140625,2026-09-09 12:30
NASDAQ:LNTH,equity,https://www.tradingview.com/chart/?symbol=NASDAQ%3ALNTH,False,False,,,-19.208192520382834,58.018916388157436,100.9800033569336,2026-09-09 12:30
NYSE:MTDR,equity,https://www.tradingview.com/chart/?symbol=NYSE%3AMTDR,False,False,,,56.11986083245427,60.75417616384909,60.81999969482422,2026-09-09 12:30
NYSE:KGS,equity,https://www.tradingview.com/chart/?symbol=NYSE%3AKGS,False,False,,,39.95793171547883,59.22158575559156,63.619998931884766,2026-09-09 12:30
NASDAQ:PPC,equity,https://www.tradingview.com/chart/?symbol=NASDAQ%3APPC,False,False,,,-21.09787676539099,45.94268401466843,30.260000228881836,2026-09-09 12:30
NASDAQ:CROX,equity,https://www.tradingview.com/chart/?symbol=NASDAQ%3ACROX,False,False,,,-71.88779780787358,33.06649790624317,112.37999725341797,2026-09-09 12:30
NYSE:SWX,equity,https://www.tradingview.com/chart/?symbol=NYSE%3ASWX,False,False,,,-19.15387850270079,36.432721441574586,87.6050033569336,2026-09-09 12:30
NYSE:KLAR,equity,https://www.tradingview.com/chart/?symbol=NYSE%3AKLAR,False,False,,,-73.38001038616602,42.72228230556939,14.130000114440918,2026-09-09 12:30
NASDAQ:COGT,equity,https://www.tradingview.com/chart/?symbol=NASDAQ%3ACOGT,False,False,,,28.012811300010657,45.30908381256463,34.77000045776367,2026-09-09 12:30
NYSE:SNDR,equity,https://www.tradingview.com/chart/?symbol=NYSE%3ASNDR,False,False,,,-31.06162265286295,38.278388451316935,33.970001220703125,2026-09-09 12:30
NYSE:FNB,equity,https://www.tradingview.com/chart/?symbol=NYSE%3AFNB,False,False,,,-51.74969605878371,30.95324119753552,18.1299991607666,2026-09-09 12:30
NYSE:AROC,equity,https://www.tradingview.com/chart/?symbol=NYSE%3AAROC,False,False,,,44.746331616432144,54.685898794294395,32.90999984741211,2026-09-09 12:30
NYSE:ST,equity,https://www.tradingview.com/chart/?symbol=NYSE%3AST,False,False,,,-37.26954282015592,44.56717988759289,42.099998474121094,2026-09-09 12:30
NYSE:VFC,equity,https://www.tradingview.com/chart/?symbol=NYSE%3AVFC,False,False,,,-52.95792514714193,40.35591359684508,13.045000076293945,2026-09-09 12:30
NASDAQ:IDCC,equity,https://www.tradingview.com/chart/?symbol=NASDAQ%3AIDCC,False,False,,,37.307620180891284,62.086765616063104,342.9200134277344,2026-09-09 12:30
NYSE:AWI,equity,https://www.tradingview.com/chart/?symbol=NYSE%3AAWI,False,False,,,-58.81229554541468,33.40613556274546,167.375,2026-09-09 12:30
NYSE:MHK,equity,https://www.tradingview.com/chart/?symbol=NYSE%3AMHK,False,False,,,-46.66528370641114,39.01910502719361,129.02999877929688,2026-09-09 12:30
TSX:FSV,equity,https://www.tradingview.com/chart/?symbol=TSX%3AFSV,False,False,,,-45.335049096911455,37.53244984326036,190.05999755859375,2026-09-09 12:30
NYSE:CHE,equity,https://www.tradingview.com/chart/?symbol=NYSE%3ACHE,False,False,,,-54.89146890329565,37.55703163464622,515.9000244140625,2026-09-09 12:30
NYSE:GBCI,equity,https://www.tradingview.com/chart/?symbol=NYSE%3AGBCI,False,False,,,-61.7767275346608,28.419100539052607,45.52000045776367,2026-09-09 12:30
NYSE:LW,equity,https://www.tradingview.com/chart/?symbol=NYSE%3ALW,False,False,,,-66.74540517780862,25.11271758010342,48.29999923706055,2026-09-09 12:30
NYSE:LOAR,equity,https://www.tradingview.com/chart/?symbol=NYSE%3ALOAR,False,False,,,-58.85554783916319,30.445417200960833,66.0999984741211,2026-09-09 12:30
NASDAQ:GRFS,equity,https://www.tradingview.com/chart/?symbol=NASDAQ%3AGRFS,False,False,,,-20.988876187492423,48.58309261036151,7.795000076293945,2026-09-09 12:30
NYSE:MSA,equity,https://www.tradingview.com/chart/?symbol=NYSE%3AMSA,False,False,,,-20.970541358454227,35.639474980596646,185.58999633789062,2026-09-09 12:30
NYSE:MATX,equity,https://www.tradingview.com/chart/?symbol=NYSE%3AMATX,False,False,,,-18.759151974038193,47.41155717345414,222.89500427246094,2026-09-09 12:30
NYSE:IFS,equity,https://www.tradingview.com/chart/?symbol=NYSE%3AIFS,False,False,,,-52.726447829808414,46.389243274832076,54.9900016784668,2026-09-09 12:30
TSX:ELD,equity,https://www.tradingview.com/chart/?symbol=TSX%3AELD,False,False,,,63.02398705835781,57.95817418354294,61.68000030517578,2026-09-09 12:30
NASDAQ:CPB,equity,https://www.tradingview.com/chart/?symbol=NASDAQ%3ACPB,False,False,,,18.675604908074124,47.07896001897783,21.81999969482422,2026-09-09 12:30
NASDAQ:PRAX,equity,https://www.tradingview.com/chart/?symbol=NASDAQ%3APRAX,False,False,,,-14.707041449221284,40.19840601646593,348.3699951171875,2026-09-09 12:30
TSX:SCR,equity,https://www.tradingview.com/chart/?symbol=TSX%3ASCR,False,False,,,59.59079623129461,66.1648854932497,45.08000183105469,2026-09-09 12:30
NASDAQ:TTAN,equity,https://www.tradingview.com/chart/?symbol=NASDAQ%3ATTAN,False,False,,,-99.03270817805914,10.588079814643535,56.4901008605957,2026-09-09 12:30
NASDAQ:FSV,equity,https://www.tradingview.com/chart/?symbol=NASDAQ%3AFSV,False,False,,,-46.802899782465374,35.1717598000906,137.3157958984375,2026-09-09 12:30
NASDAQ:PTCT,equity,https://www.tradingview.com/chart/?symbol=NASDAQ%3APTCT,False,False,,,-68.61289524858596,33.234644748565714,67.75,2026-09-09 12:30
NYSE:JAN,equity,https://www.tradingview.com/chart/?symbol=NYSE%3AJAN,False,False,,,-23.44124864206928,48.1314821680388,30.8799991607666,2026-09-09 12:30
NYSE:BYD,equity,https://www.tradingview.com/chart/?symbol=NYSE%3ABYD,False,False,,,-71.4276112719741,27.085941352391373,75.0999984741211,2026-09-09 12:30
NASDAQ:UBSI,equity,https://www.tradingview.com/chart/?symbol=NASDAQ%3AUBSI,False,False,,,-57.03139391083002,31.48885055704389,46.869998931884766,2026-09-09 12:30
NYSE:TXNM,equity,https://www.tradingview.com/chart/?symbol=NYSE%3ATXNM,False,False,,,-38.90565486620105,46.77145880074198,57.970001220703125,2026-09-09 12:30
NYSE:INGR,equity,https://www.tradingview.com/chart/?symbol=NYSE%3AINGR,False,False,,,-53.0623639622454,40.92889391258853,100.43000030517578,2026-09-09 12:30
NASDAQ:LKQ,equity,https://www.tradingview.com/chart/?symbol=NASDAQ%3ALKQ,False,False,,,-45.139446624401295,35.35647028165904,24.385000228881836,2026-09-09 12:30
NASDAQ:PCTY,equity,https://www.tradingview.com/chart/?symbol=NASDAQ%3APCTY,False,False,,,-74.51463959167144,17.2107814248499,141.64999389648438,2026-09-09 12:30
NYSE:EGO,equity,https://www.tradingview.com/chart/?symbol=NYSE%3AEGO,False,False,,,59.634799311785535,57.65093987081318,44.689998626708984,2026-09-09 12:30
NYSE:M,equity,https://www.tradingview.com/chart/?symbol=NYSE%3AM,False,False,,,-25.776717946010574,42.80329482529641,22.290000915527344,2026-09-09 12:30
NYSE:ORA,equity,https://www.tradingview.com/chart/?symbol=NYSE%3AORA,False,False,,,-18.42680623837388,25.542931749806684,97.37249755859375,2026-09-09 12:30
TSX:NXE,equity,https://www.tradingview.com/chart/?symbol=TSX%3ANXE,False,False,,,3.30091517096819,56.5604193278277,14.970000267028809,2026-09-09 12:30
NYSE:GATX,equity,https://www.tradingview.com/chart/?symbol=NYSE%3AGATX,False,False,,,-45.21804598482843,39.27494940607352,175.5500030517578,2026-09-09 12:30
NASDAQ:CACC,equity,https://www.tradingview.com/chart/?symbol=NASDAQ%3ACACC,False,False,,,-41.872358275619455,48.29187939590124,598.3599853515625,2026-09-09 12:30
NASDAQ:ACT,equity,https://www.tradingview.com/chart/?symbol=NASDAQ%3AACT,False,False,,,7.518376412015826,50.20926922125251,49.34000015258789,2026-09-09 12:30
NYSE:QBTS,equity,https://www.tradingview.com/chart/?symbol=NYSE%3AQBTS,False,False,,,8.131619063019555,53.666398821740046,17.40999984741211,2026-09-09 12:30
NYSE:AGRO,equity,https://www.tradingview.com/chart/?symbol=NYSE%3AAGRO,False,False,,,63.919731607662534,72.34126866270672,12.4399995803833,2026-09-09 12:30
NYSE:EXP,equity,https://www.tradingview.com/chart/?symbol=NYSE%3AEXP,False,False,,,-79.28415583153549,27.590444929464667,186.0,2026-09-09 12:30
NYSE:GOLF,equity,https://www.tradingview.com/chart/?symbol=NYSE%3AGOLF,False,False,,,-62.215423703544616,42.14806834473437,85.56500244140625,2026-09-09 12:30
NASDAQ:GDS,equity,https://www.tradingview.com/chart/?symbol=NASDAQ%3AGDS,False,False,,,33.8369759400154,62.8526104650024,32.459999084472656,2026-09-09 12:30
NASDAQ:WFRD,equity,https://www.tradingview.com/chart/?symbol=NASDAQ%3AWFRD,False,False,,,-47.629991166209436,42.499058506590565,93.73999786376953,2026-09-09 12:30
NASDAQ:MYRG,equity,https://www.tradingview.com/chart/?symbol=NASDAQ%3AMYRG,False,False,,,1.7700781495441447,44.515784300749175,285.7900085449219,2026-09-09 12:30
NASDAQ:MORN,equity,https://www.tradingview.com/chart/?symbol=NASDAQ%3AMORN,False,False,,,-63.76539911737825,28.814976586106795,197.8249969482422,2026-09-09 12:30
NYSE:TAL,equity,https://www.tradingview.com/chart/?symbol=NYSE%3ATAL,False,False,,,-52.89604009409195,34.75584741961694,11.53499984741211,2026-09-09 12:30
NYSE:CIG,equity,https://www.tradingview.com/chart/?symbol=NYSE%3ACIG,False,False,,,23.742416480776495,52.513035359249486,2.180000066757202,2026-09-09 12:30
NASDAQ:BLTE,equity,https://www.tradingview.com/chart/?symbol=NASDAQ%3ABLTE,False,False,,,6.288581291525735,51.02280813110289,182.97999572753906,2026-09-09 12:30
NASDAQ:URBN,equity,https://www.tradingview.com/chart/?symbol=NASDAQ%3AURBN,False,False,,,-53.62367567975991,32.79844306782395,78.41000366210938,2026-09-09 12:30
NYSE:BMA,equity,https://www.tradingview.com/chart/?symbol=NYSE%3ABMA,False,False,,,-43.522981427431496,50.0205735993703,78.2300033569336,2026-09-09 12:30
NYSE:PCOR,equity,https://www.tradingview.com/chart/?symbol=NYSE%3APCOR,False,False,,,-61.192942920075076,29.376234949809856,54.654998779296875,2026-09-09 12:30
NYSE:KRMN,equity,https://www.tradingview.com/chart/?symbol=NYSE%3AKRMN,False,False,,,-63.9199701346407,21.48153525869141,36.58000183105469,2026-09-09 12:30
NYSE:GXO,equity,https://www.tradingview.com/chart/?symbol=NYSE%3AGXO,False,False,,,-42.47196693523997,38.11116048883639,46.10499954223633,2026-09-09 12:30
NASDAQ:CGON,equity,https://www.tradingview.com/chart/?symbol=NASDAQ%3ACGON,False,False,,,-67.05435848269087,37.05651677357271,72.6050033569336,2026-09-09 12:30
NASDAQ:HWC,equity,https://www.tradingview.com/chart/?symbol=NASDAQ%3AHWC,False,False,,,-67.79585905363928,30.73157130806058,73.9800033569336,2026-09-09 12:30
NYSE:NXE,equity,https://www.tradingview.com/chart/?symbol=NYSE%3ANXE,False,False,,,4.500814935663956,56.45931179670679,10.845000267028809,2026-09-09 12:30
NYSE:SBSW,equity,https://www.tradingview.com/chart/?symbol=NYSE%3ASBSW,False,False,,,21.73580245790635,59.92206386894255,13.125,2026-09-09 12:30
TSX:TFPM,equity,https://www.tradingview.com/chart/?symbol=TSX%3ATFPM,False,False,,,-9.221661094031916,51.74098467401792,47.040000915527344,2026-09-09 12:30
NYSE:ENIC,equity,https://www.tradingview.com/chart/?symbol=NYSE%3AENIC,False,False,,,33.68574171056665,53.347022701617874,4.494999885559082,2026-09-09 12:30
NYSE:FLG,equity,https://www.tradingview.com/chart/?symbol=NYSE%3AFLG,False,False,,,-58.577237174189634,28.30181327755362,13.199999809265137,2026-09-09 12:30
NYSE:HNGE,equity,https://www.tradingview.com/chart/?symbol=NYSE%3AHNGE,False,False,,,17.554851119840915,47.52033287259834,91.2300033569336,2026-09-09 12:30
NYSE:POR,equity,https://www.tradingview.com/chart/?symbol=NYSE%3APOR,False,False,,,-0.6233210755277625,38.46579030920325,48.65999984741211,2026-09-09 12:30
NYSE:S,equity,https://www.tradingview.com/chart/?symbol=NYSE%3AS,False,False,,,-25.473429442731675,44.39105415039274,19.524999618530273,2026-09-09 12:30
NYSE:PSN,equity,https://www.tradingview.com/chart/?symbol=NYSE%3APSN,False,False,,,10.340690903182935,46.12665118386599,46.932498931884766,2026-09-09 12:30
NYSE:MTG,equity,https://www.tradingview.com/chart/?symbol=NYSE%3AMTG,False,False,,,-30.72512865878167,44.24204668260743,30.834999084472656,2026-09-09 12:30
NYSE:HOMB,equity,https://www.tradingview.com/chart/?symbol=NYSE%3AHOMB,False,False,,,-53.89476649248693,34.57045233394143,29.625,2026-09-09 12:30
NASDAQ:CZR,equity,https://www.tradingview.com/chart/?symbol=NASDAQ%3ACZR,False,False,,,-13.447130155215817,46.25991019558764,29.674999237060547,2026-09-09 12:30
NYSE:ESTC,equity,https://www.tradingview.com/chart/?symbol=NYSE%3AESTC,False,False,,,-60.72641983797947,36.809685169848386,87.69499969482422,2026-09-09 12:30
NYSE:STWD,equity,https://www.tradingview.com/chart/?symbol=NYSE%3ASTWD,False,False,,,-37.29344991515632,47.63462887367876,15.904999732971191,2026-09-09 12:30
TSX:APTX,equity,https://www.tradingview.com/chart/?symbol=TSX%3AAPTX,False,False,,,36.74499195819703,58.117520975289494,33.7599983215332,2026-09-09 12:30
NASDAQ:LGND,equity,https://www.tradingview.com/chart/?symbol=NASDAQ%3ALGND,False,False,,,19.682961282015,60.88757420873313,290.6700134277344,2026-09-09 12:30
NASDAQ:ERAS,equity,https://www.tradingview.com/chart/?symbol=NASDAQ%3AERAS,False,False,,,-6.573729088855167,39.576553062096465,16.06999969482422,2026-09-09 12:30
NYSE:LB,equity,https://www.tradingview.com/chart/?symbol=NYSE%3ALB,False,False,,,47.53429891497069,53.911421182056145,87.63999938964844,2026-09-09 12:30
NYSE:AUB,equity,https://www.tradingview.com/chart/?symbol=NYSE%3AAUB,False,False,,,-78.91926914141328,24.890594841828815,39.529998779296875,2026-09-09 12:30
NYSE:TEO,equity,https://www.tradingview.com/chart/?symbol=NYSE%3ATEO,False,False,,,-55.82119051632711,47.954505542010395,13.079999923706055,2026-09-09 12:30
NYSE:ABCB,equity,https://www.tradingview.com/chart/?symbol=NYSE%3AABCB,False,False,,,-62.826107800998194,29.92860842474967,83.98999786376953,2026-09-09 12:30
NASDAQ:SYRE,equity,https://www.tradingview.com/chart/?symbol=NASDAQ%3ASYRE,False,False,,,14.782365964266697,49.66983946207637,88.87999725341797,2026-09-09 12:30
NASDAQ:VCTR,equity,https://www.tradingview.com/chart/?symbol=NASDAQ%3AVCTR,False,False,,,-32.998186728962345,41.97654296256813,112.23999786376953,2026-09-09 12:30
NYSE:IBP,equity,https://www.tradingview.com/chart/?symbol=NYSE%3AIBP,False,False,,,-80.23361795213715,16.649192116427045,216.6699981689453,2026-09-09 12:30
NASDAQ:TXG,equity,https://www.tradingview.com/chart/?symbol=NASDAQ%3ATXG,False,False,,,71.96824177930995,65.8872998288679,66.15499877929688,2026-09-09 12:30
NYSE:TFPM,equity,https://www.tradingview.com/chart/?symbol=NYSE%3ATFPM,False,False,,,-1.4127585100277191,51.2012076121748,34.06999969482422,2026-09-09 12:30
NASDAQ:GTX,equity,https://www.tradingview.com/chart/?symbol=NASDAQ%3AGTX,False,False,,,2.9194486683694976,48.18247245470922,27.579999923706055,2026-09-09 12:30
NASDAQ:MRCY,equity,https://www.tradingview.com/chart/?symbol=NASDAQ%3AMRCY,False,False,,,-27.141823740965958,33.4750060834257,80.33000183105469,2026-09-09 12:30
NYSE:ESNT,equity,https://www.tradingview.com/chart/?symbol=NYSE%3AESNT,False,False,,,-54.19617353309167,40.687017674522274,68.26499938964844,2026-09-09 12:30
TSX:DSG,equity,https://www.tradingview.com/chart/?symbol=TSX%3ADSG,False,False,,,-66.3594991633306,31.10240027876958,102.0,2026-09-09 12:30
NYSE:FBIN,equity,https://www.tradingview.com/chart/?symbol=NYSE%3AFBIN,False,False,,,-68.90719733471163,25.343740265579697,41.08000183105469,2026-09-09 12:30
NYSE:TFX,equity,https://www.tradingview.com/chart/?symbol=NYSE%3ATFX,False,False,,,-43.226914518658305,43.34283334008346,136.97500610351562,2026-09-09 12:30
NASDAQ:GLBE,equity,https://www.tradingview.com/chart/?symbol=NASDAQ%3AGLBE,False,False,,,-48.778616882844894,40.76335906261507,36.81999969482422,2026-09-09 12:30
NYSE:MBGL,equity,https://www.tradingview.com/chart/?symbol=NYSE%3AMBGL,False,False,,,-33.66932368438316,37.93551055017499,19.924999237060547,2026-09-09 12:30
NYSE:NJR,equity,https://www.tradingview.com/chart/?symbol=NYSE%3ANJR,False,False,,,-10.165705342777002,36.66863858457349,53.119998931884766,2026-09-09 12:30
NASDAQ:BLLN,equity,https://www.tradingview.com/chart/?symbol=NASDAQ%3ABLLN,False,False,,,41.24325641121414,68.06526442283986,102.1449966430664,2026-09-09 12:30
NYSE:AVAL,equity,https://www.tradingview.com/chart/?symbol=NYSE%3AAVAL,False,False,,,6.193669573387706,53.64994460177388,5.360000133514404,2026-09-09 12:30
NASDAQ:MIDD,equity,https://www.tradingview.com/chart/?symbol=NASDAQ%3AMIDD,False,False,,,-91.81780789144896,23.551949163934367,106.625,2026-09-09 12:30
NASDAQ:ROAD,equity,https://www.tradingview.com/chart/?symbol=NASDAQ%3AROAD,False,False,,,-58.157567277783784,24.703695183627985,98.17500305175781,2026-09-09 12:30
NASDAQ:RUSHA,equity,https://www.tradingview.com/chart/?symbol=NASDAQ%3ARUSHA,False,False,,,-46.23014654044376,34.75349265145964,49.029998779296875,2026-09-09 12:30
NASDAQ:SRRK,equity,https://www.tradingview.com/chart/?symbol=NASDAQ%3ASRRK,False,False,,,-2.055452669515502,39.2038223323969,54.869998931884766,2026-09-09 12:30
NYSE:FND,equity,https://www.tradingview.com/chart/?symbol=NYSE%3AFND,False,False,,,-45.78030517864995,35.87913990345375,47.36000061035156,2026-09-09 12:30
TSX:PSK,equity,https://www.tradingview.com/chart/?symbol=TSX%3APSK,False,False,,,-39.12497274210099,42.296370986868475,36.125,2026-09-09 12:30
NASDAQ:TWST,equity,https://www.tradingview.com/chart/?symbol=NASDAQ%3ATWST,False,False,,,-20.42097106937926,44.522630640293094,125.68000030517578,2026-09-09 12:30
TSX:ONEX,equity,https://www.tradingview.com/chart/?symbol=TSX%3AONEX,False,False,,,-60.661779976863905,30.488573909238113,109.08999633789062,2026-09-09 12:30
NASDAQ:DSGX,equity,https://www.tradingview.com/chart/?symbol=NASDAQ%3ADSGX,False,False,,,-66.24683070509556,31.049156251921147,73.86000061035156,2026-09-09 12:30
TSX:BLCO,equity,https://www.tradingview.com/chart/?symbol=TSX%3ABLCO,False,False,,,-7.9503443966064795,54.678537394690075,24.829999923706055,2026-09-09 12:30
NASDAQ:CAR,equity,https://www.tradingview.com/chart/?symbol=NASDAQ%3ACAR,False,False,,,-52.86459096969059,38.883408246278,133.6199951171875,2026-09-09 12:30
NASDAQ:SEZL,equity,https://www.tradingview.com/chart/?symbol=NASDAQ%3ASEZL,False,False,,,-67.23768354138474,38.01918694629772,117.08000183105469,2026-09-09 12:30
NASDAQ:PSMT,equity,https://www.tradingview.com/chart/?symbol=NASDAQ%3APSMT,False,False,,,-53.289551485624834,34.89966207274668,170.49000549316406,2026-09-09 12:30
NASDAQ:SSRM,equity,https://www.tradingview.com/chart/?symbol=NASDAQ%3ASSRM,False,False,,,-12.64328811912515,52.5210096430574,37.68000030517578,2026-09-09 12:30
NASDAQ:APPF,equity,https://www.tradingview.com/chart/?symbol=NASDAQ%3AAPPF,False,False,,,-52.26266694297377,32.754820975437184,205.88499450683594,2026-09-09 12:30
TSX:ACO.X,equity,https://www.tradingview.com/chart/?symbol=TSX%3AACO.X,False,False,,,58.443093086150675,63.283477225507184,73.73999786376953,2026-09-09 12:30
NASDAQ:ACMR,equity,https://www.tradingview.com/chart/?symbol=NASDAQ%3AACMR,False,False,,,15.927246399424407,48.589071690307755,73.83499908447266,2026-09-09 12:30
NASDAQ:SIGI,equity,https://www.tradingview.com/chart/?symbol=NASDAQ%3ASIGI,False,False,,,-66.54962069555187,30.37163177802023,90.30000305175781,2026-09-09 12:30
NASDAQ:CVLT,equity,https://www.tradingview.com/chart/?symbol=NASDAQ%3ACVLT,False,False,,,-48.420833696309444,41.37891268071858,131.69000244140625,2026-09-09 12:30
NASDAQ:MIRM,equity,https://www.tradingview.com/chart/?symbol=NASDAQ%3AMIRM,False,False,,,-37.90678688045011,49.48453035290551,100.04499816894531,2026-09-09 12:30
NYSE:CPA,equity,https://www.tradingview.com/chart/?symbol=NYSE%3ACPA,False,False,,,-24.834644431691288,47.923764721324495,129.8199005126953,2026-09-09 12:30
NASDAQ:CHDN,equity,https://www.tradingview.com/chart/?symbol=NASDAQ%3ACHDN,False,False,,,-68.7145982909005,31.162658523996598,84.02999877929688,2026-09-09 12:30
NYSE:BKH,equity,https://www.tradingview.com/chart/?symbol=NYSE%3ABKH,False,False,,,6.086778685148087,39.67689670166239,72.69999694824219,2026-09-09 12:30
NYSE:WH,equity,https://www.tradingview.com/chart/?symbol=NYSE%3AWH,False,False,,,-55.884783786385356,35.733616231703394,69.80999755859375,2026-09-09 12:30
NYSE:BLCO,equity,https://www.tradingview.com/chart/?symbol=NYSE%3ABLCO,False,False,,,1.0624384123634485,52.55560461449041,17.93000030517578,2026-09-09 12:30
NASDAQ:AMRX,equity,https://www.tradingview.com/chart/?symbol=NASDAQ%3AAMRX,False,False,,,-36.49189755565681,36.94655529411292,17.135000228881836,2026-09-09 12:30
NASDAQ:DAVE,equity,https://www.tradingview.com/chart/?symbol=NASDAQ%3ADAVE,False,False,,,-48.73874574684081,37.34426761262882,362.1000061035156,2026-09-09 12:30
NYSE:VSH,equity,https://www.tradingview.com/chart/?symbol=NYSE%3AVSH,False,False,,,27.226236183966947,52.242196889117096,31.530000686645508,2026-09-09 12:30
NYSE:MCY,equity,https://www.tradingview.com/chart/?symbol=NYSE%3AMCY,False,False,,,-71.01554641415832,29.256638144920203,100.86499786376953,2026-09-09 12:30
NASDAQ:DUOL,equity,https://www.tradingview.com/chart/?symbol=NASDAQ%3ADUOL,False,False,,,-67.58486130731715,29.187650746507387,139.86000061035156,2026-09-09 12:30
TSX:OR,equity,https://www.tradingview.com/chart/?symbol=TSX%3AOR,False,False,,,-15.871428176358748,51.770544149165325,51.56999969482422,2026-09-09 12:30
NASDAQ:CWST,equity,https://www.tradingview.com/chart/?symbol=NASDAQ%3ACWST,False,False,,,-62.755497894692375,32.06424663801573,90.47000122070312,2026-09-09 12:30
NASDAQ:NAVN,equity,https://www.tradingview.com/chart/?symbol=NASDAQ%3ANAVN,False,False,,,-48.74558099840913,34.36289096859649,26.209999084472656,2026-09-09 12:30
NYSE:PRM,equity,https://www.tradingview.com/chart/?symbol=NYSE%3APRM,False,False,,,-4.864948452904721,46.30859367543867,31.579999923706055,2026-09-09 12:30
TSX:OGC,equity,https://www.tradingview.com/chart/?symbol=TSX%3AOGC,False,False,,,35.852243461424365,70.20529235351762,43.5099983215332,2026-09-09 12:30
NYSE:OUT,equity,https://www.tradingview.com/chart/?symbol=NYSE%3AOUT,False,False,,,-74.23508465055959,31.30803833007829,28.6200008392334,2026-09-09 12:30
NYSE:ENVA,equity,https://www.tradingview.com/chart/?symbol=NYSE%3AENVA,False,False,,,-57.26664661518731,39.62450387207927,224.41000366210938,2026-09-09 12:30
NASDAQ:LYFT,equity,https://www.tradingview.com/chart/?symbol=NASDAQ%3ALYFT,False,False,,,-78.08116444501185,18.303247335331477,15.194999694824219,2026-09-09 12:30
NASDAQ:NXST,equity,https://www.tradingview.com/chart/?symbol=NASDAQ%3ANXST,False,False,,,-103.33282051595647,22.8853428005217,162.4550018310547,2026-09-09 12:30
NASDAQ:KLIC,equity,https://www.tradingview.com/chart/?symbol=NASDAQ%3AKLIC,False,False,,,43.85585598383337,62.538271287751265,83.30999755859375,2026-09-09 12:30
NASDAQ:OZK,equity,https://www.tradingview.com/chart/?symbol=NASDAQ%3AOZK,False,False,,,-58.224523191494065,29.986192793621782,48.619998931884766,2026-09-09 12:30
NASDAQ:FIGR,equity,https://www.tradingview.com/chart/?symbol=NASDAQ%3AFIGR,False,False,,,77.07360897994579,75.16627407173695,40.040000915527344,2026-09-09 12:30
NASDAQ:ACIW,equity,https://www.tradingview.com/chart/?symbol=NASDAQ%3AACIW,False,False,,,-33.18713170760554,44.832084990756655,51.72999954223633,2026-09-09 12:30
NYSE:PATH,equity,https://www.tradingview.com/chart/?symbol=NYSE%3APATH,False,False,,,-51.665265707446565,19.513154420075523,13.470000267028809,2026-09-09 12:30
NASDAQ:SBRA,equity,https://www.tradingview.com/chart/?symbol=NASDAQ%3ASBRA,False,False,,,-40.506390093142706,46.898272016343725,20.764999389648438,2026-09-09 12:30
NASDAQ:VSEC,equity,https://www.tradingview.com/chart/?symbol=NASDAQ%3AVSEC,False,False,,,6.7913013558355475,41.61538923924392,200.64500427246094,2026-09-09 12:30
NYSE:OR,equity,https://www.tradingview.com/chart/?symbol=NYSE%3AOR,False,False,,,-10.59170521880017,52.80678195949235,37.400001525878906,2026-09-09 12:30
NYSE:MUR,equity,https://www.tradingview.com/chart/?symbol=NYSE%3AMUR,False,False,,,43.149823132040474,60.32598167217631,38.150001525878906,2026-09-09 12:30
TSX:OTEX,equity,https://www.tradingview.com/chart/?symbol=TSX%3AOTEX,False,False,,,-59.03873891222788,31.64931654802922,31.510000228881836,2026-09-09 12:30
NYSE:GVA,equity,https://www.tradingview.com/chart/?symbol=NYSE%3AGVA,False,False,,,-60.245602547140926,39.38617557498879,117.02999877929688,2026-09-09 12:30
NYSE:AX,equity,https://www.tradingview.com/chart/?symbol=NYSE%3AAX,False,False,,,-72.53753346209432,25.078181743220696,93.13999938964844,2026-09-09 12:30
NASDAQ:DOX,equity,https://www.tradingview.com/chart/?symbol=NASDAQ%3ADOX,False,False,,,-62.46063801088534,26.308906855925244,59.689998626708984,2026-09-09 12:30
NASDAQ:REYN,equity,https://www.tradingview.com/chart/?symbol=NASDAQ%3AREYN,False,False,,,-43.14257041431549,29.235954606400924,21.725000381469727,2026-09-09 12:30
NASDAQ:PECO,equity,https://www.tradingview.com/chart/?symbol=NASDAQ%3APECO,False,False,,,-58.192865917281274,37.041638548291715,38.689998626708984,2026-09-09 12:30
NYSE:OGC,equity,https://www.tradingview.com/chart/?symbol=NYSE%3AOGC,False,False,,,39.55801461292422,70.30337790570276,31.510000228881836,2026-09-09 12:30
NYSE:SON,equity,https://www.tradingview.com/chart/?symbol=NYSE%3ASON,False,False,,,-80.60557918225139,15.346984623642626,47.869998931884766,2026-09-09 12:30
NYSE:WEX,equity,https://www.tradingview.com/chart/?symbol=NYSE%3AWEX,False,False,,,-41.732774144369614,34.3284044132096,186.24000549316406,2026-09-09 12:30
NYSE:VAL,equity,https://www.tradingview.com/chart/?symbol=NYSE%3AVAL,False,False,,,-36.23860489657773,40.46826068983561,85.77999877929688,2026-09-09 12:30
NASDAQ:BGC,equity,https://www.tradingview.com/chart/?symbol=NASDAQ%3ABGC,False,False,,,17.93277657905426,58.28164021552091,12.234999656677246,2026-09-09 12:30
NYSE:YOU,equity,https://www.tradingview.com/chart/?symbol=NYSE%3AYOU,False,False,,,-60.69339607310289,40.88300734597803,43.185001373291016,2026-09-09 12:30
TSX:BB,equity,https://www.tradingview.com/chart/?symbol=TSX%3ABB,False,False,,,13.52373855574672,48.391595231479194,10.739999771118164,2026-09-09 12:30
TSX:BTO,equity,https://www.tradingview.com/chart/?symbol=TSX%3ABTO,False,False,,,-25.227853529233386,52.327682582681,7.670000076293945,2026-09-09 12:30
NYSE:RLI,equity,https://www.tradingview.com/chart/?symbol=NYSE%3ARLI,False,False,,,-66.35374708489657,21.98707367468404,60.439998626708984,2026-09-09 12:30
NYSE:WTM,equity,https://www.tradingview.com/chart/?symbol=NYSE%3AWTM,False,False,,,-62.22722337919782,32.189690014820286,2042.8599853515625,2026-09-09 12:30
TSX:DSV,equity,https://www.tradingview.com/chart/?symbol=TSX%3ADSV,False,False,,,14.492066418455941,61.846843922936635,13.260000228881836,2026-09-09 12:30
NYSE:ADT,equity,https://www.tradingview.com/chart/?symbol=NYSE%3AADT,False,False,,,-73.4832054070401,25.342755965237174,7.130000114440918,2026-09-09 12:30
NYSE:CLF,equity,https://www.tradingview.com/chart/?symbol=NYSE%3ACLF,False,False,,,-28.731380773886666,43.75249518851679,12.16510009765625,2026-09-09 12:30
NYSE:RIG,equity,https://www.tradingview.com/chart/?symbol=NYSE%3ARIG,False,False,,,-41.46796177001219,37.747411064509976,5.744999885559082,2026-09-09 12:30
NASDAQ:MAAS,equity,https://www.tradingview.com/chart/?symbol=NASDAQ%3AMAAS,False,False,,,-56.796872797112066,36.03948261263721,15.109999656677246,2026-09-09 12:30
NASDAQ:XMTR,equity,https://www.tradingview.com/chart/?symbol=NASDAQ%3AXMTR,False,False,,,-44.90753126434174,24.943532468048744,85.66999816894531,2026-09-09 12:30
NYSE:OBDC,equity,https://www.tradingview.com/chart/?symbol=NYSE%3AOBDC,False,False,,,-57.58404534242617,36.112274840164254,11.154999732971191,2026-09-09 12:30
NASDAQ:OTEX,equity,https://www.tradingview.com/chart/?symbol=NASDAQ%3AOTEX,False,False,,,-59.00464978225588,32.841686318817224,22.829999923706055,2026-09-09 12:30
NASDAQ:VRNS,equity,https://www.tradingview.com/chart/?symbol=NASDAQ%3AVRNS,False,False,,,-20.81908180771794,51.44935325240947,45.404998779296875,2026-09-09 12:30
TSX:CSH.UN,equity,https://www.tradingview.com/chart/?symbol=TSX%3ACSH.UN,False,False,,,-51.26124502015896,49.074188232466604,20.790000915527344,2026-09-09 12:30
NYSE:CE,equity,https://www.tradingview.com/chart/?symbol=NYSE%3ACE,False,False,,,-51.10138389156569,39.3806666047528,44.27000045776367,2026-09-09 12:30
NYSE:BC,equity,https://www.tradingview.com/chart/?symbol=NYSE%3ABC,False,False,,,-51.704070757359375,32.5084420150541,71.04499816894531,2026-09-09 12:30
NASDAQ:GTLB,equity,https://www.tradingview.com/chart/?symbol=NASDAQ%3AGTLB,False,False,,,-53.961305256977305,39.44336779482694,46.630001068115234,2026-09-09 12:30
NYSE:BB,equity,https://www.tradingview.com/chart/?symbol=NYSE%3ABB,False,False,,,16.406306781303886,49.16332178285788,7.784999847412109,2026-09-09 12:30
NASDAQ:ENPH,equity,https://www.tradingview.com/chart/?symbol=NASDAQ%3AENPH,False,False,,,22.73470636350959,45.67624042883309,36.54999923706055,2026-09-09 12:30
TSX:EIF,equity,https://www.tradingview.com/chart/?symbol=TSX%3AEIF,False,False,,,54.016032863998454,65.81395351124485,121.31999969482422,2026-09-09 12:30
TSX:WFG,equity,https://www.tradingview.com/chart/?symbol=TSX%3AWFG,False,False,,,2.0630552451598128,55.49829085930616,94.7699966430664,2026-09-09 12:30
NYSE:UNF,equity,https://www.tradingview.com/chart/?symbol=NYSE%3AUNF,False,False,,,-21.893652063005675,49.12320056810218,274.6499938964844,2026-09-09 12:30
AMEX:BTG,equity,https://www.tradingview.com/chart/?symbol=AMEX%3ABTG,False,False,,,-25.56086550786968,52.236860872810105,5.554999828338623,2026-09-09 12:30
NYSE:MTRN,equity,https://www.tradingview.com/chart/?symbol=NYSE%3AMTRN,False,False,,,54.64227699069897,60.037528823785784,253.35000610351562,2026-09-09 12:30
NYSE:STVN,equity,https://www.tradingview.com/chart/?symbol=NYSE%3ASTVN,False,False,,,-10.786769350143516,42.698974838017875,20.295000076293945,2026-09-09 12:30
NASDAQ:XENE,equity,https://www.tradingview.com/chart/?symbol=NASDAQ%3AXENE,False,False,,,-58.823187321803566,36.32683133212985,58.86000061035156,2026-09-09 12:30
NYSE:AMTM,equity,https://www.tradingview.com/chart/?symbol=NYSE%3AAMTM,False,False,,,-17.906251425285003,38.25773619796934,19.700000762939453,2026-09-09 12:30
NASDAQ:TVTX,equity,https://www.tradingview.com/chart/?symbol=NASDAQ%3ATVTX,False,False,,,23.16749751405256,58.55169874361313,66.70999908447266,2026-09-09 12:30
NASDAQ:NICE,equity,https://www.tradingview.com/chart/?symbol=NASDAQ%3ANICE,False,False,,,-58.82001813205101,30.113786877569268,100.05500030517578,2026-09-09 12:30
NASDAQ:EBC,equity,https://www.tradingview.com/chart/?symbol=NASDAQ%3AEBC,False,False,,,-61.302345744774335,29.72596436387991,21.604999542236328,2026-09-09 12:30
NYSE:REZI,equity,https://www.tradingview.com/chart/?symbol=NYSE%3AREZI,False,False,,,-34.407915810602304,38.68062194273572,19.100000381469727,2026-09-09 12:30
NYSE:MTN,equity,https://www.tradingview.com/chart/?symbol=NYSE%3AMTN,False,False,,,-79.70308919882103,28.001634251146413,130.13999938964844,2026-09-09 12:30
NASDAQ:BCPC,equity,https://www.tradingview.com/chart/?symbol=NASDAQ%3ABCPC,False,False,,,-47.73732183635133,34.46763327476292,169.7082977294922,2026-09-09 12:30
NASDAQ:PAGP,equity,https://www.tradingview.com/chart/?symbol=NASDAQ%3APAGP,False,False,,,47.69985849655669,56.75732867262329,28.18000030517578,2026-09-09 12:30
NASDAQ:IEP,equity,https://www.tradingview.com/chart/?symbol=NASDAQ%3AIEP,False,False,,,-6.079670183892314,47.34102043490062,6.84089994430542,2026-09-09 12:30
NASDAQ:STEP,equity,https://www.tradingview.com/chart/?symbol=NASDAQ%3ASTEP,False,False,,,-30.623940963600475,41.42953083668936,50.099998474121094,2026-09-09 12:30
NYSE:ESAB,equity,https://www.tradingview.com/chart/?symbol=NYSE%3AESAB,False,False,,,-53.01605219423126,42.45431679091691,73.7249984741211,2026-09-09 12:30
NYSE:CUZ,equity,https://www.tradingview.com/chart/?symbol=NYSE%3ACUZ,False,False,,,-69.13460850218615,24.61458404063191,27.780000686645508,2026-09-09 12:30
NASDAQ:NOVT,equity,https://www.tradingview.com/chart/?symbol=NASDAQ%3ANOVT,False,False,,,-1.387073430312472,44.04775173364774,146.66000366210938,2026-09-09 12:30
NASDAQ:GLNG,equity,https://www.tradingview.com/chart/?symbol=NASDAQ%3AGLNG,False,False,,,-36.74689613371431,48.89479112733789,51.7400016784668,2026-09-09 12:30
NYSE:PIPR,equity,https://www.tradingview.com/chart/?symbol=NYSE%3APIPR,False,False,,,17.469739372670187,53.33999247772051,77.05999755859375,2026-09-09 12:30
NYSE:G,equity,https://www.tradingview.com/chart/?symbol=NYSE%3AG,False,False,,,-70.48161754800503,23.541246982724672,35.02000045776367,2026-09-09 12:30
NYSE:WFG,equity,https://www.tradingview.com/chart/?symbol=NYSE%3AWFG,False,False,,,4.093776444122612,55.51486860209704,68.59500122070312,2026-09-09 12:30
NASDAQ:VSNT,equity,https://www.tradingview.com/chart/?symbol=NASDAQ%3AVSNT,False,False,,,-57.66525829238856,25.04280639702796,37.7400016784668,2026-09-09 12:30
NASDAQ:TFSL,equity,https://www.tradingview.com/chart/?symbol=NASDAQ%3ATFSL,False,False,,,-67.35348414613304,25.873579064489462,17.03499984741211,2026-09-09 12:30
NYSE:TKC,equity,https://www.tradingview.com/chart/?symbol=NYSE%3ATKC,False,False,,,67.6204284254385,65.42295416809017,5.275000095367432,2026-09-09 12:30
NYSE:RITM,equity,https://www.tradingview.com/chart/?symbol=NYSE%3ARITM,False,False,,,-59.949971308350236,35.29914977070844,9.904999732971191,2026-09-09 12:30
NASDAQ:GNTX,equity,https://www.tradingview.com/chart/?symbol=NASDAQ%3AGNTX,False,False,,,-40.054176605667266,42.0399025094741,22.725000381469727,2026-09-09 12:30
NYSE:ASB,equity,https://www.tradingview.com/chart/?symbol=NYSE%3AASB,False,False,,,-60.87357020900631,27.43575900365633,30.184999465942383,2026-09-09 12:30
NYSE:BCO,equity,https://www.tradingview.com/chart/?symbol=NYSE%3ABCO,False,False,,,-38.690175090113,44.05325851615296,106.43000030517578,2026-09-09 12:30
NYSE:RDN,equity,https://www.tradingview.com/chart/?symbol=NYSE%3ARDN,False,False,,,-34.7792136886979,44.25770367375159,36.20000076293945,2026-09-09 12:30
NASDAQ:OMAB,equity,https://www.tradingview.com/chart/?symbol=NASDAQ%3AOMAB,False,False,,,-3.781693240681392,46.113950390877285,99.6449966430664,2026-09-09 12:30
NYSE:RYAN,equity,https://www.tradingview.com/chart/?symbol=NYSE%3ARYAN,False,False,,,-74.45958384788919,21.91238755493187,39.34000015258789,2026-09-09 12:30
NYSE:AIR,equity,https://www.tradingview.com/chart/?symbol=NYSE%3AAIR,False,False,,,28.068698214185925,40.993558951152885,125.1050033569336,2026-09-09 12:30
NASDAQ:FTDR,equity,https://www.tradingview.com/chart/?symbol=NASDAQ%3AFTDR,False,False,,,-66.56353779621838,38.11129281101342,80.01000213623047,2026-09-09 12:30
NYSE:LPX,equity,https://www.tradingview.com/chart/?symbol=NYSE%3ALPX,False,False,,,-52.481015996049145,40.02923978952562,66.83999633789062,2026-09-09 12:30
NYSE:SPHR,equity,https://www.tradingview.com/chart/?symbol=NYSE%3ASPHR,False,False,,,-32.580334456257425,47.60875872585351,141.27000427246094,2026-09-09 12:30
NYSE:BIPC,equity,https://www.tradingview.com/chart/?symbol=NYSE%3ABIPC,False,False,,,-2.436130426845432,43.361239887311534,36.93000030517578,2026-09-09 12:30
NASDAQ:RGTI,equity,https://www.tradingview.com/chart/?symbol=NASDAQ%3ARGTI,False,False,,,4.46404825764054,52.19220589285863,15.59000015258789,2026-09-09 12:30
NASDAQ:INDV,equity,https://www.tradingview.com/chart/?symbol=NASDAQ%3AINDV,False,False,,,-58.96467881652132,38.38396949775818,34.15999984741211,2026-09-09 12:30
NYSE:HRI,equity,https://www.tradingview.com/chart/?symbol=NYSE%3AHRI,False,False,,,37.354992596030954,52.53520523911845,145.3300018310547,2026-09-09 12:30
NYSE:OGS,equity,https://www.tradingview.com/chart/?symbol=NYSE%3AOGS,False,False,,,-25.336214119363692,29.98240921585112,78.51499938964844,2026-09-09 12:30
NYSE:ZETA,equity,https://www.tradingview.com/chart/?symbol=NYSE%3AZETA,False,False,,,-44.049698689698005,46.077307670908205,30.729999542236328,2026-09-09 12:30
TSX:MAU,equity,https://www.tradingview.com/chart/?symbol=TSX%3AMAU,False,False,,,62.55143380448637,60.70483903635973,19.84000015258789,2026-09-09 12:30
NASDAQ:IRDM,equity,https://www.tradingview.com/chart/?symbol=NASDAQ%3AIRDM,False,False,,,23.000258941018675,46.74394853993571,47.220001220703125,2026-09-09 12:30
NASDAQ:LAUR,equity,https://www.tradingview.com/chart/?symbol=NASDAQ%3ALAUR,False,False,,,-47.13663006915772,40.774195082991625,35.97999954223633,2026-09-09 12:30
NYSE:GHC,equity,https://www.tradingview.com/chart/?symbol=NYSE%3AGHC,False,False,,,-44.5391695738748,46.143856524828806,1117.949951171875,2026-09-09 12:30
NYSE:MAIN,equity,https://www.tradingview.com/chart/?symbol=NYSE%3AMAIN,False,False,,,-67.27063583231568,32.92603110630982,56.5,2026-09-09 12:30
NYSE:VVV,equity,https://www.tradingview.com/chart/?symbol=NYSE%3AVVV,False,False,,,-60.21381136577605,31.61029803960035,30.34000015258789,2026-09-09 12:30
NASDAQ:MMYT,equity,https://www.tradingview.com/chart/?symbol=NASDAQ%3AMMYT,False,False,,,-85.52941510198399,19.97019624949452,49.08000183105469,2026-09-09 12:30
NYSE:CHH,equity,https://www.tradingview.com/chart/?symbol=NYSE%3ACHH,False,False,,,-50.069670001691144,41.14978075087856,99.18000030517578,2026-09-09 12:30
NASDAQ:FFIN,equity,https://www.tradingview.com/chart/?symbol=NASDAQ%3AFFIN,False,False,,,-76.520208428935,25.14611466875266,32.57500076293945,2026-09-09 12:30
TSX:CIGI,equity,https://www.tradingview.com/chart/?symbol=TSX%3ACIGI,False,False,,,-64.81378982257218,34.82762616882104,130.88999938964844,2026-09-09 12:30
NYSE:CNO,equity,https://www.tradingview.com/chart/?symbol=NYSE%3ACNO,False,False,,,-50.430023812452106,30.37586739528996,54.68000030517578,2026-09-09 12:30
NYSE:HRB,equity,https://www.tradingview.com/chart/?symbol=NYSE%3AHRB,False,False,,,-72.52065157888268,11.394361697331334,45.119998931884766,2026-09-09 12:30
NYSE:MC,equity,https://www.tradingview.com/chart/?symbol=NYSE%3AMC,False,False,,,-34.62680898925442,33.65686608017761,66.48500061035156,2026-09-09 12:30
NYSE:TEX,equity,https://www.tradingview.com/chart/?symbol=NYSE%3ATEX,False,False,,,-26.847336348053336,40.35460980264131,61.7599983215332,2026-09-09 12:30
NASDAQ:QLYS,equity,https://www.tradingview.com/chart/?symbol=NASDAQ%3AQLYS,False,False,,,-26.965300619879855,42.950736602315374,170.2100067138672,2026-09-09 12:30
NASDAQ:SHC,equity,https://www.tradingview.com/chart/?symbol=NASDAQ%3ASHC,False,False,,,-78.93723090837719,26.793295816364207,18.34000015258789,2026-09-09 12:30
NYSE:GBTG,equity,https://www.tradingview.com/chart/?symbol=NYSE%3AGBTG,False,False,,,-33.626238639771934,46.06314283965026,9.475000381469727,2026-09-09 12:30
NYSE:HASI,equity,https://www.tradingview.com/chart/?symbol=NYSE%3AHASI,False,False,,,-12.024686688123694,35.21443127990749,38.29999923706055,2026-09-09 12:30
NASDAQ:SAIC,equity,https://www.tradingview.com/chart/?symbol=NASDAQ%3ASAIC,False,False,,,13.156649531154358,48.12187928254217,126.31500244140625,2026-09-09 12:30
NASDAQ:RELY,equity,https://www.tradingview.com/chart/?symbol=NASDAQ%3ARELY,False,False,,,-71.14461608185842,25.82367154172745,24.190000534057617,2026-09-09 12:30
NYSE:LMND,equity,https://www.tradingview.com/chart/?symbol=NYSE%3ALMND,False,False,,,-77.2694109753276,29.876401136618156,49.21500015258789,2026-09-09 12:30
NASDAQ:UFPI,equity,https://www.tradingview.com/chart/?symbol=NASDAQ%3AUFPI,False,False,,,-63.62693859173518,30.10696562892913,81.29000091552734,2026-09-09 12:30
NYSE:CNX,equity,https://www.tradingview.com/chart/?symbol=NYSE%3ACNX,False,False,,,-76.2957712171522,34.0721350060108,36.540000915527344,2026-09-09 12:30
NYSE:BEPC,equity,https://www.tradingview.com/chart/?symbol=NYSE%3ABEPC,False,False,,,12.853083602962883,45.99477399171147,31.8799991607666,2026-09-09 12:30
NYSE:PRIM,equity,https://www.tradingview.com/chart/?symbol=NYSE%3APRIM,False,False,,,6.156859680441424,47.92377321451445,74.52999877929688,2026-09-09 12:30
NYSE:SLGN,equity,https://www.tradingview.com/chart/?symbol=NYSE%3ASLGN,False,False,,,-85.77716876245417,18.61843021122361,38.27000045776367,2026-09-09 12:30
NYSE:PAM,equity,https://www.tradingview.com/chart/?symbol=NYSE%3APAM,False,False,,,45.1069306989454,61.223969967449605,86.30000305175781,2026-09-09 12:30
NYSE:SR,equity,https://www.tradingview.com/chart/?symbol=NYSE%3ASR,False,False,,,-25.33968715039399,30.664667533695464,81.125,2026-09-09 12:30
NYSE:ALK,equity,https://www.tradingview.com/chart/?symbol=NYSE%3AALK,False,False,,,-60.68278301430246,35.33953804741657,40.369998931884766,2026-09-09 12:30
NYSE:KVYO,equity,https://www.tradingview.com/chart/?symbol=NYSE%3AKVYO,False,False,,,-74.84771235446416,17.354738788388616,16.7450008392334,2026-09-09 12:30
NASDAQ:CIGI,equity,https://www.tradingview.com/chart/?symbol=NASDAQ%3ACIGI,False,False,,,-65.00064646566436,36.57270286205031,94.93000030517578,2026-09-09 12:30
NYSE:MTH,equity,https://www.tradingview.com/chart/?symbol=NYSE%3AMTH,False,False,,,-73.15403248616398,25.901043612407832,64.0250015258789,2026-09-09 12:30
NASDAQ:DFTX,equity,https://www.tradingview.com/chart/?symbol=NASDAQ%3ADFTX,False,False,,,-21.553912811898048,47.65048435564147,38.35499954223633,2026-09-09 12:30
NASDAQ:WSC,equity,https://www.tradingview.com/chart/?symbol=NASDAQ%3AWSC,False,False,,,-20.307710548565584,37.160207725971354,19.415000915527344,2026-09-09 12:30
NYSE:KTB,equity,https://www.tradingview.com/chart/?symbol=NYSE%3AKTB,False,False,,,-70.71431578802022,25.39735345155691,68.60990142822266,2026-09-09 12:30
NYSE:RXO,equity,https://www.tradingview.com/chart/?symbol=NYSE%3ARXO,False,False,,,-21.452658090255273,43.274347348285154,20.010000228881836,2026-09-09 12:30
AMEX:UEC,equity,https://www.tradingview.com/chart/?symbol=AMEX%3AUEC,False,False,,,8.596905790859635,50.764607328206445,11.854999542236328,2026-09-09 12:30
NASDAQ:NTSK,equity,https://www.tradingview.com/chart/?symbol=NASDAQ%3ANTSK,False,False,,,41.58791366627125,55.25263851464288,14.460000038146973,2026-09-09 12:30
NASDAQ:WLFC,equity,https://www.tradingview.com/chart/?symbol=NASDAQ%3AWLFC,False,False,,,10.789447260952963,48.55493367649956,56.31999969482422,2026-09-09 12:30
TSX:AC,equity,https://www.tradingview.com/chart/?symbol=TSX%3AAC,False,False,,,-24.539316882832704,41.71189949117287,28.100000381469727,2026-09-09 12:30
NYSE:EPR,equity,https://www.tradingview.com/chart/?symbol=NYSE%3AEPR,False,False,,,-26.082234813695973,45.95256283311505,59.67499923706055,2026-09-09 12:30
NASDAQ:MRX,equity,https://www.tradingview.com/chart/?symbol=NASDAQ%3AMRX,False,False,,,9.19890264749599,55.239310306798004,76.61000061035156,2026-09-09 12:30
NYSE:MGY,equity,https://www.tradingview.com/chart/?symbol=NYSE%3AMGY,False,False,,,45.635963232586654,63.3385467827682,27.729999542236328,2026-09-09 12:30
NYSE:SKT,equity,https://www.tradingview.com/chart/?symbol=NYSE%3ASKT,False,False,,,-70.54654016664763,29.615079749280326,36.755001068115234,2026-09-09 12:30
NYSE:TBBB,equity,https://www.tradingview.com/chart/?symbol=NYSE%3ATBBB,False,False,,,65.01991424769669,64.62746589088901,50.9900016784668,2026-09-09 12:30
NYSE:TNL,equity,https://www.tradingview.com/chart/?symbol=NYSE%3ATNL,False,False,,,-70.427583771628,25.945629527346753,64.25,2026-09-09 12:30
NASDAQ:SLM,equity,https://www.tradingview.com/chart/?symbol=NASDAQ%3ASLM,False,False,,,-42.886899287918276,39.34846631248506,26.079999923706055,2026-09-09 12:30
NYSE:SXT,equity,https://www.tradingview.com/chart/?symbol=NYSE%3ASXT,False,False,,,-64.31094127443161,38.75508757208569,132.60499572753906,2026-09-09 12:30
NYSE:CRC,equity,https://www.tradingview.com/chart/?symbol=NYSE%3ACRC,False,False,,,63.272423382773695,69.37147332233104,56.72999954223633,2026-09-09 12:30
NYSE:NNI,equity,https://www.tradingview.com/chart/?symbol=NYSE%3ANNI,True,False,2026-09-09 12:30,-59.142967576441784,-59.142967576441784,43.89076126198819,125.70999908447266,2026-09-09 12:30
NASDAQ:AUGO,equity,https://www.tradingview.com/chart/?symbol=NASDAQ%3AAUGO,False,False,,,-0.45161024102705366,53.79305548198908,86.33999633789062,2026-09-09 12:30
NASDAQ:MARA,equity,https://www.tradingview.com/chart/?symbol=NASDAQ%3AMARA,False,False,,,45.05028262293109,59.777878596542884,11.8149995803833,2026-09-09 12:30
NYSE:TGS,equity,https://www.tradingview.com/chart/?symbol=NYSE%3ATGS,False,False,,,36.99968963823384,63.18654329728763,29.8799991607666,2026-09-09 12:30
NYSE:ELF,equity,https://www.tradingview.com/chart/?symbol=NYSE%3AELF,False,False,,,-55.96253235980651,26.92154902491842,100.36000061035156,2026-09-09 12:30
NASDAQ:RDNT,equity,https://www.tradingview.com/chart/?symbol=NASDAQ%3ARDNT,False,False,,,-76.96598444203563,31.324098239186455,71.12000274658203,2026-09-09 12:30
NASDAQ:IBOC,equity,https://www.tradingview.com/chart/?symbol=NASDAQ%3AIBOC,False,False,,,-47.367595574865994,33.71803139581735,70.2699966430664,2026-09-09 12:30
NASDAQ:SYNA,equity,https://www.tradingview.com/chart/?symbol=NASDAQ%3ASYNA,False,False,,,-55.147202681086924,41.35201607115129,95.08000183105469,2026-09-09 12:30
NYSE:SFBS,equity,https://www.tradingview.com/chart/?symbol=NYSE%3ASFBS,False,False,,,-53.68816593091867,32.002465019915576,41.720001220703125,2026-09-09 12:30
TSX:AQN,equity,https://www.tradingview.com/chart/?symbol=TSX%3AAQN,False,False,,,-17.50189396480499,40.799214895262345,7.75,2026-09-09 12:30
NYSE:FCN,equity,https://www.tradingview.com/chart/?symbol=NYSE%3AFCN,False,False,,,-47.05508482478635,42.092626294767484,149.8000030517578,2026-09-09 12:30
NYSE:DLB,equity,https://www.tradingview.com/chart/?symbol=NYSE%3ADLB,False,False,,,17.166583788769152,46.93694218102345,61.650001525878906,2026-09-09 12:30
NASDAQ:KNSA,equity,https://www.tradingview.com/chart/?symbol=NASDAQ%3AKNSA,False,False,,,2.0617289221576294,54.388416469933254,79.31999969482422,2026-09-09 12:30
NASDAQ:FULT,equity,https://www.tradingview.com/chart/?symbol=NASDAQ%3AFULT,False,False,,,-57.439470858345516,28.645247247792128,23.364999771118164,2026-09-09 12:30
NYSE:ANDG,equity,https://www.tradingview.com/chart/?symbol=NYSE%3AANDG,False,False,,,-62.912685632639615,43.12225668092375,54.494998931884766,2026-09-09 12:30
NASDAQ:FELE,equity,https://www.tradingview.com/chart/?symbol=NASDAQ%3AFELE,False,False,,,-11.35850401936748,45.31976393949491,99.125,2026-09-09 12:30
NYSE:MANE,equity,https://www.tradingview.com/chart/?symbol=NYSE%3AMANE,False,False,,,25.83501233218088,45.20653071060959,98.30000305175781,2026-09-09 12:30
NASDAQ:VCYT,equity,https://www.tradingview.com/chart/?symbol=NASDAQ%3AVCYT,False,False,,,3.598389778265141,54.18818840408722,43.595001220703125,2026-09-09 12:30
NYSE:CBT,equity,https://www.tradingview.com/chart/?symbol=NYSE%3ACBT,False,False,,,-82.53976815230595,29.77046446747123,79.06999969482422,2026-09-09 12:30
NYSE:TPC,equity,https://www.tradingview.com/chart/?symbol=NYSE%3ATPC,False,False,,,9.351875281302808,43.95892182799669,88.11499786376953,2026-09-09 12:30
NYSE:OTF,equity,https://www.tradingview.com/chart/?symbol=NYSE%3AOTF,False,False,,,-67.4756000807928,32.376770084950266,10.989999771118164,2026-09-09 12:30
NYSE:SITE,equity,https://www.tradingview.com/chart/?symbol=NYSE%3ASITE,False,False,,,-44.90163320644776,40.8897434237296,98.23999786376953,2026-09-09 12:30
TSX:TVE,equity,https://www.tradingview.com/chart/?symbol=TSX%3ATVE,False,False,,,23.669270360482017,47.940158910875105,13.609999656677246,2026-09-09 12:30
NASDAQ:UCTT,equity,https://www.tradingview.com/chart/?symbol=NASDAQ%3AUCTT,False,False,,,45.8154991275701,65.72985072065799,74.87000274658203,2026-09-09 12:30
NYSE:AQN,equity,https://www.tradingview.com/chart/?symbol=NYSE%3AAQN,False,False,,,-10.36134024763197,42.69072650941558,5.619999885559082,2026-09-09 12:30
NYSE:CSW,equity,https://www.tradingview.com/chart/?symbol=NYSE%3ACSW,False,False,,,-68.91337991957597,27.78158650028962,296.3999938964844,2026-09-09 12:30
NYSE:EE,equity,https://www.tradingview.com/chart/?symbol=NYSE%3AEE,False,False,,,-35.6049586173611,49.23898943672918,39.44499969482422,2026-09-09 12:30
TSX:DOO,equity,https://www.tradingview.com/chart/?symbol=TSX%3ADOO,False,False,,,-33.30486938998406,38.42296609975625,84.83000183105469,2026-09-09 12:30
NASDAQ:MMED,equity,https://www.tradingview.com/chart/?symbol=NASDAQ%3AMMED,False,False,,,-50.64341723985515,47.690229879498595,22.889999389648438,2026-09-09 12:30
NASDAQ:CRSP,equity,https://www.tradingview.com/chart/?symbol=NASDAQ%3ACRSP,False,False,,,-71.79287422913917,33.083901878312844,53.849998474121094,2026-09-09 12:30
NYSE:BOOT,equity,https://www.tradingview.com/chart/?symbol=NYSE%3ABOOT,False,False,,,-51.07328919437787,34.97888119048878,145.99000549316406,2026-09-09 12:30
NYSE:KNF,equity,https://www.tradingview.com/chart/?symbol=NYSE%3AKNF,False,False,,,-80.22432569673809,22.105315999387585,58.32500076293945,2026-09-09 12:30
NYSE:AZZ,equity,https://www.tradingview.com/chart/?symbol=NYSE%3AAZZ,False,False,,,-15.897690531866834,47.171240724176926,138.51499938964844,2026-09-09 12:30
NYSE:KRC,equity,https://www.tradingview.com/chart/?symbol=NYSE%3AKRC,False,False,,,-67.77454296049672,27.141461281168972,35.290000915527344,2026-09-09 12:30
NYSE:EPAM,equity,https://www.tradingview.com/chart/?symbol=NYSE%3AEPAM,False,False,,,-31.751162099942636,45.01718248418741,115.56999969482422,2026-09-09 12:30
NYSE:SKY,equity,https://www.tradingview.com/chart/?symbol=NYSE%3ASKY,False,False,,,-59.92129861980997,30.906341999149774,83.45999908447266,2026-09-09 12:30
TSX:LNR,equity,https://www.tradingview.com/chart/?symbol=TSX%3ALNR,False,False,,,-35.35945307096804,38.008406712183564,98.55999755859375,2026-09-09 12:30
NYSE:OII,equity,https://www.tradingview.com/chart/?symbol=NYSE%3AOII,False,False,,,-85.18516577201831,35.45671170111527,49.4900016784668,2026-09-09 12:30
TSX:MX,equity,https://www.tradingview.com/chart/?symbol=TSX%3AMX,False,False,,,42.1400849869355,66.67068968881316,85.08999633789062,2026-09-09 12:30
TSX:MDA,equity,https://www.tradingview.com/chart/?symbol=TSX%3AMDA,False,False,,,-3.7740309975384405,47.372340536422406,40.279998779296875,2026-09-09 12:30
NASDAQ:HLNE,equity,https://www.tradingview.com/chart/?symbol=NASDAQ%3AHLNE,False,False,,,-88.63043695014012,30.79734099804608,99.69999694824219,2026-09-09 12:30
NYSE:KBR,equity,https://www.tradingview.com/chart/?symbol=NYSE%3AKBR,False,False,,,-16.07712246979761,41.73989290810282,36.38999938964844,2026-09-09 12:30
NYSE:TREX,equity,https://www.tradingview.com/chart/?symbol=NYSE%3ATREX,False,False,,,15.08890924060718,57.020477551602184,45.57500076293945,2026-09-09 12:30
NASDAQ:TCBI,equity,https://www.tradingview.com/chart/?symbol=NASDAQ%3ATCBI,False,False,,,-53.21977257064385,35.07048099761842,96.22000122070312,2026-09-09 12:30
NASDAQ:NWE,equity,https://www.tradingview.com/chart/?symbol=NASDAQ%3ANWE,False,False,,,5.827591991825268,39.93335063471786,70.37999725341797,2026-09-09 12:30
NASDAQ:CENX,equity,https://www.tradingview.com/chart/?symbol=NASDAQ%3ACENX,False,False,,,0.31179478418603895,47.47940346869518,47.34000015258789,2026-09-09 12:30
NASDAQ:DOO,equity,https://www.tradingview.com/chart/?symbol=NASDAQ%3ADOO,False,False,,,-33.5847530787969,37.895488045843685,61.439998626708984,2026-09-09 12:30
NYSE:MRP,equity,https://www.tradingview.com/chart/?symbol=NYSE%3AMRP,False,False,,,-49.77894911520392,34.101863759711904,30.420000076293945,2026-09-09 12:30
NYSE:INSW,equity,https://www.tradingview.com/chart/?symbol=NYSE%3AINSW,False,False,,,57.83966885842246,64.92271576205547,105.19999694824219,2026-09-09 12:30
NYSE:FOUR,equity,https://www.tradingview.com/chart/?symbol=NYSE%3AFOUR,False,False,,,-34.706286010527236,47.291207811553605,42.880001068115234,2026-09-09 12:30
NASDAQ:CVCO,equity,https://www.tradingview.com/chart/?symbol=NASDAQ%3ACVCO,False,False,,,-76.35134384091778,31.725278631675593,540.0,2026-09-09 12:30
NYSE:MDU,equity,https://www.tradingview.com/chart/?symbol=NYSE%3AMDU,False,False,,,-8.173497602436548,40.19286275826915,19.635000228881836,2026-09-09 12:30
NYSE:FBP,equity,https://www.tradingview.com/chart/?symbol=NYSE%3AFBP,False,False,,,-62.89600150864413,27.12173919241235,27.770000457763672,2026-09-09 12:30
NYSE:CNR,equity,https://www.tradingview.com/chart/?symbol=NYSE%3ACNR,False,False,,,49.06046015014283,51.39899425871522,100.38999938964844,2026-09-09 12:30
NASDAQ:CELC,equity,https://www.tradingview.com/chart/?symbol=NASDAQ%3ACELC,False,False,,,-61.56380329456686,33.73225685530677,90.68000030517578,2026-09-09 12:30
NYSE:BRC,equity,https://www.tradingview.com/chart/?symbol=NYSE%3ABRC,False,False,,,-65.66616634819108,42.66501273515842,88.06500244140625,2026-09-09 12:30
NASDAQ:ACLS,equity,https://www.tradingview.com/chart/?symbol=NASDAQ%3AACLS,False,False,,,30.63744995688417,52.595370216384964,116.58000183105469,2026-09-09 12:30
NASDAQ:CAI,equity,https://www.tradingview.com/chart/?symbol=NASDAQ%3ACAI,False,False,,,-15.835904218763341,42.32510099856362,24.530000686645508,2026-09-09 12:30
NASDAQ:DNTH,equity,https://www.tradingview.com/chart/?symbol=NASDAQ%3ADNTH,False,False,,,-0.21854605678113734,44.3569731070954,107.2300033569336,2026-09-09 12:30
NYSE:FHI,equity,https://www.tradingview.com/chart/?symbol=NYSE%3AFHI,False,False,,,-45.46656296484034,35.83414406763944,61.150001525878906,2026-09-09 12:30
NYSE:PFSI,equity,https://www.tradingview.com/chart/?symbol=NYSE%3APFSI,False,False,,,-72.81185203040796,30.797927583866496,71.19000244140625,2026-09-09 12:30
NASDAQ:ATAT,equity,https://www.tradingview.com/chart/?symbol=NASDAQ%3AATAT,False,False,,,-76.46533574824683,35.2193008438671,33.09000015258789,2026-09-09 12:30
NASDAQ:LBRDA,equity,https://www.tradingview.com/chart/?symbol=NASDAQ%3ALBRDA,False,False,,,36.65689743725526,51.56893323651756,36.040000915527344,2026-08-19 15:30
NYSE:MDA,equity,https://www.tradingview.com/chart/?symbol=NYSE%3AMDA,False,False,,,-2.0928953857019903,47.57662221606304,29.170000076293945,2026-09-09 12:30
NASDAQ:MEOH,equity,https://www.tradingview.com/chart/?symbol=NASDAQ%3AMEOH,False,False,,,46.76867175242527,67.6769456153138,61.63999938964844,2026-09-09 12:30
AMEX:SEB,equity,https://www.tradingview.com/chart/?symbol=AMEX%3ASEB,False,False,,,-32.61843653999558,49.467335539196995,4263.009765625,2026-09-09 12:30
NASDAQ:MMSI,equity,https://www.tradingview.com/chart/?symbol=NASDAQ%3AMMSI,False,False,,,-55.82840900628175,32.37481136919405,86.83999633789062,2026-09-09 12:30
NYSE:BNL,equity,https://www.tradingview.com/chart/?symbol=NYSE%3ABNL,False,False,,,-41.05193859058017,40.004312510572504,20.68000030517578,2026-09-09 12:30
NYSE:HCC,equity,https://www.tradingview.com/chart/?symbol=NYSE%3AHCC,False,False,,,-0.07728543002216719,48.5594391992349,105.41999816894531,2026-09-09 12:30
NASDAQ:DIOD,equity,https://www.tradingview.com/chart/?symbol=NASDAQ%3ADIOD,False,False,,,-0.18646071567304348,54.44075203044864,91.08000183105469,2026-09-09 12:30
NASDAQ:VKTX,equity,https://www.tradingview.com/chart/?symbol=NASDAQ%3AVKTX,False,False,,,-43.1750440539058,36.99932854231852,33.04999923706055,2026-09-09 12:30
NASDAQ:LEGN,equity,https://www.tradingview.com/chart/?symbol=NASDAQ%3ALEGN,False,False,,,-75.39878231614847,28.654938706130494,19.93000030517578,2026-09-09 12:30
NASDAQ:ALHC,equity,https://www.tradingview.com/chart/?symbol=NASDAQ%3AALHC,False,False,,,-76.22460053332988,44.17376043709101,13.134900093078613,2026-09-09 12:30
NASDAQ:EQPT,equity,https://www.tradingview.com/chart/?symbol=NASDAQ%3AEQPT,False,False,,,13.089487401500994,54.41344609480676,19.260000228881836,2026-09-09 12:30
NASDAQ:EMAT,equity,https://www.tradingview.com/chart/?symbol=NASDAQ%3AEMAT,False,False,,,12.325972722612287,49.815476756435835,3.240000009536743,2026-09-09 12:30
NASDAQ:COCO,equity,https://www.tradingview.com/chart/?symbol=NASDAQ%3ACOCO,False,False,,,-79.75490352859134,17.75485222403742,51.255001068115234,2026-09-09 12:30
NASDAQ:LIVN,equity,https://www.tradingview.com/chart/?symbol=NASDAQ%3ALIVN,False,False,,,-70.21496919821129,27.93837625151903,78.62999725341797,2026-09-09 12:30
TSX:TA,equity,https://www.tradingview.com/chart/?symbol=TSX%3ATA,False,False,,,48.80700964916403,65.5496548669611,17.149999618530273,2026-09-09 12:30
NYSE:NVST,equity,https://www.tradingview.com/chart/?symbol=NYSE%3ANVST,False,False,,,-66.72902856654339,36.64253187717917,26.674999237060547,2026-09-09 12:30
NYSE:LAZ,equity,https://www.tradingview.com/chart/?symbol=NYSE%3ALAZ,False,False,,,-52.350757796884885,38.506350405825735,42.95500183105469,2026-09-09 12:30
NYSE:ATMU,equity,https://www.tradingview.com/chart/?symbol=NYSE%3AATMU,False,False,,,-66.7166914474241,33.43193990415678,46.36000061035156,2026-09-09 12:30
NASDAQ:CAKE,equity,https://www.tradingview.com/chart/?symbol=NASDAQ%3ACAKE,False,False,,,-71.8428731804379,27.34941345223764,103.33509826660156,2026-09-09 12:30
NASDAQ:LFST,equity,https://www.tradingview.com/chart/?symbol=NASDAQ%3ALFST,False,False,,,-25.542369564781055,49.49829545836902,12.704999923706055,2026-09-09 12:30
NASDAQ:ELVR,equity,https://www.tradingview.com/chart/?symbol=NASDAQ%3AELVR,False,False,,,-8.828895499083833,46.41847357427943,57.23500061035156,2026-09-09 12:30
NASDAQ:PEGA,equity,https://www.tradingview.com/chart/?symbol=NASDAQ%3APEGA,False,False,,,-54.52488227000276,36.263613082499084,34.95000076293945,2026-09-09 12:30
NASDAQ:ACAD,equity,https://www.tradingview.com/chart/?symbol=NASDAQ%3AACAD,False,False,,,-41.88141220622676,42.434566360594346,27.860000610351562,2026-09-09 12:30
TSX:ELF,equity,https://www.tradingview.com/chart/?symbol=TSX%3AELF,False,False,,,-42.51097340252942,37.46474526463307,17.149999618530273,2026-09-09 12:30
NYSE:PJT,equity,https://www.tradingview.com/chart/?symbol=NYSE%3APJT,False,False,,,-54.0143692682391,41.284391918349534,179.36500549316406,2026-09-09 12:30
NYSE:BBAR,equity,https://www.tradingview.com/chart/?symbol=NYSE%3ABBAR,False,False,,,-25.702575741802885,53.96756582180871,15.039999961853027,2026-09-09 12:30
NASDAQ:BULL,equity,https://www.tradingview.com/chart/?symbol=NASDAQ%3ABULL,False,False,,,-16.153104910549455,51.74488524329972,9.635000228881836,2026-09-09 12:30
NYSE:PHI,equity,https://www.tradingview.com/chart/?symbol=NYSE%3APHI,False,False,,,-50.667574019284324,43.43968697753951,18.020000457763672,2026-09-09 12:30
NASDAQ:OCTV,equity,https://www.tradingview.com/chart/?symbol=NASDAQ%3AOCTV,False,False,,,-64.67360556162242,27.696812977747527,17.969999313354492,2026-09-09 12:30
NYSE:PLNT,equity,https://www.tradingview.com/chart/?symbol=NYSE%3APLNT,False,False,,,-76.46549204033506,38.42399152970478,49.654998779296875,2026-09-09 12:30
NASDAQ:SRAD,equity,https://www.tradingview.com/chart/?symbol=NASDAQ%3ASRAD,False,False,,,-54.49201492099173,50.85866554346195,12.805000305175781,2026-09-09 12:30
NYSE:VNT,equity,https://www.tradingview.com/chart/?symbol=NYSE%3AVNT,False,False,,,-58.49996855216413,36.500616016004464,32.06999969482422,2026-09-09 12:30
NYSE:ALH,equity,https://www.tradingview.com/chart/?symbol=NYSE%3AALH,False,False,,,-59.62498503951425,32.772800950710106,21.860000610351562,2026-09-09 12:30
NYSE:CDP,equity,https://www.tradingview.com/chart/?symbol=NYSE%3ACDP,False,False,,,-37.38966809427538,35.52612463236123,34.869998931884766,2026-09-09 12:30
NYSE:ANF,equity,https://www.tradingview.com/chart/?symbol=NYSE%3AANF,False,False,,,53.49294425648387,60.84218364453927,151.27000427246094,2026-09-09 12:30
NYSE:GPGI,equity,https://www.tradingview.com/chart/?symbol=NYSE%3AGPGI,False,False,,,-35.38754981291307,45.804367188311005,13.5,2026-09-09 12:30
NASDAQ:ONDS,equity,https://www.tradingview.com/chart/?symbol=NASDAQ%3AONDS,False,False,,,-26.672978839565857,40.05206215209726,7.448599815368652,2026-09-09 12:30
NASDAQ:FRMI,equity,https://www.tradingview.com/chart/?symbol=NASDAQ%3AFRMI,False,False,,,42.401702030278074,59.29872963434488,5.514999866485596,2026-09-09 12:30
NYSE:OPLN,equity,https://www.tradingview.com/chart/?symbol=NYSE%3AOPLN,False,False,,,-30.14018247398168,44.825002300846684,34.91999816894531,2026-09-09 12:30
NASDAQ:MAT,equity,https://www.tradingview.com/chart/?symbol=NASDAQ%3AMAT,False,False,,,-60.75282672820949,28.641118583544795,13.854999542236328,2026-09-09 12:30
NASDAQ:DLO,equity,https://www.tradingview.com/chart/?symbol=NASDAQ%3ADLO,False,False,,,-65.33639994365336,35.138044975442455,14.749099731445312,2026-09-09 12:30
TSX:NGEX,equity,https://www.tradingview.com/chart/?symbol=TSX%3ANGEX,False,False,,,53.755008473328,67.98942322525497,28.31999969482422,2026-09-09 12:30
NASDAQ:IPGP,equity,https://www.tradingview.com/chart/?symbol=NASDAQ%3AIPGP,False,False,,,30.23277768315071,61.95799747019902,80.31500244140625,2026-09-09 12:30
NYSE:BETA,equity,https://www.tradingview.com/chart/?symbol=NYSE%3ABETA,False,False,,,-32.77481112622063,39.859421098866854,20.549999237060547,2026-09-09 12:30
NASDAQ:LIF,equity,https://www.tradingview.com/chart/?symbol=NASDAQ%3ALIF,False,False,,,-51.85088265548435,37.34816066255995,42.380001068115234,2026-09-09 12:30
NYSE:TAC,equity,https://www.tradingview.com/chart/?symbol=NYSE%3ATAC,False,False,,,49.23648321268198,65.19299251753327,12.425000190734863,2026-09-09 12:30
NYSE:PII,equity,https://www.tradingview.com/chart/?symbol=NYSE%3APII,False,False,,,-55.876676395294254,32.49844458206988,59.654998779296875,2026-09-09 12:30
NYSE:BILL,equity,https://www.tradingview.com/chart/?symbol=NYSE%3ABILL,False,False,,,-34.15103722700703,45.45847478892869,47.869998931884766,2026-09-09 12:30
NYSE:RHI,equity,https://www.tradingview.com/chart/?symbol=NYSE%3ARHI,False,False,,,-79.68974993626033,19.85881911939211,38.790000915527344,2026-09-09 12:30
NASDAQ:EWTX,equity,https://www.tradingview.com/chart/?symbol=NASDAQ%3AEWTX,False,False,,,21.72556484265669,57.015790673579446,43.540000915527344,2026-09-09 12:30
NYSE:UCB,equity,https://www.tradingview.com/chart/?symbol=NYSE%3AUCB,False,False,,,-35.66393847376519,37.95546725779888,34.89500045776367,2026-09-09 12:30
TSX:NPI,equity,https://www.tradingview.com/chart/?symbol=TSX%3ANPI,False,False,,,46.99277948973688,68.5420078207697,21.530000686645508,2026-09-09 12:30
NASDAQ:PI,equity,https://www.tradingview.com/chart/?symbol=NASDAQ%3API,False,False,,,-46.936379042916464,38.5795360296912,167.1750030517578,2026-09-09 12:30
NYSE:ABG,equity,https://www.tradingview.com/chart/?symbol=NYSE%3AABG,False,False,,,-47.37037709384558,39.23458246042542,210.8800048828125,2026-09-09 12:30
NASDAQ:LASR,equity,https://www.tradingview.com/chart/?symbol=NASDAQ%3ALASR,False,False,,,12.347323611626967,47.56602887016869,40.90999984741211,2026-09-09 12:30
NYSE:POST,equity,https://www.tradingview.com/chart/?symbol=NYSE%3APOST,False,False,,,-74.2074866016912,37.79685258663668,81.63500213623047,2026-09-09 12:30
NYSE:GEO,equity,https://www.tradingview.com/chart/?symbol=NYSE%3AGEO,False,False,,,28.59109565319309,49.32413654402866,31.479999542236328,2026-09-09 12:30
NASDAQ:CALM,equity,https://www.tradingview.com/chart/?symbol=NASDAQ%3ACALM,False,False,,,-58.257673512546056,23.539446514060913,73.37999725341797,2026-09-09 12:30
NYSE:BFH,equity,https://www.tradingview.com/chart/?symbol=NYSE%3ABFH,False,False,,,-30.593679079252706,51.106759369318425,108.13500213623047,2026-09-09 12:30
NYSE:LBRT,equity,https://www.tradingview.com/chart/?symbol=NYSE%3ALBRT,False,False,,,57.471308272559305,68.34591874204551,21.559999465942383,2026-09-09 12:30
NASDAQ:CATY,equity,https://www.tradingview.com/chart/?symbol=NASDAQ%3ACATY,False,False,,,-64.11200396328137,30.38246301404493,61.209999084472656,2026-09-09 12:30
NYSE:AB,equity,https://www.tradingview.com/chart/?symbol=NYSE%3AAB,False,False,,,-53.58511671640664,33.83361153210082,36.43960189819336,2026-09-09 12:30
NYSE:GFF,equity,https://www.tradingview.com/chart/?symbol=NYSE%3AGFF,False,False,,,-34.4160423966347,47.309809620074965,97.4000015258789,2026-09-09 12:30
NASDAQ:EXLS,equity,https://www.tradingview.com/chart/?symbol=NASDAQ%3AEXLS,False,False,,,-65.3130422787532,28.730565824328693,35.14500045776367,2026-09-09 12:30
NASDAQ:WSFS,equity,https://www.tradingview.com/chart/?symbol=NASDAQ%3AWSFS,False,False,,,-10.430288187730588,45.20921188266078,78.62000274658203,2026-09-09 12:30
NYSE:CNS,equity,https://www.tradingview.com/chart/?symbol=NYSE%3ACNS,False,False,,,-46.13971367397199,34.14718863135917,77.33999633789062,2026-09-09 12:30
NASDAQ:INDB,equity,https://www.tradingview.com/chart/?symbol=NASDAQ%3AINDB,False,False,,,-40.53173120536703,41.385421547811696,82.04000091552734,2026-09-09 12:30
NASDAQ:ALM,equity,https://www.tradingview.com/chart/?symbol=NASDAQ%3AALM,False,False,,,46.56993469061148,58.66602958438699,18.700000762939453,2026-09-09 12:30
NYSE:BBWI,equity,https://www.tradingview.com/chart/?symbol=NYSE%3ABBWI,False,False,,,-53.81178130602732,31.563119344456766,18.045000076293945,2026-09-09 12:30
NYSE:MIAX,equity,https://www.tradingview.com/chart/?symbol=NYSE%3AMIAX,False,False,,,41.99469702233069,57.90915139371085,43.5,2026-09-09 12:30
NASDAQ:OLLI,equity,https://www.tradingview.com/chart/?symbol=NASDAQ%3AOLLI,False,False,,,-16.82080641191045,40.66451058193039,73.0884017944336,2026-09-09 12:30
NYSE:CRK,equity,https://www.tradingview.com/chart/?symbol=NYSE%3ACRK,False,False,,,-49.16989755686401,39.36839507708445,14.859999656677246,2026-09-09 12:30
NYSE:CAAP,equity,https://www.tradingview.com/chart/?symbol=NYSE%3ACAAP,False,False,,,16.630298944948574,58.20407480137827,24.40999984741211,2026-09-09 12:30
NYSE:BDC,equity,https://www.tradingview.com/chart/?symbol=NYSE%3ABDC,False,False,,,-15.90679623048127,50.34658703275978,119.72000122070312,2026-09-09 12:30
NASDAQ:PTEN,equity,https://www.tradingview.com/chart/?symbol=NASDAQ%3APTEN,False,False,,,33.386779859321386,55.511287355491,12.850299835205078,2026-09-09 12:30
NYSE:DK,equity,https://www.tradingview.com/chart/?symbol=NYSE%3ADK,False,False,,,24.697129535582388,54.548780508245194,74.38999938964844,2026-09-09 12:30
NASDAQ:DORM,equity,https://www.tradingview.com/chart/?symbol=NASDAQ%3ADORM,False,False,,,-42.732341797057785,34.39600183076362,126.9000015258789,2026-09-09 12:30
NYSE:SMG,equity,https://www.tradingview.com/chart/?symbol=NYSE%3ASMG,False,False,,,-70.70587693692983,26.849955692535005,56.68000030517578,2026-09-09 12:30
NYSE:CON,equity,https://www.tradingview.com/chart/?symbol=NYSE%3ACON,False,False,,,-32.48154653817624,48.93396392362963,34.15999984741211,2026-09-09 12:30
NASDAQ:POWI,equity,https://www.tradingview.com/chart/?symbol=NASDAQ%3APOWI,False,False,,,-22.175167093675157,38.57521515998551,49.599998474121094,2026-09-09 12:30
NYSE:APLE,equity,https://www.tradingview.com/chart/?symbol=NYSE%3AAPLE,False,False,,,-74.91407127475854,30.18136409006665,15.335000038146973,2026-09-09 12:30
NASDAQ:MKTX,equity,https://www.tradingview.com/chart/?symbol=NASDAQ%3AMKTX,False,False,,,14.163524192889028,66.78519736794556,163.48800659179688,2026-09-09 12:30
NYSE:THO,equity,https://www.tradingview.com/chart/?symbol=NYSE%3ATHO,False,False,,,-51.816561277801064,32.80527688048268,72.7699966430664,2026-09-09 12:30
NYSE:CSTM,equity,https://www.tradingview.com/chart/?symbol=NYSE%3ACSTM,False,False,,,6.615852135481886,46.88896556810509,27.0,2026-09-09 12:30
NASDAQ:WAY,equity,https://www.tradingview.com/chart/?symbol=NASDAQ%3AWAY,False,False,,,-78.67850343558987,25.031906662628344,23.739999771118164,2026-09-09 12:30
NYSE:RNST,equity,https://www.tradingview.com/chart/?symbol=NYSE%3ARNST,False,False,,,-56.51585955191524,30.242999152256075,40.31999969482422,2026-09-09 12:30
NYSE:FG,equity,https://www.tradingview.com/chart/?symbol=NYSE%3AFG,False,False,,,-56.539025827169866,38.94202874184796,23.84000015258789,2026-09-09 12:30
NASDAQ:EXTR,equity,https://www.tradingview.com/chart/?symbol=NASDAQ%3AEXTR,False,False,,,-38.016848766159264,39.25069505946677,21.545000076293945,2026-09-09 12:30
NYSE:MIR,equity,https://www.tradingview.com/chart/?symbol=NYSE%3AMIR,False,False,,,-15.01341357554901,48.54081621326986,16.530000686645508,2026-09-09 12:30
TSX:KNT,equity,https://www.tradingview.com/chart/?symbol=TSX%3AKNT,False,False,,,33.078413475294816,60.213119643490124,29.84000015258789,2026-09-09 12:30
NYSE:PARR,equity,https://www.tradingview.com/chart/?symbol=NYSE%3APARR,False,False,,,10.668464567948893,52.56479865384974,81.87000274658203,2026-09-09 12:30
NYSE:WPP,equity,https://www.tradingview.com/chart/?symbol=NYSE%3AWPP,False,False,,,-55.004667071019135,42.42514441633356,24.93000030517578,2026-09-09 12:30
NASDAQ:ICUI,equity,https://www.tradingview.com/chart/?symbol=NASDAQ%3AICUI,False,False,,,-40.277387499748166,35.56577897648336,162.3699951171875,2026-09-09 12:30
NYSE:KFY,equity,https://www.tradingview.com/chart/?symbol=NYSE%3AKFY,False,False,,,-59.23009838696004,39.91968310225956,81.04499816894531,2026-09-09 12:30
NYSE:LION,equity,https://www.tradingview.com/chart/?symbol=NYSE%3ALION,False,False,,,-14.9550891078464,40.55876765690582,11.045000076293945,2026-09-09 12:30
NYSE:HHH,equity,https://www.tradingview.com/chart/?symbol=NYSE%3AHHH,False,False,,,-37.60020006625089,29.710066854317347,62.44499969482422,2026-09-09 12:30
NASDAQ:IPAR,equity,https://www.tradingview.com/chart/?symbol=NASDAQ%3AIPAR,False,False,,,-61.54056314805842,28.699645667284315,110.97000122070312,2026-09-09 12:30
TSX:GRGD,equity,https://www.tradingview.com/chart/?symbol=TSX%3AGRGD,False,False,,,-47.12888112924953,36.75263829618747,57.06999969482422,2026-09-09 12:30
NYSE:BOX,equity,https://www.tradingview.com/chart/?symbol=NYSE%3ABOX,False,False,,,-47.055625969824,40.846730059197625,34.18000030517578,2026-09-09 12:30
NASDAQ:PTRN,equity,https://www.tradingview.com/chart/?symbol=NASDAQ%3APTRN,False,False,,,-36.77715150054928,42.24975500494322,19.6299991607666,2026-09-09 12:30
NYSE:STNG,equity,https://www.tradingview.com/chart/?symbol=NYSE%3ASTNG,False,False,,,71.77055013318027,70.99665350170811,83.38999938964844,2026-09-09 12:30
NYSE:YETI,equity,https://www.tradingview.com/chart/?symbol=NYSE%3AYETI,False,False,,,-69.94972293023743,39.33345478075372,40.314998626708984,2026-09-09 12:30
NASDAQ:CLSK,equity,https://www.tradingview.com/chart/?symbol=NASDAQ%3ACLSK,False,False,,,47.6958645774385,63.82841721909263,13.295999526977539,2026-09-09 12:30
NYSE:HGV,equity,https://www.tradingview.com/chart/?symbol=NYSE%3AHGV,False,False,,,-79.03223477048893,24.786121634470547,40.029998779296875,2026-09-09 12:30
NYSE:HGTY,equity,https://www.tradingview.com/chart/?symbol=NYSE%3AHGTY,False,False,,,-45.592523396337945,38.02830126817056,13.1899995803833,2026-09-09 12:30
NYSE:SEI,equity,https://www.tradingview.com/chart/?symbol=NYSE%3ASEI,False,False,,,70.67887720850017,86.43179877449016,67.66000366210938,2026-09-09 12:30
NASDAQ:WSBC,equity,https://www.tradingview.com/chart/?symbol=NASDAQ%3AWSBC,False,False,,,-57.95150132158864,27.510511337909193,39.970001220703125,2026-09-09 12:30
NYSE:ACHR,equity,https://www.tradingview.com/chart/?symbol=NYSE%3AACHR,False,False,,,-2.95089850148133,39.13031817314711,5.5971999168396,2026-09-09 12:30
NYSE:GPI,equity,https://www.tradingview.com/chart/?symbol=NYSE%3AGPI,False,False,,,-27.607149955854577,45.74157720567079,282.0950012207031,2026-09-09 12:30
NYSE:MWA,equity,https://www.tradingview.com/chart/?symbol=NYSE%3AMWA,False,False,,,-52.61441472750305,43.03566656977645,23.799999237060547,2026-09-09 12:30
NYSE:NHI,equity,https://www.tradingview.com/chart/?symbol=NYSE%3ANHI,False,False,,,-62.052885141819274,32.626004903374024,70.0250015258789,2026-09-09 12:30
NASDAQ:CHEF,equity,https://www.tradingview.com/chart/?symbol=NASDAQ%3ACHEF,False,False,,,-72.47092484737142,40.1042850643024,111.0,2026-09-09 12:30
NASDAQ:BANF,equity,https://www.tradingview.com/chart/?symbol=NASDAQ%3ABANF,False,False,,,-63.104752707740126,33.460137560676486,109.62999725341797,2026-09-09 12:30
NYSE:MANU,equity,https://www.tradingview.com/chart/?symbol=NYSE%3AMANU,False,False,,,-67.06665331841153,27.531676369328764,20.459999084472656,2026-09-09 12:30
NYSE:IRT,equity,https://www.tradingview.com/chart/?symbol=NYSE%3AIRT,False,False,,,-104.07772283689927,19.545270714119738,15.149999618530273,2026-09-09 12:30
NASDAQ:OTTR,equity,https://www.tradingview.com/chart/?symbol=NASDAQ%3AOTTR,False,False,,,-6.438923703945167,45.325129259887355,89.41000366210938,2026-09-09 12:30
TSX:GEI,equity,https://www.tradingview.com/chart/?symbol=TSX%3AGEI,False,False,,,51.3795780428886,61.69333181908864,31.829999923706055,2026-09-09 12:30
TSX:ATH,equity,https://www.tradingview.com/chart/?symbol=TSX%3AATH,False,False,,,48.64658248092761,54.374602089091965,11.0,2026-09-09 12:30
NYSE:WHD,equity,https://www.tradingview.com/chart/?symbol=NYSE%3AWHD,False,False,,,-21.784692240014625,47.58602834850585,70.19499969482422,2026-09-09 12:30
NYSE:TDW,equity,https://www.tradingview.com/chart/?symbol=NYSE%3ATDW,False,False,,,-39.19271448055841,40.734557855701,92.5199966430664,2026-09-09 12:30
NASDAQ:CLMT,equity,https://www.tradingview.com/chart/?symbol=NASDAQ%3ACLMT,False,False,,,59.369435925294304,69.97355617753581,55.0,2026-09-09 12:30
TSX:TXG,equity,https://www.tradingview.com/chart/?symbol=TSX%3ATXG,False,False,,,5.690574584744115,59.826770446886485,70.47000122070312,2026-09-09 12:30
NYSE:MNSO,equity,https://www.tradingview.com/chart/?symbol=NYSE%3AMNSO,False,False,,,-63.017320192407034,29.334072752167557,9.244999885559082,2026-09-09 12:30
NASDAQ:ELVN,equity,https://www.tradingview.com/chart/?symbol=NASDAQ%3AELVN,False,False,,,-53.63056055135348,36.93349170533652,57.900001525878906,2026-09-09 12:30
NASDAQ:OLED,equity,https://www.tradingview.com/chart/?symbol=NASDAQ%3AOLED,False,False,,,-64.5255465842298,36.965494041588755,80.54499816894531,2026-09-09 12:30
NYSE:DOCS,equity,https://www.tradingview.com/chart/?symbol=NYSE%3ADOCS,False,False,,,-68.08378800474429,23.53380169049254,24.329999923706055,2026-09-09 12:30
NASDAQ:DYN,equity,https://www.tradingview.com/chart/?symbol=NASDAQ%3ADYN,False,False,,,-67.5223190224663,27.965851095337513,19.590200424194336,2026-09-09 12:30
NYSE:MHO,equity,https://www.tradingview.com/chart/?symbol=NYSE%3AMHO,False,False,,,-67.53943939216492,20.183231082171517,140.6199951171875,2026-09-09 12:30
NASDAQ:SKYW,equity,https://www.tradingview.com/chart/?symbol=NASDAQ%3ASKYW,False,False,,,-35.574991034804334,43.28139722194301,95.69000244140625,2026-09-09 12:30
NYSE:KNTK,equity,https://www.tradingview.com/chart/?symbol=NYSE%3AKNTK,False,False,,,10.384173310465423,51.68754209094037,54.779998779296875,2026-09-09 12:30
TSX:PEY,equity,https://www.tradingview.com/chart/?symbol=TSX%3APEY,False,False,,,-58.47488239860545,29.69014615632757,24.829999923706055,2026-09-09 12:30
NYSE:GNW,equity,https://www.tradingview.com/chart/?symbol=NYSE%3AGNW,False,False,,,18.49903062526788,56.52730006107572,10.4399995803833,2026-09-09 12:30
NYSE:BFAM,equity,https://www.tradingview.com/chart/?symbol=NYSE%3ABFAM,False,False,,,-75.65132318980069,26.33288235969934,65.80500030517578,2026-09-09 12:30
NYSE:SXI,equity,https://www.tradingview.com/chart/?symbol=NYSE%3ASXI,False,False,,,-49.913915138195144,43.39197269992489,273.4049987792969,2026-09-09 12:30
NYSE:CNK,equity,https://www.tradingview.com/chart/?symbol=NYSE%3ACNK,False,False,,,25.38366690794383,48.49638070992341,35.2400016784668,2026-09-09 12:30
NYSE:HAFN,equity,https://www.tradingview.com/chart/?symbol=NYSE%3AHAFN,False,False,,,29.006632416724063,63.29364813111144,9.164999961853027,2026-09-09 12:30
NASDAQ:RRR,equity,https://www.tradingview.com/chart/?symbol=NASDAQ%3ARRR,False,False,,,-90.75602450150417,25.13662696063662,54.77000045776367,2026-09-09 12:30
NASDAQ:MNDY,equity,https://www.tradingview.com/chart/?symbol=NASDAQ%3AMNDY,False,False,,,-64.65748844826483,20.48661326318316,82.11499786376953,2026-09-09 12:30
NYSE:CVSA,equity,https://www.tradingview.com/chart/?symbol=NYSE%3ACVSA,False,False,,,-46.417472933386314,44.10656219213509,126.55999755859375,2026-09-09 12:30
NYSE:CRGY,equity,https://www.tradingview.com/chart/?symbol=NYSE%3ACRGY,False,False,,,34.78210563219558,55.328183288248326,14.204999923706055,2026-09-09 12:30
NYSE:ZGN,equity,https://www.tradingview.com/chart/?symbol=NYSE%3AZGN,False,False,,,-76.42410077237652,26.922747051317316,11.760000228881836,2026-09-09 12:30
NASDAQ:DNLI,equity,https://www.tradingview.com/chart/?symbol=NASDAQ%3ADNLI,False,False,,,-74.29199922936918,43.17834272553351,21.959999084472656,2026-09-09 12:30
NASDAQ:JOYY,equity,https://www.tradingview.com/chart/?symbol=NASDAQ%3AJOYY,False,False,,,-61.00298027625726,36.028779188350306,73.56500244140625,2026-09-09 12:30
NYSE:AGO,equity,https://www.tradingview.com/chart/?symbol=NYSE%3AAGO,False,False,,,-72.95868225832677,29.507487752596177,72.93000030517578,2026-09-09 12:30
NASDAQ:FIBK,equity,https://www.tradingview.com/chart/?symbol=NASDAQ%3AFIBK,False,False,,,-54.18422462110354,31.235739962287056,36.779998779296875,2026-09-09 12:30
NASDAQ:WING,equity,https://www.tradingview.com/chart/?symbol=NASDAQ%3AWING,False,False,,,-56.9799236320005,51.72571520300283,110.61499786376953,2026-09-09 12:30
NASDAQ:NAMS,equity,https://www.tradingview.com/chart/?symbol=NASDAQ%3ANAMS,False,False,,,-70.63940975991453,34.528953670607876,23.40999984741211,2026-09-09 12:30
TSX:SES,equity,https://www.tradingview.com/chart/?symbol=TSX%3ASES,False,False,,,46.43200189008174,52.66173756727133,24.6299991607666,2026-09-02 15:30
NYSE:PVH,equity,https://www.tradingview.com/chart/?symbol=NYSE%3APVH,False,False,,,-58.43368591798272,33.46211531208557,69.78500366210938,2026-09-09 12:30
NASDAQ:ITRI,equity,https://www.tradingview.com/chart/?symbol=NASDAQ%3AITRI,False,False,,,-14.440438361532323,41.29144330646612,95.16000366210938,2026-09-09 12:30
NASDAQ:VEON,equity,https://www.tradingview.com/chart/?symbol=NASDAQ%3AVEON,False,False,,,11.220804144147081,56.307999392587185,65.0,2026-09-09 12:30
TSX:EQB,equity,https://www.tradingview.com/chart/?symbol=TSX%3AEQB,False,False,,,-58.63584536639966,40.78454719402141,128.88999938964844,2026-09-09 12:30
TSX:TPZ,equity,https://www.tradingview.com/chart/?symbol=TSX%3ATPZ,False,False,,,-64.01156942906124,29.873854131595067,31.170000076293945,2026-09-09 12:30
NYSE:MSGE,equity,https://www.tradingview.com/chart/?symbol=NYSE%3AMSGE,False,False,,,-44.52150452291276,47.431436355422356,76.8949966430664,2026-09-09 12:30
NYSE:BMI,equity,https://www.tradingview.com/chart/?symbol=NYSE%3ABMI,False,False,,,-62.87438459218338,29.43789628797363,127.88999938964844,2026-09-09 12:30
NASDAQ:BHF,equity,https://www.tradingview.com/chart/?symbol=NASDAQ%3ABHF,False,False,,,-76.3638017467569,32.01159814140338,51.650001525878906,2026-09-09 12:30
NYSE:PAY,equity,https://www.tradingview.com/chart/?symbol=NYSE%3APAY,False,False,,,-54.433975323716545,41.70420015806894,35.20000076293945,2026-09-09 12:30
NASDAQ:QS,equity,https://www.tradingview.com/chart/?symbol=NASDAQ%3AQS,False,False,,,-10.461704441360695,31.134140610762657,5.284999847412109,2026-09-09 12:30
NYSE:KAI,equity,https://www.tradingview.com/chart/?symbol=NYSE%3AKAI,False,False,,,-10.286839875362391,35.42020650421675,293.3399963378906,2026-09-09 12:30
NYSE:HIW,equity,https://www.tradingview.com/chart/?symbol=NYSE%3AHIW,False,False,,,-65.17530896551206,30.27757331765322,29.940000534057617,2026-09-09 12:30
NASDAQ:LOPE,equity,https://www.tradingview.com/chart/?symbol=NASDAQ%3ALOPE,False,False,,,-23.862528227020004,47.7729370307536,151.00999450683594,2026-09-09 12:30
NYSE:KEN,equity,https://www.tradingview.com/chart/?symbol=NYSE%3AKEN,False,False,,,46.196226627688134,59.692366954310906,69.37000274658203,2026-09-09 12:30
NYSE:SIG,equity,https://www.tradingview.com/chart/?symbol=NYSE%3ASIG,False,False,,,50.1871662840997,80.4182109955868,99.45999908447266,2026-09-09 12:30
NYSE:TDS,equity,https://www.tradingview.com/chart/?symbol=NYSE%3ATDS,False,False,,,-6.607929308730035,59.42906399356785,37.689998626708984,2026-09-09 12:30
TSX:SKE,equity,https://www.tradingview.com/chart/?symbol=TSX%3ASKE,False,False,,,6.659313322014256,53.468621220389494,45.66999816894531,2026-09-09 12:30
NYSE:SLG,equity,https://www.tradingview.com/chart/?symbol=NYSE%3ASLG,False,False,,,-65.8005739228925,25.33595351922507,52.09000015258789,2026-09-09 12:30
NYSE:BLSH,equity,https://www.tradingview.com/chart/?symbol=NYSE%3ABLSH,False,False,,,-17.29212714079332,51.13382189061231,35.130001068115234,2026-09-09 12:30
NASDAQ:TENB,equity,https://www.tradingview.com/chart/?symbol=NASDAQ%3ATENB,False,False,,,-16.254518382873062,46.81076392417552,33.880001068115234,2026-09-09 12:30
NYSE:OGN,equity,https://www.tradingview.com/chart/?symbol=NYSE%3AOGN,False,False,,,-75.21597627677325,25.352043221528618,13.729999542236328,2026-09-09 12:30
NASDAQ:ARCB,equity,https://www.tradingview.com/chart/?symbol=NASDAQ%3AARCB,False,False,,,-35.18755882403741,42.240677661158706,136.16000366210938,2026-09-09 12:30
NYSE:LRN,equity,https://www.tradingview.com/chart/?symbol=NYSE%3ALRN,False,False,,,-64.35802138616921,44.003075523753026,83.0,2026-09-09 12:30
NYSE:NATL,equity,https://www.tradingview.com/chart/?symbol=NYSE%3ANATL,False,False,,,-35.05303352033783,44.72643240632738,45.689998626708984,2026-09-09 12:30
NYSE:CMBT,equity,https://www.tradingview.com/chart/?symbol=NYSE%3ACMBT,False,False,,,5.096703372010673,62.85711152965856,19.415000915527344,2026-09-09 12:30
NYSE:CURB,equity,https://www.tradingview.com/chart/?symbol=NYSE%3ACURB,False,False,,,-4.513902625951583,45.693987788384796,29.469999313354492,2026-09-09 12:30
NASDAQ:FFBC,equity,https://www.tradingview.com/chart/?symbol=NASDAQ%3AFFBC,False,False,,,-70.67709113113136,28.500732507867212,32.14500045776367,2026-09-09 12:30
NYSE:CBU,equity,https://www.tradingview.com/chart/?symbol=NYSE%3ACBU,False,False,,,-61.94060460130421,32.074563776324595,62.28499984741211,2026-09-09 12:30
NYSE:HAE,equity,https://www.tradingview.com/chart/?symbol=NYSE%3AHAE,False,False,,,-24.244432612652016,42.28170275274971,101.70999908447266,2026-09-09 12:30
NYSE:GEF,equity,https://www.tradingview.com/chart/?symbol=NYSE%3AGEF,False,False,,,-45.41595697395593,41.2217797175591,83.95500183105469,2026-09-09 12:30
NYSE:JOE,equity,https://www.tradingview.com/chart/?symbol=NYSE%3AJOE,False,False,,,-63.95091300081689,29.912554492564368,63.8849983215332,2026-09-09 12:30
NASDAQ:NSIT,equity,https://www.tradingview.com/chart/?symbol=NASDAQ%3ANSIT,False,False,,,-26.06105747072435,46.483248310864965,156.4199981689453,2026-09-09 12:30
NASDAQ:ALMS,equity,https://www.tradingview.com/chart/?symbol=NASDAQ%3AALMS,False,False,,,-69.48232587741533,24.074110078696208,9.864999771118164,2026-09-09 12:30
NASDAQ:ADPT,equity,https://www.tradingview.com/chart/?symbol=NASDAQ%3AADPT,False,False,,,11.782253030582012,50.02884319893523,24.40999984741211,2026-09-09 12:30
NASDAQ:MCHB,equity,https://www.tradingview.com/chart/?symbol=NASDAQ%3AMCHB,False,False,,,-66.13622216745017,24.402692610325587,15.399999618530273,2026-09-09 12:30
NASDAQ:TLX,equity,https://www.tradingview.com/chart/?symbol=NASDAQ%3ATLX,False,False,,,59.311418773717634,77.38912561812924,12.295000076293945,2026-09-09 12:30
NASDAQ:CLBT,equity,https://www.tradingview.com/chart/?symbol=NASDAQ%3ACLBT,False,False,,,-50.01076632005715,41.757674657471995,11.425000190734863,2026-09-09 12:30
NYSE:CVI,equity,https://www.tradingview.com/chart/?symbol=NYSE%3ACVI,False,False,,,51.48339096996663,63.337111837328884,45.7599983215332,2026-09-09 12:30
NASDAQ:TNGX,equity,https://www.tradingview.com/chart/?symbol=NASDAQ%3ATNGX,False,False,,,83.71792671844544,64.41186391247604,23.770000457763672,2026-09-09 12:30
NASDAQ:FHB,equity,https://www.tradingview.com/chart/?symbol=NASDAQ%3AFHB,False,False,,,-73.95219705675244,28.08513315732401,25.3799991607666,2026-09-09 12:30
NYSE:HP,equity,https://www.tradingview.com/chart/?symbol=NYSE%3AHP,False,False,,,-27.89633855554648,43.9899394846398,44.15999984741211,2026-09-09 12:30
NYSE:DAN,equity,https://www.tradingview.com/chart/?symbol=NYSE%3ADAN,False,False,,,-49.355693990709426,37.140393769770064,30.614999771118164,2026-09-09 12:30
NASDAQ:ARQT,equity,https://www.tradingview.com/chart/?symbol=NASDAQ%3AARQT,False,False,,,22.859556825401757,48.926595842971814,24.014999389648438,2026-09-09 12:30
NYSE:AVA,equity,https://www.tradingview.com/chart/?symbol=NYSE%3AAVA,False,False,,,-23.852916226955983,37.69358548943843,37.22999954223633,2026-09-09 12:30
NASDAQ:BATRA,equity,https://www.tradingview.com/chart/?symbol=NASDAQ%3ABATRA,False,False,,,-64.12781320367864,37.92291770865628,55.209999084472656,2026-09-09 12:30
NASDAQ:ORKA,equity,https://www.tradingview.com/chart/?symbol=NASDAQ%3AORKA,False,False,,,14.229886146174843,47.77184343052191,92.91000366210938,2026-09-09 12:30
NYSE:SKE,equity,https://www.tradingview.com/chart/?symbol=NYSE%3ASKE,False,False,,,7.764763534541551,53.91735293553138,33.11000061035156,2026-09-09 12:30
NASDAQ:IRTC,equity,https://www.tradingview.com/chart/?symbol=NASDAQ%3AIRTC,False,False,,,-8.746171550350809,44.86552945323236,120.88999938964844,2026-09-09 12:30
NYSE:KBH,equity,https://www.tradingview.com/chart/?symbol=NYSE%3AKBH,False,False,,,-84.54610570655944,18.06532850158422,49.150001525878906,2026-09-09 12:30
AMEX:NHC,equity,https://www.tradingview.com/chart/?symbol=AMEX%3ANHC,False,False,,,56.92221701230783,67.75866436109155,225.53500366210938,2026-09-09 12:30
NASDAQ:PLMR,equity,https://www.tradingview.com/chart/?symbol=NASDAQ%3APLMR,False,False,,,-61.372271121874576,36.28142365271725,131.17999267578125,2026-09-09 12:30
NASDAQ:OSIS,equity,https://www.tradingview.com/chart/?symbol=NASDAQ%3AOSIS,False,False,,,-51.71717359061831,30.501692260787905,197.97000122070312,2026-09-09 12:30
NYSE:AVNT,equity,https://www.tradingview.com/chart/?symbol=NYSE%3AAVNT,False,False,,,-72.58489532848047,27.395437865607278,41.88999938964844,2026-09-09 12:30
NASDAQ:FA,equity,https://www.tradingview.com/chart/?symbol=NASDAQ%3AFA,False,False,,,-27.119133622055738,46.095329195777836,20.625,2026-09-09 12:30
NYSE:SAH,equity,https://www.tradingview.com/chart/?symbol=NYSE%3ASAH,False,False,,,-45.4072346811812,33.14887529455531,75.63999938964844,2026-09-09 12:30
NASDAQ:LBTYK,equity,https://www.tradingview.com/chart/?symbol=NASDAQ%3ALBTYK,False,False,,,-45.493698648841445,40.89025611938473,10.345000267028809,2026-09-09 12:30
NYSE:HG,equity,https://www.tradingview.com/chart/?symbol=NYSE%3AHG,False,False,,,-70.64685789178766,29.953620647270853,34.54999923706055,2026-09-09 12:30
NASDAQ:BELFB,equity,https://www.tradingview.com/chart/?symbol=NASDAQ%3ABELFB,False,False,,,27.061133853829332,54.1607779250237,247.65499877929688,2026-09-09 12:30
NYSE:AWR,equity,https://www.tradingview.com/chart/?symbol=NYSE%3AAWR,False,False,,,-55.094396271518775,34.78105930427944,87.76000213623047,2026-09-09 12:30
NASDAQ:OPEN,equity,https://www.tradingview.com/chart/?symbol=NASDAQ%3AOPEN,False,False,,,-69.24561317379273,33.85130328200292,3.0350000858306885,2026-09-09 12:30
NASDAQ:RLAY,equity,https://www.tradingview.com/chart/?symbol=NASDAQ%3ARLAY,False,False,,,27.785308186994225,54.32317505196876,19.0,2026-09-09 12:30
AMEX:PRK,equity,https://www.tradingview.com/chart/?symbol=AMEX%3APRK,False,False,,,-87.44875216286339,20.881337070053476,187.2050018310547,2026-09-09 12:30
TSX:CG,equity,https://www.tradingview.com/chart/?symbol=TSX%3ACG,False,False,,,34.831215035908805,60.62088037385125,32.13999938964844,2026-09-09 12:30
NYSE:AAP,equity,https://www.tradingview.com/chart/?symbol=NYSE%3AAAP,False,False,,,-36.96507996782041,48.40892904633283,42.75,2026-09-09 12:30
NASDAQ:ICHR,equity,https://www.tradingview.com/chart/?symbol=NASDAQ%3AICHR,False,False,,,44.217896021975,62.63604427564747,57.72999954223633,2026-09-09 12:30
NYSE:VAC,equity,https://www.tradingview.com/chart/?symbol=NYSE%3AVAC,False,False,,,-34.979919146097,39.67746703468619,101.04000091552734,2026-09-09 12:30
NYSE:CSQR,equity,https://www.tradingview.com/chart/?symbol=NYSE%3ACSQR,False,False,,,3.0252669971888237,46.47983412704525,18.240999221801758,2026-09-09 12:30
NASDAQ:VECO,equity,https://www.tradingview.com/chart/?symbol=NASDAQ%3AVECO,False,False,,,16.99747894186944,49.993995209384465,44.70000076293945,2026-09-09 12:30
NASDAQ:CCC,equity,https://www.tradingview.com/chart/?symbol=NASDAQ%3ACCC,False,False,,,-54.9410225728677,32.20893928883024,6.835100173950195,2026-09-09 12:30
NASDAQ:OPCH,equity,https://www.tradingview.com/chart/?symbol=NASDAQ%3AOPCH,False,False,,,-59.25665073873201,42.5940591445217,23.719999313354492,2026-09-09 12:30
NYSE:BOH,equity,https://www.tradingview.com/chart/?symbol=NYSE%3ABOH,False,False,,,-73.13083696648062,31.539867454472486,75.30000305175781,2026-09-09 12:30
NYSE:RH,equity,https://www.tradingview.com/chart/?symbol=NYSE%3ARH,False,False,,,-65.20408514672039,31.95518133133031,140.34500122070312,2026-09-09 12:30
NYSE:RYN,equity,https://www.tradingview.com/chart/?symbol=NYSE%3ARYN,False,False,,,-27.296326183341353,41.64521486855847,20.264999389648438,2026-09-09 12:30
NASDAQ:SFNC,equity,https://www.tradingview.com/chart/?symbol=NASDAQ%3ASFNC,False,False,,,-38.85746804464355,38.354822650502115,22.850000381469727,2026-09-09 12:30
NASDAQ:GBDC,equity,https://www.tradingview.com/chart/?symbol=NASDAQ%3AGBDC,False,False,,,-51.483230642139894,45.44731954594032,12.845000267028809,2026-09-09 12:30
NASDAQ:IDYA,equity,https://www.tradingview.com/chart/?symbol=NASDAQ%3AIDYA,False,False,,,-72.50785441433045,37.75675618465723,38.72999954223633,2026-09-09 12:30
NASDAQ:FLY,equity,https://www.tradingview.com/chart/?symbol=NASDAQ%3AFLY,False,False,,,25.31008116729782,50.76846072875408,21.9950008392334,2026-09-09 12:30
NYSE:CALY,equity,https://www.tradingview.com/chart/?symbol=NYSE%3ACALY,False,False,,,-33.81953483602205,44.968341986704495,15.625,2026-09-09 12:30
NYSE:RNG,equity,https://www.tradingview.com/chart/?symbol=NYSE%3ARNG,False,False,,,-45.50090478911185,41.87454370075054,70.5999984741211,2026-09-09 12:30
NYSE:LPL,equity,https://www.tradingview.com/chart/?symbol=NYSE%3ALPL,False,False,,,-20.75132268577601,37.6097234847941,3.2249999046325684,2026-09-09 12:30
NYSE:LEU,equity,https://www.tradingview.com/chart/?symbol=NYSE%3ALEU,False,False,,,35.31291429013345,56.75983743363538,183.5500030517578,2026-09-09 12:30
NYSE:BKU,equity,https://www.tradingview.com/chart/?symbol=NYSE%3ABKU,False,False,,,-54.03213271801828,34.03629681989051,45.2599983215332,2026-09-09 12:30
NASDAQ:REAL,equity,https://www.tradingview.com/chart/?symbol=NASDAQ%3AREAL,False,False,,,-56.6357486730839,35.224763362721546,9.6850004196167,2026-09-09 12:30
NYSE:GPK,equity,https://www.tradingview.com/chart/?symbol=NYSE%3AGPK,False,False,,,-75.33115825573196,18.328124046159672,9.595000267028809,2026-09-09 12:30
NYSE:CGAU,equity,https://www.tradingview.com/chart/?symbol=NYSE%3ACGAU,False,False,,,40.04026804701859,59.4885398669752,23.274999618530273,2026-09-09 12:30
NYSE:BANC,equity,https://www.tradingview.com/chart/?symbol=NYSE%3ABANC,False,False,,,-64.22874048134038,32.8361187951718,18.415000915527344,2026-09-09 12:30
NASDAQ:VCRE,equity,https://www.tradingview.com/chart/?symbol=NASDAQ%3AVCRE,False,False,,,60.888936745681576,62.524633361344975,12.0,2026-09-09 12:30
NYSE:ITGR,equity,https://www.tradingview.com/chart/?symbol=NYSE%3AITGR,False,False,,,27.251618518815707,62.921749743893656,126.38500213623047,2026-09-09 12:30
NYSE:QTWO,equity,https://www.tradingview.com/chart/?symbol=NYSE%3AQTWO,False,False,,,-56.630317641343254,29.403273305594993,59.86000061035156,2026-09-09 12:30
NASDAQ:COLM,equity,https://www.tradingview.com/chart/?symbol=NASDAQ%3ACOLM,False,False,,,-57.3398774772568,39.08046898215626,56.619998931884766,2026-09-09 12:30
NASDAQ:CARG,equity,https://www.tradingview.com/chart/?symbol=NASDAQ%3ACARG,False,False,,,-47.73634485703715,31.742786479644593,32.77000045776367,2026-09-09 12:30
NYSE:SUNC,equity,https://www.tradingview.com/chart/?symbol=NYSE%3ASUNC,False,False,,,65.66157081772464,76.38693545189028,82.19000244140625,2026-09-09 12:30
NYSE:USAC,equity,https://www.tradingview.com/chart/?symbol=NYSE%3AUSAC,False,False,,,50.53208055368691,58.01023306566218,27.719999313354492,2026-09-09 12:30
NASDAQ:ACHC,equity,https://www.tradingview.com/chart/?symbol=NASDAQ%3AACHC,False,False,,,-30.167241234871124,60.46349897115883,28.6200008392334,2026-09-09 12:30
NASDAQ:KYIV,equity,https://www.tradingview.com/chart/?symbol=NASDAQ%3AKYIV,False,False,,,-46.188874341522876,40.90513035222354,13.770500183105469,2026-09-09 12:30
NYSE:BWLP,equity,https://www.tradingview.com/chart/?symbol=NYSE%3ABWLP,False,False,,,-3.1102920179524642,55.97764864371728,24.510000228881836,2026-09-09 12:30
TSX:BTE,equity,https://www.tradingview.com/chart/?symbol=TSX%3ABTE,False,False,,,22.45714055882189,58.68422470178957,6.914999961853027,2026-09-09 12:30
NASDAQ:PPLI,equity,https://www.tradingview.com/chart/?symbol=NASDAQ%3APPLI,False,False,,,-65.710521486639,36.88107712630168,38.0099983215332,2026-09-09 12:30
NYSE:CPK,equity,https://www.tradingview.com/chart/?symbol=NYSE%3ACPK,False,False,,,-25.469081351650562,26.166781934205588,129.22999572753906,2026-09-09 12:30
NASDAQ:SBCF,equity,https://www.tradingview.com/chart/?symbol=NASDAQ%3ASBCF,False,False,,,-45.13842676988663,34.99901825688565,33.83000183105469,2026-09-09 12:30
NASDAQ:PRVA,equity,https://www.tradingview.com/chart/?symbol=NASDAQ%3APRVA,False,False,,,-12.017965490548642,37.90229908497289,20.43000030517578,2026-09-09 12:30
NASDAQ:ARLP,equity,https://www.tradingview.com/chart/?symbol=NASDAQ%3AARLP,False,False,,,46.90325281160481,60.40880033082542,26.829999923706055,2026-09-09 12:30
NASDAQ:WDFC,equity,https://www.tradingview.com/chart/?symbol=NASDAQ%3AWDFC,False,False,,,-72.1231551130186,23.70598033582128,200.04119873046875,2026-09-09 12:30
NASDAQ:SHOO,equity,https://www.tradingview.com/chart/?symbol=NASDAQ%3ASHOO,False,False,,,42.22643227223909,56.54353636632828,43.7599983215332,2026-09-09 12:30
NASDAQ:FSLY,equity,https://www.tradingview.com/chart/?symbol=NASDAQ%3AFSLY,False,False,,,65.83939163806288,61.07723846634981,22.40999984741211,2026-09-09 12:30
TSX:POU,equity,https://www.tradingview.com/chart/?symbol=TSX%3APOU,False,False,,,45.75214217566785,50.47163380344994,31.559999465942383,2026-09-09 12:30
NASDAQ:BATRK,equity,https://www.tradingview.com/chart/?symbol=NASDAQ%3ABATRK,False,False,,,-68.54943835267119,37.69117823489366,49.86000061035156,2026-09-09 12:30
NASDAQ:NMIH,equity,https://www.tradingview.com/chart/?symbol=NASDAQ%3ANMIH,False,False,,,-26.488673997177926,43.51722864102039,44.40999984741211,2026-09-09 12:30
NYSE:ASH,equity,https://www.tradingview.com/chart/?symbol=NYSE%3AASH,False,False,,,-78.55198539668542,30.64556489132066,71.69249725341797,2026-09-09 12:30
NYSE:CXW,equity,https://www.tradingview.com/chart/?symbol=NYSE%3ACXW,False,False,,,35.84567332240814,57.2423090428991,34.63999938964844,2026-09-09 12:30
TSX:ARIS,equity,https://www.tradingview.com/chart/?symbol=TSX%3AARIS,False,False,,,5.245072699101435,50.79070091395857,27.81999969482422,2026-09-09 12:30
NYSE:NIQ,equity,https://www.tradingview.com/chart/?symbol=NYSE%3ANIQ,False,False,,,-61.14309167422866,41.214307575037026,18.190000534057617,2026-09-09 12:30
NASDAQ:ETOR,equity,https://www.tradingview.com/chart/?symbol=NASDAQ%3AETOR,False,False,,,-62.216590611656194,31.385205806903386,30.825000762939453,2026-09-09 12:30
NYSE:KN,equity,https://www.tradingview.com/chart/?symbol=NYSE%3AKN,False,False,,,42.35953546742031,59.51623909273989,35.65999984741211,2026-09-09 12:30
NYSE:TTAM,equity,https://www.tradingview.com/chart/?symbol=NYSE%3ATTAM,False,False,,,-45.09721444965862,44.59888537663393,15.039999961853027,2026-09-09 12:30
NASDAQ:MGEE,equity,https://www.tradingview.com/chart/?symbol=NASDAQ%3AMGEE,False,False,,,-27.789942365206738,32.263183236820225,76.29000091552734,2026-09-09 12:30
NYSE:STUB,equity,https://www.tradingview.com/chart/?symbol=NYSE%3ASTUB,False,False,,,-47.883708433512986,39.774991003986905,6.130000114440918,2026-09-09 12:30
NYSE:PFS,equity,https://www.tradingview.com/chart/?symbol=NYSE%3APFS,False,False,,,-66.28239457479974,28.301555651093835,23.075000762939453,2026-09-09 12:30
NASDAQ:NVTS,equity,https://www.tradingview.com/chart/?symbol=NASDAQ%3ANVTS,False,False,,,4.164421427222542,46.45654317790425,11.654999732971191,2026-09-09 12:30
NYSE:BSM,equity,https://www.tradingview.com/chart/?symbol=NYSE%3ABSM,False,False,,,40.88349722367169,54.345438692773655,14.850000381469727,2026-09-09 12:30
NASDAQ:USLM,equity,https://www.tradingview.com/chart/?symbol=NASDAQ%3AUSLM,False,False,,,1.8284367025355557,42.81287126829615,115.70999908447266,2026-09-09 12:30
NYSE:UAA,equity,https://www.tradingview.com/chart/?symbol=NYSE%3AUAA,False,False,,,-57.956887507536464,30.865983431490406,4.965000152587891,2026-09-09 12:30
NYSE:HAYW,equity,https://www.tradingview.com/chart/?symbol=NYSE%3AHAYW,False,False,,,-58.90595467645287,23.389060976292456,13.260000228881836,2026-09-09 12:30
TSX:PBH,equity,https://www.tradingview.com/chart/?symbol=TSX%3APBH,False,False,,,-60.85038811148355,36.40534479051263,77.54000091552734,2026-09-09 12:30
AMEX:UUUU,equity,https://www.tradingview.com/chart/?symbol=AMEX%3AUUUU,False,False,,,13.233133868267322,56.598858296513164,14.850000381469727,2026-09-09 12:30
NASDAQ:HUBG,equity,https://www.tradingview.com/chart/?symbol=NASDAQ%3AHUBG,False,False,,,-63.82562837190212,33.34619489840763,35.685001373291016,2026-09-09 12:30
NYSE:GRBK,equity,https://www.tradingview.com/chart/?symbol=NYSE%3AGRBK,False,False,,,-77.60004962148292,25.347342090593443,67.91500091552734,2026-09-09 12:30
NYSE:WT,equity,https://www.tradingview.com/chart/?symbol=NYSE%3AWT,False,False,,,-38.30106830662281,39.80418874577193,24.1825008392334,2026-09-09 12:30
NYSE:CSAN,equity,https://www.tradingview.com/chart/?symbol=NYSE%3ACSAN,False,False,,,-17.707144966541076,46.732999449548174,2.924999952316284,2026-09-09 12:30
NYSE:ARIS,equity,https://www.tradingview.com/chart/?symbol=NYSE%3AARIS,False,False,,,9.156463290939621,50.94781186288899,20.149999618530273,2026-09-09 12:30
TSX:SJ,equity,https://www.tradingview.com/chart/?symbol=TSX%3ASJ,False,False,,,-82.4936380580012,33.98742610409637,67.11000061035156,2026-09-09 12:30
TSX:AYA,equity,https://www.tradingview.com/chart/?symbol=TSX%3AAYA,False,False,,,45.067150060001076,57.98219708630637,40.939998626708984,2026-09-09 12:30
NASDAQ:GRAL,equity,https://www.tradingview.com/chart/?symbol=NASDAQ%3AGRAL,False,False,,,-54.757622340155116,37.47653768004642,78.30999755859375,2026-09-09 12:30
NYSE:CWT,equity,https://www.tradingview.com/chart/?symbol=NYSE%3ACWT,False,False,,,-62.74834432367674,34.06563760156769,49.310001373291016,2026-09-09 12:30
NASDAQ:HWKN,equity,https://www.tradingview.com/chart/?symbol=NASDAQ%3AHWKN,False,False,,,-39.661882982068505,42.429541584310925,124.47000122070312,2026-09-09 12:30
NASDAQ:AMBA,equity,https://www.tradingview.com/chart/?symbol=NASDAQ%3AAMBA,False,False,,,48.11290355408269,51.676976916429666,66.43000030517578,2026-09-09 12:30
NASDAQ:ASO,equity,https://www.tradingview.com/chart/?symbol=NASDAQ%3AASO,False,False,,,90.604440078009,82.59885635514357,49.4900016784668,2026-09-09 12:30
NASDAQ:TRMD,equity,https://www.tradingview.com/chart/?symbol=NASDAQ%3ATRMD,False,False,,,60.79094471767411,69.95510577115533,35.78499984741211,2026-09-09 12:30
NYSE:DKL,equity,https://www.tradingview.com/chart/?symbol=NYSE%3ADKL,False,False,,,73.03784182448281,69.46439836505787,56.65999984741211,2026-09-09 12:30
NASDAQ:PENG,equity,https://www.tradingview.com/chart/?symbol=NASDAQ%3APENG,False,False,,,12.432680959070362,51.381644900015566,50.900001525878906,2026-09-09 12:30
NYSE:BTE,equity,https://www.tradingview.com/chart/?symbol=NYSE%3ABTE,False,False,,,24.16243319679172,58.471483039900455,5.005000114440918,2026-09-09 12:30
NYSE:PK,equity,https://www.tradingview.com/chart/?symbol=NYSE%3APK,False,False,,,-63.53249488070188,43.062814012864415,15.085000038146973,2026-09-09 12:30
NYSE:FSK,equity,https://www.tradingview.com/chart/?symbol=NYSE%3AFSK,False,False,,,-56.07336055411317,38.225376194385746,12.095000267028809,2026-09-09 12:30
NASDAQ:ADEA,equity,https://www.tradingview.com/chart/?symbol=NASDAQ%3AADEA,False,False,,,29.2742977063978,61.61075731612688,26.93000030517578,2026-09-09 12:30
NYSE:FUL,equity,https://www.tradingview.com/chart/?symbol=NYSE%3AFUL,False,False,,,-77.6918394061253,26.702482533053953,51.724998474121094,2026-09-09 12:30
NYSE:WRBY,equity,https://www.tradingview.com/chart/?symbol=NYSE%3AWRBY,False,False,,,-1.6012577011327362,41.7757329679017,23.719999313354492,2026-09-09 12:30
NASDAQ:CVBF,equity,https://www.tradingview.com/chart/?symbol=NASDAQ%3ACVBF,False,False,,,-63.71230805384315,27.772045998830393,22.010000228881836,2026-09-09 12:30
NYSE:FBK,equity,https://www.tradingview.com/chart/?symbol=NYSE%3AFBK,False,False,,,-81.32975400599821,19.40366986995454,54.619998931884766,2026-09-09 12:30
NYSE:UA,equity,https://www.tradingview.com/chart/?symbol=NYSE%3AUA,False,False,,,-62.574357985665976,29.68086966080763,4.840000152587891,2026-09-09 12:30
NYSE:ZIM,equity,https://www.tradingview.com/chart/?symbol=NYSE%3AZIM,False,False,,,44.52906853979937,55.8081640207298,29.22800064086914,2026-09-09 12:30
NYSE:UNFI,equity,https://www.tradingview.com/chart/?symbol=NYSE%3AUNFI,False,False,,,28.794354501480683,51.917720633434875,44.83000183105469,2026-09-09 12:30
NYSE:AD,equity,https://www.tradingview.com/chart/?symbol=NYSE%3AAD,False,False,,,-32.98581874046071,56.898748867823805,38.46500015258789,2026-09-09 12:30
NASDAQ:LILAP,equity,https://www.tradingview.com/chart/?symbol=NASDAQ%3ALILAP,False,False,,,-0.16788852495056336,49.05057846815499,20.760000228881836,2026-09-09 12:30
NYSE:BHE,equity,https://www.tradingview.com/chart/?symbol=NYSE%3ABHE,False,False,,,59.00359509865021,64.6781959516349,74.08999633789062,2026-09-09 12:30
NYSE:MMS,equity,https://www.tradingview.com/chart/?symbol=NYSE%3AMMS,False,False,,,-56.81842061385887,41.50519715627745,56.31999969482422,2026-09-09 12:30
TSX:SEA,equity,https://www.tradingview.com/chart/?symbol=TSX%3ASEA,False,False,,,18.784473428036886,57.610298076454846,44.84000015258789,2026-09-09 12:30
NASDAQ:MZTI,equity,https://www.tradingview.com/chart/?symbol=NASDAQ%3AMZTI,False,False,,,-59.21376433534527,30.89133620305101,101.49009704589844,2026-09-09 12:30
NASDAQ:CRVL,equity,https://www.tradingview.com/chart/?symbol=NASDAQ%3ACRVL,False,False,,,-71.05041554283304,30.979603170596903,66.08000183105469,2026-09-09 12:30
NASDAQ:EEFT,equity,https://www.tradingview.com/chart/?symbol=NASDAQ%3AEEFT,False,False,,,-56.57916256487889,34.162373870202984,70.3499984741211,2026-09-09 12:30
NASDAQ:AEHR,equity,https://www.tradingview.com/chart/?symbol=NASDAQ%3AAEHR,False,False,,,68.28792757696388,71.86317017028541,97.5999984741211,2026-09-09 12:30
TSX:EFX,equity,https://www.tradingview.com/chart/?symbol=TSX%3AEFX,False,False,,,48.466530568173276,61.13156296177508,31.219999313354492,2026-09-09 12:30
NYSE:DBD,equity,https://www.tradingview.com/chart/?symbol=NYSE%3ADBD,False,False,,,-54.77336883271537,39.988022897261274,66.37000274658203,2026-09-09 12:30
NASDAQ:SBLK,equity,https://www.tradingview.com/chart/?symbol=NASDAQ%3ASBLK,False,False,,,-34.63682940372684,42.86742200305949,31.139999389648438,2026-09-09 12:30
NYSE:HTGC,equity,https://www.tradingview.com/chart/?symbol=NYSE%3AHTGC,False,False,,,-31.45003355195753,49.25074010675789,17.635000228881836,2026-09-09 12:30
TSX:BDT,equity,https://www.tradingview.com/chart/?symbol=TSX%3ABDT,False,False,,,32.183271539856115,57.78300369904445,71.44000244140625,2026-09-09 12:30
NYSE:AEO,equity,https://www.tradingview.com/chart/?symbol=NYSE%3AAEO,False,False,,,3.156548507313422,50.677549526661664,17.075000762939453,2026-09-09 12:30
NYSE:RCUS,equity,https://www.tradingview.com/chart/?symbol=NYSE%3ARCUS,False,False,,,-83.37714355687983,35.20560318624372,28.489999771118164,2026-09-09 12:30
NYSE:AADX,equity,https://www.tradingview.com/chart/?symbol=NYSE%3AAADX,False,False,,,-34.26492333173791,35.255431228492014,11.979999542236328,2026-09-09 12:30
NASDAQ:AYA,equity,https://www.tradingview.com/chart/?symbol=NASDAQ%3AAYA,False,False,,,43.96263820942065,57.81499610072106,29.690000534057617,2026-09-09 12:30
NYSE:CXT,equity,https://www.tradingview.com/chart/?symbol=NYSE%3ACXT,False,False,,,33.53869113729535,61.815011840270635,50.70000076293945,2026-09-09 12:30
NYSE:TR,equity,https://www.tradingview.com/chart/?symbol=NYSE%3ATR,False,False,,,-49.36166096209349,32.299229408396315,37.880001068115234,2026-09-09 12:30
NASDAQ:RGC,equity,https://www.tradingview.com/chart/?symbol=NASDAQ%3ARGC,False,False,,,-45.06009889000984,37.37484215884767,5.849999904632568,2026-09-09 12:30
NASDAQ:SEDG,equity,https://www.tradingview.com/chart/?symbol=NASDAQ%3ASEDG,False,False,,,28.57993576008205,51.31432334176396,35.130001068115234,2026-09-09 12:30
NYSE:DHT,equity,https://www.tradingview.com/chart/?symbol=NYSE%3ADHT,False,False,,,57.451252359094816,70.32922443951854,21.165000915527344,2026-09-09 12:30
NYSE:BKV,equity,https://www.tradingview.com/chart/?symbol=NYSE%3ABKV,False,False,,,-21.510156609056477,28.779612155363324,24.079999923706055,2026-09-09 12:30
NASDAQ:FIZZ,equity,https://www.tradingview.com/chart/?symbol=NASDAQ%3AFIZZ,False,False,,,-61.604816730704215,27.94563782218421,30.5049991607666,2026-09-09 12:30
NYSE:AAMI,equity,https://www.tradingview.com/chart/?symbol=NYSE%3AAAMI,False,False,,,1.1242625219771913,54.01158994334324,93.16999816894531,2026-09-09 12:30
NYSE:PHIN,equity,https://www.tradingview.com/chart/?symbol=NYSE%3APHIN,False,False,,,-51.395804695823415,33.65491262055727,66.77999877929688,2026-09-09 12:30
NYSE:BTU,equity,https://www.tradingview.com/chart/?symbol=NYSE%3ABTU,False,False,,,45.77731541149103,57.26384629964638,29.68000030517578,2026-09-09 12:30
NASDAQ:NTCT,equity,https://www.tradingview.com/chart/?symbol=NASDAQ%3ANTCT,False,False,,,3.905511449070809,51.96877448556456,37.459999084472656,2026-09-09 12:30
NASDAQ:EXPO,equity,https://www.tradingview.com/chart/?symbol=NASDAQ%3AEXPO,False,False,,,-49.00639791689206,38.63679114968532,67.1449966430664,2026-09-09 12:30
NYSE:SA,equity,https://www.tradingview.com/chart/?symbol=NYSE%3ASA,False,False,,,21.087467782130226,56.6584697393543,32.40999984741211,2026-09-09 12:30
NYSE:ARX,equity,https://www.tradingview.com/chart/?symbol=NYSE%3AARX,False,False,,,44.53518415050187,62.0520142525583,19.860000610351562,2026-09-09 12:30
NASDAQ:CECO,equity,https://www.tradingview.com/chart/?symbol=NASDAQ%3ACECO,False,False,,,38.70474345205117,58.43489091579142,78.18000030517578,2026-09-09 12:30
TSX:KXS,equity,https://www.tradingview.com/chart/?symbol=TSX%3AKXS,False,False,,,-55.06601573877456,37.45809494139143,165.10000610351562,2026-09-09 12:30
TSX:USA,equity,https://www.tradingview.com/chart/?symbol=TSX%3AUSA,False,False,,,-37.91012212480971,47.37815755453545,7.360000133514404,2026-09-09 12:30
NASDAQ:NESR,equity,https://www.tradingview.com/chart/?symbol=NASDAQ%3ANESR,False,False,,,2.662492110695529,50.17636384798044,34.619998931884766,2026-09-09 12:30
NYSE:WK,equity,https://www.tradingview.com/chart/?symbol=NYSE%3AWK,False,False,,,-49.83529607566928,38.12022636031782,73.67500305175781,2026-09-09 12:30
NYSE:EFXT,equity,https://www.tradingview.com/chart/?symbol=NYSE%3AEFXT,False,False,,,47.07864810194047,60.943628252683936,22.610000610351562,2026-09-09 12:30
NYSE:VGNT,equity,https://www.tradingview.com/chart/?symbol=NYSE%3AVGNT,False,False,,,-52.26113203271573,27.07436204339099,45.58000183105469,2026-09-09 12:30
NYSE:UE,equity,https://www.tradingview.com/chart/?symbol=NYSE%3AUE,False,False,,,-71.85185183438647,32.635731414978636,20.81999969482422,2026-09-09 12:30
NYSE:CWK,equity,https://www.tradingview.com/chart/?symbol=NYSE%3ACWK,False,False,,,-56.83510732394519,38.93821040652113,13.125,2026-09-09 12:30
NYSE:HOG,equity,https://www.tradingview.com/chart/?symbol=NYSE%3AHOG,False,False,,,-48.789990393079655,31.678805656166247,26.700000762939453,2026-09-09 12:30
NYSE:MPT,equity,https://www.tradingview.com/chart/?symbol=NYSE%3AMPT,False,False,,,-65.17708834164829,37.76078132998182,3.9149999618530273,2026-09-09 12:30
NYSE:FCPT,equity,https://www.tradingview.com/chart/?symbol=NYSE%3AFCPT,False,False,,,-77.32684774777766,31.7822518833226,24.514999389648438,2026-09-09 12:30
TSX:ERO,equity,https://www.tradingview.com/chart/?symbol=TSX%3AERO,False,False,,,49.10684704393275,67.0537886845645,53.25,2026-09-09 12:30
NYSE:DBRG,equity,https://www.tradingview.com/chart/?symbol=NYSE%3ADBRG,False,False,,,2.9641101881341627,50.51008498690852,15.930999755859375,2026-09-09 12:30
NASDAQ:KC,equity,https://www.tradingview.com/chart/?symbol=NASDAQ%3AKC,False,False,,,-35.011916535504255,47.52643806610545,10.375,2026-09-09 12:30
NYSE:SPNT,equity,https://www.tradingview.com/chart/?symbol=NYSE%3ASPNT,False,False,,,-54.52983216810341,40.34481327325829,24.09000015258789,2026-09-09 12:30
NYSE:BKD,equity,https://www.tradingview.com/chart/?symbol=NYSE%3ABKD,False,False,,,32.857414067801464,57.57212985664789,12.114999771118164,2026-09-09 12:30
NYSE:NIC,equity,https://www.tradingview.com/chart/?symbol=NYSE%3ANIC,False,False,,,-12.286295212184351,40.45660630522865,169.89500427246094,2026-09-09 12:30
NASDAQ:GPCR,equity,https://www.tradingview.com/chart/?symbol=NASDAQ%3AGPCR,True,False,2026-09-09 11:30,-59.498526039133196,-54.538498326872066,38.537091404147866,41.91999816894531,2026-09-09 12:30
TSX:SII,equity,https://www.tradingview.com/chart/?symbol=TSX%3ASII,False,False,,,14.724082361707923,54.850122518112464,181.27999877929688,2026-09-09 12:30
NYSE:VTMX,equity,https://www.tradingview.com/chart/?symbol=NYSE%3AVTMX,False,False,,,-47.66338812916925,39.69128064026201,34.095001220703125,2026-09-09 12:30
NASDAQ:MGRC,equity,https://www.tradingview.com/chart/?symbol=NASDAQ%3AMGRC,False,False,,,-48.87668166857586,40.35729807969091,109.9800033569336,2026-09-09 12:30
NASDAQ:BTDR,equity,https://www.tradingview.com/chart/?symbol=NASDAQ%3ABTDR,False,False,,,9.842122074077055,54.78357064788549,12.274999618530273,2026-09-09 12:30
NASDAQ:IRON,equity,https://www.tradingview.com/chart/?symbol=NASDAQ%3AIRON,False,False,,,-67.69143647593194,38.9110626065803,76.33000183105469,2026-09-09 12:30
NASDAQ:PATK,equity,https://www.tradingview.com/chart/?symbol=NASDAQ%3APATK,False,False,,,-61.42275380472077,29.979689715158017,78.29000091552734,2026-09-09 12:30
TSX:WDO,equity,https://www.tradingview.com/chart/?symbol=TSX%3AWDO,False,False,,,32.94497869549233,61.79692869496269,34.63999938964844,2026-09-09 12:30
NYSE:TRN,equity,https://www.tradingview.com/chart/?symbol=NYSE%3ATRN,False,False,,,9.128503244595217,45.17279586700346,28.049999237060547,2026-09-09 12:30
NASDAQ:KEEL,equity,https://www.tradingview.com/chart/?symbol=NASDAQ%3AKEEL,False,False,,,41.751037118231814,62.68633434927908,3.7049999237060547,2026-09-09 12:30
TSX:NG,equity,https://www.tradingview.com/chart/?symbol=TSX%3ANG,False,False,,,-10.787430322102276,53.57936686470679,11.34000015258789,2026-09-09 12:30
NYSE:GPOR,equity,https://www.tradingview.com/chart/?symbol=NYSE%3AGPOR,False,False,,,-49.328115442619776,35.02416530522957,174.91000366210938,2026-09-09 12:30
NYSE:UWMC,equity,https://www.tradingview.com/chart/?symbol=NYSE%3AUWMC,False,False,,,-71.53413725137837,38.640903206819246,1.3949999809265137,2026-09-09 12:30
NYSE:NP,equity,https://www.tradingview.com/chart/?symbol=NYSE%3ANP,False,False,,,-63.54267400916047,28.527730635825023,31.530000686645508,2026-09-09 12:30
NYSE:IVT,equity,https://www.tradingview.com/chart/?symbol=NYSE%3AIVT,False,False,,,-59.38132872399268,35.028450174431825,32.22999954223633,2026-09-09 12:30
TSX:DML,equity,https://www.tradingview.com/chart/?symbol=TSX%3ADML,False,False,,,-11.55379291508064,53.08748661726829,4.71999979019165,2026-09-09 12:30
TSX:AAUC,equity,https://www.tradingview.com/chart/?symbol=TSX%3AAAUC,False,False,,,-53.86813094644989,38.50928309639527,31.704999923706055,2026-09-09 12:30
NYSE:AMBP,equity,https://www.tradingview.com/chart/?symbol=NYSE%3AAMBP,False,False,,,-60.34353269150579,40.33114870707296,4.945000171661377,2026-09-09 12:30
NYSE:BXMT,equity,https://www.tradingview.com/chart/?symbol=NYSE%3ABXMT,False,False,,,-38.982370780448555,38.877442922275954,13.864999771118164,2026-09-09 12:30
NASDAQ:FRPT,equity,https://www.tradingview.com/chart/?symbol=NASDAQ%3AFRPT,False,False,,,-35.34146140577383,44.508841466992145,68.71499633789062,2026-09-09 12:30
NYSE:SII,equity,https://www.tradingview.com/chart/?symbol=NYSE%3ASII,False,False,,,17.846995376628566,54.7175530298266,131.35000610351562,2026-09-09 12:30
NASDAQ:PENN,equity,https://www.tradingview.com/chart/?symbol=NASDAQ%3APENN,False,False,,,16.422643117180417,68.57186351611789,17.6200008392334,2026-09-09 12:30
NYSE:ERO,equity,https://www.tradingview.com/chart/?symbol=NYSE%3AERO,False,False,,,47.47331239042066,66.35163966036365,38.540000915527344,2026-09-09 12:30
NASDAQ:SOUN,equity,https://www.tradingview.com/chart/?symbol=NASDAQ%3ASOUN,False,False,,,-59.822333761982755,42.29230697264292,6.578000068664551,2026-09-09 12:30
TSX:RUS,equity,https://www.tradingview.com/chart/?symbol=TSX%3ARUS,False,False,,,16.36152161309564,60.5373735023332,76.07499694824219,2026-09-09 12:30
NYSE:CTRI,equity,https://www.tradingview.com/chart/?symbol=NYSE%3ACTRI,False,False,,,-14.245480786591818,42.624618404435935,20.40999984741211,2026-09-09 12:30
NYSE:SDRL,equity,https://www.tradingview.com/chart/?symbol=NYSE%3ASDRL,False,False,,,-34.62693880600974,43.59116595358062,48.619998931884766,2026-09-09 12:30
AMEX:NG,equity,https://www.tradingview.com/chart/?symbol=AMEX%3ANG,False,False,,,-7.55915718868972,53.78442489586581,8.21500015258789,2026-09-09 12:30
NASDAQ:PLBL,equity,https://www.tradingview.com/chart/?symbol=NASDAQ%3APLBL,False,False,,,42.6245612525747,48.80223657115352,5.5,2026-09-09 12:30
NYSE:PAGS,equity,https://www.tradingview.com/chart/?symbol=NYSE%3APAGS,False,False,,,-44.030942165239686,51.745657798121485,9.71500015258789,2026-09-09 12:30
TSX:BLX,equity,https://www.tradingview.com/chart/?symbol=TSX%3ABLX,False,False,,,56.802355232993555,60.222436929471414,37.2400016784668,2026-08-17 15:30
NYSE:CC,equity,https://www.tradingview.com/chart/?symbol=NYSE%3ACC,False,False,,,-44.756702568652315,38.66299332500183,15.09000015258789,2026-09-09 12:30
NASDAQ:ESTA,equity,https://www.tradingview.com/chart/?symbol=NASDAQ%3AESTA,False,False,,,38.026438893203284,59.047721341415624,74.87000274658203,2026-09-09 12:30
NASDAQ:VC,equity,https://www.tradingview.com/chart/?symbol=NASDAQ%3AVC,False,False,,,-44.72119454507211,35.061897513187546,99.375,2026-09-09 12:30
NASDAQ:WERN,equity,https://www.tradingview.com/chart/?symbol=NASDAQ%3AWERN,False,False,,,-5.203853831009543,41.45061466930398,38.70000076293945,2026-09-09 12:30
NYSE:IHS,equity,https://www.tradingview.com/chart/?symbol=NYSE%3AIHS,False,False,,,28.077808070541593,55.093450943697086,8.470000267028809,2026-09-09 12:30
NASDAQ:TBBK,equity,https://www.tradingview.com/chart/?symbol=NASDAQ%3ATBBK,False,False,,,-97.87137777172113,8.806750253016418,49.95500183105469,2026-09-09 12:30
NYSE:APAM,equity,https://www.tradingview.com/chart/?symbol=NYSE%3AAPAM,False,False,,,-71.59542867511338,29.307550584802257,40.40999984741211,2026-09-09 12:30
NASDAQ:FRSH,equity,https://www.tradingview.com/chart/?symbol=NASDAQ%3AFRSH,False,False,,,-63.842534190910236,20.612340847654735,11.9350004196167,2026-09-09 12:30
NASDAQ:TOWN,equity,https://www.tradingview.com/chart/?symbol=NASDAQ%3ATOWN,False,False,,,-68.0909405023387,28.268675520941585,36.68000030517578,2026-09-09 12:30
NASDAQ:FRME,equity,https://www.tradingview.com/chart/?symbol=NASDAQ%3AFRME,False,False,,,-76.18005523345597,22.582856466119267,40.510101318359375,2026-09-09 12:30
NASDAQ:RARE,equity,https://www.tradingview.com/chart/?symbol=NASDAQ%3ARARE,False,False,,,-32.77194932291776,25.235615872638093,14.760000228881836,2026-09-09 12:30
NASDAQ:SUPN,equity,https://www.tradingview.com/chart/?symbol=NASDAQ%3ASUPN,False,False,,,-74.4640554607025,22.66572965286899,41.625,2026-09-09 12:30
NASDAQ:UPST,equity,https://www.tradingview.com/chart/?symbol=NASDAQ%3AUPST,False,False,,,-77.50029519283733,22.301921588161704,26.155000686645508,2026-09-09 12:30
NASDAQ:STNE,equity,https://www.tradingview.com/chart/?symbol=NASDAQ%3ASTNE,False,False,,,-54.86331473156461,48.14805135884781,10.045000076293945,2026-09-09 12:30
AMEX:TGB,equity,https://www.tradingview.com/chart/?symbol=AMEX%3ATGB,False,False,,,40.77477952143858,58.5279340261414,8.944999694824219,2026-09-09 12:30
NASDAQ:BEAM,equity,https://www.tradingview.com/chart/?symbol=NASDAQ%3ABEAM,False,False,,,-51.754640871406515,34.97758665090292,25.59000015258789,2026-09-09 12:30
NASDAQ:QURE,equity,https://www.tradingview.com/chart/?symbol=NASDAQ%3AQURE,False,False,,,47.68447879932385,60.465345022052986,46.43000030517578,2026-09-09 12:30
NYSE:OLN,equity,https://www.tradingview.com/chart/?symbol=NYSE%3AOLN,False,False,,,35.054389495901894,50.441081355831464,17.584999084472656,2026-09-09 12:30
AMEX:DNN,equity,https://www.tradingview.com/chart/?symbol=AMEX%3ADNN,False,False,,,-8.715199779909225,53.707821315138546,3.423799991607666,2026-09-09 12:30
NYSE:ABM,equity,https://www.tradingview.com/chart/?symbol=NYSE%3AABM,False,False,,,66.54558041432703,61.3835504647671,49.31999969482422,2026-09-09 12:30
NASDAQ:ANDE,equity,https://www.tradingview.com/chart/?symbol=NASDAQ%3AANDE,False,False,,,30.51040257564604,58.75919309259463,70.61499786376953,2026-09-09 12:30
NASDAQ:AGYS,equity,https://www.tradingview.com/chart/?symbol=NASDAQ%3AAGYS,False,False,,,-65.07724814655204,25.30448521081766,106.34500122070312,2026-09-09 12:30
NYSE:AAUC,equity,https://www.tradingview.com/chart/?symbol=NYSE%3AAAUC,False,False,,,-52.43755448249391,40.64456440333905,22.989999771118164,2026-09-09 12:30
NASDAQ:CENT,equity,https://www.tradingview.com/chart/?symbol=NASDAQ%3ACENT,False,False,,,-82.39049290105261,17.970772477542795,40.09000015258789,2026-09-09 12:30
NASDAQ:WIX,equity,https://www.tradingview.com/chart/?symbol=NASDAQ%3AWIX,False,False,,,-48.52822793768789,34.29706967466454,72.18499755859375,2026-09-09 12:30
NYSE:TNET,equity,https://www.tradingview.com/chart/?symbol=NYSE%3ATNET,False,False,,,-48.392115425874835,45.485326111079075,66.42250061035156,2026-09-09 12:30
NASDAQ:VISN,equity,https://www.tradingview.com/chart/?symbol=NASDAQ%3AVISN,False,False,,,17.710722265005355,40.775890698983474,6.394999980926514,2026-09-09 12:30
TSX:RGSI,equity,https://www.tradingview.com/chart/?symbol=TSX%3ARGSI,False,False,,,-82.51934280540218,27.797240784429846,25.079999923706055,2026-09-09 12:30
NASDAQ:FLNC,equity,https://www.tradingview.com/chart/?symbol=NASDAQ%3AFLNC,False,False,,,3.1761290690125286,38.9168548700956,10.194999694824219,2026-09-09 12:30
NYSE:WOR,equity,https://www.tradingview.com/chart/?symbol=NYSE%3AWOR,False,False,,,-17.15939545337673,44.93778920266163,60.31999969482422,2026-09-09 12:30
NASDAQ:KALU,equity,https://www.tradingview.com/chart/?symbol=NASDAQ%3AKALU,False,False,,,29.100136845327814,55.69433234707938,166.5,2026-09-09 12:30
NASDAQ:WAFD,equity,https://www.tradingview.com/chart/?symbol=NASDAQ%3AWAFD,False,False,,,-62.59999909602138,26.462815097384663,33.775001525878906,2026-09-09 12:30
NASDAQ:TRMK,equity,https://www.tradingview.com/chart/?symbol=NASDAQ%3ATRMK,False,False,,,-62.713306270318604,25.851720417835296,44.939998626708984,2026-09-09 12:30
NASDAQ:ATRO,equity,https://www.tradingview.com/chart/?symbol=NASDAQ%3AATRO,False,False,,,34.34358697043103,54.69222026306488,75.94999694824219,2026-09-09 12:30
NYSE:BCC,equity,https://www.tradingview.com/chart/?symbol=NYSE%3ABCC,False,False,,,-42.1352072325103,37.10242758929889,76.01499938964844,2026-09-09 12:30
NASDAQ:DXPE,equity,https://www.tradingview.com/chart/?symbol=NASDAQ%3ADXPE,False,False,,,59.72093551305549,52.70390515608575,187.07000732421875,2026-09-09 12:30
NASDAQ:UNIT,equity,https://www.tradingview.com/chart/?symbol=NASDAQ%3AUNIT,False,False,,,-15.556052853502768,44.426014093640646,10.024999618530273,2026-09-09 12:30
NYSE:HLIO,equity,https://www.tradingview.com/chart/?symbol=NYSE%3AHLIO,False,False,,,-26.618494879754465,42.00590821004495,70.88500213623047,2026-09-09 12:30
NYSE:TDC,equity,https://www.tradingview.com/chart/?symbol=NYSE%3ATDC,False,False,,,-52.84150183393623,43.72693912955639,27.735000610351562,2026-09-09 12:30
NASDAQ:NBTB,equity,https://www.tradingview.com/chart/?symbol=NASDAQ%3ANBTB,False,False,,,-49.153076191402086,37.41286147373407,51.04999923706055,2026-09-09 12:30
TSX:ATS,equity,https://www.tradingview.com/chart/?symbol=TSX%3AATS,False,False,,,-58.895021239156115,44.21591189001179,26.53499984741211,2026-09-09 12:30
TSX:FVI,equity,https://www.tradingview.com/chart/?symbol=TSX%3AFVI,False,False,,,-17.75477893194374,52.285233628485415,17.079999923706055,2026-09-09 12:30
NYSE:ELLA,equity,https://www.tradingview.com/chart/?symbol=NYSE%3AELLA,False,False,,,41.45833370022154,55.48954726987927,25.469999313354492,2026-09-09 11:30
NASDAQ:OSW,equity,https://www.tradingview.com/chart/?symbol=NASDAQ%3AOSW,False,False,,,-15.62486170058662,42.750937862578176,22.270000457763672,2026-09-09 12:30
NASDAQ:DRH,equity,https://www.tradingview.com/chart/?symbol=NASDAQ%3ADRH,False,False,,,-65.63045298063999,37.61109312195334,11.960000038146973,2026-09-09 12:30
NYSE:WU,equity,https://www.tradingview.com/chart/?symbol=NYSE%3AWU,False,False,,,-86.95586690972603,28.02141863123373,6.914999961853027,2026-09-09 12:30
NYSE:KMT,equity,https://www.tradingview.com/chart/?symbol=NYSE%3AKMT,False,False,,,-23.92795118070569,39.5444763245919,29.5,2026-09-09 12:30
NASDAQ:XRAY,equity,https://www.tradingview.com/chart/?symbol=NASDAQ%3AXRAY,False,False,,,-65.13298840401737,29.54224198723618,10.734999656677246,2026-09-09 12:30
NASDAQ:MGNI,equity,https://www.tradingview.com/chart/?symbol=NASDAQ%3AMGNI,False,False,,,-45.37097286411666,46.22110463794545,23.774999618530273,2026-09-09 12:30
TSX:CEU,equity,https://www.tradingview.com/chart/?symbol=TSX%3ACEU,False,False,,,60.180915910347984,50.43302888977676,19.079999923706055,2026-09-09 12:30
NASDAQ:RUN,equity,https://www.tradingview.com/chart/?symbol=NASDAQ%3ARUN,False,False,,,8.559048418616864,43.2950300950446,8.8149995803833,2026-09-09 12:30
NASDAQ:RUM,equity,https://www.tradingview.com/chart/?symbol=NASDAQ%3ARUM,False,False,,,-84.31388654287461,30.462815750424838,7.675000190734863,2026-09-09 12:30
NASDAQ:ATAI,equity,https://www.tradingview.com/chart/?symbol=NASDAQ%3AATAI,False,False,,,-31.808776867219382,44.80917127170253,7.324999809265137,2026-09-09 12:30
NYSE:ATS,equity,https://www.tradingview.com/chart/?symbol=NYSE%3AATS,False,False,,,-55.79867670359551,45.857874606960344,19.229999542236328,2026-09-09 12:30
NYSE:WLY,equity,https://www.tradingview.com/chart/?symbol=NYSE%3AWLY,False,False,,,-40.31707993617851,36.29781995421774,47.52000045776367,2026-09-09 12:30
NYSE:KWR,equity,https://www.tradingview.com/chart/?symbol=NYSE%3AKWR,False,False,,,-61.41712422874997,25.327913249182146,155.50999450683594,2026-09-09 12:30
NYSE:DCO,equity,https://www.tradingview.com/chart/?symbol=NYSE%3ADCO,False,False,,,1.812263809984839,48.55632202733462,168.36000061035156,2026-09-09 12:30
NASDAQ:COHU,equity,https://www.tradingview.com/chart/?symbol=NASDAQ%3ACOHU,False,False,,,66.09884064623922,81.76005789102337,55.733699798583984,2026-09-09 12:30
NASDAQ:VERA,equity,https://www.tradingview.com/chart/?symbol=NASDAQ%3AVERA,False,False,,,-49.78282361951051,42.71110265578532,34.560001373291016,2026-09-09 12:30
TSX:IPCO,equity,https://www.tradingview.com/chart/?symbol=TSX%3AIPCO,False,False,,,49.12967399909809,62.51708521623421,36.189998626708984,2026-09-09 12:30
NASDAQ:PTON,equity,https://www.tradingview.com/chart/?symbol=NASDAQ%3APTON,False,False,,,-44.38351221962231,47.308511894559444,5.160099983215332,2026-09-09 12:30
NYSE:NGVT,equity,https://www.tradingview.com/chart/?symbol=NYSE%3ANGVT,False,False,,,-56.794718499290774,35.719861660497244,67.98999786376953,2026-09-09 12:30
TSX:MFI,equity,https://www.tradingview.com/chart/?symbol=TSX%3AMFI,False,False,,,-54.86613551955832,36.808820042479624,26.149999618530273,2026-09-09 12:30
NYSE:FSM,equity,https://www.tradingview.com/chart/?symbol=NYSE%3AFSM,False,False,,,-16.856792729111294,52.320362829453046,12.371000289916992,2026-09-09 12:30
NYSE:TNK,equity,https://www.tradingview.com/chart/?symbol=NYSE%3ATNK,False,False,,,68.76357582016895,71.97976725202629,95.55000305175781,2026-09-09 12:30
NASDAQ:PLUG,equity,https://www.tradingview.com/chart/?symbol=NASDAQ%3APLUG,False,False,,,14.77468133383522,45.55699160890742,2.1700000762939453,2026-09-09 12:30
TSX:TKO,equity,https://www.tradingview.com/chart/?symbol=TSX%3ATKO,False,False,,,40.34304305797253,58.97033986736734,12.350000381469727,2026-09-09 12:30
NYSE:ATEN,equity,https://www.tradingview.com/chart/?symbol=NYSE%3AATEN,False,False,,,16.675912476315784,56.527656806290835,24.954999923706055,2026-09-09 12:30
TSX:EXE,equity,https://www.tradingview.com/chart/?symbol=TSX%3AEXE,False,False,,,-3.955769299086002,53.886105013785745,31.100000381469727,2026-09-09 12:30
NYSE:KD,equity,https://www.tradingview.com/chart/?symbol=NYSE%3AKD,False,False,,,-43.92930859384453,44.98185220891747,12.854999542236328,2026-09-09 12:30
NYSE:CUBI,equity,https://www.tradingview.com/chart/?symbol=NYSE%3ACUBI,False,False,,,-48.74887551427134,36.27717351132201,77.72000122070312,2026-09-09 12:30
NASDAQ:FBNC,equity,https://www.tradingview.com/chart/?symbol=NASDAQ%3AFBNC,False,False,,,-38.67745242187633,40.02607197955729,63.88999938964844,2026-09-09 12:30
TSX:ARE,equity,https://www.tradingview.com/chart/?symbol=TSX%3AARE,False,False,,,37.713402816613915,58.511223929708144,46.08000183105469,2026-09-09 12:30
NYSE:LCII,equity,https://www.tradingview.com/chart/?symbol=NYSE%3ALCII,False,False,,,-60.9929262026914,27.601261480445146,96.70999908447266,2026-09-09 12:30
NYSE:GRND,equity,https://www.tradingview.com/chart/?symbol=NYSE%3AGRND,False,False,,,-36.35137242416085,33.581782226158126,14.970000267028809,2026-09-09 12:30
NASDAQ:BLBD,equity,https://www.tradingview.com/chart/?symbol=NASDAQ%3ABLBD,False,False,,,-10.517501876265184,41.19366273107694,62.150001525878906,2026-09-09 12:30
NASDAQ:DJT,equity,https://www.tradingview.com/chart/?symbol=NASDAQ%3ADJT,False,False,,,-42.31972355529522,36.812869946050306,8.878000259399414,2026-09-09 12:30
NYSE:TALO,equity,https://www.tradingview.com/chart/?symbol=NYSE%3ATALO,False,False,,,34.455779790029744,59.79578336376436,17.375,2026-09-09 12:30
NASDAQ:AVPT,equity,https://www.tradingview.com/chart/?symbol=NASDAQ%3AAVPT,False,False,,,-62.87926597782157,39.750355550558126,13.069999694824219,2026-09-09 12:30
NYSE:GRDN,equity,https://www.tradingview.com/chart/?symbol=NYSE%3AGRDN,False,False,,,70.873828163668,80.428253278574,43.06999969482422,2026-09-09 12:30
NYSE:SMR,equity,https://www.tradingview.com/chart/?symbol=NYSE%3ASMR,False,False,,,44.01148213906845,64.71884167453629,10.8149995803833,2026-09-09 12:30
NYSE:BBT,equity,https://www.tradingview.com/chart/?symbol=NYSE%3ABBT,False,False,,,-57.26344586534659,32.49190850411948,30.959999084472656,2026-09-09 12:30
TSX:HPS.A,equity,https://www.tradingview.com/chart/?symbol=TSX%3AHPS.A,False,False,,,29.75028569506925,60.25494520689387,245.97000122070312,2026-09-09 12:30
TSX:EDR,equity,https://www.tradingview.com/chart/?symbol=TSX%3AEDR,False,False,,,-16.386625529503743,50.759609517149414,15.420000076293945,2026-09-09 12:30
NYSE:VVX,equity,https://www.tradingview.com/chart/?symbol=NYSE%3AVVX,False,False,,,-43.86519219658991,33.98426631468497,73.5,2026-09-09 12:30
NYSE:RLX,equity,https://www.tradingview.com/chart/?symbol=NYSE%3ARLX,False,False,,,-50.09761442305744,35.81691490997942,1.7549999952316284,2026-09-09 12:30
NYSE:PFLA,equity,https://www.tradingview.com/chart/?symbol=NYSE%3APFLA,False,False,,,-34.104258647383055,40.96222767873369,24.91860008239746,2026-09-09 12:30
NASDAQ:INTR,equity,https://www.tradingview.com/chart/?symbol=NASDAQ%3AINTR,False,False,,,-73.70898080416697,43.112480120385875,5.574999809265137,2026-09-09 12:30
NASDAQ:DGII,equity,https://www.tradingview.com/chart/?symbol=NASDAQ%3ADGII,False,False,,,-32.57621878373394,35.17142469303646,68.70999908447266,2026-09-09 12:30
NASDAQ:BRZE,equity,https://www.tradingview.com/chart/?symbol=NASDAQ%3ABRZE,False,False,,,-90.42384701130582,12.787325108568666,24.450000762939453,2026-09-09 12:30
NASDAQ:ALRM,equity,https://www.tradingview.com/chart/?symbol=NASDAQ%3AALRM,False,False,,,-56.46006078001773,37.47141332541375,55.0,2026-09-09 12:30
NASDAQ:OUST,equity,https://www.tradingview.com/chart/?symbol=NASDAQ%3AOUST,False,False,,,26.42353408004018,53.372086547004265,36.68000030517578,2026-09-09 12:30
NASDAQ:BUSE,equity,https://www.tradingview.com/chart/?symbol=NASDAQ%3ABUSE,False,False,,,-68.55580262746396,31.05839060024779,30.09000015258789,2026-09-09 12:30
NASDAQ:NYAX,equity,https://www.tradingview.com/chart/?symbol=NASDAQ%3ANYAX,False,False,,,-65.1815316678475,30.794115738511465,49.869998931884766,2026-09-09 11:30
NASDAQ:TARS,equity,https://www.tradingview.com/chart/?symbol=NASDAQ%3ATARS,False,False,,,-8.633742407644226,47.057337883329836,84.02999877929688,2026-09-09 12:30
NASDAQ:TMDX,equity,https://www.tradingview.com/chart/?symbol=NASDAQ%3ATMDX,False,False,,,-11.192599459019858,52.10883326047593,87.45999908447266,2026-09-09 12:30
NASDAQ:TRVI,equity,https://www.tradingview.com/chart/?symbol=NASDAQ%3ATRVI,False,False,,,-45.50858649650777,40.378978965151994,16.670000076293945,2026-09-09 12:30
NASDAQ:CLOV,equity,https://www.tradingview.com/chart/?symbol=NASDAQ%3ACLOV,False,False,,,-0.15710227516251152,55.35344967508749,4.304999828338623,2026-09-09 12:30
NYSE:ATKR,equity,https://www.tradingview.com/chart/?symbol=NYSE%3AATKR,False,False,,,96.07016131426076,74.60901196671206,94.2300033569336,2026-09-09 12:30
NYSE:EXK,equity,https://www.tradingview.com/chart/?symbol=NYSE%3AEXK,False,False,,,-13.37379011084071,50.80845273398841,11.170000076293945,2026-09-09 12:30
NASDAQ:AXTI,equity,https://www.tradingview.com/chart/?symbol=NASDAQ%3AAXTI,False,False,,,62.57290577244351,74.17029416252348,70.06500244140625,2026-09-09 12:30
NASDAQ:PGNY,equity,https://www.tradingview.com/chart/?symbol=NASDAQ%3APGNY,False,False,,,35.016804289024165,58.297951221961824,27.0,2026-09-09 12:30
NYSE:PBI,equity,https://www.tradingview.com/chart/?symbol=NYSE%3APBI,False,False,,,-57.66836666842271,43.10759013892254,17.0049991607666,2026-09-09 12:30
NASDAQ:IQMX,equity,https://www.tradingview.com/chart/?symbol=NASDAQ%3AIQMX,False,False,,,-52.46991662020539,42.69488355967474,10.449999809265137,2026-09-09 12:30
NYSE:ROG,equity,https://www.tradingview.com/chart/?symbol=NYSE%3AROG,False,False,,,41.21821563679291,61.075718495551726,128.94000244140625,2026-09-09 12:30
NYSE:EROK,equity,https://www.tradingview.com/chart/?symbol=NYSE%3AEROK,False,False,,,26.974668884151885,53.89582224704819,26.059999465942383,2026-09-09 12:30
NYSE:WHR,equity,https://www.tradingview.com/chart/?symbol=NYSE%3AWHR,False,False,,,-75.19561128093967,24.623627699494918,36.08000183105469,2026-09-09 12:30
NYSE:DAC,equity,https://www.tradingview.com/chart/?symbol=NYSE%3ADAC,False,False,,,-8.528113646767098,56.69998936898744,154.6300048828125,2026-09-09 12:30
NASDAQ:CMPR,equity,https://www.tradingview.com/chart/?symbol=NASDAQ%3ACMPR,False,False,,,-30.799524010672503,41.529601771545515,85.36000061035156,2026-09-09 12:30
NASDAQ:PHVS,equity,https://www.tradingview.com/chart/?symbol=NASDAQ%3APHVS,False,False,,,19.178328323654252,57.37961020173827,38.029998779296875,2026-09-09 12:30
NASDAQ:EFSC,equity,https://www.tradingview.com/chart/?symbol=NASDAQ%3AEFSC,False,False,,,-61.51259352244799,28.92030071337129,63.060001373291016,2026-09-09 12:30
NASDAQ:PAYO,equity,https://www.tradingview.com/chart/?symbol=NASDAQ%3APAYO,False,False,,,-42.153944195410645,38.73179278317423,7.125,2026-09-09 12:30
NYSE:NTB,equity,https://www.tradingview.com/chart/?symbol=NYSE%3ANTB,False,False,,,-20.542661726757856,34.44051247954424,59.775001525878906,2026-09-09 12:30
NASDAQ:PONY,equity,https://www.tradingview.com/chart/?symbol=NASDAQ%3APONY,False,False,,,-50.604461667503394,30.938086368775984,6.885000228881836,2026-09-09 12:30
NYSE:NOG,equity,https://www.tradingview.com/chart/?symbol=NYSE%3ANOG,False,False,,,-19.648764776335593,45.02898095171133,25.850000381469727,2026-09-09 12:30
NYSE:COTY,equity,https://www.tradingview.com/chart/?symbol=NYSE%3ACOTY,False,False,,,-64.02882887343861,27.01440763002087,2.6600000858306885,2026-09-09 12:30
NASDAQ:NMRK,equity,https://www.tradingview.com/chart/?symbol=NASDAQ%3ANMRK,False,False,,,-46.16230770611864,36.295244707941286,14.640000343322754,2026-09-09 12:30
NASDAQ:BANR,equity,https://www.tradingview.com/chart/?symbol=NASDAQ%3ABANR,False,False,,,-56.83384143376913,29.99440196453341,69.47000122070312,2026-09-09 12:30
NYSE:MAN,equity,https://www.tradingview.com/chart/?symbol=NYSE%3AMAN,False,False,,,-50.09111064917903,29.398189230750646,56.224998474121094,2026-09-09 12:30
NASDAQ:HIMX,equity,https://www.tradingview.com/chart/?symbol=NASDAQ%3AHIMX,False,False,,,30.676775420530976,54.79297280771376,13.975000381469727,2026-09-09 12:30
NYSE:CTOS,equity,https://www.tradingview.com/chart/?symbol=NYSE%3ACTOS,False,False,,,36.93684005014335,50.55873215435914,9.204999923706055,2026-09-09 12:30
NASDAQ:SYBT,equity,https://www.tradingview.com/chart/?symbol=NASDAQ%3ASYBT,False,False,,,-77.16201992998957,22.829356343650687,77.02999877929688,2026-09-09 12:30
TSX:BYD,equity,https://www.tradingview.com/chart/?symbol=TSX%3ABYD,False,False,,,-54.97071235281948,35.6847147771263,117.08999633789062,2026-09-09 12:30
NASDAQ:KLRA,equity,https://www.tradingview.com/chart/?symbol=NASDAQ%3AKLRA,False,False,,,-23.55145062763819,30.62661667877272,15.25,2026-09-09 12:30
NYSE:HE,equity,https://www.tradingview.com/chart/?symbol=NYSE%3AHE,False,False,,,-69.00717566860949,25.6132856621074,10.414999961853027,2026-09-09 12:30
NASDAQ:SKWD,equity,https://www.tradingview.com/chart/?symbol=NASDAQ%3ASKWD,False,False,,,-71.03434917974052,33.39281368741594,55.939998626708984,2026-09-09 12:30
NASDAQ:DRVN,equity,https://www.tradingview.com/chart/?symbol=NASDAQ%3ADRVN,False,False,,,-64.28667015898877,29.67223169081106,12.59000015258789,2026-09-09 12:30
NYSE:PBH,equity,https://www.tradingview.com/chart/?symbol=NYSE%3APBH,False,False,,,-78.08714138223728,18.91684271107799,48.72999954223633,2026-09-09 12:30
NYSE:CEPU,equity,https://www.tradingview.com/chart/?symbol=NYSE%3ACEPU,False,False,,,-16.42938321062361,56.093760225715165,14.135000228881836,2026-09-09 12:30
TSX:BDGI,equity,https://www.tradingview.com/chart/?symbol=TSX%3ABDGI,False,False,,,17.927319135411715,52.74237800098127,84.3499984741211,2026-09-09 12:30
NYSE:MTX,equity,https://www.tradingview.com/chart/?symbol=NYSE%3AMTX,False,False,,,-53.690299906151516,32.72879875629839,69.5,2026-09-09 12:30
NASDAQ:PPTA,equity,https://www.tradingview.com/chart/?symbol=NASDAQ%3APPTA,False,False,,,-21.647457163865923,51.097239574547515,24.969999313354492,2026-09-09 12:30
NASDAQ:ZLAB,equity,https://www.tradingview.com/chart/?symbol=NASDAQ%3AZLAB,False,False,,,-61.991688807162596,38.4961404598912,25.3799991607666,2026-09-09 12:30
TSX:VNP,equity,https://www.tradingview.com/chart/?symbol=TSX%3AVNP,False,False,,,-13.771642700152697,48.43330050817102,25.209999084472656,2026-09-09 12:30
NYSE:YSS,equity,https://www.tradingview.com/chart/?symbol=NYSE%3AYSS,False,False,,,-10.208211060729207,36.89637184385676,8.449999809265137,2026-09-09 12:30
NYSE:BGSI,equity,https://www.tradingview.com/chart/?symbol=NYSE%3ABGSI,False,False,,,-54.59500835756128,36.93980283217249,84.6500015258789,2026-09-09 12:30
NASDAQ:VCEL,equity,https://www.tradingview.com/chart/?symbol=NASDAQ%3AVCEL,False,False,,,-66.7832216329986,35.626945482961915,38.959999084472656,2026-09-09 12:30
NYSE:CALX,equity,https://www.tradingview.com/chart/?symbol=NYSE%3ACALX,False,False,,,-72.38539432102154,22.97821493401841,34.58000183105469,2026-09-09 12:30
NYSE:RAMP,equity,https://www.tradingview.com/chart/?symbol=NYSE%3ARAMP,False,False,,,-19.399383299052865,47.4539730233818,37.744998931884766,2026-09-09 12:30
NYSE:HUN,equity,https://www.tradingview.com/chart/?symbol=NYSE%3AHUN,False,False,,,24.311000231331466,48.925857595612854,9.640000343322754,2026-09-09 12:30
NASDAQ:PLSE,equity,https://www.tradingview.com/chart/?symbol=NASDAQ%3APLSE,False,False,,,-6.228574905802835,64.99345952756485,56.38999938964844,2026-09-09 12:30
NASDAQ:CLDX,equity,https://www.tradingview.com/chart/?symbol=NASDAQ%3ACLDX,False,False,,,-35.550624310865,44.02286347772732,38.9900016784668,2026-09-09 12:30
NASDAQ:SLDE,equity,https://www.tradingview.com/chart/?symbol=NASDAQ%3ASLDE,False,False,,,-33.3842576603517,47.99827507286048,24.299999237060547,2026-09-09 12:30
NASDAQ:NWL,equity,https://www.tradingview.com/chart/?symbol=NASDAQ%3ANWL,False,False,,,10.49286490046341,41.724977518752176,6.054999828338623,2026-09-09 12:30
NASDAQ:RNW,equity,https://www.tradingview.com/chart/?symbol=NASDAQ%3ARNW,False,False,,,52.94468949898141,51.61309104242755,6.849999904632568,2026-09-09 12:30
NASDAQ:ANAB,equity,https://www.tradingview.com/chart/?symbol=NASDAQ%3AANAB,False,False,,,-24.844705423331778,45.022850842325,55.970001220703125,2026-09-09 12:30
NASDAQ:PLUS,equity,https://www.tradingview.com/chart/?symbol=NASDAQ%3APLUS,False,False,,,-40.4376938607706,41.20677902578313,88.23500061035156,2026-09-09 12:30
NYSE:AGM,equity,https://www.tradingview.com/chart/?symbol=NYSE%3AAGM,False,False,,,12.904920643072629,45.95728105268081,225.00999450683594,2026-09-09 12:30
NASDAQ:LMAT,equity,https://www.tradingview.com/chart/?symbol=NASDAQ%3ALMAT,False,False,,,-61.07442180361847,32.24710015396377,78.81999969482422,2026-09-09 12:30
NYSE:SHAK,equity,https://www.tradingview.com/chart/?symbol=NYSE%3ASHAK,False,False,,,-71.45108838476072,28.18605759818054,64.69499969482422,2026-09-09 12:30
TSX:HWX,equity,https://www.tradingview.com/chart/?symbol=TSX%3AHWX,False,False,,,-71.01613030681484,34.543438315549594,13.819999694824219,2026-09-09 12:30
TSX:SVM,equity,https://www.tradingview.com/chart/?symbol=TSX%3ASVM,False,False,,,-9.25170400300924,52.794618827915336,17.510000228881836,2026-09-09 12:30
NASDAQ:PDFS,equity,https://www.tradingview.com/chart/?symbol=NASDAQ%3APDFS,False,False,,,35.49578816286089,60.764745402500736,47.290000915527344,2026-09-09 12:30
NASDAQ:HTO,equity,https://www.tradingview.com/chart/?symbol=NASDAQ%3AHTO,False,False,,,-12.125806484553635,39.762865301659225,63.77000045776367,2026-09-09 12:30
NASDAQ:GCMG,equity,https://www.tradingview.com/chart/?symbol=NASDAQ%3AGCMG,False,False,,,-77.10959330985615,34.66448754729542,13.017999649047852,2026-09-09 12:30
NYSE:HNI,equity,https://www.tradingview.com/chart/?symbol=NYSE%3AHNI,False,False,,,-50.741270466956,34.744379358886476,47.51499938964844,2026-09-09 12:30
NASDAQ:NWBI,equity,https://www.tradingview.com/chart/?symbol=NASDAQ%3ANWBI,False,False,,,-58.545658241366944,33.813641416763645,15.324999809265137,2026-09-09 12:30
NASDAQ:KOD,equity,https://www.tradingview.com/chart/?symbol=NASDAQ%3AKOD,False,False,,,-59.127909132808846,34.76824940792824,34.310001373291016,2026-09-09 12:30
NYSE:STDN,equity,https://www.tradingview.com/chart/?symbol=NYSE%3ASTDN,False,False,,,-65.58652728032013,32.672869916200256,13.050000190734863,2026-09-09 12:30
NYSE:HCI,equity,https://www.tradingview.com/chart/?symbol=NYSE%3AHCI,False,False,,,-56.940496616189954,36.72742186859059,184.4550018310547,2026-09-09 12:30
TSX:NFI,equity,https://www.tradingview.com/chart/?symbol=TSX%3ANFI,False,False,,,-49.11198424292764,36.79729332558202,23.229999542236328,2026-09-09 12:30
NYSE:CDLR,equity,https://www.tradingview.com/chart/?symbol=NYSE%3ACDLR,False,False,,,61.69494312281231,64.99109268330454,25.895000457763672,2026-09-09 12:30
NASDAQ:LUNR,equity,https://www.tradingview.com/chart/?symbol=NASDAQ%3ALUNR,False,False,,,25.344126703161333,48.82017043138555,15.095000267028809,2026-09-09 12:30
NYSE:MNR,equity,https://www.tradingview.com/chart/?symbol=NYSE%3AMNR,False,False,,,23.16771668277164,51.008579523461776,12.670700073242188,2026-09-09 12:30
NYSE:HTH,equity,https://www.tradingview.com/chart/?symbol=NYSE%3AHTH,False,False,,,-54.893472283947425,36.16976095056479,38.27000045776367,2026-09-09 12:30
NYSE:OFG,equity,https://www.tradingview.com/chart/?symbol=NYSE%3AOFG,False,False,,,-54.72336390222063,33.34501390810168,52.1349983215332,2026-09-09 12:30
NASDAQ:MBIN,equity,https://www.tradingview.com/chart/?symbol=NASDAQ%3AMBIN,False,False,,,-8.778247955156251,46.72771815311115,52.52000045776367,2026-09-09 12:30
NYSE:WTTR,equity,https://www.tradingview.com/chart/?symbol=NYSE%3AWTTR,False,False,,,29.910646657684442,50.59278503941753,20.364999771118164,2026-09-09 12:30
NYSE:BKE,equity,https://www.tradingview.com/chart/?symbol=NYSE%3ABKE,False,False,,,-66.10294737762506,30.531406932596383,41.69499969482422,2026-09-09 12:30
NYSE:AERO,equity,https://www.tradingview.com/chart/?symbol=NYSE%3AAERO,False,False,,,24.62787418789904,62.192837366994,15.930000305175781,2026-09-09 12:30
NASDAQ:SLS,equity,https://www.tradingview.com/chart/?symbol=NASDAQ%3ASLS,False,False,,,10.181227956144603,53.2876540528493,14.0,2026-09-09 12:30
NASDAQ:IMOS,equity,https://www.tradingview.com/chart/?symbol=NASDAQ%3AIMOS,False,False,,,38.25557800680911,60.72876602035292,57.994998931884766,2026-09-09 12:30
NASDAQ:LCID,equity,https://www.tradingview.com/chart/?symbol=NASDAQ%3ALCID,False,False,,,-43.645799829299676,27.851341630538997,4.280099868774414,2026-09-09 12:30
NYSE:ELPC,equity,https://www.tradingview.com/chart/?symbol=NYSE%3AELPC,False,False,,,8.629262651008167,54.08165146235563,12.390000343322754,2026-09-09 12:30
AMEX:SVM,equity,https://www.tradingview.com/chart/?symbol=AMEX%3ASVM,False,False,,,-7.1296086972668276,52.24238025895617,12.670000076293945,2026-09-09 12:30
NYSE:SHO,equity,https://www.tradingview.com/chart/?symbol=NYSE%3ASHO,False,False,,,-79.50804450400646,38.855786545154366,10.885000228881836,2026-09-09 12:30
NASDAQ:SPSC,equity,https://www.tradingview.com/chart/?symbol=NASDAQ%3ASPSC,False,False,,,-60.84602397900594,30.95206754711195,77.94999694824219,2026-09-09 12:30
NASDAQ:HAPN,equity,https://www.tradingview.com/chart/?symbol=NASDAQ%3AHAPN,False,False,,,-56.672732084913385,30.389402544284067,16.8799991607666,2026-09-09 12:30
NASDAQ:LFTO,equity,https://www.tradingview.com/chart/?symbol=NASDAQ%3ALFTO,False,False,,,-13.246340095562076,49.62775378145689,18.65999984741211,2026-09-09 12:30
NASDAQ:VNET,equity,https://www.tradingview.com/chart/?symbol=NASDAQ%3AVNET,False,False,,,20.883269321651333,54.86086709573182,6.59499979019165,2026-09-09 12:30
NYSE:GTY,equity,https://www.tradingview.com/chart/?symbol=NYSE%3AGTY,False,False,,,13.484166670842598,52.63886147966007,32.66999816894531,2026-09-09 12:30
NASDAQ:IMNM,equity,https://www.tradingview.com/chart/?symbol=NASDAQ%3AIMNM,False,False,,,-62.49505511089049,38.8030820593151,26.40999984741211,2026-09-09 12:30
NASDAQ:HSAI,equity,https://www.tradingview.com/chart/?symbol=NASDAQ%3AHSAI,False,False,,,-16.145389235898143,52.70412262192049,18.415000915527344,2026-09-09 12:30
NASDAQ:LILA,equity,https://www.tradingview.com/chart/?symbol=NASDAQ%3ALILA,False,False,,,-53.76941848726565,42.73084310074846,8.585000038146973,2026-09-09 12:30
NYSE:LTC,equity,https://www.tradingview.com/chart/?symbol=NYSE%3ALTC,False,False,,,21.02890817763014,55.315960512902556,41.849998474121094,2026-09-09 12:30
NYSE:NWN,equity,https://www.tradingview.com/chart/?symbol=NYSE%3ANWN,False,False,,,1.7812430511520319,35.11790830313447,48.810001373291016,2026-09-09 12:30
NYSE:PRKS,equity,https://www.tradingview.com/chart/?symbol=NYSE%3APRKS,False,False,,,-37.628087129136134,33.86350383798036,38.814998626708984,2026-09-09 12:30
NYSE:KSS,equity,https://www.tradingview.com/chart/?symbol=NYSE%3AKSS,False,False,,,-68.43529111219253,31.121881846854777,17.989999771118164,2026-09-09 12:30
NYSE:CBZ,equity,https://www.tradingview.com/chart/?symbol=NYSE%3ACBZ,False,False,,,-38.07454920399522,40.52078414100745,54.564998626708984,2026-09-09 12:30
NYSE:RDW,equity,https://www.tradingview.com/chart/?symbol=NYSE%3ARDW,False,False,,,38.178371747810445,55.90848835214771,10.960000038146973,2026-09-09 12:30
NYSE:PLGO,equity,https://www.tradingview.com/chart/?symbol=NYSE%3APLGO,False,False,,,-54.24214292748159,37.77454320013954,24.764999389648438,2026-09-09 12:30
NASDAQ:AGIO,equity,https://www.tradingview.com/chart/?symbol=NASDAQ%3AAGIO,False,False,,,63.40015657885025,71.7484306098381,34.959999084472656,2026-09-09 12:30
NYSE:CCU,equity,https://www.tradingview.com/chart/?symbol=NYSE%3ACCU,False,False,,,14.87764219333935,47.587328266101245,11.90839958190918,2026-09-09 12:30
NASDAQ:NEOG,equity,https://www.tradingview.com/chart/?symbol=NASDAQ%3ANEOG,False,False,,,46.01414161785083,53.10575944977856,11.895000457763672,2026-09-09 12:30
NASDAQ:CHA,equity,https://www.tradingview.com/chart/?symbol=NASDAQ%3ACHA,False,False,,,51.115883467743195,65.45772368020525,12.420000076293945,2026-09-09 12:30
NYSE:GRC,equity,https://www.tradingview.com/chart/?symbol=NYSE%3AGRC,False,False,,,-5.835215187058675,42.88929774432477,74.58000183105469,2026-09-09 12:30
NASDAQ:GT,equity,https://www.tradingview.com/chart/?symbol=NASDAQ%3AGT,False,False,,,-62.61053885017426,25.976452087530475,5.690000057220459,2026-09-09 12:30
NASDAQ:ASTH,equity,https://www.tradingview.com/chart/?symbol=NASDAQ%3AASTH,False,False,,,-17.34507425207219,51.33884951189485,38.11000061035156,2026-09-09 12:30
NASDAQ:HTFL,equity,https://www.tradingview.com/chart/?symbol=NASDAQ%3AHTFL,False,False,,,-61.81945694995639,40.573094101541614,47.779998779296875,2026-09-09 12:30
NYSE:AIN,equity,https://www.tradingview.com/chart/?symbol=NYSE%3AAIN,False,False,,,-25.73954497882572,45.57378331827799,60.86000061035156,2026-09-09 12:30
NYSE:IMAX,equity,https://www.tradingview.com/chart/?symbol=NYSE%3AIMAX,False,False,,,-14.904180481752187,42.088723173107006,51.369998931884766,2026-09-09 12:30
NYSE:BBUC,equity,https://www.tradingview.com/chart/?symbol=NYSE%3ABBUC,False,False,,,-53.86437084251145,31.109460526568668,26.649999618530273,2026-09-09 12:30
NASDAQ:MLCO,equity,https://www.tradingview.com/chart/?symbol=NASDAQ%3AMLCO,False,False,,,-49.21109717070817,37.343222508894215,5.074999809265137,2026-09-09 12:30
NYSE:FCF,equity,https://www.tradingview.com/chart/?symbol=NYSE%3AFCF,False,False,,,-50.709626262985076,36.92277570038364,20.959999084472656,2026-09-09 12:30
NYSE:MD,equity,https://www.tradingview.com/chart/?symbol=NYSE%3AMD,False,False,,,-20.916737733135644,50.480741531383906,26.799999237060547,2026-09-09 12:30
NASDAQ:MESO,equity,https://www.tradingview.com/chart/?symbol=NASDAQ%3AMESO,False,False,,,-54.503233296631784,32.452096131254706,16.209999084472656,2026-09-09 12:30
NYSE:STC,equity,https://www.tradingview.com/chart/?symbol=NYSE%3ASTC,False,False,,,-53.84582298298985,36.23851892281166,66.55000305175781,2026-09-09 12:30
NYSE:SIND,equity,https://www.tradingview.com/chart/?symbol=NYSE%3ASIND,False,False,,,-51.661966689653845,53.599010876869535,16.469999313354492,2026-09-09 12:30
NASDAQ:MCRI,equity,https://www.tradingview.com/chart/?symbol=NASDAQ%3AMCRI,False,False,,,-29.973263178865864,41.13078897952253,118.88500213623047,2026-09-09 12:30
NYSE:NMM,equity,https://www.tradingview.com/chart/?symbol=NYSE%3ANMM,False,False,,,-41.04173361098113,50.11405971127125,90.83000183105469,2026-09-09 12:30
NYSE:NUVB,equity,https://www.tradingview.com/chart/?symbol=NYSE%3ANUVB,False,False,,,-59.73599443779383,39.000850565704056,6.574999809265137,2026-09-09 12:30
NASDAQ:BAND,equity,https://www.tradingview.com/chart/?symbol=NASDAQ%3ABAND,False,False,,,17.403406791192936,61.26720979700751,47.650001525878906,2026-09-09 12:30
NASDAQ:IOSP,equity,https://www.tradingview.com/chart/?symbol=NASDAQ%3AIOSP,False,False,,,-32.89995099319611,47.60116972838818,93.41500091552734,2026-09-09 12:30
NASDAQ:AXGN,equity,https://www.tradingview.com/chart/?symbol=NASDAQ%3AAXGN,False,False,,,-8.900035727039704,49.90858286760239,47.779998779296875,2026-09-09 12:30
NASDAQ:URGN,equity,https://www.tradingview.com/chart/?symbol=NASDAQ%3AURGN,False,False,,,45.55466864298953,55.66290114961104,45.15999984741211,2026-09-09 12:30
NASDAQ:ADUS,equity,https://www.tradingview.com/chart/?symbol=NASDAQ%3AADUS,False,False,,,1.4669379189208416,52.07450388894829,118.76000213623047,2026-09-09 12:30
NASDAQ:AVAH,equity,https://www.tradingview.com/chart/?symbol=NASDAQ%3AAVAH,False,False,,,20.209963536997076,59.36829717442464,13.824999809265137,2026-09-09 12:30
NASDAQ:HRMY,equity,https://www.tradingview.com/chart/?symbol=NASDAQ%3AHRMY,False,False,,,-9.749416123718367,47.6988009014489,41.810001373291016,2026-09-09 12:30
NYSE:SPB,equity,https://www.tradingview.com/chart/?symbol=NYSE%3ASPB,False,False,,,-65.16641434607006,39.42399915640267,86.69000244140625,2026-09-09 12:30
NYSE:HMN,equity,https://www.tradingview.com/chart/?symbol=NYSE%3AHMN,False,False,,,-69.86573798531701,24.225732253705758,49.470001220703125,2026-09-09 12:30
NASDAQ:SGRY,equity,https://www.tradingview.com/chart/?symbol=NASDAQ%3ASGRY,False,False,,,-18.57125504490906,54.48465172530414,14.3149995803833,2026-09-09 12:30
NASDAQ:NRIX,equity,https://www.tradingview.com/chart/?symbol=NASDAQ%3ANRIX,False,False,,,54.055211586446795,61.34398020309125,26.350000381469727,2026-09-09 12:30
NYSE:VSTS,equity,https://www.tradingview.com/chart/?symbol=NYSE%3AVSTS,False,False,,,25.352405721782976,55.14134227198165,13.289999961853027,2026-09-09 12:30
NASDAQ:SION,equity,https://www.tradingview.com/chart/?symbol=NASDAQ%3ASION,False,False,,,58.606174643181596,65.13451890340353,7.465000152587891,2026-09-09 12:30
NASDAQ:ATEX,equity,https://www.tradingview.com/chart/?symbol=NASDAQ%3AATEX,False,False,,,-53.78744558355282,42.537187436498606,84.7699966430664,2026-09-09 12:30
NASDAQ:FLYW,equity,https://www.tradingview.com/chart/?symbol=NASDAQ%3AFLYW,False,False,,,-64.97293014774898,41.69483128259708,17.924999237060547,2026-09-09 12:30
NYSE:ARR,equity,https://www.tradingview.com/chart/?symbol=NYSE%3AARR,False,False,,,-29.810266344479402,47.48352420570797,16.239999771118164,2026-09-09 12:30
TSX:FRU,equity,https://www.tradingview.com/chart/?symbol=TSX%3AFRU,False,False,,,21.99081357727368,54.580394739229966,17.690000534057617,2026-09-09 12:30
NYSE:DEI,equity,https://www.tradingview.com/chart/?symbol=NYSE%3ADEI,False,False,,,-78.77243659442587,21.947383602009893,10.824999809265137,2026-09-09 12:30
NASDAQ:INOD,equity,https://www.tradingview.com/chart/?symbol=NASDAQ%3AINOD,False,False,,,15.427230432505416,46.78141817642162,55.20000076293945,2026-09-09 12:30
NYSE:BOBS,equity,https://www.tradingview.com/chart/?symbol=NYSE%3ABOBS,False,False,,,-14.422462960242152,37.36420917723773,16.604999542236328,2026-09-09 12:30
NYSE:TGLS,equity,https://www.tradingview.com/chart/?symbol=NYSE%3ATGLS,False,False,,,-30.40706069623754,44.65222839160084,39.400001525878906,2026-09-09 12:30
NASDAQ:BCRX,equity,https://www.tradingview.com/chart/?symbol=NASDAQ%3ABCRX,False,False,,,-61.527710312580176,33.98701702731847,9.104999542236328,2026-09-09 12:30
NASDAQ:CNXN,equity,https://www.tradingview.com/chart/?symbol=NASDAQ%3ACNXN,False,False,,,-8.918435903989398,47.19414660130612,82.3499984741211,2026-09-09 12:30
NASDAQ:EVCM,equity,https://www.tradingview.com/chart/?symbol=NASDAQ%3AEVCM,False,False,,,-73.61492548728945,21.11711402560674,6.769999980926514,2026-09-09 12:30
NYSE:AGL,equity,https://www.tradingview.com/chart/?symbol=NYSE%3AAGL,False,False,,,68.5100082020795,60.98605012469492,92.25499725341797,2026-09-09 12:30
NASDAQ:KARD,equity,https://www.tradingview.com/chart/?symbol=NASDAQ%3AKARD,False,False,,,-12.339916644507104,35.17777331814868,20.010000228881836,2026-09-09 12:30
NASDAQ:NEXT,equity,https://www.tradingview.com/chart/?symbol=NASDAQ%3ANEXT,False,False,,,42.122909986872436,51.041224072023695,7.454999923706055,2026-09-09 12:30
NASDAQ:SRCE,equity,https://www.tradingview.com/chart/?symbol=NASDAQ%3ASRCE,False,False,,,-57.96851358798805,32.87548831588336,85.37000274658203,2026-09-09 12:30
NYSE:NGL,equity,https://www.tradingview.com/chart/?symbol=NYSE%3ANGL,False,False,,,-24.829940215767152,42.26843285967776,17.729999542236328,2026-09-09 12:30
NASDAQ:NBTX,equity,https://www.tradingview.com/chart/?symbol=NASDAQ%3ANBTX,False,False,,,-75.15781144653988,32.04772797575211,36.5,2026-09-09 12:30
NYSE:ALG,equity,https://www.tradingview.com/chart/?symbol=NYSE%3AALG,False,False,,,-18.246217891764385,46.22991703437904,170.0800018310547,2026-09-09 12:30
NASDAQ:INTA,equity,https://www.tradingview.com/chart/?symbol=NASDAQ%3AINTA,False,False,,,-58.319482843298594,29.814653302697906,39.06999969482422,2026-09-09 12:30
NASDAQ:GHRS,equity,https://www.tradingview.com/chart/?symbol=NASDAQ%3AGHRS,False,False,,,-48.85084491296201,49.136694951359914,27.56999969482422,2026-09-09 12:30
NASDAQ:MBX,equity,https://www.tradingview.com/chart/?symbol=NASDAQ%3AMBX,False,False,,,21.75759775175048,45.78439339120844,61.77000045776367,2026-09-09 12:30
NASDAQ:MRVI,equity,https://www.tradingview.com/chart/?symbol=NASDAQ%3AMRVI,False,False,,,-75.08414698575606,25.982900376275424,6.96999979019165,2026-09-09 12:30
NYSE:XHR,equity,https://www.tradingview.com/chart/?symbol=NYSE%3AXHR,False,False,,,-70.76206150039978,23.053691794583557,17.524999618530273,2026-09-09 12:30
NASDAQ:AUPH,equity,https://www.tradingview.com/chart/?symbol=NASDAQ%3AAUPH,False,False,,,-1.2511525003194137,55.019708733304995,16.260000228881836,2026-09-09 12:30
NASDAQ:CDNA,equity,https://www.tradingview.com/chart/?symbol=NASDAQ%3ACDNA,False,False,,,48.66888949720934,55.058249280298426,50.54499816894531,2026-09-09 12:30
NASDAQ:GSHD,equity,https://www.tradingview.com/chart/?symbol=NASDAQ%3AGSHD,False,False,,,-83.22954556663181,11.918417405713924,56.689998626708984,2026-09-09 12:30
NYSE:TFIN,equity,https://www.tradingview.com/chart/?symbol=NYSE%3ATFIN,False,False,,,-77.04359658016473,19.320468511058067,65.70999908447266,2026-09-09 12:30
NYSE:DX,equity,https://www.tradingview.com/chart/?symbol=NYSE%3ADX,False,False,,,-0.2904750014061091,52.27443089501456,12.919099807739258,2026-09-09 12:30
NASDAQ:MFP,equity,https://www.tradingview.com/chart/?symbol=NASDAQ%3AMFP,False,False,,,-42.95340934181747,43.391765650672035,43.54999923706055,2026-09-09 12:30
NASDAQ:CHCO,equity,https://www.tradingview.com/chart/?symbol=NASDAQ%3ACHCO,False,False,,,-60.19657868468477,37.9050733750881,143.33999633789062,2026-09-09 12:30
NYSE:UTI,equity,https://www.tradingview.com/chart/?symbol=NYSE%3AUTI,False,False,,,-43.87513946377718,38.04412215257251,21.114999771118164,2026-09-09 12:30
NASDAQ:ADMA,equity,https://www.tradingview.com/chart/?symbol=NASDAQ%3AADMA,False,False,,,-31.284426297469718,40.25736512486236,9.364999771118164,2026-09-09 12:30
NASDAQ:SNDX,equity,https://www.tradingview.com/chart/?symbol=NASDAQ%3ASNDX,False,False,,,-66.46600825602833,37.58120031398786,19.860000610351562,2026-09-09 12:30
NASDAQ:HCM,equity,https://www.tradingview.com/chart/?symbol=NASDAQ%3AHCM,False,False,,,-39.03800288879745,48.427588197092724,13.5600004196167,2026-09-09 12:30
NASDAQ:HYMC,equity,https://www.tradingview.com/chart/?symbol=NASDAQ%3AHYMC,False,False,,,21.766731246555995,51.056226503611725,23.100000381469727,2026-09-09 12:30
NASDAQ:BRUN,equity,https://www.tradingview.com/chart/?symbol=NASDAQ%3ABRUN,False,False,,,31.20318553217334,47.871039672764105,17.774999618530273,2026-09-09 12:30
NYSE:GNL,equity,https://www.tradingview.com/chart/?symbol=NYSE%3AGNL,False,False,,,-67.75885335191194,41.330010059348126,9.079999923706055,2026-09-09 12:30
NYSE:BRSL,equity,https://www.tradingview.com/chart/?symbol=NYSE%3ABRSL,False,False,,,-55.10240685053932,42.967858448771935,11.024999618530273,2026-09-09 12:30
NYSE:FLOC,equity,https://www.tradingview.com/chart/?symbol=NYSE%3AFLOC,False,False,,,-24.26476560313098,43.69364559836197,21.100000381469727,2026-09-09 12:30
NASDAQ:KARO,equity,https://www.tradingview.com/chart/?symbol=NASDAQ%3AKARO,False,False,,,-44.04598859383282,41.524429648438364,63.959999084472656,2026-09-09 12:30
NYSE:WMK,equity,https://www.tradingview.com/chart/?symbol=NYSE%3AWMK,False,False,,,-55.700994602150494,36.293136140820266,70.0199966430664,2026-09-09 12:30
NASDAQ:JBLU,equity,https://www.tradingview.com/chart/?symbol=NASDAQ%3AJBLU,False,False,,,-80.30419495959057,24.972361995223835,4.340000152587891,2026-09-09 12:30
NASDAQ:EZPW,equity,https://www.tradingview.com/chart/?symbol=NASDAQ%3AEZPW,False,False,,,-23.324409722583955,50.50885693495069,33.22999954223633,2026-09-09 12:30
TSX:WTE,equity,https://www.tradingview.com/chart/?symbol=TSX%3AWTE,False,False,,,61.23732042389789,60.00948585607511,40.70000076293945,2026-09-09 12:30
NASDAQ:TCBK,equity,https://www.tradingview.com/chart/?symbol=NASDAQ%3ATCBK,False,False,,,-71.98902052140949,27.5679365466181,53.04999923706055,2026-09-09 12:30
NASDAQ:TILE,equity,https://www.tradingview.com/chart/?symbol=NASDAQ%3ATILE,False,False,,,-71.38269264414903,22.91467696409319,34.689998626708984,2026-09-09 12:30
NASDAQ:ZD,equity,https://www.tradingview.com/chart/?symbol=NASDAQ%3AZD,False,False,,,-53.12924227602583,42.04820831693536,55.23500061035156,2026-09-09 12:30
NASDAQ:OCUL,equity,https://www.tradingview.com/chart/?symbol=NASDAQ%3AOCUL,False,False,,,57.92185863830171,66.72857966897078,11.414999961853027,2026-09-09 12:30
NASDAQ:LKFT,equity,https://www.tradingview.com/chart/?symbol=NASDAQ%3ALKFT,False,False,,,-63.04285304978914,27.55910355287351,27.604999542236328,2026-09-09 12:30
NYSE:INVX,equity,https://www.tradingview.com/chart/?symbol=NYSE%3AINVX,False,False,,,-23.877465496186705,50.276076702112256,30.1299991607666,2026-09-09 12:30
NASDAQ:ECPG,equity,https://www.tradingview.com/chart/?symbol=NASDAQ%3AECPG,False,False,,,11.23470828749272,47.02510604534786,97.62999725341797,2026-09-09 12:30
NASDAQ:BWIN,equity,https://www.tradingview.com/chart/?symbol=NASDAQ%3ABWIN,False,False,,,-69.23022755803048,25.303213329339314,28.6299991607666,2026-09-09 12:30
NYSE:LPG,equity,https://www.tradingview.com/chart/?symbol=NYSE%3ALPG,False,False,,,11.064121700059772,57.16083237718918,53.967899322509766,2026-09-09 12:30
TSX:CCA,equity,https://www.tradingview.com/chart/?symbol=TSX%3ACCA,False,False,,,-66.63213150379504,35.01243237499578,58.75,2026-09-09 12:30
TSX:WPK,equity,https://www.tradingview.com/chart/?symbol=TSX%3AWPK,False,False,,,-67.82507848708424,21.99074961904273,42.599998474121094,2026-09-09 12:30
NYSE:LOB,equity,https://www.tradingview.com/chart/?symbol=NYSE%3ALOB,False,False,,,-77.36456684288402,34.557602481004324,38.6150016784668,2026-09-09 12:30
NYSE:PRLB,equity,https://www.tradingview.com/chart/?symbol=NYSE%3APRLB,False,False,,,10.526230203130204,55.08476504758013,81.12999725341797,2026-09-09 12:30
NASDAQ:WB,equity,https://www.tradingview.com/chart/?symbol=NASDAQ%3AWB,False,False,,,-66.43775865757466,29.7770958073813,6.635000228881836,2026-09-09 12:30
TSX:TVK,equity,https://www.tradingview.com/chart/?symbol=TSX%3ATVK,False,False,,,-16.5289808866029,51.15034149322232,120.29000091552734,2026-09-09 12:30
NASDAQ:OMCL,equity,https://www.tradingview.com/chart/?symbol=NASDAQ%3AOMCL,False,False,,,-66.86190654243158,39.61030116116246,33.529998779296875,2026-09-09 12:30
NYSE:TY,equity,https://www.tradingview.com/chart/?symbol=NYSE%3ATY,False,False,,,-60.23038211671675,40.67060877387923,35.11000061035156,2026-09-09 12:30
NASDAQ:TYRA,equity,https://www.tradingview.com/chart/?symbol=NASDAQ%3ATYRA,False,False,,,-52.656070452620575,26.936980782466748,21.520000457763672,2026-09-09 12:30
NASDAQ:UFPT,equity,https://www.tradingview.com/chart/?symbol=NASDAQ%3AUFPT,False,False,,,-46.936399613440166,38.8629516384532,281.6300048828125,2026-09-09 12:30
NASDAQ:CASH,equity,https://www.tradingview.com/chart/?symbol=NASDAQ%3ACASH,False,False,,,-73.28478019683865,25.589644937394894,79.22000122070312,2026-09-09 12:30
NYSE:HAWK,equity,https://www.tradingview.com/chart/?symbol=NYSE%3AHAWK,False,False,,,-33.172117128092644,34.92034080089962,16.520000457763672,2026-09-09 12:30
NYSE:WKC,equity,https://www.tradingview.com/chart/?symbol=NYSE%3AWKC,False,False,,,14.305704995706913,49.253561011210095,35.26499938964844,2026-09-09 12:30
NYSE:NVRI,equity,https://www.tradingview.com/chart/?symbol=NYSE%3ANVRI,False,False,,,-26.298856043304028,39.546722943445126,22.489999771118164,2026-09-09 12:30
NYSE:DRD,equity,https://www.tradingview.com/chart/?symbol=NYSE%3ADRD,False,False,,,-42.665213630657156,43.31302752197095,28.18000030517578,2026-09-09 12:30
NYSE:CCS,equity,https://www.tradingview.com/chart/?symbol=NYSE%3ACCS,False,False,,,-64.21420241434734,32.89535811118904,61.63999938964844,2026-09-09 12:30
NASDAQ:DMRA,equity,https://www.tradingview.com/chart/?symbol=NASDAQ%3ADMRA,False,False,,,-31.414769620668125,34.45771848723963,26.739999771118164,2026-09-09 12:30
NYSE:SAM,equity,https://www.tradingview.com/chart/?symbol=NYSE%3ASAM,False,False,,,-73.82008400115619,33.891636306782644,163.77000427246094,2026-09-09 12:30
NYSE:ECO,equity,https://www.tradingview.com/chart/?symbol=NYSE%3AECO,False,False,,,32.36937870810395,67.0842110189343,71.88999938964844,2026-09-09 12:30
TSX:SGD,equity,https://www.tradingview.com/chart/?symbol=TSX%3ASGD,False,False,,,9.24832297050332,48.71375178808773,17.649999618530273,2026-09-09 12:30
NYSE:NSP,equity,https://www.tradingview.com/chart/?symbol=NYSE%3ANSP,False,False,,,-38.84203853433479,44.0791086476539,49.79999923706055,2026-09-09 12:30
NYSE:AMR,equity,https://www.tradingview.com/chart/?symbol=NYSE%3AAMR,False,False,,,48.846344082789244,57.78775351744199,230.8800048828125,2026-09-09 12:30
NASDAQ:WGS,equity,https://www.tradingview.com/chart/?symbol=NASDAQ%3AWGS,False,False,,,31.841521320148804,60.73409496330715,88.33499908447266,2026-09-09 12:30
NASDAQ:PRDO,equity,https://www.tradingview.com/chart/?symbol=NASDAQ%3APRDO,False,False,,,-8.995989870758175,55.53554800431241,33.31999969482422,2026-09-09 12:30
NYSE:CPRI,equity,https://www.tradingview.com/chart/?symbol=NYSE%3ACPRI,False,False,,,-41.73169008300568,41.99346609446994,12.944999694824219,2026-09-09 12:30
NASDAQ:IOVA,equity,https://www.tradingview.com/chart/?symbol=NASDAQ%3AIOVA,False,False,,,-25.299158192471282,52.64907258487223,8.679900169372559,2026-09-09 12:30
NASDAQ:PLAB,equity,https://www.tradingview.com/chart/?symbol=NASDAQ%3APLAB,False,False,,,20.2894253447382,53.19128566675057,28.979999542236328,2026-09-09 12:30
NYSE:CMRE,equity,https://www.tradingview.com/chart/?symbol=NYSE%3ACMRE,False,False,,,-57.403514302494536,36.61506360296568,14.989999771118164,2026-09-09 12:30
NYSE:AESI,equity,https://www.tradingview.com/chart/?symbol=NYSE%3AAESI,False,False,,,47.247110970924204,61.78269140676278,13.9350004196167,2026-09-09 12:30
TSX:ABRA,equity,https://www.tradingview.com/chart/?symbol=TSX%3AABRA,False,False,,,59.83520689764447,61.360203591093054,16.510000228881836,2026-09-09 12:30
NYSE:IIPR,equity,https://www.tradingview.com/chart/?symbol=NYSE%3AIIPR,False,False,,,-29.166150169919216,42.85908589885379,56.7599983215332,2026-09-09 12:30
TSX:ALS,equity,https://www.tradingview.com/chart/?symbol=TSX%3AALS,False,False,,,82.44337812470373,74.056708809083,67.55999755859375,2026-09-09 12:30
NASDAQ:ALGT,equity,https://www.tradingview.com/chart/?symbol=NASDAQ%3AALGT,False,False,,,-25.653448902467385,45.219025058381256,76.30999755859375,2026-09-09 12:30
NYSE:GEL,equity,https://www.tradingview.com/chart/?symbol=NYSE%3AGEL,False,False,,,-12.727036015181925,41.47739603206456,15.829999923706055,2026-09-09 12:30
NYSE:EVTC,equity,https://www.tradingview.com/chart/?symbol=NYSE%3AEVTC,False,False,,,-39.51689339225774,51.5687018031862,29.649999618530273,2026-09-09 12:30
NYSE:XPRO,equity,https://www.tradingview.com/chart/?symbol=NYSE%3AXPRO,False,False,,,44.12640661905567,53.02402506118399,18.149999618530273,2026-09-09 12:30
NASDAQ:VERX,equity,https://www.tradingview.com/chart/?symbol=NASDAQ%3AVERX,False,False,,,-59.07883874386702,31.1883037665107,12.600000381469727,2026-09-09 12:30
NYSE:RVLV,equity,https://www.tradingview.com/chart/?symbol=NYSE%3ARVLV,False,False,,,-76.20765850804851,17.94744261842152,19.649999618530273,2026-09-09 12:30
NASDAQ:MLYS,equity,https://www.tradingview.com/chart/?symbol=NASDAQ%3AMLYS,False,False,,,56.361198442119054,72.58004785262398,31.299999237060547,2026-09-09 12:30
NYSE:NTST,equity,https://www.tradingview.com/chart/?symbol=NYSE%3ANTST,False,False,,,-62.50415134180784,38.86144153445651,20.045000076293945,2026-09-09 12:30
NYSE:WS,equity,https://www.tradingview.com/chart/?symbol=NYSE%3AWS,False,False,,,-53.032751002965036,29.090455263465856,34.474998474121094,2026-09-09 12:30
NASDAQ:AAPG,equity,https://www.tradingview.com/chart/?symbol=NASDAQ%3AAAPG,False,False,,,8.333436478561639,50.078660544044894,17.309999465942383,2026-09-09 12:30
NASDAQ:NCNO,equity,https://www.tradingview.com/chart/?symbol=NASDAQ%3ANCNO,False,False,,,-58.66398386397365,37.07328944278889,22.0049991607666,2026-09-09 12:30
NASDAQ:IMCR,equity,https://www.tradingview.com/chart/?symbol=NASDAQ%3AIMCR,False,False,,,-61.935917305851284,36.33699032179057,34.93000030517578,2026-09-09 12:30
NYSE:FUN,equity,https://www.tradingview.com/chart/?symbol=NYSE%3AFUN,False,False,,,-19.469658399212868,32.804393797214416,14.600000381469727,2026-09-09 12:30
NASDAQ:BVC,equity,https://www.tradingview.com/chart/?symbol=NASDAQ%3ABVC,False,False,,,37.54465672982335,54.38603110208884,15.979999542236328,2026-09-09 12:30
TSX:MTL,equity,https://www.tradingview.com/chart/?symbol=TSX%3AMTL,False,False,,,9.0618955559485,46.436217282033574,25.450000762939453,2026-09-09 12:30
NYSE:PRG,equity,https://www.tradingview.com/chart/?symbol=NYSE%3APRG,False,False,,,-43.70683784524336,40.82699303833986,37.75,2026-09-09 12:30
NASDAQ:HURN,equity,https://www.tradingview.com/chart/?symbol=NASDAQ%3AHURN,False,False,,,-53.434719917474915,36.62289142544183,148.2050018310547,2026-09-09 12:30
NYSE:NEXA,equity,https://www.tradingview.com/chart/?symbol=NYSE%3ANEXA,False,False,,,54.11813061841878,62.82345495738402,14.4399995803833,2026-09-09 12:30
NASDAQ:GABC,equity,https://www.tradingview.com/chart/?symbol=NASDAQ%3AGABC,False,False,,,-63.157573732470375,32.16974767045053,48.9900016784668,2026-09-09 12:30
NASDAQ:NN,equity,https://www.tradingview.com/chart/?symbol=NASDAQ%3ANN,False,False,,,-48.989775082573665,48.69456812492518,15.199999809265137,2026-09-09 12:30
NASDAQ:GENB,equity,https://www.tradingview.com/chart/?symbol=NASDAQ%3AGENB,False,False,,,-53.612195154834374,32.70159164417802,15.51990032196045,2026-09-09 12:30
NASDAQ:ABCL,equity,https://www.tradingview.com/chart/?symbol=NASDAQ%3AABCL,False,False,,,-55.85503316166524,40.6229247106993,11.180000305175781,2026-09-09 12:30
NYSE:FLO,equity,https://www.tradingview.com/chart/?symbol=NYSE%3AFLO,False,False,,,-52.51540470869605,30.092967072772083,6.159999847412109,2026-09-09 12:30
NASDAQ:STBA,equity,https://www.tradingview.com/chart/?symbol=NASDAQ%3ASTBA,False,False,,,-54.03494041939346,33.86682062321398,49.45000076293945,2026-09-09 12:30
TSX:NWC,equity,https://www.tradingview.com/chart/?symbol=TSX%3ANWC,False,False,,,63.064432631443474,78.51574847929554,52.83000183105469,2026-09-09 12:30
NASDAQ:ANIP,equity,https://www.tradingview.com/chart/?symbol=NASDAQ%3AANIP,False,False,,,-50.30477208348893,35.31355432885056,70.33000183105469,2026-09-09 12:30
NYSE:ARCO,equity,https://www.tradingview.com/chart/?symbol=NYSE%3AARCO,False,False,,,-62.30484404422473,45.702053320189606,8.09000015258789,2026-09-09 12:30
NASDAQ:NVCR,equity,https://www.tradingview.com/chart/?symbol=NASDAQ%3ANVCR,False,False,,,-78.17601647652005,26.426096627382933,16.299999237060547,2026-09-09 12:30
TSX:BHC,equity,https://www.tradingview.com/chart/?symbol=TSX%3ABHC,False,False,,,-73.27275746774868,32.02810860947257,8.710000038146973,2026-09-09 12:30
NASDAQ:STOK,equity,https://www.tradingview.com/chart/?symbol=NASDAQ%3ASTOK,False,False,,,-8.889137416889424,45.598384265631786,29.950000762939453,2026-09-09 12:30
NYSE:EPAC,equity,https://www.tradingview.com/chart/?symbol=NYSE%3AEPAC,False,False,,,-45.16791126101927,34.64709998374272,36.44499969482422,2026-09-09 12:30
NASDAQ:ALKT,equity,https://www.tradingview.com/chart/?symbol=NASDAQ%3AALKT,False,False,,,-74.51281230177919,33.267453923695086,18.834999084472656,2026-09-09 12:30
NASDAQ:ARXS,equity,https://www.tradingview.com/chart/?symbol=NASDAQ%3AARXS,False,False,,,-10.163552434213658,45.52517658140652,52.7400016784668,2026-09-09 12:30
NYSE:INFQ,equity,https://www.tradingview.com/chart/?symbol=NYSE%3AINFQ,False,False,,,34.51947909449223,60.878517991956215,13.820099830627441,2026-09-09 12:30
NYSE:DAO,equity,https://www.tradingview.com/chart/?symbol=NYSE%3ADAO,False,False,,,-61.6783512756269,37.64936291658788,14.489999771118164,2026-09-09 12:30
NASDAQ:FIVN,equity,https://www.tradingview.com/chart/?symbol=NASDAQ%3AFIVN,False,False,,,-68.61672529231335,25.25739332646414,30.764999389648438,2026-09-09 12:30
NASDAQ:PAX,equity,https://www.tradingview.com/chart/?symbol=NASDAQ%3APAX,False,False,,,-73.46260040985487,35.72090348177548,10.774999618530273,2026-09-09 12:30
NASDAQ:WRD,equity,https://www.tradingview.com/chart/?symbol=NASDAQ%3AWRD,False,False,,,3.805491522561614,42.47509265788241,5.835000038146973,2026-09-09 12:30
NASDAQ:STGW,equity,https://www.tradingview.com/chart/?symbol=NASDAQ%3ASTGW,False,False,,,-62.98508958524354,40.53326098656429,8.53499984741211,2026-09-09 12:30
TSX:SXGC,equity,https://www.tradingview.com/chart/?symbol=TSX%3ASXGC,False,False,,,4.304928617323068,59.705850531077964,12.239999771118164,2026-09-09 12:30
NYSE:DCOM,equity,https://www.tradingview.com/chart/?symbol=NYSE%3ADCOM,False,False,,,-52.56073982332959,34.38400468861509,40.279998779296875,2026-09-09 12:30
NYSE:CBL,equity,https://www.tradingview.com/chart/?symbol=NYSE%3ACBL,False,False,,,30.164446496603954,51.31369077733325,55.09000015258789,2026-09-09 12:30
NASDAQ:SHLS,equity,https://www.tradingview.com/chart/?symbol=NASDAQ%3ASHLS,False,False,,,11.409247205323068,43.64932913335702,7.054999828338623,2026-09-09 12:30
TSX:SDE,equity,https://www.tradingview.com/chart/?symbol=TSX%3ASDE,False,False,,,48.3472623664112,63.84825964041735,13.770000457763672,2026-09-09 12:30
NYSE:CTS,equity,https://www.tradingview.com/chart/?symbol=NYSE%3ACTS,False,False,,,-30.829054777163282,41.61251650218075,56.20000076293945,2026-09-09 12:30
NASDAQ:ZYME,equity,https://www.tradingview.com/chart/?symbol=NASDAQ%3AZYME,False,False,,,-73.9637519702104,25.7875856813108,27.420000076293945,2026-09-09 12:30
NYSE:MH,equity,https://www.tradingview.com/chart/?symbol=NYSE%3AMH,False,False,,,-58.04431446900384,28.857815976072587,12.34000015258789,2026-09-09 12:30
NASDAQ:VRDN,equity,https://www.tradingview.com/chart/?symbol=NASDAQ%3AVRDN,False,False,,,19.270766178447676,48.105538489695505,23.079999923706055,2026-09-09 12:30
TSX:VET,equity,https://www.tradingview.com/chart/?symbol=TSX%3AVET,False,False,,,49.44713007466959,64.87042579341801,18.440000534057617,2026-09-09 12:30
NASDAQ:SONO,equity,https://www.tradingview.com/chart/?symbol=NASDAQ%3ASONO,False,False,,,-54.58228663683068,32.089500252998036,14.380000114440918,2026-09-09 12:30
NYSE:CYD,equity,https://www.tradingview.com/chart/?symbol=NYSE%3ACYD,False,False,,,-30.35814595147168,41.71188557175813,37.040000915527344,2026-09-09 12:30
NASDAQ:HOPE,equity,https://www.tradingview.com/chart/?symbol=NASDAQ%3AHOPE,False,False,,,-71.52903868015879,30.34387321303656,13.744999885559082,2026-09-09 12:30
NASDAQ:FTRE,equity,https://www.tradingview.com/chart/?symbol=NASDAQ%3AFTRE,False,False,,,-67.31738620945721,28.574593612800527,16.75,2026-09-09 12:30
NYSE:WBI,equity,https://www.tradingview.com/chart/?symbol=NYSE%3AWBI,False,False,,,53.412715629183424,58.62006827952838,32.90999984741211,2026-09-09 12:30
NYSE:BHC,equity,https://www.tradingview.com/chart/?symbol=NYSE%3ABHC,False,False,,,-72.28961434095943,32.71032267750317,6.304999828338623,2026-09-09 12:30
NASDAQ:IMKTA,equity,https://www.tradingview.com/chart/?symbol=NASDAQ%3AIMKTA,False,False,,,-60.61446300796689,34.966656768075424,81.0,2026-09-09 12:30
TSX:TOY,equity,https://www.tradingview.com/chart/?symbol=TSX%3ATOY,False,False,,,-83.40829171537453,28.021849720438325,19.31999969482422,2026-09-09 12:30
NYSE:BY,equity,https://www.tradingview.com/chart/?symbol=NYSE%3ABY,False,False,,,-63.151079905795854,31.95342284480276,37.849998474121094,2026-09-09 12:30
NASDAQ:ATRC,equity,https://www.tradingview.com/chart/?symbol=NASDAQ%3AATRC,False,False,,,43.27053742981828,57.92527001208334,53.1349983215332,2026-09-09 12:30
NASDAQ:TMC,equity,https://www.tradingview.com/chart/?symbol=NASDAQ%3ATMC,False,False,,,-40.0999713566683,39.10449182070143,4.349999904632568,2026-09-09 12:30
NASDAQ:QFIN,equity,https://www.tradingview.com/chart/?symbol=NASDAQ%3AQFIN,False,False,,,-45.77355825105406,36.69553288440457,8.5600004196167,2026-09-09 12:30
NYSE:BLX,equity,https://www.tradingview.com/chart/?symbol=NYSE%3ABLX,False,False,,,3.712244490814261,47.5314731204646,55.43000030517578,2026-09-09 12:30
NASDAQ:SRPT,equity,https://www.tradingview.com/chart/?symbol=NASDAQ%3ASRPT,False,False,,,9.109895011152643,53.33343187638642,22.15999984741211,2026-09-09 12:30
NASDAQ:OPRA,equity,https://www.tradingview.com/chart/?symbol=NASDAQ%3AOPRA,False,False,,,-64.669954458016,31.865796175709605,17.899999618530273,2026-09-09 12:30
NASDAQ:QNT,equity,https://www.tradingview.com/chart/?symbol=NASDAQ%3AQNT,False,False,,,16.62083938269602,51.20356167529681,49.880001068115234,2026-09-09 12:30
NYSE:FLNG,equity,https://www.tradingview.com/chart/?symbol=NYSE%3AFLNG,False,False,,,1.2072646468224733,49.97900568912097,31.309999465942383,2026-09-09 12:30
NYSE:BFLY,equity,https://www.tradingview.com/chart/?symbol=NYSE%3ABFLY,False,False,,,49.40472808589291,51.68847260799721,7.565000057220459,2026-09-09 12:30
NASDAQ:PVLA,equity,https://www.tradingview.com/chart/?symbol=NASDAQ%3APVLA,False,False,,,-32.62632484180685,47.91623099037773,153.2100067138672,2026-09-09 12:30
NYSE:VET,equity,https://www.tradingview.com/chart/?symbol=NYSE%3AVET,False,False,,,47.90714084371007,64.86128174374224,13.359999656677246,2026-09-09 12:30
TSX:LUNR,equity,https://www.tradingview.com/chart/?symbol=TSX%3ALUNR,False,False,,,57.290877722713326,63.217870179261865,22.799999237060547,2026-09-09 12:30
TSX:PXT,equity,https://www.tradingview.com/chart/?symbol=TSX%3APXT,False,False,,,-14.082461389329056,52.717088789930955,28.81999969482422,2026-09-09 12:30
NASDAQ:MQ,equity,https://www.tradingview.com/chart/?symbol=NASDAQ%3AMQ,False,False,,,-61.33492508042414,36.73977909735808,15.984999656677246,2026-09-09 12:30
NYSE:NOMD,equity,https://www.tradingview.com/chart/?symbol=NYSE%3ANOMD,False,False,,,-62.00333599849998,34.2053731581545,11.210000038146973,2026-09-09 12:30
NYSE:PUMP,equity,https://www.tradingview.com/chart/?symbol=NYSE%3APUMP,False,False,,,59.81722943607681,64.14606665167685,11.975000381469727,2026-09-09 12:30
NASDAQ:TH,equity,https://www.tradingview.com/chart/?symbol=NASDAQ%3ATH,False,False,,,9.674139241302106,44.00104415666953,18.959999084472656,2026-09-09 12:30
NYSE:DNOW,equity,https://www.tradingview.com/chart/?symbol=NYSE%3ADNOW,False,False,,,32.726792330489566,52.06427304370031,16.100000381469727,2026-09-09 12:30
TSX:SIA,equity,https://www.tradingview.com/chart/?symbol=TSX%3ASIA,False,False,,,-63.73492609392493,36.10383912782045,20.149999618530273,2026-09-09 12:30
NASDAQ:LIME,equity,https://www.tradingview.com/chart/?symbol=NASDAQ%3ALIME,False,False,,,-66.69063960668218,26.772193910936096,34.959999084472656,2026-09-09 12:30
NASDAQ:STRA,equity,https://www.tradingview.com/chart/?symbol=NASDAQ%3ASTRA,False,False,,,-20.12600630784051,45.96071528790009,81.20999908447266,2026-09-09 12:30
NYSE:GLP,equity,https://www.tradingview.com/chart/?symbol=NYSE%3AGLP,False,False,,,64.42467873007786,64.62264640687019,53.57500076293945,2026-09-09 12:30
NYSE:NBHC,equity,https://www.tradingview.com/chart/?symbol=NYSE%3ANBHC,False,False,,,-51.281145378165384,33.82690635757875,41.040000915527344,2026-09-09 12:30
NASDAQ:CNOB,equity,https://www.tradingview.com/chart/?symbol=NASDAQ%3ACNOB,False,False,,,-58.87801692100243,31.261964487837005,31.399999618530273,2026-09-09 12:30
NYSE:DV,equity,https://www.tradingview.com/chart/?symbol=NYSE%3ADV,False,False,,,-28.047825581093434,45.522741606792756,13.350000381469727,2026-09-09 12:30
NYSE:GENI,equity,https://www.tradingview.com/chart/?symbol=NYSE%3AGENI,False,False,,,-75.24820558116492,38.31007804259782,7.144999980926514,2026-09-09 12:30
NASDAQ:BL,equity,https://www.tradingview.com/chart/?symbol=NASDAQ%3ABL,False,False,,,-65.4237598097141,31.25125504999022,29.739900588989258,2026-09-09 12:30
NASDAQ:ITG,equity,https://www.tradingview.com/chart/?symbol=NASDAQ%3AITG,False,False,,,31.065178122757388,57.384638620903566,13.59000015258789,2026-09-09 12:30
NASDAQ:APPN,equity,https://www.tradingview.com/chart/?symbol=NASDAQ%3AAPPN,False,False,,,-62.315667160019274,22.74417823385008,34.400001525878906,2026-09-09 12:30
NASDAQ:HCSG,equity,https://www.tradingview.com/chart/?symbol=NASDAQ%3AHCSG,False,False,,,-17.311940814044604,51.54813846904722,21.85099983215332,2026-09-09 12:30
NASDAQ:AMSC,equity,https://www.tradingview.com/chart/?symbol=NASDAQ%3AAMSC,False,False,,,18.281161805619266,53.9213930780508,29.9060001373291,2026-09-09 12:30
NYSE:FIGS,equity,https://www.tradingview.com/chart/?symbol=NYSE%3AFIGS,False,False,,,-72.8046237634656,23.703752399024864,13.210000038146973,2026-09-09 12:30
NASDAQ:HROW,equity,https://www.tradingview.com/chart/?symbol=NASDAQ%3AHROW,False,False,,,-16.444427349809896,48.45911515628609,37.77000045776367,2026-09-09 12:30
NYSE:WD,equity,https://www.tradingview.com/chart/?symbol=NYSE%3AWD,False,False,,,-40.75209355714586,45.17840126703021,41.34000015258789,2026-09-09 12:30
NASDAQ:BFC,equity,https://www.tradingview.com/chart/?symbol=NASDAQ%3ABFC,False,False,,,-40.122947711668445,41.98244083215724,153.39999389648438,2026-09-09 12:30
NYSE:ASAN,equity,https://www.tradingview.com/chart/?symbol=NYSE%3AASAN,False,False,,,-48.78875450278116,29.99284038298586,8.494999885559082,2026-09-09 12:30
TSX:SIS,equity,https://www.tradingview.com/chart/?symbol=TSX%3ASIS,False,False,,,-41.89345086181091,43.67263929841781,27.709999084472656,2026-09-09 12:30
NASDAQ:TRIP,equity,https://www.tradingview.com/chart/?symbol=NASDAQ%3ATRIP,False,False,,,-62.908142442008334,37.82912631225733,8.984999656677246,2026-09-09 12:30
NYSE:KMPR,equity,https://www.tradingview.com/chart/?symbol=NYSE%3AKMPR,False,False,,,-57.101448150829576,37.46879119818671,26.790000915527344,2026-09-09 12:30
NASDAQ:PLPC,equity,https://www.tradingview.com/chart/?symbol=NASDAQ%3APLPC,False,False,,,65.3424236377113,60.305032839732085,411.1700134277344,2026-09-09 12:30
NYSE:TDOC,equity,https://www.tradingview.com/chart/?symbol=NYSE%3ATDOC,False,False,,,-74.8430410029289,30.914849852907736,6.070000171661377,2026-09-09 12:30
NYSE:WWW,equity,https://www.tradingview.com/chart/?symbol=NYSE%3AWWW,False,False,,,0.1812759080992515,50.264275087060405,19.950000762939453,2026-09-09 12:30
NYSE:TSLX,equity,https://www.tradingview.com/chart/?symbol=NYSE%3ATSLX,False,False,,,-54.138931323440154,38.99156195182972,17.985000610351562,2026-09-09 12:30
NASDAQ:INNV,equity,https://www.tradingview.com/chart/?symbol=NASDAQ%3AINNV,False,False,,,31.967269568848224,64.74720204426694,11.470000267028809,2026-09-09 12:30
NYSE:ADNT,equity,https://www.tradingview.com/chart/?symbol=NYSE%3AADNT,False,False,,,-47.89544624856347,32.098252125536504,18.420000076293945,2026-09-09 12:30
NASDAQ:DSGR,equity,https://www.tradingview.com/chart/?symbol=NASDAQ%3ADSGR,False,False,,,34.741869923567926,53.1134485389519,34.755001068115234,2026-09-09 12:30
NYSE:OBK,equity,https://www.tradingview.com/chart/?symbol=NYSE%3AOBK,False,False,,,-58.15205678061104,37.87458114601458,53.40999984741211,2026-09-09 12:30
NASDAQ:EYE,equity,https://www.tradingview.com/chart/?symbol=NASDAQ%3AEYE,False,False,,,7.052014645539962,51.47200533582123,16.920000076293945,2026-09-09 12:30
NASDAQ:MAZE,equity,https://www.tradingview.com/chart/?symbol=NASDAQ%3AMAZE,False,False,,,-39.95252143110393,26.869851528223805,24.6299991607666,2026-09-09 12:30
NASDAQ:PGEN,equity,https://www.tradingview.com/chart/?symbol=NASDAQ%3APGEN,False,False,,,-60.263836901939676,36.294478263380704,6.769999980926514,2026-09-09 12:30
NASDAQ:QCRH,equity,https://www.tradingview.com/chart/?symbol=NASDAQ%3AQCRH,False,False,,,-35.119821992170166,42.85893088060919,101.36499786376953,2026-09-09 12:30
NASDAQ:VIR,equity,https://www.tradingview.com/chart/?symbol=NASDAQ%3AVIR,False,False,,,-62.54682203258859,38.21789301555592,10.869999885559082,2026-09-09 12:30
NYSE:TIC,equity,https://www.tradingview.com/chart/?symbol=NYSE%3ATIC,False,False,,,14.159858463766218,41.07707274298161,9.305000305175781,2026-09-09 12:30
NASDAQ:RBCAA,equity,https://www.tradingview.com/chart/?symbol=NASDAQ%3ARBCAA,False,False,,,-38.828797072650104,43.788249962533875,95.30500030517578,2026-09-09 12:30
NASDAQ:PICS,equity,https://www.tradingview.com/chart/?symbol=NASDAQ%3APICS,False,False,,,-77.56729561177814,35.54710223024759,10.699999809265137,2026-09-09 12:30
NYSE:BHVN,equity,https://www.tradingview.com/chart/?symbol=NYSE%3ABHVN,False,False,,,-56.54082645343124,46.53479786551345,15.154999732971191,2026-09-09 12:30
NYSE:IDT,equity,https://www.tradingview.com/chart/?symbol=NYSE%3AIDT,False,False,,,-35.10331978993523,36.89214367892087,67.38500213623047,2026-09-09 12:30
NASDAQ:MLTX,equity,https://www.tradingview.com/chart/?symbol=NASDAQ%3AMLTX,False,False,,,-72.88685088294896,22.421092285380084,13.984999656677246,2026-09-09 12:30
NASDAQ:INVA,equity,https://www.tradingview.com/chart/?symbol=NASDAQ%3AINVA,False,False,,,-11.12639509599684,50.737022732649315,21.239999771118164,2026-09-09 12:30
NASDAQ:HLMN,equity,https://www.tradingview.com/chart/?symbol=NASDAQ%3AHLMN,False,False,,,-77.46188430733501,24.419790067861484,7.230000019073486,2026-09-09 12:30
NYSE:GBX,equity,https://www.tradingview.com/chart/?symbol=NYSE%3AGBX,False,False,,,-9.8307197702956,40.75403816914765,42.56999969482422,2026-09-09 12:30
NYSE:LZB,equity,https://www.tradingview.com/chart/?symbol=NYSE%3ALZB,False,False,,,-39.334182966373795,39.89318829016022,31.559999465942383,2026-09-09 12:30
NYSE:VOYG,equity,https://www.tradingview.com/chart/?symbol=NYSE%3AVOYG,False,False,,,9.277278929762302,47.58577300740242,33.959999084472656,2026-09-09 12:30
AMEX:CET,equity,https://www.tradingview.com/chart/?symbol=AMEX%3ACET,False,False,,,60.38548644584006,62.27003293061425,55.70000076293945,2026-09-09 12:30
NASDAQ:PRGS,equity,https://www.tradingview.com/chart/?symbol=NASDAQ%3APRGS,False,False,,,-69.94421550785795,29.90808309129399,41.16999816894531,2026-09-09 12:30
NYSE:WOLF,equity,https://www.tradingview.com/chart/?symbol=NYSE%3AWOLF,False,False,,,12.486850631246186,47.648692681306386,27.71500015258789,2026-09-09 12:30
NYSE:GAM,equity,https://www.tradingview.com/chart/?symbol=NYSE%3AGAM,False,False,,,-69.36436734030536,33.19802779787504,65.72000122070312,2026-09-09 12:30
NASDAQ:AIP,equity,https://www.tradingview.com/chart/?symbol=NASDAQ%3AAIP,False,False,,,64.76164989942498,67.78007945114726,22.788999557495117,2026-09-09 12:30
NYSE:REX,equity,https://www.tradingview.com/chart/?symbol=NYSE%3AREX,False,False,,,33.93910611002066,53.40323614122975,42.529998779296875,2026-09-09 12:30
NASDAQ:LKFN,equity,https://www.tradingview.com/chart/?symbol=NASDAQ%3ALKFN,False,False,,,-49.986692292308554,44.44297176192606,59.77000045776367,2026-09-09 12:30
NASDAQ:SEPN,equity,https://www.tradingview.com/chart/?symbol=NASDAQ%3ASEPN,False,False,,,67.42331330246441,62.955934107524634,38.650001525878906,2026-09-09 12:30
NASDAQ:LIND,equity,https://www.tradingview.com/chart/?symbol=NASDAQ%3ALIND,False,False,,,-0.3802085412688256,39.86130360486377,25.489999771118164,2026-09-09 12:30
NASDAQ:BLFS,equity,https://www.tradingview.com/chart/?symbol=NASDAQ%3ABLFS,False,False,,,-23.25038653864752,41.1528092247029,35.25,2026-09-09 12:30
NYSE:ENOV,equity,https://www.tradingview.com/chart/?symbol=NYSE%3AENOV,False,False,,,8.543493158016425,38.07869232289339,19.075000762939453,2026-09-09 12:30
NASDAQ:BCAX,equity,https://www.tradingview.com/chart/?symbol=NASDAQ%3ABCAX,False,False,,,31.935274458806177,51.77902327907172,23.489999771118164,2026-09-09 12:30
NYSE:DXC,equity,https://www.tradingview.com/chart/?symbol=NYSE%3ADXC,False,False,,,-50.947610739579524,34.198744976845234,10.925000190734863,2026-09-09 12:30
NASDAQ:RAPP,equity,https://www.tradingview.com/chart/?symbol=NASDAQ%3ARAPP,False,False,,,-73.51781902959944,28.177559934597525,44.380001068115234,2026-09-09 12:30
NASDAQ:USAR,equity,https://www.tradingview.com/chart/?symbol=NASDAQ%3AUSAR,False,False,,,-32.49445221532766,40.72521217378681,17.280000686645508,2026-09-09 12:30
NYSE:GSL,equity,https://www.tradingview.com/chart/?symbol=NYSE%3AGSL,False,False,,,-40.71920218222001,42.483263124625935,44.939998626708984,2026-09-09 12:30
NYSE:SFL,equity,https://www.tradingview.com/chart/?symbol=NYSE%3ASFL,False,False,,,-29.934383090693586,48.985105739827766,12.579999923706055,2026-09-09 12:30
NASDAQ:GIII,equity,https://www.tradingview.com/chart/?symbol=NASDAQ%3AGIII,False,False,,,2.8749635929237876,39.541329043176255,27.59000015258789,2026-09-09 12:30
NYSE:TPB,equity,https://www.tradingview.com/chart/?symbol=NYSE%3ATPB,False,False,,,-79.58740941735574,36.052251049425664,73.59500122070312,2026-09-09 12:30
NASDAQ:GLUE,equity,https://www.tradingview.com/chart/?symbol=NASDAQ%3AGLUE,False,False,,,39.7646856744781,63.61601399191487,14.449999809265137,2026-09-09 12:30
NASDAQ:AHCO,equity,https://www.tradingview.com/chart/?symbol=NASDAQ%3AAHCO,False,False,,,-61.2640027268894,30.35151968749443,5.65500020980835,2026-09-09 12:30
NASDAQ:ALNT,equity,https://www.tradingview.com/chart/?symbol=NASDAQ%3AALNT,False,False,,,39.84768768243894,58.42822085494584,95.58999633789062,2026-09-09 12:30
NASDAQ:MLKN,equity,https://www.tradingview.com/chart/?symbol=NASDAQ%3AMLKN,False,False,,,-58.06641059231301,34.655663716253,21.795000076293945,2026-09-09 12:30
NYSE:SLVM,equity,https://www.tradingview.com/chart/?symbol=NYSE%3ASLVM,False,False,,,-33.69968505432893,44.309770861782205,35.27000045776367,2026-09-09 12:30
NYSE:BRBR,equity,https://www.tradingview.com/chart/?symbol=NYSE%3ABRBR,False,False,,,-75.39825708804024,27.44794198199088,9.550000190734863,2026-09-09 12:30
NYSE:KRP,equity,https://www.tradingview.com/chart/?symbol=NYSE%3AKRP,False,False,,,67.08310261658568,61.526693104496324,15.151000022888184,2026-09-09 12:30
NYSE:ARDT,equity,https://www.tradingview.com/chart/?symbol=NYSE%3AARDT,False,False,,,-26.24740338486842,55.86296913666662,10.9399995803833,2026-09-09 12:30
NASDAQ:AMLX,equity,https://www.tradingview.com/chart/?symbol=NASDAQ%3AAMLX,False,False,,,-55.48915365966791,35.405669803442905,33.2400016784668,2026-09-09 12:30
NYSE:AAT,equity,https://www.tradingview.com/chart/?symbol=NYSE%3AAAT,False,False,,,-77.58519410837826,27.96034126085432,21.524999618530273,2026-09-09 12:30
TSX:TSU,equity,https://www.tradingview.com/chart/?symbol=TSX%3ATSU,False,False,,,15.420760199093243,47.76355707536202,41.86000061035156,2026-09-09 12:30
NYSE:TV,equity,https://www.tradingview.com/chart/?symbol=NYSE%3ATV,False,False,,,-72.6761575223451,24.682443494964645,2.4000000953674316,2026-09-09 12:30
AMEX:IE,equity,https://www.tradingview.com/chart/?symbol=AMEX%3AIE,False,False,,,43.624844555059134,60.472128699488486,10.96500015258789,2026-09-09 12:30
NASDAQ:CSWC,equity,https://www.tradingview.com/chart/?symbol=NASDAQ%3ACSWC,False,False,,,-70.72687845132106,34.063770805647394,24.1200008392334,2026-09-09 12:30
NYSE:TNC,equity,https://www.tradingview.com/chart/?symbol=NYSE%3ATNC,False,False,,,32.814109028989954,47.85096267441204,71.33999633789062,2026-09-09 12:30
NYSE:TRLV,equity,https://www.tradingview.com/chart/?symbol=NYSE%3ATRLV,False,False,,,34.60093329410793,46.250756685453766,12.039999961853027,2026-09-09 12:30
NYSE:SVV,equity,https://www.tradingview.com/chart/?symbol=NYSE%3ASVV,False,False,,,-59.833744952239975,26.89493006107942,9.850000381469727,2026-09-09 12:30
TSX:KEL,equity,https://www.tradingview.com/chart/?symbol=TSX%3AKEL,False,False,,,20.315287097384353,46.558862925424826,10.40999984741211,2026-09-09 12:30
NASDAQ:IART,equity,https://www.tradingview.com/chart/?symbol=NASDAQ%3AIART,False,False,,,-56.01334945825035,38.40079042399076,16.06999969482422,2026-09-09 12:30
NYSE:FMC,equity,https://www.tradingview.com/chart/?symbol=NYSE%3AFMC,False,False,,,-44.983405293016155,48.017853333396666,12.625,2026-09-09 12:30
NYSE:INSP,equity,https://www.tradingview.com/chart/?symbol=NYSE%3AINSP,False,False,,,43.950366092964344,66.49246277873183,65.43000030517578,2026-09-09 12:30
NYSE:PRGO,equity,https://www.tradingview.com/chart/?symbol=NYSE%3APRGO,False,False,,,-40.892719098761454,40.675514822554234,14.3149995803833,2026-09-09 12:30
NYSE:VPG,equity,https://www.tradingview.com/chart/?symbol=NYSE%3AVPG,False,False,,,28.212136059095243,52.00476235344374,63.834999084472656,2026-09-09 12:30
NASDAQ:PLTK,equity,https://www.tradingview.com/chart/?symbol=NASDAQ%3APLTK,False,False,,,37.92366682779792,60.90698470399333,2.2799999713897705,2026-09-09 12:30
NASDAQ:PWP,equity,https://www.tradingview.com/chart/?symbol=NASDAQ%3APWP,False,False,,,-42.11604646726094,33.02183188116754,16.104999542236328,2026-09-09 12:30
NYSE:LEG,equity,https://www.tradingview.com/chart/?symbol=NYSE%3ALEG,False,False,,,-39.405115799494546,39.90771492137257,9.1899995803833,2026-08-26 15:30
NASDAQ:JJSF,equity,https://www.tradingview.com/chart/?symbol=NASDAQ%3AJJSF,False,False,,,-70.97574978587018,24.664619643010056,81.9800033569336,2026-09-09 12:30
NASDAQ:ATLC,equity,https://www.tradingview.com/chart/?symbol=NASDAQ%3AATLC,False,False,,,-36.13955071014155,46.63383062603532,93.13999938964844,2026-09-09 12:30
NASDAQ:XERS,equity,https://www.tradingview.com/chart/?symbol=NASDAQ%3AXERS,False,False,,,-43.04461513229191,27.112949411167648,8.119999885559082,2026-09-09 12:30
NYSE:AMPX,equity,https://www.tradingview.com/chart/?symbol=NYSE%3AAMPX,False,False,,,27.020833408807732,52.090732737661426,10.055000305175781,2026-09-09 12:30
NASDAQ:CNXC,equity,https://www.tradingview.com/chart/?symbol=NASDAQ%3ACNXC,False,False,,,-77.56148265938606,32.846173255338385,27.395000457763672,2026-09-09 12:30
NASDAQ:TRS,equity,https://www.tradingview.com/chart/?symbol=NASDAQ%3ATRS,False,False,,,-50.85073688179469,38.09852930946801,38.380001068115234,2026-09-09 12:30
NYSE:EFC,equity,https://www.tradingview.com/chart/?symbol=NYSE%3AEFC,False,False,,,-42.73245348263251,40.11695093457689,13.345000267028809,2026-09-09 12:30
NASDAQ:AVBP,equity,https://www.tradingview.com/chart/?symbol=NASDAQ%3AAVBP,False,False,,,-48.62593583255606,40.55074998629198,29.84000015258789,2026-09-09 12:30
TSX:CJ,equity,https://www.tradingview.com/chart/?symbol=TSX%3ACJ,False,False,,,43.04950473429424,60.90300988362485,12.175000190734863,2026-09-09 12:30
TSX:MAL,equity,https://www.tradingview.com/chart/?symbol=TSX%3AMAL,False,False,,,-20.395091144624235,49.459670883190896,32.119998931884766,2026-09-09 12:30
TSX:RCH,equity,https://www.tradingview.com/chart/?symbol=TSX%3ARCH,False,False,,,-31.34238708882137,45.38512790352111,35.14500045776367,2026-09-09 12:30
NYSE:XZO,equity,https://www.tradingview.com/chart/?symbol=NYSE%3AXZO,False,False,,,-72.00744061782869,36.11525658659501,15.960000038146973,2026-09-09 12:30
NASDAQ:PEBO,equity,https://www.tradingview.com/chart/?symbol=NASDAQ%3APEBO,False,False,,,-45.07566585413844,32.94636924548662,39.220001220703125,2026-09-09 12:30
NASDAQ:MRTN,equity,https://www.tradingview.com/chart/?symbol=NASDAQ%3AMRTN,False,False,,,-25.101407459462433,38.22209835707805,14.050000190734863,2026-09-09 12:30
NASDAQ:BJRI,equity,https://www.tradingview.com/chart/?symbol=NASDAQ%3ABJRI,False,False,,,-5.938999697092079,40.2656552234003,59.775001525878906,2026-09-09 12:30
NYSE:HLX,equity,https://www.tradingview.com/chart/?symbol=NYSE%3AHLX,False,False,,,73.25722226839639,64.78589817337536,10.619999885559082,2026-09-01 15:30
NYSE:DFH,equity,https://www.tradingview.com/chart/?symbol=NYSE%3ADFH,False,False,,,-62.275264601643464,31.03119513559382,12.890000343322754,2026-09-09 12:30
NYSE:CRI,equity,https://www.tradingview.com/chart/?symbol=NYSE%3ACRI,False,False,,,-39.88469535588208,46.69071502361789,32.529998779296875,2026-09-09 12:30
NASDAQ:WEN,equity,https://www.tradingview.com/chart/?symbol=NASDAQ%3AWEN,False,False,,,-45.413297659789954,31.929219229451377,7.610000133514404,2026-09-09 12:30
NASDAQ:XNCR,equity,https://www.tradingview.com/chart/?symbol=NASDAQ%3AXNCR,False,False,,,-48.73645913675771,35.442554799989225,25.290000915527344,2026-09-09 12:30
NYSE:ENR,equity,https://www.tradingview.com/chart/?symbol=NYSE%3AENR,False,False,,,-47.49710772065057,28.676989031993344,20.100000381469727,2026-09-09 12:30
NYSE:PRSU,equity,https://www.tradingview.com/chart/?symbol=NYSE%3APRSU,False,False,,,-9.731520955497098,47.48612265248455,47.77000045776367,2026-09-09 12:30
TSX:ERD,equity,https://www.tradingview.com/chart/?symbol=TSX%3AERD,False,False,,,51.448233813068846,61.440133768726255,6.690000057220459,2026-09-09 12:30
NYSE:ECVT,equity,https://www.tradingview.com/chart/?symbol=NYSE%3AECVT,False,False,,,34.9929687673561,56.91610155992464,10.3100004196167,2026-09-09 12:30
NYSE:ALX,equity,https://www.tradingview.com/chart/?symbol=NYSE%3AALX,False,False,,,-62.4716641832919,34.79962234274264,258.6000061035156,2026-09-09 12:30
NASDAQ:TSHA,equity,https://www.tradingview.com/chart/?symbol=NASDAQ%3ATSHA,False,False,,,-70.16344796892888,37.91921100824707,5.355000019073486,2026-09-09 12:30
NASDAQ:ZBIO,equity,https://www.tradingview.com/chart/?symbol=NASDAQ%3AZBIO,False,False,,,-23.81685442588709,44.48551003310084,32.459999084472656,2026-09-09 12:30
NYSE:SID,equity,https://www.tradingview.com/chart/?symbol=NYSE%3ASID,False,False,,,72.22948145776856,67.70302964620222,1.2999999523162842,2026-09-09 12:30
NYSE:SBH,equity,https://www.tradingview.com/chart/?symbol=NYSE%3ASBH,False,False,,,-38.86030970743938,40.10500331873937,16.0049991607666,2026-09-09 12:30
NASDAQ:WABC,equity,https://www.tradingview.com/chart/?symbol=NASDAQ%3AWABC,False,False,,,-61.22588359357041,31.725034757839396,57.95500183105469,2026-09-09 12:30
NASDAQ:ABSI,equity,https://www.tradingview.com/chart/?symbol=NASDAQ%3AABSI,False,False,,,-7.762018445275054,48.44437856981904,8.8149995803833,2026-09-09 12:30
NASDAQ:PNTG,equity,https://www.tradingview.com/chart/?symbol=NASDAQ%3APNTG,False,False,,,41.02522832681914,60.695935453133536,39.029998779296875,2026-09-09 12:30
NYSE:ARLO,equity,https://www.tradingview.com/chart/?symbol=NYSE%3AARLO,False,False,,,-0.3048331431901108,39.28525494479285,13.175000190734863,2026-09-09 12:30
NYSE:OI,equity,https://www.tradingview.com/chart/?symbol=NYSE%3AOI,False,False,,,-69.90277078836425,29.74580917060321,6.59499979019165,2026-09-09 12:30
NYSE:LOMA,equity,https://www.tradingview.com/chart/?symbol=NYSE%3ALOMA,False,False,,,-47.57355732752495,52.26828450515245,10.194999694824219,2026-09-09 12:30
NYSE:FOR,equity,https://www.tradingview.com/chart/?symbol=NYSE%3AFOR,False,False,,,-65.33006706811402,33.22803874622464,26.809999465942383,2026-09-09 12:30
NYSE:RERE,equity,https://www.tradingview.com/chart/?symbol=NYSE%3ARERE,False,False,,,-58.39271662623981,35.865183434218395,4.034999847412109,2026-09-09 12:30
NASDAQ:BLKB,equity,https://www.tradingview.com/chart/?symbol=NASDAQ%3ABLKB,False,False,,,-66.2644189823337,29.371884995405566,44.540000915527344,2026-09-09 12:30
NASDAQ:AMAL,equity,https://www.tradingview.com/chart/?symbol=NASDAQ%3AAMAL,False,False,,,-69.71871439674158,34.9235899329246,47.80500030517578,2026-09-09 12:30
NASDAQ:GCT,equity,https://www.tradingview.com/chart/?symbol=NASDAQ%3AGCT,False,False,,,45.30726598165302,56.856742729360455,52.334999084472656,2026-09-09 12:30
NYSE:AMC,equity,https://www.tradingview.com/chart/?symbol=NYSE%3AAMC,False,False,,,-22.778720219571223,47.471498921368784,2.569999933242798,2026-09-09 12:30
NASDAQ:PGY,equity,https://www.tradingview.com/chart/?symbol=NASDAQ%3APGY,False,False,,,-56.26573204806329,40.13247667794731,21.69499969482422,2026-09-09 12:30
TSX:CYB,equity,https://www.tradingview.com/chart/?symbol=TSX%3ACYB,False,False,,,-79.80548508071745,43.779844237843626,95.5,2026-09-09 12:30
NASDAQ:ICFI,equity,https://www.tradingview.com/chart/?symbol=NASDAQ%3AICFI,False,False,,,-44.18310469125737,37.71868714447101,86.1500015258789,2026-09-09 12:30
TSX:AIF,equity,https://www.tradingview.com/chart/?symbol=TSX%3AAIF,False,False,,,-54.593695694347836,39.52514857130439,45.90999984741211,2026-09-09 12:30
TSX:LSPD,equity,https://www.tradingview.com/chart/?symbol=TSX%3ALSPD,False,False,,,-68.49859250508148,27.60264562676356,13.670000076293945,2026-09-09 12:30
TSX:TNZ,equity,https://www.tradingview.com/chart/?symbol=TSX%3ATNZ,False,False,,,102.23806682565345,86.496796588812,73.62000274658203,2026-09-09 12:30
NASDAQ:PAHC,equity,https://www.tradingview.com/chart/?symbol=NASDAQ%3APAHC,False,False,,,-61.176565345121936,31.087186346346044,36.86000061035156,2026-09-09 12:30
NASDAQ:ULCC,equity,https://www.tradingview.com/chart/?symbol=NASDAQ%3AULCC,False,False,,,-40.201590888554385,43.05739450870868,5.679999828338623,2026-09-09 12:30
NASDAQ:CCEC,equity,https://www.tradingview.com/chart/?symbol=NASDAQ%3ACCEC,False,False,,,-50.03530593929717,45.523413876380516,22.524700164794922,2026-09-09 12:30
NYSE:DMC,equity,https://www.tradingview.com/chart/?symbol=NYSE%3ADMC,False,False,,,65.17409292927337,58.08640826542423,32.5099983215332,2026-09-09 12:30
NYSE:SMA,equity,https://www.tradingview.com/chart/?symbol=NYSE%3ASMA,False,False,,,-73.65853206851757,29.86754928735529,31.959999084472656,2026-09-09 12:30
TSX:FIH.U,equity,https://www.tradingview.com/chart/?symbol=TSX%3AFIH.U,False,False,,,-36.93374904872115,37.386619781742596,18.100000381469727,2026-09-09 12:30
NYSE:YELP,equity,https://www.tradingview.com/chart/?symbol=NYSE%3AYELP,False,False,,,-57.38240067745116,34.21289988757408,20.700000762939453,2026-09-09 12:30
NYSE:CXM,equity,https://www.tradingview.com/chart/?symbol=NYSE%3ACXM,False,False,,,-52.3394384095339,14.50199875198301,5.355000019073486,2026-09-09 12:30
NYSE:NAT,equity,https://www.tradingview.com/chart/?symbol=NYSE%3ANAT,False,False,,,29.977036546917958,64.35062491209212,7.289000034332275,2026-09-09 12:30
NYSE:DOLE,equity,https://www.tradingview.com/chart/?symbol=NYSE%3ADOLE,False,False,,,-12.496434216752528,43.20585069374909,13.8100004196167,2026-09-09 12:30
NASDAQ:WLTH,equity,https://www.tradingview.com/chart/?symbol=NASDAQ%3AWLTH,False,False,,,48.56839088835482,62.474810221775435,9.704999923706055,2026-09-09 12:30
NYSE:GLOB,equity,https://www.tradingview.com/chart/?symbol=NYSE%3AGLOB,False,False,,,-60.09692576990781,32.848238081022714,36.279998779296875,2026-09-09 12:30
NYSE:LSPD,equity,https://www.tradingview.com/chart/?symbol=NYSE%3ALSPD,False,False,,,-72.18975751629229,28.08685037373077,9.899999618530273,2026-09-09 12:30
NASDAQ:PRCH,equity,https://www.tradingview.com/chart/?symbol=NASDAQ%3APRCH,False,False,,,-69.5302604200863,25.179691363302013,16.43000030517578,2026-09-09 12:30
NASDAQ:TBLA,equity,https://www.tradingview.com/chart/?symbol=NASDAQ%3ATBLA,False,False,,,-70.96273494949368,38.177682150163356,3.7249999046325684,2026-09-09 12:30
NASDAQ:NKTR,equity,https://www.tradingview.com/chart/?symbol=NASDAQ%3ANKTR,False,False,,,-7.636779109566064,43.64814329851963,73.55000305175781,2026-09-09 12:30
NASDAQ:RXRX,equity,https://www.tradingview.com/chart/?symbol=NASDAQ%3ARXRX,False,False,,,-48.06212238495224,31.06269588149658,3.244999885559082,2026-09-09 12:30
NYSE:SCL,equity,https://www.tradingview.com/chart/?symbol=NYSE%3ASCL,False,False,,,-37.859853335946475,39.69705351491148,61.630001068115234,2026-09-09 12:30
NYSE:VTOL,equity,https://www.tradingview.com/chart/?symbol=NYSE%3AVTOL,False,False,,,-8.789392630799043,43.08216829791815,43.41999816894531,2026-09-09 12:30
NASDAQ:LGIH,equity,https://www.tradingview.com/chart/?symbol=NASDAQ%3ALGIH,False,False,,,-55.05628867318529,30.906662457576147,51.904998779296875,2026-09-09 12:30
NYSE:AMN,equity,https://www.tradingview.com/chart/?symbol=NYSE%3AAMN,False,False,,,57.60247607380893,60.63593002226658,34.130001068115234,2026-09-09 12:30
NYSE:TTI,equity,https://www.tradingview.com/chart/?symbol=NYSE%3ATTI,False,False,,,35.579933774396515,58.30360099908456,7.070000171661377,2026-09-09 12:30
NYSE:ACVA,equity,https://www.tradingview.com/chart/?symbol=NYSE%3AACVA,False,False,,,11.218311716630858,53.08625650875509,7.005000114440918,2026-09-09 12:30
AMEX:TMP,equity,https://www.tradingview.com/chart/?symbol=AMEX%3ATMP,False,False,,,-52.994962711784986,29.733671769223847,96.29000091552734,2026-09-09 12:30
NYSE:UVV,equity,https://www.tradingview.com/chart/?symbol=NYSE%3AUVV,False,False,,,-54.32185175310454,39.040775167937596,45.36000061035156,2026-09-09 12:30
NYSE:ODC,equity,https://www.tradingview.com/chart/?symbol=NYSE%3AODC,False,False,,,-65.71636582943968,33.23251477355193,85.4000015258789,2026-09-09 12:30
NYSE:BV,equity,https://www.tradingview.com/chart/?symbol=NYSE%3ABV,False,False,,,-50.782692859245714,42.37124112950866,11.109999656677246,2026-09-09 12:30
TSX:AAV,equity,https://www.tradingview.com/chart/?symbol=TSX%3AAAV,False,False,,,-68.4399587170021,29.771776939285303,10.829999923706055,2026-09-09 12:30
NYSE:RES,equity,https://www.tradingview.com/chart/?symbol=NYSE%3ARES,False,False,,,8.026539412394571,47.41959065206069,6.5,2026-09-09 12:30
NASDAQ:MGRT,equity,https://www.tradingview.com/chart/?symbol=NASDAQ%3AMGRT,False,False,,,41.9139819349179,50.36466575224716,109.5,2026-09-09 12:30
NYSE:GIC,equity,https://www.tradingview.com/chart/?symbol=NYSE%3AGIC,False,False,,,-9.645378071474019,41.311794951942495,39.154998779296875,2026-09-09 12:30
NASDAQ:DMLP,equity,https://www.tradingview.com/chart/?symbol=NASDAQ%3ADMLP,False,False,,,58.541718156064036,57.92656200423242,29.579999923706055,2026-09-09 12:30
NYSE:UMH,equity,https://www.tradingview.com/chart/?symbol=NYSE%3AUMH,False,False,,,-79.61195367797207,21.875017916552892,15.524999618530273,2026-09-09 12:30
NASDAQ:TRIN,equity,https://www.tradingview.com/chart/?symbol=NASDAQ%3ATRIN,False,False,,,-71.00797224614028,42.84444256654282,18.100000381469727,2026-09-09 12:30
TSX:LB,equity,https://www.tradingview.com/chart/?symbol=TSX%3ALB,False,False,,,37.287814922012615,58.59302520942619,40.61000061035156,2026-09-09 12:30
NYSE:VIA,equity,https://www.tradingview.com/chart/?symbol=NYSE%3AVIA,False,False,,,-54.76741428620167,35.24577598744824,26.200000762939453,2026-09-09 12:30
NASDAQ:NVAX,equity,https://www.tradingview.com/chart/?symbol=NASDAQ%3ANVAX,False,False,,,-45.301937108991346,43.7376853557179,9.880000114440918,2026-09-09 12:30
NYSE:NVGS,equity,https://www.tradingview.com/chart/?symbol=NYSE%3ANVGS,False,False,,,3.5598516154386437,54.94196467351301,22.639999389648438,2026-09-09 12:30
NASDAQ:ROCK,equity,https://www.tradingview.com/chart/?symbol=NASDAQ%3AROCK,False,False,,,-15.57920530856626,42.851309368774885,45.95500183105469,2026-09-09 12:30
NASDAQ:AKTS,equity,https://www.tradingview.com/chart/?symbol=NASDAQ%3AAKTS,False,False,,,-51.445559071908804,33.81035511610763,24.514999389648438,2026-09-09 12:30
NASDAQ:TRAX,equity,https://www.tradingview.com/chart/?symbol=NASDAQ%3ATRAX,False,False,,,-27.30869653327657,40.175901112260526,40.709999084472656,2026-09-09 12:30
TSX:BIR,equity,https://www.tradingview.com/chart/?symbol=TSX%3ABIR,False,False,,,-64.51819814253503,37.072504047634325,6.340000152587891,2026-09-09 12:30
NASDAQ:OMDA,equity,https://www.tradingview.com/chart/?symbol=NASDAQ%3AOMDA,False,False,,,-62.1015129195317,27.904461247661942,21.489999771118164,2026-09-09 12:30
NASDAQ:ASTE,equity,https://www.tradingview.com/chart/?symbol=NASDAQ%3AASTE,False,False,,,-48.56046656527272,40.33186650778372,42.18000030517578,2026-09-09 12:30
NYSE:MSDL,equity,https://www.tradingview.com/chart/?symbol=NYSE%3AMSDL,False,False,,,-79.93322503745651,27.00761907787843,14.845000267028809,2026-09-09 12:30
NASDAQ:HLIT,equity,https://www.tradingview.com/chart/?symbol=NASDAQ%3AHLIT,False,False,,,35.23267702373601,50.97467966085516,11.880000114440918,2026-09-09 12:30
TSX:SVI,equity,https://www.tradingview.com/chart/?symbol=TSX%3ASVI,False,False,,,-45.52036835571108,36.4950815108667,4.295000076293945,2026-09-09 12:30
NYSE:CLVT,equity,https://www.tradingview.com/chart/?symbol=NYSE%3ACLVT,False,False,,,-57.28080644008264,41.13526238633497,1.9199999570846558,2026-09-09 12:30
NYSE:UAN,equity,https://www.tradingview.com/chart/?symbol=NYSE%3AUAN,False,False,,,47.49622052887372,60.52909721585618,133.47500610351562,2026-09-09 12:30
NASDAQ:FMBH,equity,https://www.tradingview.com/chart/?symbol=NASDAQ%3AFMBH,False,False,,,-58.4650271036028,34.144672860104876,50.189998626708984,2026-09-09 12:30
NYSE:EPC,equity,https://www.tradingview.com/chart/?symbol=NYSE%3AEPC,False,False,,,-66.27445613593328,24.598125484365,26.989900588989258,2026-09-09 12:30
AMEX:SLSR,equity,https://www.tradingview.com/chart/?symbol=AMEX%3ASLSR,False,False,,,23.874224541247255,55.25413610033014,8.475000381469727,2026-09-09 12:30
NASDAQ:WINA,equity,https://www.tradingview.com/chart/?symbol=NASDAQ%3AWINA,False,False,,,-60.72492337647619,35.17249426478851,308.9599914550781,2026-09-09 12:30
NASDAQ:NWPX,equity,https://www.tradingview.com/chart/?symbol=NASDAQ%3ANWPX,False,False,,,-55.98502985177993,36.8331943886606,105.22000122070312,2026-09-09 12:30
NYSE:KOS,equity,https://www.tradingview.com/chart/?symbol=NYSE%3AKOS,False,False,,,35.25744666222223,49.47223396232148,2.8450000286102295,2026-09-09 12:30
NASDAQ:NSSC,equity,https://www.tradingview.com/chart/?symbol=NASDAQ%3ANSSC,False,False,,,-5.947973488661897,44.49426545707239,36.2599983215332,2026-09-09 12:30
NASDAQ:WBTN,equity,https://www.tradingview.com/chart/?symbol=NASDAQ%3AWBTN,False,False,,,16.96863052790669,45.83105165480066,10.06719970703125,2026-09-09 12:30
NYSE:NRP,equity,https://www.tradingview.com/chart/?symbol=NYSE%3ANRP,False,False,,,-4.25828114488808,42.45458588667616,112.0,2026-09-09 12:30
NASDAQ:UFCS,equity,https://www.tradingview.com/chart/?symbol=NASDAQ%3AUFCS,False,False,,,-74.67570761331605,27.86686758283335,52.83000183105469,2026-09-09 12:30
NASDAQ:AVLN,equity,https://www.tradingview.com/chart/?symbol=NASDAQ%3AAVLN,False,False,,,15.2630287222204,52.21738066770789,36.98500061035156,2026-09-09 12:30
NASDAQ:RDWR,equity,https://www.tradingview.com/chart/?symbol=NASDAQ%3ARDWR,False,False,,,-27.21665117183021,49.41159330934305,28.139999389648438,2026-09-09 12:30
NYSE:CDRE,equity,https://www.tradingview.com/chart/?symbol=NYSE%3ACDRE,False,False,,,-17.59140575998529,36.468433950298355,28.81999969482422,2026-09-09 12:30
NYSE:TWO,equity,https://www.tradingview.com/chart/?symbol=NYSE%3ATWO,False,False,,,84.56400633591655,80.03071073879694,12.180000305175781,2026-08-24 15:30
NYSE:HLF,equity,https://www.tradingview.com/chart/?symbol=NYSE%3AHLF,False,False,,,0.41957197614546465,52.05739776065686,12.340100288391113,2026-09-09 12:30
NASDAQ:PCT,equity,https://www.tradingview.com/chart/?symbol=NASDAQ%3APCT,False,False,,,33.84328835760397,46.45289385500994,6.385000228881836,2026-09-09 12:30
TSX:SPB,equity,https://www.tradingview.com/chart/?symbol=TSX%3ASPB,False,False,,,-16.98801205764505,49.70036820688178,7.079999923706055,2026-09-09 12:30
NYSE:CMP,equity,https://www.tradingview.com/chart/?symbol=NYSE%3ACMP,False,False,,,36.154172343086536,63.65952800353538,26.020000457763672,2026-09-09 12:30
NASDAQ:INBX,equity,https://www.tradingview.com/chart/?symbol=NASDAQ%3AINBX,False,False,,,8.10483355802468,48.000817488228776,117.22000122070312,2026-09-09 12:30
NYSE:CNMD,equity,https://www.tradingview.com/chart/?symbol=NYSE%3ACNMD,False,False,,,-55.46228874459657,34.26911420995883,46.59000015258789,2026-09-09 12:30
NYSE:RYZ,equity,https://www.tradingview.com/chart/?symbol=NYSE%3ARYZ,False,False,,,-13.728967823050922,39.80429859246374,25.670000076293945,2026-09-09 12:30
NYSE:NPKI,equity,https://www.tradingview.com/chart/?symbol=NYSE%3ANPKI,False,False,,,16.572951321881032,51.216525661884695,13.380000114440918,2026-09-09 12:30
NASDAQ:ATEC,equity,https://www.tradingview.com/chart/?symbol=NASDAQ%3AATEC,False,False,,,2.002435081311871,44.33644808623031,9.175000190734863,2026-09-09 12:30
NYSE:NBR,equity,https://www.tradingview.com/chart/?symbol=NYSE%3ANBR,False,False,,,-21.283155700583986,43.08786816769554,90.76000213623047,2026-09-09 12:30
NASDAQ:KMTS,equity,https://www.tradingview.com/chart/?symbol=NASDAQ%3AKMTS,False,False,,,-34.417366020397395,36.9338576792616,24.690000534057617,2026-09-09 12:30
NYSE:TDAY,equity,https://www.tradingview.com/chart/?symbol=NYSE%3ATDAY,False,False,,,-37.41220443354424,40.106334644011824,6.295000076293945,2026-09-09 12:30
NASDAQ:LINC,equity,https://www.tradingview.com/chart/?symbol=NASDAQ%3ALINC,False,False,,,-60.58558382041948,36.871592630646404,24.405000686645508,2026-09-09 12:30
NASDAQ:ARDX,equity,https://www.tradingview.com/chart/?symbol=NASDAQ%3AARDX,False,False,,,-16.801814358763124,45.49044835844242,3.7209999561309814,2026-09-09 12:30
NASDAQ:NTLA,equity,https://www.tradingview.com/chart/?symbol=NASDAQ%3ANTLA,False,False,,,-52.817788162591306,38.080287770388416,12.335000038146973,2026-09-09 12:30
NASDAQ:UPBD,equity,https://www.tradingview.com/chart/?symbol=NASDAQ%3AUPBD,False,False,,,-46.48624620745724,41.28843090568085,18.309999465942383,2026-09-09 12:30
NYSE:UTZ,equity,https://www.tradingview.com/chart/?symbol=NYSE%3AUTZ,False,False,,,35.82801976808495,52.21666275438119,14.21500015258789,2026-09-09 12:30
TSX:JWEL,equity,https://www.tradingview.com/chart/?symbol=TSX%3AJWEL,False,False,,,46.54056386101812,52.79000584109013,45.4900016784668,2026-09-09 12:30
TSX:HMMC,equity,https://www.tradingview.com/chart/?symbol=TSX%3AHMMC,False,False,,,65.89167760963633,67.84427764395636,8.255000114440918,2026-09-09 12:30
NYSE:AMRC,equity,https://www.tradingview.com/chart/?symbol=NYSE%3AAMRC,False,False,,,16.464835224157312,47.665818269065184,23.049999237060547,2026-09-09 12:30
NASDAQ:GPRE,equity,https://www.tradingview.com/chart/?symbol=NASDAQ%3AGPRE,False,False,,,17.786112145246985,56.34413255415573,15.630000114440918,2026-09-09 12:30
NASDAQ:AZTA,equity,https://www.tradingview.com/chart/?symbol=NASDAQ%3AAZTA,False,False,,,-54.11039705691135,35.23249601882961,30.459999084472656,2026-09-09 12:30
NYSE:LADR,equity,https://www.tradingview.com/chart/?symbol=NYSE%3ALADR,False,False,,,-11.72353860476661,51.143130091318326,9.8149995803833,2026-09-09 12:30
AMEX:CNL,equity,https://www.tradingview.com/chart/?symbol=AMEX%3ACNL,False,False,,,-42.03922838258746,29.855341111263286,15.260100364685059,2026-09-09 12:30
NASDAQ:ASST,equity,https://www.tradingview.com/chart/?symbol=NASDAQ%3AASST,False,False,,,24.080916569069718,55.18663818034442,26.799999237060547,2026-09-09 12:30
NYSE:CVLG,equity,https://www.tradingview.com/chart/?symbol=NYSE%3ACVLG,False,False,,,43.1489701240279,51.09004313652359,34.93000030517578,2026-09-09 12:30
NASDAQ:AFYA,equity,https://www.tradingview.com/chart/?symbol=NASDAQ%3AAFYA,False,False,,,-71.36134892057761,34.83420042647704,14.029999732971191,2026-09-09 12:30
TSX:UNC,equity,https://www.tradingview.com/chart/?symbol=TSX%3AUNC,False,False,,,-19.66699542243752,40.794124518249305,14.699999809265137,2026-09-08 15:30
NYSE:SPH,equity,https://www.tradingview.com/chart/?symbol=NYSE%3ASPH,False,False,,,-32.16896480894809,39.941819665633034,17.389999389648438,2026-09-09 12:30
NYSE:GHM,equity,https://www.tradingview.com/chart/?symbol=NYSE%3AGHM,False,False,,,9.804339421349757,50.57768088147139,87.875,2026-09-09 12:30
NASDAQ:STAA,equity,https://www.tradingview.com/chart/?symbol=NASDAQ%3ASTAA,False,False,,,4.594242297552442,50.12225230762673,23.65999984741211,2026-09-09 12:30
NASDAQ:PFBC,equity,https://www.tradingview.com/chart/?symbol=NASDAQ%3APFBC,False,False,,,-77.4764853503391,31.801782292093975,101.38999938964844,2026-09-09 12:30
NYSE:CCO,equity,https://www.tradingview.com/chart/?symbol=NYSE%3ACCO,False,False,,,41.80583592321393,55.880804256486954,2.384999990463257,2026-09-09 12:30
TSX:VZLA,equity,https://www.tradingview.com/chart/?symbol=TSX%3AVZLA,False,False,,,-2.4298551580814824,52.24065870607822,5.659999847412109,2026-09-09 12:30
NASDAQ:SBET,equity,https://www.tradingview.com/chart/?symbol=NASDAQ%3ASBET,False,False,,,25.23695370855661,52.47719729033924,8.699999809265137,2026-09-09 12:30
NASDAQ:UVSP,equity,https://www.tradingview.com/chart/?symbol=NASDAQ%3AUVSP,False,False,,,-37.95680883456793,43.603223448739215,41.810001373291016,2026-09-09 12:30
NASDAQ:IMTX,equity,https://www.tradingview.com/chart/?symbol=NASDAQ%3AIMTX,False,False,,,-46.85179031649589,46.37130882612706,9.329999923706055,2026-09-09 12:30
NYSE:AORT,equity,https://www.tradingview.com/chart/?symbol=NYSE%3AAORT,False,False,,,-28.36946259846982,38.80789115273869,25.219999313354492,2026-09-09 12:30
NYSE:AI,equity,https://www.tradingview.com/chart/?symbol=NYSE%3AAI,False,False,,,-28.465605429872657,44.456781880619715,10.364999771118164,2026-09-09 12:30
AMEX:IAUX,equity,https://www.tradingview.com/chart/?symbol=AMEX%3AIAUX,False,False,,,12.175734954829883,55.837499311009715,1.7999999523162842,2026-09-09 12:30
NYSE:BW,equity,https://www.tradingview.com/chart/?symbol=NYSE%3ABW,False,False,,,21.90605308361876,49.76419634226375,7.414999961853027,2026-09-09 12:30
NASDAQ:LIFE,equity,https://www.tradingview.com/chart/?symbol=NASDAQ%3ALIFE,False,False,,,20.173053643788005,48.67362791948834,39.53499984741211,2026-09-09 12:30
NASDAQ:LZ,equity,https://www.tradingview.com/chart/?symbol=NASDAQ%3ALZ,False,False,,,-57.28053919207957,35.65503915911141,5.860000133514404,2026-09-09 12:30
NASDAQ:IRMD,equity,https://www.tradingview.com/chart/?symbol=NASDAQ%3AIRMD,False,False,,,-42.19026210271133,34.96824318568905,83.58999633789062,2026-09-09 12:30
NYSE:HQH,equity,https://www.tradingview.com/chart/?symbol=NYSE%3AHQH,False,False,,,-54.29613322135311,38.29103825934286,22.35059928894043,2026-09-09 12:30
NYSE:XIFR,equity,https://www.tradingview.com/chart/?symbol=NYSE%3AXIFR,False,False,,,-7.868775828505574,36.16231288010867,11.795000076293945,2026-09-09 12:30
TSX:LIF,equity,https://www.tradingview.com/chart/?symbol=TSX%3ALIF,False,False,,,-71.42932487719013,38.45480536589937,25.924999237060547,2026-09-09 12:30
NASDAQ:OSBC,equity,https://www.tradingview.com/chart/?symbol=NASDAQ%3AOSBC,False,False,,,-67.25725598585103,29.879849439850545,25.100000381469727,2026-09-09 12:30
NYSE:DFIN,equity,https://www.tradingview.com/chart/?symbol=NYSE%3ADFIN,False,False,,,-28.613756705711793,43.29442145011785,48.7599983215332,2026-09-09 12:30
NASDAQ:CBRL,equity,https://www.tradingview.com/chart/?symbol=NASDAQ%3ACBRL,False,False,,,-76.85355450412591,25.54115519525901,50.93000030517578,2026-09-09 12:30
COINBASE:BTCUSD,crypto,https://www.tradingview.com/chart/?symbol=COINBASE%3ABTCUSD,False,False,,,3.262227927991274,47.477204774375814,78754.89,2026-09-09 17:00
COINBASE:ETHUSD,crypto,https://www.tradingview.com/chart/?symbol=COINBASE%3AETHUSD,False,False,,,4.344966557810005,49.19449156589389,2493.25,2026-09-09 17:00
COINBASE:BNBUSD,crypto,https://www.tradingview.com/chart/?symbol=COINBASE%3ABNBUSD,False,False,,,-63.066273546237824,38.399877660293484,741.28,2026-09-09 17:00
COINBASE:XRPUSD,crypto,https://www.tradingview.com/chart/?symbol=COINBASE%3AXRPUSD,False,False,,,-10.388190856841577,50.13826277308202,1.4222,2026-09-09 17:00
COINBASE:SOLUSD,crypto,https://www.tradingview.com/chart/?symbol=COINBASE%3ASOLUSD,False,False,,,-19.64395506580645,47.70102513744695,103.52,2026-09-09 17:00
COINBASE:ZECUSD,crypto,https://www.tradingview.com/chart/?symbol=COINBASE%3AZECUSD,False,False,,,63.973492740004446,63.22393037894024,1267.35,2026-09-09 17:00
COINBASE:HYPEUSD,crypto,https://www.tradingview.com/chart/?symbol=COINBASE%3AHYPEUSD,False,False,,,9.092865509275759,59.049785027482606,86.98,2026-09-09 17:00
COINBASE:DOGEUSD,crypto,https://www.tradingview.com/chart/?symbol=COINBASE%3ADOGEUSD,False,False,,,-20.24567871845302,42.27144851370083,0.08908,2026-09-09 17:00
COINBASE:LINKUSD,crypto,https://www.tradingview.com/chart/?symbol=COINBASE%3ALINKUSD,False,False,,,-72.46398461417843,31.669427340673494,11.997,2026-09-09 17:00
COINBASE:ADAUSD,crypto,https://www.tradingview.com/chart/?symbol=COINBASE%3AADAUSD,False,False,,,-40.370909629825626,45.83019789023886,0.21756,2026-09-09 17:00
COINBASE:XLMUSD,crypto,https://www.tradingview.com/chart/?symbol=COINBASE%3AXLMUSD,False,False,,,-52.15515415412782,40.49960310558772,0.185476,2026-09-09 17:00
COINBASE:BCHUSD,crypto,https://www.tradingview.com/chart/?symbol=COINBASE%3ABCHUSD,False,False,,,-15.335252996529192,50.785030382365804,258.53,2026-09-09 17:00
COINBASE:LTCUSD,crypto,https://www.tradingview.com/chart/?symbol=COINBASE%3ALTCUSD,False,False,,,-30.11108257015123,49.83207828036027,54.351,2026-09-09 17:00
COINBASE:UNIUSD,crypto,https://www.tradingview.com/chart/?symbol=COINBASE%3AUNIUSD,False,False,,,-59.62636059803352,39.18008978138512,6.6077,2026-09-09 17:00
COINBASE:AVAXUSD,crypto,https://www.tradingview.com/chart/?symbol=COINBASE%3AAVAXUSD,False,False,,,-42.52595122757075,45.48248371855554,7.933,2026-09-09 17:00
COINBASE:HBARUSD,crypto,https://www.tradingview.com/chart/?symbol=COINBASE%3AHBARUSD,False,False,,,-52.43179462640898,40.190102162921434,0.0781,2026-09-09 17:00
COINBASE:NEARUSD,crypto,https://www.tradingview.com/chart/?symbol=COINBASE%3ANEARUSD,False,False,,,66.72630132515242,70.4327129074914,2.6245,2026-09-09 17:00
COINBASE:SUIUSD,crypto,https://www.tradingview.com/chart/?symbol=COINBASE%3ASUIUSD,False,False,,,-47.45154235430635,42.52436352956344,0.7995,2026-09-09 17:00
COINBASE:SHIBUSD,crypto,https://www.tradingview.com/chart/?symbol=COINBASE%3ASHIBUSD,False,False,,,-33.6217126269864,46.623987281225936,5.39e-06,2026-09-09 17:00
COINBASE:CROUSD,crypto,https://www.tradingview.com/chart/?symbol=COINBASE%3ACROUSD,False,False,,,-38.5606039487707,50.78080649804026,0.05986,2026-09-09 17:00
COINBASE:TAOUSD,crypto,https://www.tradingview.com/chart/?symbol=COINBASE%3ATAOUSD,False,False,,,12.584731654351136,49.56316470043948,259.5,2026-09-09 17:00
COINBASE:ASTERUSD,crypto,https://www.tradingview.com/chart/?symbol=COINBASE%3AASTERUSD,False,False,,,-49.76066075656172,41.45597182482423,0.7455,2026-09-09 17:00
COINBASE:AAVEUSD,crypto,https://www.tradingview.com/chart/?symbol=COINBASE%3AAAVEUSD,False,False,,,-5.645064455685052,47.123445835949816,129.09,2026-09-09 17:00
COINBASE:PUMPUSD,crypto,https://www.tradingview.com/chart/?symbol=COINBASE%3APUMPUSD,False,False,,,65.881314243933,66.83510455848182,0.004751,2026-09-09 17:00
COINBASE:DOTUSD,crypto,https://www.tradingview.com/chart/?symbol=COINBASE%3ADOTUSD,False,False,,,-60.48815143447907,40.90334915123208,1.1309,2026-09-09 17:00
COINBASE:ONDOUSD,crypto,https://www.tradingview.com/chart/?symbol=COINBASE%3AONDOUSD,False,False,,,-34.78446272387714,43.00337220666351,0.37114,2026-09-09 17:00
COINBASE:WLFIUSD,crypto,https://www.tradingview.com/chart/?symbol=COINBASE%3AWLFIUSD,False,False,,,-68.6549857436464,48.06445736382634,0.05581,2026-09-09 17:00
COINBASE:MORPHOUSD,crypto,https://www.tradingview.com/chart/?symbol=COINBASE%3AMORPHOUSD,False,False,,,-15.590433128508925,46.7797235945889,2.3575,2026-09-09 17:00
COINBASE:WLDUSD,crypto,https://www.tradingview.com/chart/?symbol=COINBASE%3AWLDUSD,False,False,,,-67.1653461963062,36.26428601000859,0.4361,2026-09-09 17:00
COINBASE:ICPUSD,crypto,https://www.tradingview.com/chart/?symbol=COINBASE%3AICPUSD,False,False,,,-42.79474851084444,46.49799096484019,2.8737,2026-09-09 17:00
COINBASE:ENAUSD,crypto,https://www.tradingview.com/chart/?symbol=COINBASE%3AENAUSD,False,False,,,-36.414833421672135,37.393378252742345,0.15727,2026-09-09 17:00
COINBASE:PEPEUSD,crypto,https://www.tradingview.com/chart/?symbol=COINBASE%3APEPEUSD,False,False,,,-25.91946511281805,44.93439916244722,3.62e-06,2026-09-09 17:00
COINBASE:SKYUSD,crypto,https://www.tradingview.com/chart/?symbol=COINBASE%3ASKYUSD,False,False,,,-75.06406211908022,23.11155805663961,0.06368,2026-09-09 17:00
COINBASE:ETCUSD,crypto,https://www.tradingview.com/chart/?symbol=COINBASE%3AETCUSD,False,False,,,-51.74865751519959,40.14574081242239,8.18,2026-09-09 17:00
COINBASE:VVVUSD,crypto,https://www.tradingview.com/chart/?symbol=COINBASE%3AVVVUSD,False,False,,,-6.585552637604251,53.23030966037479,25.3318,2026-09-09 17:00
COINBASE:POLUSD,crypto,https://www.tradingview.com/chart/?symbol=COINBASE%3APOLUSD,False,False,,,-10.441769035662293,48.83330569614522,0.09659,2026-09-09 17:00
COINBASE:ARBUSD,crypto,https://www.tradingview.com/chart/?symbol=COINBASE%3AARBUSD,False,False,,,-68.41530960102985,33.21332260979183,0.15474,2026-09-09 17:00
COINBASE:ATOMUSD,crypto,https://www.tradingview.com/chart/?symbol=COINBASE%3AATOMUSD,False,False,,,22.6634054582729,51.72996545969276,1.8701,2026-09-09 17:00
COINBASE:QNTUSD,crypto,https://www.tradingview.com/chart/?symbol=COINBASE%3AQNTUSD,False,False,,,-31.402727209758552,45.36142670173919,67.11,2026-09-09 17:00
COINBASE:ALGOUSD,crypto,https://www.tradingview.com/chart/?symbol=COINBASE%3AALGOUSD,False,False,,,-9.257050889821889,55.421857569377664,0.10038,2026-09-09 17:00
COINBASE:DASHUSD,crypto,https://www.tradingview.com/chart/?symbol=COINBASE%3ADASHUSD,False,False,,,0.4650128792266635,52.881256395426384,64.55,2026-09-09 17:00
COINBASE:RENDERUSD,crypto,https://www.tradingview.com/chart/?symbol=COINBASE%3ARENDERUSD,False,False,,,16.40146096300332,55.67226448935423,1.5334,2026-09-09 17:00
COINBASE:CAKEUSD,crypto,https://www.tradingview.com/chart/?symbol=COINBASE%3ACAKEUSD,False,False,,,-29.712610423027215,47.6165324702255,2.273,2026-09-09 17:00
COINBASE:FILUSD,crypto,https://www.tradingview.com/chart/?symbol=COINBASE%3AFILUSD,False,False,,,10.237758209501523,50.9356153219329,0.8438,2026-09-09 17:00
COINBASE:VETUSD,crypto,https://www.tradingview.com/chart/?symbol=COINBASE%3AVETUSD,False,False,,,-62.39934201505445,49.95762185281945,0.007753,2026-09-09 17:00
COINBASE:INJUSD,crypto,https://www.tradingview.com/chart/?symbol=COINBASE%3AINJUSD,False,False,,,-66.18452034286055,45.89395721240755,6.185,2026-09-09 17:00
COINBASE:TRUMPUSD,crypto,https://www.tradingview.com/chart/?symbol=COINBASE%3ATRUMPUSD,False,False,,,-45.9365506510789,40.919955650772614,2.1901,2026-09-09 17:00
COINBASE:ETHFIUSD,crypto,https://www.tradingview.com/chart/?symbol=COINBASE%3AETHFIUSD,False,False,,,0.19767678280023362,46.04364076178151,0.604,2026-09-09 17:00
COINBASE:APTUSD,crypto,https://www.tradingview.com/chart/?symbol=COINBASE%3AAPTUSD,False,False,,,26.179383305932152,56.27292560494694,0.6656,2026-09-09 17:00
COINBASE:CRVUSD,crypto,https://www.tradingview.com/chart/?symbol=COINBASE%3ACRVUSD,False,False,,,-27.322698361623328,49.611542243621514,0.3632,2026-09-09 17:00
COINBASE:AEROUSD,crypto,https://www.tradingview.com/chart/?symbol=COINBASE%3AAEROUSD,False,False,,,-86.45106272221726,34.517459598643214,0.57028,2026-09-09 17:00
COINBASE:FLRUSD,crypto,https://www.tradingview.com/chart/?symbol=COINBASE%3AFLRUSD,False,False,,,-72.331643324263,28.754093359468058,0.006391,2026-09-09 17:00
COINBASE:STXUSD,crypto,https://www.tradingview.com/chart/?symbol=COINBASE%3ASTXUSD,False,False,,,33.993714240913675,55.87351680024177,0.2759,2026-09-09 17:00
COINBASE:PENGUUSD,crypto,https://www.tradingview.com/chart/?symbol=COINBASE%3APENGUUSD,False,False,,,-51.22498754239758,37.0806829054603,0.00795,2026-09-09 17:00
COINBASE:SPXUSD,crypto,https://www.tradingview.com/chart/?symbol=COINBASE%3ASPXUSD,False,False,,,-53.078160545703895,41.506031225806346,0.5184,2026-09-09 17:00
COINBASE:VIRTUALUSD,crypto,https://www.tradingview.com/chart/?symbol=COINBASE%3AVIRTUALUSD,False,False,,,-58.593345284568436,39.82880856180966,0.6926,2026-09-09 17:00
COINBASE:PYTHUSD,crypto,https://www.tradingview.com/chart/?symbol=COINBASE%3APYTHUSD,False,False,,,75.25165986439073,62.95849650316826,0.05612,2026-09-09 17:00
COINBASE:ZROUSD,crypto,https://www.tradingview.com/chart/?symbol=COINBASE%3AZROUSD,False,False,,,7.339675535234605,57.250553025418334,1.1522,2026-09-09 17:00
COINBASE:FETUSD,crypto,https://www.tradingview.com/chart/?symbol=COINBASE%3AFETUSD,False,False,,,-43.29118160354835,43.320537220328,0.1753,2026-09-09 17:00
COINBASE:TIAUSD,crypto,https://www.tradingview.com/chart/?symbol=COINBASE%3ATIAUSD,False,False,,,-73.25359360088576,33.734379573425215,0.3932,2026-09-09 17:00
COINBASE:RAYUSD,crypto,https://www.tradingview.com/chart/?symbol=COINBASE%3ARAYUSD,False,False,,,62.35767079813578,60.11667629923622,1.3702,2026-09-09 17:00
COINBASE:PENDLEUSD,crypto,https://www.tradingview.com/chart/?symbol=COINBASE%3APENDLEUSD,False,False,,,-60.45148174457552,40.10758057378653,2.0775,2026-09-09 17:00
COINBASE:SEIUSD,crypto,https://www.tradingview.com/chart/?symbol=COINBASE%3ASEIUSD,False,False,,,-35.74371272817633,42.56054443614845,0.04909,2026-09-09 17:00
COINBASE:LDOUSD,crypto,https://www.tradingview.com/chart/?symbol=COINBASE%3ALDOUSD,False,False,,,-49.60321187952167,45.38515536386109,0.38438,2026-09-09 17:00
COINBASE:GNOUSD,crypto,https://www.tradingview.com/chart/?symbol=COINBASE%3AGNOUSD,False,False,,,-39.62581538551129,39.597915209902425,114.72,2026-09-09 17:00
COINBASE:MONUSD,crypto,https://www.tradingview.com/chart/?symbol=COINBASE%3AMONUSD,False,False,,,0.6181404944333077,44.680032027831395,0.025736,2026-09-09 17:00
COINBASE:XTZUSD,crypto,https://www.tradingview.com/chart/?symbol=COINBASE%3AXTZUSD,False,False,,,66.31169920118943,59.94999258929301,0.2641,2026-09-09 17:00
COINBASE:KITEUSD,crypto,https://www.tradingview.com/chart/?symbol=COINBASE%3AKITEUSD,False,False,,,28.30284312868086,50.712847409834126,0.11498,2026-09-09 17:00
COINBASE:XPLUSD,crypto,https://www.tradingview.com/chart/?symbol=COINBASE%3AXPLUSD,False,False,,,-34.236393005247514,48.95644580992845,0.09639,2026-09-09 17:00
COINBASE:SYRUPUSD,crypto,https://www.tradingview.com/chart/?symbol=COINBASE%3ASYRUPUSD,False,False,,,30.94940946839893,49.73283606571508,0.2272,2026-09-09 17:00
COINBASE:BONKUSD,crypto,https://www.tradingview.com/chart/?symbol=COINBASE%3ABONKUSD,False,False,,,-52.0531348322258,41.05743607801064,3.01e-06,2026-09-09 17:00
COINBASE:USELESSUSD,crypto,https://www.tradingview.com/chart/?symbol=COINBASE%3AUSELESSUSD,False,False,,,-16.978702906352993,39.547619890320576,0.26248,2026-09-09 17:00
COINBASE:GRASSUSD,crypto,https://www.tradingview.com/chart/?symbol=COINBASE%3AGRASSUSD,False,False,,,59.039096491032005,69.83400668992537,0.3783,2026-09-09 17:00
COINBASE:ENSUSD,crypto,https://www.tradingview.com/chart/?symbol=COINBASE%3AENSUSD,False,False,,,-65.4999451276787,37.3326233513948,5.975,2026-09-09 17:00
COINBASE:FLOKIUSD,crypto,https://www.tradingview.com/chart/?symbol=COINBASE%3AFLOKIUSD,False,False,,,-66.42735546331399,39.19051771476073,2.571e-05,2026-09-09 17:00
COINBASE:OPUSD,crypto,https://www.tradingview.com/chart/?symbol=COINBASE%3AOPUSD,False,False,,,-59.080538026122895,41.527351842395696,0.10287,2026-09-09 17:00
COINBASE:STRKUSD,crypto,https://www.tradingview.com/chart/?symbol=COINBASE%3ASTRKUSD,False,False,,,58.24218100635033,64.1599901662316,0.03305,2026-09-09 17:00
COINBASE:JTOUSD,crypto,https://www.tradingview.com/chart/?symbol=COINBASE%3AJTOUSD,False,False,,,-28.445114574215182,51.8484867597303,0.4504,2026-09-09 17:00
COINBASE:WIFUSD,crypto,https://www.tradingview.com/chart/?symbol=COINBASE%3AWIFUSD,False,False,,,-34.87041211715162,47.106818251715445,0.21302,2026-09-09 17:00
COINBASE:EDGEUSD,crypto,https://www.tradingview.com/chart/?symbol=COINBASE%3AEDGEUSD,False,False,,,-33.575953859052255,47.39960579161345,0.0691,2026-09-09 17:00
COINBASE:AIUSD,crypto,https://www.tradingview.com/chart/?symbol=COINBASE%3AAIUSD,False,False,,,-5.971854592725964,48.84034859291694,0.02001,2026-09-09 17:00
COINBASE:GRTUSD,crypto,https://www.tradingview.com/chart/?symbol=COINBASE%3AGRTUSD,False,False,,,-42.41110218172531,43.105167595930205,0.019137,2026-09-09 17:00
COINBASE:CVXUSD,crypto,https://www.tradingview.com/chart/?symbol=COINBASE%3ACVXUSD,False,False,,,-12.97500038810181,50.71632914359327,2.23,2026-09-09 17:00
COINBASE:JASMYUSD,crypto,https://www.tradingview.com/chart/?symbol=COINBASE%3AJASMYUSD,False,False,,,-63.33439432760725,40.76196624159568,0.00413,2026-09-09 17:00
COINBASE:COMPUSD,crypto,https://www.tradingview.com/chart/?symbol=COINBASE%3ACOMPUSD,False,False,,,-62.958743597989304,32.69372242883125,20.18,2026-09-09 17:00
COINBASE:EIGENUSD,crypto,https://www.tradingview.com/chart/?symbol=COINBASE%3AEIGENUSD,False,False,,,-17.939227119619513,48.47049632377249,0.21389,2026-09-09 17:00
COINBASE:2ZUSD,crypto,https://www.tradingview.com/chart/?symbol=COINBASE%3A2ZUSD,False,False,,,-45.223502939763286,42.33487750004285,0.05041,2026-09-09 17:00
COINBASE:AKTUSD,crypto,https://www.tradingview.com/chart/?symbol=COINBASE%3AAKTUSD,False,False,,,-6.274758894474047,53.18804031571383,0.5858,2026-09-09 17:00
COINBASE:DRVUSD,crypto,https://www.tradingview.com/chart/?symbol=COINBASE%3ADRVUSD,False,False,,,40.40508087730432,65.03775660615673,0.16797,2026-09-09 17:00
COINBASE:AXSUSD,crypto,https://www.tradingview.com/chart/?symbol=COINBASE%3AAXSUSD,False,False,,,-37.11185308777037,45.7547338866174,0.9532,2026-09-09 17:00
COINBASE:FARTCOINUSD,crypto,https://www.tradingview.com/chart/?symbol=COINBASE%3AFARTCOINUSD,False,False,,,-51.247233412114895,38.64211849616457,0.16078,2026-09-09 17:00
COINBASE:EGLDUSD,crypto,https://www.tradingview.com/chart/?symbol=COINBASE%3AEGLDUSD,False,False,,,12.145491983322282,65.63253048182233,5.1779,2026-09-09 17:00
COINBASE:XCNUSD,crypto,https://www.tradingview.com/chart/?symbol=COINBASE%3AXCNUSD,False,False,,,-11.782482058848705,47.43644825056927,0.003975,2026-09-09 17:00
COINBASE:CHZUSD,crypto,https://www.tradingview.com/chart/?symbol=COINBASE%3ACHZUSD,False,False,,,29.365328090333865,50.818124265804634,0.0143,2026-09-09 17:00
COINBASE:KMNOUSD,crypto,https://www.tradingview.com/chart/?symbol=COINBASE%3AKMNOUSD,False,False,,,67.05171061428119,73.15457152094358,0.02726,2026-09-09 17:00
COINBASE:SKRUSD,crypto,https://www.tradingview.com/chart/?symbol=COINBASE%3ASKRUSD,False,False,,,-35.47842543082611,42.60493060198431,0.021366,2026-09-09 17:00
COINBASE:MANAUSD,crypto,https://www.tradingview.com/chart/?symbol=COINBASE%3AMANAUSD,False,False,,,-35.61634109773395,46.7193529078787,0.0753,2026-09-09 17:00
COINBASE:TRACUSD,crypto,https://www.tradingview.com/chart/?symbol=COINBASE%3ATRACUSD,False,False,,,-54.96727840765931,37.983743525825815,0.3257,2026-09-09 17:00
COINBASE:APEUSD,crypto,https://www.tradingview.com/chart/?symbol=COINBASE%3AAPEUSD,False,False,,,2.3060228337042687,60.71853257606777,0.14605,2026-09-09 17:00
COINBASE:ZENUSD,crypto,https://www.tradingview.com/chart/?symbol=COINBASE%3AZENUSD,False,False,,,67.83594357981713,67.2054851088996,7.73,2026-09-09 17:00
COINBASE:ZAMAUSD,crypto,https://www.tradingview.com/chart/?symbol=COINBASE%3AZAMAUSD,False,False,,,56.843572278840355,63.674058935993656,0.05322,2026-09-09 17:00
COINBASE:1INCHUSD,crypto,https://www.tradingview.com/chart/?symbol=COINBASE%3A1INCHUSD,False,False,,,-37.39787516696084,44.18771246731453,0.09259,2026-09-09 17:00
COINBASE:SNXUSD,crypto,https://www.tradingview.com/chart/?symbol=COINBASE%3ASNXUSD,False,False,,,-37.57164339251579,49.617970148078584,0.21946,2026-09-09 17:00
COINBASE:AWEUSD,crypto,https://www.tradingview.com/chart/?symbol=COINBASE%3AAWEUSD,False,False,,,9.368901088524192,49.16351678275735,0.06037,2026-09-09 15:00
COINBASE:SUSD,crypto,https://www.tradingview.com/chart/?symbol=COINBASE%3ASUSD,False,False,,,13.71788932253853,50.510981080999436,0.0298,2026-09-09 17:00
COINBASE:BATUSD,crypto,https://www.tradingview.com/chart/?symbol=COINBASE%3ABATUSD,False,False,,,20.398027370173395,53.617915843304814,0.07713,2026-09-09 17:00
COINBASE:METAUSD,crypto,https://www.tradingview.com/chart/?symbol=COINBASE%3AMETAUSD,False,False,,,-51.835820070499075,49.52620736704,5.189,2026-09-09 14:00
COINBASE:CHIPUSD,crypto,https://www.tradingview.com/chart/?symbol=COINBASE%3ACHIPUSD,False,False,,,41.36403169749263,54.79913736090243,0.05704,2026-09-09 17:00
