tv,err,link,dot_last2,dot_bar,wt2_trough,wt2_now,close,zone_low,zone_top,pct_of_range,wk_wt2,wk_wt1,range_pct,med_price,likely_pref,in_zone,pass_4h,pass_wk,flag,bucket
NYSE:CNA,,https://www.tradingview.com/chart/?symbol=NYSE%3ACNA,False,,-1.339344563587522,12.651157083902831,47.86000061035156,41.81999969482422,45.00364009094238,0.4477390781328516,-0.2790074902113619,-6.857871398598926,0.2819816395367854,47.84000015258789,False,False,False,False,False,
NYSE:RNR,,https://www.tradingview.com/chart/?symbol=NYSE%3ARNR,False,,3.259276379667151,3.259276379667151,326.3999938964844,277.7300109863281,292.41156896972655,0.7823499372331674,49.8637268654875,47.93257004079257,0.20000639707445694,311.0400085449219,False,False,False,False,False,
NASDAQ:LAMR,,https://www.tradingview.com/chart/?symbol=NASDAQ%3ALAMR,True,2026-09-21 13:30,-73.17287876784128,-72.808405982186,146.0399932861328,123.70999908447266,133.50871829223632,0.5378130059504505,-12.363622203302711,-22.34952859829191,0.2752494037393921,150.84500122070312,False,False,True,False,False,
NASDAQ:FWONA,,https://www.tradingview.com/chart/?symbol=NASDAQ%3AFWONA,False,,-52.01800278350097,-38.96594196120497,88.23999786376953,74.05000305175781,79.76592153930665,0.5858793793035451,22.66496363412278,10.735049542874886,0.28799041653682633,84.0999984741211,False,False,False,False,False,
NYSE:TAK,,https://www.tradingview.com/chart/?symbol=NYSE%3ATAK,False,,49.909477123789195,53.2626476268341,18.905000686645508,15.020000457763672,15.969900367736816,0.9652175396479769,57.542365926479526,60.490621235701646,0.23579377214345765,17.06999969482422,False,False,False,False,False,
NYSE:IX,,https://www.tradingview.com/chart/?symbol=NYSE%3AIX,False,,-2.3225936430323095,-2.3225936430323095,39.73500061035156,29.18000030517578,32.114660629272464,0.8488137627267766,27.570397643534662,24.874971297964954,0.32148400401194116,38.68000030517578,False,False,False,False,False,
NASDAQ:REG,,https://www.tradingview.com/chart/?symbol=NASDAQ%3AREG,False,,-79.53632719148054,-71.45801918018682,72.94999694824219,72.58499908447266,74.9650588684082,0.03619215636137234,-30.445883701413507,-38.302004762900154,0.1297773671765202,77.70999908447266,False,True,False,False,False,
NYSE:STE,,https://www.tradingview.com/chart/?symbol=NYSE%3ASTE,True,2026-09-21 13:30,-63.22551559953998,-62.708280084874225,206.97999572753906,199.38999938964844,208.87602111816406,0.1888293308835253,7.260204431290635,-8.7819076954257,0.18529022579322776,216.92999267578125,False,True,True,False,False,
NASDAQ:SEIC,,https://www.tradingview.com/chart/?symbol=NASDAQ%3ASEIC,False,,-62.86333372587509,-41.894439902065905,105.3550033569336,75.18000030517578,83.79400030517579,0.8267124123769264,61.00748104144295,52.34645764558809,0.4007465883422385,91.08000183105469,False,False,False,False,False,
NYSE:MKL,,https://www.tradingview.com/chart/?symbol=NYSE%3AMKL,False,,-41.349694605765826,-41.349694605765826,1773.5150146484375,1751.27001953125,1819.2592514648438,0.07721544571622516,-42.51903410763777,-45.52429490465389,0.15425802405031983,1867.5849609375,False,True,False,False,False,
NASDAQ:SSNC,,https://www.tradingview.com/chart/?symbol=NASDAQ%3ASSNC,False,,-31.73487729232633,-28.14926219177111,80.41000366210938,61.869998931884766,67.23781867980956,0.815124449367837,49.00693514523459,44.68035304371735,0.3281159698790798,69.31999969482422,False,False,False,False,False,
NYSE:AFG,,https://www.tradingview.com/chart/?symbol=NYSE%3AAFG,False,,-17.093082087354347,-17.093082087354347,141.14999389648438,124.24500274658203,129.532580657959,0.7545189835960291,39.892469802699026,31.171853672306916,0.16434380436426207,136.3300018310547,False,False,False,False,False,
NASDAQ:FCNCA,,https://www.tradingview.com/chart/?symbol=NASDAQ%3AFCNCA,True,2026-09-21 09:30,-55.677601304164654,-52.14252689146849,2120.840087890625,1764.5999755859375,1888.4291928710938,0.6789404661284593,29.589341678587555,15.077369220872704,0.2528894342424036,2074.820068359375,False,False,False,False,False,
NASDAQ:EWBC,,https://www.tradingview.com/chart/?symbol=NASDAQ%3AEWBC,False,,-61.725871018994646,-48.52748942236703,127.68000030517578,103.29000091552734,111.16768026733398,0.7306770939638411,9.922751343202792,-0.7754120234516355,0.2622152117297773,127.30000305175781,False,False,False,False,False,
NASDAQ:UMBF,,https://www.tradingview.com/chart/?symbol=NASDAQ%3AUMBF,False,,-74.873547756215,-68.3351903256562,133.52999877929688,107.55000305175781,118.28564074707032,0.57111455934996,12.128801100616869,-3.943615105021733,0.3387444523692029,134.2899932861328,False,False,False,False,False,
NYSE:CSL,,https://www.tradingview.com/chart/?symbol=NYSE%3ACSL,True,2026-09-21 09:30,-65.94060999717895,-64.26987549864931,317.8900146484375,314.5799865722656,332.6151097412109,0.043313628560167176,-23.930189394901902,-37.6770507556857,0.220452949006988,346.6499938964844,False,True,True,False,False,
NYSE:AME,,https://www.tradingview.com/chart/?symbol=NYSE%3AAME,False,,-28.05012522167478,18.228048404109988,241.22000122070312,208.4199981689453,220.2577554321289,0.6539077080326166,19.144792398795676,15.458704677416575,0.21467083633130288,233.66000366210938,False,False,False,False,False,
NYSE:BNT,,https://www.tradingview.com/chart/?symbol=NYSE%3ABNT,False,,-63.83403636226552,-30.625496849288755,38.040000915527344,37.06999969482422,39.71791998291015,0.08645286231460302,-70.09508209077266,-73.62923302257187,0.2583170453771992,43.435001373291016,False,True,False,True,False,"WATCH: weekly+band ok, waiting on 4h dot"
NASDAQ:WTFC,,https://www.tradingview.com/chart/?symbol=NASDAQ%3AWTFC,False,,-63.124231172674094,-63.124231172674094,147.05999755859375,129.80999755859375,138.5726787109375,0.46458383332949776,-17.81371970691579,-28.561111714423923,0.24494510168079703,151.5850067138672,False,False,False,False,False,
NYSE:SUNB,,https://www.tradingview.com/chart/?symbol=NYSE%3ASUNB,False,,23.582939261641112,30.372325510087958,72.87000274658203,61.64500045776367,67.38334013366699,0.4616493079497103,-15.089375734849176,-15.920523126167758,0.32938226398304626,73.81999969482422,False,False,False,False,False,
NYSE:ALC,,https://www.tradingview.com/chart/?symbol=NYSE%3AALC,False,,-67.54801725317257,-63.93588614240101,64.88999938964844,62.025001525878906,66.72494174194335,0.14386129711577103,-5.632069726185101,-19.98158913961116,0.2864643538142859,69.5199966430664,False,True,False,False,False,
NYSE:ITT,,https://www.tradingview.com/chart/?symbol=NYSE%3AITT,False,,-31.028459030889838,30.342011009832103,205.7050018310547,181.08999633789062,191.10347821044923,0.5801320030654229,17.456952945275606,19.257878995170127,0.21565442406388977,196.75,False,False,False,False,False,
NYSE:A,,https://www.tradingview.com/chart/?symbol=NYSE%3AA,False,,33.858392498126385,60.19162905005365,161.97999572753906,110.23999786376953,122.45063735961914,1.0,60.18837112263585,64.04655587005365,0.3931013507309658,131.6199951171875,False,False,False,False,False,
NYSE:AA,,https://www.tradingview.com/chart/?symbol=NYSE%3AAA,False,,-64.9581565327452,-64.9581565327452,44.67900085449219,42.88999938964844,52.54239974975586,0.043740865479229486,-34.672328870625016,-42.881145058940305,0.7100694897458153,57.599998474121094,False,True,False,False,False,
NASDAQ:AAPL,,https://www.tradingview.com/chart/?symbol=NASDAQ%3AAAPL,False,,43.68502834913554,50.81460092680729,338.8900146484375,246.25,269.01692028808594,0.9602986780988692,56.60038139119695,62.890411273703585,0.31825680514215965,303.1199951171875,False,False,False,False,False,
NYSE:ABBV,,https://www.tradingview.com/chart/?symbol=NYSE%3AABBV,False,,38.10392255359658,45.574322053411805,264.57000732421875,197.07000732421875,213.46728271484375,0.9715028637689307,51.32264684500552,53.58939868788789,0.3070938363259669,226.25,False,False,False,False,False,
NYSE:ABEV,,https://www.tradingview.com/chart/?symbol=NYSE%3AABEV,False,,-49.189294299834614,-45.53925541662239,2.9800000190734863,2.7249999046325684,2.8901999158859253,0.3642858529577355,-26.098264295922217,-22.543456076431532,0.22913258015956328,3.055000066757202,False,False,False,False,False,
NASDAQ:ABNB,,https://www.tradingview.com/chart/?symbol=NASDAQ%3AABNB,False,,-54.2884442433705,-48.76014264275127,166.86000061035156,122.81999969482422,138.78775875854492,0.6509016183541187,60.60464400635177,47.69829313631254,0.47699950967915716,141.84500122070312,False,False,False,False,False,
NYSE:ABT,,https://www.tradingview.com/chart/?symbol=NYSE%3AABT,False,,-54.225542243354745,-32.15800866210438,102.95999908447266,82.52999877929688,90.58585928344726,0.5985059038121937,30.733957343438153,20.40581640131807,0.34039691415789836,100.27999877929688,False,False,False,False,False,
TSX:ABX,,https://www.tradingview.com/chart/?symbol=TSX%3AABX,False,,-42.73453585515281,-8.424772276959631,59.93000030517578,48.90999984741211,53.31375981140137,0.5905680893824872,26.844527357217288,25.37646900043625,0.3282899330985053,56.84000015258789,False,False,False,False,False,
NASDAQ:ACGL,,https://www.tradingview.com/chart/?symbol=NASDAQ%3AACGL,False,,-20.36057155010673,-15.768959310776873,95.77999877929688,87.62000274658203,92.07568209838867,0.43220324257396736,-8.365092013277492,-16.6832979932564,0.19512191852617383,96.76000213623047,False,False,False,False,False,
NYSE:ACN,,https://www.tradingview.com/chart/?symbol=NYSE%3AACN,False,,-7.869365634376094,-7.869365634376094,186.1699981689453,120.76000213623047,140.32322134399413,0.789070494982473,27.998322754846544,31.243997439589727,0.46491864960318163,178.3000030517578,False,False,False,False,False,
NASDAQ:ADBE,,https://www.tradingview.com/chart/?symbol=NASDAQ%3AADBE,False,,-44.712369436538644,-44.712369436538644,249.50999450683594,192.34010314941406,216.03683880615233,0.5693651039448137,24.643259514851376,15.903626845222778,0.40820317758231445,245.98019409179688,False,False,False,False,False,
NASDAQ:ADI,,https://www.tradingview.com/chart/?symbol=NASDAQ%3AADI,False,,0.6333635505110821,45.06550685425077,382.9800109863281,301.7051086425781,335.66430444335936,0.5648212951109912,-24.662491237860667,-17.76535449292861,0.3776967119309084,380.9800109863281,False,False,False,False,False,
NYSE:ADM,,https://www.tradingview.com/chart/?symbol=NYSE%3AADM,False,,-10.577342780880569,-10.577342780880569,83.56999969482422,66.0250015258789,71.22998159790039,0.7955111279154198,56.366533562618834,56.03652100564713,0.27829653381925273,79.25,False,False,False,False,False,
NASDAQ:ADP,,https://www.tradingview.com/chart/?symbol=NASDAQ%3AADP,False,,-24.289709881756334,-24.289709881756334,270.57000732421875,188.75,212.04792028808595,0.8288088159692995,57.13250145036381,51.08107125908565,0.43629292153912874,226.27000427246094,False,False,False,False,False,
NASDAQ:ADSK,,https://www.tradingview.com/chart/?symbol=NASDAQ%3AADSK,False,,-23.34703090010835,-23.34703090010835,218.8699951171875,186.47500610351562,206.32850610351562,0.3850815930302749,-1.2111668366718955,-8.596902486104813,0.35623167785460397,236.15249633789062,False,False,False,False,False,
NYSE:AEE,,https://www.tradingview.com/chart/?symbol=NYSE%3AAEE,False,,-72.32655245864703,-70.68572043676515,101.83000183105469,101.83000183105469,105.28504168701171,0.0,-46.82776573101074,-54.943615232904065,0.13355226256920447,109.62000274658203,False,True,False,False,False,
NYSE:AEG,,https://www.tradingview.com/chart/?symbol=NYSE%3AAEG,False,,-34.78405515782189,-11.611963428845508,9.095000267028809,6.784999847412109,7.435179874420166,0.8384756165737858,50.05384056010279,46.958417711837555,0.3222222284189363,8.550000190734863,False,False,False,False,False,
NASDAQ:AEIS,,https://www.tradingview.com/chart/?symbol=NASDAQ%3AAEIS,False,,-46.8248699548324,-17.335074541516832,262.739990234375,245.3350067138672,279.74970599365236,0.11935528122579273,-45.20151030326114,-49.81344900587229,0.45441087932485696,320.9100036621094,False,True,False,False,False,
TSX:AEM,,https://www.tradingview.com/chart/?symbol=TSX%3AAEM,False,,-23.51043215276724,6.957558273830821,277.3500061035156,191.6999969482422,219.61408026123047,0.7241291764447567,27.529142373616413,28.9037014268,0.4677502919366588,252.8699951171875,False,False,False,False,False,
NYSE:AEM,,https://www.tradingview.com/chart/?symbol=NYSE%3AAEM,False,,-33.64425477895129,-10.862231961430311,197.5399932861328,136.36000061035156,157.05247888183592,0.697764573293358,26.554591002362116,27.203597716420962,0.4772999136221284,183.6999969482422,False,False,False,False,False,
NASDAQ:AEP,,https://www.tradingview.com/chart/?symbol=NASDAQ%3AAEP,True,2026-09-21 13:30,-59.05173311382958,-58.608838926927056,120.0,119.9749984741211,124.39646041870117,0.0013344817124694834,-43.37973456158992,-48.945351370702696,0.1444042503970237,129.74000549316406,False,True,False,False,False,
NYSE:AER,,https://www.tradingview.com/chart/?symbol=NYSE%3AAER,False,,-38.96911071024791,6.258806275870842,142.94000244140625,131.7100067138672,137.44008642578126,0.46252044036817175,-10.888700140317852,-18.419200594657934,0.16796954871459352,144.5500030517578,False,False,False,False,False,
NYSE:AFL,,https://www.tradingview.com/chart/?symbol=NYSE%3AAFL,False,,-8.479032146849601,-8.479032146849601,115.19000244140625,106.19999694824219,111.71767810058594,0.38451683557059246,-6.269036739416798,-13.320885686921251,0.20066950866136968,116.51000213623047,False,False,False,False,False,
NASDAQ:AFRM,,https://www.tradingview.com/chart/?symbol=NASDAQ%3AAFRM,False,,-15.700225605527327,-13.731323242300823,71.0250015258789,42.540000915527344,52.77177990722656,0.6570177238480942,2.2006481486132388,-4.958752365763587,0.6106337426413952,71.0,False,False,False,False,False,
TSX:AGI,,https://www.tradingview.com/chart/?symbol=TSX%3AAGI,False,,-44.69979399915965,-9.263180869815063,49.400001525878906,39.0099983215332,45.759598861694336,0.3632867962534341,9.210949333264635,10.834689371970194,0.5495772825838842,52.040000915527344,False,False,False,False,False,
NYSE:AGI,,https://www.tradingview.com/chart/?symbol=NYSE%3AAGI,False,,-50.27112872577152,-23.64094379165029,35.19499969482422,27.829999923706055,32.92052030181885,0.3414464174344916,6.793914653505922,7.326395609674101,0.5741283411600457,37.56999969482422,False,False,False,False,False,
NASDAQ:AGNC,,https://www.tradingview.com/chart/?symbol=NASDAQ%3AAGNC,False,,-71.40290120406348,-54.31387215257863,9.954999923706055,9.694999694824219,10.09973973083496,0.15160361851251286,-0.4049631123294688,-18.845122183101875,0.1614877750535499,10.619999885559082,False,True,False,False,False,
NYSE:AHR,,https://www.tradingview.com/chart/?symbol=NYSE%3AAHR,True,2026-09-21 13:30,-66.97436308432961,-66.97436308432961,52.290000915527344,45.439998626708984,48.36167887878418,0.553311930356822,16.59397651054854,3.0220750862087353,0.24062198026307546,51.45000076293945,False,False,True,False,False,
NYSE:AIG,,https://www.tradingview.com/chart/?symbol=NYSE%3AAIG,False,,-23.0788167666349,-23.0788167666349,74.54000091552734,72.55500030517578,74.58578109741211,0.23067981824226977,-21.471565575215163,-26.72754596988666,0.11268993305596015,76.36000061035156,False,True,False,False,False,
NYSE:AIT,,https://www.tradingview.com/chart/?symbol=NYSE%3AAIT,False,,-45.94855009037121,-18.934937646687413,320.1199951171875,253.00999450683594,278.6962372436523,0.6165931041888905,6.125469167104348,-3.1277703951638998,0.3431923017262052,317.1400146484375,False,False,False,False,False,
NYSE:AIZ,,https://www.tradingview.com/chart/?symbol=NYSE%3AAIZ,False,,-21.669057967403152,-21.669057967403152,277.260009765625,211.61000061035156,232.77683758544921,0.731965866174157,44.46408856824642,37.66519109612216,0.3441210268078358,260.635009765625,False,False,False,False,False,
NYSE:AJG,,https://www.tradingview.com/chart/?symbol=NYSE%3AAJG,False,,-53.393468408595716,-53.393468408595716,236.63999938964844,191.99000549316406,210.8794439086914,0.5578460474986088,31.495408964765577,17.57207218428211,0.3608290199065731,221.82249450683594,False,False,False,False,False,
NASDAQ:AKAM,,https://www.tradingview.com/chart/?symbol=NASDAQ%3AAKAM,False,,-28.655883508172433,-1.186167797604212,117.41999816894531,88.8499984741211,106.16767782592774,0.38934315568529754,-41.16954262884986,-35.657531195901086,0.6372834199725224,115.1449966430664,False,False,False,False,False,
TSX:ALA,,https://www.tradingview.com/chart/?symbol=TSX%3AALA,False,,-9.589886719386577,44.50460860080569,53.369998931884766,47.560001373291016,49.84212094116211,0.6008271622276258,-3.778870574233643,1.6252315741332097,0.1821434948418237,53.09000015258789,False,False,False,False,False,
NASDAQ:ALAB,,https://www.tradingview.com/chart/?symbol=NASDAQ%3AALAB,False,,-45.06450994371869,31.188367690916635,340.4800109863281,100.2300033569336,191.8027441711426,0.6191689939211621,-12.124294781470558,-6.458769501295976,1.3323950503720279,291.2200012207031,False,False,False,False,False,
NYSE:ALB,,https://www.tradingview.com/chart/?symbol=NYSE%3AALB,True,2026-09-21 09:30,-70.63635860507856,-50.59661460455637,112.93000030517578,109.38999938964844,134.4768001098633,0.03330198319753298,-44.14811175556911,-50.04250596219415,0.6834694521061603,155.52999877929688,False,True,True,False,False,"NEAR: 4h+band ok, weekly shallow"
NASDAQ:ALGN,,https://www.tradingview.com/chart/?symbol=NASDAQ%3AALGN,False,,-58.676308688247936,-58.676308688247936,146.8800048828125,146.8800048828125,158.48648315429688,0.0,-58.20599965288168,-63.163724771699776,0.28498574832522044,172.57000732421875,False,True,False,False,False,
NYSE:ALL,,https://www.tradingview.com/chart/?symbol=NYSE%3AALL,False,,-59.01348380872489,-59.01348380872489,242.8300018310547,202.60000610351562,219.7548466796875,0.5534460637825338,40.50931084230013,25.904413791365535,0.32583263989708644,223.08999633789062,False,False,False,False,False,
NYSE:ALLE,,https://www.tradingview.com/chart/?symbol=NYSE%3AALLE,False,,-44.16207591281633,-44.16207591281633,151.36000061035156,125.58999633789062,136.00939849853515,0.5836919349626652,30.795052101085066,22.30028402249334,0.3077084643849026,143.47999572753906,False,False,False,False,False,
NYSE:ALLY,,https://www.tradingview.com/chart/?symbol=NYSE%3AALLY,True,2026-09-21 09:30,-68.17961208323344,-67.96975546857918,39.8849983215332,35.95000076293945,38.61444097900391,0.3485382851636333,-37.73349972341015,-50.55452805118435,0.26292504137400885,42.939998626708984,False,False,True,False,False,
NASDAQ:ALNY,,https://www.tradingview.com/chart/?symbol=NASDAQ%3AALNY,False,,-49.355651108642896,-33.35590033580423,244.22999572753906,202.38999938964844,234.70311895751954,0.30557987801215375,-37.69725230114346,-36.531994293948465,0.4680065604031291,292.55999755859375,False,False,False,False,False,
NYSE:AM,,https://www.tradingview.com/chart/?symbol=NYSE%3AAM,False,,-57.569848821102994,-51.55774352401212,21.045000076293945,20.55500030517578,21.31138028717041,0.15288604767002928,16.798591040115245,-5.03607867807305,0.14508827078168138,22.09000015258789,True,True,False,False,False,
NASDAQ:AMAT,,https://www.tradingview.com/chart/?symbol=NASDAQ%3AAMAT,False,,-56.496257366469656,-5.539232717792218,464.3599853515625,322.7200012207031,419.5130374755859,0.3453454664533943,-28.373391167940653,-31.461668616971565,0.8971083396068881,457.17999267578125,False,False,False,False,False,
NYSE:AMCR,,https://www.tradingview.com/chart/?symbol=NYSE%3AAMCR,False,,-51.6614820345741,-45.13428307246185,42.13999938964844,36.689998626708984,39.49603938293457,0.4583683174237935,23.721078531197303,9.94694392775728,0.28585173351137394,41.595001220703125,False,False,False,False,False,
NASDAQ:AMD,,https://www.tradingview.com/chart/?symbol=NASDAQ%3AAMD,False,,41.331882086609475,77.52284037031842,615.3599853515625,193.44000244140625,293.0131184082031,1.0,26.313744499464075,43.506313160318754,0.8892073417644665,474.489990234375,False,False,False,False,False,
NASDAQ:AMGN,,https://www.tradingview.com/chart/?symbol=NASDAQ%3AAMGN,False,,-47.71800481101269,-6.7010998927702845,393.3999938964844,323.510009765625,352.04948803710937,0.5779375536574914,49.35965781981005,36.56436061276117,0.3404272976261443,355.2300109863281,False,False,False,False,False,
NYSE:AMH,,https://www.tradingview.com/chart/?symbol=NYSE%3AAMH,True,2026-09-21 09:30,-55.87106544718572,-54.90279905938209,31.229999542236328,27.3799991607666,29.133479682922363,0.5181694798125306,-5.4270290684077205,-17.31549794226197,0.23003103368495867,32.29999923706055,False,False,False,False,False,
NASDAQ:AMKR,,https://www.tradingview.com/chart/?symbol=NASDAQ%3AAMKR,False,,-25.24685169087094,25.19961411514038,52.15999984741211,41.23500061035156,53.583699890136714,0.20879120638778292,-41.026721604470616,-39.17741109375399,0.8313472845555123,62.939998626708984,False,True,False,False,False,
NYSE:AMP,,https://www.tradingview.com/chart/?symbol=NYSE%3AAMP,False,,-61.10932946213558,-61.10932946213558,535.510009765625,429.1000061035156,462.5529989013672,0.7506880181396093,53.44712818481985,44.538620190103714,0.300725504683428,471.3599853515625,False,False,False,False,False,
NYSE:AMRZ,,https://www.tradingview.com/chart/?symbol=NYSE%3AAMRZ,True,2026-09-21 09:30,-67.72909500816732,-60.07732468561153,38.58000183105469,37.540000915527344,42.8287608795166,0.04640789480627517,-78.38216956831445,-79.92630902222011,0.43121030057787857,51.970001220703125,False,True,True,True,True,FULL PASS
NYSE:AMT,,https://www.tradingview.com/chart/?symbol=NYSE%3AAMT,False,,-29.082901918645238,-29.082901918645238,174.6199951171875,161.55999755859375,169.23471856689454,0.40159888815431083,12.053830803060498,10.20045801011117,0.1848462776463111,175.92999267578125,False,False,False,False,False,
NYSE:AMX,,https://www.tradingview.com/chart/?symbol=NYSE%3AAMX,False,,-49.2210714302043,-49.2210714302043,22.44499969482422,22.43000030517578,23.704400215148926,0.002777664945931961,-58.96613878769461,-60.90295234810665,0.21015760586360324,25.69499969482422,False,True,False,False,False,
NASDAQ:AMZN,,https://www.tradingview.com/chart/?symbol=NASDAQ%3AAMZN,False,,-60.02133203534576,4.609021576252343,258.42999267578125,199.32000732421875,219.4649638671875,0.6924788600667269,11.48414674700111,7.710703018854357,0.33972095420735765,251.26499938964844,False,False,False,False,False,
NYSE:ANET,,https://www.tradingview.com/chart/?symbol=NYSE%3AANET,False,,22.072145823445577,49.284907951714466,205.5,116.12999725341797,138.3847961730957,0.9477201175493154,63.483326393292856,64.42619175255851,0.5585169241158099,168.83999633789062,False,False,False,False,False,
NYSE:AON,,https://www.tradingview.com/chart/?symbol=NYSE%3AAON,True,2026-09-21 09:30,-63.90061889724626,-63.90061889724626,290.760009765625,290.760009765625,312.1746474609375,0.0,-21.56762293889882,-35.17719324170855,0.27834352832630366,326.0,False,True,True,False,False,
NASDAQ:APA,,https://www.tradingview.com/chart/?symbol=NASDAQ%3AAPA,False,,-8.87785406665385,-8.87785406665385,43.810001373291016,31.860000610351562,35.53216003417969,0.767995028144429,61.75473491320164,60.41466687986495,0.40958138644709113,37.9900016784668,False,False,False,False,False,
NASDAQ:APC,,https://www.tradingview.com/chart/?symbol=NASDAQ%3AAPC,False,,-29.86140922947912,-29.86140922947912,18.03499984741211,17.34000015258789,18.3312003326416,0.16547608775618639,-7.569801105205027,-17.893211033073754,0.22304836855850735,18.829999923706055,False,True,False,False,False,
NYSE:APD,,https://www.tradingview.com/chart/?symbol=NYSE%3AAPD,False,,-64.11315705843755,-64.11315705843755,279.4100036621094,271.29998779296875,281.40787182617186,0.18935355202236767,10.141074841045658,-8.298232515968191,0.14518157239434243,295.010009765625,False,True,False,False,False,
NYSE:APG,,https://www.tradingview.com/chart/?symbol=NYSE%3AAPG,False,,-54.057166848731896,-21.956390062514988,37.459999084472656,36.7400016784668,39.72422088623047,0.056939311755424896,-49.8642799589146,-55.55341871414284,0.3028741710914109,41.75,False,True,False,False,False,
NYSE:APH,,https://www.tradingview.com/chart/?symbol=NYSE%3AAPH,False,,-35.75169315541858,-15.419852062928221,80.73999786376953,59.560001373291016,66.31078126525878,0.7404298839161132,29.250748180489655,22.924966561211853,0.3751967516230727,76.23999786376953,False,False,False,False,False,
NYSE:APO,,https://www.tradingview.com/chart/?symbol=NYSE%3AAPO,False,,-63.165710298118576,-45.57004073266909,127.93000030517578,100.30000305175781,110.50936175537109,0.638696272812792,19.020554577701976,9.747083081270913,0.33918766031284586,127.54000091552734,False,False,False,False,False,
NASDAQ:APP,,https://www.tradingview.com/chart/?symbol=NASDAQ%3AAPP,False,,-9.902635856260401,-8.68782110200952,330.17999267578125,298.5299987792969,372.9195567626953,0.10040923433416908,-52.20513783126538,-49.1235724006532,0.7108449961920988,443.42999267578125,False,True,False,False,False,
NYSE:APTV,,https://www.tradingview.com/chart/?symbol=NYSE%3AAPTV,False,,-57.47571600758522,-47.038554109098044,43.58000183105469,43.349998474121094,51.36691876220703,0.006770778589004509,-64.65005982138864,-64.08335721043423,0.5780160108236923,58.77000045776367,False,True,False,True,False,
NYSE:AR,,https://www.tradingview.com/chart/?symbol=NYSE%3AAR,True,2026-09-21 13:30,-84.73930997470522,-84.31227754306126,33.959999084472656,32.849998474121094,35.752799194335935,0.09024392967064594,27.789990290386495,9.956435845790638,0.3337857140047325,36.849998474121094,False,True,True,False,False,
NASDAQ:ARCC,,https://www.tradingview.com/chart/?symbol=NASDAQ%3AARCC,False,,-55.510373205415114,-36.995544905466936,19.43000030517578,17.440000534057617,18.08782028198242,0.7249546613673159,63.22579256279997,60.266646695301844,0.14543040698727236,18.875,True,False,False,False,False,
NYSE:ARES,,https://www.tradingview.com/chart/?symbol=NYSE%3AARES,False,,-73.59162356900927,-58.83735574286385,126.70999908447266,96.47000122070312,108.97328021240234,0.5707814326615875,30.183295859504238,16.083843449382577,0.42687934466999106,124.11000061035156,False,False,False,False,False,
NASDAQ:ARGX,,https://www.tradingview.com/chart/?symbol=NASDAQ%3AARGX,False,,-44.5542615906333,-14.306983014461666,987.5250244140625,663.6199951171875,757.500806640625,0.8142407982378671,59.50109472817679,55.70443428538689,0.46352836538082004,858.2000122070312,False,False,False,False,False,
NASDAQ:ARM,,https://www.tradingview.com/chart/?symbol=NASDAQ%3AARM,False,,-10.05329353241634,55.63870550118798,323.1000061035156,115.08999633789062,191.70975720214844,0.6407010639416856,-9.559745565406473,4.036996920902141,1.2946111852720055,250.7779998779297,False,False,False,False,False,
NYSE:ARMK,,https://www.tradingview.com/chart/?symbol=NYSE%3AARMK,False,,-38.157148664469936,-38.157148664469936,56.47999954223633,38.88999938964844,44.43953924560547,0.7480331962216084,36.26790903653227,26.38895942751906,0.4342967806970754,54.14500045776367,False,False,False,False,False,
NYSE:ARW,,https://www.tradingview.com/chart/?symbol=NYSE%3AARW,False,,3.1263757122757974,29.454418331369865,219.10000610351562,136.27000427246094,159.78032312011717,0.8314596054097173,35.81012814774362,39.72223388609811,0.48011948758885914,207.49000549316406,False,False,False,False,False,
NASDAQ:ARWR,,https://www.tradingview.com/chart/?symbol=NASDAQ%3AARWR,False,,-92.98200052249275,-70.58891059513864,68.80000305175781,54.38999938964844,63.45947946166992,0.3749675656434649,13.307677273117514,-10.582423789013214,0.5030763269044273,76.38999938964844,False,False,False,False,False,
TSX:ARX,,https://www.tradingview.com/chart/?symbol=TSX%3AARX,False,,15.282951480799525,22.287140736481394,33.91999816894531,24.81999969482422,27.040759658813478,0.9670561765868391,40.86031701281323,53.24007056840331,0.30345049267842,31.010000228881836,False,False,False,False,False,
NYSE:AS,,https://www.tradingview.com/chart/?symbol=NYSE%3AAS,False,,-61.87190851604446,-43.76539291328404,27.459999084472656,26.25,28.869599639892577,0.10900894151415322,-65.91177560773701,-69.1369410737385,0.3236623142371918,34.29499816894531,False,True,False,True,False,"WATCH: weekly+band ok, waiting on 4h dot"
NASDAQ:ASML,,https://www.tradingview.com/chart/?symbol=NASDAQ%3AASML,False,,-50.600652388444075,7.88628853348201,1711.2850341796875,1253.9599609375,1427.2949028320313,0.6226598982611793,1.3210571900988572,-4.573239667704435,0.44415355595370326,1653.6400146484375,False,False,False,False,False,
NASDAQ:ASND,,https://www.tradingview.com/chart/?symbol=NASDAQ%3AASND,False,,-61.3558726648416,-58.51764229712027,237.41000366210938,204.8000030517578,221.7919994506836,0.4529167711293477,23.891729838072987,5.0769742156491,0.2964548366975926,242.8699951171875,False,False,False,False,False,
NASDAQ:ASTS,,https://www.tradingview.com/chart/?symbol=NASDAQ%3AASTS,False,,-34.127196619298495,-11.802157376693076,61.849998474121094,53.0099983215332,71.88763871765137,0.11051381381540347,-44.28078595335702,-43.926015170435456,1.0816768759902995,73.94999694824219,False,True,False,False,False,
NYSE:ASX,,https://www.tradingview.com/chart/?symbol=NYSE%3AASX,False,,-9.373948677165773,51.06978065559138,43.724998474121094,20.895000457763672,26.60856024169922,0.9429987145682994,38.41459338248476,51.10473113724628,0.6582381698745526,36.779998779296875,False,False,False,False,False,
TSX:ATD,,https://www.tradingview.com/chart/?symbol=TSX%3AATD,False,,-46.50605534445189,-45.318377395179986,79.7699966430664,75.63999938964844,79.96587982177735,0.22531352105055047,-12.38080466173833,-21.636818853378166,0.2242750651924408,81.7300033569336,False,True,False,False,False,
NYSE:ATI,,https://www.tradingview.com/chart/?symbol=NYSE%3AATI,False,,-64.68505472774413,-44.45872977630999,189.10000610351562,135.5,158.3731195678711,0.553033503055615,28.659848297324313,12.809938993348613,0.5249986341396001,184.61000061035156,False,False,False,False,False,
NYSE:ATO,,https://www.tradingview.com/chart/?symbol=NYSE%3AATO,False,,-71.629542554241,-71.629542554241,158.27000427246094,158.27000427246094,166.3093448486328,0.0,-58.282130544588874,-65.56648973570701,0.19354564640981306,176.0050048828125,False,True,False,False,False,
NYSE:AU,,https://www.tradingview.com/chart/?symbol=NYSE%3AAU,False,,-60.9791395623596,-29.66869598780698,101.91000366210938,74.9000015258789,86.3247605895996,0.5579426637006427,28.157294976696974,24.69319099216124,0.51538375253308,93.93000030517578,False,False,False,False,False,
NASDAQ:AUR,,https://www.tradingview.com/chart/?symbol=NASDAQ%3AAUR,False,,4.883948851207308,4.883948851207308,6.510000228881836,3.880000114440918,4.949056419372559,0.5805868448133283,2.509508086050889,3.751625750889369,0.7271106875279989,6.230000019073486,False,False,False,False,False,
NASDAQ:AVGO,,https://www.tradingview.com/chart/?symbol=NASDAQ%3AAVGO,False,,-62.694029356029354,1.0772449098439345,362.5400085449219,293.0450134277344,338.2472670898437,0.36283188378733816,-35.33092812247795,-38.478663768644466,0.49963472047737817,383.3500061035156,False,False,False,False,False,
NYSE:AVY,,https://www.tradingview.com/chart/?symbol=NYSE%3AAVY,False,,-23.73149728106949,-23.73149728106949,169.44000244140625,153.00999450683594,160.29649450683593,0.5321460059779858,25.889185624627668,17.36617399184988,0.18539090455560173,166.5399932861328,False,False,False,False,False,
NYSE:AWK,,https://www.tradingview.com/chart/?symbol=NYSE%3AAWK,False,,-66.94172063606041,-66.94172063606041,134.00999450683594,121.12999725341797,125.8027961730957,0.6505050621815064,47.84202492555846,37.437347717736095,0.14794885415423178,133.8300018310547,False,False,False,False,False,
NASDAQ:AXON,,https://www.tradingview.com/chart/?symbol=NASDAQ%3AAXON,True,2026-09-21 09:30,-58.53135438120438,-53.6646062065328,452.1400146484375,345.6400146484375,416.51788427734374,0.3546099809657591,9.908497187831628,-4.8234902791194765,0.629899852497415,476.7900085449219,False,False,False,False,False,
NYSE:AXP,,https://www.tradingview.com/chart/?symbol=NYSE%3AAXP,False,,-69.8689245528566,-63.66749415268998,314.0799865722656,292.3699951171875,308.69175598144534,0.31390963426123064,-25.427703321101788,-37.91639131814499,0.212538429500126,325.3999938964844,False,False,False,False,False,
NASDAQ:AXSM,,https://www.tradingview.com/chart/?symbol=NASDAQ%3AAXSM,False,,-21.83063233837321,-21.83063233837321,205.49000549316406,154.14999389648438,178.42731274414064,0.49907664074635316,-26.892420996089967,-30.50589943090085,0.4753037868983801,216.42999267578125,False,False,False,False,False,
NYSE:AZN,,https://www.tradingview.com/chart/?symbol=NYSE%3AAZN,False,,28.277172128970147,59.95605862060421,168.08999633789062,155.61000061035156,167.5232796020508,0.24722656069344068,-45.32887212744424,-35.25273705658871,0.27753035294370304,181.88999938964844,False,False,False,False,False,
NYSE:AZO,,https://www.tradingview.com/chart/?symbol=NYSE%3AAZO,False,,-55.988647789456046,-55.988647789456046,2805.469970703125,2805.469970703125,3017.7496083984374,0.0,-60.2205472730923,-64.78782108045904,0.2909944274216192,3091.090087890625,False,True,False,True,False,
NYSE:B,,https://www.tradingview.com/chart/?symbol=NYSE%3AB,False,,-50.29122359215751,-21.677572591530815,42.689998626708984,34.79999923706055,38.12287966918945,0.5603692019589335,25.374945313792626,22.780218992043032,0.3439599696762563,40.935001373291016,False,False,False,False,False,
NYSE:BA,,https://www.tradingview.com/chart/?symbol=NYSE%3ABA,True,2026-09-21 09:30,-60.27909071603972,-56.74027500518832,201.05999755859375,189.1999969482422,201.33983752441407,0.23055987650585613,-37.34731965737735,-45.726706567648534,0.23547724037548984,218.4499969482422,False,True,True,False,False,
NYSE:BABA,,https://www.tradingview.com/chart/?symbol=NYSE%3ABABA,False,,-53.36108582681097,18.54800086337087,115.76000213623047,94.72000122070312,106.78668237304687,0.4115000763983889,-22.254224471451522,-22.1112988701798,0.4167074666218644,122.69999694824219,False,False,False,False,False,
NYSE:BAC,,https://www.tradingview.com/chart/?symbol=NYSE%3ABAC,False,,-67.53636078444941,-59.38561934268754,57.974998474121094,46.71500015258789,50.98778004455566,0.6219275673145015,36.60207532798794,19.19580549573469,0.3211370352542394,56.37779998779297,False,False,False,False,False,
NYSE:BALL,,https://www.tradingview.com/chart/?symbol=NYSE%3ABALL,False,,-30.44228992968763,-30.44228992968763,59.709999084472656,52.43000030517578,55.83784088134766,0.5041549548787962,6.544578135200433,-4.395782235684373,0.23567818399741047,61.27000045776367,False,False,False,False,False,
TSX:BAM,,https://www.tradingview.com/chart/?symbol=TSX%3ABAM,False,,-65.08096396263926,-32.04525484692852,64.93000030517578,58.779998779296875,63.271078491210936,0.32317403680391293,20.00893488360619,4.122061661888145,0.2881586692228912,66.04000091552734,False,False,False,False,False,
NYSE:BAM,,https://www.tradingview.com/chart/?symbol=NYSE%3ABAM,False,,-69.06981528998546,-40.79203368689309,46.23500061035156,42.7400016784668,45.835141174316405,0.2664887153005016,16.73137472638133,1.1782637265998517,0.2758148911503595,47.54999923706055,False,False,False,False,False,
NYSE:BAP,,https://www.tradingview.com/chart/?symbol=NYSE%3ABAP,False,,-4.546594341887477,38.84504364588434,389.7099914550781,303.6499938964844,327.0493924560547,0.8679778402048417,22.715060661997725,27.777655992353907,0.26940004237170434,368.0400085449219,False,False,False,False,False,
NYSE:BAX,,https://www.tradingview.com/chart/?symbol=NYSE%3ABAX,True,2026-09-21 09:30,-67.49044566746778,-66.00625715013841,22.924999237060547,15.800000190734863,18.76180023574829,0.5677289990470096,35.32585654462958,20.13308700834319,0.6162533921818841,20.364999771118164,False,False,True,False,False,
NYSE:BBD,,https://www.tradingview.com/chart/?symbol=NYSE%3ABBD,False,,-25.70281986594651,-19.60492901259239,3.5250000953674316,2.9800000190734863,3.277454376220703,0.4324025347583467,-5.616187973410766,2.2575243936722016,0.3580681321733005,3.5199999809265137,False,False,False,False,False,
TSX:BBD.A,,https://www.tradingview.com/chart/?symbol=TSX%3ABBD.A,False,,-20.959990480741073,16.820754417113992,312.3500061035156,233.25999450683594,266.84515753173827,0.5557585867002258,-0.09847166517650674,-5.8229633490127295,0.46755598482232485,304.3699951171875,False,False,False,False,False,
TSX:BBD.B,,https://www.tradingview.com/chart/?symbol=TSX%3ABBD.B,False,,-16.03002180879984,14.12498463420009,310.4800109863281,231.52999877929688,264.96883935546873,0.5572024196956298,-0.5684576820905916,-7.251452296193925,0.46576380270642503,304.2099914550781,False,False,False,False,False,
NYSE:BBDO,,https://www.tradingview.com/chart/?symbol=NYSE%3ABBDO,False,,28.942661346988,28.942661346988,3.2074999809265137,2.880000114440918,3.08768008518219,0.3721589916193148,11.108348071159648,18.86715586865217,0.2784809658607993,3.1600000858306885,False,False,False,False,False,
NASDAQ:BBIO,,https://www.tradingview.com/chart/?symbol=NASDAQ%3ABBIO,False,,-78.30874200025518,-68.81752589476737,66.54000091552734,63.25,69.58896014404297,0.12248700077316499,-11.09823469172659,-26.387458351126675,0.36773110690218236,73.0425033569336,False,True,False,False,False,
NYSE:BBVA,,https://www.tradingview.com/chart/?symbol=NYSE%3ABBVA,False,,-44.20106568689621,-35.58755050749781,28.905000686645508,20.34000015258789,22.528900062561036,0.923450230331636,64.6951188045477,58.92986322540644,0.3842170610206196,24.139999389648438,False,False,False,False,False,
NYSE:BBY,,https://www.tradingview.com/chart/?symbol=NYSE%3ABBY,False,,43.755144155637204,43.755144155637204,93.22000122070312,55.43000030517578,64.72604016113281,0.9593805915482809,57.13050358276689,61.69700203350126,0.5181531324526979,76.0199966430664,False,False,False,False,False,
TSX:BCE,,https://www.tradingview.com/chart/?symbol=TSX%3ABCE,True,2026-09-21 13:30,-71.027295518195,-70.8099491055001,30.8700008392334,29.670000076293945,31.114320274353027,0.19607852914768018,0.3795910343323066,-9.000194481506146,0.1872132485876926,32.689998626708984,False,True,True,False,False,
NYSE:BCE,,https://www.tradingview.com/chart/?symbol=NYSE%3ABCE,True,2026-09-21 09:30,-80.84045352409571,-79.12533879806267,22.0,20.875,22.116360054016113,0.21387831768956997,0.8378525907843452,-8.846196016632431,0.22212838518131894,23.68000030517578,False,True,True,False,False,
NYSE:BCH,,https://www.tradingview.com/chart/?symbol=NYSE%3ABCH,False,,-52.866955210277986,-41.0480833634188,41.63999938964844,34.95000076293945,36.8592407989502,0.826946662611488,46.96541907801937,41.38409157345135,0.20408678802100355,39.63999938964844,False,False,False,False,False,
NYSE:BCS,,https://www.tradingview.com/chart/?symbol=NYSE%3ABCS,True,2026-09-21 09:30,-58.55909161310759,-55.402082787227954,25.309999465942383,20.065000534057617,22.071000534057617,0.617058697868796,5.125158034029636,-10.693745580279193,0.3352396037649581,25.354999542236328,False,False,False,False,False,
NYSE:BDX,,https://www.tradingview.com/chart/?symbol=NYSE%3ABDX,False,,-17.77588326502197,-17.77588326502197,180.69000244140625,140.7100067138672,152.8191661376953,0.7791852977947168,60.761369201032615,55.90573451635993,0.32996782995880225,155.5,False,False,False,False,False,
NYSE:BE,,https://www.tradingview.com/chart/?symbol=NYSE%3ABE,False,,34.81908596581028,36.273723208360984,272.6700134277344,117.6802978515625,171.508291015625,0.6795269659132873,14.08948374874536,23.56070986438489,0.97011916211459,235.11000061035156,False,False,False,False,False,
NYSE:BEKE,,https://www.tradingview.com/chart/?symbol=NYSE%3ABEKE,False,,-68.18450214215316,-35.37125375428899,16.549999237060547,14.199999809265137,15.469845035552979,0.43674603288543057,18.00675252182268,6.015453488351785,0.324823419131587,16.565000534057617,False,False,False,False,False,
NYSE:BEN,,https://www.tradingview.com/chart/?symbol=NYSE%3ABEN,False,,-51.91248856887844,-31.852920886784446,33.654998779296875,22.75,25.82153985595703,0.8378793154589185,32.78598844265935,23.93910691811907,0.40231839269049724,32.349998474121094,False,False,False,False,False,
NYSE:BG,,https://www.tradingview.com/chart/?symbol=NYSE%3ABG,False,,-61.42970311550888,-61.42970311550888,112.5999984741211,104.83999633789062,111.65095648193359,0.26888433721817373,11.642477835794205,6.867920020731717,0.23745269370542313,121.54000091552734,False,False,False,False,False,
NYSE:BHP,,https://www.tradingview.com/chart/?symbol=NYSE%3ABHP,False,,-60.657783657370146,-25.943353484329577,86.11499786376953,65.16000366210938,73.07308337402344,0.6249625697749454,43.667361619850425,31.85161163118385,0.3992141877855743,83.98999786376953,False,False,False,False,False,
NASDAQ:BIDU,,https://www.tradingview.com/chart/?symbol=NASDAQ%3ABIDU,False,,-52.72945044496303,-23.14591002289877,92.22000122070312,88.54000091552734,103.28528170776367,0.058898849351092436,-64.06489464683261,-63.19868255232182,0.555229752374516,112.52999877929688,False,True,False,True,False,
NASDAQ:BIIB,,https://www.tradingview.com/chart/?symbol=NASDAQ%3ABIIB,False,,-1.1179675647890137,24.140014046583065,219.07000732421875,171.75,184.17657971191406,0.8986802472935246,62.98049977110751,61.230564196375504,0.2648375255988779,198.82000732421875,False,False,False,False,False,
NYSE:BIP,,https://www.tradingview.com/chart/?symbol=NYSE%3ABIP,False,,-63.433717554192356,-20.169879666957403,35.974998474121094,34.040000915527344,36.0837608795166,0.22344083056444747,-17.741469241005152,-28.684386155161697,0.2313343002463682,37.435001373291016,False,True,False,False,False,
NYSE:BJ,,https://www.tradingview.com/chart/?symbol=NYSE%3ABJ,False,,-5.27426449117591,-5.27426449117591,92.30000305175781,83.87000274658203,87.80648281860351,0.5053956925024734,-0.24237057930658853,-1.683434188403886,0.17939341474471932,92.9800033569336,False,False,False,False,False,
NASDAQ:BKNG,,https://www.tradingview.com/chart/?symbol=NASDAQ%3ABKNG,True,2026-09-21 13:30,-53.75079887512489,-53.048506367885615,168.52999877929688,154.2100067138672,168.50452484130858,0.23642057027117921,16.788904629680445,0.171059997761299,0.34453919803173777,175.8000030517578,False,False,False,False,False,
NASDAQ:BKR,,https://www.tradingview.com/chart/?symbol=NASDAQ%3ABKR,False,,-57.61476099145633,-31.251093506772335,57.83000183105469,52.584999084472656,56.6170588684082,0.306994616777524,0.3184052892317677,-12.61139168678432,0.27406158233323996,62.34000015258789,False,False,False,False,False,
NYSE:BLK,,https://www.tradingview.com/chart/?symbol=NYSE%3ABLK,False,,-63.954673573140646,-19.493149620182418,1090.4000244140625,923.0,984.5605942382813,0.6417482847680477,26.645698205232623,16.5768027662063,0.24746697258362832,1054.0799560546875,False,False,False,False,False,
TSX:BMO,,https://www.tradingview.com/chart/?symbol=TSX%3ABMO,False,,23.345386228330057,59.67106617700815,248.83999633789062,182.22000122070312,200.13476208496093,0.8776181254545374,18.61229648996212,20.624758868691213,0.3223491523690713,235.49000549316406,False,False,False,False,False,
NYSE:BMO,,https://www.tradingview.com/chart/?symbol=NYSE%3ABMO,False,,-13.946357530173072,23.208682155188047,177.13999938964844,131.19000244140625,144.1983212890625,0.8336357224007459,23.130095235682372,22.307162474429234,0.32713134938430544,168.4949951171875,False,False,False,False,False,
NASDAQ:BMRN,,https://www.tradingview.com/chart/?symbol=NASDAQ%3ABMRN,False,,-34.4415110353762,-34.4415110353762,64.0,49.66999816894531,54.53867932128906,0.6946194105360324,57.71888946412707,50.23140304233636,0.36034943026746724,57.25,False,False,False,False,False,
NYSE:BMY,,https://www.tradingview.com/chart/?symbol=NYSE%3ABMY,True,2026-09-21 09:30,-58.53290214568164,-56.61364659806924,62.63999938964844,53.849998474121094,57.210637969970705,0.617275437792833,45.171008412476965,33.85070353411611,0.2414786767677761,58.970001220703125,False,False,False,False,False,
TSX:BN,,https://www.tradingview.com/chart/?symbol=TSX%3ABN,False,,-58.75619038506526,-16.423897448903716,53.349998474121094,51.68000030517578,55.1374006652832,0.1139930372017571,-68.68905656335222,-71.02708988526332,0.2400459088793003,61.029998779296875,False,True,False,True,False,
NYSE:BN,,https://www.tradingview.com/chart/?symbol=NYSE%3ABN,False,,-64.5096266840184,-29.74863487722811,37.9900016784668,37.029998779296875,39.6897188873291,0.08518215263324107,-67.27132712005421,-71.02960294404775,0.2599169810683334,43.36000061035156,False,True,False,True,False,"WATCH: weekly+band ok, waiting on 4h dot"
TSX:BNS,,https://www.tradingview.com/chart/?symbol=TSX%3ABNS,False,,43.05041431406489,68.75595081413996,133.88999938964844,93.44999694824219,102.99383752441406,1.0,60.5522200745894,63.76312570871709,0.3389773797730879,119.30000305175781,False,False,False,False,False,
NYSE:BNS,,https://www.tradingview.com/chart/?symbol=NYSE%3ABNS,False,,17.662345533278938,54.29953632334,95.33999633789062,67.38999938964844,73.98619866943359,1.0,63.47133852831172,64.31165474766851,0.3291720144008747,84.91000366210938,False,False,False,False,False,
NASDAQ:BNTX,,https://www.tradingview.com/chart/?symbol=NASDAQ%3ABNTX,False,,-39.37649835995826,-23.28241005636318,98.0199966430664,85.13999938964844,92.5621986694336,0.4095389031234186,26.659951935878265,20.515692182385983,0.3397428654199361,92.56999969482422,False,False,False,False,False,
NYSE:BNY,,https://www.tradingview.com/chart/?symbol=NYSE%3ABNY,False,,-74.12751370545469,-59.154919838979254,153.89999389648438,10.069999694824219,46.73356802368164,0.9258203764327818,48.51980273755303,34.91176102472235,1.079072735786285,143.97000122070312,False,False,False,False,False,
NYSE:BP,,https://www.tradingview.com/chart/?symbol=NYSE%3ABP,False,,-30.56216582262914,-30.56216582262914,43.16999816894531,36.1349983215332,38.85607893371582,0.6101472909534789,39.37235851081023,37.05909732338745,0.2631819728958845,43.810001373291016,False,False,False,False,False,
NASDAQ:BPOP,,https://www.tradingview.com/chart/?symbol=NASDAQ%3ABPOP,False,,-60.03976193887565,-48.317185716090044,162.55999755859375,128.92999267578125,140.51995281982423,0.684789339540832,17.020467741801614,4.305248887850144,0.30643955006660606,160.25999450683594,False,False,False,False,False,
NYSE:BR,,https://www.tradingview.com/chart/?symbol=NYSE%3ABR,True,2026-09-21 13:30,-57.33739418322446,-56.578424418360875,164.63999938964844,134.9134979248047,146.84011169433595,0.5882184567446467,36.79831033161853,28.244549295828858,0.3211827425807539,157.34500122070312,False,False,False,False,False,
NYSE:BRO,,https://www.tradingview.com/chart/?symbol=NYSE%3ABRO,False,,-59.73224781595999,-59.73224781595999,64.30999755859375,54.08000183105469,59.02774096679688,0.4879559987830813,17.071703654803752,3.4014887355796493,0.3147424732891017,66.61000061035156,False,False,False,False,False,
NYSE:BROS,,https://www.tradingview.com/chart/?symbol=NYSE%3ABROS,True,2026-09-21 13:30,-73.42523393739624,-73.02068782734248,39.130001068115234,38.619998931884766,46.81627882385254,0.014684772328034093,-47.02473282495123,-52.68703320222407,0.6447600196793473,53.8650016784668,False,True,True,False,False,"NEAR: 4h+band ok, weekly shallow"
NYSE:BSAC,,https://www.tradingview.com/chart/?symbol=NYSE%3ABSAC,True,2026-09-21 09:30,-67.73614367271743,-57.559261990931326,34.5099983215332,29.690000534057617,31.28536058807373,0.7130174000412507,47.66173008707671,37.64066433903261,0.20239520718716342,33.400001525878906,False,False,True,False,False,
NYSE:BSBR,,https://www.tradingview.com/chart/?symbol=NYSE%3ABSBR,False,,-24.48209273833098,-24.111675123691473,5.885000228881836,5.010000228881836,5.3510201568603515,0.6055364600657871,39.58613791003722,39.16562623242289,0.25350872687318793,5.699999809265137,False,False,False,False,False,
NYSE:BSX,,https://www.tradingview.com/chart/?symbol=NYSE%3ABSX,False,,-48.75996416969158,-47.90508946317393,43.73500061035156,42.400001525878906,49.30182037353516,0.045648805175832204,-31.27979541163675,-37.52696409178659,0.593746715724243,49.255001068115234,False,True,False,False,False,
NYSE:BTI,,https://www.tradingview.com/chart/?symbol=NYSE%3ABTI,False,,-11.883012764664537,-11.883012764664537,55.755001068115234,54.33000183105469,57.34372103881836,0.11158963286292359,-45.61950735198135,-45.24136688813054,0.2173986428016684,58.7400016784668,False,True,False,False,False,
NASDAQ:BTSG,,https://www.tradingview.com/chart/?symbol=NASDAQ%3ABTSG,False,,-65.1737855714258,-65.1737855714258,55.845001220703125,38.20000076293945,46.4116212310791,0.5071130752071442,-13.783064000299797,-23.1080443514848,0.586267950770286,59.349998474121094,False,False,False,False,False,
NYSE:BUD,,https://www.tradingview.com/chart/?symbol=NYSE%3ABUD,False,,-32.51935721216322,-32.51935721216322,77.94999694824219,67.4800033569336,71.96400335693359,0.5510522942793997,-13.663529530763043,-22.330635112767144,0.23864850228987253,79.61499786376953,False,False,False,False,False,
NYSE:BURL,,https://www.tradingview.com/chart/?symbol=NYSE%3ABURL,False,,-48.89895071735496,1.4784043767322856,251.85000610351562,227.4600067138672,262.13784368896484,0.1659861271073647,-32.37436151326467,-39.09024500597194,0.4529173951233957,324.42999267578125,False,True,False,False,False,
NYSE:BWA,,https://www.tradingview.com/chart/?symbol=NYSE%3ABWA,False,,-45.663087080289074,-33.571596663201866,63.31999969482422,50.560001373291016,57.090121841430665,0.4611491654057855,0.5282260980790957,-11.973544164156547,0.4333594776021404,63.849998474121094,False,False,False,False,False,
NYSE:BWXT,,https://www.tradingview.com/chart/?symbol=NYSE%3ABWXT,False,,-56.72350053259544,-37.970474991101746,147.44000244140625,145.5449981689453,167.59896337890626,0.02027848525392561,-66.8564197235291,-66.47413131154315,0.48313409676780866,193.42250061035156,False,True,False,True,False,
NYSE:BX,,https://www.tradingview.com/chart/?symbol=NYSE%3ABX,False,,-59.42791130629761,-45.25547890842125,126.41000366210938,102.12000274658203,113.26392123413086,0.5144007668818957,33.623531673436524,18.850530689527247,0.38284412999291123,123.33999633789062,False,False,False,False,False,
NYSE:BXP,,https://www.tradingview.com/chart/?symbol=NYSE%3ABXP,False,,-49.755826928804446,-47.31792321969677,64.13999938964844,51.02000045776367,56.466879989624026,0.5684575415728488,5.511153828449366,-7.8505500619756265,0.35955751890530374,64.19000244140625,False,False,False,False,False,
NYSE:C,,https://www.tradingview.com/chart/?symbol=NYSE%3AC,False,,-46.382708138533815,-38.6917442442741,135.05999755859375,105.5,115.10284057617187,0.7264683161707904,19.583916520485232,13.758667091507718,0.3083276658712564,131.97000122070312,False,False,False,False,False,
NYSE:CAH,,https://www.tradingview.com/chart/?symbol=NYSE%3ACAH,True,2026-09-21 09:30,-66.1219099931988,-64.3187935435161,225.66000366210938,182.6199951171875,198.26089727783204,0.6494153541961031,31.12228330417385,16.209870971193382,0.2964661518699644,223.5500030517578,False,False,True,False,False,
NYSE:CARR,,https://www.tradingview.com/chart/?symbol=NYSE%3ACARR,True,2026-09-21 09:30,-69.23325149370679,-62.63334482743787,54.599998474121094,53.875,59.15786050415039,0.03238768840444615,-52.023288616701116,-57.160313669536784,0.3527141271946831,63.46500015258789,False,True,True,False,False,"NEAR: 4h+band ok, weekly shallow"
NASDAQ:CASY,,https://www.tradingview.com/chart/?symbol=NASDAQ%3ACASY,False,,-61.674503812692684,-43.930129676970544,586.0900268554688,586.0900268554688,664.1540993652344,0.0,-45.16067116378078,-56.71564327400024,0.41369213986315906,799.5800170898438,False,True,False,False,False,
NYSE:CAT,,https://www.tradingview.com/chart/?symbol=NYSE%3ACAT,False,,-28.827624049089092,18.86821874008669,816.6799926757812,667.6699829101562,763.1532292480468,0.36829877128646,-32.13863923960301,-33.064873985958464,0.4732877562266428,854.8499755859375,False,False,False,False,False,
NYSE:CB,,https://www.tradingview.com/chart/?symbol=NYSE%3ACB,False,,-7.293425886338542,-7.293425886338542,337.3299865722656,309.8299865722656,322.50790686035157,0.51191361457754,6.067360516071003,-0.8707053686228976,0.16231569557553197,330.9599914550781,False,False,False,False,False,
NYSE:CBRE,,https://www.tradingview.com/chart/?symbol=NYSE%3ACBRE,False,,-41.976419774987335,-23.491204200030555,143.1999969482422,122.52999877929688,130.20944079589844,0.6352179699157157,17.846272711053718,9.153881799124905,0.23161796051396127,140.49000549316406,False,False,False,False,False,
NASDAQ:CCEP,,https://www.tradingview.com/chart/?symbol=NASDAQ%3ACCEP,True,2026-09-21 09:30,-72.95819033572118,-70.72478497477216,100.52999877929688,89.36000061035156,94.63460025024413,0.4997762385478001,19.651302926894576,3.2441739435855457,0.22516620988428546,99.26000213623047,False,False,True,False,False,
NYSE:CCI,,https://www.tradingview.com/chart/?symbol=NYSE%3ACCI,False,,-49.554435814444055,-45.79278865737803,73.22000122070312,72.26499938964844,77.51009902954101,0.04296971413369034,-41.455105545050806,-42.57029401264816,0.2750448411630972,80.80500030517578,False,True,False,False,False,
NYSE:CCJ,,https://www.tradingview.com/chart/?symbol=NYSE%3ACCJ,False,,-61.465948358890294,-35.04556558379918,93.20999908447266,84.58000183105469,94.46771618652343,0.20598080391351345,-20.352888927863898,-27.897383155533962,0.4020255836379039,104.21499633789062,False,True,False,False,False,
NYSE:CCK,,https://www.tradingview.com/chart/?symbol=NYSE%3ACCK,False,,-73.2716575591514,-73.2716575591514,108.7300033569336,92.04000091552734,99.14360055541992,0.5544851590526065,16.611375869014704,3.021632634546723,0.28143991896220255,106.94999694824219,False,False,False,False,False,
NYSE:CCL,,https://www.tradingview.com/chart/?symbol=NYSE%3ACCL,True,2026-09-21 09:30,-54.74278905316245,-49.442814374493274,22.315000534057617,21.829999923706055,24.036600013732908,0.051871720915943456,-50.62501531295675,-55.54441111725819,0.3509759983366545,26.639999389648438,False,True,False,False,False,
TSX:CCL.B,,https://www.tradingview.com/chart/?symbol=TSX%3ACCL.B,False,,-1.4805823274158942,-1.4805823274158942,92.30999755859375,81.66999816894531,85.24067932128906,0.7032383315180121,43.465538263953654,37.23100477849255,0.16971401709309547,89.1500015258789,False,False,False,False,False,
TSX:CCO,,https://www.tradingview.com/chart/?symbol=TSX%3ACCO,False,,-61.0509881326499,-28.276800567941056,130.91000366210938,118.86000061035156,131.60872161865234,0.2230655701354846,-25.481638107317124,-32.77438392375429,0.37191052855394796,145.25,False,True,False,False,False,
NYSE:CDE,,https://www.tradingview.com/chart/?symbol=NYSE%3ACDE,False,,-64.54159440662208,-42.78550199685696,19.520000457763672,14.154999732971191,16.05479977798462,0.6664597015745815,26.347114526758375,24.581674642884217,0.43989073914452803,18.299999237060547,False,False,False,False,False,
NASDAQ:CDNS,,https://www.tradingview.com/chart/?symbol=NASDAQ%3ACDNS,False,,-47.53345677085054,-0.3083786685223444,294.9100036621094,265.6499938964844,301.23407360839843,0.19405763365507203,-52.392985114477206,-54.9385749638595,0.4484430117852506,336.2300109863281,False,True,False,False,False,
NASDAQ:CDW,,https://www.tradingview.com/chart/?symbol=NASDAQ%3ACDW,False,,-28.231358034399374,-28.231358034399374,146.4250030517578,97.12999725341797,111.31949905395507,0.8198752522775564,58.42240002063613,55.000973067899785,0.4489956387508281,133.91000366210938,False,False,False,False,False,
NASDAQ:CEG,,https://www.tradingview.com/chart/?symbol=NASDAQ%3ACEG,False,,-54.64375123925594,-46.885710704394796,262.1099853515625,232.4199981689453,254.0800814819336,0.3234907675030071,15.020493215466644,0.4023248309630123,0.33278344266414644,275.7950134277344,False,False,False,False,False,
NYSE:CF,,https://www.tradingview.com/chart/?symbol=NYSE%3ACF,False,,-63.09087202959076,-63.09087202959076,123.2300033569336,101.73999786376953,110.59943807983399,0.5724561792505268,50.840790696660896,42.45880886068199,0.3085014723976231,121.68499755859375,False,False,False,False,False,
NYSE:CFG,,https://www.tradingview.com/chart/?symbol=NYSE%3ACFG,True,2026-09-21 09:30,-59.27233173121696,-57.4559827949626,67.36000061035156,55.64500045776367,60.22458106994629,0.6037103110830653,13.009370510898314,-1.8802088649782256,0.2893893446525915,67.05500030517578,False,False,False,False,False,
NASDAQ:CG,,https://www.tradingview.com/chart/?symbol=NASDAQ%3ACG,False,,-69.94716032888896,-52.37041690338818,40.84000015258789,40.02000045776367,43.01012002563476,0.06471979584291274,-12.752885083532869,-28.074070652464158,0.2714805799451704,46.66999816894531,False,True,False,False,False,
NYSE:CHD,,https://www.tradingview.com/chart/?symbol=NYSE%3ACHD,False,,-30.600994640587757,-12.258609994565587,95.48999786376953,90.58499908447266,93.66361865234374,0.3760060918194398,7.7080874193692255,-6.218952721110625,0.1350483772875546,96.59500122070312,False,False,False,False,False,
NASDAQ:CHKP,,https://www.tradingview.com/chart/?symbol=NASDAQ%3ACHKP,False,,-23.145811043062,-23.145811043062,134.2899932861328,112.51000213623047,122.72172134399415,0.5033508860554158,15.950659985854488,17.770973707163623,0.3249718259597223,133.14999389648438,False,False,False,False,False,
NASDAQ:CHRW,,https://www.tradingview.com/chart/?symbol=NASDAQ%3ACHRW,False,,-1.3709431916118373,-1.3709431916118373,152.83999633789062,141.55999755859375,157.7649395751953,0.16427579371693077,-28.992150875065278,-27.581746802258127,0.4023026218155278,170.67999267578125,False,True,False,False,False,
NYSE:CHT,,https://www.tradingview.com/chart/?symbol=NYSE%3ACHT,False,,66.1643563365099,66.1643563365099,45.869998931884766,41.3849983215332,42.54965864562988,0.9088144604427212,68.52546212248043,77.80309648208753,0.11413046211209123,43.2400016784668,False,False,False,False,False,
NASDAQ:CHTR,,https://www.tradingview.com/chart/?symbol=NASDAQ%3ACHTR,False,,-74.2083929746799,-74.2083929746799,123.3499984741211,123.1449966430664,152.07505642700195,0.0016723239595851517,-14.844796014954225,-28.493908652123196,0.8299593880657258,147.6999969482422,False,True,False,False,False,
NYSE:CI,,https://www.tradingview.com/chart/?symbol=NYSE%3ACI,False,,-32.76819872758058,-32.76819872758058,274.4700012207031,258.0799865722656,269.03510974121093,0.35308078214912847,-17.295872366351784,-28.742423446019888,0.16534877481822507,280.739990234375,False,False,False,False,False,
NYSE:CIB,,https://www.tradingview.com/chart/?symbol=NYSE%3ACIB,False,,-50.684128092658106,-49.59304686658772,97.79000091552734,62.70000076293945,72.27216108703612,0.8651380415311043,66.71811523764215,61.47453162427033,0.5113786815206192,79.31500244140625,False,False,False,False,False,
NYSE:CIEN,,https://www.tradingview.com/chart/?symbol=NYSE%3ACIEN,False,,-0.23238820375583438,34.42926659280125,365.8599853515625,315.9200134277344,389.37736853027343,0.16044456484407316,-48.203882592913146,-46.4441322434176,0.7129342904301295,436.5899963378906,False,True,False,False,False,
NASDAQ:CINF,,https://www.tradingview.com/chart/?symbol=NASDAQ%3ACINF,False,,-40.533916966428336,-40.533916966428336,166.80999755859375,153.6199951171875,162.6682378540039,0.3440270853373588,-13.903740316164763,-22.556406367628043,0.22740894640458423,168.59500122070312,False,False,False,False,False,
NYSE:CL,,https://www.tradingview.com/chart/?symbol=NYSE%3ACL,False,,-58.71882954111252,-51.494049319782086,86.25,81.80000305175781,84.93762261962891,0.33471211441281484,-21.56455356094806,-34.33331325468628,0.14824931003237304,89.68000030517578,False,False,False,False,False,
NYSE:CLH,,https://www.tradingview.com/chart/?symbol=NYSE%3ACLH,False,,-34.07011953325501,-34.07011953325501,311.4700012207031,275.93499755859375,288.72738159179687,0.6555666905004532,51.798627040840834,44.79291229482268,0.17914277049152386,302.5799865722656,False,False,False,False,False,
TSX:CLS,,https://www.tradingview.com/chart/?symbol=TSX%3ACLS,False,,14.546776321103174,44.34269269857911,483.3800048828125,357.9599914550781,427.74754943847654,0.4241318083659922,-24.569991480685534,-12.77431090833712,0.6124388901041676,482.8399963378906,False,False,False,False,False,
NYSE:CLS,,https://www.tradingview.com/chart/?symbol=NYSE%3ACLS,False,,8.66874590999992,38.947360404560236,344.30999755859375,257.0199890136719,307.86382958984376,0.4051708482906389,-23.16881899026529,-12.454604698367081,0.6270902971412227,343.55499267578125,False,False,False,False,False,
NYSE:CLX,,https://www.tradingview.com/chart/?symbol=NYSE%3ACLX,True,2026-09-21 09:30,-64.68588233607234,-60.51289033592906,84.87999725341797,83.11000061035156,89.99884118652344,0.06063708444764129,-4.854149156685378,-19.763784051388278,0.3013472676937332,96.86499786376953,False,True,True,False,False,
TSX:CM,,https://www.tradingview.com/chart/?symbol=TSX%3ACM,False,,-28.698765115194703,31.411106458924053,163.17999267578125,127.88999938964844,138.2810791015625,0.8014988477066763,9.726495614529062,8.718977060097604,0.2775641267351906,158.6300048828125,False,False,False,False,False,
NYSE:CM,,https://www.tradingview.com/chart/?symbol=NYSE%3ACM,False,,-45.085667490388374,-1.5526825724594377,116.23999786376953,91.80999755859375,99.40329827880859,0.7592850967528066,15.030970512653298,10.06506948214733,0.2833054780154599,113.56999969482422,False,False,False,False,False,
NASDAQ:CMCSA,,https://www.tradingview.com/chart/?symbol=NASDAQ%3ACMCSA,False,,-83.07080002668191,-76.29265712291529,22.934999465942383,21.93000030517578,24.27230012512207,0.10125936907016314,3.2309674098823042,-12.551938863143256,0.39447532977951927,25.15999984741211,False,True,False,False,False,
NASDAQ:CME,,https://www.tradingview.com/chart/?symbol=NASDAQ%3ACME,False,,-45.68235135798526,-20.416757162493685,275.6000061035156,218.55999755859375,241.40597583007812,0.5892258959820385,26.600010342145538,27.727391700372802,0.35075544802756414,275.989990234375,False,False,False,False,False,
NYSE:CMG,,https://www.tradingview.com/chart/?symbol=NYSE%3ACMG,False,,-69.42388620506664,-66.10153782093107,33.119998931884766,28.18000030517578,30.688680557250976,0.46472230765117667,27.67599356441494,11.888574165892129,0.3186928860441091,33.35499954223633,False,False,False,False,False,
NYSE:CMI,,https://www.tradingview.com/chart/?symbol=NYSE%3ACMI,False,,-64.21618022562804,-47.374125592829444,534.655029296875,511.67999267578125,563.2884709472656,0.10506236231293888,-61.35188214471944,-64.10277863522938,0.340936377405696,641.4099731445312,False,True,False,True,False,"WATCH: weekly+band ok, waiting on 4h dot"
NYSE:CMS,,https://www.tradingview.com/chart/?symbol=NYSE%3ACMS,False,,-70.22757111754157,-70.22757111754157,64.69999694824219,64.69999694824219,68.3556382446289,0.0,-62.947335311139,-67.60918708340179,0.2095792819058559,73.91000366210938,False,True,False,True,False,"WATCH: weekly+band ok, waiting on 4h dot"
NYSE:CNC,,https://www.tradingview.com/chart/?symbol=NYSE%3ACNC,False,,-26.273543533116563,-26.273543533116563,64.98999786376953,31.80500030517578,40.67623944091797,0.8828145994029628,33.73073297523376,29.889086167583983,0.5972354171920664,62.939998626708984,False,False,False,False,False,
NYSE:CNH,,https://www.tradingview.com/chart/?symbol=NYSE%3ACNH,False,,-16.348497201304994,-16.348497201304994,13.479999542236328,9.84000015258789,10.914980224609375,0.7991216565918466,81.51883812429821,80.51217606283706,0.4257009706889531,10.699999809265137,False,False,False,False,False,
NYSE:CNI,,https://www.tradingview.com/chart/?symbol=NYSE%3ACNI,False,,-74.53878351438992,-74.53878351438992,117.52999877929688,98.47000122070312,106.04560266113282,0.5937692814490237,15.49601511123101,0.35731954837444313,0.269250174256342,119.22000122070312,False,False,False,False,False,
NYSE:CNP,,https://www.tradingview.com/chart/?symbol=NYSE%3ACNP,False,,-62.43928935680547,-49.72406169873549,37.97999954223633,37.91999816894531,39.59205885314941,0.008468785989917573,-49.92699004200393,-54.67914199885001,0.1662170768133706,42.625,False,True,False,False,False,
TSX:CNQ,,https://www.tradingview.com/chart/?symbol=TSX%3ACNQ,False,,-38.605118695027066,-38.605118695027066,67.80999755859375,55.869998931884766,59.68611940002442,0.7384042771786531,53.04431897743546,49.316674522660165,0.24992276269468813,64.69999694824219,False,False,False,False,False,
NYSE:CNQ,,https://www.tradingview.com/chart/?symbol=NYSE%3ACNQ,False,,-52.31641283036143,-52.31641283036143,48.29999923706055,38.93000030517578,41.99800030517578,0.7207691486065204,49.0483511770672,44.3698423892568,0.2773629250321222,46.869998931884766,False,False,False,False,False,
TSX:CNR,,https://www.tradingview.com/chart/?symbol=TSX%3ACNR,False,,-59.937395473959704,-59.937395473959704,164.97999572753906,135.17999267578125,146.69207598876955,0.6109059958140005,9.607254638429811,-3.0244259937125015,0.29385550625352974,166.0,False,False,False,False,False,
NYSE:COF,,https://www.tradingview.com/chart/?symbol=NYSE%3ACOF,True,2026-09-21 09:30,-60.57051067221257,-51.07814556120678,204.92999267578125,176.05999755859375,188.1620772705078,0.5629874376838538,26.844715211355936,13.399774731904731,0.2556076165256751,200.6199951171875,False,False,True,False,False,
NYSE:COHR,,https://www.tradingview.com/chart/?symbol=NYSE%3ACOHR,False,,-5.43761097334099,45.37689649696808,321.1300048828125,219.19500732421875,268.2015870361328,0.4908863170057076,-18.14091344445087,-10.118585123305387,0.654650034009973,317.20001220703125,False,False,False,False,False,
NASDAQ:COIN,,https://www.tradingview.com/chart/?symbol=NASDAQ%3ACOIN,False,,-35.062957928887585,25.136943281017334,200.9499969482422,142.5800018310547,160.0532061767578,0.7883682108395744,18.055842435267824,31.509235577135197,0.4255359453261968,173.99000549316406,False,False,False,False,False,
NASDAQ:COKE,,https://www.tradingview.com/chart/?symbol=NASDAQ%3ACOKE,False,,-4.7412034426711145,-4.7412034426711145,189.6999969482422,163.3800048828125,176.27032373046876,0.48187466895520586,40.53641342114383,40.71549028175095,0.2904700971461665,188.0399932861328,False,False,False,False,False,
NASDAQ:COO,,https://www.tradingview.com/chart/?symbol=NASDAQ%3ACOO,False,,-60.99731182448661,-32.4815197110428,54.119998931884766,53.279998779296875,58.83779949951172,0.03566879166604573,-22.539592381631095,-36.479139764406575,0.3361884657500647,70.05000305175781,False,True,False,False,False,
NYSE:COP,,https://www.tradingview.com/chart/?symbol=NYSE%3ACOP,False,,-35.4182134682246,-35.4182134682246,127.51000213623047,103.23500061035156,112.22306219482422,0.6373899762774651,54.13887565014397,48.45151734536261,0.3153515589341842,120.7699966430664,False,False,False,False,False,
NYSE:COR,,https://www.tradingview.com/chart/?symbol=NYSE%3ACOR,True,2026-09-21 09:30,-69.99202680639418,-63.07600148637826,316.489990234375,252.57000732421875,276.4661884765625,0.6312772685570857,36.84523124758102,29.127556434027195,0.3264289760658524,310.19000244140625,False,False,True,False,False,
NASDAQ:COST,,https://www.tradingview.com/chart/?symbol=NASDAQ%3ACOST,False,,-52.16150829235887,-45.43367771660056,898.4500122070312,891.8200073242188,939.7468913574219,0.032647253914102975,-59.056064338115924,-65.44930966415608,0.21016467282877796,966.2899780273438,False,True,False,False,False,
TSX:CP,,https://www.tradingview.com/chart/?symbol=TSX%3ACP,False,,-58.71069218798666,-58.71069218798666,121.94000244140625,107.4800033569336,113.54520083618164,0.5626461126140662,14.910791927565475,0.07887117031985369,0.2082488336133024,123.41000366210938,False,False,False,False,False,
NYSE:CP,,https://www.tradingview.com/chart/?symbol=NYSE%3ACP,False,,-68.21333947869375,-68.21333947869375,86.83000183105469,77.4800033569336,82.0206428527832,0.4859667106163195,21.126386445945844,3.638552951098802,0.21851217713711854,88.05000305175781,False,False,False,False,False,
NYSE:CPAY,,https://www.tradingview.com/chart/?symbol=NYSE%3ACPAY,False,,-63.47671028311839,-63.47671028311839,397.1499938964844,282.3299865722656,316.0685517578125,0.8031616513473969,60.83763573237177,52.36321698588191,0.4074676342758192,350.8500061035156,False,False,False,False,False,
NYSE:CPNG,,https://www.tradingview.com/chart/?symbol=NYSE%3ACPNG,True,2026-09-21 09:30,-58.336188590428605,-54.749072919600515,14.630000114440918,14.289999961853027,16.090679988861083,0.044560962973563975,-54.67268460925356,-59.165704600370034,0.45565838949162013,16.7450008392334,False,True,False,False,False,
NASDAQ:CPRT,,https://www.tradingview.com/chart/?symbol=NASDAQ%3ACPRT,True,2026-09-21 13:30,-69.725299986895,-69.725299986895,28.90999984741211,26.96500015258789,28.717299972534178,0.26195284776813216,-2.4811775807948706,-13.837514396356077,0.22934360577793195,32.375,False,False,True,False,False,
NYSE:CPT,,https://www.tradingview.com/chart/?symbol=NYSE%3ACPT,False,,-82.1073068783955,-82.1073068783955,98.80999755859375,96.9800033569336,101.96904321289063,0.0865654803451056,-40.70714478066776,-51.29107906177961,0.19886175936184228,106.30500030517578,False,True,False,False,False,
NYSE:CQP,,https://www.tradingview.com/chart/?symbol=NYSE%3ACQP,True,2026-09-21 13:30,-60.55092400934601,-55.43567500579136,66.0999984741211,57.93000030517578,61.06644052124023,0.61474775064913,49.659224927462844,37.06148092171351,0.20630241063766439,64.41999816894531,False,False,True,False,False,
NYSE:CR,,https://www.tradingview.com/chart/?symbol=NYSE%3ACR,False,,-47.572291180237876,-35.90823263988387,198.93499755859375,160.83999633789062,176.34991662597656,0.5796561246669976,-8.924278403434682,-18.300872030313386,0.33212047503042813,197.8800048828125,False,False,False,False,False,
NYSE:CRBG,,https://www.tradingview.com/chart/?symbol=NYSE%3ACRBG,False,,40.70839737023285,40.70839737023285,34.779998779296875,22.290000915527344,25.355640411376953,0.9615088466338741,66.0748001757566,66.86294185177417,0.4539576434622467,28.614999771118164,False,False,False,False,False,
NYSE:CRCL,,https://www.tradingview.com/chart/?symbol=NYSE%3ACRCL,False,,-52.87975209172546,-5.448669531887352,94.38999938964844,60.29999923706055,77.63419941711426,0.46412525253217735,20.020974121630307,25.233274696281185,0.8133097414301732,90.30999755859375,False,False,False,False,False,
NASDAQ:CRDO,,https://www.tradingview.com/chart/?symbol=NASDAQ%3ACRDO,False,,-33.502197972471436,30.52127039654844,187.39999389648438,87.81999969482422,138.53876235961914,0.4633567026646789,-22.914186824235202,-28.224123428136195,1.0392669774602465,206.7899932861328,False,False,False,False,False,
NYSE:CRH,,https://www.tradingview.com/chart/?symbol=NYSE%3ACRH,True,2026-09-21 09:30,-61.762965210293885,-57.008902405118995,87.1500015258789,85.81999969482422,93.55607940673828,0.040573577809120825,-69.28105548653794,-71.23290644490248,0.3157691893865499,103.80999755859375,False,True,True,True,True,FULL PASS
NYSE:CRM,,https://www.tradingview.com/chart/?symbol=NYSE%3ACRM,False,,-44.28328487360147,-44.28328487360147,236.66000366210938,147.8699951171875,175.59527770996092,0.7557882213277535,63.177898865196255,60.124972865269,0.6420023359730257,182.99000549316406,False,False,False,False,False,
NYSE:CRS,,https://www.tradingview.com/chart/?symbol=NYSE%3ACRS,False,,-76.85667575444471,-63.233324181178,402.67999267578125,361.29998779296875,422.09830664062497,0.16062419713962556,-32.20360474919982,-42.16477018905116,0.5497183063005148,468.6400146484375,False,True,False,False,False,
NASDAQ:CRWD,,https://www.tradingview.com/chart/?symbol=NASDAQ%3ACRWD,False,,45.773050203236835,45.773050203236835,249.27000427246094,92.0,129.1157210083008,1.0,60.91330103481715,67.32663340498779,0.9089438510054266,173.02499389648438,False,False,False,False,False,
NASDAQ:CRWV,,https://www.tradingview.com/chart/?symbol=NASDAQ%3ACRWV,False,,-46.45987833046302,-30.22468345388593,85.44000244140625,60.810001373291016,79.03156205749511,0.31900013137261557,-16.779379568754397,-21.436743606613902,0.8441942233987844,91.45999908447266,False,False,False,False,False,
NASDAQ:CSCO,,https://www.tradingview.com/chart/?symbol=NASDAQ%3ACSCO,False,,-12.83207911804773,-8.821060875185914,111.48049926757812,77.0199966430664,89.52681729125976,0.650259474262114,-9.171305745645643,-12.935529298869971,0.47473800994794335,111.62999725341797,False,False,False,False,False,
NASDAQ:CSGP,,https://www.tradingview.com/chart/?symbol=NASDAQ%3ACSGP,False,,-45.60207067628005,-45.60207067628005,29.040000915527344,26.81999969482422,30.93583937072754,0.1272936579996767,-20.21874424388452,-26.878817580820666,0.5397709032945358,32.310001373291016,False,True,False,False,False,
TSX:CSU,,https://www.tradingview.com/chart/?symbol=TSX%3ACSU,False,,-38.37543599147374,-38.37543599147374,2790.52001953125,2290.919921875,2535.970544921875,0.48114802395063155,21.693272918873138,8.536787262336382,0.3754180671382502,2765.85009765625,False,False,False,False,False,
NASDAQ:CSX,,https://www.tradingview.com/chart/?symbol=NASDAQ%3ACSX,False,,-86.21000334526939,-86.21000334526939,45.97999954223633,38.18000030517578,41.729440521240235,0.5186169389795584,16.26553455500827,-1.4523205511304838,0.3202725981419435,46.959999084472656,False,False,False,False,False,
NASDAQ:CTAS,,https://www.tradingview.com/chart/?symbol=NASDAQ%3ACTAS,False,,-56.873349057895354,-56.873349057895354,196.8300018310547,161.96499633789062,175.16801806640626,0.6232013750773235,38.00481080806122,29.718384321615247,0.31217568901463444,179.2100067138672,False,False,False,False,False,
NASDAQ:CTSH,,https://www.tradingview.com/chart/?symbol=NASDAQ%3ACTSH,False,,-27.01909033420904,-27.01909033420904,59.3849983215332,38.119998931884766,44.39766969299316,0.7994270561380871,32.626689076379485,32.17737070225059,0.48084417899398185,55.31999969482422,False,False,False,False,False,
NYSE:CTVA,,https://www.tradingview.com/chart/?symbol=NYSE%3ACTVA,False,,-63.87141318786947,-63.87141318786947,79.0999984741211,74.4800033569336,78.26780227661133,0.287850245162701,17.285917175226448,6.410876171544681,0.197356237622462,81.32499694824219,False,False,False,False,False,
TSX:CVE,,https://www.tradingview.com/chart/?symbol=TSX%3ACVE,False,,-22.483573846046067,-22.483573846046067,44.29999923706055,31.829999923706055,35.476199653625486,0.807119756442055,62.1162552039739,59.07865001058504,0.3924307664402362,39.369998931884766,False,False,False,False,False,
NYSE:CVE,,https://www.tradingview.com/chart/?symbol=NYSE%3ACVE,False,,-33.49229643919164,-33.49229643919164,31.559999465942383,23.190000534057617,25.734080696105956,0.7764376993272085,58.74247568833465,54.91053690414887,0.38132297531268844,28.270000457763672,False,False,False,False,False,
NYSE:CVNA,,https://www.tradingview.com/chart/?symbol=NYSE%3ACVNA,False,,-68.94371454184314,-55.85199918116112,67.19999694824219,56.228004455566406,62.63398599243164,0.40421443823558095,11.159747352171602,-0.46721256496510044,0.39733570362190457,68.31500244140625,False,False,False,False,False,
NYSE:CVS,,https://www.tradingview.com/chart/?symbol=NYSE%3ACVS,True,2026-09-21 13:30,-85.41198256266556,-85.41198256266556,87.58999633789062,69.9800033569336,79.55688198852539,0.43395750362715907,-13.876056912143005,-25.927349454091953,0.4308769809956141,94.18000030517578,False,False,True,False,False,
NYSE:CVX,,https://www.tradingview.com/chart/?symbol=NYSE%3ACVX,False,,-36.02367325707141,-36.02367325707141,203.67999267578125,165.6999969482422,177.9861563720703,0.7295427873347942,54.82248687306075,51.670124511801205,0.2729655894787322,190.72000122070312,False,False,False,False,False,
NYSE:CW,,https://www.tradingview.com/chart/?symbol=NYSE%3ACW,False,,-3.472372083129035,10.708377704448472,568.030029296875,551.4600219726562,608.3714133300781,0.06871246046255114,-66.98824958193079,-66.557930458955,0.3349909914492956,719.8699951171875,False,True,False,True,False,
NYSE:CX,,https://www.tradingview.com/chart/?symbol=NYSE%3ACX,True,2026-09-21 09:30,-63.236057316331625,-59.595426601501195,10.020000457763672,9.989999771118164,10.831339897155761,0.008415338611846318,-60.961155790477385,-64.81976537310176,0.2983264092852606,11.949999809265137,False,True,True,True,True,FULL PASS
NYSE:D,,https://www.tradingview.com/chart/?symbol=NYSE%3AD,True,2026-09-21 09:30,-68.88127232490702,-63.80779117288165,62.83000183105469,59.40999984741211,62.3021800994873,0.2790699049827631,-20.79720686876226,-31.388789010350184,0.18431345257709802,66.48999786376953,False,False,True,False,False,
NYSE:DAL,,https://www.tradingview.com/chart/?symbol=NYSE%3ADAL,False,,-13.285683878148623,35.56001682781308,82.5,57.915000915527344,66.4287001953125,0.6814969137695409,-7.408609580663538,-10.079629084576695,0.45374502477190265,79.50499725341797,False,False,False,False,False,
NASDAQ:DASH,,https://www.tradingview.com/chart/?symbol=NASDAQ%3ADASH,True,2026-09-21 13:30,-57.09556711900917,-56.19173161165443,193.6300048828125,146.60000610351562,167.91552423095703,0.5207041952043946,37.29297649071831,23.82425539055772,0.5106286158532671,176.8800048828125,False,False,False,False,False,
NYSE:DB,,https://www.tradingview.com/chart/?symbol=NYSE%3ADB,True,2026-09-21 09:30,-59.0838868450611,-58.13212108146905,38.22999954223633,28.3700008392334,31.480480461120607,0.748103179180086,62.02213319010432,51.62909103528331,0.3902293945931709,33.775001525878906,False,False,False,False,False,
NYSE:DD,,https://www.tradingview.com/chart/?symbol=NYSE%3ADD,False,,-30.48140227664372,14.486639591742303,129.75,123.68000030517578,131.03848037719726,0.19467606271372032,-45.376283732427574,-49.596330178821795,0.22462359234617985,138.80999755859375,False,True,False,False,False,
NASDAQ:DDOG,,https://www.tradingview.com/chart/?symbol=NASDAQ%3ADDOG,False,,44.58946898016868,47.78832528866233,245.1199951171875,103.69000244140625,147.2414444580078,0.7663920349356301,-2.9039668915820998,-0.08466036522946396,0.8189403192685315,225.33999633789062,False,False,False,False,False,
NYSE:DE,,https://www.tradingview.com/chart/?symbol=NYSE%3ADE,False,,-3.9947133544309295,27.41998080892202,684.719970703125,526.8049926757812,567.2966955566407,0.9203844778795376,75.79686422098025,75.84647787031403,0.29040887320528663,590.8049926757812,False,False,False,False,False,
NYSE:DECK,,https://www.tradingview.com/chart/?symbol=NYSE%3ADECK,False,,-60.17693829117127,-32.851939079235585,80.22000122070312,77.5250015258789,86.22278051757813,0.07312440665433156,-70.66589143172777,-71.37870019737151,0.3637125733895337,101.33000183105469,False,True,False,True,False,"WATCH: weekly+band ok, waiting on 4h dot"
NYSE:DELL,,https://www.tradingview.com/chart/?symbol=NYSE%3ADELL,False,,55.19229516034642,56.05831069332672,575.5,149.22000122070312,252.8877186279297,0.9704282319319322,71.03970597648072,73.5387661904856,1.0940994786874818,401.489990234375,False,False,False,False,False,
NYSE:DEO,,https://www.tradingview.com/chart/?symbol=NYSE%3ADEO,False,,-47.22896620743836,-43.7736431412528,86.81500244140625,72.47000122070312,78.2885809326172,0.5818293218796997,34.002161412985394,21.114219861493126,0.29982971874970715,82.2300033569336,False,False,False,False,False,
NYSE:DG,,https://www.tradingview.com/chart/?symbol=NYSE%3ADG,False,,-43.99832594729835,-43.99832594729835,121.91999816894531,101.76000213623047,109.8548010559082,0.5877550648176096,37.481111924649134,28.61848285345658,0.2860001278669471,119.93000030517578,False,False,False,False,False,
NYSE:DGX,,https://www.tradingview.com/chart/?symbol=NYSE%3ADGX,False,,36.68834362969401,36.68834362969401,244.875,186.5,201.0493985595703,0.9468776282122043,65.98820629245658,65.5248596168102,0.30379182811325617,202.93499755859375,False,False,False,False,False,
NYSE:DHI,,https://www.tradingview.com/chart/?symbol=NYSE%3ADHI,False,,-13.681654030786651,-13.681654030786651,139.25,132.52999877929688,140.83011834716797,0.19107198096577685,-49.12078109270531,-53.71236846705439,0.24064317234153046,146.14999389648438,False,True,False,False,False,
NYSE:DHR,,https://www.tradingview.com/chart/?symbol=NYSE%3ADHR,False,,13.278976254750255,43.67459015052395,215.83999633789062,161.9600067138672,175.3931262817383,0.9465915558201747,45.527644743169525,48.51909926783047,0.2969377507642529,191.69000244140625,False,False,False,False,False,
NYSE:DINO,,https://www.tradingview.com/chart/?symbol=NYSE%3ADINO,False,,55.487343777278845,55.487343777278845,109.2699966430664,55.72999954223633,70.09060008239746,0.8798684484300907,81.39272378745375,80.00819209654102,0.8474930320678953,71.80000305175781,False,False,False,False,False,
NYSE:DIS,,https://www.tradingview.com/chart/?symbol=NYSE%3ADIS,False,,-44.35669149912687,-44.35669149912687,104.2300033569336,92.4000015258789,96.87456130981445,0.6239452743825763,25.51104109951888,21.440230042178044,0.18624752962760613,101.80000305175781,False,False,False,False,False,
NASDAQ:DKNG,,https://www.tradingview.com/chart/?symbol=NASDAQ%3ADKNG,False,,-56.143713872662694,-56.143713872662694,21.954999923706055,20.649999618530273,22.858959762573242,0.1394231004357558,-29.91510738443141,-43.79263075359891,0.3812627658342961,24.549999237060547,False,True,False,False,False,
NYSE:DKS,,https://www.tradingview.com/chart/?symbol=NYSE%3ADKS,True,2026-09-21 09:30,-67.63313183072758,-60.83103805309315,123.5999984741211,121.0999984741211,149.2996379699707,0.02092225328223914,-76.3245544829354,-76.47152691988788,0.5646174696727699,211.6300048828125,False,True,True,True,True,FULL PASS
NYSE:DLR,,https://www.tradingview.com/chart/?symbol=NYSE%3ADLR,False,,-42.416646792362116,-0.5637638729213504,186.3300018310547,172.6999969482422,180.09387738037108,0.43504641194442156,-3.1691891627486597,-7.538254226527779,0.16607035081909985,188.65499877929688,False,False,False,False,False,
NASDAQ:DLTR,,https://www.tradingview.com/chart/?symbol=NASDAQ%3ADLTR,False,,-62.13660264727468,-50.35397086807372,112.31999969482422,86.43000030517578,98.30787893676758,0.5144049746144108,12.563681741855596,-3.9353741646095948,0.4437879602897461,113.41000366210938,False,False,False,False,False,
NYSE:DOC,,https://www.tradingview.com/chart/?symbol=NYSE%3ADOC,False,,-39.17078160064729,3.878315710511046,20.709999084472656,15.989999771118164,17.603060005187988,0.6905630765821992,6.536471643099818,1.4690910108645214,0.3368654846432591,20.290000915527344,False,False,False,False,False,
NYSE:DOCN,,https://www.tradingview.com/chart/?symbol=NYSE%3ADOCN,False,,6.256291466494585,48.05693360018039,146.22999572753906,66.22000122070312,93.46855920410155,0.6929672650977575,-11.759520589060722,2.1379140126992926,0.9228678034673833,125.11000061035156,False,False,False,False,False,
TSX:DOL,,https://www.tradingview.com/chart/?symbol=TSX%3ADOL,False,,-30.16118774635825,25.335217835706178,178.8300018310547,164.47999572753906,172.47095587158202,0.4238040710232176,-32.53665238906289,-33.932421299474456,0.19031025718761269,177.9199981689453,False,False,False,False,False,
NYSE:DOV,,https://www.tradingview.com/chart/?symbol=NYSE%3ADOV,False,,-49.136815831997346,-49.136815831997346,186.0800018310547,186.0800018310547,196.60324096679688,0.0,-65.46020677468776,-67.82234666892104,0.21024586805444886,212.0850067138672,False,True,False,True,False,
NYSE:DOW,,https://www.tradingview.com/chart/?symbol=NYSE%3ADOW,False,,-48.15862324862916,-48.15862324862916,28.2549991607666,27.010000228881836,30.664459922790527,0.08040032522852773,-33.06188331722311,-40.38375808598645,0.4683907459094412,33.060001373291016,False,True,False,False,False,
NASDAQ:DPZ,,https://www.tradingview.com/chart/?symbol=NASDAQ%3ADPZ,False,,-72.65736812833886,-68.14439507759914,295.6199951171875,282.8699951171875,310.9091545410156,0.10731420134666747,-10.685515025966899,-25.934589978043658,0.3570226515848681,332.7799987792969,False,True,False,False,False,
NYSE:DRI,,https://www.tradingview.com/chart/?symbol=NYSE%3ADRI,False,,-42.58097211181391,-24.696444665703158,211.35000610351562,190.5800018310547,199.34268298339845,0.5593859827924608,33.65557103418205,25.811178031781758,0.18289291428929624,203.01499938964844,False,False,False,False,False,
NASDAQ:DRS,,https://www.tradingview.com/chart/?symbol=NASDAQ%3ADRS,False,,-1.2473265688192121,38.80041946300262,37.959999084472656,35.91999816894531,39.167358673095706,0.14825585747228662,-56.15542091479446,-56.07236750922371,0.30858941666614625,44.59000015258789,False,True,False,False,False,
NYSE:DT,,https://www.tradingview.com/chart/?symbol=NYSE%3ADT,False,,56.12177249277636,56.12177249277636,56.38999938964844,32.369998931884766,38.03871903991699,1.0,73.42847822329676,75.7473470561569,0.5793536176598589,41.459999084472656,False,False,False,False,False,
NYSE:DTE,,https://www.tradingview.com/chart/?symbol=NYSE%3ADTE,False,,-72.16464850294415,-72.16464850294415,126.0199966430664,126.0199966430664,132.7507158508301,0.0,-54.43067122833063,-61.76141761204943,0.1967574835703525,144.9499969482422,False,True,False,False,False,
NYSE:DTM,,https://www.tradingview.com/chart/?symbol=NYSE%3ADTM,False,,-66.7021960887352,-52.94255786277524,125.05999755859375,124.9800033569336,131.1891609802246,0.0030404497255765764,-49.609024580688576,-53.54223060643847,0.19119242651336837,137.61000061035156,False,True,False,False,False,
NYSE:DUK,,https://www.tradingview.com/chart/?symbol=NYSE%3ADUK,True,2026-09-21 09:30,-69.50711031819041,-63.35111331012566,116.73999786376953,116.73999786376953,120.78739822387695,0.0,-49.76129926313654,-56.817732344013905,0.13693162321677488,125.24500274658203,False,True,True,False,False,"NEAR: 4h+band ok, weekly shallow"
NYSE:DVA,,https://www.tradingview.com/chart/?symbol=NYSE%3ADVA,False,,8.915652494697827,8.915652494697827,182.2899932861328,144.5,167.274,0.39160614804282706,-13.272135057295587,-15.500496453987758,0.5135437077289489,187.91000366210938,False,False,False,False,False,
NYSE:DVN,,https://www.tradingview.com/chart/?symbol=NYSE%3ADVN,False,,-22.163093865238135,-22.163093865238135,47.595001220703125,40.21500015258789,43.00924018859863,0.6233108929903328,47.133585028969634,45.429198188839145,0.25383213712922625,46.64500045776367,False,False,False,False,False,
NASDAQ:DXCM,,https://www.tradingview.com/chart/?symbol=NASDAQ%3ADXCM,False,,7.667201350455073,41.389689767223246,89.18000030517578,56.845001220703125,65.2194613647461,0.9112300557503725,57.83548270736793,56.15438164058846,0.490463045732395,72.3499984741211,False,False,False,False,False,
NYSE:DY,,https://www.tradingview.com/chart/?symbol=NYSE%3ADY,False,,-34.88123405155857,-10.738453554075742,291.510009765625,282.3500061035156,345.0953177490234,0.03445294648421085,-65.05716444951098,-65.84217248390891,0.64511971998692,412.125,False,True,False,True,False,
NYSE:E,,https://www.tradingview.com/chart/?symbol=NYSE%3AE,False,,-34.95979856341686,-34.95979856341686,54.03499984741211,45.59000015258789,48.438520080566406,0.6996685922407728,35.86958006092149,33.20682566294048,0.22273482193585437,54.189998626708984,False,False,False,False,False,
NASDAQ:EBAY,,https://www.tradingview.com/chart/?symbol=NASDAQ%3AEBAY,False,,55.770954071009875,55.770954071009875,108.2699966430664,87.95999908447266,95.2877998046875,0.6541061372760141,-6.410348299667073,2.9752569493847503,0.2880868751477673,107.77999877929688,False,False,False,False,False,
NYSE:EC,,https://www.tradingview.com/chart/?symbol=NYSE%3AEC,False,,-30.454566674080127,-30.454566674080127,16.850000381469727,12.625,13.953679801940918,0.7504442293548113,59.35788024929648,52.90917786448658,0.36689469291594323,15.345000267028809,False,False,False,False,False,
NYSE:ECL,,https://www.tradingview.com/chart/?symbol=NYSE%3AECL,False,,-64.89600714530113,-64.89600714530113,269.9100036621094,245.72000122070312,256.3966389160156,0.5347039713334377,15.405478126341707,2.0704355748064156,0.16710989225171186,270.7200012207031,False,False,False,False,False,
NYSE:ED,,https://www.tradingview.com/chart/?symbol=NYSE%3AED,False,,-58.241225458983045,-47.11264066903207,103.86000061035156,103.51000213623047,106.38448220825195,0.02873550618651176,-28.377679929356322,-40.46554606864824,0.1120103048046313,108.73999786376953,False,True,False,False,False,
NYSE:EFX,,https://www.tradingview.com/chart/?symbol=NYSE%3AEFX,True,2026-09-21 09:30,-66.81144928363334,-66.37701633722817,158.66000366210938,151.92999267578125,162.92051440429688,0.14451384856940275,4.329985785722818,-12.37555188616383,0.26889547126124874,173.19000244140625,False,True,True,False,False,
NYSE:EG,,https://www.tradingview.com/chart/?symbol=NYSE%3AEG,False,,-5.820094277994435,-5.820094277994435,369.5199890136719,315.364990234375,335.10756994628906,0.6473611806769791,44.25777645977672,41.10563881065584,0.23660764610519364,353.55999755859375,False,False,False,False,False,
NYSE:EGP,,https://www.tradingview.com/chart/?symbol=NYSE%3AEGP,False,,4.291843240664592,58.51195357248324,202.5,182.92999267578125,192.459673828125,0.48464598706744094,-13.318107185898901,-10.997412434698271,0.20016857055482526,201.72999572753906,False,False,False,False,False,
NYSE:EHC,,https://www.tradingview.com/chart/?symbol=NYSE%3AEHC,False,,12.1862554638929,12.1862554638929,121.58499908447266,95.83000183105469,102.96310147094727,0.8521091332881165,56.27394730768108,53.41321047582112,0.2828996584624727,106.83999633789062,False,False,False,False,False,
NYSE:EIX,,https://www.tradingview.com/chart/?symbol=NYSE%3AEIX,False,,-47.57791749503381,-39.01683117462783,54.93000030517578,53.47999954223633,59.8873990020752,0.05340703076163704,-43.529661516430856,-50.307988135867795,0.3800657750273199,71.43499755859375,False,True,False,False,False,
NYSE:EL,,https://www.tradingview.com/chart/?symbol=NYSE%3AEL,True,2026-09-21 09:30,-65.88649113400403,-57.87699873961207,96.37000274658203,67.19999694824219,76.49603680419922,0.7405434437758743,56.45448893385384,50.01665332653077,0.4684823802548951,84.08000183105469,False,False,True,False,False,
NYSE:ELAN,,https://www.tradingview.com/chart/?symbol=NYSE%3AELAN,True,2026-09-21 13:30,-67.36765407063375,-67.36765407063375,22.43000030517578,19.684999465942383,21.303959609985352,0.4001458593299924,-18.03766566938717,-30.90831861225819,0.28763104824440355,23.850000381469727,False,False,True,False,False,
NYSE:ELS,,https://www.tradingview.com/chart/?symbol=NYSE%3AELS,False,,-41.188225779419135,-41.188225779419135,60.439998626708984,60.06999969482422,62.03115911865234,0.04452455362061241,-28.460081850767015,-39.04326582618479,0.13031201974191065,63.77000045776367,False,True,False,False,False,
NYSE:ELV,,https://www.tradingview.com/chart/?symbol=NYSE%3AELV,False,,-24.07962736309806,-24.07962736309806,409.2699890136719,283.4100036621094,317.9981630859375,0.8587608313874628,44.329680129777266,45.89486615937485,0.3748337533467871,391.0,False,False,False,False,False,
TSX:EMA,,https://www.tradingview.com/chart/?symbol=TSX%3AEMA,False,,-46.15110248883624,2.644483617868867,68.43000030517578,67.29000091552734,69.70427990722656,0.11143693702428133,-26.630381487898173,-31.242222375949538,0.14190589883775814,72.08999633789062,False,True,False,False,False,
NYSE:EMBJ,,https://www.tradingview.com/chart/?symbol=NYSE%3AEMBJ,False,,-1.2690244990542559,31.16557099775442,77.01000213623047,53.80500030517578,59.69792059326172,0.9293152061128038,54.77231456702432,54.38051746204512,0.38930466882313436,64.13999938964844,False,False,False,False,False,
NYSE:EME,,https://www.tradingview.com/chart/?symbol=NYSE%3AEME,False,,-35.354287786410595,-10.751633248834366,757.5800170898438,672.219970703125,736.6892822265625,0.31247380298053934,-33.346843272585986,-36.39327378677347,0.34002793642844326,803.3900146484375,False,False,False,False,False,
NYSE:EMR,,https://www.tradingview.com/chart/?symbol=NYSE%3AEMR,False,,-48.14541895188171,1.879200393116643,151.66000366210938,123.30000305175781,132.99488348388672,0.6903602567250287,30.178962611938207,23.674311888919867,0.2891939524709946,142.0500030517578,False,False,False,False,False,
TSX:ENB,,https://www.tradingview.com/chart/?symbol=TSX%3AENB,False,,-32.017858715148286,13.197733851595336,67.68000030517578,66.2300033569336,69.53872256469727,0.10342348754835715,-46.41803296363606,-48.110139364702114,0.18648572208240863,75.18000030517578,False,True,False,False,False,
NYSE:ENB,,https://www.tradingview.com/chart/?symbol=NYSE%3AENB,False,,-41.510612215340345,-14.0071720522271,48.20000076293945,47.775001525878906,50.199900985717775,0.041362465375349586,-53.306977286806784,-56.01647078779925,0.18910458975452404,54.334999084472656,False,True,False,False,False,
NASDAQ:ENLT,,https://www.tradingview.com/chart/?symbol=NASDAQ%3AENLT,False,,-55.73782001352333,2.794005879209125,75.36000061035156,64.26499938964844,74.40237982177734,0.25829358043891176,-54.212282394236375,-56.200063251615546,0.5100635717979372,84.21499633789062,False,False,False,False,False,
NASDAQ:ENTG,,https://www.tradingview.com/chart/?symbol=NASDAQ%3AENTG,False,,-32.36158314151054,27.10416727485485,143.1699981689453,106.91000366210938,125.12684423828125,0.46974988159069364,-4.59424050366643,-3.0991995362522875,0.554685257330326,139.16000366210938,False,False,False,False,False,
NYSE:EOG,,https://www.tradingview.com/chart/?symbol=NYSE%3AEOG,False,,-26.334898951876994,-26.334898951876994,141.5800018310547,127.47000122070312,133.6673599243164,0.5373192521681024,48.79965209331282,38.98560982259468,0.1880819039192423,139.6199951171875,False,False,False,False,False,
NYSE:EPD,,https://www.tradingview.com/chart/?symbol=NYSE%3AEPD,False,,-56.37159753537902,-20.536563607533648,38.560001373291016,36.13999938964844,37.006119857788086,0.6594007290537373,51.95382873025926,47.2425549150377,0.09650281623570517,38.029998779296875,False,False,False,False,False,
NYSE:EQH,,https://www.tradingview.com/chart/?symbol=NYSE%3AEQH,False,,47.41484520003084,47.41484520003084,53.82500076293945,35.33000183105469,39.85530165100098,0.9645371404311971,67.65255636828437,68.20139083491816,0.43589448750684523,43.9900016784668,False,False,False,False,False,
NASDAQ:EQIX,,https://www.tradingview.com/chart/?symbol=NASDAQ%3AEQIX,False,,-38.62418869279122,16.635785103407706,1057.25,959.219970703125,997.5982895507813,0.6028165800043987,-8.471644122715245,-8.123995498809883,0.15464788889355813,1051.550048828125,False,False,False,False,False,
NYSE:EQNR,,https://www.tradingview.com/chart/?symbol=NYSE%3AEQNR,False,,-26.604009491229146,-26.604009491229146,42.5,31.03499984741211,34.521993835449216,0.7759520220835974,53.511065250195664,51.59775726395517,0.38061304406358615,38.81999969482422,False,False,False,False,False,
NYSE:EQT,,https://www.tradingview.com/chart/?symbol=NYSE%3AEQT,False,,-85.57634963826429,-76.76548777256424,50.13999938964844,48.1349983215332,52.80897929382324,0.10123709422020997,-0.051014711084934085,-17.10260997912426,0.362231447576291,54.67499923706055,False,True,False,False,False,
NASDAQ:ERIC,,https://www.tradingview.com/chart/?symbol=NASDAQ%3AERIC,False,,-0.3604437123958159,23.98425351823562,10.25,9.305000305175781,10.350480152130126,0.21331824676315786,-31.955451230779328,-29.225775593841732,0.3923895439286318,11.289799690246582,False,True,False,False,False,
NYSE:ES,,https://www.tradingview.com/chart/?symbol=NYSE%3AES,False,,-56.65869383273819,-44.530370894569764,66.87999725341797,66.50499725341797,68.7127780456543,0.040085501382750806,-27.393930204564075,-41.04301752468143,0.13364290509905133,70.0,False,True,False,False,False,
NASDAQ:ESLT,,https://www.tradingview.com/chart/?symbol=NASDAQ%3AESLT,False,,61.05492502612882,63.910078187327315,751.72998046875,700.439697265625,774.26056640625,0.1639713400404299,-38.71713322544678,-34.559382141498105,0.3864021709430682,809.52001953125,False,True,False,False,False,
NYSE:ET,,https://www.tradingview.com/chart/?symbol=NYSE%3AET,False,,-59.7313530926626,-59.7313530926626,20.899999618530273,18.549999237060547,19.302839363098144,0.7366771122387785,66.81150517677882,58.3864601559183,0.16115183236992717,19.795000076293945,False,False,False,False,False,
NYSE:ETN,,https://www.tradingview.com/chart/?symbol=NYSE%3AETN,False,,-18.508523415271384,37.82923368984596,435.4200134277344,343.57000732421875,371.6280435791016,0.7725630277014631,23.497394679046423,28.059514206135884,0.2932694960540073,405.3949890136719,False,False,False,False,False,
NYSE:ETR,,https://www.tradingview.com/chart/?symbol=NYSE%3AETR,False,,-63.8764605895671,-58.59622262911068,101.56999969482422,99.93000030517578,104.19688073730468,0.09070792165692879,-41.42806419046966,-50.71760271581233,0.16273629234356943,111.0999984741211,False,True,False,False,False,
NYSE:EVR,,https://www.tradingview.com/chart/?symbol=NYSE%3AEVR,False,,-68.18522807833033,-54.854963246499345,270.2349853515625,260.614990234375,288.49603369140624,0.08142876184512757,-63.6144792595832,-67.02239253298889,0.3548067820383931,332.9700012207031,False,True,False,True,False,"WATCH: weekly+band ok, waiting on 4h dot"
NASDAQ:EVRG,,https://www.tradingview.com/chart/?symbol=NASDAQ%3AEVRG,False,,-67.20281868282282,-67.20281868282282,79.29000091552734,78.70999908447266,80.93311865234375,0.06157133161307461,-26.43992541067446,-36.76761428033694,0.11391943271038454,82.69000244140625,False,True,False,False,False,
NYSE:EW,,https://www.tradingview.com/chart/?symbol=NYSE%3AEW,False,,-11.689900557955276,20.290982262961737,88.33000183105469,77.16000366210938,81.42452359008789,0.6181515416485994,13.279772316063804,9.018453839605403,0.21021405173663252,85.95999908447266,False,False,False,False,False,
NASDAQ:EXC,,https://www.tradingview.com/chart/?symbol=NASDAQ%3AEXC,False,,-69.43867368897587,-64.76225254718378,41.974998474121094,41.974998474121094,43.98335897827148,0.0,-55.961763667294456,-62.664671017950916,0.18487947777348304,46.029998779296875,False,True,False,False,False,
NASDAQ:EXE,,https://www.tradingview.com/chart/?symbol=NASDAQ%3AEXE,False,,-83.86332609708845,-77.52719007040947,87.66000366210938,85.41999816894531,92.14599816894531,0.07859668397066887,10.620298163516772,-7.184096712321281,0.2984918202553706,95.4800033569336,False,True,False,False,False,
NASDAQ:EXEL,,https://www.tradingview.com/chart/?symbol=NASDAQ%3AEXEL,False,,-8.803408175183332,24.619269202761046,57.209999084472656,40.9650993347168,45.35663455200195,0.8729968339665127,52.35405995767397,54.865546279927656,0.35627417645666404,52.22999954223633,False,False,False,False,False,
NYSE:EXPD,,https://www.tradingview.com/chart/?symbol=NYSE%3AEXPD,False,,-3.753872322849986,3.88072103952067,192.1300048828125,137.6699981689453,150.9851177368164,0.9652606962302784,68.8066038150435,66.17087634636502,0.34724273542913797,162.47999572753906,False,False,False,False,False,
NASDAQ:EXPE,,https://www.tradingview.com/chart/?symbol=NASDAQ%3AEXPE,False,,-31.13511953664697,-31.13511953664697,281.0199890136719,214.27000427246094,243.75584124755858,0.5342563757722061,36.23397856170981,24.776341167133207,0.49044155910742765,254.75,False,False,False,False,False,
NYSE:EXR,,https://www.tradingview.com/chart/?symbol=NYSE%3AEXR,False,,-30.234903720247516,-13.764335848725452,137.52000427246094,128.25,134.3211014404297,0.36034993481280775,-26.429813864221472,-32.55351018400624,0.17870793087105905,143.9499969482422,False,False,False,False,False,
NYSE:F,,https://www.tradingview.com/chart/?symbol=NYSE%3AF,False,,-60.57580273267019,-60.57580273267019,13.1850004196167,11.175000190734863,12.661800235748291,0.319047645718782,-11.955171192383828,-28.1506371419023,0.45421447437522405,13.870100021362305,False,False,False,False,False,
NASDAQ:FANG,,https://www.tradingview.com/chart/?symbol=NASDAQ%3AFANG,False,,-31.945378579973873,-31.945378579973873,189.19000244140625,170.58999633789062,180.7663187866211,0.43135439767607847,28.40237391530215,13.084266318155118,0.22043868023839,195.61000061035156,False,False,False,False,False,
NASDAQ:FAST,,https://www.tradingview.com/chart/?symbol=NASDAQ%3AFAST,False,,-19.323296365480164,-13.12883450062103,49.63999938964844,43.150001525878906,45.419141021728514,0.6749869272695966,45.08606706358808,39.44216525292316,0.20766734389216288,46.29999923706055,False,False,False,False,False,
NYSE:FCX,,https://www.tradingview.com/chart/?symbol=NYSE%3AFCX,False,,-40.88878622211694,2.5641373607986266,72.12999725341797,52.099998474121094,58.663159698486325,0.720244338104196,48.180821336246645,44.35003106093537,0.43527947180563137,63.88999938964844,False,False,False,False,False,
NYSE:FDX,,https://www.tradingview.com/chart/?symbol=NYSE%3AFDX,False,,-70.15954054129402,-70.15954054129402,295.7699890136719,275.39886474609375,290.93501525878906,0.3094450792826663,-0.1901311056063785,-18.512950295040692,0.21010833876342058,313.32000732421875,False,False,False,False,False,
NYSE:FE,,https://www.tradingview.com/chart/?symbol=NYSE%3AFE,False,,-60.5391954595086,-59.683563842839156,44.9900016784668,43.814998626708984,45.776158950805666,0.1413962524163188,-31.60147780499209,-41.89386259091055,0.17507640043350842,47.46500015258789,False,True,False,False,False,
NASDAQ:FER,,https://www.tradingview.com/chart/?symbol=NASDAQ%3AFER,False,,-54.152836001924015,-22.48522873968137,55.94499969482422,54.2400016784668,58.4950804901123,0.09456453092222394,-75.74473667098056,-76.39999122324939,0.2733888673072968,65.94999694824219,False,True,False,True,False,
NYSE:FERG,,https://www.tradingview.com/chart/?symbol=NYSE%3AFERG,False,,-65.78399254866291,-53.67884568453059,216.11000061035156,213.4550018310547,226.2639039916992,0.0489175187737193,-25.929643223526046,-35.914077670045714,0.23374250589405235,232.1999969482422,False,True,False,False,False,
TSX:FFH,,https://www.tradingview.com/chart/?symbol=TSX%3AFFH,False,,9.579328610456157,9.579328610456157,2245.449951171875,2109.419921875,2198.552443359375,0.3601725428545202,-25.307633480298335,-29.694047148524874,0.16393649007936992,2303.820068359375,False,False,False,False,False,
NASDAQ:FFIV,,https://www.tradingview.com/chart/?symbol=NASDAQ%3AFFIV,False,,65.34601599080626,66.67833616574733,449.8999938964844,279.739990234375,319.8977510986328,1.0,42.28287879080356,57.12613904513288,0.4365427536157563,389.7900085449219,False,False,False,False,False,
NYSE:FHN,,https://www.tradingview.com/chart/?symbol=NYSE%3AFHN,True,2026-09-21 09:30,-68.50173620682523,-64.70963676837813,23.924999237060547,21.575000762939453,22.672400672912598,0.5053760573993032,-11.619319987133968,-22.86626975307253,0.1889475620969457,24.610000610351562,False,False,True,False,False,
NYSE:FICO,,https://www.tradingview.com/chart/?symbol=NYSE%3AFICO,False,,-51.56677801074625,-51.56677801074625,924.1900024414062,908.7694702148438,1023.9163679199219,0.03160524232958344,-53.63777321532756,-58.23713088335663,0.43806924450723334,1113.7750244140625,False,True,False,False,False,
NYSE:FIS,,https://www.tradingview.com/chart/?symbol=NYSE%3AFIS,False,,-64.86373145913512,-64.86373145913512,35.20000076293945,35.20000076293945,38.87924079895019,0.0,-44.38185806106211,-58.3439188350545,0.36847080232971513,42.310001373291016,False,True,False,False,False,
NASDAQ:FISV,,https://www.tradingview.com/chart/?symbol=NASDAQ%3AFISV,False,,-66.91966329421348,-66.91966329421348,46.47999954223633,46.47999954223633,50.7633990020752,0.0,-41.74471104873207,-57.4929566274909,0.3382722602574158,53.654998779296875,False,True,False,False,False,
NYSE:FITB,,https://www.tradingview.com/chart/?symbol=NYSE%3AFITB,False,,-47.009718146227364,-44.510036599513796,53.31999969482422,43.38999938964844,47.17189974975586,0.6196567463123009,1.7203589921270506,-9.27051516191444,0.30224446223165546,53.02000045776367,False,False,False,False,False,
NASDAQ:FIVE,,https://www.tradingview.com/chart/?symbol=NASDAQ%3AFIVE,False,,-50.70739257155477,-46.92373608850905,236.13999938964844,176.25,196.64984057617187,0.6928505055312226,41.12421434166634,36.43006158404662,0.3873280600019049,223.1699981689453,False,False,False,False,False,
NYSE:FIX,,https://www.tradingview.com/chart/?symbol=NYSE%3AFIX,False,,-13.444910284736428,17.453233111700527,1632.5899658203125,1273.1800537109375,1460.7788217773436,0.4521391058804162,-36.36924003357489,-36.63327184039315,0.4608922304387898,1724.719970703125,False,False,False,False,False,
NASDAQ:FLEX,,https://www.tradingview.com/chart/?symbol=NASDAQ%3AFLEX,False,,-15.9129969696422,-10.473099521103071,111.62999725341797,60.56999969482422,84.90278048706054,0.49522327623453855,-27.010292073829476,-29.60548725121649,0.8779376806329279,117.44000244140625,False,False,False,False,False,
NYSE:FLUT,,https://www.tradingview.com/chart/?symbol=NYSE%3AFLUT,False,,-81.01506983419182,-81.01506983419182,86.91999816894531,86.91999816894531,93.62593838500976,0.0,-45.1957820727379,-59.73780691758116,0.2773548244211527,102.44999694824219,False,True,False,False,False,
TSX:FM,,https://www.tradingview.com/chart/?symbol=TSX%3AFM,False,,-44.08874690791922,4.733439111762412,45.22999954223633,28.985000610351562,33.65072071838379,0.8216994717117146,46.64998632778546,42.699985029468536,0.5071831885565344,38.97999954223633,False,False,False,False,False,
NYSE:FMS,,https://www.tradingview.com/chart/?symbol=NYSE%3AFMS,False,,-25.492000269031806,-25.492000269031806,22.219999313354492,20.170000076293945,21.477439842224122,0.3700360296155521,-13.962920342601626,-21.941930844213573,0.24245071841098914,22.850000381469727,False,False,False,False,False,
NYSE:FMX,,https://www.tradingview.com/chart/?symbol=NYSE%3AFMX,False,,-15.106945454000568,-15.106945454000568,119.83999633789062,101.37999725341797,109.07595919799805,0.5660838521951992,-15.211892328633956,-18.980440039170865,0.26923718213560177,121.12000274658203,False,False,False,False,False,
NYSE:FN,,https://www.tradingview.com/chart/?symbol=NYSE%3AFN,False,,-42.14126183030674,-17.766068830960652,401.5,374.9200134277344,462.79697717285154,0.07138249392922653,-53.41625140812052,-54.224618390038515,0.6734732683698819,552.89501953125,False,True,False,False,False,
NYSE:FNF,,https://www.tradingview.com/chart/?symbol=NYSE%3AFNF,True,2026-09-21 09:30,-62.63627624636382,-62.63627624636382,42.459999084472656,42.459999084472656,45.21057969665527,0.0,-39.12944572736901,-47.23885806107007,0.24331946185215253,47.900001525878906,False,True,True,False,False,
TSX:FNV,,https://www.tradingview.com/chart/?symbol=TSX%3AFNV,False,,6.614283004261876,33.55949388197606,367.5299987792969,277.4100036621094,300.7527645263672,0.9111312484129533,48.19302608781393,49.63321145798439,0.3081692618874366,320.9599914550781,False,False,False,False,False,
NYSE:FNV,,https://www.tradingview.com/chart/?symbol=NYSE%3AFNV,False,,-16.026260001855846,5.874034381701801,261.67999267578125,197.3000030517578,214.8654849243164,0.8649735692708563,44.95852776209555,45.30685132028395,0.32140084353600396,231.5800018310547,False,False,False,False,False,
NASDAQ:FOX,,https://www.tradingview.com/chart/?symbol=NASDAQ%3AFOX,False,,-31.12315169262666,-31.12315169262666,57.869998931884766,44.20000076293945,48.56128065490723,0.7397185339589603,33.633040885368786,31.732329067427834,0.3268771485294742,56.53499984741211,False,False,False,False,False,
NASDAQ:FOXA,,https://www.tradingview.com/chart/?symbol=NASDAQ%3AFOXA,False,,-33.12471313743032,-33.12471313743032,64.80000305175781,48.459999084472656,53.685038940429685,0.7380309131772121,34.61327382309156,32.34658128347653,0.35109417867894,63.060001373291016,False,False,False,False,False,
NASDAQ:FSLR,,https://www.tradingview.com/chart/?symbol=NASDAQ%3AFSLR,False,,-52.65474284048171,-47.77975444575705,199.92999267578125,184.25999450683594,215.88635321044922,0.11693156340026546,-37.49108814662643,-41.7408047946946,0.6275492081571231,213.5449981689453,False,True,False,False,False,
NASDAQ:FTAI,,https://www.tradingview.com/chart/?symbol=NASDAQ%3AFTAI,False,,-23.75519683903937,21.44794276887544,192.6699981689453,175.66000366210938,201.64596020507813,0.15448185241807008,-58.0124151758038,-56.49359429948387,0.4725243567669662,233.02499389648438,False,True,False,False,False,
NYSE:FTI,,https://www.tradingview.com/chart/?symbol=NYSE%3AFTI,True,2026-09-21 13:30,-65.69369279035625,-65.48326176998692,71.31999969482422,62.52000045776367,66.78687998962403,0.48672567491981855,36.020121707951766,21.301526364318498,0.25167036383632824,71.83999633789062,False,False,True,False,False,
NASDAQ:FTNT,,https://www.tradingview.com/chart/?symbol=NASDAQ%3AFTNT,False,,42.76069566773854,43.63460478211177,175.21099853515625,76.69999694824219,99.94859332275391,1.0,46.59883072518869,53.21435123192329,0.6724759225400607,146.49000549316406,False,False,False,False,False,
TSX:FTS,,https://www.tradingview.com/chart/?symbol=TSX%3AFTS,False,,-45.22375524979021,-4.955751682503837,75.22000122070312,74.33000183105469,76.37376089477539,0.10277133918841178,-26.108540669908493,-31.463488326325717,0.11101135489769266,78.01000213623047,False,True,False,False,False,
NYSE:FTS,,https://www.tradingview.com/chart/?symbol=NYSE%3AFTS,False,,-53.14058280580073,-31.519980175485983,53.599998474121094,53.41999816894531,54.69911863708496,0.03321037625429241,-31.908599029381303,-40.89652241157909,0.0960993233511817,56.400001525878906,False,True,False,False,False,
NYSE:FTV,,https://www.tradingview.com/chart/?symbol=NYSE%3AFTV,False,,-37.28361425534364,-34.46869320257709,55.08000183105469,53.625,56.11361956787109,0.13798028294965684,-47.97670622661104,-54.83270395170181,0.1755451676796645,60.06999969482422,False,True,False,False,False,
NASDAQ:FUTU,,https://www.tradingview.com/chart/?symbol=NASDAQ%3AFUTU,False,,-60.534988857388406,-7.89127542489986,114.05000305175781,89.47000122070312,107.99364251708984,0.3131609136298944,15.111828141899542,13.024747000995163,0.6965744167606178,112.68000030517578,False,False,False,False,False,
NASDAQ:FWONK,,https://www.tradingview.com/chart/?symbol=NASDAQ%3AFWONK,False,,-51.45217424831335,-33.410568205809355,96.45999908447266,81.13500213623047,87.19784091186523,0.5965356186478001,24.515445952442168,13.050075248602237,0.28127218557534456,91.33499908447266,False,False,False,False,False,
NYSE:GD,,https://www.tradingview.com/chart/?symbol=NYSE%3AGD,False,,-40.27281213456165,-40.27281213456165,353.8999938964844,308.6000061035156,329.2972017822266,0.5165336060545217,9.35870697683423,-3.0463581814466174,0.24848410801496704,352.94000244140625,False,False,False,False,False,
NYSE:GDDY,,https://www.tradingview.com/chart/?symbol=NYSE%3AGDDY,False,,-7.11197164062494,1.548541492310573,104.73999786376953,74.05999755859375,81.39723849487305,0.9868123637893129,53.73197623264235,57.307465230342366,0.35448381868999373,87.70500183105469,False,False,False,False,False,
NYSE:GE,,https://www.tradingview.com/chart/?symbol=NYSE%3AGE,False,,-63.60231910889646,-33.700556545562016,319.07000732421875,273.239990234375,298.69967138671876,0.4248240175705203,-15.07331833268663,-26.088127896208945,0.3320713100755824,324.8699951171875,False,False,False,False,False,
NASDAQ:GEHC,,https://www.tradingview.com/chart/?symbol=NASDAQ%3AGEHC,False,,-51.07742081903465,-23.49029207928463,64.80000305175781,59.4900016784668,63.131480850219724,0.3441349696072641,2.195815388147677,-8.187125968387795,0.23625780228571108,65.30999755859375,False,False,False,False,False,
NASDAQ:GEN,,https://www.tradingview.com/chart/?symbol=NASDAQ%3AGEN,False,,-42.52829604370151,-42.52829604370151,29.15999984741211,17.905000686645508,21.099260650634765,0.8315477863059272,59.3813952227913,52.97788554639666,0.5421590132058967,24.96500015258789,False,False,False,False,False,
NYSE:GEV,,https://www.tradingview.com/chart/?symbol=NYSE%3AGEV,False,,-16.88809249861614,22.460925565485535,946.010009765625,805.0499877929688,892.1859152832031,0.3817778285458105,-34.911619793423604,-35.871407948409335,0.37198386916166115,992.5700073242188,False,False,False,False,False,
NYSE:GFI,,https://www.tradingview.com/chart/?symbol=NYSE%3AGFI,False,,-61.52972814136053,-52.06173388811097,41.970001220703125,31.270000457763672,35.91212002563476,0.5439756867813261,26.35761766510575,23.508993018709493,0.48057654586574616,40.93000030517578,False,False,False,False,False,
TSX:GFL,,https://www.tradingview.com/chart/?symbol=TSX%3AGFL,False,,1.5407861095428697,19.87285708450597,59.970001220703125,46.2599983215332,50.09735882568359,0.8431734992593483,43.97983962564109,44.67542376670841,0.2944052556762357,55.22999954223633,False,False,False,False,False,
NYSE:GFL,,https://www.tradingview.com/chart/?symbol=NYSE%3AGFL,False,,-15.284948470899929,0.5079962418253602,42.73500061035156,33.52000045776367,36.21039991760254,0.8083335090102164,45.7674962866102,44.32730411811081,0.28722595378247573,39.689998626708984,False,False,False,False,False,
NASDAQ:GFS,,https://www.tradingview.com/chart/?symbol=NASDAQ%3AGFS,False,,-23.27046665013788,34.0628976076404,48.564998626708984,41.0359992980957,52.729563247680666,0.15195058146629453,-39.282214551930245,-37.048964016166934,0.90467408019445,54.77000045776367,False,True,False,False,False,
NYSE:GGG,,https://www.tradingview.com/chart/?symbol=NYSE%3AGGG,False,,-29.826859617561855,-23.406939449156326,76.58000183105469,73.1500015258789,76.91066094970704,0.2152495030239889,-9.585737520161887,-15.983987528862102,0.20419012521337912,78.04000091552734,False,True,False,False,False,
NASDAQ:GH,,https://www.tradingview.com/chart/?symbol=NASDAQ%3AGH,False,,46.916070090186366,46.916070090186366,173.8300018310547,78.62000274658203,103.30324368286134,0.9103164305668591,50.495324069295634,54.82397621656601,0.7972406587460693,131.19000244140625,False,False,False,False,False,
NYSE:GIB,,https://www.tradingview.com/chart/?symbol=NYSE%3AGIB,False,,-42.095948480758096,-42.095948480758096,69.43000030517578,61.058998107910156,64.88715426635743,0.516059543233469,20.041707647659447,9.675723139597785,0.23087105292048024,70.26000213623047,False,False,False,False,False,
TSX:GIB.A,,https://www.tradingview.com/chart/?symbol=TSX%3AGIB.A,False,,-32.381716085300944,-32.381716085300944,97.41999816894531,83.69000244140625,88.82300244140625,0.6312641713811064,21.099938703876226,11.694095973702781,0.22326011505647178,97.41999816894531,False,False,False,False,False,
NASDAQ:GILD,,https://www.tradingview.com/chart/?symbol=NASDAQ%3AGILD,False,,10.371601912681491,49.596239715854544,150.5399932861328,121.44999694824219,128.5063991088867,0.9729092786167274,65.29711271514941,67.25570445880743,0.22270229687631232,134.25999450683594,False,False,False,False,False,
NYSE:GIS,,https://www.tradingview.com/chart/?symbol=NYSE%3AGIS,False,,-34.7649379718271,-34.7649379718271,35.41999816894531,31.905000686645508,34.19892052459717,0.36162528092676743,23.739419161224827,10.41599402105472,0.2690657249371486,36.125,False,False,False,False,False,
NYSE:GL,,https://www.tradingview.com/chart/?symbol=NYSE%3AGL,False,,6.546541275066372,6.546541275066372,172.05999755859375,135.08999633789062,147.09531878662108,0.7267543479441133,13.620725355642088,7.76680898698571,0.3001003600051742,169.50999450683594,False,False,False,False,False,
NASDAQ:GLPI,,https://www.tradingview.com/chart/?symbol=NASDAQ%3AGLPI,True,2026-09-21 09:30,-73.31209553029379,-72.66789058195506,39.65999984741211,39.59000015258789,41.68331990051269,0.007891736556200991,-70.79580267902686,-73.6884213316367,0.196325782912149,45.18000030517578,False,True,True,True,True,FULL PASS
NYSE:GLW,,https://www.tradingview.com/chart/?symbol=NYSE%3AGLW,False,,-24.959412071519875,2.864203418582156,158.97999572753906,120.9749984741211,152.78897854614257,0.28192572358132906,-19.333149903975226,-19.85596862266694,0.815467922666894,165.30999755859375,False,False,False,False,False,
NYSE:GM,,https://www.tradingview.com/chart/?symbol=NYSE%3AGM,False,,-35.018539858039084,-35.018539858039084,83.95999908447266,72.3949966430664,76.61703829956055,0.6464504138593079,32.455931948578176,22.956799773736936,0.22515897812302016,79.45500183105469,False,False,False,False,False,
NASDAQ:GMAB,,https://www.tradingview.com/chart/?symbol=NASDAQ%3AGMAB,False,,24.226455319800447,43.83284468765842,34.68000030517578,23.729999542236328,26.36847961425781,0.9794275907014197,61.31709863574679,62.32798811471518,0.4016526198275458,27.834999084472656,False,False,False,False,False,
NYSE:GNRC,,https://www.tradingview.com/chart/?symbol=NYSE%3AGNRC,False,,-35.13364724080269,31.058188803191513,205.0,174.91000366210938,203.41644567871094,0.24910997772386229,-37.95984029145106,-31.362783259742244,0.5599129047287252,215.72999572753906,False,False,False,False,False,
NASDAQ:GOOG,,https://www.tradingview.com/chart/?symbol=NASDAQ%3AGOOG,False,,29.763034202987665,55.62746387998342,351.07501220703125,273.1000061035156,302.8360061035156,0.6188492547898066,-26.0085867967139,-15.570386547646399,0.36477942857082274,345.4142150878906,False,False,False,False,False,
NASDAQ:GOOGL,,https://www.tradingview.com/chart/?symbol=NASDAQ%3AGOOGL,False,,28.944469785184662,55.50702925899768,355.2200012207031,273.510009765625,303.98469091796875,0.6327730842202881,-22.272675355420674,-10.7380207159129,0.37201466489656326,347.1099853515625,False,False,False,False,False,
NYSE:GPC,,https://www.tradingview.com/chart/?symbol=NYSE%3AGPC,False,,-76.50266758167483,-76.50266758167483,126.43000030517578,92.12000274658203,103.30758065795898,0.7237633997251454,43.980176025116585,34.1807491637424,0.42768849437156614,110.83999633789062,False,False,False,False,False,
NYSE:GPN,,https://www.tradingview.com/chart/?symbol=NYSE%3AGPN,True,2026-09-21 09:30,-68.54391726918924,-66.47082442030353,85.29000091552734,62.279998779296875,69.96061834716797,0.7070211531978757,50.20470265019764,39.644241862966915,0.4485253481805113,72.55999755859375,False,False,True,False,False,
NASDAQ:GRAB,,https://www.tradingview.com/chart/?symbol=NASDAQ%3AGRAB,True,2026-09-21 09:30,-65.32484386786459,-58.69788080091357,2.9049999713897705,2.765000104904175,3.1127932596206667,0.09499890392475828,-55.601604084401096,-65.67260056072034,0.4087932871910165,3.6050000190734863,False,True,True,False,False,"NEAR: 4h+band ok, weekly shallow"
NYSE:GRMN,,https://www.tradingview.com/chart/?symbol=NYSE%3AGRMN,False,,-24.78201267655758,-19.41755837662823,280.3500061035156,225.74000549316406,246.47850189208984,0.621451039464488,46.20881184356839,38.89161646201165,0.36088289421441866,243.5,False,False,False,False,False,
NYSE:GS,,https://www.tradingview.com/chart/?symbol=NYSE%3AGS,False,,-72.47947217423763,-61.11911257543468,959.6400146484375,782.4550170898438,869.7289953613281,0.4791308961962473,-13.016912499627173,-33.23637499270359,0.36516736271173283,1012.7000122070312,False,False,False,False,False,
NYSE:GSK,,https://www.tradingview.com/chart/?symbol=NYSE%3AGSK,False,,14.728440622940283,29.733841726496706,51.09000015258789,48.064998626708984,50.69167887878418,0.27178807148049655,-38.29592299335149,-30.144302223120444,0.2153637964859021,51.68000030517578,False,False,False,False,False,
TSX:GWO,,https://www.tradingview.com/chart/?symbol=TSX%3AGWO,False,,47.05843477550465,57.076591881677246,94.68000030517578,62.40999984741211,70.02571995544433,1.0,47.99608880839728,52.38559273570724,0.3742316966426153,86.2300033569336,False,False,False,False,False,
NYSE:GWRE,,https://www.tradingview.com/chart/?symbol=NYSE%3AGWRE,False,,-35.54130245299569,-27.18568632072595,149.36000061035156,102.7300033569336,127.18196170043944,0.45005308765910557,24.951933733549396,13.500631710445079,0.7269346373979402,142.52999877929688,False,False,False,False,False,
NYSE:GWW,,https://www.tradingview.com/chart/?symbol=NYSE%3AGWW,False,,-58.30205837246523,-42.51594786015573,1277.22998046875,1042.6700439453125,1127.4837250976561,0.6526794293965336,-9.014518626142214,-18.90960044469002,0.2803822936476009,1281.75,False,False,False,False,False,
NYSE:H,,https://www.tradingview.com/chart/?symbol=NYSE%3AH,True,2026-09-21 09:30,-68.04361078983135,-64.11508132820211,156.99000549316406,139.3000030517578,154.78632189941408,0.26958250164168024,-46.4520435068337,-53.07825199238348,0.378868338760981,173.1999969482422,False,False,True,False,False,
TSX:H,,https://www.tradingview.com/chart/?symbol=TSX%3AH,False,,-46.451699685775786,-7.551377552012035,51.25,50.63999938964844,52.90559992980957,0.063541715095429,-52.07790410576854,-54.357726621481966,0.16563151208520596,57.959999084472656,False,True,False,False,False,
NYSE:HAL,,https://www.tradingview.com/chart/?symbol=NYSE%3AHAL,True,2026-09-21 13:30,-69.59831696870174,-69.29336981439407,33.369998931884766,31.139999389648438,33.9841296081543,0.18504071597827554,-3.402541268553243,-12.434403621006329,0.32730579388492215,36.81999969482422,False,True,True,False,False,
NASDAQ:HAS,,https://www.tradingview.com/chart/?symbol=NASDAQ%3AHAS,True,2026-09-21 13:30,-68.23468952639763,-68.23468952639763,87.70999908447266,75.86000061035156,81.09212017822266,0.5345060646292706,11.644208665570554,1.4577595498583609,0.24266635311770496,91.36000061035156,False,False,True,False,False,
NASDAQ:HBAN,,https://www.tradingview.com/chart/?symbol=NASDAQ%3AHBAN,False,,-75.24643856929835,-66.06920810260863,16.03499984741211,15.029999732971191,15.865439723968505,0.2838983404719718,-21.349490935611026,-33.4999954010335,0.21065158569278578,16.80500030517578,False,False,False,False,False,
TSX:HBM,,https://www.tradingview.com/chart/?symbol=TSX%3AHBM,False,,-45.03244141495055,4.063459769465644,37.38999938964844,24.790000915527344,29.349520843505857,0.6521738443658777,27.143413288584952,22.881700591828338,0.5665689313589384,34.099998474121094,False,False,False,False,False,
NYSE:HCA,,https://www.tradingview.com/chart/?symbol=NYSE%3AHCA,False,,37.97066643568841,37.97066643568841,426.0849914550781,358.2900085449219,400.49388537597656,0.3791029916717023,22.747883143900342,30.866401325996414,0.4312689552715756,414.6600036621094,False,False,False,False,False,
NYSE:HD,,https://www.tradingview.com/chart/?symbol=NYSE%3AHD,False,,-69.09021027730554,-69.09021027730554,297.2300109863281,297.2300109863281,311.5316052246094,0.0,-38.075615424528394,-49.45483336326881,0.1828825997853749,331.3599853515625,False,True,False,False,False,
NYSE:HDB,,https://www.tradingview.com/chart/?symbol=NYSE%3AHDB,False,,-17.995611864435148,31.9449075076805,23.670000076293945,21.829999923706055,23.53627981567383,0.2544951962775306,-42.62217095826653,-36.79880624696997,0.2937233235614163,24.614999771118164,False,False,False,False,False,
NYSE:HEI,,https://www.tradingview.com/chart/?symbol=NYSE%3AHEI,False,,-67.46045617471582,-45.71289398616582,303.0400085449219,258.57000732421875,285.96960876464846,0.3830318594561773,-13.003864824300877,-25.073001166472704,0.3584273745914259,323.9150085449219,False,False,False,False,False,
NYSE:HIG,,https://www.tradingview.com/chart/?symbol=NYSE%3AHIG,False,,-77.50601019318488,-77.50601019318488,130.74000549316406,125.91999816894531,130.59044018554687,0.24355761713178067,-2.7745741521066627,-20.579368952677612,0.14506677034560228,136.4199981689453,False,False,False,False,False,
NYSE:HII,,https://www.tradingview.com/chart/?symbol=NYSE%3AHII,True,2026-09-21 09:30,-66.88573749382981,-63.904242027709564,275.92999267578125,268.760009765625,306.7819663085937,0.04450365316904743,-33.78697029938994,-39.279414542495125,0.5113466264841081,315.07000732421875,False,True,True,False,False,
NYSE:HLN,,https://www.tradingview.com/chart/?symbol=NYSE%3AHLN,False,,-36.49422800393765,-10.024477832983333,9.369999885559082,8.694999694824219,9.146703815460205,0.35266458226933567,-2.901310702730676,-12.65701927347755,0.19731964420671844,9.699999809265137,False,False,False,False,False,
NYSE:HLT,,https://www.tradingview.com/chart/?symbol=NYSE%3AHLT,False,,-52.58716057751712,-41.30050646469848,307.0899963378906,291.54998779296875,306.8923500976563,0.2390402432017305,-43.94781354230569,-49.12562771348847,0.20146273288224806,322.69000244140625,False,False,False,False,False,
NYSE:HMC,,https://www.tradingview.com/chart/?symbol=NYSE%3AHMC,False,,16.606633615761186,18.02546897816167,32.529998779296875,23.30500030517578,25.677980377197265,0.917453823385023,63.55801498829664,60.8082462710048,0.3742788159628291,26.864999771118164,False,False,False,False,False,
NASDAQ:HON,,https://www.tradingview.com/chart/?symbol=NASDAQ%3AHON,False,,-14.679612477469858,11.04335660720937,206.4199981689453,199.13999938964844,211.05509332275392,0.14419355160436187,-48.68911619907115,-51.1990534880917,0.21855000717984338,231.01205444335938,False,True,False,False,False,
NASDAQ:HOOD,,https://www.tradingview.com/chart/?symbol=NASDAQ%3AHOOD,False,,-51.64491597549912,14.990838838906777,123.27999877929688,64.67500305175781,78.84326211547851,0.9761805546818637,54.87907689630011,59.88020084396364,0.6566943473546063,91.41999816894531,False,False,False,False,False,
NYSE:HPE,,https://www.tradingview.com/chart/?symbol=NYSE%3AHPE,False,,22.17462286905179,56.86806176575323,61.7599983215332,21.524999618530273,31.095980140686034,0.9921093948449432,64.90156860571471,68.31918612216133,0.8911229116291943,45.5099983215332,False,False,False,False,False,
NYSE:HPQ,,https://www.tradingview.com/chart/?symbol=NYSE%3AHPQ,False,,26.8087029569264,26.8087029569264,32.959999084472656,18.21500015258789,22.288359756469728,0.854287390833012,78.2794688538517,76.05012403894273,0.7142560590776847,24.165000915527344,False,False,False,False,False,
NYSE:HRL,,https://www.tradingview.com/chart/?symbol=NYSE%3AHRL,False,,-38.775579812415124,-34.29887463673304,20.469100952148438,19.735000610351562,21.331540466308592,0.10851447273153776,-36.41469891708943,-42.97736126545415,0.29515704045068686,22.920000076293945,False,True,False,False,False,
NYSE:HSBC,,https://www.tradingview.com/chart/?symbol=NYSE%3AHSBC,False,,-51.62028225704946,-34.31025825841353,103.19999694824219,76.95999908447266,84.22643930053711,0.8522246535737109,52.42015688103671,44.81039160562079,0.3259580903445997,94.45999908447266,False,False,False,False,False,
NASDAQ:HST,,https://www.tradingview.com/chart/?symbol=NASDAQ%3AHST,False,,-39.43421728618903,-33.020096585428895,22.30500030517578,18.5,20.167340126037598,0.5385704200351233,-12.653102033643366,-17.98214233552396,0.3152610701545131,22.40999984741211,False,False,False,False,False,
NYSE:HSY,,https://www.tradingview.com/chart/?symbol=NYSE%3AHSY,False,,-62.91610073410563,-61.8956236808385,168.02000427246094,168.02000427246094,180.3368448486328,0.0,-30.709224202255115,-39.45397894437923,0.28441418224199594,183.5,False,True,False,False,False,
NASDAQ:HTHT,,https://www.tradingview.com/chart/?symbol=NASDAQ%3AHTHT,False,,-45.56450422738096,-8.46302103164242,43.68000030517578,39.8650016784668,43.72006146240234,0.23354752620313013,1.6932708276503412,-1.1531460818653108,0.36295964219064397,45.005001068115234,False,True,False,False,False,
NYSE:HUBB,,https://www.tradingview.com/chart/?symbol=NYSE%3AHUBB,False,,-44.140009594994204,-2.720572769448962,457.489990234375,438.3399963378906,466.7166412353516,0.1592647254776302,-41.925697537367256,-45.33698438599462,0.24781537041810214,485.20001220703125,False,True,False,False,False,
NYSE:HUM,,https://www.tradingview.com/chart/?symbol=NYSE%3AHUM,False,,-47.40616974293213,-47.40616974293213,378.3299865722656,163.72999572753906,222.7736587524414,0.8577651731735395,40.09448775392213,31.849695408230296,0.6897849583599567,362.70001220703125,False,False,False,False,False,
NASDAQ:HUT,,https://www.tradingview.com/chart/?symbol=NASDAQ%3AHUT,False,,-1.0602128967041071,44.33216230101109,103.4000015258789,42.72999954223633,64.39244065856934,0.6609652343079699,-10.6648666240002,0.4107835547301608,0.9884241300998907,92.86499786376953,False,False,False,False,False,
NYSE:HWM,,https://www.tradingview.com/chart/?symbol=NYSE%3AHWM,False,,-46.78032812277406,-25.13219879369494,227.33999633789062,222.91000366210938,239.75568481445313,0.0620620954433129,-23.499441983048154,-34.62095410116762,0.27466524373431433,259.8800048828125,False,True,False,False,False,
TSX:IAG,,https://www.tradingview.com/chart/?symbol=TSX%3AIAG,False,,56.07339132916062,56.7478804557552,216.5800018310547,146.19000244140625,162.80204229736327,1.0,45.88103403466832,53.48324039886378,0.37801405322867887,186.2100067138672,False,False,False,False,False,
NASDAQ:IBKR,,https://www.tradingview.com/chart/?symbol=NASDAQ%3AIBKR,False,,-65.2358331550139,1.9440319675728084,93.2699966430664,63.505001068115234,71.68830088806152,0.85839931448761,25.005105139895534,23.023781478512333,0.3940788734958955,87.98999786376953,False,False,False,False,False,
NYSE:IBM,,https://www.tradingview.com/chart/?symbol=NYSE%3AIBM,False,,-25.647670704216974,-25.647670704216974,231.9199981689453,204.86000061035156,234.28448248291016,0.21703557777117177,-18.073246350786416,-20.854629670986444,0.5244164371590759,237.75,False,True,False,False,False,
NYSE:IBN,,https://www.tradingview.com/chart/?symbol=NYSE%3AIBN,False,,-65.50598579298146,-55.20294662032425,28.315000534057617,25.200000762939453,26.468500762939453,0.579534841138263,20.214150056746508,4.710210826467431,0.18982870911603503,28.315000534057617,False,False,False,False,False,
NYSE:ICE,,https://www.tradingview.com/chart/?symbol=NYSE%3AICE,False,,-61.802700025890886,-38.65116505645099,155.3800048828125,122.70999908447266,133.34651901245118,0.7248725542390368,30.243543676564173,28.225673268455772,0.29145111143760905,154.63999938964844,False,False,False,False,False,
NASDAQ:ICLR,,https://www.tradingview.com/chart/?symbol=NASDAQ%3AICLR,False,,-2.2867046273243905,-2.2867046273243905,169.52000427246094,96.68000030517578,116.58895864868164,0.8634425086276105,36.22429608092759,34.5117235034669,0.5642808895047293,149.5,False,False,False,False,False,
NASDAQ:IDXX,,https://www.tradingview.com/chart/?symbol=NASDAQ%3AIDXX,False,,-29.13697226963345,-11.363041369999879,514.0700073242188,504.44000244140625,526.8505676269531,0.1014111484260762,-55.07357975346029,-59.98397067196381,0.16939601676425273,560.5800170898438,False,True,False,False,False,
NASDAQ:IESC,,https://www.tradingview.com/chart/?symbol=NASDAQ%3AIESC,False,,-8.560133157348124,-4.526099494653464,321.54998779296875,217.75999450683594,260.10311407470704,0.5784750548732153,-0.22047596924839338,-7.335691885521411,0.553680002862936,324.04998779296875,False,False,False,False,False,
NYSE:IEX,,https://www.tradingview.com/chart/?symbol=NYSE%3AIEX,False,,-39.61296424191254,-17.165116664363307,222.5800018310547,183.52000427246094,197.156083984375,0.6760124330876469,19.686104336916646,9.35846188583486,0.2617796233224976,220.72000122070312,False,False,False,False,False,
TSX:IFC,,https://www.tradingview.com/chart/?symbol=TSX%3AIFC,False,,-30.2022888152468,-23.853905514470984,256.3699951171875,244.3000030517578,258.71724578857425,0.19757717751171136,-30.310846937343882,-36.11270652447836,0.22822031256804834,267.67999267578125,False,True,False,False,False,
NYSE:IFF,,https://www.tradingview.com/chart/?symbol=NYSE%3AIFF,False,,-29.186892545177887,-29.186892545177887,83.62000274658203,65.9800033569336,71.19796170043945,0.7978292623087432,56.61434697667744,50.87072382513897,0.28863278243798607,76.60250091552734,False,False,False,False,False,
TSX:IGM,,https://www.tradingview.com/chart/?symbol=TSX%3AIGM,False,,0.18292019422535363,30.812272146878275,87.94000244140625,61.93000030517578,68.75511987304688,0.8993777241715168,52.56670833000107,50.82333781364624,0.36340786005938236,79.58000183105469,False,False,False,False,False,
NYSE:IHG,,https://www.tradingview.com/chart/?symbol=NYSE%3AIHG,False,,-43.86893535933447,-34.042792855034556,154.52000427246094,128.9199981689453,139.61079888916015,0.5651215094680274,-11.782950245623555,-20.68647226387494,0.2911311135914814,155.60000610351562,False,False,False,False,False,
NASDAQ:ILMN,,https://www.tradingview.com/chart/?symbol=NASDAQ%3AILMN,False,,44.788728337867106,59.91083774401877,238.67999267578125,115.54000091552734,146.12324185180665,0.9502275483480999,70.16246741030183,74.44405147239102,0.7861085785214387,164.85000610351562,False,False,False,False,False,
TSX:IMO,,https://www.tradingview.com/chart/?symbol=TSX%3AIMO,False,,-29.359044808066546,-29.359044808066546,177.52000427246094,157.08999633789062,165.19659777832032,0.5947599506388256,39.355018511523745,33.317412047844215,0.19417754261549627,176.89999389648438,False,False,False,False,False,
AMEX:IMO,,https://www.tradingview.com/chart/?symbol=AMEX%3AIMO,False,,-39.2264490661855,-39.2264490661855,126.43000030517578,110.95999908447266,117.60812045288085,0.5491657094942745,36.1472630725572,28.58457164555969,0.22113200355842771,127.38999938964844,False,False,False,False,False,
NASDAQ:INCY,,https://www.tradingview.com/chart/?symbol=NASDAQ%3AINCY,False,,-27.382375642600568,20.75516551035813,124.66000366210938,90.29000091552734,99.75478170776367,0.857000370768949,59.83062622387401,56.46061331161378,0.3853656526812516,104.06999969482422,False,False,False,False,False,
NYSE:INFY,,https://www.tradingview.com/chart/?symbol=NYSE%3AINFY,False,,-43.51248912932522,-43.51248912932522,10.890000343322754,10.364999771118164,11.33259986114502,0.1280489081360507,-27.20361832284259,-35.96481360678982,0.33579036598364786,12.210000038146973,False,True,False,False,False,
NYSE:ING,,https://www.tradingview.com/chart/?symbol=NYSE%3AING,False,,-14.303323519634,-9.520976081964939,36.915000915527344,24.770000457763672,27.730620025634764,0.9681149645623847,68.93360323202046,66.06135758363592,0.40357080709105425,31.084999084472656,False,False,False,False,False,
NASDAQ:INSM,,https://www.tradingview.com/chart/?symbol=NASDAQ%3AINSM,False,,-34.52444197175718,-34.52444197175718,120.95999908447266,91.87000274658203,109.35524368286133,0.392630513972377,24.713809004506995,23.170761224447197,0.6125165718258997,120.95999908447266,False,False,False,False,False,
NASDAQ:INTC,,https://www.tradingview.com/chart/?symbol=NASDAQ%3AINTC,False,,24.16611414677163,65.17478129351169,121.77999877929688,41.029998779296875,64.84475964355468,0.8002179870133208,2.735744163230205,18.139380611286892,1.0062824580223526,100.27999877929688,False,False,False,False,False,
NASDAQ:INTU,,https://www.tradingview.com/chart/?symbol=NASDAQ%3AINTU,False,,-53.399920751816666,-53.399920751816666,304.19000244140625,254.8800048828125,303.4523454589844,0.23958407780614477,-0.007502417957737133,-9.407051352752072,0.6117253528728065,336.45001220703125,False,False,False,False,False,
NYSE:INVH,,https://www.tradingview.com/chart/?symbol=NYSE%3AINVH,True,2026-09-21 09:30,-63.77967647710634,-62.05830921278462,27.079999923706055,24.399999618530273,25.858479690551757,0.43365698589549706,-22.792518770371604,-35.00450474171008,0.21310345879916487,29.0,False,False,True,False,False,
NYSE:IONQ,,https://www.tradingview.com/chart/?symbol=NYSE%3AIONQ,False,,-31.956519127177454,22.831198472699985,40.499900817871094,26.46969985961914,37.22901011657715,0.3077453244743237,-29.88615972633686,-28.762138958626885,1.0671885860546388,42.720001220703125,False,False,False,False,False,
NYSE:IOT,,https://www.tradingview.com/chart/?symbol=NYSE%3AIOT,False,,-22.633428464970837,-22.633428464970837,38.05500030517578,25.360000610351562,29.497080322265624,0.7241871408352382,52.633395974651286,46.06024473772396,0.5225037012797485,33.54999923706055,False,False,False,False,False,
NYSE:IP,,https://www.tradingview.com/chart/?symbol=NYSE%3AIP,False,,-48.650901808301036,-0.4768816510169902,35.334999084472656,29.3799991607666,32.85273964691162,0.4046890309257451,-0.969534640968592,-10.418145277916413,0.4036483697938358,36.45500183105469,False,False,False,False,False,
NYSE:IQV,,https://www.tradingview.com/chart/?symbol=NYSE%3AIQV,False,,27.168808201643472,27.168808201643472,269.8699951171875,156.64999389648438,184.0318924560547,0.9758242376786176,72.25251150262498,69.73644279448612,0.6318411523788188,183.6300048828125,False,False,False,False,False,
NYSE:IR,,https://www.tradingview.com/chart/?symbol=NYSE%3AIR,False,,-51.50624509352071,-30.482910904146745,72.31999969482422,68.56999969482422,73.62747976684571,0.1749883316191227,-25.67031678783448,-34.20019648742385,0.2703930483607655,79.25499725341797,False,True,False,False,False,
NASDAQ:IREN,,https://www.tradingview.com/chart/?symbol=NASDAQ%3AIREN,False,,-14.435913750132547,44.1145758579711,47.25,29.329999923706055,38.417179725646974,0.46539411678660514,-3.0657173931045385,7.630780274890703,0.8828384197856615,43.6150016784668,False,False,False,False,False,
NYSE:IRM,,https://www.tradingview.com/chart/?symbol=NYSE%3AIRM,False,,-34.88316664726289,15.065170057827958,116.86499786376953,97.5999984741211,106.14555825805664,0.5320353459470131,-34.47835266483239,-36.97104478411703,0.29639027279348,122.16999816894531,False,False,False,False,False,
NASDAQ:ISRG,,https://www.tradingview.com/chart/?symbol=NASDAQ%3AISRG,False,,41.542158583177184,60.98154276278955,401.7099914550781,331.0199890136719,367.6342136230469,0.45563823224868366,-36.79716941838103,-21.195539860900283,0.3757811971027888,412.8599853515625,False,False,False,False,False,
NYSE:ITUB,,https://www.tradingview.com/chart/?symbol=NYSE%3AITUB,False,,18.278395328046155,26.8792099027434,8.4399995803833,7.160999774932861,7.7047438640594486,0.555121352346384,1.3556777442219012,12.275284294606937,0.28183490200602906,8.175000190734863,False,False,False,False,False,
NYSE:ITW,,https://www.tradingview.com/chart/?symbol=NYSE%3AITW,False,,-7.433805802795791,7.2073725910973465,267.6499938964844,244.23500061035156,256.7606998901367,0.44116805713557944,4.716503238047106,-3.9855135078350497,0.19812604294162625,267.885009765625,False,False,False,False,False,
TSX:IVN,,https://www.tradingview.com/chart/?symbol=TSX%3AIVN,False,,-32.42470296324064,-18.915806406374937,12.319999694824219,9.800000190734863,10.677920253753662,0.6774191729029357,26.5397500663427,28.232805672234424,0.3231972365816535,11.510000228881836,False,False,False,False,False,
NYSE:IVZ,,https://www.tradingview.com/chart/?symbol=NYSE%3AIVZ,False,,-71.0610689840779,-46.43941305902364,31.3799991607666,22.7450008392334,25.276100929260252,0.8051280199907914,55.19048857665874,45.64445005153223,0.38565266405719056,27.809999465942383,False,False,False,False,False,
NYSE:J,,https://www.tradingview.com/chart/?symbol=NYSE%3AJ,False,,-15.016546667804713,-15.016546667804713,143.6699981689453,107.20999908447266,117.95508059692384,0.8007905546332772,52.92578175341351,46.983348728309515,0.3533018401008617,128.8699951171875,False,False,False,False,False,
NASDAQ:JAZZ,,https://www.tradingview.com/chart/?symbol=NASDAQ%3AJAZZ,False,,-27.60751092241118,-27.60751092241118,241.6699981689453,178.50999450683594,198.2867952270508,0.7536993002625495,22.787657092538605,12.8760858950471,0.3543040822679159,236.52000427246094,False,False,False,False,False,
NASDAQ:JBHT,,https://www.tradingview.com/chart/?symbol=NASDAQ%3AJBHT,False,,-47.9096070174268,-47.9096070174268,236.02999877929688,197.38999938964844,221.27791607666015,0.38174278550273133,-22.60560625293108,-42.70639794068971,0.37958799395685405,266.6575012207031,False,False,False,False,False,
NYSE:JBL,,https://www.tradingview.com/chart/?symbol=NYSE%3AJBL,False,,-33.157210655635815,-25.272368908752814,303.70001220703125,247.24000549316406,280.625741027832,0.39910942116690357,-28.587168158532734,-33.72734324080193,0.432892614156088,326.7900085449219,False,False,False,False,False,
NYSE:JBS,,https://www.tradingview.com/chart/?symbol=NYSE%3AJBS,True,2026-09-21 09:30,-65.2714666670157,-63.12442075337916,12.029999732971191,11.53499984741211,13.176379829406738,0.07117180316161893,-12.847363303180986,-24.785453773601027,0.5134735979720286,13.545000076293945,False,True,True,False,False,
NYSE:JCI,,https://www.tradingview.com/chart/?symbol=NYSE%3AJCI,False,,-20.60880574408661,21.956326856568705,145.1699981689453,126.58000183105469,133.31308154296875,0.651594711997698,15.774531905092706,11.245876145146616,0.20117047881737612,141.82000732421875,False,False,False,False,False,
NASDAQ:JD,,https://www.tradingview.com/chart/?symbol=NASDAQ%3AJD,False,,-56.381871754076315,-34.691816117376526,27.260000228881836,24.94499969482422,27.087880126953124,0.25495595453957287,-23.421120190620552,-29.794709793116645,0.312295841540563,29.075000762939453,False,False,False,False,False,
NYSE:JEF,,https://www.tradingview.com/chart/?symbol=NYSE%3AJEF,False,,-58.71619087250667,-50.58915344206624,47.869998931884766,36.02000045776367,42.570770385742186,0.4269115952230631,-19.537704605558417,-37.53068905136344,0.5292182896294129,52.45000076293945,False,False,False,False,False,
NYSE:JHX,,https://www.tradingview.com/chart/?symbol=NYSE%3AJHX,True,2026-09-21 09:30,-72.20582184802048,-66.14814425269701,26.645000457763672,17.55500030517578,20.750440071105956,0.671344225881934,42.71494343741572,26.548607804176658,0.5576605694095381,24.280000686645508,False,False,True,False,False,
NYSE:JLL,,https://www.tradingview.com/chart/?symbol=NYSE%3AJLL,True,2026-09-21 09:30,-58.68690419204453,-52.89678087360367,340.05999755859375,282.2300109863281,308.34104724121096,0.5226861430481339,35.71377578437736,22.66761297233186,0.341260254300921,324.2099914550781,False,False,False,False,False,
NYSE:JNJ,,https://www.tradingview.com/chart/?symbol=NYSE%3AJNJ,False,,-21.92104644058352,28.56862617193993,269.5899963378906,221.32000732421875,234.80032617187499,0.8450629051112674,60.04005590370073,57.628396053488785,0.23526986533601138,242.78500366210938,False,False,False,False,False,
NYSE:JPM,,https://www.tradingview.com/chart/?symbol=NYSE%3AJPM,False,,-50.17009778355333,-34.21026348473459,352.0299987792969,282.739990234375,302.20527282714846,0.8400824359299295,48.277306378462356,41.27276833825804,0.25205515453096444,327.2300109863281,False,False,False,False,False,
NYSE:KB,,https://www.tradingview.com/chart/?symbol=NYSE%3AKB,False,,-15.845297620406539,-15.22318107785864,129.11000061035156,97.02999877929688,105.45991906738281,0.8980963251608538,66.39969710961357,65.05995802867183,0.32623985676889805,109.48999786376953,False,False,False,False,False,
NASDAQ:KDP,,https://www.tradingview.com/chart/?symbol=NASDAQ%3AKDP,False,,-61.07623249454249,-61.07623249454249,30.610000610351562,25.295000076293945,27.246719734191895,0.64268457867999,32.64918849070843,18.533855421595984,0.2728922114217108,30.30500030517578,False,False,False,False,False,
NYSE:KEP,,https://www.tradingview.com/chart/?symbol=NYSE%3AKEP,False,,-52.358031268073546,-50.04298203095312,11.234999656677246,11.010000228881836,12.324520156860352,0.040394872553491376,-37.51013942715454,-44.04615964976919,0.44506588430067706,12.515000343322754,False,True,False,False,False,
NYSE:KEY,,https://www.tradingview.com/chart/?symbol=NYSE%3AKEY,True,2026-09-21 09:30,-70.24622913076556,-67.17921424853638,20.875,18.8799991607666,20.08359925079346,0.3911766058845815,-20.841332744948915,-34.30496049092234,0.23308960589973987,21.8799991607666,False,False,True,False,False,
NYSE:KEYS,,https://www.tradingview.com/chart/?symbol=NYSE%3AKEYS,False,,-9.373106558707569,38.50088138626993,342.0299987792969,267.2300109863281,292.26252551269533,0.7051947218704946,3.70098870078926,11.662213658647202,0.3207535033522363,330.69000244140625,False,False,False,False,False,
NYSE:KGC,,https://www.tradingview.com/chart/?symbol=NYSE%3AKGC,False,,-59.404234194395826,-48.29206053207434,27.80500030517578,22.514999389648438,25.463819137573243,0.42336945720165753,15.643313281342225,10.121277672342167,0.43811356000463864,28.520000457763672,False,False,False,False,False,
NASDAQ:KHC,,https://www.tradingview.com/chart/?symbol=NASDAQ%3AKHC,False,,-23.751261971677835,-23.751261971677835,24.3700008392334,21.19499969482422,22.759679946899414,0.478883956697727,25.193068434463328,14.72635290117097,0.27717395681306606,23.920000076293945,False,False,False,False,False,
NYSE:KIM,,https://www.tradingview.com/chart/?symbol=NYSE%3AKIM,False,,-77.68458584905905,-69.8962520978654,22.530000686645508,22.200000762939453,23.220700492858885,0.07630058058384728,-24.766672365316623,-35.57626399487934,0.18024583056147112,23.9950008392334,False,True,False,False,False,
NYSE:KKR,,https://www.tradingview.com/chart/?symbol=NYSE%3AKKR,False,,-65.60760916997252,-43.240065396572476,100.8499984741211,83.87999725341797,91.30455703735352,0.5394151848236642,26.56977603174322,13.64219009048131,0.3191964271891316,98.55999755859375,False,False,False,False,False,
NASDAQ:KLAC,,https://www.tradingview.com/chart/?symbol=NASDAQ%3AKLAC,False,,-46.80754219178338,4.446348429253415,183.9600067138672,138.2449951171875,177.039857421875,0.2780972040081922,-29.414659225231507,-30.8854078043247,0.8900566322674958,184.6905059814453,False,False,False,False,False,
NASDAQ:KMB,,https://www.tradingview.com/chart/?symbol=NASDAQ%3AKMB,False,,-51.340005921721236,-42.491977489831974,97.7699966430664,93.04499816894531,98.15321917724609,0.21829510471073163,-7.704535909212622,-22.684799103411297,0.2160827060808644,100.16999816894531,False,True,False,False,False,
NYSE:KMI,,https://www.tradingview.com/chart/?symbol=NYSE%3AKMI,False,,-50.78099599511137,23.690764300387382,31.725000381469727,30.739999771118164,31.60847939300537,0.2676633258680643,-18.511603933616982,-14.124455900433862,0.1148205455671848,32.04999923706055,False,False,False,False,False,
NYSE:KNX,,https://www.tradingview.com/chart/?symbol=NYSE%3AKNX,False,,-50.40392890446012,-50.40392890446012,66.62999725341797,51.91999816894531,59.1227191772461,0.48197893267485237,-28.15996101510174,-36.67845157514458,0.44065843677610395,69.26000213623047,False,False,False,False,False,
NYSE:KO,,https://www.tradingview.com/chart/?symbol=NYSE%3AKO,False,,-38.375309964713715,-38.375309964713715,87.12999725341797,74.62999725341797,78.72223818969726,0.7208764209964057,63.87763951087711,57.82720143086535,0.21342856029400095,81.24500274658203,False,False,False,False,False,
NYSE:KOF,,https://www.tradingview.com/chart/?symbol=NYSE%3AKOF,False,,-0.003682340955885266,-0.003682340955885266,111.16000366210938,93.56999969482422,99.02867904663086,0.7604844814534444,51.66695847443506,47.5799227990514,0.2173024405977852,106.44149780273438,False,False,False,False,False,
NYSE:KR,,https://www.tradingview.com/chart/?symbol=NYSE%3AKR,False,,17.76020049971943,17.76020049971943,59.70000076293945,55.459999084472656,60.24372009277344,0.2091761610641253,-15.315235525376037,-1.3352056444887719,0.32831233756721057,61.7400016784668,False,True,False,False,False,
NASDAQ:KSPI,,https://www.tradingview.com/chart/?symbol=NASDAQ%3AKSPI,False,,-53.78791931909186,-53.78791931909186,96.41500091552734,68.77999877929688,78.21881942749023,0.6909613761332258,67.7906281645714,57.01081517967712,0.4550574925967355,87.88999938964844,False,False,False,False,False,
NYSE:KVUE,,https://www.tradingview.com/chart/?symbol=NYSE%3AKVUE,False,,-45.84928979286919,-45.84928979286919,17.674999237060547,16.735000610351562,17.465420448303224,0.3037152941045967,4.1232001506581,-12.096665134297773,0.17324373652431216,17.864999771118164,False,False,False,False,False,
NYSE:L,,https://www.tradingview.com/chart/?symbol=NYSE%3AL,True,2026-09-21 09:30,-64.39198758688201,-64.39198758688201,106.72000122070312,103.56500244140625,107.29970172119141,0.19936804977692754,-17.595659539088075,-26.383970280321336,0.14456012397713705,109.47000122070312,False,True,True,False,False,
TSX:L,,https://www.tradingview.com/chart/?symbol=TSX%3AL,False,,2.5558459565454164,2.5558459565454164,62.34000015258789,59.02000045776367,60.84899955749512,0.42838726825702705,-24.369991320346788,-22.372356916346657,0.12370304862804249,62.650001525878906,False,False,False,False,False,
NYSE:LDOS,,https://www.tradingview.com/chart/?symbol=NYSE%3ALDOS,False,,-36.75635440649918,-36.75635440649918,128.32000732421875,100.02999877929688,117.71229949951172,0.37757767624486155,9.797339869945024,6.421543379370437,0.573654411619531,130.61000061035156,False,False,False,False,False,
NASDAQ:LECO,,https://www.tradingview.com/chart/?symbol=NASDAQ%3ALECO,False,,-41.03328918689741,-10.566917539896608,258.2799987792969,238.0,250.46315942382813,0.38401817301346797,7.179061987585496,-4.0994660752239,0.20240694805625453,260.9100036621094,False,False,False,False,False,
NYSE:LEN,,https://www.tradingview.com/chart/?symbol=NYSE%3ALEN,True,2026-09-21 13:30,-63.84411288143482,-63.40849211530093,78.08000183105469,76.44000244140625,81.3252017211914,0.07922703533479042,-63.265437515247356,-70.45053607229154,0.23646329371434288,87.54000091552734,False,True,True,True,True,FULL PASS
NYSE:LH,,https://www.tradingview.com/chart/?symbol=NYSE%3ALH,False,,-5.814998190615907,5.538680966837371,320.9700012207031,250.47500610351562,271.8058612060547,0.7799414870000185,61.41404607691761,56.06842834910125,0.33309370633869256,271.3500061035156,False,False,False,False,False,
NYSE:LHX,,https://www.tradingview.com/chart/?symbol=NYSE%3ALHX,False,,-51.168842581928516,-51.168842581928516,246.8699951171875,245.5399932861328,275.36803314208987,0.010522998951478886,-72.71753646532744,-72.49513205404152,0.41862080606955304,301.9200134277344,False,True,False,True,False,
NASDAQ:LI,,https://www.tradingview.com/chart/?symbol=NASDAQ%3ALI,False,,-10.973929960562947,-10.973929960562947,11.505000114440918,11.505000114440918,13.512180141448974,0.0,-47.25135411497721,-50.22895048318802,0.6167512790404722,13.789999961853027,False,True,False,False,False,
NYSE:LII,,https://www.tradingview.com/chart/?symbol=NYSE%3ALII,False,,-56.547553314063805,-44.43928517274178,363.6700134277344,356.7049865722656,408.6244031982422,0.03165956870686829,-54.01937769366382,-55.261189013751476,0.4462424504587665,493.0,False,True,False,False,False,
NASDAQ:LIN,,https://www.tradingview.com/chart/?symbol=NASDAQ%3ALIN,False,,-55.72265537791494,-52.64533283138689,457.3800048828125,457.3800048828125,478.4217585449219,0.0,-46.659838720366686,-52.48277977356683,0.17821657762834459,500.2900085449219,False,True,False,False,False,
NASDAQ:LITE,,https://www.tradingview.com/chart/?symbol=NASDAQ%3ALITE,False,,-17.52179603285169,24.728018852852724,954.489990234375,602.3499755859375,708.8402509765625,0.7804003055883496,33.40214345774063,39.416948377608065,0.525290712959055,859.010009765625,False,False,False,False,False,
NYSE:LLY,,https://www.tradingview.com/chart/?symbol=NYSE%3ALLY,False,,1.4140297510640405,40.32562438655497,1164.6800537109375,851.3099975585938,952.8324758300781,0.7284626470030302,13.297480578707832,8.540793859900917,0.38283479656125596,1123.6700439453125,False,False,False,False,False,
NYSE:LMT,,https://www.tradingview.com/chart/?symbol=NYSE%3ALMT,False,,7.5201702142041364,12.442485337792009,535.0700073242188,491.55999755859375,529.6173598632813,0.2698127690111291,-4.879397771225006,-11.148914700584537,0.30138114182862724,535.0700073242188,False,False,False,False,False,
NYSE:LNG,,https://www.tradingview.com/chart/?symbol=NYSE%3ALNG,False,,-59.450859659970284,-36.00581708885418,275.07000732421875,224.89999389648438,241.93093591308593,0.6952124643137003,49.87341272036236,43.37555616300069,0.27651546289766366,260.9800109863281,False,False,False,False,False,
NASDAQ:LNT,,https://www.tradingview.com/chart/?symbol=NASDAQ%3ALNT,False,,-70.28662234930944,-70.28662234930944,64.97000122070312,64.97000122070312,68.04980014038085,0.0,-44.52341083858641,-50.94986232546802,0.18057279685255526,72.2699966430664,False,True,False,False,False,
NASDAQ:LOGI,,https://www.tradingview.com/chart/?symbol=NASDAQ%3ALOGI,False,,16.537586831943106,45.865471750357095,105.12000274658203,87.9000015258789,97.24442181396485,0.4349034143153218,-11.568302639686182,-1.314667126186043,0.3915180134787071,101.13200378417969,False,False,False,False,False,
NYSE:LOW,,https://www.tradingview.com/chart/?symbol=NYSE%3ALOW,False,,-68.58278028854157,-68.58278028854157,190.97999572753906,190.97999572753906,205.7630355834961,0.0,-59.252931792496035,-66.04581600775509,0.28670160063464156,218.48500061035156,False,True,False,False,False,
NASDAQ:LPLA,,https://www.tradingview.com/chart/?symbol=NASDAQ%3ALPLA,False,,-77.96491226321749,-68.47080880765984,332.29998779296875,264.8500061035156,291.2607669677734,0.6027162852492196,32.55871335835883,20.095434069075093,0.35227274692216076,317.67999267578125,False,False,False,False,False,
NASDAQ:LRCX,,https://www.tradingview.com/chart/?symbol=NASDAQ%3ALRCX,False,,-53.427992360671766,-7.268877093451292,302.1700134277344,199.69500732421875,254.91310876464843,0.4379741571977071,-19.9994774670564,-24.54508207425632,0.7750339353753999,301.8900146484375,False,False,False,False,False,
NASDAQ:LSCC,,https://www.tradingview.com/chart/?symbol=NASDAQ%3ALSCC,False,,-40.8468013379399,4.877490566731541,117.19999694824219,85.20500183105469,101.74742211914062,0.4564518804478959,-41.227445084814754,-42.85860939458394,0.5673411532927182,123.55000305175781,False,False,False,False,False,
NYSE:LTM,,https://www.tradingview.com/chart/?symbol=NYSE%3ALTM,False,,-32.88011034576396,23.425945470300462,53.29999923706055,45.25,48.438359603881835,0.59585493983592,-19.979630830682495,-17.05847364240723,0.2616948827415633,51.625,False,False,False,False,False,
TSX:LUG,,https://www.tradingview.com/chart/?symbol=TSX%3ALUG,False,,-52.47221648074634,-32.1502344831774,92.37999725341797,73.0250015258789,82.23428610229492,0.49599715958358026,36.72261975862628,32.34267320901067,0.4345890997877756,89.79146575927734,False,False,False,False,False,
NASDAQ:LULU,,https://www.tradingview.com/chart/?symbol=NASDAQ%3ALULU,False,,-42.95843651230695,-12.827112509020438,101.31999969482422,96.00019836425781,112.97445227050781,0.07396337541241803,-58.59075661665839,-61.738266184787754,0.5940516745851897,121.07499694824219,False,True,False,False,False,
TSX:LUN,,https://www.tradingview.com/chart/?symbol=TSX%3ALUN,False,,-51.922968622198766,-4.493148135771367,34.63999938964844,29.479999542236328,32.932679794311525,0.3526998954673943,-15.142833578136035,-24.758068378675357,0.40650181677731123,35.9900016784668,False,False,False,False,False,
NYSE:LUV,,https://www.tradingview.com/chart/?symbol=NYSE%3ALUV,False,,19.55814247220109,67.24871219982981,41.76499938964844,36.29999923706055,40.026439453125,0.3461051194249012,-34.559787559152376,-31.937233740120025,0.38334550720981514,41.189998626708984,False,False,False,False,False,
NYSE:LVS,,https://www.tradingview.com/chart/?symbol=NYSE%3ALVS,True,2026-09-21 09:30,-75.78006805423502,-73.2151177082182,40.2599983215332,39.939998626708984,44.15023866271973,0.01793720247125666,-69.05844477259065,-74.99475028767893,0.3609509444202652,49.42499923706055,False,True,True,True,True,FULL PASS
NYSE:LYB,,https://www.tradingview.com/chart/?symbol=NYSE%3ALYB,False,,-61.700066737876604,-61.700066737876604,60.2599983215332,52.58000183105469,59.61044204711914,0.25780450669524807,14.669351506690177,5.272008994937403,0.4571121950671286,65.16999816894531,False,False,False,False,False,
NYSE:LYG,,https://www.tradingview.com/chart/?symbol=NYSE%3ALYG,False,,-30.765185698624276,-30.167481677000023,5.885000228881836,4.835000038146973,5.174840051651001,0.7291667701469486,33.25174871683246,22.734853619244348,0.2564559422829147,5.614999771118164,False,False,False,False,False,
NYSE:LYV,,https://www.tradingview.com/chart/?symbol=NYSE%3ALYV,False,,-52.59667488295446,-50.035469905238095,169.22000122070312,144.92999267578125,155.28449267578125,0.5536184283742878,6.085760637481766,-6.854312825794921,0.2579971811706217,170.05999755859375,False,False,False,False,False,
NYSE:MA,,https://www.tradingview.com/chart/?symbol=NYSE%3AMA,False,,-50.806074081230626,-49.7349761796773,567.6599731445312,471.19500732421875,501.55286962890625,0.749912220600544,50.03810460839765,43.099358167983105,0.25161374740394044,511.239990234375,False,False,False,False,False,
NYSE:MAA,,https://www.tradingview.com/chart/?symbol=NYSE%3AMAA,True,2026-09-21 13:30,-82.24857757281649,-82.24857757281649,118.8499984741211,118.8499984741211,124.4420184020996,0.0,-51.10343409435642,-63.513905864685825,0.18191239343272897,130.2550048828125,False,True,True,False,False,"NEAR: 4h+band ok, weekly shallow"
NASDAQ:MAR,,https://www.tradingview.com/chart/?symbol=NASDAQ%3AMAR,False,,-0.3461175060949377,25.199057567562793,342.6300048828125,313.7900085449219,334.70432739257814,0.32543441578566756,-50.04541899248418,-49.484393646466835,0.24646446265756572,359.56500244140625,False,False,False,False,False,
NYSE:MAS,,https://www.tradingview.com/chart/?symbol=NYSE%3AMAS,False,,-51.249996652111115,-51.00442859681769,67.75,58.59000015258789,64.29176011657715,0.37913906892649585,-31.09497685308342,-40.05763513260597,0.3379257139558209,71.49500274658203,False,False,False,False,False,
NYSE:MCD,,https://www.tradingview.com/chart/?symbol=NYSE%3AMCD,False,,-59.59224148186255,-58.62776135785928,247.8800048828125,247.8800048828125,266.8520411376953,0.0,-68.50062804068158,-72.23677534243461,0.29084654814054206,276.3999938964844,False,True,False,True,False,
NASDAQ:MCHP,,https://www.tradingview.com/chart/?symbol=NASDAQ%3AMCHP,False,,-45.485969151851236,3.8249848749610913,74.7699966430664,59.810001373291016,69.9910403289795,0.346777858235613,-46.02745444574643,-44.84873990558901,0.5329873273253346,80.94000244140625,False,False,False,False,False,
NYSE:MCK,,https://www.tradingview.com/chart/?symbol=NYSE%3AMCK,False,,-43.016839121902336,-36.78583589251694,886.469970703125,724.9249877929688,777.885755859375,0.7198652390953493,46.556295851445306,44.295348957604666,0.2667927221052274,841.1400146484375,False,False,False,False,False,
NYSE:MCO,,https://www.tradingview.com/chart/?symbol=NYSE%3AMCO,False,,-55.39763382132168,-36.924708877035364,467.1499938964844,424.80999755859375,447.0128815917969,0.4500423963301062,27.01096012834911,12.397822550589778,0.2051863974309619,458.510009765625,False,False,False,False,False,
NASDAQ:MDB,,https://www.tradingview.com/chart/?symbol=NASDAQ%3AMDB,False,,12.548833925205537,40.63638583845346,407.42999267578125,221.19000244140625,280.4496038818359,0.7416964783250456,36.48926801021452,34.65493514647604,0.7637326085400766,328.7799987792969,False,False,False,False,False,
NASDAQ:MDGL,,https://www.tradingview.com/chart/?symbol=NASDAQ%3AMDGL,False,,-39.77069525645783,-24.53180939613077,522.1099853515625,438.8599853515625,468.7234345703125,0.6578945337521319,27.37287471350226,22.962223985865265,0.24373762564514762,519.1649780273438,False,False,False,False,False,
NASDAQ:MDLN,,https://www.tradingview.com/chart/?symbol=NASDAQ%3AMDLN,False,,-46.03052838595039,-46.03052838595039,31.969999313354492,31.600000381469727,35.531759895324704,0.02220882218688653,-53.81464539373874,-58.867154890814554,0.42882879264875895,38.849998474121094,False,True,False,False,False,
NASDAQ:MDLZ,,https://www.tradingview.com/chart/?symbol=NASDAQ%3AMDLZ,False,,-50.58159000840408,-50.58159000840408,60.15999984741211,54.345001220703125,56.91858093261719,0.5332415660374719,24.47265986987249,8.466159793493087,0.1780698641478204,61.2400016784668,False,False,False,False,False,
NYSE:MDT,,https://www.tradingview.com/chart/?symbol=NYSE%3AMDT,False,,-18.669853369437593,-18.669853369437593,91.73999786376953,73.73500061035156,78.59069989013672,0.8750911263175771,57.099327553708385,54.63449575954327,0.24401087550650377,84.31999969482422,False,False,False,False,False,
NASDAQ:MEDP,,https://www.tradingview.com/chart/?symbol=NASDAQ%3AMEDP,False,,49.39565069206315,50.322779472645486,623.8900146484375,387.57501220703125,444.25630932617184,0.9839284457260394,51.03206827904443,53.03147456639771,0.4659520459890922,515.4500122070312,False,False,False,False,False,
NASDAQ:MELI,,https://www.tradingview.com/chart/?symbol=NASDAQ%3AMELI,True,2026-09-21 09:30,-65.10906601591876,-60.24102743984067,1820.3349609375,1546.989990234375,1656.739439453125,0.5877880348844291,35.03035190498786,21.832682621328573,0.25816052473916834,1801.3599853515625,False,False,True,False,False,
NYSE:MET,,https://www.tradingview.com/chart/?symbol=NYSE%3AMET,False,,-0.6046012315336693,-0.6046012315336693,96.62999725341797,67.69999694824219,75.32987738037109,0.894834477781779,51.80748863682268,49.001166265640556,0.3762802900377616,85.91999816894531,False,False,False,False,False,
NASDAQ:META,,https://www.tradingview.com/chart/?symbol=NASDAQ%3AMETA,False,,54.52397694039521,61.4273682175234,741.1300048828125,524.3400268554688,575.5024616699219,1.0,17.41588814893268,36.971041440517624,0.35817364754390135,605.2650146484375,False,False,False,False,False,
TSX:MFC,,https://www.tradingview.com/chart/?symbol=TSX%3AMFC,False,,52.96290400467553,67.82165981128571,62.61000061035156,45.68000030517578,49.7675202331543,0.9774827138267801,49.82803651597978,54.812099403606396,0.30385964376884594,57.0,False,False,False,False,False,
NYSE:MFC,,https://www.tradingview.com/chart/?symbol=NYSE%3AMFC,False,,40.41572597108225,64.32143383499567,44.599998474121094,33.41999816894531,36.112759033203126,0.979841955905992,54.48484976539413,56.08904612671025,0.2838309314816806,40.20000076293945,False,False,False,False,False,
NYSE:MFG,,https://www.tradingview.com/chart/?symbol=NYSE%3AMFG,False,,-30.417051823240694,-26.824213478424422,11.100000381469727,7.579999923706055,8.50148780822754,0.9014986762019207,63.75575830945377,60.944530457100214,0.40462278078001274,9.649999618530273,False,False,False,False,False,
TSX:MG,,https://www.tradingview.com/chart/?symbol=TSX%3AMG,False,,-40.07553840060608,-35.99691991136235,88.45999908447266,71.37999725341797,78.2593976135254,0.585934852040791,12.417640875941665,-2.4059541943915477,0.3222062687361634,90.47000122070312,False,False,False,False,False,
NYSE:MGA,,https://www.tradingview.com/chart/?symbol=NYSE%3AMGA,False,,-48.15228285133867,-48.15228285133867,63.02000045776367,52.04999923706055,56.99655992126465,0.5233778484418802,16.870709656424467,-0.5417899991399775,0.32460899795931125,64.56999969482422,False,False,False,False,False,
NYSE:MGM,,https://www.tradingview.com/chart/?symbol=NYSE%3AMGM,True,2026-09-21 09:30,-79.12264648649432,-69.82383196608943,38.73500061035156,35.369998931884766,38.992599472045896,0.2192183177013607,-39.643456315612845,-48.230053595013146,0.3683706014716841,41.66999816894531,False,True,True,False,False,
NYSE:MICC,,https://www.tradingview.com/chart/?symbol=NYSE%3AMICC,False,,-41.069540721424886,-31.580600655241607,19.239999771118164,13.005000114440918,14.76320006942749,0.8369127270208967,49.62774800408709,42.44221874263305,0.431009538619148,17.28499984741211,False,False,False,False,False,
NYSE:MKC,,https://www.tradingview.com/chart/?symbol=NYSE%3AMKC,True,2026-09-21 13:30,-67.96800428833174,-67.96800428833174,48.869998931884766,45.44499969482422,48.602679946899414,0.2559789957881526,7.514471315207591,-7.912281585241545,0.2600077984096285,51.459999084472656,False,False,True,False,False,
NASDAQ:MKSI,,https://www.tradingview.com/chart/?symbol=NASDAQ%3AMKSI,False,,-42.99959359507765,0.2938712547538825,256.80999755859375,210.47000122070312,265.8969577636719,0.19730903188350357,-39.693543387321085,-42.28725925563912,0.800804645148347,293.2799987792969,False,True,False,False,False,
NYSE:MLI,,https://www.tradingview.com/chart/?symbol=NYSE%3AMLI,False,,-34.76944743394427,-32.48181793673811,59.939998626708984,53.875,57.803219207763675,0.36437367677303817,-18.339189637481343,-26.15913773617838,0.2612004243487897,63.724998474121094,False,False,False,False,False,
NYSE:MLM,,https://www.tradingview.com/chart/?symbol=NYSE%3AMLM,True,2026-09-21 09:30,-59.8594318603216,-53.21332367425123,499.7449951171875,490.80499267578125,524.8609709472656,0.061952135374084345,-67.15027044423472,-68.18647863693758,0.25146157220158166,573.864990234375,False,True,False,True,False,
NYSE:MMM,,https://www.tradingview.com/chart/?symbol=NYSE%3AMMM,False,,-36.09673800877907,9.906219190863977,164.9600067138672,140.47000122070312,150.73954107666015,0.5627945728292912,22.807376600517248,12.553373198981475,0.27616295847541106,157.57000732421875,False,False,False,False,False,
NASDAQ:MNST,,https://www.tradingview.com/chart/?symbol=NASDAQ%3AMNST,False,,23.269927034896693,23.269927034896693,44.0,35.65250015258789,39.028480224609375,0.5835372016309464,-12.527305566512803,-18.796817541182936,0.3212441207572307,44.529998779296875,False,False,False,False,False,
NYSE:MO,,https://www.tradingview.com/chart/?symbol=NYSE%3AMO,False,,-5.597916329651543,-5.597916329651543,68.54000091552734,63.790000915527344,66.52052084350586,0.41054452249682327,-0.7011513740932811,6.313612622253955,0.16739003522965504,69.12000274658203,False,False,False,False,False,
NYSE:MOD,,https://www.tradingview.com/chart/?symbol=NYSE%3AMOD,False,,-20.28981684529796,35.197215862420386,197.99000549316406,176.6199951171875,207.3637197265625,0.1640439638596215,-46.98406199223438,-43.31095813095569,0.5592908318536068,232.9199981689453,False,True,False,False,False,
NYSE:MOH,,https://www.tradingview.com/chart/?symbol=NYSE%3AMOH,False,,-19.449462470512433,-19.449462470512433,197.67999267578125,131.49000549316406,157.75680261230468,0.5946989617441689,3.324102019652425,-0.6976030668465052,0.568916558479417,195.63499450683594,False,False,False,False,False,
NYSE:MPC,,https://www.tradingview.com/chart/?symbol=NYSE%3AMPC,False,,62.269047936707445,62.269047936707445,402.1700134277344,213.6199951171875,263.3546328125,0.8947045034065462,85.10310793129929,82.75633128100738,0.8089206169255425,260.5199890136719,False,False,False,False,False,
NYSE:MPLX,,https://www.tradingview.com/chart/?symbol=NYSE%3AMPLX,False,,-49.63361196127878,-7.0803706248844565,59.04999923706055,54.0,55.53753985595703,0.77513426096162,64.70229845236655,58.83566362183325,0.11449910746813119,56.900001525878906,False,False,False,False,False,
NASDAQ:MPWR,,https://www.tradingview.com/chart/?symbol=NASDAQ%3AMPWR,False,,-53.738447954561416,16.7198221620358,1276.8699951171875,1002.3499755859375,1164.6094248046875,0.3992785931501148,-48.58485196354977,-47.6594275726854,0.5081559146643705,1353.010009765625,False,False,False,False,False,
NYSE:MRK,,https://www.tradingview.com/chart/?symbol=NYSE%3AMRK,False,,-45.24331666564206,15.942026273091386,149.52000427246094,109.16999816894531,120.32807788085938,0.8534265470663299,73.59314995208202,70.46381952226949,0.39108317210916177,120.8949966430664,False,False,False,False,False,
NASDAQ:MRNA,,https://www.tradingview.com/chart/?symbol=NASDAQ%3AMRNA,False,,26.4228820451287,67.16499343650933,172.92999267578125,44.96500015258789,75.4561985321045,0.9904411712384921,80.19798935217277,80.87410322131396,2.3615425935953525,54.709999084472656,False,False,False,False,False,
NYSE:MRSH,,https://www.tradingview.com/chart/?symbol=NYSE%3AMRSH,False,,-60.71314742327706,-58.95829675834494,172.75,157.3300018310547,166.8242808227539,0.38329604291729263,20.294781240252572,5.705850673990989,0.23092815669087932,174.2100067138672,False,False,False,False,False,
TSX:MRU,,https://www.tradingview.com/chart/?symbol=TSX%3AMRU,False,,37.64053331416496,43.03496874608597,91.52999877929688,87.20999908447266,89.7587998046875,0.399999858714956,-22.71292499367352,-9.085786837646593,0.11843406911516763,91.19000244140625,False,False,False,False,False,
NASDAQ:MRVL,,https://www.tradingview.com/chart/?symbol=NASDAQ%3AMRVL,False,,14.88347575425471,54.90933162105265,257.3299865722656,87.39510345458984,143.6539387512207,0.7128592727580553,25.59099626790717,34.684322154770726,1.1465773225232816,207.91000366210938,False,False,False,False,False,
NYSE:MS,,https://www.tradingview.com/chart/?symbol=NYSE%3AMS,False,,-68.53078336980145,-52.832477147015005,206.1300048828125,154.32000732421875,171.89610516357422,0.6956697405524062,9.971134383128378,-7.370449717621385,0.3544234003433282,210.1300048828125,False,False,False,False,False,
NYSE:MSCI,,https://www.tradingview.com/chart/?symbol=NYSE%3AMSCI,False,,-55.39278142318599,0.6571308990957204,559.3200073242188,523.3300170898438,551.7609301757813,0.298746567499924,-34.02252392294889,-37.293973396820455,0.21100285527022333,570.9400024414062,False,False,False,False,False,
NASDAQ:MSFT,,https://www.tradingview.com/chart/?symbol=NASDAQ%3AMSFT,False,,-16.8811316856614,-12.077827591119137,501.6099853515625,351.6199951171875,390.6874299316406,0.9060650606683045,49.92216556848174,48.37281324553109,0.4011242749958478,412.69000244140625,False,False,False,False,False,
NYSE:MSI,,https://www.tradingview.com/chart/?symbol=NYSE%3AMSI,False,,-46.37540354190349,-45.34584309767456,461.4700012207031,383.8699951171875,409.2895531005859,0.7204531822461404,51.76159549634667,45.60303384002333,0.246871406070697,436.29998779296875,False,False,False,False,False,
NASDAQ:MSTR,,https://www.tradingview.com/chart/?symbol=NASDAQ%3AMSTR,False,,-29.72708375274937,49.727649984922444,168.5,81.91999816894531,108.81219744873047,0.7598069692830324,22.204043250997533,35.483071480621994,0.895903724828817,127.19000244140625,False,False,False,False,False,
NYSE:MT,,https://www.tradingview.com/chart/?symbol=NYSE%3AMT,False,,-33.29772693219042,-33.29772693219042,72.55000305175781,47.790000915527344,55.09774005126953,0.7996126292426732,57.611819942169525,49.41319565224363,0.4716678692792471,65.6500015258789,False,False,False,False,False,
NYSE:MTB,,https://www.tradingview.com/chart/?symbol=NYSE%3AMTB,False,,-73.02896091099342,-65.59332676588447,226.90499877929688,195.59500122070312,209.48950122070312,0.5318046294453291,11.193599356578744,-5.006770266525292,0.25997395161306625,226.46499633789062,False,False,False,False,False,
NYSE:MTD,,https://www.tradingview.com/chart/?symbol=NYSE%3AMTD,False,,11.380767656879188,44.59050177168441,1430.1099853515625,1024.050048828125,1123.3942373046875,0.9646275890827747,27.95918700601207,32.52816468281617,0.3268955679409294,1287.719970703125,False,False,False,False,False,
NASDAQ:MTSI,,https://www.tradingview.com/chart/?symbol=NASDAQ%3AMTSI,False,,-32.797493091231836,24.69362749637719,278.9700012207031,206.53500366210938,254.4512645263672,0.3567611310960941,-28.612474116970095,-26.953986696087227,0.7212867622506143,281.489990234375,False,False,False,False,False,
NYSE:MTZ,,https://www.tradingview.com/chart/?symbol=NYSE%3AMTZ,False,,-69.74857855985576,-59.63581529043736,222.86500549316406,207.75,261.9497608642578,0.06581470544345298,-61.92142303307321,-62.450508496484055,0.6449311983312601,356.1000061035156,False,True,False,True,False,"WATCH: weekly+band ok, waiting on 4h dot"
NASDAQ:MU,,https://www.tradingview.com/chart/?symbol=NASDAQ%3AMU,False,,-28.853728762356287,33.4486492940409,1043.31494140625,321.79998779296875,535.6372341308594,0.7962949952305024,39.60230430370146,45.033549018763956,1.010449255574175,896.719970703125,False,False,False,False,False,
NYSE:MUFG,,https://www.tradingview.com/chart/?symbol=NYSE%3AMUFG,False,,-35.85256043555425,-33.20755242585927,23.40999984741211,16.334999084472656,18.192319282531738,0.8989834826534294,63.06663587615096,59.4998618475591,0.392127601340371,20.06999969482422,False,False,False,False,False,
NYSE:MUSA,,https://www.tradingview.com/chart/?symbol=NYSE%3AMUSA,False,,-7.989443479090856,-7.989443479090856,508.80999755859375,455.43499755859375,497.02881640625,0.3028454791837368,-22.59006743036619,-28.043286499581285,0.32540642023390154,541.614990234375,False,False,False,False,False,
TSX:NA,,https://www.tradingview.com/chart/?symbol=TSX%3ANA,False,,-44.00423469161342,10.31499917957037,214.75999450683594,175.16000366210938,189.57960150146485,0.6481177868808857,-3.957980426038679,-10.431268161947617,0.28955970065554004,211.00999450683594,False,False,False,False,False,
NASDAQ:NBIS,,https://www.tradingview.com/chart/?symbol=NASDAQ%3ANBIS,False,,-27.956011266756363,14.254232839657362,232.84500122070312,90.55000305175781,136.93107916259765,0.7240370940859358,23.077531991211686,24.715750446215615,0.9476233797526795,207.3925018310547,False,False,False,False,False,
NASDAQ:NBIX,,https://www.tradingview.com/chart/?symbol=NASDAQ%3ANBIX,False,,-62.45050836167834,-62.45050836167834,143.9499969482422,126.30999755859375,140.29535986328125,0.29767121975536504,-18.5803799374486,-29.8190156309643,0.38021307284461286,155.86000061035156,False,False,False,False,False,
NASDAQ:NDAQ,,https://www.tradingview.com/chart/?symbol=NASDAQ%3ANDAQ,False,,-68.52019302753204,0.2796984376434395,94.70999908447266,76.87000274658203,82.35700274658203,0.7673116704469086,28.68617801738092,24.061217937579844,0.25863508391146117,89.8949966430664,False,False,False,False,False,
NASDAQ:NDSN,,https://www.tradingview.com/chart/?symbol=NASDAQ%3ANDSN,False,,-38.18807062054083,-2.068460530052398,314.3399963378906,255.05999755859375,273.8479613037109,0.7446299078339423,62.18499072664912,55.15825032136949,0.2763182298929591,288.1098937988281,False,False,False,False,False,
NYSE:NEE,,https://www.tradingview.com/chart/?symbol=NYSE%3ANEE,False,,-67.60154016122364,-64.83689271255497,79.62999725341797,79.62999725341797,83.93581790161133,0.0,-59.60070294053819,-65.03122075013745,0.20742386239750168,87.95999908447266,False,True,False,False,False,
NYSE:NEM,,https://www.tradingview.com/chart/?symbol=NYSE%3ANEM,False,,-49.05302817119158,-41.387702196484874,123.04000091552734,89.22000122070312,100.05593963623046,0.7365785612569934,34.079865357316166,33.25741935465298,0.42050546991032267,109.19000244140625,False,False,False,False,False,
NYSE:NET,,https://www.tradingview.com/chart/?symbol=NYSE%3ANET,False,,41.953666220484735,46.61833338390853,351.75640869140625,166.99000549316406,210.5948766479492,1.0,66.0990423446706,72.49238082659176,0.7579849333852059,243.75999450683594,False,False,False,False,False,
NASDAQ:NFLX,,https://www.tradingview.com/chart/?symbol=NASDAQ%3ANFLX,True,2026-09-21 13:30,-61.633340252277414,-61.633340252277414,73.36000061035156,66.94499969482422,76.6445993347168,0.15608275313116118,-16.20402583102478,-24.12505557353331,0.5043569710975818,81.48989868164062,False,True,True,False,False,
NYSE:NGG,,https://www.tradingview.com/chart/?symbol=NYSE%3ANGG,False,,-49.18563755028947,-2.7901155557455577,76.66000366210938,74.81999969482422,78.67624063110351,0.11260731459852072,-70.24741988004307,-72.18552814184926,0.1983250890682508,82.38999938964844,False,True,False,True,False,
NYSE:NI,,https://www.tradingview.com/chart/?symbol=NYSE%3ANI,False,,-52.49609531972822,-52.49609531972822,40.505001068115234,40.505001068115234,42.507461212158205,0.0,-63.44080207767697,-62.89415823356685,0.18200344926538436,46.619998931884766,False,True,False,True,False,
NYSE:NIO,,https://www.tradingview.com/chart/?symbol=NYSE%3ANIO,False,,-48.74112932872482,-17.76385622514673,3.6649999618530273,3.569999933242798,4.348799921989441,0.028787887873619078,-71.01484078128692,-71.47313745003328,0.6457799429224937,5.110099792480469,False,True,False,True,False,
NYSE:NKE,,https://www.tradingview.com/chart/?symbol=NYSE%3ANKE,True,2026-09-21 09:30,-66.31372209588433,-58.95062985503821,36.1349983215332,35.529998779296875,40.190975372314455,0.03063304204995714,-71.0928077937104,-73.39240483632405,0.4583406996503563,43.09000015258789,False,True,True,True,True,FULL PASS
NYSE:NLY,,https://www.tradingview.com/chart/?symbol=NYSE%3ANLY,False,,-80.04858738331264,-64.39579919088551,21.299999237060547,20.760000228881836,21.465640174865722,0.18060168880105587,7.84594798493418,-10.439881994628912,0.1332738953552085,22.434999465942383,False,True,False,False,False,
NYSE:NMR,,https://www.tradingview.com/chart/?symbol=NYSE%3ANMR,False,,-51.34345224384051,-51.34345224384051,10.130000114440918,7.380000114440918,8.20836016845703,0.7834757323865059,65.92337380282811,58.62291816710758,0.40252294970144636,8.720000267028809,False,False,False,False,False,
NYSE:NOC,,https://www.tradingview.com/chart/?symbol=NYSE%3ANOC,False,,-9.502523498641166,-9.502523498641166,526.6599731445312,495.80999755859375,552.9951569824219,0.1273161483090584,-25.89582657824774,-29.175005409057455,0.44013152037899583,550.5399780273438,False,True,False,False,False,
NYSE:NOK,,https://www.tradingview.com/chart/?symbol=NYSE%3ANOK,False,,-6.305182961511545,31.779288396862167,10.944999694824219,7.894999980926514,10.015507051467896,0.33944707965349435,-17.0046027749575,-12.065856881487576,0.8488615417161111,10.585000038146973,False,False,False,False,False,
NYSE:NOW,,https://www.tradingview.com/chart/?symbol=NYSE%3ANOW,False,,-12.25015647230196,-12.25015647230196,137.74000549316406,82.58000183105469,98.03328082275391,0.8423947352047645,59.72099188264281,58.661844249356314,0.6203694347164547,105.55000305175781,False,False,False,False,False,
NYSE:NRG,,https://www.tradingview.com/chart/?symbol=NYSE%3ANRG,False,,-59.635315426425166,-59.635315426425166,103.22000122070312,103.22000122070312,120.0963599243164,0.0,-69.89236292015629,-73.08606423046875,0.5218184326492673,137.0399932861328,False,True,False,True,False,
NYSE:NSC,,https://www.tradingview.com/chart/?symbol=NYSE%3ANSC,False,,-66.17401579827572,-66.17401579827572,308.8900146484375,278.1000061035156,296.1540061035156,0.4024837718290441,20.204711580240726,2.7574604162552436,0.24162599246827296,316.6050109863281,False,False,False,False,False,
NASDAQ:NTAP,,https://www.tradingview.com/chart/?symbol=NASDAQ%3ANTAP,False,,38.56864564952948,61.45227698820988,198.14999389648438,95.70999908447266,121.96500088500977,0.9208088789824493,56.80003825768745,56.71192371827826,0.6931896306411002,160.49000549316406,False,False,False,False,False,
NASDAQ:NTES,,https://www.tradingview.com/chart/?symbol=NASDAQ%3ANTES,False,,-25.117270724095892,-22.517568953918243,117.52999877929688,109.12999725341797,115.19047732543945,0.3271028592700559,-23.527210578453392,-30.626684047248325,0.21478756130444526,119.55999755859375,False,False,False,False,False,
NASDAQ:NTNX,,https://www.tradingview.com/chart/?symbol=NASDAQ%3ANTNX,False,,29.014672546501487,55.388297801548894,70.05000305175781,34.41999816894531,43.22515939331055,0.9549718554926214,68.64758006457448,66.84980731110724,0.7353898637851962,50.73500061035156,False,False,False,False,False,
TSX:NTR,,https://www.tradingview.com/chart/?symbol=TSX%3ANTR,False,,-28.3961072900394,-28.3961072900394,104.55999755859375,85.91000366210938,92.64072286987304,0.6539269316856122,55.287862012160495,52.84838524289953,0.29251278608273235,97.5,False,False,False,False,False,
NYSE:NTR,,https://www.tradingview.com/chart/?symbol=NYSE%3ANTR,False,,-44.18218173436469,-44.18218173436469,74.54000091552734,60.3650016784668,65.92280149841308,0.6019108151287497,52.686650915402055,49.27804702403919,0.33206429561602413,70.91999816894531,False,False,False,False,False,
NASDAQ:NTRA,,https://www.tradingview.com/chart/?symbol=NASDAQ%3ANTRA,False,,82.47251015806894,82.47251015806894,370.4700012207031,182.75,227.05192028808594,1.0,75.0511317952171,76.86665218104257,0.8403617025578588,223.3800048828125,False,False,False,False,False,
NASDAQ:NTRS,,https://www.tradingview.com/chart/?symbol=NASDAQ%3ANTRS,False,,-49.79104659169232,-40.14253459330297,179.02999877929688,134.47999572753906,148.41933630371093,0.754253808690728,38.46624739527209,24.870322019991185,0.33984465710174144,173.8000030517578,False,False,False,False,False,
NYSE:NU,,https://www.tradingview.com/chart/?symbol=NYSE%3ANU,False,,-65.2410272302228,-52.66638991262346,14.055000305175781,11.244999885559082,12.291659984588623,0.633596427000915,29.5707855853115,16.536248135947346,0.31498582696365135,14.079999923706055,False,False,False,False,False,
NYSE:NUE,,https://www.tradingview.com/chart/?symbol=NYSE%3ANUE,False,,-12.520613842132214,-12.520613842132214,242.36000061035156,158.57000732421875,185.96016674804687,0.7219541189791152,33.0689848167688,20.6329239713713,0.4906362124763934,236.5500030517578,False,False,False,False,False,
NASDAQ:NVDA,,https://www.tradingview.com/chart/?symbol=NASDAQ%3ANVDA,False,,-39.31270578766654,22.434187732674122,227.25,165.05999755859375,181.7416569824219,0.879818979831673,48.81898350646927,49.6033308091981,0.3388380104107351,208.61000061035156,False,False,False,False,False,
NASDAQ:NVMI,,https://www.tradingview.com/chart/?symbol=NASDAQ%3ANVMI,False,,-42.15117148109957,4.921052875513088,362.5799865722656,332.010009765625,397.9613937988281,0.10939140447355966,-52.915634053436406,-52.358819623699375,0.5937765774093674,470.6400146484375,False,True,False,False,False,
NYSE:NVO,,https://www.tradingview.com/chart/?symbol=NYSE%3ANVO,False,,-63.11179533429934,-45.6184078495647,39.810001373291016,35.21500015258789,39.08776011657715,0.28001226468187723,-23.110842700056285,-41.03062895668832,0.3666629305278482,44.755001068115234,False,False,False,False,False,
NYSE:NVR,,https://www.tradingview.com/chart/?symbol=NYSE%3ANVR,False,,-19.2511286084417,-19.2511286084417,6187.2900390625,5520.18017578125,5891.554408203125,0.4239333642177094,-36.178370232772664,-40.6153240726274,0.24671071945928347,6378.39990234375,False,False,False,False,False,
NYSE:NVS,,https://www.tradingview.com/chart/?symbol=NYSE%3ANVS,False,,-28.832304790591753,0.2575265330490775,141.02000427246094,137.17999267578125,143.2900361328125,0.14832017860258095,-7.597030362195471,-20.72391720644287,0.17051975456896862,151.8300018310547,False,True,False,False,False,
NYSE:NVT,,https://www.tradingview.com/chart/?symbol=NYSE%3ANVT,False,,-25.323124194257826,23.79512782221646,159.47999572753906,107.87000274658203,125.91220382690429,0.6750816205451748,-0.8997774674727476,0.28648623582036326,0.48678766693459824,157.0500030517578,False,False,False,False,False,
NYSE:NWG,,https://www.tradingview.com/chart/?symbol=NYSE%3ANWG,False,,10.97091957333076,26.089381086187284,18.954999923706055,13.880000114440918,15.187440105438233,0.9160649538285635,54.48957140459788,52.928563189688816,0.32713316424924627,16.934999465942383,False,False,False,False,False,
NASDAQ:NWS,,https://www.tradingview.com/chart/?symbol=NASDAQ%3ANWS,False,,-43.38812840949455,-43.38812840949455,32.849998474121094,26.619400024414062,28.670381942749025,0.7169352498848867,52.524162768574094,44.2724898171179,0.28568709162001177,30.420000076293945,False,False,False,False,False,
NASDAQ:NWSA,,https://www.tradingview.com/chart/?symbol=NASDAQ%3ANWSA,False,,-22.600265343357922,-22.600265343357922,29.69499969482422,23.56999969482422,25.363599784851075,0.8059210121796753,64.12219084348176,58.89497577551033,0.28646815622946303,26.530000686645508,False,False,False,False,False,
NASDAQ:NXPI,,https://www.tradingview.com/chart/?symbol=NASDAQ%3ANXPI,False,,-19.72978407639958,15.18488581346798,232.39999389648438,186.4499969482422,221.52431939697266,0.309177726686996,-42.915901251592224,-40.62620159371351,0.6199474952015935,239.72999572753906,False,False,False,False,False,
NASDAQ:NXT,,https://www.tradingview.com/chart/?symbol=NASDAQ%3ANXT,False,,-56.68295969355108,-18.000459656534403,83.18000030517578,78.04000091552734,96.53060055541992,0.06560305666561274,-57.53352018381272,-56.8279562881405,0.6939769478759638,112.9000015258789,False,True,False,False,False,
NYSE:NYT,,https://www.tradingview.com/chart/?symbol=NYSE%3ANYT,False,,18.25140896952627,18.25140896952627,70.54000091552734,63.54999923706055,69.01103999328613,0.3020743608693222,-41.1271819317242,-29.440425621812906,0.3096895453199506,74.72000122070312,False,False,False,False,False,
NYSE:O,,https://www.tradingview.com/chart/?symbol=NYSE%3AO,False,,-83.82435171857037,-73.71788059374518,56.63999938964844,56.625,58.81507971191406,0.0016163137523143047,-37.68348712263807,-52.45294009574396,0.1487298455198935,62.39500045776367,False,True,False,False,False,
NYSE:OC,,https://www.tradingview.com/chart/?symbol=NYSE%3AOC,False,,-68.82366785253605,-68.82366785253605,121.5,99.95999908447266,114.00908059692382,0.3618343456516493,5.223878419418747,-10.61671318818015,0.47620194697555634,125.01000213623047,False,False,False,False,False,
NASDAQ:ODFL,,https://www.tradingview.com/chart/?symbol=NASDAQ%3AODFL,True,2026-09-21 09:30,-68.3121491727755,-65.64264793946788,175.32000732421875,172.52999877929688,190.74683935546875,0.03614468786990553,-54.082115630154924,-59.50459441019623,0.3664024451146778,210.6699981689453,False,True,True,False,False,"NEAR: 4h+band ok, weekly shallow"
NYSE:OHI,,https://www.tradingview.com/chart/?symbol=NYSE%3AOHI,False,,-12.00577055440594,-12.00577055440594,46.81999969482422,43.439998626708984,45.397619094848636,0.40747441348181296,-1.5454124979537311,-3.835890013646461,0.17677148893997915,46.92499923706055,False,False,False,False,False,
NYSE:OKE,,https://www.tradingview.com/chart/?symbol=NYSE%3AOKE,False,,-48.29738080915434,-48.29738080915434,91.80999755859375,83.0199966430664,86.47503829956055,0.6004096107395142,55.96765046877777,45.54916391905199,0.16281146927446255,89.91999816894531,False,False,False,False,False,
NASDAQ:OKTA,,https://www.tradingview.com/chart/?symbol=NASDAQ%3AOKTA,False,,39.50035134943385,39.50035134943385,191.32000732421875,62.93000030517578,93.23004196166991,1.0,70.6700559257477,73.66537964631848,1.0766457611659788,119.25,False,False,False,False,False,
NYSE:OMC,,https://www.tradingview.com/chart/?symbol=NYSE%3AOMC,False,,-69.57355338057128,-69.57355338057128,75.61000061035156,70.80999755859375,75.09103741455078,0.26460877691632817,22.945593771521995,7.139228068469775,0.23492844978284164,77.21499633789062,False,False,False,False,False,
NASDAQ:ON,,https://www.tradingview.com/chart/?symbol=NASDAQ%3AON,False,,-44.57798305856958,-34.417570518482385,71.72000122070312,55.65999984741211,74.13171815490722,0.20518720895385123,-42.28004410422228,-43.79843995095877,0.9034975794747704,86.62999725341797,False,True,False,False,False,
NASDAQ:ONC,,https://www.tradingview.com/chart/?symbol=NASDAQ%3AONC,False,,-27.167767981859217,23.4588545802832,365.67999267578125,260.44000244140625,288.520458984375,0.8844812639462413,46.75806212998945,47.14595438326627,0.38392159330267595,309.9200134277344,False,False,False,False,False,
NYSE:ONON,,https://www.tradingview.com/chart/?symbol=NYSE%3AONON,False,,-29.36052540541588,2.7569994966828606,27.31999969482422,26.655000686645508,29.997940452575683,0.04694663287973038,-74.98142202145267,-73.12355364638606,0.39129830689618217,36.20000076293945,False,True,False,True,False,
NYSE:ONTO,,https://www.tradingview.com/chart/?symbol=NYSE%3AONTO,False,,-42.16539178262948,4.280265217098872,275.8800048828125,184.47999572753906,231.82631817626952,0.45558770026969464,-12.569455314847282,-17.356309228494084,0.7216287303651703,278.010009765625,False,False,False,False,False,
NYSE:ORCL,,https://www.tradingview.com/chart/?symbol=NYSE%3AORCL,False,,-37.6195163687761,-9.358662371791903,148.60000610351562,114.98999786376953,146.41103952026367,0.25244108808661,-5.854932822113883,-7.058831663381719,0.876267595598227,151.9398956298828,False,False,False,False,False,
NASDAQ:ORLY,,https://www.tradingview.com/chart/?symbol=NASDAQ%3AORLY,False,,-56.778659545982144,-56.778659545982144,82.9000015258789,82.69499969482422,86.63738012695312,0.012271883183729319,-41.14820329192199,-51.518385985811676,0.18542571328786692,90.08999633789062,False,True,False,False,False,
NYSE:OTIS,,https://www.tradingview.com/chart/?symbol=NYSE%3AOTIS,False,,-58.16934915792675,-58.16934915792675,66.63999938964844,66.63999938964844,70.81955917358398,0.0,-56.27414823631735,-65.626821295883,0.2428688909651519,72.91999816894531,False,True,False,False,False,
NYSE:OVV,,https://www.tradingview.com/chart/?symbol=NYSE%3AOVV,False,,-46.04796503505403,-46.04796503505403,60.16999816894531,51.98899841308594,55.565813995361324,0.5397862702092647,49.33069819075982,38.506308642743655,0.2580622909605314,58.72999954223633,False,False,False,False,False,
NYSE:OWL,,https://www.tradingview.com/chart/?symbol=NYSE%3AOWL,True,2026-09-21 09:30,-64.43428649836477,-58.08143647387277,10.020000457763672,8.125,9.1940799369812,0.4183224215160728,30.03903726198476,15.24735263507915,0.4646153572278145,9.75,False,False,True,False,False,
NYSE:OXY,,https://www.tradingview.com/chart/?symbol=NYSE%3AOXY,False,,-32.61959840481199,-32.61959840481199,57.244998931884766,47.939998626708984,52.28003938293457,0.5059814401216056,43.87118207729042,36.03337272804122,0.3185243441575106,57.73500061035156,False,False,False,False,False,
NASDAQ:PAA,,https://www.tradingview.com/chart/?symbol=NASDAQ%3APAA,False,,-51.54779434627695,-51.54779434627695,25.0,20.864900588989258,22.098024085998535,0.7913915056889012,68.09054267676686,62.61622768937073,0.22917104115974832,22.799999237060547,False,False,False,False,False,
TSX:PAAS,,https://www.tradingview.com/chart/?symbol=TSX%3APAAS,False,,-55.74159858525845,-11.069763542635092,68.4800033569336,58.54999923706055,65.4530001373291,0.3394872760626278,6.960300942834864,4.559878153192512,0.4116819501526201,71.05000305175781,False,False,False,False,False,
NYSE:PAAS,,https://www.tradingview.com/chart/?symbol=NYSE%3APAAS,False,,-57.6262635270352,-19.24580320665987,48.7599983215332,41.70000076293945,46.97696000671387,0.3157423331995232,7.519253416396668,3.816756477351748,0.4355277898168685,51.34000015258789,False,False,False,False,False,
NYSE:PAC,,https://www.tradingview.com/chart/?symbol=NYSE%3APAC,False,,-55.972614791671816,-14.655340540019976,208.13999938964844,198.61000061035156,215.04032305908203,0.13688591437764774,-57.798750399494,-55.9427240575251,0.295012537630511,235.99000549316406,False,True,False,False,False,
NYSE:PAG,,https://www.tradingview.com/chart/?symbol=NYSE%3APAG,True,2026-09-21 09:30,-79.45762730662842,-78.4474865838493,212.13999938964844,140.55999755859375,160.23531640625,0.8585822960699419,55.85391838092013,48.405786628802325,0.46881850227045596,177.8300018310547,False,False,True,False,False,
NASDAQ:PANW,,https://www.tradingview.com/chart/?symbol=NASDAQ%3APANW,False,,23.76642277143704,23.76642277143704,371.6199951171875,146.0800018310547,205.04696197509764,0.9026654636003744,43.01205112882,44.83826258243089,0.8761790821097997,285.1700134277344,False,False,False,False,False,
NASDAQ:PAYX,,https://www.tradingview.com/chart/?symbol=NASDAQ%3APAYX,False,,-42.44327735911116,-42.44327735911116,115.0,85.56999969482422,95.42771890258788,0.7045727237342501,49.88895759285368,38.58523229390951,0.41988334573327196,99.4800033569336,False,False,False,False,False,
NYSE:PBA,,https://www.tradingview.com/chart/?symbol=NYSE%3APBA,False,,-46.44745576166938,-43.94230618586945,46.404998779296875,42.29999923706055,44.44759977722168,0.45109873733552264,9.762680685020749,-4.888534013869556,0.1910360577194508,47.6349983215332,False,False,False,False,False,
NYSE:PBR,,https://www.tradingview.com/chart/?symbol=NYSE%3APBR,False,,-16.13203351445365,-16.13203351445365,20.639999389648438,15.994999885559082,17.420439876556397,0.7690396578519686,54.738431294048695,57.49074459886606,0.3167278478505871,19.06999969482422,False,False,False,False,False,
NASDAQ:PCAR,,https://www.tradingview.com/chart/?symbol=NASDAQ%3APCAR,True,2026-09-21 09:30,-84.86953925748112,-84.13110090445116,114.72000122070312,108.18000030517578,115.27887893676758,0.2174202851131664,-0.9588994447826545,-17.363215424256072,0.2476738983738239,121.44999694824219,False,True,True,False,False,
NYSE:PCG,,https://www.tradingview.com/chart/?symbol=NYSE%3APCG,False,,-53.51681034076756,-51.336310842119474,12.9399995803833,12.9399995803833,14.311159679412842,0.0,-39.7636235035796,-49.62988168576251,0.3405627550701543,17.059999465942383,False,True,False,False,False,
NASDAQ:PDD,,https://www.tradingview.com/chart/?symbol=NASDAQ%3APDD,False,,-37.55708974631986,-6.36128749109842,79.29000091552734,73.30000305175781,80.83076211547852,0.18771540609495693,-44.963077242883365,-50.01010877940203,0.3646856689453125,87.5,False,True,False,False,False,
NYSE:PEG,,https://www.tradingview.com/chart/?symbol=NYSE%3APEG,False,,-63.3714489863625,-60.70709915521027,69.31999969482422,69.31999969482422,73.06532034301758,0.0,-63.14744288387072,-67.49632623134414,0.20032823153295548,79.22000122070312,False,True,False,True,False,"WATCH: weekly+band ok, waiting on 4h dot"
NYSE:PEN,,https://www.tradingview.com/chart/?symbol=NYSE%3APEN,False,,-49.55534091165382,-49.55534091165382,318.760009765625,315.4599914550781,320.94345520019533,0.14202780532333376,-16.282255035606443,-25.42797657626589,0.07194839813428301,322.94000244140625,False,True,False,False,False,
NASDAQ:PEP,,https://www.tradingview.com/chart/?symbol=NASDAQ%3APEP,True,2026-09-21 13:30,-88.0864054818914,-88.0864054818914,129.60000610351562,129.60000610351562,136.7873829345703,0.0,-47.76100920500312,-61.97536052984508,0.212540917016101,143.2899932861328,False,True,True,False,False,"NEAR: 4h+band ok, weekly shallow"
NYSE:PFE,,https://www.tradingview.com/chart/?symbol=NYSE%3APFE,False,,-40.99115065404692,-19.208578337630716,27.739999771118164,23.684999465942383,24.94641975402832,0.7586528305118616,47.4349879196046,45.84588914977531,0.20296189126714587,26.334999084472656,False,False,False,False,False,
NASDAQ:PFG,,https://www.tradingview.com/chart/?symbol=NASDAQ%3APFG,False,,25.485385043072785,25.485385043072785,116.47000122070312,85.08999633789062,93.02903799438477,0.9328180242367035,58.44090583195125,60.338480865071354,0.3121752631047203,107.76000213623047,False,False,False,False,False,
NYSE:PFGC,,https://www.tradingview.com/chart/?symbol=NYSE%3APFGC,False,,-69.03511928674325,-34.34522470403733,92.41000366210938,81.01000213623047,89.44464163208008,0.31897040311340796,-21.472221544281158,-30.945507650884608,0.3672043274570875,97.33000183105469,False,False,False,False,False,
NYSE:PG,,https://www.tradingview.com/chart/?symbol=NYSE%3APG,False,,17.882863841937624,17.882863841937624,146.10000610351562,139.1300048828125,142.34196502685546,0.5121235053730891,-17.943470751710148,-9.389517796451406,0.09327667924585129,145.91000366210938,False,False,False,False,False,
NYSE:PGR,,https://www.tradingview.com/chart/?symbol=NYSE%3APGR,False,,-43.51096057873502,-43.51096057873502,212.2100067138672,190.5500030517578,201.2903617553711,0.4759394919033858,25.20738620877091,15.269836178034195,0.22172957128787302,205.25,False,False,False,False,False,
NYSE:PH,,https://www.tradingview.com/chart/?symbol=NYSE%3APH,False,,-57.75798683228111,-3.495771270238825,958.3699951171875,822.22998046875,883.0755166015625,0.5280427373817624,8.610481970330596,0.28235073435278046,0.2706523671071174,952.5875244140625,False,False,False,False,False,
NYSE:PHG,,https://www.tradingview.com/chart/?symbol=NYSE%3APHG,False,,-47.615611305823954,-35.39454371372679,24.90999984741211,24.59000015258789,25.805400062561034,0.062135867675178875,-36.40100082424467,-44.948044173665835,0.19202086790195347,26.81999969482422,False,True,False,False,False,
NYSE:PHM,,https://www.tradingview.com/chart/?symbol=NYSE%3APHM,False,,-40.52552412059186,-35.93028634072328,118.95999908447266,109.47000122070312,116.18655920410156,0.3334504818368885,-22.14381539967205,-32.77091020251129,0.23147614608773698,122.94999694824219,False,False,False,False,False,
NYSE:PINS,,https://www.tradingview.com/chart/?symbol=NYSE%3APINS,False,,-51.08538388889664,-32.146468191096,19.350000381469727,17.540000915527344,19.438620483398438,0.2249844472220273,-8.63113850882337,-20.10182721583815,0.390060517282197,20.625,False,True,False,False,False,
NYSE:PKG,,https://www.tradingview.com/chart/?symbol=NYSE%3APKG,False,,-16.161053476473914,25.344884830031905,238.3300018310547,202.52000427246094,215.5590006713867,0.6481449311945798,19.341499366452204,15.850242672926552,0.24308146585079685,227.2899932861328,False,False,False,False,False,
NYSE:PKX,,https://www.tradingview.com/chart/?symbol=NYSE%3APKX,False,,-58.6639202416062,-58.6639202416062,58.07500076293945,48.72999954223633,58.87091893005371,0.21747735128783105,10.18625269306335,5.854703139056603,0.726703815826187,59.130001068115234,False,True,False,False,False,
NYSE:PLD,,https://www.tradingview.com/chart/?symbol=NYSE%3APLD,False,,-48.917197269384765,-33.289915743605356,135.8300018310547,127.97000122070312,133.16200122070313,0.3572727550159801,-33.24687759427507,-38.38406356949709,0.156105876274417,140.92999267578125,False,False,False,False,False,
NASDAQ:PLTR,,https://www.tradingview.com/chart/?symbol=NASDAQ%3APLTR,False,,5.351455924809282,47.66165915822122,183.0800018310547,106.87010192871094,125.62971801757813,0.9587369108063232,42.20155799922326,44.716372951620095,0.5614486343664181,141.5800018310547,False,False,False,False,False,
NYSE:PM,,https://www.tradingview.com/chart/?symbol=NYSE%3APM,False,,-20.929775622182436,-20.929775622182436,187.50999450683594,153.19000244140625,164.4035422973633,0.7222980639016192,32.997268687399135,27.07928526054416,0.2611001236684719,181.97999572753906,False,False,False,False,False,
NYSE:PNC,,https://www.tradingview.com/chart/?symbol=NYSE%3APNC,False,,-73.16536239136691,-64.14415384076592,233.25,200.39999389648438,213.72219677734375,0.5819308945946325,9.206093537918157,-5.9848483552966005,0.24216040521311083,233.11000061035156,False,False,False,False,False,
NYSE:PNFP,,https://www.tradingview.com/chart/?symbol=NYSE%3APNFP,False,,-67.17944194019309,-62.445845295695456,96.44000244140625,82.05000305175781,88.6202421875,0.5168822299758512,8.586517040601818,-5.60891360781372,0.2848372922689659,97.73999786376953,False,False,False,False,False,
NYSE:PNW,,https://www.tradingview.com/chart/?symbol=NYSE%3APNW,False,,-70.60213463805194,-70.60213463805194,93.30999755859375,93.30999755859375,97.10251748657227,0.0,-37.584862801319325,-45.3514795445393,0.15802929795467108,101.69000244140625,False,True,False,False,False,
NASDAQ:PODD,,https://www.tradingview.com/chart/?symbol=NASDAQ%3APODD,False,,-5.393326243383576,14.926288405475319,140.6300048828125,131.9600067138672,156.54176397705078,0.08323731887693776,-49.38173465099029,-49.386270281424004,0.6643280366319951,156.7899932861328,False,True,False,False,False,
TSX:POW,,https://www.tradingview.com/chart/?symbol=TSX%3APOW,False,,35.90363122824089,50.01046170533044,95.19999694824219,63.16999816894531,71.00755795288086,0.9644685234054254,46.52175278903152,47.45699997959106,0.38393062525401916,86.5,False,False,False,False,False,
NYSE:PPG,,https://www.tradingview.com/chart/?symbol=NYSE%3APPG,False,,-51.73210389365945,-42.90094380276949,104.91000366210938,96.55999755859375,103.34263885498046,0.2905359953915705,-44.7667905236169,-53.92866788690033,0.25649267925399843,112.05000305175781,False,False,False,False,False,
NYSE:PPL,,https://www.tradingview.com/chart/?symbol=NYSE%3APPL,False,,-57.61320446329327,-51.490187176776836,33.04499816894531,33.04499816894531,34.636818817138675,0.0,-63.19223776874068,-70.89925830521089,0.18764787324656051,35.94499969482422,False,True,False,True,False,
TSX:PPL,,https://www.tradingview.com/chart/?symbol=TSX%3APPL,False,,-39.726293470156776,-20.859961902000112,65.16999816894531,57.849998474121094,61.29323941040039,0.5017133450571838,2.7763609908998848,-6.159284808669322,0.21890478069411806,66.6500015258789,False,False,False,False,False,
NYSE:PR,,https://www.tradingview.com/chart/?symbol=NYSE%3APR,False,,-37.85065423400433,-37.85065423400433,21.969999313354492,17.93000030517578,19.47934043121338,0.615384414246455,60.59392133596018,53.242672362867694,0.3203220427046919,20.4950008392334,False,False,False,False,False,
NYSE:PRU,,https://www.tradingview.com/chart/?symbol=NYSE%3APRU,False,,-42.19983341202029,-25.735349039270627,118.54000091552734,92.01000213623047,99.84756192016602,0.7988557516010587,45.39633207360679,39.193868061687866,0.31028683045165617,107.02999877929688,False,False,False,False,False,
NYSE:PSA,,https://www.tradingview.com/chart/?symbol=NYSE%3APSA,False,,-26.71953393484935,-3.962035004077149,296.6499938964844,265.2099914550781,281.35475231933594,0.4595819435516285,-17.489320063301598,-25.38488962786611,0.2212340837980992,309.2200012207031,False,False,False,False,False,
NYSE:PSX,,https://www.tradingview.com/chart/?symbol=NYSE%3APSX,False,,52.514835790645066,58.945466906395666,261.760009765625,155.83999633789062,183.74227893066407,0.8958809404152279,83.00659255662275,80.3542831898852,0.6556859350887746,180.31500244140625,False,False,False,False,False,
NASDAQ:PTC,,https://www.tradingview.com/chart/?symbol=NASDAQ%3APTC,False,,-30.812479222378446,3.662394607686538,135.3300018310547,112.18499755859375,123.22153741455078,0.49492151340825524,6.674174679360817,0.7184659858259144,0.33709364110046747,138.72999572753906,False,False,False,False,False,
NYSE:PUK,,https://www.tradingview.com/chart/?symbol=NYSE%3APUK,False,,-53.86187776303699,-51.01419484231881,26.270000457763672,24.959999084472656,26.70993930053711,0.17666907775396415,-38.47491954667089,-46.87476183470558,0.25935644896651594,28.59000015258789,False,True,False,False,False,
NYSE:PWR,,https://www.tradingview.com/chart/?symbol=NYSE%3APWR,False,,-14.964757174814826,22.02676432311487,642.5599975585938,533.8499755859375,593.1520625,0.4326249972066849,-28.22661292138687,-27.193716234997392,0.38618066042501176,650.6799926757812,False,False,False,False,False,
NASDAQ:PYPL,,https://www.tradingview.com/chart/?symbol=NASDAQ%3APYPL,False,,-47.57842403220928,-47.57842403220928,52.619998931884766,40.630001068115234,45.74294038391113,0.5534271621624239,22.364487808591463,13.399709296155134,0.4656135325425741,46.529998779296875,False,False,False,False,False,
NYSE:Q,,https://www.tradingview.com/chart/?symbol=NYSE%3AQ,False,,-30.733118623171638,4.5515689058853495,121.83999633789062,107.0199966430664,123.31107815551758,0.21468924118422605,-46.520551224785216,-48.03613837263071,0.4992045633357823,138.27999877929688,False,True,False,False,False,
TSX:QBR.B,,https://www.tradingview.com/chart/?symbol=TSX%3AQBR.B,False,,17.92300053697766,17.92300053697766,63.56999969482422,53.5099983215332,57.434678573608394,0.6049308915908066,-16.759163802848175,-15.085903522023319,0.2589939465072617,64.20999908447266,False,False,False,False,False,
NASDAQ:QCOM,,https://www.tradingview.com/chart/?symbol=NASDAQ%3AQCOM,False,,37.00332054106201,37.00332054106201,194.25999450683594,123.23999786376953,154.0403583679199,0.5441728256883598,-4.775023678857583,7.334988568692954,0.7655443770940222,170.47999572753906,False,False,False,False,False,
NYSE:QSR,,https://www.tradingview.com/chart/?symbol=NYSE%3AQSR,True,2026-09-21 09:30,-66.31094046614089,-65.55227913546874,72.55999755859375,71.25,73.71265942382813,0.12553884667801388,30.168263596490632,11.92086722680936,0.13861580403563356,75.27999877929688,False,True,True,False,False,
NYSE:R,,https://www.tradingview.com/chart/?symbol=NYSE%3AR,True,2026-09-21 13:30,-64.25946414327838,-64.25946414327838,237.3300018310547,187.02999877929688,209.3673973388672,0.5314316565806575,-28.734825529895716,-37.772785934905826,0.3807014550534076,248.6199951171875,False,False,True,False,False,
NYSE:RACE,,https://www.tradingview.com/chart/?symbol=NYSE%3ARACE,False,,1.4226842113663156,12.040615287473242,416.2099914550781,314.7099914550781,343.43591174316407,0.8338810300860896,57.61657437777308,54.45728367009769,0.3389868235661277,359.07000732421875,False,False,False,False,False,
NYSE:RBA,,https://www.tradingview.com/chart/?symbol=NYSE%3ARBA,False,,-3.6592289090030934,-3.6592289090030934,83.69999694824219,80.55000305175781,89.0845651550293,0.08710447596196547,-47.75363164823787,-47.68646467001041,0.34846212341534577,103.77999877929688,False,True,False,False,False,
NYSE:RBC,,https://www.tradingview.com/chart/?symbol=NYSE%3ARBC,False,,-15.052488327790726,40.25688436360313,492.70001220703125,471.7200012207031,514.9575592041016,0.11451346523026439,-59.21038846925538,-57.73790087921178,0.3177970363487912,576.5,False,True,False,False,False,
NYSE:RBLX,,https://www.tradingview.com/chart/?symbol=NYSE%3ARBLX,False,,27.54977127686136,35.07577947059104,51.26499938964844,34.709999084472656,41.11267933654785,0.6102100867453406,-13.07072672834081,2.170461998462887,0.5690613844210721,47.67499923706055,False,False,False,False,False,
NYSE:RBRK,,https://www.tradingview.com/chart/?symbol=NYSE%3ARBRK,False,,42.78915891741565,53.81036766755699,112.94999694824219,43.80500030517578,60.12321951293946,1.0,59.65933362780293,67.33528659063971,0.9586163770412439,72.12999725341797,False,False,False,False,False,
NYSE:RCI,,https://www.tradingview.com/chart/?symbol=NYSE%3ARCI,True,2026-09-21 09:30,-66.16810417906991,-66.16810417906991,34.400001525878906,31.459999084472656,33.340919372558595,0.368883562247043,19.256838721018052,9.958504459177892,0.21974086352670913,36.27000045776367,False,False,True,False,False,
TSX:RCI.A,,https://www.tradingview.com/chart/?symbol=TSX%3ARCI.A,False,,-56.607996805021365,-56.607996805021365,49.25,46.0,48.52992028808594,0.30317160726842085,18.413345049101732,10.459176080206127,0.21052634733284328,50.91999816894531,False,False,False,False,False,
TSX:RCI.B,,https://www.tradingview.com/chart/?symbol=TSX%3ARCI.B,False,,-59.760406594125236,-59.760406594125236,48.290000915527344,44.56999969482422,46.89695983886719,0.3772820477107949,19.838535369132035,12.447796973970792,0.19735790214247634,49.959999084472656,False,False,False,False,False,
NYSE:RCL,,https://www.tradingview.com/chart/?symbol=NYSE%3ARCL,True,2026-09-21 09:30,-63.44421224893648,-60.807123704853325,250.24000549316406,245.72000122070312,265.1640374755859,0.054861089246987224,-31.08674796747607,-40.18307082164379,0.2929213472783781,281.2699890136719,False,True,True,False,False,
NYSE:RDDT,,https://www.tradingview.com/chart/?symbol=NYSE%3ARDDT,False,,-19.042489796042844,-14.494181524272799,158.7100067138672,121.5,141.2437608642578,0.4447765369955398,-25.404200570495238,-25.549375741206475,0.5289580281044969,158.16000366210938,False,False,False,False,False,
NASDAQ:REGN,,https://www.tradingview.com/chart/?symbol=NASDAQ%3AREGN,False,,-53.65235711977633,-11.123974774076672,798.1699829101562,595.0800170898438,655.7674084472657,0.7897724858745664,44.43279929249471,41.36056668247579,0.34939091309712234,735.9949951171875,False,False,False,False,False,
NYSE:RELX,,https://www.tradingview.com/chart/?symbol=NYSE%3ARELX,False,,-48.835670323123416,-48.835670323123416,33.400001525878906,30.834999084472656,32.60499908447266,0.3420003255208333,17.100913135890366,5.07491388582981,0.22039377810859165,34.029998779296875,False,False,False,False,False,
NYSE:RF,,https://www.tradingview.com/chart/?symbol=NYSE%3ARF,False,,-79.69269474883855,-72.02119567831375,28.545000076293945,24.9950008392334,26.74730020904541,0.47811454730829983,8.607400319790194,-8.893777179554025,0.259297966487282,28.635000228881836,False,False,False,False,False,
NYSE:RGA,,https://www.tradingview.com/chart/?symbol=NYSE%3ARGA,False,,-41.70749459517922,-41.70749459517922,244.94000244140625,195.19000244140625,209.6438212890625,0.8123112738405363,61.96791404851076,56.13609898978681,0.2876567284944676,212.91000366210938,False,False,False,False,False,
NASDAQ:RGLD,,https://www.tradingview.com/chart/?symbol=NASDAQ%3ARGLD,False,,-50.63861848213572,-30.804116373420058,250.17999267578125,187.36000061035156,207.56870697021483,0.7336203447879533,32.46806871103744,31.609151657909926,0.37135224014167334,230.58999633789062,False,False,False,False,False,
NYSE:RIO,,https://www.tradingview.com/chart/?symbol=NYSE%3ARIO,False,,-59.21281730770309,-42.25246100161248,97.02999877929688,83.1449966430664,90.01377743530273,0.4770658146281467,23.97386241608253,15.241422516447715,0.29419795074448096,98.93000030517578,False,False,False,False,False,
NASDAQ:RIVN,,https://www.tradingview.com/chart/?symbol=NASDAQ%3ARIVN,False,,-50.11627248511876,-48.169504705988594,15.354999542236328,12.875,14.583639945983887,0.3425413840659985,-21.102899696681018,-31.37951985202977,0.4557758682278468,15.885000228881836,False,False,False,False,False,
NYSE:RJF,,https://www.tradingview.com/chart/?symbol=NYSE%3ARJF,False,,-78.82587028612632,-62.553525870390956,165.17999267578125,140.86000061035156,150.3766998901367,0.6030996628876328,37.037730097433176,21.49882975306665,0.25814605476655694,156.2100067138672,False,False,False,False,False,
NASDAQ:RKLB,,https://www.tradingview.com/chart/?symbol=NASDAQ%3ARKLB,False,,-8.515311453325674,38.05358529682217,69.91999816894531,56.70500183105469,78.776900390625,0.14129908794773394,-42.31165913765367,-39.88430640108597,1.1901882376836934,78.58000183105469,False,True,False,False,False,
NYSE:RKT,,https://www.tradingview.com/chart/?symbol=NYSE%3ARKT,True,2026-09-21 13:30,-73.52959532156238,-73.0466459812673,12.359999656677246,12.295000076293945,13.431340202331542,0.013499392144101263,-44.84708976660037,-56.88856415536144,0.34052336754937745,14.140000343322754,False,True,True,False,False,"NEAR: 4h+band ok, weekly shallow"
NYSE:RL,,https://www.tradingview.com/chart/?symbol=NYSE%3ARL,False,,-39.100594302571835,-33.3988147291554,339.79998779296875,320.9200134277344,343.5193685302734,0.19715934060856066,-42.28405314993919,-47.6285830595068,0.25801577698043565,371.1400146484375,False,True,False,False,False,
NASDAQ:RMBS,,https://www.tradingview.com/chart/?symbol=NASDAQ%3ARMBS,False,,-34.979354113462435,36.385980053750096,96.95999908447266,79.7300033569336,101.1682442932129,0.189674097039276,-43.67575627408962,-38.55113970482752,0.8667939057446573,104.80000305175781,False,True,False,False,False,
NYSE:RMD,,https://www.tradingview.com/chart/?symbol=NYSE%3ARMD,False,,3.160970411801204,3.160970411801204,223.75,182.8300018310547,196.5132808227539,0.705760627531563,35.608258408276015,34.52269348118083,0.26634202341536123,217.69000244140625,False,False,False,False,False,
NASDAQ:ROIV,,https://www.tradingview.com/chart/?symbol=NASDAQ%3AROIV,False,,-10.556982912808392,-10.556982912808392,38.98500061035156,26.09000015258789,29.85183982849121,0.8089712401955212,70.13981511612728,70.22122979448417,0.5104066237705602,31.229999542236328,False,False,False,False,False,
NYSE:ROK,,https://www.tradingview.com/chart/?symbol=NYSE%3AROK,False,,-58.040987171304266,-37.13269921872544,424.8800048828125,348.3500061035156,382.97592639160155,0.5216057670567822,-33.93775100887276,-38.858327097265516,0.3331365440884476,440.4200134277344,False,False,False,False,False,
NASDAQ:ROKU,,https://www.tradingview.com/chart/?symbol=NASDAQ%3AROKU,False,,-34.18243336548514,-34.18243336548514,154.3300018310547,86.77999877929688,103.99856036376953,0.9258497373317659,53.360557087267374,48.924085788606575,0.5395651978643563,135.22000122070312,False,False,False,False,False,
NYSE:ROL,,https://www.tradingview.com/chart/?symbol=NYSE%3AROL,True,2026-09-21 13:30,-75.65245484925805,-75.53747459194935,32.349998474121094,32.349998474121094,38.16621858215332,0.0,-66.05078578227442,-66.60322227512869,0.5434998300653154,45.345001220703125,False,True,True,True,True,FULL PASS
NASDAQ:ROP,,https://www.tradingview.com/chart/?symbol=NASDAQ%3AROP,False,,-62.62995882310054,-61.56204157499317,365.44500732421875,312.9200134277344,339.658810546875,0.46359222908710684,39.311188425575715,23.597695272281356,0.31885850357278034,355.3299865722656,False,False,False,False,False,
NASDAQ:ROST,,https://www.tradingview.com/chart/?symbol=NASDAQ%3AROST,False,,-29.12887030814058,7.391689430623386,231.22999572753906,206.3000030517578,217.87580377197264,0.50825669979011,2.041089606472049,-3.0846050838875447,0.21567077620093109,227.42999267578125,False,False,False,False,False,
NYSE:RPM,,https://www.tradingview.com/chart/?symbol=NYSE%3ARPM,False,,-51.95466940046538,-50.19307071474875,99.05000305175781,93.25,98.93996014404297,0.24056420178055066,-19.377996098747825,-29.84143818894126,0.2296956266519513,104.96499633789062,False,False,False,False,False,
NASDAQ:RPRX,,https://www.tradingview.com/chart/?symbol=NASDAQ%3ARPRX,False,,-38.564266096781836,-36.27711406969289,58.43000030517578,45.33000183105469,49.73376179504395,0.7020363655543056,47.89632677269841,36.679465639908116,0.3390877750561079,55.029998779296875,False,False,False,False,False,
NYSE:RRX,,https://www.tradingview.com/chart/?symbol=NYSE%3ARRX,True,2026-09-21 09:30,-61.57845333011801,-54.60227143713271,150.75,146.75,168.35107971191405,0.043701519210603966,-60.795608172557955,-62.211297043683544,0.4480395603670027,204.2899932861328,False,True,True,True,True,FULL PASS
NYSE:RS,,https://www.tradingview.com/chart/?symbol=NYSE%3ARS,False,,-11.706915902261798,-11.706915902261798,384.7900085449219,290.5,323.05384057617186,0.6835581185738641,15.723870471801042,5.410496372740038,0.360203676836111,382.95001220703125,False,False,False,False,False,
NYSE:RSG,,https://www.tradingview.com/chart/?symbol=NYSE%3ARSG,False,,-52.731589744075755,-52.731589744075755,213.99000549316406,196.94000244140625,203.7580422973633,0.5901697269632685,40.19675364715801,27.78742549942567,0.1343783369063035,214.99000549316406,False,False,False,False,False,
NYSE:RTO,,https://www.tradingview.com/chart/?symbol=NYSE%3ARTO,True,2026-09-21 13:30,-68.502465348309,-68.502465348309,21.354999542236328,21.34000015258789,24.45283982849121,0.001137179015171738,-69.495522487526,-69.95838928351331,0.4388620360265819,30.05500030517578,False,True,True,True,True,FULL PASS
NYSE:RTX,,https://www.tradingview.com/chart/?symbol=NYSE%3ARTX,True,2026-09-21 09:30,-60.7937032306156,-54.41122075665982,194.36000061035156,171.19000244140625,184.01188287353514,0.4264678333896445,14.436902612357507,1.9002433486861552,0.27850113451457803,195.0800018310547,False,False,True,False,False,
NASDAQ:RVMD,,https://www.tradingview.com/chart/?symbol=NASDAQ%3ARVMD,True,2026-09-21 09:30,-83.92340634247063,-81.24845753197776,192.63999938964844,91.77999877929688,122.34435748291015,0.7787815990141815,47.8792110722655,36.71934679460473,0.8094374656677246,160.0,False,False,True,False,False,
NYSE:RVTY,,https://www.tradingview.com/chart/?symbol=NYSE%3ARVTY,False,,50.574893963759656,50.574893963759656,143.6300048828125,82.27999877929688,97.92207849121094,0.9256186969435918,76.87170997626315,81.676813273897,0.6493582735129352,102.06999969482422,False,False,False,False,False,
TSX:RY,,https://www.tradingview.com/chart/?symbol=TSX%3ARY,False,,-36.822813924270335,-9.14787191977536,289.44000244140625,218.22000122070312,238.92900122070313,0.8116239455350783,19.152437566212928,16.07011688321554,0.3122997956045696,280.9800109863281,False,False,False,False,False,
NYSE:RY,,https://www.tradingview.com/chart/?symbol=NYSE%3ARY,False,,-51.886375155440724,-33.68054099083117,206.22500610351562,157.83999633789062,172.00117749023437,0.8063495680088534,24.015388883958423,16.77887101598882,0.2988297010500828,200.8000030517578,False,False,False,False,False,
NASDAQ:RYAAY,,https://www.tradingview.com/chart/?symbol=NASDAQ%3ARYAAY,False,,-55.24685879687238,2.5524729845753753,54.29999923706055,51.959999084472656,55.54247915649414,0.15415020458135584,-48.62551404340465,-50.52926676008259,0.2581193666162689,58.810001373291016,False,True,False,False,False,
NASDAQ:SAIA,,https://www.tradingview.com/chart/?symbol=NASDAQ%3ASAIA,False,,-40.6764577268379,-39.074380545435545,348.3500061035156,312.57000732421875,353.7685290527344,0.204960745134442,-52.992927916301475,-52.87099468510433,0.4198009062658128,415.8399963378906,False,True,False,False,False,
NYSE:SAN,,https://www.tradingview.com/chart/?symbol=NYSE%3ASAN,False,,-31.974291395462256,-30.930096005575063,14.609999656677246,10.539999961853027,11.601999961853027,0.9044443766276041,56.71930485098357,51.04188491231095,0.3402646404687592,13.225000381469727,False,False,False,False,False,
NASDAQ:SANM,,https://www.tradingview.com/chart/?symbol=NASDAQ%3ASANM,False,,-10.455743645221638,6.500372151626231,209.7100067138672,122.8949966430664,161.0408571472168,0.5371052613816324,-17.148809340597328,-14.43562575389082,0.7866790208411899,205.46499633789062,False,False,False,False,False,
NYSE:SAP,,https://www.tradingview.com/chart/?symbol=NYSE%3ASAP,False,,-24.81287669891888,-24.81287669891888,209.22999572753906,146.02999877929688,163.9612777709961,0.8317978481451171,41.148803181699726,40.00736201580323,0.43494186653883604,174.69000244140625,False,False,False,False,False,
TSX:SAP,,https://www.tradingview.com/chart/?symbol=TSX%3ASAP,False,,-22.604609175706127,0.01255325593890159,39.86000061035156,37.83000183105469,39.53392121887207,0.2811633668466761,-34.58443106912759,-37.246970370852935,0.17507267488244876,41.2400016784668,False,False,False,False,False,
NASDAQ:SATA,,https://www.tradingview.com/chart/?symbol=NASDAQ%3ASATA,False,,0.6510498983929734,28.132858636176653,100.0,83.94000244140625,87.73488107299805,0.9987564272215756,56.22883449137522,55.78691744060944,0.16226061186635768,99.09980010986328,False,False,False,False,False,
NASDAQ:SBAC,,https://www.tradingview.com/chart/?symbol=NASDAQ%3ASBAC,False,,-65.33044424194082,-65.33044424194082,176.4550018310547,165.1999969482422,179.01543896484375,0.19226175674668278,-22.763495019675318,-32.51067004244791,0.31249670620148035,187.3300018310547,False,True,False,False,False,
NYSE:SBS,,https://www.tradingview.com/chart/?symbol=NYSE%3ASBS,False,,27.437627891205953,63.18509839560321,5.445000171661377,4.449999809265137,5.074219804763794,0.37618161420466356,-31.953654147595746,-20.09214782732343,0.46607927612844874,5.675000190734863,False,False,False,False,False,
NASDAQ:SBUX,,https://www.tradingview.com/chart/?symbol=NASDAQ%3ASBUX,False,,-63.125290249535475,-62.629993938224175,94.88999938964844,86.51000213623047,92.0324024963379,0.358119517391921,2.270172567721699,-17.64379787863699,0.22698615149022233,103.08999633789062,False,False,False,False,False,
NYSE:SCCO,,https://www.tradingview.com/chart/?symbol=NYSE%3ASCCO,False,,-39.82192541146916,2.077282485859319,198.1999969482422,149.37091064453125,165.9732960205078,0.6940969087701322,46.43765345277341,40.00467378904825,0.3876500805712847,181.4757537841797,False,False,False,False,False,
NYSE:SCHW,,https://www.tradingview.com/chart/?symbol=NYSE%3ASCHW,False,,-59.392866825852046,-40.65600034411097,106.87999725341797,84.54499816894531,91.41377896118163,0.767393798604454,48.04199940041304,40.92014931970525,0.3074526284841526,94.66500091552734,False,False,False,False,False,
NYSE:SCI,,https://www.tradingview.com/chart/?symbol=NYSE%3ASCI,False,,-71.08880762686842,-71.08880762686842,77.56999969482422,68.7699966430664,73.35547671508789,0.4529080243716548,11.145976141267019,-3.656195565459166,0.2443717744075129,79.51000213623047,False,False,False,False,False,
NYSE:SE,,https://www.tradingview.com/chart/?symbol=NYSE%3ASE,False,,-72.00857798038793,-62.708635168383886,102.6500015258789,77.44000244140625,90.20760028076171,0.4659889713628301,30.051912537357648,15.125395623601182,0.5882991668478744,91.95999908447266,False,False,False,False,False,
NYSE:SF,,https://www.tradingview.com/chart/?symbol=NYSE%3ASF,False,,-80.39328738387111,-62.077974032220276,75.7300033569336,67.99500274658203,72.16866217041016,0.4373764024973167,18.09750542215848,3.116522971114076,0.2316609694388467,76.33999633789062,False,False,False,False,False,
NYSE:SGI,,https://www.tradingview.com/chart/?symbol=NYSE%3ASGI,False,,-55.73695025574748,-55.73695025574748,63.35499954223633,61.5,67.16871920776367,0.07722730230987733,-43.04861311070968,-47.971947616523906,0.337193745171049,71.23500061035156,False,True,False,False,False,
NYSE:SHEL,,https://www.tradingview.com/chart/?symbol=NYSE%3ASHEL,False,,-21.34078568360974,-21.34078568360974,93.2699966430664,76.54000091552734,81.8275806274414,0.7467081740258007,51.356978941532354,50.45854419822577,0.2520389181098463,88.8949966430664,False,False,False,False,False,
NYSE:SHG,,https://www.tradingview.com/chart/?symbol=NYSE%3ASHG,False,,-28.154693054728614,-24.99673087288389,82.27999877929688,58.77000045776367,64.83520063781738,0.9147858997512431,74.94286275609691,72.48105168597144,0.3784420464886362,67.91000366210938,False,False,False,False,False,
TSX:SHOP,,https://www.tradingview.com/chart/?symbol=TSX%3ASHOP,False,,-38.48352860689412,-24.859076726373036,193.47999572753906,130.69000244140625,151.99136114501954,0.6956569588687195,36.585111604780806,28.22959146764045,0.532821710501308,169.39999389648438,False,False,False,False,False,
NASDAQ:SHOP,,https://www.tradingview.com/chart/?symbol=NASDAQ%3ASHOP,False,,-45.560311060812836,-33.20056696660826,137.89999389648438,95.4000015258789,110.31756130981445,0.6723618570822834,36.83728802503693,27.53879284947416,0.5183696721249934,121.94000244140625,False,False,False,False,False,
NYSE:SHW,,https://www.tradingview.com/chart/?symbol=NYSE%3ASHW,False,,-39.4626214500905,-33.224668373708084,321.42999267578125,291.7200012207031,310.1185592041016,0.3810928003012613,-2.1375612154252703,-11.934028875966373,0.24039467896880506,324.29998779296875,False,False,False,False,False,
NASDAQ:SITM,,https://www.tradingview.com/chart/?symbol=NASDAQ%3ASITM,False,,-20.6740031687084,27.871314201746703,638.5,311.94000244140625,451.07143725585934,0.5539234144074406,-6.133743566281628,-3.3531682415709305,0.9846179173734343,598.75,False,False,False,False,False,
NYSE:SJM,,https://www.tradingview.com/chart/?symbol=NYSE%3ASJM,False,,-25.564880800128993,-16.26154838067924,119.8499984741211,89.04000091552734,99.67062228393554,0.6839825417389395,54.66117457733068,45.54303642536265,0.4056281365192347,111.05000305175781,False,False,False,False,False,
NYSE:SKM,,https://www.tradingview.com/chart/?symbol=NYSE%3ASKM,False,,-64.02617142769849,-47.43041222855417,35.720001220703125,28.065000534057617,32.3708207321167,0.41956702299429155,23.067617493220382,13.432435820626651,0.5026171135729979,36.29999923706055,False,False,False,False,False,
NYSE:SLB,,https://www.tradingview.com/chart/?symbol=NYSE%3ASLB,True,2026-09-21 09:30,-70.24553370410608,-67.1241935072939,51.76499938964844,44.540000915527344,48.21924095153808,0.46343799893560406,35.43375721412749,23.268714380061276,0.29605013668366037,52.65999984741211,False,False,True,False,False,
NYSE:SLF,,https://www.tradingview.com/chart/?symbol=NYSE%3ASLF,False,,46.69807977198648,57.363856169379694,81.44999694824219,61.3849983215332,66.782318069458,0.8773502214175829,39.596971671272165,43.24541915855269,0.295898546525832,77.29000091552734,False,False,False,False,False,
NASDAQ:SMCI,,https://www.tradingview.com/chart/?symbol=NASDAQ%3ASMCI,False,,-29.942841504715684,23.09739884939908,41.185001373291016,20.559999465942383,27.547959159851075,0.6965553127584881,41.50816348191402,45.09371789090256,0.9622789948049023,30.770700454711914,False,False,False,False,False,
NYSE:SMFG,,https://www.tradingview.com/chart/?symbol=NYSE%3ASMFG,False,,-33.206193706928104,-30.24395918411588,26.655000686645508,19.030000686645508,21.052520614624022,0.8897316536201345,58.33341746494884,55.38545517666469,0.3613746421961975,23.71500015258789,False,False,False,False,False,
NASDAQ:SMMT,,https://www.tradingview.com/chart/?symbol=NASDAQ%3ASMMT,False,,5.424962123392459,5.424962123392459,16.920000076293945,12.354999542236328,15.667259506225585,0.32525832445230485,13.806724884830125,23.095158919138797,0.8945188159826094,15.6899995803833,False,False,False,False,False,
NASDAQ:SMTC,,https://www.tradingview.com/chart/?symbol=NASDAQ%3ASMTC,False,,32.67142050183969,56.58967595744529,177.3699951171875,70.01499938964844,97.16561895751953,0.9331565686140186,46.9458273986755,59.258285948560314,0.8693138986887403,132.33999633789062,False,False,False,False,False,
NYSE:SN,,https://www.tradingview.com/chart/?symbol=NYSE%3ASN,False,,-21.89696840670284,-21.68685583558805,167.44000244140625,97.61499786376953,120.13057937622071,0.731879879327545,47.81805056852693,38.470513512006605,0.7035767117581118,135.60000610351562,False,False,False,False,False,
NYSE:SNA,,https://www.tradingview.com/chart/?symbol=NYSE%3ASNA,False,,-67.33627774977144,-67.33627774977144,369.80999755859375,356.67999267578125,371.4630361328125,0.20961050147423643,-12.90357989492675,-24.393077931734055,0.16406499908639097,381.79998779296875,False,True,False,False,False,
NASDAQ:SNDK,,https://www.tradingview.com/chart/?symbol=NASDAQ%3ASNDK,False,,-32.03376351946253,29.929157810088924,1766.0799560546875,571.25,987.495,0.6774372536100284,24.57197664851206,31.095141473212415,1.1873346717100954,1485.469970703125,False,False,False,False,False,
NYSE:SNN,,https://www.tradingview.com/chart/?symbol=NYSE%3ASNN,False,,-45.93313266398932,-45.2830009475459,27.670000076293945,27.399999618530273,29.073240104675293,0.03808185886000845,-61.86717003034772,-65.46480329383323,0.2333005002412586,30.389999389648438,False,True,False,True,False,
NYSE:SNOW,,https://www.tradingview.com/chart/?symbol=NYSE%3ASNOW,False,,-19.547744379139004,14.451031680745317,339.25,120.02999877929688,178.80697705078126,0.880207213938822,57.920730876767635,55.07184375801292,1.033508992826824,240.97999572753906,False,False,False,False,False,
NASDAQ:SNPS,,https://www.tradingview.com/chart/?symbol=NASDAQ%3ASNPS,False,,-60.77953153237424,-4.68653464081775,401.864990234375,364.4798889160156,404.56922937011717,0.2200805453817372,-41.14040143849604,-42.4473831688643,0.3947713025538171,430.29998779296875,False,True,False,False,False,
NYSE:SNX,,https://www.tradingview.com/chart/?symbol=NYSE%3ASNX,False,,36.19204357304438,64.0082966722773,279.69000244140625,152.72999572753906,186.18181817626953,0.8956929515692131,43.48750048446092,53.83091014866494,0.5698291874411118,248.75,False,False,False,False,False,
NASDAQ:SNY,,https://www.tradingview.com/chart/?symbol=NASDAQ%3ASNY,False,,-42.55471561928234,-37.80619973832247,42.470001220703125,41.334999084472656,42.97165940856934,0.16366285673738112,-0.4394994103166579,-13.701505769422527,0.15766741564302517,43.98500061035156,False,True,False,False,False,
NYSE:SO,,https://www.tradingview.com/chart/?symbol=NYSE%3ASO,True,2026-09-21 09:30,-69.25066346398528,-64.37749809269876,85.44999694824219,85.44999694824219,88.6737578125,0.0,-53.97321726765542,-59.0557868656097,0.1454739450493477,93.9000015258789,False,True,True,False,False,"NEAR: 4h+band ok, weekly shallow"
NASDAQ:SOFI,,https://www.tradingview.com/chart/?symbol=NASDAQ%3ASOFI,False,,-57.171600079860035,-43.21515184695334,16.969999313354492,15.0649995803833,16.122303104400636,0.4252136938624547,-0.7123061401696843,-10.967844324241497,0.25866774897209616,17.319900512695312,False,False,False,False,False,
NYSE:SOLV,,https://www.tradingview.com/chart/?symbol=NYSE%3ASOLV,False,,-26.1107624249497,-20.449624311989457,88.86000061035156,62.47999954223633,69.67800044250488,0.864917959630002,63.117689311745686,58.19334958182592,0.39749775160072603,76.7300033569336,False,False,False,False,False,
NYSE:SONY,,https://www.tradingview.com/chart/?symbol=NYSE%3ASONY,False,,-42.379655966045824,-42.379655966045824,23.579999923706055,19.329999923706055,20.659859977722167,0.7542146987353957,47.78505073561886,42.07003319856539,0.2632562507880455,21.405000686645508,False,False,False,False,False,
NYSE:SPG,,https://www.tradingview.com/chart/?symbol=NYSE%3ASPG,False,,-55.74876522454571,-22.04448781911403,205.02000427246094,178.25999450683594,192.24063580322266,0.4517219325496677,-13.232591975934582,-22.033473898294872,0.2860868469493476,207.07000732421875,False,False,False,False,False,
NYSE:SPGI,,https://www.tradingview.com/chart/?symbol=NYSE%3ASPGI,False,,-55.63595082886082,-51.3733948642637,404.4700012207031,374.0113525390625,393.69107189941406,0.3652613615694759,13.774025413318531,-0.7178189231320165,0.20429879367457662,408.1700134277344,False,False,False,False,False,
NYSE:SPOT,,https://www.tradingview.com/chart/?symbol=NYSE%3ASPOT,False,,-35.998980428989995,-35.998980428989995,517.0900268554688,417.94000244140625,452.43375610351563,0.6783664657355769,51.73108323065577,43.22840135595066,0.2982430488708428,490.07000732421875,False,False,False,False,False,
NYSE:SPXC,,https://www.tradingview.com/chart/?symbol=NYSE%3ASPXC,False,,-68.9985599696189,-44.09421821421429,181.1300048828125,178.30999755859375,194.3839577026367,0.04140371896854978,-60.36992510902366,-65.44641359461221,0.31867310144514077,213.72999572753906,False,True,False,True,False,"WATCH: weekly+band ok, waiting on 4h dot"
NYSE:SQM,,https://www.tradingview.com/chart/?symbol=NYSE%3ASQM,False,,-55.81224460890446,-40.998440499521756,69.54000091552734,66.41000366210938,73.23158337402344,0.10828567326077247,-13.285822144407229,-21.440427223196103,0.3713386451590392,77.83999633789062,False,True,False,False,False,
NYSE:SRE,,https://www.tradingview.com/chart/?symbol=NYSE%3ASRE,True,2026-09-21 13:30,-57.47759902034441,-56.53812880268737,81.19999694824219,81.19999694824219,85.70995709228515,0.0,-60.05877560259441,-62.44251897231986,0.20792079043545736,91.91000366210938,False,True,False,True,False,
NYSE:STLA,,https://www.tradingview.com/chart/?symbol=NYSE%3ASTLA,True,2026-09-21 13:30,-67.8342535680672,-67.8342535680672,4.809999942779541,4.809999942779541,5.728039911270142,0.0,-54.09331576309995,-57.98067994030296,0.6045065891337592,6.434999942779541,False,True,True,False,False,"NEAR: 4h+band ok, weekly shallow"
NASDAQ:STLD,,https://www.tradingview.com/chart/?symbol=NASDAQ%3ASTLD,False,,-17.147379690546003,-17.147379690546003,230.07000732421875,164.0,192.2846014404297,0.551272456900448,-1.7179377976233194,-11.03850965413089,0.5109349122279769,234.57000732421875,False,False,False,False,False,
NYSE:STM,,https://www.tradingview.com/chart/?symbol=NYSE%3ASTM,False,,-42.01558281018145,6.185304156663636,51.6349983215332,30.864999771118164,42.498595481872556,0.4213417570774506,-29.073046494578268,-29.75490037088273,0.9213999454106125,53.5,False,False,False,False,False,
NASDAQ:STRC,,https://www.tradingview.com/chart/?symbol=NASDAQ%3ASTRC,False,,2.3871563370861213,35.87932980680683,98.73999786376953,74.68000030517578,80.65788073730468,0.9498616588766328,42.13132251059685,45.1982176152699,0.2589185460182017,97.83000183105469,False,False,False,False,False,
NASDAQ:STRD,,https://www.tradingview.com/chart/?symbol=NASDAQ%3ASTRD,False,,-44.588408836372025,-11.030391715264246,74.37000274658203,50.71500015258789,57.38789961242676,0.8366049339993236,35.99555766536705,40.983530374006264,0.38895381841778565,72.69499969482422,False,False,False,False,False,
NASDAQ:STRF,,https://www.tradingview.com/chart/?symbol=NASDAQ%3ASTRF,False,,-10.07761199295752,16.58834910416213,103.48999786376953,84.05000305175781,88.92337820434571,0.9414089069663563,63.67362426211789,66.66575368912953,0.21164184461354343,97.56999969482422,False,False,False,False,False,
NASDAQ:STRK,,https://www.tradingview.com/chart/?symbol=NASDAQ%3ASTRK,False,,-65.67169681874906,-17.383827564719358,76.20999908447266,51.5099983215332,58.17463871765137,0.8746458673822736,38.03148822949407,43.35709476617157,0.3935888735674815,71.75,False,False,False,False,False,
NASDAQ:STRL,,https://www.tradingview.com/chart/?symbol=NASDAQ%3ASTRL,False,,-8.466377472175628,42.12104137035486,512.22998046875,380.7850036621094,527.2855399169922,0.21174676434219036,-38.72088651830274,-37.01054684685702,1.138318573205418,545.3350219726562,False,True,False,False,False,
NYSE:STT,,https://www.tradingview.com/chart/?symbol=NYSE%3ASTT,True,2026-09-21 09:30,-64.50525927964394,-56.074080687387344,184.92999267578125,120.11000061035156,137.76162017822264,0.8666353854172936,49.56869535143327,39.55037847707367,0.444388326622766,168.30999755859375,False,False,True,False,False,
NASDAQ:STX,,https://www.tradingview.com/chart/?symbol=NASDAQ%3ASTX,False,,-43.90097498858239,17.251714139339995,872.8699951171875,353.19000244140625,528.0423937988281,0.7014172200869848,9.90483309854046,13.490433118730538,0.9067877090944894,817.0599975585938,False,False,False,False,False,
NYSE:STZ,,https://www.tradingview.com/chart/?symbol=NYSE%3ASTZ,False,,-74.54216132845892,-74.54216132845892,118.36000061035156,118.36000061035156,129.68564190673828,0.0,-67.4552012692652,-73.84886681902806,0.34187003022734863,140.375,False,True,False,True,False,"WATCH: weekly+band ok, waiting on 4h dot"
TSX:SU,,https://www.tradingview.com/chart/?symbol=TSX%3ASU,False,,11.865661930142783,11.865661930142783,94.44999694824219,76.0999984741211,81.73803833007813,0.7681037648779584,50.81614643614618,51.9358284309955,0.2680655145128424,89.12000274658203,False,False,False,False,False,
NYSE:SU,,https://www.tradingview.com/chart/?symbol=NYSE%3ASU,False,,-7.1284435827169155,-7.1284435827169155,67.26499938964844,53.415000915527344,57.77038134765625,0.7504739691120138,47.4809112277733,47.203372339727196,0.2861684360734443,64.48999786376953,False,False,False,False,False,
NYSE:SUI,,https://www.tradingview.com/chart/?symbol=NYSE%3ASUI,False,,-56.377601736027856,-56.377601736027856,113.7300033569336,113.68000030517578,118.97820138549804,0.0022273069738089225,-53.09553935584268,-63.257968351447374,0.18244619277411722,123.05000305175781,False,True,False,False,False,
NYSE:SW,,https://www.tradingview.com/chart/?symbol=NYSE%3ASW,False,,7.663923074589185,31.998997561468954,45.41999816894531,35.630001068115234,39.36352099609375,0.6188367439749725,21.481634618698276,15.823432534617197,0.36885054604692763,42.88999938964844,False,False,False,False,False,
NYSE:SWK,,https://www.tradingview.com/chart/?symbol=NYSE%3ASWK,False,,-47.973187345229654,-33.35103311236232,88.6500015258789,66.95999908447266,75.74863858032226,0.5824383374228994,29.66870022983851,16.53447576681865,0.4394359154737476,84.74500274658203,False,False,False,False,False,
NYSE:SYF,,https://www.tradingview.com/chart/?symbol=NYSE%3ASYF,False,,-51.833800603380915,-42.60043584408621,75.0,63.77000045776367,67.89174049377442,0.6430002544587619,27.42570060023876,14.815711985608914,0.23295984884904727,74.97000122070312,False,False,False,False,False,
NYSE:SYK,,https://www.tradingview.com/chart/?symbol=NYSE%3ASYK,False,,-39.23766592615105,-39.23766592615105,274.1000061035156,270.010009765625,289.4540460205078,0.04964191195126965,-32.868710706966176,-44.42559334785767,0.2531765759280748,325.42498779296875,False,True,False,False,False,
NASDAQ:SYM,,https://www.tradingview.com/chart/?symbol=NASDAQ%3ASYM,False,,24.855941401759328,24.855941401759328,43.939998626708984,38.224998474121094,44.591098114013676,0.2118628536001835,-24.514062242966606,-14.39012326659342,0.6125113059343834,44.040000915527344,False,True,False,False,False,
NYSE:SYY,,https://www.tradingview.com/chart/?symbol=NYSE%3ASYY,False,,-37.26787040026349,-37.26787040026349,78.43000030517578,69.29499816894531,73.14061773681641,0.5606016055675156,8.478965360776463,-8.31594686622702,0.2023594891048648,80.5250015258789,False,False,False,False,False,
TSX:T,,https://www.tradingview.com/chart/?symbol=TSX%3AT,True,2026-09-21 13:30,-70.14490623203044,-66.9911634432944,12.199999809265137,12.199999809265137,13.669099674224853,0.0,-71.70375844070189,-71.86170544774573,0.3786495879303354,16.440000534057617,False,True,True,True,True,FULL PASS
NYSE:T,,https://www.tradingview.com/chart/?symbol=NYSE%3AT,False,,-21.853429961709242,-21.853429961709242,25.475000381469727,20.139999389648438,22.26635944366455,0.5921199618530283,34.25217537268342,34.74377825324308,0.3586069742838542,25.125,False,False,False,False,False,
NASDAQ:TCOM,,https://www.tradingview.com/chart/?symbol=NASDAQ%3ATCOM,False,,-14.457012212190177,21.78330376672163,40.630001068115234,38.70000076293945,42.59164025878906,0.11704066435425194,-51.57927856548125,-54.36274720720009,0.3509630232959179,46.98500061035156,False,True,False,False,False,
NYSE:TD,,https://www.tradingview.com/chart/?symbol=NYSE%3ATD,False,,25.53688636491152,58.14908801303809,124.06999969482422,91.37000274658203,99.2830824584961,0.9752459928042952,41.04126512779953,46.154172825848235,0.286250891431246,117.13500213623047,False,False,False,False,False,
NYSE:TDG,,https://www.tradingview.com/chart/?symbol=NYSE%3ATDG,False,,-75.747363122333,-49.20311699212866,1109.25,1076.1400146484375,1140.3036958007813,0.12178161231766117,-54.636236274865844,-60.401357837761616,0.2235910519448108,1215.969970703125,False,True,False,False,False,
NYSE:TDY,,https://www.tradingview.com/chart/?symbol=NYSE%3ATDY,False,,-22.64876095958292,20.79747620846094,609.2100219726562,582.2000122070312,608.8962878417968,0.23877346757636828,-15.75399583713226,-22.231650685842425,0.17929910862941686,630.9000244140625,False,False,False,False,False,
NASDAQ:TEAM,,https://www.tradingview.com/chart/?symbol=NASDAQ%3ATEAM,False,,30.059491453317634,47.49957411372787,195.72000122070312,56.95000076293945,89.88380058288574,0.9944106142346024,77.14161342828065,74.92089257403079,1.571685975877228,88.79000091552734,False,False,False,False,False,
NASDAQ:TECH,,https://www.tradingview.com/chart/?symbol=NASDAQ%3ATECH,False,,5.765403290256299,47.85873944795862,72.44000244140625,43.310001373291016,50.197661697387694,0.9981154599079062,40.36962684180033,38.30082962692011,0.4976129686955479,58.650001525878906,False,False,False,False,False,
NYSE:TECK,,https://www.tradingview.com/chart/?symbol=NYSE%3ATECK,False,,-41.32353588232828,-13.629144529947789,66.75,45.34000015258789,51.62468040466309,0.8039804351734269,43.799269242686044,39.55022088301112,0.4403472797028832,60.474998474121094,False,False,False,False,False,
NYSE:TEL,,https://www.tradingview.com/chart/?symbol=NYSE%3ATEL,False,,-17.640306700383416,22.10449588823019,210.02000427246094,191.13999938964844,204.6132385253906,0.33070600970212083,0.15648183103442234,4.085531863715364,0.27684024827829923,206.22000122070312,False,False,False,False,False,
NASDAQ:TER,,https://www.tradingview.com/chart/?symbol=NASDAQ%3ATER,False,,-21.476218997875634,26.377116724503548,381.29998779296875,274.7200012207031,323.9307186279297,0.5111259936105098,0.3933636442168007,2.074577467673863,0.5711155470395833,365.1099853515625,False,False,False,False,False,
NYSE:TEVA,,https://www.tradingview.com/chart/?symbol=NYSE%3ATEVA,False,,56.77601041541363,59.44646634057227,40.09000015258789,28.34000015258789,31.20504000854492,0.9678748427301419,52.5959849529095,59.990355192563314,0.3555945989070345,34.13999938964844,False,False,False,False,False,
NYSE:TFC,,https://www.tradingview.com/chart/?symbol=NYSE%3ATFC,False,,-65.57501443650274,-57.46314658186824,49.005001068115234,43.525001525878906,45.961700805664066,0.5307507178652763,3.8253218898329675,-12.625216142501861,0.2057797131089118,50.17499923706055,False,False,False,False,False,
NYSE:TFII,,https://www.tradingview.com/chart/?symbol=NYSE%3ATFII,True,2026-09-21 13:30,-61.253097614607185,-61.12274964222152,125.49500274658203,98.62000274658203,113.87268209838867,0.415828580258507,-40.99005226604269,-49.801491687341446,0.46313146427841567,139.5500030517578,False,False,True,False,False,
NYSE:TGT,,https://www.tradingview.com/chart/?symbol=NYSE%3ATGT,False,,-51.849152631318496,-5.623510535456206,157.7100067138672,113.23999786376953,126.61175692749023,0.7848572531565511,72.22951750890425,65.6425935151319,0.43447584112887655,130.41000366210938,False,False,False,False,False,
NYSE:THC,,https://www.tradingview.com/chart/?symbol=NYSE%3ATHC,False,,-33.5791240876163,-33.5791240876163,260.8800048828125,160.27999877929688,188.72507849121092,0.8346470349487419,53.771024568024984,49.19888678181098,0.6129475140022902,196.63999938964844,False,False,False,False,False,
NASDAQ:TIGO,,https://www.tradingview.com/chart/?symbol=NASDAQ%3ATIGO,False,,-8.837444839996085,-8.837444839996085,95.16000366210938,70.94000244140625,79.05250244140625,0.7045818536931818,38.049615698799016,37.05932968895797,0.3906028188491868,88.00499725341797,False,False,False,False,False,
TSX:TIH,,https://www.tradingview.com/chart/?symbol=TSX%3ATIH,False,,18.37431142117152,49.40663811750261,211.36000061035156,189.24000549316406,201.42232434082032,0.4285160249816138,-36.54615792146596,-31.805866469513933,0.243020546241795,212.41000366210938,False,False,False,False,False,
NYSE:TJX,,https://www.tradingview.com/chart/?symbol=NYSE%3ATJX,False,,-56.59518906193039,9.05054070178682,130.9600067138672,122.8499984741211,133.59979739379884,0.1780463019709634,-67.23747710225753,-67.05582614569319,0.29311452516983505,155.39999389648438,False,True,False,True,False,
NYSE:TKO,,https://www.tradingview.com/chart/?symbol=NYSE%3ATKO,False,,-10.35314434228822,-6.3072819398082585,191.14999389648438,179.58999633789062,188.09779705810547,0.3206656471567228,-11.447405396656784,-5.96879586290064,0.18768222984226043,192.0800018310547,False,False,False,False,False,
NYSE:TLK,,https://www.tradingview.com/chart/?symbol=NYSE%3ATLK,False,,-56.56387897280451,-56.56387897280451,13.869999885559082,13.300000190734863,14.692400325775147,0.09661010839719852,-12.798671431004209,-30.1754160820089,0.38675847446369027,15.255000114440918,False,True,False,False,False,
NASDAQ:TLN,,https://www.tradingview.com/chart/?symbol=NASDAQ%3ATLN,False,,-46.200515558110055,-18.278128267373344,299.94000244140625,282.17999267578125,318.9181158447266,0.11408754566511044,-57.63910195505148,-60.113375683353865,0.4478230738058098,347.614990234375,False,True,False,False,False,
NYSE:TM,,https://www.tradingview.com/chart/?symbol=NYSE%3ATM,False,,-38.663551954745365,-38.663551954745365,192.5500030517578,166.57000732421875,178.76412689208985,0.5028062056939177,28.973010823616594,27.068461204107134,0.27168997875098405,190.17999267578125,False,False,False,False,False,
NYSE:TME,,https://www.tradingview.com/chart/?symbol=NYSE%3ATME,False,,-53.798954662992934,-34.9355964803374,8.164999961853027,7.75,9.48695991897583,0.05638586701244273,-49.97066036744744,-52.62487063864138,0.8092357823626145,9.095000267028809,False,True,False,False,False,
NYSE:TMO,,https://www.tradingview.com/chart/?symbol=NYSE%3ATMO,False,,61.78432031087093,61.78432031087093,658.4099731445312,438.3599853515625,490.36004443359377,0.998687271435924,64.83769697270894,67.07500264961206,0.43524659775776814,506.239990234375,False,False,False,False,False,
NASDAQ:TMUS,,https://www.tradingview.com/chart/?symbol=NASDAQ%3ATMUS,True,2026-09-21 13:30,-64.9757077471473,-64.9757077471473,165.2100067138672,165.2100067138672,177.53156469726562,0.0,-35.53280654303895,-53.15873069726176,0.27955661271540194,186.75999450683594,False,True,True,False,False,
NYSE:TOL,,https://www.tradingview.com/chart/?symbol=NYSE%3ATOL,False,,-39.144154080380446,-27.155882398445115,135.47000122070312,124.05000305175781,133.68588348388673,0.27969624434989454,-43.83602564790257,-50.9646917664343,0.2872924516876573,142.1199951171875,False,False,False,False,False,
NYSE:TOST,,https://www.tradingview.com/chart/?symbol=NYSE%3ATOST,True,2026-09-21 13:30,-70.08294345207214,-70.08294345207214,29.790000915527344,22.333999633789062,25.78573550415039,0.5097772160376911,33.14691007383618,18.145533792999743,0.5118459863578687,28.575000762939453,False,False,True,False,False,
TSX:TOU,,https://www.tradingview.com/chart/?symbol=TSX%3ATOU,False,,-47.80107340695957,-47.80107340695957,59.81999969482422,58.97999954223633,61.561839218139646,0.07678247331193523,-0.632279625093665,-9.004156873702257,0.17431483300335635,62.7599983215332,False,True,False,False,False,
NASDAQ:TPG,,https://www.tradingview.com/chart/?symbol=NASDAQ%3ATPG,False,,-57.20065051160606,-49.61109344129786,46.4900016784668,37.51499938964844,41.6815791015625,0.5083547385651984,44.970490226562845,31.58312141693954,0.41105933563873087,42.95000076293945,False,False,False,False,False,
NYSE:TPL,,https://www.tradingview.com/chart/?symbol=NYSE%3ATPL,False,,-55.5032317333335,-45.29520028574825,367.1700134277344,340.489990234375,387.6817365722656,0.1334234471543028,-38.34971528223718,-42.04735221222372,0.5010363745403374,399.1028137207031,False,True,False,False,False,
NYSE:TPR,,https://www.tradingview.com/chart/?symbol=NYSE%3ATPR,False,,-44.372122992248954,-44.372122992248954,113.05500030517578,113.05500030517578,125.26209994506836,0.0,-44.947610868884,-50.14353393991553,0.36522505542186123,141.625,False,True,False,False,False,
NYSE:TRGP,,https://www.tradingview.com/chart/?symbol=NYSE%3ATRGP,False,,-67.67474188708945,-12.894917074339006,289.4599914550781,231.5399932861328,248.2393519897461,0.8185415865648465,57.90403516940398,54.75004477835595,0.2664156358462498,265.6000061035156,False,False,False,False,False,
NASDAQ:TRI,,https://www.tradingview.com/chart/?symbol=NASDAQ%3ATRI,False,,-48.31410550400644,-48.31410550400644,95.5,76.54000091552734,84.85664041137696,0.5380249782581727,33.425768482303575,20.968486437533738,0.3841080909998926,91.74500274658203,False,False,False,False,False,
NASDAQ:TRMB,,https://www.tradingview.com/chart/?symbol=NASDAQ%3ATRMB,False,,-31.718119544564676,-29.75287602244245,57.72999954223633,48.564998626708984,53.56229844665528,0.43282178256170756,14.44734636830463,12.173098472080664,0.3654327266991417,57.94499969482422,False,False,False,False,False,
NASDAQ:TROW,,https://www.tradingview.com/chart/?symbol=NASDAQ%3ATROW,False,,-80.45346383607549,-51.62580940883128,104.59500122070312,86.19999694824219,94.57091723632813,0.5186073763573524,-12.365461437791282,-23.4116301457656,0.334654230923688,105.98999786376953,False,False,False,False,False,
NYSE:TRP,,https://www.tradingview.com/chart/?symbol=NYSE%3ATRP,False,,-32.10772017626467,-27.037867163411175,60.5099983215332,59.89500045776367,62.49336006164551,0.05585812511585282,-39.555585450987614,-43.71146255442896,0.17105567757240042,64.36499786376953,False,True,False,False,False,
NYSE:TRU,,https://www.tradingview.com/chart/?symbol=NYSE%3ATRU,True,2026-09-21 13:30,-72.55132750106027,-72.32154547183335,71.41999816894531,63.939998626708984,69.17447959899903,0.3372406741590426,18.705215480468986,1.1644124398620619,0.30404393485594927,72.94999694824219,False,False,True,False,False,
NYSE:TRV,,https://www.tradingview.com/chart/?symbol=NYSE%3ATRV,False,,11.78052203168077,11.78052203168077,371.2799987792969,285.1700134277344,311.613810546875,0.7684961600412239,57.37202422672741,54.383685038994344,0.3637868388700461,308.010009765625,False,False,False,False,False,
NYSE:TS,,https://www.tradingview.com/chart/?symbol=NYSE%3ATS,False,,-21.361802465842658,-21.361802465842658,55.970001220703125,52.400001525878906,55.15412109375,0.30591261824909616,-10.72110861945315,-6.9882994016871045,0.20348733181242093,57.349998474121094,False,False,False,False,False,
NASDAQ:TSCO,,https://www.tradingview.com/chart/?symbol=NASDAQ%3ATSCO,True,2026-09-21 13:30,-63.88522532892315,-63.88522532892315,32.345001220703125,28.614999771118164,33.37393953704834,0.18497404577466686,7.461392677955317,-0.9013871478156226,0.6144119194296876,32.81999969482422,False,True,True,False,False,
NASDAQ:TSEM,,https://www.tradingview.com/chart/?symbol=NASDAQ%3ATSEM,False,,-30.395668080451582,38.008575772689554,233.6999969482422,118.44000244140625,165.26240100097655,0.580947570829932,-20.409042689355484,-16.107003078233646,0.8913248446049393,222.58999633789062,False,False,False,False,False,
NASDAQ:TSLA,,https://www.tradingview.com/chart/?symbol=NASDAQ%3ATSLA,False,,-23.277127143375854,27.11643473999082,375.32000732421875,298.3500061035156,333.7523612060547,0.5130992058430357,-16.11853954341609,-4.817602711463081,0.3945139467197616,380.239990234375,False,False,False,False,False,
NYSE:TSM,,https://www.tradingview.com/chart/?symbol=NYSE%3ATSM,False,,-27.592814737667634,30.672932458939737,445.1499938964844,315.2449951171875,353.4758139648437,0.8019074829152798,32.60513180960596,41.786578561380495,0.3910561137409475,414.25,False,False,False,False,False,
NYSE:TSN,,https://www.tradingview.com/chart/?symbol=NYSE%3ATSN,False,,-20.621251681935316,-9.215114987227514,52.01499938964844,51.36000061035156,55.46875967407227,0.03762199474750467,-61.49745441489273,-63.28669377325837,0.2966433198175575,58.689998626708984,False,True,False,True,False,
NYSE:TT,,https://www.tradingview.com/chart/?symbol=NYSE%3ATT,False,,-68.57912873740554,-29.39058359823822,433.4700012207031,404.12799072265625,427.5703428955078,0.2953933302631009,-40.11275231402036,-47.64237781106411,0.21423456832133772,463.6600036621094,False,False,False,False,False,
NYSE:TTE,,https://www.tradingview.com/chart/?symbol=NYSE%3ATTE,False,,-16.31267255413523,-16.31267255413523,90.06999969482422,74.80000305175781,79.23916247558594,0.8118021597557296,38.78453865747159,40.466223191200484,0.21200335736359766,88.7249984741211,False,False,False,False,False,
NASDAQ:TTMI,,https://www.tradingview.com/chart/?symbol=NASDAQ%3ATTMI,False,,-34.652431572189144,2.6499850848410227,123.95999908447266,87.54000091552734,119.26429983520508,0.27093174193172703,-29.628553319615083,-29.93759117473561,1.0055730310248363,133.67999267578125,False,False,False,False,False,
NASDAQ:TTWO,,https://www.tradingview.com/chart/?symbol=NASDAQ%3ATTWO,False,,-52.24409500051251,-52.24409500051251,210.00999450683594,188.5399932861328,205.1060114135742,0.3058622928640073,-27.854285303482698,-38.04094689264789,0.31464876604826697,223.08999633789062,False,False,False,False,False,
NYSE:TU,,https://www.tradingview.com/chart/?symbol=NYSE%3ATU,True,2026-09-21 09:30,-72.06119625436757,-67.63070638252792,8.680000305175781,8.680000305175781,9.808080242156983,0.0,-68.60179548163104,-70.24235562397351,0.4061172087566259,11.770000457763672,False,True,True,True,True,FULL PASS
NASDAQ:TW,,https://www.tradingview.com/chart/?symbol=NASDAQ%3ATW,False,,-40.658192819649344,11.892248442945323,104.43000030517578,91.5199966430664,99.81067779541016,0.3674922250985979,8.352888523606914,6.815791687647696,0.3357546191817844,104.62999725341797,False,False,False,False,False,
NYSE:TWLO,,https://www.tradingview.com/chart/?symbol=NYSE%3ATWLO,False,,52.24801807068422,72.28460453466089,266.0299987792969,117.58000183105469,152.61420111083984,1.0,57.33755048588747,63.558244168180025,0.7579393264864328,195.86000061035156,False,False,False,False,False,
NASDAQ:TXN,,https://www.tradingview.com/chart/?symbol=NASDAQ%3ATXN,False,,1.1766380141935417,27.086651732007926,270.79998779296875,186.38999938964844,220.8153218383789,0.5786658147603851,-32.725398694132295,-30.813092195303987,0.5216349690131573,279.6400146484375,False,False,False,False,False,
NASDAQ:TXRH,,https://www.tradingview.com/chart/?symbol=NASDAQ%3ATXRH,False,,-71.83415355668157,-65.950310841212,165.50999450683594,154.4499969482422,168.57695709228517,0.18476440771504352,2.6520256929299726,-14.944290690399342,0.3339842773937753,179.22999572753906,False,True,False,False,False,
NYSE:TXT,,https://www.tradingview.com/chart/?symbol=NYSE%3ATXT,False,,-11.802895582370681,-11.802895582370681,79.38999938964844,78.80000305175781,83.03620233154297,0.032868882350891006,-69.25684160251,-68.66660032968598,0.19959965403457364,89.93000030517578,False,True,False,True,False,
NYSE:TYL,,https://www.tradingview.com/chart/?symbol=NYSE%3ATYL,False,,-45.94213065851054,-45.94213065851054,332.4599914550781,275.2200012207031,299.9811243896484,0.5455583578799302,39.449950172242076,31.812085798313504,0.32426255199443005,323.56500244140625,False,False,False,False,False,
NYSE:U,,https://www.tradingview.com/chart/?symbol=NYSE%3AU,False,,-37.45567858127055,-29.55755858415337,43.19499969482422,17.100000381469727,24.189440147399903,0.8686751056899119,67.36155640495264,61.90577389977136,1.0566302738558122,28.43000030517578,False,False,False,False,False,
NASDAQ:UAL,,https://www.tradingview.com/chart/?symbol=NASDAQ%3AUAL,False,,-27.819136971336338,26.60359115757309,114.40499877929688,85.19999694824219,97.4106382446289,0.5644568753459696,-14.658779062179397,-16.41849259891875,0.47743844405130764,108.37000274658203,False,False,False,False,False,
NYSE:UBER,,https://www.tradingview.com/chart/?symbol=NYSE%3AUBER,True,2026-09-21 09:30,-57.11235626271205,-53.24753939734029,70.81999969482422,65.94000244140625,69.34076150512695,0.33865361533334004,0.3471494237821477,-10.688684983593518,0.1966698060996632,73.2699966430664,False,False,False,False,False,
NYSE:UBS,,https://www.tradingview.com/chart/?symbol=NYSE%3AUBS,False,,-77.39962833362203,-57.7062467890864,51.08000183105469,36.400001525878906,40.961881057739255,0.759441376701295,39.24944712677968,24.387911868380645,0.39121631402655926,49.40999984741211,False,False,False,False,False,
NYSE:UDR,,https://www.tradingview.com/chart/?symbol=NYSE%3AUDR,True,2026-09-21 13:30,-71.30534697787155,-71.09463023333856,33.880001068115234,33.57500076293945,35.42878065490723,0.03882881259709753,-41.619678398573264,-51.61491036889961,0.21033603656388997,37.345001220703125,False,True,True,False,False,"NEAR: 4h+band ok, weekly shallow"
NYSE:UHAL,,https://www.tradingview.com/chart/?symbol=NYSE%3AUHAL,False,,-44.19092195456465,-5.446877941626613,63.400001525878906,42.209999084472656,50.12425994873047,0.6318771470822432,12.31777119242605,0.7841538802729335,0.5383257829330336,62.29499816894531,False,False,False,False,False,
NYSE:UI,,https://www.tradingview.com/chart/?symbol=NYSE%3AUI,False,,16.53023768681007,43.356939546151786,585.9000244140625,507.7900085449219,644.6983345947266,0.1346445777038517,-9.137769058991944,-3.052654790655282,0.9919125414232374,584.8499755859375,False,True,False,False,False,
NYSE:UL,,https://www.tradingview.com/chart/?symbol=NYSE%3AUL,False,,-46.99734533486001,-44.23382397776815,62.150001525878906,54.974998474121094,57.78693869018554,0.6021823332306689,34.7229864544809,25.55106910386226,0.1962770868319457,60.70500183105469,False,False,False,False,False,
NYSE:ULS,,https://www.tradingview.com/chart/?symbol=NYSE%3AULS,False,,-93.22068454419299,-62.34705837565942,66.30000305175781,64.05000305175781,73.7094831237793,0.05497190283957749,-62.704782729037596,-65.35237342830484,0.466279344661249,87.77999877929688,False,True,False,True,False,"WATCH: weekly+band ok, waiting on 4h dot"
NASDAQ:ULTA,,https://www.tradingview.com/chart/?symbol=NASDAQ%3AULTA,False,,-25.102312942423918,12.11505875010364,557.989990234375,448.8999938964844,490.5020736083984,0.6188450027984834,37.41414183497808,41.215873024802995,0.33909130101653256,519.8599853515625,False,False,False,False,False,
NYSE:UMC,,https://www.tradingview.com/chart/?symbol=NYSE%3AUMC,False,,46.28843154434464,75.17075492835771,25.44499969482422,8.604999542236328,13.177499542236328,0.8691612981980846,32.084551336082505,44.01082142888925,1.017060408186641,19.049999237060547,False,False,False,False,False,
NYSE:UNH,,https://www.tradingview.com/chart/?symbol=NYSE%3AUNH,False,,-60.646629375795676,-48.27734212036583,377.5400085449219,256.80999755859375,299.20975842285156,0.6719915870278383,-17.299652566960656,-25.870296801642247,0.4571966804988276,392.9599914550781,False,False,False,False,False,
NYSE:UNM,,https://www.tradingview.com/chart/?symbol=NYSE%3AUNM,False,,25.225356813455722,25.225356813455722,93.57499694824219,72.15499877929688,77.91693899536133,0.8773294026510856,61.84783888882597,60.66643499422092,0.28076128303325637,86.95999908447266,False,False,False,False,False,
NYSE:UNP,,https://www.tradingview.com/chart/?symbol=NYSE%3AUNP,False,,-73.29600578930629,-73.29600578930629,269.6300048828125,233.12460327148438,251.93507373046876,0.4580042162719304,26.971282420946007,8.852696690297208,0.29494296248180735,270.239990234375,False,False,False,False,False,
NYSE:UPS,,https://www.tradingview.com/chart/?symbol=NYSE%3AUPS,False,,-53.4471611416843,-53.4471611416843,94.75,94.69000244140625,100.12036114501953,0.00260745645010587,-26.422061010720302,-38.072549932804215,0.22074055044501753,104.23999786376953,False,True,False,False,False,
NYSE:URI,,https://www.tradingview.com/chart/?symbol=NYSE%3AURI,False,,-7.402880428180644,29.15793152429352,1030.3800048828125,708.905029296875,818.8279350585938,0.6901936744898417,-4.521881186717573,-9.985351239133362,0.46122732969948527,1009.8599853515625,False,False,False,False,False,
NYSE:USB,,https://www.tradingview.com/chart/?symbol=NYSE%3AUSB,False,,-69.63695126512533,-63.55716308780631,60.45000076293945,50.79999923706055,54.24559977722168,0.6609589050043856,24.27343481130261,9.00405459946009,0.24921059173811505,58.584999084472656,False,False,False,False,False,
NYSE:USFD,,https://www.tradingview.com/chart/?symbol=NYSE%3AUSFD,False,,-70.38804178205926,-39.43480166948,94.23999786376953,80.19999694824219,87.46053680419922,0.45636278869069025,17.409645604058984,2.5048610263330353,0.32931920351798233,93.41999816894531,False,False,False,False,False,
NASDAQ:UTHR,,https://www.tradingview.com/chart/?symbol=NASDAQ%3AUTHR,False,,-44.650465279615894,-44.650465279615894,493.260009765625,487.6499938964844,513.3598416748047,0.051496366549226034,-63.73074530012716,-63.277992141115384,0.20093706351490964,542.1599731445312,False,True,False,True,False,
NYSE:V,,https://www.tradingview.com/chart/?symbol=NYSE%3AV,False,,-36.42269166086856,-36.42269166086856,369.94000244140625,295.3800048828125,316.3084831542969,0.8407758650949493,57.43555872182185,51.51555027933499,0.26796395727797295,330.94000244140625,False,False,False,False,False,
NYSE:VALE,,https://www.tradingview.com/chart/?symbol=NYSE%3AVALE,False,,-68.55633331110532,-58.31215796798389,14.154999732971191,13.640000343322754,14.631200298309325,0.12261890786574717,-4.678889660777105,-13.855336903658902,0.27713625095800065,15.154999732971191,False,True,False,False,False,
NYSE:VEEV,,https://www.tradingview.com/chart/?symbol=NYSE%3AVEEV,False,,-42.29492123455917,-42.29492123455917,261.30999755859375,151.38999938964844,183.9945827026367,0.7956280047761645,69.69549440925745,64.57115706262285,0.7694086428855258,179.55999755859375,False,False,False,False,False,
NYSE:VG,,https://www.tradingview.com/chart/?symbol=NYSE%3AVG,False,,-51.92065000254461,-51.92065000254461,13.664999961853027,10.5,12.154360054016113,0.451497840016173,48.28766040667625,39.09741845506629,0.5296562456157822,13.234999656677246,False,False,False,False,False,
NYSE:VICI,,https://www.tradingview.com/chart/?symbol=NYSE%3AVICI,True,2026-09-21 09:30,-81.63640046720205,-78.3262008576017,24.049999237060547,23.719999313354492,25.017999313354494,0.05999998612837358,-79.9787405836264,-83.27183338170312,0.20266037850950322,27.138999938964844,False,True,True,True,True,FULL PASS
NYSE:VIK,,https://www.tradingview.com/chart/?symbol=NYSE%3AVIK,False,,-35.54003507095743,-25.14542253668124,86.05999755859375,67.7699966430664,77.52151657104493,0.44264281342234296,-14.770702750175653,-21.283728520810126,0.46933211341592274,88.04000091552734,False,False,False,False,False,
NYSE:VIRT,,https://www.tradingview.com/chart/?symbol=NYSE%3AVIRT,False,,-79.00797707294005,-52.391570934661466,57.939998626708984,38.849998474121094,45.71523941040039,0.6562391732244743,36.9755253180025,22.17468255399787,0.5209527916868565,55.84000015258789,False,False,False,False,False,
NYSE:VIV,,https://www.tradingview.com/chart/?symbol=NYSE%3AVIV,False,,38.24957698799036,59.42771386106718,12.010000228881836,11.225000381469727,12.623300201416015,0.13248944278371855,-47.832588744165555,-41.833908368909874,0.44134071902282945,13.425000190734863,False,True,False,False,False,
NYSE:VLO,,https://www.tradingview.com/chart/?symbol=NYSE%3AVLO,False,,60.61725968400234,60.61725968400234,393.3999938964844,222.72000122070312,267.6260809326172,0.8969938709835215,85.14027573723908,83.54235390970659,0.7365772797192,258.3299865722656,False,False,False,False,False,
NYSE:VLTO,,https://www.tradingview.com/chart/?symbol=NYSE%3AVLTO,False,,-29.170540009908805,-29.170540009908805,95.16999816894531,81.26000213623047,85.71332098388672,0.7371488941216046,30.331120080205338,23.73982817473946,0.20922490970600396,90.19000244140625,False,False,False,False,False,
NYSE:VMC,,https://www.tradingview.com/chart/?symbol=NYSE%3AVMC,True,2026-09-21 09:30,-67.69589271408937,-58.91509248405979,246.24000549316406,240.7899932861328,258.0628374633789,0.07446387332977385,-63.576066090231414,-68.99575525946153,0.26081540508056456,280.6199951171875,False,True,True,True,True,FULL PASS
NASDAQ:VNOM,,https://www.tradingview.com/chart/?symbol=NASDAQ%3AVNOM,False,,-50.572881744338844,-50.572881744338844,41.720001220703125,40.334999084472656,42.849579696655276,0.12998609094765937,8.237671155058953,-5.015741696047094,0.23662009511074905,45.029998779296875,False,True,False,False,False,
NASDAQ:VOD,,https://www.tradingview.com/chart/?symbol=NASDAQ%3AVOD,False,,-12.779233656686396,-12.779233656686396,17.014999389648438,13.010000228881836,14.11093999481201,0.8585209029508918,55.519600520750004,55.750551660218306,0.30116198044604375,15.489999771118164,False,False,False,False,False,
NASDAQ:VRSK,,https://www.tradingview.com/chart/?symbol=NASDAQ%3AVRSK,False,,-48.30517243907439,-48.30517243907439,171.94000244140625,156.8000030517578,170.60010089111327,0.25891409593976544,-15.780566916391015,-27.77688867936945,0.3206393179270068,182.3699951171875,False,False,False,False,False,
NASDAQ:VRSN,,https://www.tradingview.com/chart/?symbol=NASDAQ%3AVRSN,False,,52.13539258927884,63.21206117892323,308.2799987792969,235.14999389648438,252.85235620117186,0.9749366132775248,47.159936346070964,55.652200769648715,0.2710290761629451,276.760009765625,False,False,False,False,False,
NYSE:VRT,,https://www.tradingview.com/chart/?symbol=NYSE%3AVRT,False,,-38.701812356847505,-3.5339455787471152,250.83999633789062,223.10000610351562,259.22452783203124,0.18122420400502573,-49.43527455419669,-53.43187058519042,0.5170323457164269,296.05499267578125,False,True,False,False,False,
NASDAQ:VRTX,,https://www.tradingview.com/chart/?symbol=NASDAQ%3AVRTX,False,,-49.91691045546878,-49.58622477022798,510.77301025390625,418.3900146484375,451.3615654296875,0.6612484534785374,54.407298897647536,42.933595834767196,0.30011592248382885,465.5199890136719,False,False,False,False,False,
NYSE:VST,,https://www.tradingview.com/chart/?symbol=NYSE%3AVST,False,,-35.1697479326343,-35.1697479326343,140.75999450683594,134.71380615234375,143.58060876464845,0.16092615501330887,-38.03466113662909,-41.86935668400737,0.24553127996825788,153.02000427246094,False,True,False,False,False,
NYSE:VTR,,https://www.tradingview.com/chart/?symbol=NYSE%3AVTR,True,2026-09-21 09:30,-73.1051164325486,-71.91671691786209,87.02999877929688,78.2699966430664,83.5233571472168,0.393531055505725,3.169893326612351,-11.618432322374638,0.25292582201934577,88.01000213623047,False,False,True,False,False,
NASDAQ:VTRS,,https://www.tradingview.com/chart/?symbol=NASDAQ%3AVTRS,False,,32.09869589699754,50.57478354768048,17.09000015258789,12.954999923706055,14.113759887695313,0.842158932257656,32.085653136913656,39.483916355905905,0.3022468201758377,16.2450008392334,False,False,False,False,False,
NYSE:VZ,,https://www.tradingview.com/chart/?symbol=NYSE%3AVZ,False,,-44.716138919648934,-44.716138919648934,47.68000030517578,41.39500045776367,43.802200637817386,0.616176409539884,40.398504960251294,32.6768796714694,0.21530344618341854,47.375,False,False,False,False,False,
NYSE:W,,https://www.tradingview.com/chart/?symbol=NYSE%3AW,False,,31.735909293409577,36.36826240258991,104.9800033569336,56.939998626708984,71.00441981506347,0.806107906219457,48.561605106434286,51.003497541698685,0.719051725510798,82.87999725341797,False,False,False,False,False,
NYSE:WAB,,https://www.tradingview.com/chart/?symbol=NYSE%3AWAB,False,,-39.03370475006752,-2.602939870850033,283.4800109863281,234.74000549316406,251.51016131591797,0.6858994882313393,30.181184448764977,22.3868093909648,0.26605267000624544,267.08990478515625,False,False,False,False,False,
NYSE:WAT,,https://www.tradingview.com/chart/?symbol=NYSE%3AWAT,False,,48.18877780130799,50.54615670697134,423.989990234375,283.32000732421875,317.84916674804685,0.9614516113556847,60.76543392700365,62.163143739222086,0.3980141325606863,367.6000061035156,False,False,False,False,False,
NASDAQ:WBD,,https://www.tradingview.com/chart/?symbol=NASDAQ%3AWBD,False,,-33.978682444772346,7.359988137077273,30.790000915527344,25.280000686645508,26.606320434570314,0.9804272733258261,37.027583556574946,49.538248861347796,0.20703624376905855,27.145000457763672,False,False,False,False,False,
NYSE:WCC,,https://www.tradingview.com/chart/?symbol=NYSE%3AWCC,False,,-26.754566008102817,7.013754749222552,355.29998779296875,250.0,279.5495579833984,0.8409871015025783,17.793803662272158,17.78192171844298,0.3681130889127905,340.1400146484375,False,False,False,False,False,
TSX:WCN,,https://www.tradingview.com/chart/?symbol=TSX%3AWCN,True,2026-09-21 13:30,-65.49197767063458,-63.16778106065081,218.36000061035156,205.00999450683594,214.58923724365235,0.3288987999354913,-26.1812743947235,-38.55458716520307,0.1800240004298746,225.47000122070312,False,False,True,False,False,
NYSE:WCN,,https://www.tradingview.com/chart/?symbol=NYSE%3AWCN,False,,-74.92265807385519,-70.7321217385775,155.49000549316406,148.1699981689453,154.4393387451172,0.275550786805471,-18.73672939537475,-34.18479989480546,0.16236784024390188,163.61000061035156,False,False,False,False,False,
TSX:WCP,,https://www.tradingview.com/chart/?symbol=TSX%3AWCP,False,,-2.6260155205589535,-2.6260155205589535,18.280000686645508,13.869999885559082,15.153839786529542,0.8106619744951705,68.34146054313835,66.33334743323283,0.34042551540786825,15.979999542236328,False,False,False,False,False,
NASDAQ:WDAY,,https://www.tradingview.com/chart/?symbol=NASDAQ%3AWDAY,False,,-6.822950375537118,19.89964875030856,191.91000366210938,110.76490020751953,133.58258303833009,0.8392720924941937,59.9314243728626,56.24455624196832,0.7207238251186864,134.14999389648438,False,False,False,False,False,
NASDAQ:WDC,,https://www.tradingview.com/chart/?symbol=NASDAQ%3AWDC,False,,-47.87976648308952,-5.143528329205977,448.19000244140625,251.3699951171875,368.1899951171875,0.39761617641256314,-28.40231293376174,-31.74397895117505,1.0612069611872943,466.45001220703125,False,False,False,False,False,
NYSE:WDS,,https://www.tradingview.com/chart/?symbol=NYSE%3AWDS,False,,-46.8139135837003,-46.8139135837003,22.709999084472656,18.940000534057617,20.320600624084474,0.6444441546289066,42.0967977080514,38.45786239992556,0.25702989115291097,22.760000228881836,False,False,False,False,False,
NYSE:WEC,,https://www.tradingview.com/chart/?symbol=NYSE%3AWEC,True,2026-09-21 13:30,-70.49120744987967,-60.82325572569507,103.48999786376953,103.19000244140625,107.02972164916991,0.018438566949005905,-55.75733812099818,-59.854092716916966,0.14383589223651172,113.11499786376953,False,True,True,False,False,"NEAR: 4h+band ok, weekly shallow"
NYSE:WELL,,https://www.tradingview.com/chart/?symbol=NYSE%3AWELL,True,2026-09-21 09:30,-72.53159365620033,-68.32753656493276,232.75999450683594,195.00999450683594,208.54695465087892,0.6581241213094999,36.48634286039407,25.37858933723842,0.26349395914858637,217.69000244140625,False,False,True,False,False,
NYSE:WES,,https://www.tradingview.com/chart/?symbol=NYSE%3AWES,False,,-64.03434193078567,-51.99379997262613,46.560001373291016,40.244998931884766,42.51885943603516,0.6554230452798724,59.6224155886278,47.43391166292249,0.21637103975646246,44.529998779296875,False,False,False,False,False,
NYSE:WF,,https://www.tradingview.com/chart/?symbol=NYSE%3AWF,False,,17.37657628048277,18.18085989123048,79.47000122070312,56.220001220703125,62.13180014038086,0.9281438821838529,60.90162797421536,63.763861030982156,0.3769751177246056,66.44999694824219,False,False,False,False,False,
NYSE:WFC,,https://www.tradingview.com/chart/?symbol=NYSE%3AWFC,False,,-47.46501168625158,-47.46501168625158,86.54499816894531,73.30500030517578,77.37717965698242,0.7673138204149454,43.89480794905894,36.55229879021787,0.20585775848533489,83.81999969482422,False,False,False,False,False,
NYSE:WIT,,https://www.tradingview.com/chart/?symbol=NYSE%3AWIT,False,,-44.7480348440176,-44.7480348440176,1.6799999475479126,1.6549999713897705,1.8556000051498414,0.029411731706776613,-55.57612071377567,-59.09267247684996,0.42500007152557373,2.0,False,True,False,False,False,
NYSE:WM,,https://www.tradingview.com/chart/?symbol=NYSE%3AWM,False,,-64.75089687887531,-64.75089687887531,207.05999755859375,207.05999755859375,215.36483813476562,0.0,-38.57335994433385,-48.11919978544208,0.15656004703701368,224.77000427246094,False,True,False,False,False,
NYSE:WMB,,https://www.tradingview.com/chart/?symbol=NYSE%3AWMB,False,,-54.93925532915029,-23.97522223372607,71.66999816894531,69.76499938964844,72.03885989379883,0.19771648748613288,5.292592819067109,-4.241977133447888,0.1315358653410303,73.25,False,True,False,False,False,
NASDAQ:WMG,,https://www.tradingview.com/chart/?symbol=NASDAQ%3AWMG,False,,-37.2596516438193,-37.2596516438193,27.68000030517578,23.59000015258789,26.285119720458983,0.3581436784911166,-1.0107650448209886,0.670076396786894,0.405683777040902,28.149999618530273,False,False,False,False,False,
NYSE:WMS,,https://www.tradingview.com/chart/?symbol=NYSE%3AWMS,False,,-52.51482412358771,-43.19704167127001,126.80999755859375,125.03500366210938,132.67432250976563,0.054834543226171394,-49.802576079739,-56.59981276424091,0.23003123107154388,140.72000122070312,False,True,False,False,False,
NASDAQ:WMT,,https://www.tradingview.com/chart/?symbol=NASDAQ%3AWMT,False,,-3.9316883447451345,-3.9316883447451345,107.45500183105469,102.62000274658203,110.14368209838867,0.1516624686645567,-53.41626679591358,-49.983545024417054,0.27206005436415626,117.18000030517578,False,True,False,False,False,
TSX:WN,,https://www.tradingview.com/chart/?symbol=TSX%3AWN,False,,2.799757840995754,2.799757840995754,100.6500015258789,93.68000030517578,96.87071951293946,0.5155327626710337,-4.00777338629369,-2.3832571114929118,0.13641405064883338,99.11000061035156,False,False,False,False,False,
NYSE:WPC,,https://www.tradingview.com/chart/?symbol=NYSE%3AWPC,False,,-89.84028871952934,-77.01967960126727,66.19999694824219,66.19999694824219,68.67799694824218,0.0,-42.01414193026577,-53.027510702305634,0.14550997044244143,72.16000366210938,False,True,False,False,False,
TSX:WPM,,https://www.tradingview.com/chart/?symbol=TSX%3AWPM,False,,-32.845238473559384,-10.791707201669155,207.35000610351562,145.32000732421875,164.464326171875,0.764669656225782,39.00889796890246,38.981392336920266,0.45179612218554804,179.5500030517578,False,False,False,False,False,
NYSE:WPM,,https://www.tradingview.com/chart/?symbol=NYSE%3AWPM,False,,-39.859131747082095,-26.514525565495543,147.67999267578125,103.45999908447266,117.67900088500977,0.7339417094070992,37.05694457910622,36.381589575752926,0.4644977604719625,129.7100067138672,False,False,False,False,False,
NYSE:WRB,,https://www.tradingview.com/chart/?symbol=NYSE%3AWRB,False,,-10.887167238473166,-10.887167238473166,68.7699966430664,63.54499816894531,66.59175903320312,0.4047247863651944,1.4618262825554016,-2.818740569841139,0.1888531823704292,68.36000061035156,False,False,False,False,False,
NYSE:WSM,,https://www.tradingview.com/chart/?symbol=NYSE%3AWSM,False,,-47.990965571232074,-16.51178194027315,227.27000427246094,167.9499969482422,187.75511651611328,0.7068637823942444,17.19301717901629,9.782547338799622,0.3838624098585376,218.6199951171875,False,False,False,False,False,
NYSE:WSO,,https://www.tradingview.com/chart/?symbol=NYSE%3AWSO,False,,-42.5215757083985,2.5083946344363555,317.8699951171875,297.55999755859375,335.1972801513672,0.1273513679424996,-55.749733535178585,-51.838596793071915,0.4241828083850489,375.9700012207031,False,True,False,False,False,
TSX:WSP,,https://www.tradingview.com/chart/?symbol=TSX%3AWSP,False,,-46.10983149646216,-46.10983149646216,180.7899932861328,160.6300048828125,177.0910048828125,0.28903209180387546,-18.71091221163559,-22.64191966815693,0.3664687612513826,190.3300018310547,False,False,False,False,False,
NYSE:WST,,https://www.tradingview.com/chart/?symbol=NYSE%3AWST,False,,44.20461749127065,44.20461749127065,361.75,231.15499877929688,263.18610021972654,0.962202949698894,34.95896414960394,44.73331755970915,0.41167461887970713,329.69000244140625,False,False,False,False,False,
NYSE:WTRG,,https://www.tradingview.com/chart/?symbol=NYSE%3AWTRG,False,,-53.09187449264633,-53.09187449264633,40.474998474121094,36.2599983215332,37.61463871765137,0.7343203693476538,58.8957520731005,53.6142814780254,0.14511443898827922,39.55500030517578,False,False,False,False,False,
NYSE:WTS,,https://www.tradingview.com/chart/?symbol=NYSE%3AWTS,False,,-38.83276280914952,-36.23862764490093,350.6400146484375,284.04998779296875,309.57811096191404,0.6156052379521599,30.049985622125302,17.69812321729666,0.3215660932783581,336.385009765625,False,False,False,False,False,
NASDAQ:WTW,,https://www.tradingview.com/chart/?symbol=NASDAQ%3AWTW,False,,-57.382744571440874,-57.382744571440874,306.7200012207031,241.72999572753906,267.44219500732424,0.5965122286698019,35.462807073280615,23.811417621466532,0.37621504683780904,289.5950012207031,False,False,False,False,False,
NASDAQ:WWD,,https://www.tradingview.com/chart/?symbol=NASDAQ%3AWWD,False,,-61.05118190570651,-40.719838213326696,325.0799865722656,317.54998779296875,345.7755892333984,0.06295985280117417,-45.73710329526936,-49.82579155820318,0.3268920865325618,365.8699951171875,False,True,False,False,False,
NYSE:WY,,https://www.tradingview.com/chart/?symbol=NYSE%3AWY,False,,-75.29407741279455,-75.29407741279455,21.010000228881836,21.010000228881836,22.151060012817382,0.0,-43.78970350313318,-55.439524161406894,0.2007056477313161,24.09000015258789,False,True,False,False,False,
NASDAQ:XEL,,https://www.tradingview.com/chart/?symbol=NASDAQ%3AXEL,False,,-79.17681560334916,-67.43063148409497,71.87999725341797,71.87999725341797,74.509037109375,0.0,-61.39009910461808,-69.70347361039093,0.1407098603927736,79.16999816894531,False,True,False,True,False,"WATCH: weekly+band ok, waiting on 4h dot"
NYSE:XOM,,https://www.tradingview.com/chart/?symbol=NYSE%3AXOM,False,,-29.20437340393555,-29.20437340393555,158.3000030517578,136.0449981689453,144.67436395263672,0.6086404591018519,46.123129478236386,42.65221738245295,0.23698950576217354,154.2899932861328,False,False,False,False,False,
NYSE:XPEV,,https://www.tradingview.com/chart/?symbol=NYSE%3AXPEV,False,,-47.68523657923208,-16.018551067009966,10.470000267028809,10.220000267028809,12.578820240020752,0.02501250653951518,-66.52760718293148,-65.7295186522883,0.7111348038803247,14.055000305175781,False,True,False,True,False,
NYSE:XPO,,https://www.tradingview.com/chart/?symbol=NYSE%3AXPO,False,,-65.3285421369419,-57.5338945974103,174.4149932861328,172.94500732421875,186.03002545166015,0.026512510997915864,-60.20906250035271,-67.29756743286832,0.27208260083208247,203.77999877929688,False,True,False,True,False,"WATCH: weekly+band ok, waiting on 4h dot"
NYSE:XYL,,https://www.tradingview.com/chart/?symbol=NYSE%3AXYL,False,,5.237406557617504,5.237406557617504,107.26000213623047,105.65750122070312,111.32680920410156,0.06670835614715519,-38.68342954113774,-42.411196360965405,0.20533799379201131,116.98999786376953,False,True,False,False,False,
NYSE:XYZ,,https://www.tradingview.com/chart/?symbol=NYSE%3AXYZ,False,,-65.47181936140608,-54.10541155474457,77.91000366210938,55.97999954223633,62.83698051452637,0.7547754606881422,30.696408149704528,17.276752583726747,0.38900794176123477,74.69000244140625,False,False,False,False,False,
NYSE:YPF,,https://www.tradingview.com/chart/?symbol=NYSE%3AYPF,False,,-15.055757187457138,-15.055757187457138,53.20000076293945,37.45500183105469,42.21866125488281,0.7800347206473326,58.71378274303665,57.75265488664903,0.4138389938928869,48.775001525878906,False,False,False,False,False,
NYSE:YUM,,https://www.tradingview.com/chart/?symbol=NYSE%3AYUM,False,,-73.29510730848365,-58.63722454697247,139.3000030517578,135.75999450683594,143.25063580322265,0.11153144083999282,-46.55206109373679,-56.88763922333962,0.2070518012478374,153.2949981689453,False,True,False,False,False,
NYSE:YUMC,,https://www.tradingview.com/chart/?symbol=NYSE%3AYUMC,True,2026-09-21 09:30,-60.95564971326479,-57.14319157353473,41.470001220703125,40.209999084472656,43.54113948059082,0.08926687824293146,-17.806818251259816,-28.232254766000374,0.3094038143127077,45.619998931884766,False,True,True,False,False,
NYSE:ZBH,,https://www.tradingview.com/chart/?symbol=NYSE%3AZBH,False,,-19.79174879059909,-19.79174879059909,94.27999877929688,79.58499908447266,84.73097915649414,0.6739279747377998,39.84353794436483,30.012198337383246,0.23948379543469783,91.05000305175781,False,False,False,False,False,
NASDAQ:ZBRA,,https://www.tradingview.com/chart/?symbol=NASDAQ%3AZBRA,False,,-37.50152434368099,-4.445615396980744,350.8399963378906,199.3000030517578,242.73107916259767,0.823452735185653,66.65439378908975,60.73624929850867,0.7349146632689187,250.41000366210938,False,False,False,False,False,
NASDAQ:ZM,,https://www.tradingview.com/chart/?symbol=NASDAQ%3AZM,True,2026-09-21 13:30,-73.26615166860005,-72.61609857419185,90.9000015258789,74.0999984741211,83.13997854614257,0.4385851172931016,5.198782237422299,-9.189805247401315,0.4140633382406341,92.51000213623047,False,False,True,False,False,
NASDAQ:ZS,,https://www.tradingview.com/chart/?symbol=NASDAQ%3AZS,False,,39.69947304259194,49.29255129650133,207.14999389648438,117.83999633789062,138.91715576171876,1.0,50.85436162319416,60.47108342617871,0.6034051812255753,148.00999450683594,False,False,False,False,False,
NYSE:ZTO,,https://www.tradingview.com/chart/?symbol=NYSE%3AZTO,False,,-55.67505988760447,-24.44573261368971,19.454999923706055,19.170000076293945,20.751200256347655,0.04253728581473669,-50.84408702886697,-57.366079846263844,0.28407890706048167,23.584999084472656,False,True,False,False,False,
NYSE:ZTS,,https://www.tradingview.com/chart/?symbol=NYSE%3AZTS,False,,-65.51812630090093,-65.51812630090093,71.5199966430664,71.1698989868164,83.36175347900391,0.006776905591183407,-40.80243092587554,-45.19142937998362,0.666070165249779,77.55999755859375,False,True,False,False,False,
NYSE:CRL,,https://www.tradingview.com/chart/?symbol=NYSE%3ACRL,False,,-29.38888146034442,0.9262997631918265,279.1700134277344,149.92999267578125,185.12821728515624,0.8665392995229972,63.547008474723945,57.809887546660306,0.7942540233294194,187.77999877929688,False,False,False,False,False,
NYSE:AES,,https://www.tradingview.com/chart/?symbol=NYSE%3AAES,False,,35.927030200606744,47.25064799784389,14.819999694824219,14.0,14.205319972991944,0.942528508836835,54.36634798433577,54.17430840692609,0.05926429614939061,14.680000305175781,True,False,False,False,False,
TSX:ATRL,,https://www.tradingview.com/chart/?symbol=TSX%3AATRL,False,,28.216208273131826,54.43526232402133,89.48999786376953,79.87000274658203,83.93156253051758,0.5589770847731729,-17.707999054941855,-2.9692512811491376,0.19519110175658658,88.16999816894531,False,False,False,False,False,
NASDAQ:LFUS,,https://www.tradingview.com/chart/?symbol=NASDAQ%3ALFUS,False,,-28.006881971154446,-2.1989040729016582,409.19000244140625,320.04998779296875,360.04255297851563,0.5260238586704595,-14.710076892184896,-21.28947309242102,0.4077871377616477,415.55999755859375,False,False,False,False,False,
NYSE:TIMB,,https://www.tradingview.com/chart/?symbol=NYSE%3ATIMB,False,,0.2816996602868997,0.2816996602868997,18.93000030517578,17.260000228881836,19.782840354919433,0.15622076640440177,-50.24765465184709,-43.94180898663447,0.4860195556341793,21.9950008392334,False,True,False,False,False,
NYSE:DCI,,https://www.tradingview.com/chart/?symbol=NYSE%3ADCI,False,,-69.31029322885,-58.33228955912534,86.06999969482422,80.7300033569336,84.94732220458984,0.2988247228313216,5.983467371085481,-8.72775423557986,0.20303351975355707,88.01499938964844,False,False,False,False,False,
NYSE:HL,,https://www.tradingview.com/chart/?symbol=NYSE%3AHL,False,,-63.70570466354906,-45.152890263413354,18.350000381469727,14.0649995803833,15.803139751434326,0.5818058899386139,27.86549403563754,22.457638414853612,0.41504651318521185,17.7450008392334,False,False,False,False,False,
NASDAQ:VIAV,,https://www.tradingview.com/chart/?symbol=NASDAQ%3AVIAV,False,,-29.24228130677949,-7.749907096569888,36.20000076293945,29.760000228881836,35.992759742736816,0.2438470668825103,-41.41797198651088,-44.00944446061261,0.63409356476623,41.650001525878906,False,False,False,False,False,
NASDAQ:SFD,,https://www.tradingview.com/chart/?symbol=NASDAQ%3ASFD,False,,-61.707983510508576,-51.130966082013806,19.8700008392334,19.80500030517578,22.137860359191894,0.006575673500512389,-65.7050774485209,-68.7688395312447,0.3874191834349888,25.514999389648438,False,True,False,True,False,"WATCH: weekly+band ok, waiting on 4h dot"
NYSE:HUBS,,https://www.tradingview.com/chart/?symbol=NYSE%3AHUBS,False,,-54.34447473743112,-54.34447473743112,213.69000244140625,170.38499450683594,193.2758169555664,0.4464663467399965,26.405786241449572,14.091532296753309,0.4351503500759243,222.89999389648438,False,False,False,False,False,
NASDAQ:JKHY,,https://www.tradingview.com/chart/?symbol=NASDAQ%3AJKHY,False,,-57.06009634655385,-57.06009634655385,151.52499389648438,123.01000213623047,134.95868148803712,0.5632035020173518,33.88885569118958,23.716068258232806,0.331066498909445,152.92999267578125,False,False,False,False,False,
NYSE:SUN,,https://www.tradingview.com/chart/?symbol=NYSE%3ASUN,False,,-8.417182532114866,-8.417182532114866,74.47000122070312,61.90999984741211,66.16271995544433,0.6970033881369693,60.43052034937913,55.958892036137556,0.26331557098887926,68.43499755859375,False,False,False,False,False,
NASDAQ:CART,,https://www.tradingview.com/chart/?symbol=NASDAQ%3ACART,True,2026-09-21 09:30,-55.771328726313385,-51.10025412121352,45.599998474121094,35.41999816894531,39.28095831298828,0.6222493841922309,44.03036686712599,27.767008732315453,0.37600554450619134,43.5099983215332,False,False,False,False,False,
NASDAQ:CGNX,,https://www.tradingview.com/chart/?symbol=NASDAQ%3ACGNX,False,,-16.40687596678721,19.50953846248606,61.939998626708984,45.76499938964844,52.065019317626955,0.6059186897161363,-12.285250931009697,-15.531266471665809,0.43014822919925105,62.060001373291016,False,False,False,False,False,
NYSE:SUZ,,https://www.tradingview.com/chart/?symbol=NYSE%3ASUZ,False,,-6.64831318286452,15.775550682086683,9.239999771118164,7.65500020980835,8.265036474227905,0.6131764917697656,40.89511299772119,45.126180089174554,0.30268143291018407,8.539999961853027,False,False,False,False,False,
NYSE:FIG,,https://www.tradingview.com/chart/?symbol=NYSE%3AFIG,False,,-35.4922795411773,-35.4922795411773,22.325000762939453,16.815000534057617,20.082420372009278,0.39797764551472725,21.102244605427458,9.684523837591037,0.6250564131735707,22.149999618530273,False,False,False,False,False,
NASDAQ:CYTK,,https://www.tradingview.com/chart/?symbol=NASDAQ%3ACYTK,False,,-60.92328446480783,-60.92328446480783,67.58999633789062,59.369998931884766,65.9425994720459,0.2951524858332291,-27.61788722705428,-39.21873089664746,0.3734370623411385,74.57749938964844,False,False,False,False,False,
NYSE:HBM,,https://www.tradingview.com/chart/?symbol=NYSE%3AHBM,False,,-46.86252673753568,-1.9415494397289823,26.649999618530273,18.059999465942383,21.319159790039063,0.6220129832283163,27.096640592673722,21.98032290020544,0.559789271608532,24.670000076293945,False,False,False,False,False,
NASDAQ:ZION,,https://www.tradingview.com/chart/?symbol=NASDAQ%3AZION,False,,-59.50911466265685,-59.50911466265685,64.95999908447266,53.09000015258789,57.86664054870605,0.5864623491861257,9.768653752985273,-7.654008499319646,0.3058788308681829,66.16999816894531,False,False,False,False,False,
NASDAQ:GSAT,,https://www.tradingview.com/chart/?symbol=NASDAQ%3AGSAT,False,,-2.685300462199839,49.4745266264509,83.02999877929688,57.0099983215332,63.47403907775879,0.9499816507372782,34.68561749963402,38.61842788077493,0.3369418488850563,81.29000091552734,False,False,False,False,False,
NYSE:CACI,,https://www.tradingview.com/chart/?symbol=NYSE%3ACACI,False,,21.690635697212702,21.690635697212702,632.6300048828125,439.5899963378906,496.3503514404297,0.8026278541475094,40.59080717449888,41.3216685821186,0.45942689445663204,523.5,False,False,False,False,False,
TSX:FTT,,https://www.tradingview.com/chart/?symbol=TSX%3AFTT,False,,11.91131726493551,53.89114393535374,98.80999755859375,80.5,87.19059963989258,0.6458553278338897,-21.546468899529014,-12.216333689431373,0.2949131310113825,96.12999725341797,False,False,False,False,False,
NYSE:GMED,,https://www.tradingview.com/chart/?symbol=NYSE%3AGMED,False,,-41.72394591847055,-41.72394591847055,74.29000091552734,73.55000305175781,79.03700305175781,0.03182786510836694,-26.97751758945418,-35.68627137997056,0.28391745235424914,81.88999938964844,False,True,False,False,False,
NYSE:DAR,,https://www.tradingview.com/chart/?symbol=NYSE%3ADAR,False,,-37.79292092581242,-37.79292092581242,63.2599983215332,52.275001525878906,56.27874066162109,0.647509529437372,47.20775735443072,42.869810524524326,0.2783885251099292,60.939998626708984,False,False,False,False,False,
NASDAQ:VSAT,,https://www.tradingview.com/chart/?symbol=NASDAQ%3AVSAT,False,,-28.651297198385375,33.765798923884155,76.45999908447266,43.720001220703125,54.59488165283203,0.7105033976301857,18.86334012934051,20.968927304591226,0.6539881128271173,70.45999908447266,False,False,False,False,False,
NYSE:QXO,,https://www.tradingview.com/chart/?symbol=NYSE%3AQXO,False,,-74.72134747366238,-45.789235782129744,12.210000038146973,11.279000282287598,14.523056125640869,0.06772877934052439,-63.02726336802337,-64.69400736860686,0.8323342321682818,16.514999389648438,False,True,False,True,False,"WATCH: weekly+band ok, waiting on 4h dot"
NYSE:CFR,,https://www.tradingview.com/chart/?symbol=NYSE%3ACFR,True,2026-09-21 09:30,-54.67838180586147,-53.9055322477764,158.69000244140625,129.50999450683594,139.1128350830078,0.7171296678241695,43.42268223461392,33.50974070894996,0.27799415043246267,146.3699951171875,False,False,False,False,False,
NYSE:PNR,,https://www.tradingview.com/chart/?symbol=NYSE%3APNR,False,,-52.80743547096182,-51.30396974747965,55.78499984741211,55.720001220703125,64.42958093261718,0.001761241806230531,-69.1807876825548,-69.69452922647098,0.5010861916456215,73.6500015258789,False,True,False,True,False,
NYSE:OGE,,https://www.tradingview.com/chart/?symbol=NYSE%3AOGE,False,,-61.011370144248055,-61.011370144248055,45.060001373291016,45.060001373291016,46.2234814453125,0.0,-28.98362408710555,-39.26586444596323,0.10357143830279945,47.599998474121094,False,True,False,False,False,
TSX:X,,https://www.tradingview.com/chart/?symbol=TSX%3AX,False,,-8.685225128242353,37.00530035728059,54.369998931884766,45.31999969482422,47.88767994689941,0.8318013188052286,40.8867836840784,43.14735032819695,0.20927102744490794,51.9900016784668,False,False,False,False,False,
TSX:KEY,,https://www.tradingview.com/chart/?symbol=TSX%3AKEY,False,,-63.179654421167804,-32.75028001425067,53.630001068115234,48.93000030517578,51.80920048522949,0.3852459400836169,-6.270042345948075,-19.53453977676127,0.21458096669012092,56.85499954223633,False,False,False,False,False,
NASDAQ:ONB,,https://www.tradingview.com/chart/?symbol=NASDAQ%3AONB,False,,-43.999274277906714,-43.999274277906714,25.2450008392334,20.915000915527344,22.419500915527344,0.6792156743068322,12.289746478835632,1.8124822287646074,0.2552552513564704,24.975000381469727,False,False,False,False,False,
NASDAQ:VICR,,https://www.tradingview.com/chart/?symbol=NASDAQ%3AVICR,False,,2.2980365785981185,60.68580899429324,224.0500030517578,141.64999389648438,197.73539245605468,0.34672842950362226,-31.034766186852725,-23.27490280095931,1.0379315515362753,228.96499633789062,False,False,False,False,False,
NYSE:ORI,,https://www.tradingview.com/chart/?symbol=NYSE%3AORI,False,,-73.66453218646296,-73.66453218646296,39.220001220703125,36.65999984741211,38.5302996673584,0.32302859555107577,7.55599419834057,-9.036021955808614,0.19433544566666092,40.779998779296875,False,False,False,False,False,
NASDAQ:SIRI,,https://www.tradingview.com/chart/?symbol=NASDAQ%3ASIRI,False,,-50.955788560438684,-50.955788560438684,27.440000534057617,22.0,24.494519927978516,0.514664209188332,2.7597207929852328,-13.322721943557054,0.3762235256506999,28.094999313354492,False,False,False,False,False,
NYSE:CTRE,,https://www.tradingview.com/chart/?symbol=NYSE%3ACTRE,True,2026-09-21 13:30,-72.80267361015426,-72.43691616417397,37.66999816894531,36.09000015258789,37.81516047668457,0.2161419588962533,-21.093931823287637,-30.724357896813935,0.1850164941492042,39.5099983215332,False,True,True,False,False,
NASDAQ:AAL,,https://www.tradingview.com/chart/?symbol=NASDAQ%3AAAL,False,,-32.38878772746427,19.291454271927687,13.59000015258789,10.175000190734863,12.080723552703857,0.42290502760307086,-29.884786889866366,-31.681310527212943,0.600825836570729,13.4399995803833,False,False,False,False,False,
NASDAQ:KRYS,,https://www.tradingview.com/chart/?symbol=NASDAQ%3AKRYS,False,,-50.42340738187746,-50.42340738187746,333.5799865722656,243.5,275.28920288085936,0.6687451997689092,27.878715328381258,17.613229522841575,0.41676982400838175,323.20001220703125,False,False,False,False,False,
NASDAQ:CORT,,https://www.tradingview.com/chart/?symbol=NASDAQ%3ACORT,False,,-30.19922905636551,6.3785957276129155,113.68000030517578,32.13999938964844,53.705678741455074,0.892317830667011,54.95429904380825,50.405610586329274,1.1199902114835718,81.58999633789062,False,False,False,False,False,
TSX:ATZ,,https://www.tradingview.com/chart/?symbol=TSX%3AATZ,False,,-72.61339181205814,-31.82147220240562,125.41000366210938,105.6500015258789,121.63192001342773,0.2917897815449075,-48.179755794193746,-49.9105876422883,0.4841984362632441,139.86000061035156,False,False,False,False,False,
NYSE:BRX,,https://www.tradingview.com/chart/?symbol=NYSE%3ABRX,False,,-76.25510426254647,-69.19034568583767,28.079999923706055,27.854999542236328,28.99369972229004,0.046632196039830966,-35.832804447607934,-43.30093604941163,0.16045895616586767,30.06999969482422,False,True,False,False,False,
NASDAQ:ENSG,,https://www.tradingview.com/chart/?symbol=NASDAQ%3AENSG,False,,17.259279903273413,17.259279903273413,174.42999267578125,146.9499969482422,161.94543896484376,0.4324833495751122,0.7690445588016738,0.5933995559804319,0.3611048313282109,175.9600067138672,False,False,False,False,False,
NYSE:SSB,,https://www.tradingview.com/chart/?symbol=NYSE%3ASSB,True,2026-09-21 09:30,-67.19843472008347,-66.74792741077476,103.11000061035156,87.83499908447266,93.44353894042969,0.6427520268539285,42.377094615304934,29.59986561055218,0.240682599795442,98.73999786376953,False,False,True,False,False,
NYSE:BEP,,https://www.tradingview.com/chart/?symbol=NYSE%3ABEP,False,,-64.76703720503221,-21.467689986228276,29.719999313354492,28.799999237060547,30.83667948913574,0.10660486239022801,-48.135392934044766,-55.5093301164399,0.25986152683003816,33.209999084472656,False,True,False,False,False,
NYSE:ALSN,,https://www.tradingview.com/chart/?symbol=NYSE%3AALSN,True,2026-09-21 09:30,-65.52613162646959,-60.98040633937311,118.8499984741211,107.5,114.32984057617188,0.3921906536497713,34.61437470603718,19.539796742682697,0.24189236533806113,119.63999938964844,False,False,True,False,False,
NYSE:HMY,,https://www.tradingview.com/chart/?symbol=NYSE%3AHMY,False,,-39.18816562902808,-27.71573090269116,19.010000228881836,13.329999923706055,15.739560157775879,0.5563173117931859,39.71720860164433,33.74566851512175,0.6158022339447088,16.579999923706055,False,False,False,False,False,
NYSE:AYI,,https://www.tradingview.com/chart/?symbol=NYSE%3AAYI,False,,-77.72027719167802,-46.798623018857995,306.55999755859375,257.8399963378906,285.8815180664063,0.41003196614660253,-0.6917446954274974,-16.134313158083103,0.3889489381732568,305.489990234375,False,False,False,False,False,
NASDAQ:WYNN,,https://www.tradingview.com/chart/?symbol=NASDAQ%3AWYNN,True,2026-09-21 09:30,-77.17175977564362,-72.12781839595182,83.31999969482422,81.66999816894531,88.30867932128906,0.05865628295312032,-60.163336354558986,-67.86604757742013,0.27998412004613327,100.47000122070312,False,True,True,True,True,FULL PASS
NASDAQ:FRHC,,https://www.tradingview.com/chart/?symbol=NASDAQ%3AFRHC,False,,-22.27994504578963,32.55114056987673,174.61500549316406,128.27999877929688,139.50887921142578,0.9738336471358664,57.8773571120148,60.69785563696074,0.3156637907497904,150.72999572753906,False,False,False,False,False,
NYSE:BMNR,,https://www.tradingview.com/chart/?symbol=NYSE%3ABMNR,False,,-27.688121950334217,31.69728263392837,28.235000610351562,13.3149995803833,16.83611982345581,1.0,52.36576271627239,57.530488224025305,0.7643442971352055,19.520000457763672,False,False,False,False,False,
NASDAQ:LINE,,https://www.tradingview.com/chart/?symbol=NASDAQ%3ALINE,False,,-43.248894461491794,-43.248894461491794,37.5,31.81999969482422,34.948179946899415,0.4285175290433557,-39.71777394746762,-46.15713365487643,0.33021926431651916,40.13999938964844,False,False,False,False,False,
NYSE:WLK,,https://www.tradingview.com/chart/?symbol=NYSE%3AWLK,False,,-59.16281593310021,-59.16281593310021,67.76000213623047,67.76000213623047,80.9099224243164,0.0,-44.128562843492126,-50.648868352451345,0.660659279583942,84.33999633789062,False,True,False,False,False,
NYSE:TKR,,https://www.tradingview.com/chart/?symbol=NYSE%3ATKR,False,,-41.638662595588606,-41.638662595588606,114.83000183105469,95.30999755859375,107.24215698242188,0.3860760525124491,-27.773127494726925,-35.63953638038362,0.4128694915612205,122.45999908447266,False,False,False,False,False,
NASDAQ:ERIE,,https://www.tradingview.com/chart/?symbol=NASDAQ%3AERIE,False,,-52.23801033181419,-52.23801033181419,235.9499969482422,206.64500427246094,221.37612384033204,0.469480832031822,19.792525535932665,7.858255887016684,0.25766769109987747,242.25,False,False,False,False,False,
NASDAQ:WULF,,https://www.tradingview.com/chart/?symbol=NASDAQ%3AWULF,False,,-29.234475693160125,24.958838517511282,17.46500015258789,13.404999732971191,17.14441979598999,0.25623227208553495,-33.15936868447424,-29.903219018135815,0.8192864602903628,19.34000015258789,False,False,False,False,False,
NYSE:GME,,https://www.tradingview.com/chart/?symbol=NYSE%3AGME,False,,68.8704299136428,68.8704299136428,22.760000228881836,17.850000381469727,19.896120399475098,0.5663206233224077,-32.1711162769702,-11.911864618530375,0.3944495112310556,21.979999542236328,False,False,False,False,False,
NASDAQ:CIFR,,https://www.tradingview.com/chart/?symbol=NASDAQ%3ACIFR,False,,-10.676785709840752,39.70319943364149,18.90999984741211,12.012200355529785,16.080321071624756,0.4001554510523098,-32.979473611627185,-26.7356665803581,0.9215610646768108,18.704999923706055,False,False,False,False,False,
NYSE:PRI,,https://www.tradingview.com/chart/?symbol=NYSE%3APRI,False,,-40.14538722063554,-40.14538722063554,285.5299987792969,245.0399932861328,264.27399688720703,0.49680979033678857,8.020277579328095,-1.8721762515558096,0.28899688818323405,282.010009765625,False,False,False,False,False,
NASDAQ:FROG,,https://www.tradingview.com/chart/?symbol=NASDAQ%3AFROG,False,,23.188775560078806,23.188775560078806,92.01000213623047,41.099998474121094,55.96091876220703,0.8084802711639667,37.32800360494434,37.83419431703472,0.7879129462389242,79.91999816894531,False,False,False,False,False,
NYSE:PSO,,https://www.tradingview.com/chart/?symbol=NYSE%3APSO,False,,-14.550661389029285,-14.550661389029285,15.899999618530273,12.595000267028809,13.783260005950927,0.6564051792766052,12.733207239677009,4.867195354049632,0.32876258776964185,15.3149995803833,False,False,False,False,False,
NASDAQ:SOLS,,https://www.tradingview.com/chart/?symbol=NASDAQ%3ASOLS,False,,-45.992797071219364,-45.992797071219364,57.68000030517578,54.959999084472656,63.185779876708985,0.07803761178413554,-38.01197436728953,-42.17112208411814,0.4618391783909509,75.47000122070312,False,True,False,False,False,
NYSE:HLI,,https://www.tradingview.com/chart/?symbol=NYSE%3AHLI,False,,-42.014942328025946,-40.31685561396196,132.66000366210938,122.63999938964844,132.10831823730467,0.2497508846447577,-25.43616952900378,-23.835855207664252,0.28669425766221485,139.94000244140625,False,False,False,False,False,
NASDAQ:HSIC,,https://www.tradingview.com/chart/?symbol=NASDAQ%3AHSIC,True,2026-09-21 09:30,-75.99654215808809,-73.61193865754261,85.22000122070312,68.9800033569336,74.21920263671875,0.7315315358660636,38.83078124473261,25.179625303757092,0.2764976546905097,80.29000091552734,False,False,True,False,False,
NYSE:ADC,,https://www.tradingview.com/chart/?symbol=NYSE%3AADC,False,,-86.24706627097363,-75.53028119067079,67.61000061035156,67.61000061035156,70.80544082641602,0.0,-40.29569017137107,-50.88728179217523,0.1787458866736283,75.75,False,True,False,False,False,
NYSE:LEVI,,https://www.tradingview.com/chart/?symbol=NYSE%3ALEVI,True,2026-09-21 09:30,-56.399856821472476,-54.61204198646805,19.81999969482422,17.8700008392334,19.67304069519043,0.25523547269295677,-35.378218532419275,-41.82076774541195,0.3397065125567402,22.489999771118164,False,False,False,False,False,
NYSE:RDY,,https://www.tradingview.com/chart/?symbol=NYSE%3ARDY,False,,-52.678352989388635,24.49805990136259,12.40999984741211,11.395000457763672,12.34018025970459,0.2534331091979943,-40.92142466257903,-33.80498217427786,0.3027210354755325,13.229999542236328,False,False,False,False,False,
NASDAQ:PSKY,,https://www.tradingview.com/chart/?symbol=NASDAQ%3APSKY,False,,-15.855157403867636,-15.855157403867636,9.899999618530273,7.724999904632568,8.692599882125855,0.5304877474363314,12.018861495191253,15.109744884383565,0.4005862278615472,10.234999656677246,False,False,False,False,False,
NASDAQ:ABVX,,https://www.tradingview.com/chart/?symbol=NASDAQ%3AABVX,False,,-60.03936503377153,-55.415822293133715,103.37000274658203,72.47000122070312,89.9009613647461,0.4183590748785918,-26.930708860858953,-38.23281690146855,0.6215079340826455,118.83999633789062,False,False,False,False,False,
NYSE:MSGS,,https://www.tradingview.com/chart/?symbol=NYSE%3AMSGS,False,,35.00479724756123,60.071841939858814,400.0799865722656,307.79998779296875,333.5192703857422,0.8467607769912382,31.618842257076114,33.84576799177569,0.28531786947415183,381.9599914550781,False,False,False,False,False,
NYSE:FPS,,https://www.tradingview.com/chart/?symbol=NYSE%3AFPS,False,,36.29448728967875,61.493929492140296,37.709999084472656,27.959999084472656,36.60231973266602,0.2662479319696399,-27.830922566434612,-19.893605553317542,0.9669924420238022,37.869998931884766,False,False,False,False,False,
NYSE:YMM,,https://www.tradingview.com/chart/?symbol=NYSE%3AYMM,False,,-57.094707525440334,-25.092807601405934,8.199999809265137,7.545000076293945,8.058300121307372,0.3011492761064485,-22.001269612738323,-30.611782221375876,0.25246665682181024,8.614999771118164,False,False,False,False,False,
NASDAQ:SIMO,,https://www.tradingview.com/chart/?symbol=NASDAQ%3ASIMO,False,,-17.96721017476055,23.69392531717696,268.7699890136719,105.3949966430664,160.4974585876465,0.6997236936208318,4.357881045301107,7.450012258377528,0.9214997858500092,253.375,False,False,False,False,False,
NYSE:VMI,,https://www.tradingview.com/chart/?symbol=NYSE%3AVMI,False,,-32.826540564061666,-32.826540564061666,469.1499938964844,384.010009765625,431.18169091796875,0.42595548354512014,-30.56062662325304,-34.42154428786189,0.4052840331159209,493.18499755859375,False,False,False,False,False,
NASDAQ:COLB,,https://www.tradingview.com/chart/?symbol=NASDAQ%3ACOLB,False,,-34.248571070884964,-31.70481538018993,29.90999984741211,26.100000381469727,27.877080543518066,0.5059759785546148,-9.155246046716458,-16.94393406526972,0.2506657941795645,30.040000915527344,False,False,False,False,False,
NASDAQ:SWKS,,https://www.tradingview.com/chart/?symbol=NASDAQ%3ASWKS,False,,52.29185033035594,52.29185033035594,88.70999908447266,52.5099983215332,61.66679814147949,0.9329897287307765,51.54743562508829,61.26283297444682,0.5816219422807876,66.70999908447266,False,False,False,False,False,
NYSE:GGB,,https://www.tradingview.com/chart/?symbol=NYSE%3AGGB,False,,4.465333641342759,4.465333641342759,5.005000114440918,3.255000114440918,3.7010400829315184,0.9259259913356916,43.97700821498248,46.58629882433657,0.4113166382553342,4.59499979019165,False,False,False,False,False,
NYSE:ESI,,https://www.tradingview.com/chart/?symbol=NYSE%3AESI,False,,-51.36195371686507,-14.3048448891524,33.435001373291016,30.100000381469727,34.58636043548584,0.17543403217609815,-42.99821345820311,-47.260176828802344,0.4954391649222819,38.369998931884766,False,True,False,False,False,
NYSE:UHS,,https://www.tradingview.com/chart/?symbol=NYSE%3AUHS,False,,35.36453020033453,35.36453020033453,174.61000061035156,140.19000244140625,153.22900244140624,0.6229863921981053,36.18726268462418,39.46029802765027,0.3253636463950582,169.80999755859375,False,False,False,False,False,
NYSE:NNN,,https://www.tradingview.com/chart/?symbol=NYSE%3ANNN,False,,-88.29190245861669,-75.40669267042104,41.619998931884766,41.5099983215332,43.409799041748045,0.0136646669130818,-22.407545447587314,-36.99751457691872,0.1785714890147216,45.08000183105469,False,True,False,False,False,
NYSE:OSK,,https://www.tradingview.com/chart/?symbol=NYSE%3AOSK,False,,-49.69826870095938,-32.042767778270424,143.3800048828125,119.19000244140625,128.38574157714845,0.6208136716256594,22.257137817493135,8.664580872217481,0.2648248057404202,147.13499450683594,False,False,False,False,False,
NYSE:LTH,,https://www.tradingview.com/chart/?symbol=NYSE%3ALTH,False,,-62.92952547312268,-62.92952547312268,39.93000030517578,25.75,30.571480072021483,0.6940773418189029,30.950005135852564,17.842368309984302,0.5858904769421945,34.869998931884766,False,False,False,False,False,
NASDAQ:HALO,,https://www.tradingview.com/chart/?symbol=NASDAQ%3AHALO,False,,-2.92569992329947,57.61848101533413,111.31999969482422,61.630001068115234,73.6636414642334,0.9745047458528168,82.19081382109975,78.52031488328105,0.7171589700810765,71.0999984741211,False,False,False,False,False,
NYSE:CUBE,,https://www.tradingview.com/chart/?symbol=NYSE%3ACUBE,False,,18.492374688217435,18.492374688217435,39.7400016784668,35.88999938964844,37.52311985778809,0.5563585527748331,-10.65777315054302,-16.787974399259163,0.17274093226208206,40.060001373291016,False,False,False,False,False,
NASDAQ:ALGM,,https://www.tradingview.com/chart/?symbol=NASDAQ%3AALGM,False,,-54.37468954729044,-23.72718762419525,35.5,28.045000076293945,37.85434020233154,0.1793576284835498,-40.770109199264624,-42.87891512733458,0.9639378841292754,43.119998931884766,False,True,False,False,False,
NYSE:AMG,,https://www.tradingview.com/chart/?symbol=NYSE%3AAMG,False,,-60.33699024071809,6.461058130419956,364.8699951171875,265.2049865722656,293.17924743652344,0.8408065589555515,30.012114227125167,25.180460048694908,0.34793138679880603,340.68499755859375,False,False,False,False,False,
NASDAQ:LLYVK,,https://www.tradingview.com/chart/?symbol=NASDAQ%3ALLYVK,False,,-38.82347891234014,-35.825896551373205,98.29000091552734,88.53500366210938,93.44734243774414,0.4686523989805968,0.6952841393504858,-10.922717605713952,0.20995556728019393,99.13999938964844,False,False,False,False,False,
NASDAQ:FCFS,,https://www.tradingview.com/chart/?symbol=NASDAQ%3AFCFS,False,,-28.952650084973826,-25.96303941647271,216.25999450683594,185.63999938964844,197.62643780517578,0.6028745651665143,26.61918904002357,21.22228931480972,0.23548773651194596,215.67999267578125,False,False,False,False,False,
NASDAQ:BRKR,,https://www.tradingview.com/chart/?symbol=NASDAQ%3ABRKR,False,,12.983045681169282,39.665284725529354,61.560001373291016,32.755001068115234,40.216141464233395,0.9111181014042163,21.840448061359808,31.463304566571267,0.5678491623116538,55.67499923706055,False,False,False,False,False,
NYSE:SARO,,https://www.tradingview.com/chart/?symbol=NYSE%3ASARO,True,2026-09-21 09:30,-75.88906087114127,-69.34510605087102,22.8700008392334,22.299999237060547,24.353199417114258,0.06551741979161231,-40.48281366813901,-48.09505344054097,0.3283019155826209,26.5,False,True,True,False,False,"NEAR: 4h+band ok, weekly shallow"
NASDAQ:KYMR,,https://www.tradingview.com/chart/?symbol=NASDAQ%3AKYMR,False,,-35.2701462892862,13.774417471560492,117.81999969482422,71.2300033569336,84.44718270874023,0.831889985228903,49.59663762292522,47.2985774461137,0.6251255669460449,89.58999633789062,False,False,False,False,False,
NYSE:TX,,https://www.tradingview.com/chart/?symbol=NYSE%3ATX,False,,-2.4232848110540783,-2.4232848110540783,56.900001525878906,37.3849983215332,42.28789868164063,0.9393502657526328,66.82311204003075,63.42044762559404,0.4500650258785394,46.15999984741211,False,False,False,False,False,
NYSE:DDS,,https://www.tradingview.com/chart/?symbol=NYSE%3ADDS,False,,-4.51315060119174,-4.51315060119174,639.760009765625,510.5299987792969,546.073962524414,0.8580439371217596,47.11933787738959,48.725420600702364,0.2570323118126797,585.95751953125,False,False,False,False,False,
NASDAQ:DOCU,,https://www.tradingview.com/chart/?symbol=NASDAQ%3ADOCU,False,,21.735193843905645,21.735193843905645,68.58000183105469,42.470001220703125,49.769457885742185,0.844166960200728,68.52035179500746,68.30021653987114,0.6393117081477532,48.380001068115234,False,False,False,False,False,
NYSE:TTC,,https://www.tradingview.com/chart/?symbol=NYSE%3ATTC,False,,-48.43798190664905,-28.517529468106527,93.37999725341797,85.56999969482422,89.05807940673829,0.5284166578913136,10.467067446512813,0.6014042134632582,0.15720058824727517,94.0199966430664,False,False,False,False,False,
NYSE:RRC,,https://www.tradingview.com/chart/?symbol=NYSE%3ARRC,False,,-75.11385000241357,-75.11385000241357,37.83000183105469,35.099998474121094,38.09837890625,0.21487626631116877,21.67191420614014,6.289877447419746,0.3122005633697196,40.69499969482422,False,True,False,False,False,
NASDAQ:XP,,https://www.tradingview.com/chart/?symbol=NASDAQ%3AXP,False,,10.26168384814117,55.41134126071152,20.780000686645508,14.9399995803833,16.481079517364503,0.8943340497818013,46.462358548928954,54.536990160749745,0.3770207764450809,17.31999969482422,False,False,False,False,False,
NYSE:FR,,https://www.tradingview.com/chart/?symbol=NYSE%3AFR,False,,3.4838206453177585,29.8573941118824,61.9900016784668,56.9900016784668,59.78424171447754,0.42229729185494486,-12.651138477623732,-16.627056092794206,0.18977400654618934,62.38999938964844,False,False,False,False,False,
NYSE:WAL,,https://www.tradingview.com/chart/?symbol=NYSE%3AWAL,False,,-33.06899003274567,-33.06899003274567,78.63999938964844,66.68000030517578,71.08375936889648,0.6409432812045778,-16.617526291572037,-25.063136800289904,0.23406918899881904,79.72000122070312,False,False,False,False,False,
NYSE:NCLH,,https://www.tradingview.com/chart/?symbol=NYSE%3ANCLH,True,2026-09-21 09:30,-55.564807237728694,-52.275629293461066,14.239999771118164,14.125,15.964620018005371,0.014753017317844537,-67.24531456507167,-70.32296175790779,0.4159551852453859,18.739999771118164,False,True,False,True,False,
NASDAQ:KTOS,,https://www.tradingview.com/chart/?symbol=NASDAQ%3AKTOS,False,,-14.507340795894285,13.276628348573448,48.619998931884766,43.875,56.02073913574219,0.09219856736667645,-32.81458045278084,-34.619489091707656,0.9110461109706138,56.4900016784668,False,True,False,False,False,
TSX:IMG,,https://www.tradingview.com/chart/?symbol=TSX%3AIMG,False,,-40.353441358890116,19.007678718264966,28.290000915527344,19.56999969482422,22.18487967681885,0.7870037256991647,34.545408676469414,37.08351486878452,0.4593697984323208,24.1200008392334,False,False,False,False,False,
NASDAQ:MTCH,,https://www.tradingview.com/chart/?symbol=NASDAQ%3AMTCH,False,,25.18861336356153,25.18861336356153,43.15999984741211,29.739999771118164,33.20447939300537,0.9141690422990986,72.80945408370336,73.87282489647464,0.3999999480286487,36.70000076293945,False,False,False,False,False,
NYSE:GKOS,,https://www.tradingview.com/chart/?symbol=NYSE%3AGKOS,False,,-68.2310674286885,-62.62390982665968,161.61000061035156,96.26000213623047,118.26464163208007,0.7008794505722987,46.82547799825182,34.33037494446993,0.6690105555745328,139.3699951171875,False,False,False,False,False,
NYSE:VOYA,,https://www.tradingview.com/chart/?symbol=NYSE%3AVOYA,False,,-65.09352091434879,-53.022651990904905,100.48999786376953,65.44000244140625,74.74784121704101,0.8886916844037861,52.632811204444316,47.426304340722034,0.43695982582057197,90.26000213623047,False,False,False,False,False,
NYSE:IT,,https://www.tradingview.com/chart/?symbol=NYSE%3AIT,False,,-5.326382759680368,-5.326382759680368,183.35000610351562,125.76000213623047,143.93200033569337,0.7479222035516717,39.7651203791335,40.210510432875694,0.49270535559286177,156.27999877929688,False,False,False,False,False,
NYSE:CHWY,,https://www.tradingview.com/chart/?symbol=NYSE%3ACHWY,False,,-44.24018618767692,-44.24018618767692,20.510000228881836,17.5049991607666,20.185959304809572,0.2645247276991332,2.627772298752932,-8.693946565762571,0.5027661409857789,22.594999313354492,False,False,False,False,False,
NASDAQ:FORM,,https://www.tradingview.com/chart/?symbol=NASDAQ%3AFORM,False,,-8.849420768815863,41.966276339989655,119.19999694824219,83.33999633789062,101.4388369140625,0.46759681143249165,-18.403787126806566,-8.808517015063378,0.6499703689286613,117.98999786376953,False,False,False,False,False,
NYSE:ALV,,https://www.tradingview.com/chart/?symbol=NYSE%3AALV,False,,-57.82182451993109,-38.65826966387809,117.73999786376953,100.11000061035156,107.56757684326172,0.557913083535859,7.995935846875025,-7.040209708733386,0.2645671353489311,119.44000244140625,False,False,False,False,False,
NASDAQ:POWL,,https://www.tradingview.com/chart/?symbol=NASDAQ%3APOWL,False,,-13.231644810719827,37.19377891449022,187.77000427246094,165.5,202.74905798339844,0.1410967496317144,-47.40213182873188,-45.698808506562386,0.6800740542867969,232.0850067138672,False,True,False,False,False,
NASDAQ:SNEX,,https://www.tradingview.com/chart/?symbol=NASDAQ%3ASNEX,False,,-40.69020774953844,-31.376318021934768,67.48200225830078,45.413333892822266,56.75863975524902,0.45906261121627406,-26.565154239449424,-29.826103344663352,0.6800904755649811,70.6866683959961,False,False,False,False,False,
NASDAQ:AAOI,,https://www.tradingview.com/chart/?symbol=NASDAQ%3AAAOI,False,,-51.03417401317669,5.43368431415706,108.68000030517578,76.4000015258789,110.99760116577148,0.22019098987231692,-30.290734632007183,-31.696085744331377,1.1129245904829643,131.72500610351562,False,True,False,False,False,
NYSE:FLS,,https://www.tradingview.com/chart/?symbol=NYSE%3AFLS,False,,-48.3066444504063,4.0513790702665915,74.68000030517578,64.37999725341797,69.94487768554687,0.4368109521600115,2.865334619151793,-5.134201939520788,0.31494591914024156,74.87000274658203,False,False,False,False,False,
NASDAQ:LGN,,https://www.tradingview.com/chart/?symbol=NASDAQ%3ALGN,False,,-7.331184993724154,24.90283871097426,54.54999923706055,48.83000183105469,61.4430217590332,0.10702586656689235,-52.343909171406914,-51.35426186504385,0.7723823965682003,69.19499969482422,False,True,False,False,False,
NASDAQ:ALKS,,https://www.tradingview.com/chart/?symbol=NASDAQ%3AALKS,False,,-37.54058729975003,-37.54058729975003,44.15999984741211,27.209999084472656,33.82035958862305,0.6051410021499039,-5.80630818771179,-17.264945791203477,0.63185204103936,44.33000183105469,False,False,False,False,False,
TSX:EFN,,https://www.tradingview.com/chart/?symbol=TSX%3AEFN,False,,-48.91106989079746,-39.45527196568178,25.0,24.799999237060547,26.74227912902832,0.024301430627431987,-47.436982093306845,-51.114132169208574,0.2809832463294122,29.290000915527344,False,True,False,False,False,
NASDAQ:MANH,,https://www.tradingview.com/chart/?symbol=NASDAQ%3AMANH,False,,-1.1204979602677465,-1.1204979602677465,209.1699981689453,119.8499984741211,144.77159811401367,0.8458333426653738,66.58938007121229,62.06935767051197,0.7313525792679776,144.38999938964844,False,False,False,False,False,
NASDAQ:IONS,,https://www.tradingview.com/chart/?symbol=NASDAQ%3AIONS,False,,-85.99181613156038,-68.20783597909781,44.900001525878906,44.439998626708984,54.32367887878418,0.010983832078269425,-53.495466923010135,-62.13308522841558,0.5740918823866294,72.94999694824219,False,True,False,False,False,
NYSE:FDS,,https://www.tradingview.com/chart/?symbol=NYSE%3AFDS,False,,-28.971149233715305,19.512345898898516,284.2900085449219,193.7899932861328,222.04155487060547,0.7559937363891699,52.59890492681043,47.287795185657096,0.4945877129171352,242.0399932861328,False,False,False,False,False,
TSX:CGG,,https://www.tradingview.com/chart/?symbol=TSX%3ACGG,False,,-27.905350800533643,-27.414832708245896,43.15999984741211,21.510000228881836,27.874920066833496,0.8027437956889394,62.97378281507785,58.87080108934104,0.9245800220368404,29.170000076293945,False,False,False,False,False,
NASDAQ:AAON,,https://www.tradingview.com/chart/?symbol=NASDAQ%3AAAON,False,,-22.251337795511635,-3.090171643851242,76.38999938964844,74.30000305175781,91.7451226196289,0.028273760682649175,-49.77830875370764,-49.22361283617267,0.7854637943846164,94.11000061035156,False,True,False,False,False,
NYSE:IAG,,https://www.tradingview.com/chart/?symbol=NYSE%3AIAG,False,,-48.70706961005152,5.706013615164667,20.1299991607666,13.925000190734863,15.870820163726806,0.7525772051130825,32.25821925282347,34.12275673547851,0.47453236751419176,17.375,False,False,False,False,False,
NYSE:ACM,,https://www.tradingview.com/chart/?symbol=NYSE%3AACM,True,2026-09-21 13:30,-60.738352470299446,-60.738352470299446,62.93000030517578,61.0099983215332,68.13837785339355,0.06356570467585554,-48.30876737598222,-52.05700675828558,0.42536258425130136,71.01000213623047,False,True,True,False,False,"NEAR: 4h+band ok, weekly shallow"
NASDAQ:BSY,,https://www.tradingview.com/chart/?symbol=NASDAQ%3ABSY,False,,-47.77404643534471,-3.764582053066981,31.950000762939453,28.415000915527344,30.778540771484376,0.35297055045913495,4.388986710003521,-5.104478996734297,0.30165660118984083,33.20000076293945,False,False,False,False,False,
TSX:AG,,https://www.tradingview.com/chart/?symbol=TSX%3AAG,False,,-61.32126688657225,-6.317011313382647,27.139999389648438,21.040000915527344,23.999441131591798,0.4864432239847704,17.59005328798359,16.730054638213442,0.46153849393871,27.170000076293945,False,False,False,False,False,
NASDAQ:RIOT,,https://www.tradingview.com/chart/?symbol=NASDAQ%3ARIOT,False,,-20.844317003162857,50.078748358630726,24.170000076293945,11.734999656677246,15.778859935760497,0.7257075903954902,-1.5295823962904056,13.185417121788767,0.8178997879975244,20.950000762939453,False,False,False,False,False,
NYSE:ARE,,https://www.tradingview.com/chart/?symbol=NYSE%3AARE,False,,35.51560159323905,41.671038685448174,53.31999969482422,40.41999816894531,44.179478240966795,0.8097929239642008,34.719363904165874,42.81278198392693,0.3226819305555491,49.36750030517578,False,False,False,False,False,
NASDAQ:PTGX,,https://www.tradingview.com/chart/?symbol=NASDAQ%3APTGX,False,,-43.114038727084335,-36.814174298839106,145.0,92.43000030517578,108.06145864868164,0.7936892166643457,56.298666919064665,48.91729464255614,0.5934503415352002,111.61000061035156,False,False,False,False,False,
NYSE:PRMB,,https://www.tradingview.com/chart/?symbol=NYSE%3APRMB,False,,-38.490041920218985,-38.490041920218985,20.479999542236328,17.8799991607666,19.784519538879394,0.32218090028255697,-34.919234135966825,-44.17065589619055,0.351175011441602,22.979999542236328,False,False,False,False,False,
NYSE:KT,,https://www.tradingview.com/chart/?symbol=NYSE%3AKT,False,,-41.30319580153634,-41.08784561736428,19.459999084472656,17.235000610351562,18.548340286254884,0.3998201299533668,28.603974850658187,29.877923512629373,0.2913611788253149,19.100000381469727,False,False,False,False,False,
NYSE:JXN,,https://www.tradingview.com/chart/?symbol=NYSE%3AJXN,True,2026-09-21 09:30,-55.018826763640135,-50.593739354793875,131.91000366210938,101.30000305175781,110.59132189941405,0.7774956669219488,63.506267933161894,57.00246672453456,0.35481250398367026,110.95999908447266,False,False,False,False,False,
NASDAQ:BOKF,,https://www.tradingview.com/chart/?symbol=NASDAQ%3ABOKF,True,2026-09-21 09:30,-57.86299036909892,-54.94675599526926,133.10000610351562,124.12999725341797,129.3337961730957,0.4068032069068006,4.189334201428922,-8.184474490274152,0.1637335391859237,134.6699981689453,False,False,False,False,False,
NASDAQ:APLD,,https://www.tradingview.com/chart/?symbol=NASDAQ%3AAPLD,False,,-42.16554137967478,26.360409528788455,28.19499969482422,20.409900665283203,27.310564468383788,0.2662473384294069,-36.36369561598389,-32.95802939772443,0.9672544261782878,30.229999542236328,False,False,False,False,False,
NASDAQ:CBSH,,https://www.tradingview.com/chart/?symbol=NASDAQ%3ACBSH,False,,-51.18282409480665,-51.18282409480665,56.54999923706055,47.16999816894531,50.34183874511719,0.6979166193614016,28.044729815432202,14.74694903444039,0.2439644654961014,55.09000015258789,False,False,False,False,False,
NYSE:REXR,,https://www.tradingview.com/chart/?symbol=NYSE%3AREXR,False,,40.630380919060975,40.630380919060975,38.720001220703125,32.470001220703125,34.1161008605957,0.8960575436953842,46.42021516359302,52.89922221551409,0.19554243992626844,35.66999816894531,False,False,False,False,False,
NYSE:AG,,https://www.tradingview.com/chart/?symbol=NYSE%3AAG,False,,-61.48666557987701,-12.832936685304619,19.329999923706055,15.03499984741211,17.29941968536377,0.44762901340869166,15.984501787824291,13.978172832193597,0.48804676438578426,19.65999984741211,False,False,False,False,False,
NYSE:AGCO,,https://www.tradingview.com/chart/?symbol=NYSE%3AAGCO,False,,-40.45977658741847,-40.45977658741847,119.91000366210938,98.47000122070312,106.71112078857422,0.6139749016502827,9.83115999854034,14.406287281771341,0.30273080737647046,115.3499984741211,False,False,False,False,False,
NYSE:ESE,,https://www.tradingview.com/chart/?symbol=NYSE%3AESE,False,,-59.956388174664944,-32.56457954197992,262.2699890136719,259.0400085449219,282.7001896972656,0.03221764811168785,-50.15937264180824,-53.573016616949424,0.3295043767337025,304.260009765625,False,True,False,False,False,
NYSE:FRO,,https://www.tradingview.com/chart/?symbol=NYSE%3AFRO,False,,34.51096166080263,34.51096166080263,49.79499816894531,30.190000534057617,35.91533718109131,0.8081235614731301,89.44536150837376,92.44261300918691,0.6434986884828221,37.70000076293945,False,False,False,False,False,
NASDAQ:GGAL,,https://www.tradingview.com/chart/?symbol=NASDAQ%3AGGAL,True,2026-09-21 13:30,-57.26825880893983,-57.26825880893983,41.73899841308594,39.97999954223633,44.0179596862793,0.10280530731164403,-41.512026771675316,-45.99761401647436,0.3728481333170626,45.88999938964844,False,True,False,False,False,
NYSE:AGX,,https://www.tradingview.com/chart/?symbol=NYSE%3AAGX,False,,-51.49140015148515,-50.92606724214193,380.5,380.5,479.11731884765624,0.0,-56.287643301046955,-58.5216541263825,0.6943034596004053,601.85498046875,False,True,False,False,False,
TSX:GIL,,https://www.tradingview.com/chart/?symbol=TSX%3AGIL,False,,-62.224699394260206,-44.58306667261735,64.81999969482422,63.869998931884766,69.243719039917,0.041721596128275015,-51.66294965819699,-60.676781295832455,0.2932388925990551,77.6500015258789,False,True,False,False,False,
NYSE:HESM,,https://www.tradingview.com/chart/?symbol=NYSE%3AHESM,False,,-34.528772041926224,-4.413596311304476,39.56999969482422,36.71500015258789,37.71800015258789,0.6717645981732536,46.53048191467813,41.367009321448435,0.10810123740186844,39.314998626708984,False,False,False,False,False,
TSX:CPX,,https://www.tradingview.com/chart/?symbol=TSX%3ACPX,False,,-58.652100138880705,2.615294958231273,62.29999923706055,58.0099983215332,62.255638717651365,0.2384658429833432,-38.001176275422885,-41.44489463716852,0.27064843309892295,66.47000122070312,False,False,False,False,False,
NYSE:AXS,,https://www.tradingview.com/chart/?symbol=NYSE%3AAXS,False,,-11.056681539975495,-11.056681539975495,97.9800033569336,94.56999969482422,100.3944797668457,0.13816870421165448,-24.24886067712626,-27.84955416213297,0.2452305291618901,100.63999938964844,False,True,False,False,False,
NYSE:QGEN,,https://www.tradingview.com/chart/?symbol=NYSE%3AQGEN,False,,8.095092022314704,46.56178188617027,44.76499938964844,32.6349983215332,35.53425828552246,0.9873830865916107,45.078076129302055,48.58747836005405,0.30258621451039486,40.599998474121094,False,False,False,False,False,
NASDAQ:CHYM,,https://www.tradingview.com/chart/?symbol=NASDAQ%3ACHYM,False,,-63.052936059803564,-63.052936059803564,29.90999984741211,16.420000076293945,20.696320274353027,0.7444811890907663,63.15462044670625,54.947051334189666,0.8519041113898751,21.270000457763672,False,False,False,False,False,
NASDAQ:TTD,,https://www.tradingview.com/chart/?symbol=NASDAQ%3ATTD,False,,-21.317806802293266,-21.317806802293266,13.880000114440918,13.020000457763672,16.611920295715333,0.056504579203407464,-59.448023163092785,-55.87448042488563,0.7867665987895706,19.344999313354492,False,True,False,False,False,
NASDAQ:SAIL,,https://www.tradingview.com/chart/?symbol=NASDAQ%3ASAIL,False,,25.382082599954582,26.934626195309516,20.329999923706055,10.489999771118164,12.918085731506348,0.9564076700313693,52.25151925925942,56.03374676144014,0.6868157641223382,14.979999542236328,False,False,False,False,False,
NYSE:AOS,,https://www.tradingview.com/chart/?symbol=NYSE%3AAOS,False,,-43.95197683115946,-40.92939524049296,56.95000076293945,55.790000915527344,58.61727990722656,0.09682806853975374,-23.164081103047526,-34.53819268731344,0.1969746101225081,60.81999969482422,False,True,False,False,False,
NASDAQ:GLXY,,https://www.tradingview.com/chart/?symbol=NASDAQ%3AGLXY,False,,-52.20203561914915,-0.16922405335305868,26.079999923706055,17.149999618530273,21.287079780578612,0.5094124332795221,-3.7970085814725603,2.592411733386787,0.7098603321837493,24.69499969482422,False,False,False,False,False,
TSX:SOBO,,https://www.tradingview.com/chart/?symbol=TSX%3ASOBO,False,,-51.91774342360602,-22.33070745983534,49.25,42.7400016784668,45.510641174316405,0.5545144383393391,8.22238545969187,-5.416381637013713,0.23206162934097127,50.59000015258789,False,False,False,False,False,
NYSE:ATR,,https://www.tradingview.com/chart/?symbol=NYSE%3AATR,False,,-14.91051659013204,-9.652140976170783,123.43000030517578,111.61000061035156,117.79084118652344,0.45131724295439024,3.6339376466304913,-6.24694841861551,0.20859386227349333,125.55500030517578,False,False,False,False,False,
NYSE:BIO,,https://www.tradingview.com/chart/?symbol=NYSE%3ABIO,False,,-5.245502346874248,-1.1935364827248358,376.04998779296875,241.50999450683594,277.186114074707,0.8899913667775067,71.74445416225898,66.65263029423105,0.5096591673735066,296.6099853515625,False,False,False,False,False,
NYSE:RHP,,https://www.tradingview.com/chart/?symbol=NYSE%3ARHP,False,,-52.86790149439445,-43.361767004801436,121.63500213623047,89.87000274658203,100.80270382690429,0.6856987857694226,11.201945656534392,1.5934638417719338,0.3834534021505029,120.80999755859375,False,False,False,False,False,
NYSE:IDA,,https://www.tradingview.com/chart/?symbol=NYSE%3AIDA,False,,-70.43449138039189,-69.97613057217309,130.77999877929688,130.77999877929688,136.3779190673828,0.0,-44.80439605411623,-51.83880120064884,0.16623450006908108,142.69000244140625,False,True,False,False,False,
TSX:CU,,https://www.tradingview.com/chart/?symbol=TSX%3ACU,False,,-37.20473091171993,11.58716817051031,50.470001220703125,47.125,49.37290036010742,0.35118117426175105,-5.7782399275255045,-13.240734834240225,0.18805530580314475,50.650001525878906,False,False,False,False,False,
NYSE:CNM,,https://www.tradingview.com/chart/?symbol=NYSE%3ACNM,False,,-13.6769137733553,21.68047417755847,43.08000183105469,40.599998474121094,43.77537890625,0.1843183217715843,-63.72511509481628,-61.53799447876681,0.2846715752629732,47.26499938964844,False,True,False,True,False,
NASDAQ:TEM,,https://www.tradingview.com/chart/?symbol=NASDAQ%3ATEM,False,,39.738673329607245,60.70622982807051,77.9800033569336,41.58000183105469,50.73208154296875,0.9386282277376307,50.26320660202321,60.577438680597595,0.7615868062412405,50.91999816894531,False,False,False,False,False,
NYSE:GIL,,https://www.tradingview.com/chart/?symbol=NYSE%3AGIL,False,,-64.26706858582081,-48.780778802559816,46.15999984741211,45.900001525878906,49.78574156188965,0.015790969883005913,-47.47732205698454,-57.558989471930744,0.29307582882072347,56.18000030517578,False,True,False,False,False,
NYSE:KMX,,https://www.tradingview.com/chart/?symbol=NYSE%3AKMX,True,2026-09-21 09:30,-66.57242145051914,-65.15343932645581,57.84000015258789,36.279998779296875,42.873839355468746,0.7716535250311839,46.51669446477357,36.54229408328033,0.5519012827932098,50.625,False,False,True,False,False,
TSX:EMP.A,,https://www.tradingview.com/chart/?symbol=TSX%3AEMP.A,False,,-14.887803888454613,-14.887803888454613,46.720001220703125,45.560001373291016,47.20964086914063,0.1659513879717483,-34.896816639659015,-41.00536557720031,0.14329639275711123,48.779998779296875,False,True,False,False,False,
NASDAQ:TGTX,,https://www.tradingview.com/chart/?symbol=NASDAQ%3ATGTX,False,,-16.91562065938334,33.65432538763485,57.185001373291016,26.954999923706055,34.5317802658081,0.941597884586788,47.07262457846192,49.83719368744078,0.6589020514107686,48.724998474121094,False,False,False,False,False,
NYSE:ASR,,https://www.tradingview.com/chart/?symbol=NYSE%3AASR,True,2026-09-21 13:30,-74.29413927735126,-72.85115370032223,244.96800231933594,242.55499267578125,271.0413767089844,0.019990963936143802,-65.92853766334025,-67.27041412613637,0.40597677289244266,297.32000732421875,False,True,True,True,True,FULL PASS
NASDAQ:PCVX,,https://www.tradingview.com/chart/?symbol=NASDAQ%3APCVX,False,,-34.94593748952437,-29.58635366107269,58.93000030517578,45.400001525878906,49.63620080566406,0.7537605058268182,38.869010971185894,34.054522175297784,0.31641101873935584,56.72999954223633,False,False,False,False,False,
NYSE:BVN,,https://www.tradingview.com/chart/?symbol=NYSE%3ABVN,False,,-36.620647428099026,-4.094294881021855,33.564998626708984,28.1299991607666,30.56787914276123,0.5261374158841706,22.780748884903932,19.484949510788976,0.3068924530758802,33.65999984741211,False,False,False,False,False,
NYSE:MP,,https://www.tradingview.com/chart/?symbol=NYSE%3AMP,True,2026-09-21 09:30,-63.65376247193126,-49.26787734084778,50.02000045776367,38.099998474121094,46.300998474121094,0.3430216398170526,-17.231571622270618,-23.252344982094925,0.6243262683303024,55.65999984741211,False,False,True,False,False,
NYSE:HXL,,https://www.tradingview.com/chart/?symbol=NYSE%3AHXL,False,,-62.86565443543363,-62.86565443543363,86.87999725341797,77.04000091552734,84.88700091552734,0.29593973948543234,-14.675211325166819,-25.153459099345156,0.3595371841809856,92.4800033569336,False,False,False,False,False,
TSX:TPX.B,,https://www.tradingview.com/chart/?symbol=TSX%3ATPX.B,False,,-58.82973188193257,-48.30521965322819,55.54999923706055,55.0,59.484,0.028947328266344573,-18.69636574927291,-34.784226421946386,0.3064516129032258,62.0,False,True,False,False,False,
NYSE:EAT,,https://www.tradingview.com/chart/?symbol=NYSE%3AEAT,True,2026-09-21 09:30,-71.97167936891265,-68.16734768984246,200.55999755859375,126.33000183105469,156.48136053466797,0.5810112626732096,47.15461554412519,32.69570284233987,0.7936389483018222,160.97999572753906,False,False,True,False,False,
NASDAQ:HQY,,https://www.tradingview.com/chart/?symbol=NASDAQ%3AHQY,False,,-22.353959982855287,-22.353959982855287,94.56999969482422,76.79000091552734,83.88888134765625,0.5910903489686875,26.6512486935287,16.95047377236962,0.34177935576565405,88.01000213623047,False,False,False,False,False,
TSX:CAE,,https://www.tradingview.com/chart/?symbol=TSX%3ACAE,False,,15.808847107052978,18.775724241313444,34.43000030517578,32.0,33.58001992797852,0.362957493045798,-36.30074727421601,-36.76433609307721,0.1880089744474206,35.61000061035156,False,False,False,False,False,
NASDAQ:TTEK,,https://www.tradingview.com/chart/?symbol=NASDAQ%3ATTEK,False,,-20.825706918154523,-20.825706918154523,35.970001220703125,25.92099952697754,28.615883674621582,0.8800246206474361,51.293456795834345,48.2068269889178,0.36564203627883424,31.229999542236328,False,False,False,False,False,
NASDAQ:IMVT,,https://www.tradingview.com/chart/?symbol=NASDAQ%3AIMVT,False,,-61.446774103253375,-37.43751300931361,37.060001373291016,22.989999771118164,28.17963971710205,0.6398363687412357,26.93883091551287,13.716882351948154,0.6318965590004879,34.79999923706055,False,False,False,False,False,
NASDAQ:VLY,,https://www.tradingview.com/chart/?symbol=NASDAQ%3AVLY,False,,-68.54611086839282,-68.54611086839282,13.404999732971191,11.595000267028809,12.444600131988526,0.5027777093428044,-11.730170687795544,-21.462681770185803,0.2612481493146729,13.779999732971191,False,False,False,False,False,
NYSE:SOBO,,https://www.tradingview.com/chart/?symbol=NYSE%3ASOBO,False,,-56.55942431871549,-40.78440677411981,35.09000015258789,31.28499984741211,33.03257955932617,0.5138421245677878,16.650970137031226,-0.20003452841461744,0.20484089811160358,36.150001525878906,False,False,False,False,False,
NYSE:SM,,https://www.tradingview.com/chart/?symbol=NYSE%3ASM,False,,-28.070696174702068,-28.070696174702068,34.75,25.489999771118164,29.24947939300537,0.5812932303963634,60.2752303286517,54.325729287426064,0.5125482122564824,31.079999923706055,False,False,False,False,False,
TSX:STN,,https://www.tradingview.com/chart/?symbol=TSX%3ASTN,False,,-17.51020020428247,-17.51020020428247,99.37000274658203,94.0,101.493,0.1691339447742372,-28.72297614382141,-31.82675651737249,0.3083721861142499,102.95999908447266,False,True,False,False,False,
NASDAQ:RGEN,,https://www.tradingview.com/chart/?symbol=NASDAQ%3ARGEN,False,,30.496109283826442,51.58094936435316,180.74000549316406,102.7300033569336,121.89556314086914,0.9605960228504173,63.50696702733507,63.51532558348753,0.6150874788708011,132.02999877929688,False,False,False,False,False,
NYSE:KEX,,https://www.tradingview.com/chart/?symbol=NYSE%3AKEX,False,,-40.57288269202435,-40.57288269202435,135.55999755859375,124.23999786376953,130.949477935791,0.3981709311752407,-4.7495184975781966,-13.612808623396084,0.20204675537389455,140.7100067138672,False,False,False,False,False,
NYSE:LNC,,https://www.tradingview.com/chart/?symbol=NYSE%3ALNC,True,2026-09-21 09:30,-70.67066562517947,-70.39093569663504,41.66999816894531,32.61000061035156,36.003680862426755,0.6300415080415033,45.014637102922016,33.48599619919195,0.3847491924579327,37.375,False,False,True,False,False,
NYSE:EMN,,https://www.tradingview.com/chart/?symbol=NYSE%3AEMN,False,,-73.02709449793481,-56.862575057086424,65.08000183105469,65.08000183105469,68.13974096679688,0.0,-20.665862763524057,-34.07721536741876,0.17991946679360443,72.05999755859375,False,True,False,False,False,
NASDAQ:IBRX,,https://www.tradingview.com/chart/?symbol=NASDAQ%3AIBRX,False,,5.289737402009463,42.20948773530018,8.454999923706055,6.585000038146973,7.256420101165771,0.6572933954456274,28.083125535043582,38.46368697382967,0.36924079107068725,7.704999923706055,False,False,False,False,False,
NYSE:ZWS,,https://www.tradingview.com/chart/?symbol=NYSE%3AZWS,False,,-45.315956132835595,-33.53293112709065,46.20000076293945,43.61000061035156,45.86852053833008,0.27063743314314326,-26.199460376167877,-34.22771742359582,0.19904324730376763,48.08000183105469,False,False,False,False,False,
NASDAQ:MXL,,https://www.tradingview.com/chart/?symbol=NASDAQ%3AMXL,False,,26.94946169552757,71.00933741409231,86.0,16.05500030517578,42.495259368896484,0.6243138498831194,-8.226105535805683,5.609018120153731,1.5431817959700191,72.5999984741211,False,False,False,False,False,
NYSE:UGI,,https://www.tradingview.com/chart/?symbol=NYSE%3AUGI,False,,-23.3870570494241,-23.3870570494241,37.220001220703125,32.15999984741211,33.82616017150879,0.7167139361238253,47.831038110869855,45.956810357587486,0.1945707979324835,36.28499984741211,False,False,False,False,False,
NYSE:STAG,,https://www.tradingview.com/chart/?symbol=NYSE%3ASTAG,False,,-9.652964345299006,40.12989941942394,37.5,35.98500061035156,37.413980682373044,0.2502063275460819,-14.795556995710841,-14.067413985980442,0.1591745572935626,38.040000915527344,False,False,False,False,False,
NYSE:BAH,,https://www.tradingview.com/chart/?symbol=NYSE%3ABAH,False,,14.995625959028802,14.995625959028802,77.37000274658203,59.720001220703125,65.6837204284668,0.6984568211536237,21.478618644506668,28.376904133117414,0.33041312152054786,76.4800033569336,False,False,False,False,False,
NYSE:BIRK,,https://www.tradingview.com/chart/?symbol=NYSE%3ABIRK,False,,-52.6449259528842,-18.19933130898481,31.364999771118164,30.010000228881836,34.51760031890869,0.07094238299340087,-57.506391987176755,-60.24006495601153,0.49296685786592176,38.744998931884766,False,True,False,False,False,
NYSE:CAE,,https://www.tradingview.com/chart/?symbol=NYSE%3ACAE,False,,-8.755452665698492,-4.8998500579684405,24.53499984741211,23.15999984741211,24.33527973937988,0.276104443050318,-36.831968467699646,-38.91301277911652,0.1940763667907261,25.65999984741211,False,False,False,False,False,
NASDAQ:QRVO,,https://www.tradingview.com/chart/?symbol=NASDAQ%3AQRVO,False,,53.24402340607827,53.24402340607827,117.12999725341797,76.05000305175781,86.31128204345703,0.9448021673939859,60.0128055867627,67.55642607162827,0.4674011826319963,93.0250015258789,False,False,False,False,False,
NYSE:NFG,,https://www.tradingview.com/chart/?symbol=NYSE%3ANFG,False,,-62.64437473967076,-57.65967018104556,79.97000122070312,75.31999969482422,80.27836019897461,0.2213232295612318,15.124505182263638,2.9287944991214356,0.2568146041219808,81.80999755859375,False,True,False,False,False,
NYSE:RAL,,https://www.tradingview.com/chart/?symbol=NYSE%3ARAL,False,,50.42828716871708,61.57843459308913,68.8550033569336,39.130001068115234,47.51272117614746,0.836852531130002,15.473485552350263,22.09088347965033,0.5666879432805398,62.68000030517578,False,False,False,False,False,
NYSE:TRNO,,https://www.tradingview.com/chart/?symbol=NYSE%3ATRNO,False,,-0.9869867596715665,22.506796040588057,66.41000366210938,60.41999816894531,63.87975903320312,0.40859508846140236,-9.974523282286109,-14.859507240479164,0.22202035337165402,66.02999877929688,False,False,False,False,False,
NYSE:STN,,https://www.tradingview.com/chart/?symbol=NYSE%3ASTN,False,,-44.796421165452436,-44.55982131741282,70.7300033569336,66.75,72.75030072021484,0.1565389529681267,-22.56284553593215,-27.698231050802253,0.3424704173404304,74.23999786376953,False,True,False,False,False,
NYSE:LAD,,https://www.tradingview.com/chart/?symbol=NYSE%3ALAD,True,2026-09-21 09:30,-83.93971112645524,-79.81824053313005,316.1000061035156,240.89500427246094,284.92906585693356,0.40306026274867546,40.3272477076235,20.653334965927655,0.6289311297695993,296.6700134277344,False,False,True,False,False,
NYSE:OSCR,,https://www.tradingview.com/chart/?symbol=NYSE%3AOSCR,False,,-25.348693282490576,-25.348693282490576,31.290000915527344,10.835000038146973,16.257100353240965,0.8903155468413873,49.13987720683972,45.14516546779718,0.8218566051814247,27.954999923706055,False,False,False,False,False,
NASDAQ:CHRD,,https://www.tradingview.com/chart/?symbol=NASDAQ%3ACHRD,False,,-34.74505019848666,-34.74505019848666,139.39999389648438,111.62999725341797,122.35147732543945,0.611270007847713,48.068791680433925,41.61853979355795,0.330448077662222,137.47999572753906,False,False,False,False,False,
NYSE:TAP,,https://www.tradingview.com/chart/?symbol=NYSE%3ATAP,False,,-61.511096369668905,-61.511096369668905,37.560001373291016,37.5099983215332,39.304779113769534,0.006575020340027066,-21.51909379327144,-35.302646549090504,0.18301054749327894,41.55500030517578,False,True,False,False,False,
NYSE:ETSY,,https://www.tradingview.com/chart/?symbol=NYSE%3AETSY,False,,-35.83111427309283,-35.78288470250495,73.45999908447266,47.31999969482422,56.69863919067383,0.6577755610168252,11.398633427946052,-0.6581531892720562,0.5534818408729387,71.80000305175781,False,False,False,False,False,
NYSE:OKLO,,https://www.tradingview.com/chart/?symbol=NYSE%3AOKLO,False,,-42.32308478069868,4.876139768287373,40.15999984741211,35.630001068115234,46.009280960083004,0.10300133757269544,-53.82456682743568,-51.43436497135185,0.8574770668198991,51.290000915527344,False,True,False,False,False,
NYSE:EDU,,https://www.tradingview.com/chart/?symbol=NYSE%3AEDU,False,,-40.38072673282297,-40.38072673282297,55.099998474121094,44.439998626708984,47.98943884277344,0.7087765424539764,38.015748966102315,33.066073139088495,0.2798920767599289,53.73500061035156,False,False,False,False,False,
NYSE:BLDR,,https://www.tradingview.com/chart/?symbol=NYSE%3ABLDR,True,2026-09-21 09:30,-63.018913678456336,-59.17830585556677,58.54999923706055,57.48500061035156,65.4724208984375,0.03146694011810289,-65.03822371346574,-68.03885389543353,0.44928979686750214,75.33000183105469,False,True,True,True,True,FULL PASS
NYSE:SSD,,https://www.tradingview.com/chart/?symbol=NYSE%3ASSD,False,,-46.15298619753997,-39.56620364212477,173.72999572753906,166.2899932861328,177.0114751586914,0.16376846009187515,-44.50370282132001,-50.9902088557955,0.24347504596281988,186.58999633789062,False,True,False,False,False,
NYSE:SNAP,,https://www.tradingview.com/chart/?symbol=NYSE%3ASNAP,False,,1.061013302084408,1.061013302084408,5.695000171661377,3.9198999404907227,4.487503509521485,0.738056766048225,27.04310707752982,32.13560512901434,0.45208642691139767,5.320000171661377,False,False,False,False,False,
NYSE:PBF,,https://www.tradingview.com/chart/?symbol=NYSE%3APBF,False,,9.562929730706413,16.00802323936308,72.51000213623047,36.849998474121094,46.78559811401367,0.8470309965457508,69.44062721358392,64.32657563939543,0.8994765131849727,46.80500030517578,False,False,False,False,False,
NASDAQ:AVAV,,https://www.tradingview.com/chart/?symbol=NASDAQ%3AAVAV,False,,47.94065470097936,56.594566589432894,160.8300018310547,136.60000610351562,156.90072351074218,0.2816786656841817,-29.560101701328744,-23.140785343915077,0.5022185288809645,171.27999877929688,False,False,False,False,False,
TSX:EQX,,https://www.tradingview.com/chart/?symbol=TSX%3AEQX,False,,-55.88641503144303,0.7934338367611228,17.079999923706055,12.079999923706055,14.343239959716797,0.5213764254894965,14.620804296271936,15.626245847585638,0.5614754212778141,17.079999923706055,False,False,False,False,False,
TSX:GMIN,,https://www.tradingview.com/chart/?symbol=TSX%3AGMIN,False,,-47.4814996914127,-1.167660869491484,50.279998779296875,32.720001220703125,38.69552114868164,0.6935228187298624,43.53407938733229,40.85974535686296,0.5401023702630684,46.880001068115234,False,False,False,False,False,
NASDAQ:LQDA,,https://www.tradingview.com/chart/?symbol=NASDAQ%3ALQDA,False,,-29.47472819519598,-19.245588782665475,66.43000030517578,34.77000045776367,48.054439773559565,0.5624445101800376,1.8666526148742293,-5.900814509680087,0.8415308359165755,66.88999938964844,False,False,False,False,False,
NYSE:PAYC,,https://www.tradingview.com/chart/?symbol=NYSE%3APAYC,False,,10.169174435002548,14.614303234432647,226.2899932861328,111.06999969482422,141.80663919067382,0.8846744124783249,75.96067255236083,70.47454201196506,0.946374091590879,137.6199951171875,False,False,False,False,False,
NASDAQ:Z,,https://www.tradingview.com/chart/?symbol=NASDAQ%3AZ,True,2026-09-21 09:30,-66.256368298719,-63.24585478971968,30.65999984741211,29.420000076293945,33.63732027435303,0.0693900231048539,-27.97473643521731,-38.926762199370486,0.5042325488626249,35.439998626708984,False,True,True,False,False,
NASDAQ:ZG,,https://www.tradingview.com/chart/?symbol=NASDAQ%3AZG,True,2026-09-21 09:30,-68.4506300041661,-65.88389906723575,31.1299991607666,29.1299991607666,33.451159034729,0.10922993218651432,-21.1254497477358,-32.508787119364264,0.5088938215368396,35.97999954223633,False,True,True,False,False,
TSX:CTC.A,,https://www.tradingview.com/chart/?symbol=TSX%3ACTC.A,False,,-26.77377107857718,-26.77377107857718,186.52999877929688,169.64999389648438,178.50707360839843,0.449773659255332,1.343968748547388,-8.479695615486493,0.1977969731883928,189.74000549316406,False,False,False,False,False,
NASDAQ:CBC,,https://www.tradingview.com/chart/?symbol=NASDAQ%3ACBC,False,,-45.94923354918836,-40.608165000697056,31.770000457763672,23.40999984741211,25.795959991455078,0.8269040658406898,48.086837242226515,39.9412510337401,0.35238760620969944,28.690000534057617,False,False,False,False,False,
NYSE:KNSL,,https://www.tradingview.com/chart/?symbol=NYSE%3AKNSL,False,,-46.120010980254165,-43.870997712033365,358.05999755859375,289.2049865722656,314.2882474365234,0.647833735841277,34.334785070702324,25.82599026772482,0.30791183126868005,345.17999267578125,False,False,False,False,False,
NYSE:MAC,,https://www.tradingview.com/chart/?symbol=NYSE%3AMAC,False,,-57.58542455114725,-27.64857403535129,22.575000762939453,18.1299991607666,20.120659484863282,0.5269710585048288,-16.418138039157594,-25.03311011158693,0.3669785142181904,22.985000610351562,False,False,False,False,False,
NYSE:CMC,,https://www.tradingview.com/chart/?symbol=NYSE%3ACMC,False,,-38.29533788340063,-38.29533788340063,63.9900016784668,58.2599983215332,62.90624922180176,0.2910477331644242,-18.39643587860471,-30.352850716127833,0.28858844125500516,68.22000122070312,False,False,False,False,False,
NASDAQ:CORZ,,https://www.tradingview.com/chart/?symbol=NASDAQ%3ACORZ,False,,-30.88238342006851,22.93810129256614,18.344999313354492,13.855799674987793,17.572610843658445,0.28504302924634767,-42.38756827617292,-41.18254412166883,0.7546334084300419,20.8700008392334,False,False,False,False,False,
NYSE:SGHC,,https://www.tradingview.com/chart/?symbol=NYSE%3ASGHC,True,2026-09-21 13:30,-86.9338415623832,-85.76731244554166,12.515000343322754,10.220000267028809,11.49204012298584,0.4257885595871351,-0.22594463092101572,-17.24684699630552,0.4077155280466449,13.220000267028809,False,False,True,False,False,
NYSE:AVTR,,https://www.tradingview.com/chart/?symbol=NYSE%3AAVTR,False,,40.3540003368187,40.3540003368187,15.095000267028809,7.409999847412109,9.412459991455078,0.9057159536607604,70.92600620014493,68.21789776757907,0.8792747094060358,9.649999618530273,False,False,False,False,False,
NYSE:CAVA,,https://www.tradingview.com/chart/?symbol=NYSE%3ACAVA,False,,-69.49442811337805,-43.93564029863395,52.0,49.77000045776367,61.013041213989254,0.04680939110501379,-61.074681073221065,-66.69332150115461,0.6200703119740082,76.83000183105469,False,True,False,True,False,"WATCH: weekly+band ok, waiting on 4h dot"
NYSE:JOBY,,https://www.tradingview.com/chart/?symbol=NYSE%3AJOBY,False,,-68.22379589501394,-32.656894674246,6.40500020980835,6.056399822235107,7.527529455184936,0.0559228021954275,-59.74174577809497,-60.61430274632418,0.7244160919499466,8.604999542236328,False,True,False,False,False,
NYSE:RSI,,https://www.tradingview.com/chart/?symbol=NYSE%3ARSI,False,,-96.71685765276281,-96.71685765276281,21.579999923706055,20.184999465942383,23.568059700012206,0.09731429098327773,-20.006039418571586,-33.2648875738153,0.5427868638638391,26.40999984741211,False,True,False,False,False,
NYSE:HR,,https://www.tradingview.com/chart/?symbol=NYSE%3AHR,True,2026-09-21 09:30,-79.68481994626009,-77.90867794850622,18.270000457763672,16.799999237060547,18.00005947113037,0.28908572939660654,-24.595725320917847,-34.038061860356066,0.2609030811460885,19.489999771118164,False,False,True,False,False,
TSX:CS,,https://www.tradingview.com/chart/?symbol=TSX%3ACS,False,,-48.54380255238513,-3.834870097543582,14.6899995803833,9.4399995803833,11.134479877471923,0.7311976433888266,35.14224615643005,25.526585233287655,0.546215367730129,13.145000457763672,False,False,False,False,False,
NYSE:PL,,https://www.tradingview.com/chart/?symbol=NYSE%3APL,False,,-54.680408511319854,-13.162105218028302,17.09000015258789,16.014999389648438,24.368219497680663,0.03037154256353904,-50.88458038301902,-51.762661470498664,1.2428020023410562,28.479999542236328,False,True,False,False,False,
NYSE:THG,,https://www.tradingview.com/chart/?symbol=NYSE%3ATHG,False,,-14.229263663753022,-14.229263663753022,223.14999389648438,168.94500732421875,184.37350732421874,0.8291393739543499,56.14953788960633,51.43051443734249,0.32805600361531007,199.27999877929688,False,False,False,False,False,
AMEX:EQX,,https://www.tradingview.com/chart/?symbol=AMEX%3AEQX,False,,-58.2694649165848,-6.636542643300337,12.170000076293945,8.609999656677246,10.331619674682617,0.4880055356250626,14.133070316987977,14.191542966426185,0.5894949556601168,12.375,False,False,False,False,False,
NASDAQ:BILI,,https://www.tradingview.com/chart/?symbol=NASDAQ%3ABILI,False,,-68.3473014022715,-46.52336572803938,15.15999984741211,14.395000457763672,17.315500457763672,0.06181813249684343,-56.28523392920857,-58.863795902673026,0.6831355316785711,18.114999771118164,False,True,False,False,False,
NASDAQ:AVT,,https://www.tradingview.com/chart/?symbol=NASDAQ%3AAVT,False,,19.500265168069664,41.20830327769042,95.45999908447266,58.470001220703125,68.16960086059571,0.8999999814369956,53.9576749264952,56.455382359344796,0.4758045818587336,86.37999725341797,False,False,False,False,False,
NYSE:PB,,https://www.tradingview.com/chart/?symbol=NYSE%3APB,True,2026-09-21 09:30,-69.75561182296202,-69.75561182296202,69.88999938964844,63.869998931884766,66.61939839172364,0.5167383382389585,5.904840296905125,-7.403221217126818,0.16480403605641586,70.69000244140625,False,False,True,False,False,
NASDAQ:VFS,,https://www.tradingview.com/chart/?symbol=NASDAQ%3AVFS,False,,19.237174290152335,61.98502991888157,3.384999990463257,2.815000057220459,3.307107217788696,0.27335506374255913,-13.021362980630345,0.7041492420172872,0.6619681808844617,3.1500000953674316,False,False,False,False,False,
NASDAQ:CAMT,,https://www.tradingview.com/chart/?symbol=NASDAQ%3ACAMT,False,,-20.488845409311907,32.88047236889864,149.4199981689453,126.97000122070312,147.93388165283204,0.2527298940164351,-29.963542612536816,-25.524106524551495,0.5573122665864302,159.38999938964844,False,False,False,False,False,
TSX:DPM,,https://www.tradingview.com/chart/?symbol=TSX%3ADPM,False,,-60.481343090558646,3.480244666909556,60.09000015258789,40.63999938964844,47.59728018188476,0.6597692858934116,56.595620475838075,50.339462930917406,0.6004074190037192,49.099998474121094,False,False,False,False,False,
NYSE:ENS,,https://www.tradingview.com/chart/?symbol=NYSE%3AENS,False,,-61.30236289983395,1.8172188210751852,178.5800018310547,159.82000732421875,179.554326171875,0.22434818945570534,-47.23192396026735,-48.9049567633539,0.42119576704448947,198.52999877929688,False,True,False,False,False,
NYSE:MOS,,https://www.tradingview.com/chart/?symbol=NYSE%3AMOS,False,,-41.578336236991255,-41.578336236991255,24.06999969482422,19.825000762939453,22.544900672912597,0.36832963751768955,48.540261027783664,44.43168439102384,0.4974104264385356,23.170000076293945,False,False,False,False,False,
NASDAQ:CELH,,https://www.tradingview.com/chart/?symbol=NASDAQ%3ACELH,False,,-25.526239567443053,-12.642306881091796,28.010000228881836,23.764999389648438,28.72689974975586,0.20190252229034952,-20.29456403649641,-25.69711259406925,0.6887797473751852,30.524999618530273,False,True,False,False,False,
NASDAQ:POOL,,https://www.tradingview.com/chart/?symbol=NASDAQ%3APOOL,False,,-68.52062456435884,-53.708367220060495,167.8000030517578,166.83749389648438,182.78932360839843,0.014239881239133114,-53.32823579066499,-60.18095945683369,0.34442037594546177,196.25,False,True,False,False,False,
NASDAQ:DBX,,https://www.tradingview.com/chart/?symbol=NASDAQ%3ADBX,False,,17.07959665228768,17.07959665228768,36.02000045776367,21.8700008392334,25.680220497131348,0.876432387054412,70.35371411978224,68.47001554888408,0.5880531267630643,27.454999923706055,False,False,False,False,False,
NYSE:SSL,,https://www.tradingview.com/chart/?symbol=NYSE%3ASSL,False,,-16.75669691799683,-16.75669691799683,13.5600004196167,9.498800277709961,10.827433040618896,0.7213755826640578,50.61582828234879,54.9162870958922,0.4538331289013295,12.404999732971191,False,False,False,False,False,
NYSE:NOV,,https://www.tradingview.com/chart/?symbol=NYSE%3ANOV,True,2026-09-21 13:30,-68.4387328232348,-68.4387328232348,20.139999389648438,17.78499984741211,18.713659721374512,0.5984751872570675,41.629820614883364,30.10857262522352,0.19719365978386696,19.954999923706055,False,False,True,False,False,
NYSE:VIPS,,https://www.tradingview.com/chart/?symbol=NYSE%3AVIPS,False,,-62.60227441163616,-25.833126705519614,12.505000114440918,12.09000015258789,13.05641999053955,0.10134310902071256,-44.808884072380884,-50.89541228890174,0.28576408479808524,14.329999923706055,False,True,False,False,False,
NYSE:LEA,,https://www.tradingview.com/chart/?symbol=NYSE%3ALEA,True,2026-09-21 13:30,-63.31463858961471,-63.31463858961471,120.20999908447266,113.54000091552734,121.97699911499024,0.1865734151716785,-24.924728415534656,-35.02316855294194,0.2764032270204447,129.33999633789062,False,True,True,False,False,
NYSE:FAF,,https://www.tradingview.com/chart/?symbol=NYSE%3AFAF,False,,-46.71866875661224,-46.71866875661224,69.23999786376953,56.849998474121094,62.136398834228515,0.5531249350735163,25.939498128480228,9.631547956828275,0.32444961223691215,69.04000091552734,False,False,False,False,False,
NASDAQ:SLAB,,https://www.tradingview.com/chart/?symbol=NASDAQ%3ASLAB,False,,12.32412037189731,47.60934518814083,221.0,202.08999633789062,206.55275720214843,1.0,39.29465969238845,44.073805664368905,0.0867590524849542,217.9600067138672,False,False,False,False,False,
NASDAQ:LSTR,,https://www.tradingview.com/chart/?symbol=NASDAQ%3ALSTR,True,2026-09-21 13:30,-57.9313907107932,-53.97719940366343,170.36000061035156,144.35000610351562,163.47072351074218,0.32103181972101763,-36.416102863095226,-41.46459183002861,0.4468835501924518,181.3000030517578,False,False,False,False,False,
NYSE:FLR,,https://www.tradingview.com/chart/?symbol=NYSE%3AFLR,False,,-37.90270494546357,15.253835697934184,54.7400016784668,42.53499984741211,46.14933952331543,0.7969313043077563,56.02580914445417,54.747434988457414,0.3053229400577665,50.15999984741211,False,False,False,False,False,
NASDAQ:RYTM,,https://www.tradingview.com/chart/?symbol=NASDAQ%3ARYTM,False,,-52.25910721518494,-44.774081790106216,98.7699966430664,75.4000015258789,85.4913620300293,0.5465386798329027,11.026232293839575,-2.413400209199601,0.44620683835126107,95.83000183105469,False,False,False,False,False,
NYSE:NPO,,https://www.tradingview.com/chart/?symbol=NYSE%3ANPO,False,,-40.748993585984046,-3.146991798579388,296.04998779296875,239.02999877929688,274.1373610839844,0.38330186387798876,-29.89696836561632,-34.82272440324527,0.481517474558313,308.94000244140625,False,False,False,False,False,
NYSE:FSS,,https://www.tradingview.com/chart/?symbol=NYSE%3AFSS,False,,-25.757824122919033,-9.460358373040345,115.16999816894531,103.76499938964844,110.83673852539063,0.38061071827582027,-9.487150491523503,-18.359846305515838,0.258274411350635,116.0199966430664,False,False,False,False,False,
NYSE:MSM,,https://www.tradingview.com/chart/?symbol=NYSE%3AMSM,False,,29.23877998591779,48.87709866144877,121.58999633789062,85.70999908447266,95.52641937255859,0.8626035869800475,26.789405891587368,27.00292839725179,0.3566712419917364,116.62000274658203,False,False,False,False,False,
NYSE:ACI,,https://www.tradingview.com/chart/?symbol=NYSE%3AACI,False,,-5.884809026170299,-5.884809026170299,12.119999885559082,11.024999618530273,12.705319816589355,0.15379215420804723,-52.62861690017903,-48.96409678374734,0.4732469792706892,15.045000076293945,False,True,False,False,False,
NYSE:HIMS,,https://www.tradingview.com/chart/?symbol=NYSE%3AHIMS,False,,-4.975837487564967,12.386655442212323,29.34000015258789,18.760000228881836,23.44814017486572,0.532595018656299,-15.331066591042642,-16.467649106179955,0.7090844263397805,28.014999389648438,False,False,False,False,False,
NYSE:ACA,,https://www.tradingview.com/chart/?symbol=NYSE%3AACA,False,,-18.054082796574612,52.43271843615053,146.1999969482422,100.45500183105469,111.32162139892579,0.9934845680597693,41.503786438576554,40.25971249067749,0.3468288646740974,132.75999450683594,False,False,False,False,False,
NYSE:NEU,,https://www.tradingview.com/chart/?symbol=NYSE%3ANEU,False,,7.237537920287899,27.799678553882416,885.030029296875,584.9000244140625,673.6501838378906,0.7980907483680164,54.27545043624274,49.812253071975604,0.48324958734857193,778.1900024414062,False,False,False,False,False,
NYSE:EPRT,,https://www.tradingview.com/chart/?symbol=NYSE%3AEPRT,False,,-92.85940367694293,-74.06901070291305,26.760000228881836,26.75,28.344180252075194,0.0014804185493084133,-52.0247095126436,-64.57395384112543,0.21765751897300262,31.03499984741211,False,True,False,False,False,
NYSE:CAG,,https://www.tradingview.com/chart/?symbol=NYSE%3ACAG,False,,-13.08205636239037,0.3937551710759249,14.835000038146973,12.569999694824219,13.536419982910155,0.5531134720721392,31.899502240613376,24.26010928746936,0.2801916719010544,14.614999771118164,False,False,False,False,False,
NASDAQ:BZ,,https://www.tradingview.com/chart/?symbol=NASDAQ%3ABZ,False,,-74.48409439381977,-64.14742972853433,14.430000305175781,12.65999984741211,14.150339973449707,0.28028508441413896,34.61212215102578,16.934990022223538,0.4458171938626328,14.164999961853027,False,False,False,False,False,
NYSE:PACS,,https://www.tradingview.com/chart/?symbol=NYSE%3APACS,False,,-38.47141047856803,-38.47141047856803,42.04999923706055,29.510000228881836,34.00343999481201,0.6586134275948282,24.754037069543184,13.292653886067418,0.4902162444226995,38.84000015258789,False,False,False,False,False,
NYSE:GAP,,https://www.tradingview.com/chart/?symbol=NYSE%3AGAP,False,,-59.92033545920896,-23.33710736233626,21.260000228881836,18.34000015258789,20.46400015258789,0.3244444529215495,1.8626626096104875,-1.8419581423515905,0.42134830256691974,21.360000610351562,False,False,False,False,False,
NYSE:AXTA,,https://www.tradingview.com/chart/?symbol=NYSE%3AAXTA,True,2026-09-21 09:30,-70.95010571968487,-70.69589019910217,31.850000381469727,25.3799991607666,28.40079943084717,0.5054688001749992,22.20785496852892,3.9746481912378187,0.3966532681386961,32.27000045776367,False,False,True,False,False,
NASDAQ:MBLY,,https://www.tradingview.com/chart/?symbol=NASDAQ%3AMBLY,False,,-69.03300588304094,-40.72450936199224,8.0,6.505000114440918,7.531599979400635,0.3436781798191526,-34.83368850839616,-41.37147855685638,0.5025996027734239,8.654999732971191,False,False,False,False,False,
NASDAQ:CRUS,,https://www.tradingview.com/chart/?symbol=NASDAQ%3ACRUS,False,,30.747986368163893,30.747986368163893,120.04000091552734,108.40380096435547,125.06922494506836,0.16478087756151355,-53.691789890618416,-48.200239728414005,0.4816273745723751,146.6199951171875,False,True,False,False,False,
NYSE:JBTM,,https://www.tradingview.com/chart/?symbol=NYSE%3AJBTM,True,2026-09-21 09:30,-64.54218747528864,-62.125881518153854,110.5199966430664,110.1500015258789,119.29028231811523,0.009553190940306542,-51.073490793240296,-54.19240455704586,0.29943177541780736,129.34500122070312,False,True,True,False,False,"NEAR: 4h+band ok, weekly shallow"
NYSE:VIST,,https://www.tradingview.com/chart/?symbol=NYSE%3AVIST,False,,-45.006824348123594,-45.006824348123594,70.375,60.41999816894531,64.87449816894531,0.5274173155525662,45.859578567751605,39.00969535045809,0.2715436544370619,69.51000213623047,False,False,False,False,False,
NYSE:ECG,,https://www.tradingview.com/chart/?symbol=NYSE%3AECG,False,,-37.23834098493162,9.613743655123487,116.8499984741211,109.04000091552734,123.2578215637207,0.12963726786512342,-49.84126934207364,-51.30816791838118,0.446358466338526,134.97000122070312,False,True,False,False,False,
NASDAQ:SFM,,https://www.tradingview.com/chart/?symbol=NASDAQ%3ASFM,False,,-61.425664193030265,-58.831596344626035,68.66000366210938,68.66000366210938,74.09024533081055,0.0,-32.390057623107204,-45.83461129907411,0.2857258033649297,80.52999877929688,False,True,False,False,False,
NASDAQ:PLXS,,https://www.tradingview.com/chart/?symbol=NASDAQ%3APLXS,False,,-7.233228730535644,24.813519916216922,252.52999877929688,189.75999450683594,216.70883868408202,0.549697824176391,-21.569095488626328,-21.77093169025573,0.44859562495065847,254.5500030517578,False,False,False,False,False,
NYSE:CWEN,,https://www.tradingview.com/chart/?symbol=NYSE%3ACWEN,False,,-55.893210294716916,-15.45719320588276,30.889999389648438,29.93000030517578,32.60742059326172,0.08461868498707475,-51.15786369170625,-52.538943023914385,0.30778624614338873,36.86000061035156,False,True,False,False,False,
NYSE:GTES,,https://www.tradingview.com/chart/?symbol=NYSE%3AGTES,False,,-3.785040934517987,-1.4620655938040972,25.450000762939453,21.045000076293945,23.1772600402832,0.4875485070325961,-10.993540470406176,-17.720469753281105,0.34992253889233127,25.81999969482422,False,False,False,False,False,
NYSE:NE,,https://www.tradingview.com/chart/?symbol=NYSE%3ANE,False,,-44.823917281120885,-44.823917281120885,44.189998626708984,37.09000015258789,41.168079864501955,0.4108795703520295,21.413744098059325,17.787762788440464,0.37386409179835156,46.220001220703125,False,False,False,False,False,
NYSE:COMP,,https://www.tradingview.com/chart/?symbol=NYSE%3ACOMP,False,,-46.392789221612475,-46.392789221612475,10.109999656677246,6.565000057220459,8.166260133743286,0.5224759661082296,6.0873167131975565,-4.138780039856462,0.7195122062217993,9.430000305175781,False,False,False,False,False,
NYSE:OMF,,https://www.tradingview.com/chart/?symbol=NYSE%3AOMF,True,2026-09-21 09:30,-61.410669054228464,-59.36192866688404,60.435001373291016,49.25,53.132199279785155,0.6799394193496323,44.28642177040957,31.484231415852733,0.27923946682822526,58.90999984741211,False,False,True,False,False,
NYSE:ICL,,https://www.tradingview.com/chart/?symbol=NYSE%3AICL,False,,-61.24200981815219,-61.24200981815219,5.349999904632568,4.851200103759766,5.315860439300537,0.253339362114872,22.291797726959164,12.944256311147043,0.3666480016438007,5.369999885559082,False,False,False,False,False,
NYSE:UGP,,https://www.tradingview.com/chart/?symbol=NYSE%3AUGP,False,,37.12132184816389,53.98231762105893,7.610000133514404,4.679999828338623,5.376199895858765,0.9932203461061562,67.27481428074564,68.8678497396427,0.4978903276181015,5.925000190734863,False,False,False,False,False,
NYSE:AN,,https://www.tradingview.com/chart/?symbol=NYSE%3AAN,True,2026-09-21 09:30,-95.5392169311062,-92.75727984004772,168.80999755859375,168.3699951171875,183.21675598144532,0.006994156982878432,-0.4862384091269701,-25.51507490735343,0.3188787920741078,197.28500366210938,False,True,True,False,False,
NYSE:INGM,,https://www.tradingview.com/chart/?symbol=NYSE%3AINGM,False,,-47.59861010260602,-13.434683928234696,26.950000762939453,21.399999618530273,23.81191990661621,0.543052884687165,-8.680083784344726,-22.63924900429445,0.3665053303502497,27.885000228881836,False,False,False,False,False,
NYSE:LUMN,,https://www.tradingview.com/chart/?symbol=NYSE%3ALUMN,False,,-40.28531456736583,-40.28531456736583,6.449999809265137,5.659999847412109,6.934399982452392,0.14629627372993112,-26.185960761333064,-25.464073726025553,0.7906296680124226,6.829999923706055,False,True,False,False,False,
TSX:DFY,,https://www.tradingview.com/chart/?symbol=TSX%3ADFY,False,,10.563044635155753,22.452419441196415,72.4800033569336,62.369998931884766,66.95075889587402,0.5208657653027633,-0.45944139370714715,-5.975157114822316,0.27326482023070997,71.02999877929688,False,False,False,False,False,
NASDAQ:LNTH,,https://www.tradingview.com/chart/?symbol=NASDAQ%3ALNTH,False,,-4.818087529956259,-3.0269806240274044,100.29000091552734,73.08999633789062,82.03203799438477,0.7178674990470809,-1.2142634540050505,-4.912123229909802,0.37731535261828336,100.41999816894531,False,False,False,False,False,
NYSE:MTDR,,https://www.tradingview.com/chart/?symbol=NYSE%3AMTDR,False,,-38.834156983503306,-38.834156983503306,54.099998474121094,45.66999816894531,50.3439782409668,0.42565009721169805,31.44128631254917,26.68880414790366,0.35087253808581065,56.44499969482422,False,False,False,False,False,
NYSE:KGS,,https://www.tradingview.com/chart/?symbol=NYSE%3AKGS,False,,-33.88100195110672,-33.88100195110672,56.2400016784668,54.13999938964844,59.47359902954101,0.09292046153113856,-25.967996060103676,-35.26080057485352,0.35268411092910734,64.08000183105469,False,True,False,False,False,
NASDAQ:PPC,,https://www.tradingview.com/chart/?symbol=NASDAQ%3APPC,False,,-48.71242116393008,-45.59294846608808,29.489999771118164,26.399999618530273,29.1328796005249,0.2668393931732401,5.425818406564012,3.2939928591197303,0.39049063077313834,29.655000686645508,False,False,False,False,False,
NASDAQ:CROX,,https://www.tradingview.com/chart/?symbol=NASDAQ%3ACROX,False,,1.864858950422138,51.1828725499646,123.5999984741211,75.76000213623047,91.18496047973633,0.731946167005083,-3.8917203768078337,-3.2147652750025024,0.5515383249529346,118.50489807128906,False,False,False,False,False,
NYSE:SWX,,https://www.tradingview.com/chart/?symbol=NYSE%3ASWX,False,,-64.48660475356927,-64.48660475356927,84.62000274658203,83.58999633789062,86.05619741821289,0.09856516339673638,-24.698274435043118,-38.87869428033075,0.11704754391260104,89.27999877929688,False,True,False,False,False,
NYSE:KLAR,,https://www.tradingview.com/chart/?symbol=NYSE%3AKLAR,False,,-47.88363853417772,-47.88363853417772,13.640000343322754,12.255000114440918,14.264540195465088,0.16265416007503955,-31.20368727594919,-35.93397692392756,0.5624174471751683,15.140000343322754,False,True,False,False,False,
NASDAQ:COGT,,https://www.tradingview.com/chart/?symbol=NASDAQ%3ACOGT,True,2026-09-21 13:30,-68.45608903359482,-68.45608903359482,32.029998779296875,30.979999542236328,33.85447961425781,0.08620683175306319,-27.69971693670587,-37.37069820771106,0.3369760727879479,36.14500045776367,False,True,True,False,False,
NYSE:SNDR,,https://www.tradingview.com/chart/?symbol=NYSE%3ASNDR,False,,-63.75512106152896,-63.75512106152896,32.310001373291016,23.440000534057617,27.060240119934083,0.5782269787407693,-22.155812224778817,-35.55676492220883,0.44322444307184417,34.61000061035156,False,False,False,False,False,
NYSE:FNB,,https://www.tradingview.com/chart/?symbol=NYSE%3AFNB,True,2026-09-21 09:30,-63.53498581727456,-62.35236685978665,17.895000457763672,15.809800148010254,16.68894727706909,0.559755309249121,-2.1575703112590374,-14.324310264355653,0.20547158697410225,18.1299991607666,False,False,True,False,False,
NYSE:AROC,,https://www.tradingview.com/chart/?symbol=NYSE%3AAROC,False,,-37.69304561826299,-24.610434741259553,30.739999771118164,29.93000030517578,32.76200030517578,0.06749995549519856,-48.21564713442151,-51.900052509720844,0.33463468476729497,35.86000061035156,False,True,False,False,False,
NYSE:ST,,https://www.tradingview.com/chart/?symbol=NYSE%3AST,False,,-9.544889069990504,-9.544889069990504,41.84000015258789,33.16999816894531,37.97967842102051,0.42541715060098323,-33.23293850302156,-37.48560299822661,0.4594229212737993,44.36000061035156,False,False,False,False,False,
NYSE:VFC,,https://www.tradingview.com/chart/?symbol=NYSE%3AVFC,False,,-34.652328600729376,-13.574870438501279,13.045000076293945,12.5600004196167,14.691080356597901,0.05370981960346791,-74.59650887781083,-72.25951150905297,0.5407185221817783,16.700000762939453,False,True,False,True,False,
NASDAQ:IDCC,,https://www.tradingview.com/chart/?symbol=NASDAQ%3AIDCC,False,,-43.61195276431807,-41.55116206106508,326.54998779296875,250.4550018310547,280.40457794189456,0.5996217315580608,35.261839881352785,31.22473202700602,0.42021517722022456,302.0,False,False,False,False,False,
NYSE:AWI,,https://www.tradingview.com/chart/?symbol=NYSE%3AAWI,False,,-65.38103843141486,-37.24186689968267,161.91000366210938,151.43499755859375,159.76933813476563,0.2966163210917368,3.331438355698339,-8.302290476565128,0.21485066308013478,164.3699951171875,False,False,False,False,False,
NYSE:MHK,,https://www.tradingview.com/chart/?symbol=NYSE%3AMHK,False,,-47.615961217184825,-47.615961217184825,117.25,94.2699966430664,105.0882375793457,0.5013089303686326,44.14021823513597,29.20251241848233,0.4216529964717339,108.71499633789062,False,False,False,False,False,
TSX:FSV,,https://www.tradingview.com/chart/?symbol=TSX%3AFSV,True,2026-09-21 09:30,-56.500500546078904,-49.38012555220269,186.6699981689453,170.1199951171875,180.02491540527345,0.39432934406477843,-31.702580426176695,-44.728689462272754,0.21450475536728636,195.66000366210938,False,False,False,False,False,
NYSE:CHE,,https://www.tradingview.com/chart/?symbol=NYSE%3ACHE,False,,-69.80965766714557,-69.80965766714557,499.42498779296875,368.6600036621094,412.02972106933595,0.7115687650236019,39.82974095935629,28.04656808284289,0.41611753499954257,441.6300048828125,False,False,False,False,False,
NYSE:GBCI,,https://www.tradingview.com/chart/?symbol=NYSE%3AGBCI,True,2026-09-21 09:30,-75.80875604637474,-72.25807232872937,44.83000183105469,42.529998779296875,45.35963917541504,0.191826749773393,-39.20981751760864,-46.016345313322084,0.2489101543332967,48.16999816894531,False,True,True,False,False,
NYSE:LW,,https://www.tradingview.com/chart/?symbol=NYSE%3ALW,False,,-55.77814516900626,-48.863442479652456,47.290000915527344,38.470001220703125,42.48082096862793,0.5189761841218351,34.05567649281207,19.15704052329177,0.37909877844599976,44.83000183105469,False,False,False,False,False,
NYSE:LOAR,,https://www.tradingview.com/chart/?symbol=NYSE%3ALOAR,False,,-51.338113102049164,-40.67830703308006,64.6500015258789,53.744998931884766,60.46745997619629,0.3828331016302957,-11.845250671413282,-23.50478978773897,0.4304821703685239,66.16999816894531,False,False,False,False,False,
NASDAQ:GRFS,,https://www.tradingview.com/chart/?symbol=NASDAQ%3AGRFS,True,2026-09-21 09:30,-77.85615495376071,-61.52215829586287,7.34499979019165,6.985000133514404,7.399180047988891,0.20512805186033098,-11.016351584790144,-23.625780948029348,0.2244245011609643,7.820000171661377,False,True,True,False,False,
NYSE:MSA,,https://www.tradingview.com/chart/?symbol=NYSE%3AMSA,False,,-58.877605102825555,-55.32771421417079,177.14999389648438,156.27999877929688,165.5005205078125,0.5341692143541164,33.38685867174636,19.493087843273756,0.22749508602859508,171.74000549316406,False,False,False,False,False,
NYSE:MATX,,https://www.tradingview.com/chart/?symbol=NYSE%3AMATX,False,,21.425631495144227,21.425631495144227,234.77499389648438,148.27999877929688,169.6167596435547,0.9566971752423161,68.57315793656187,68.42558311524107,0.4649046284496264,194.47000122070312,False,False,False,False,False,
NYSE:IFS,,https://www.tradingview.com/chart/?symbol=NYSE%3AIFS,False,,-27.185023350384565,25.975064163103855,55.529998779296875,43.900001525878906,47.88014102172851,0.6895937578742464,6.603627437207808,3.6172880838202426,0.31021792224922373,54.3650016784668,False,False,False,False,False,
TSX:ELD,,https://www.tradingview.com/chart/?symbol=TSX%3AELD,False,,-50.88187219886431,8.069349445029044,59.45000076293945,38.95000076293945,45.51080058288574,0.7374100921798292,53.72544159327946,51.249395600041254,0.6004319588586129,46.29999923706055,False,False,False,False,False,
NASDAQ:CPB,,https://www.tradingview.com/chart/?symbol=NASDAQ%3ACPB,False,,-53.877396332130765,-53.877396332130765,19.93000030517578,19.815000534057617,20.84160062408447,0.02643672667433406,-1.2294238729092275,-17.46210038341703,0.20166900523941692,21.56999969482422,False,True,False,False,False,
NASDAQ:PRAX,,https://www.tradingview.com/chart/?symbol=NASDAQ%3APRAX,False,,-86.71233232772512,-76.06227389045792,299.239990234375,240.50999450683594,275.23385321044924,0.3991572224159797,17.249366459243504,-1.9201257338121351,0.4575946712593308,321.5400085449219,False,False,False,False,False,
TSX:SCR,,https://www.tradingview.com/chart/?symbol=TSX%3ASCR,False,,-39.808915517923445,-39.808915517923445,40.68000030517578,35.9900016784668,39.62204153442383,0.30474326268417873,31.2953653410617,22.428229005882727,0.36590582232889346,42.060001373291016,False,False,False,False,False,
NASDAQ:TTAN,,https://www.tradingview.com/chart/?symbol=NASDAQ%3ATTAN,False,,-47.17639336387492,-39.656325692189846,56.5,54.02000045776367,65.02468070983886,0.05318463404308407,17.911028604886827,-0.24722779687889762,0.688214935552417,67.75499725341797,False,True,False,False,False,
NASDAQ:FSV,,https://www.tradingview.com/chart/?symbol=NASDAQ%3AFSV,True,2026-09-21 09:30,-62.504102605715595,-55.921241499196015,132.9199981689453,124.875,131.38742028808593,0.29153824290863084,-23.134880369122303,-40.01382846968639,0.19572310196158604,140.99000549316406,False,False,True,False,False,
NASDAQ:PTCT,,https://www.tradingview.com/chart/?symbol=NASDAQ%3APTCT,False,,-39.9881426051611,-37.30319881514537,65.27999877929688,63.470001220703125,69.61898129272461,0.06946833764704263,-35.530199160716165,-41.82150493245936,0.3666619926871188,71.05999755859375,False,True,False,False,False,
NYSE:BYD,,https://www.tradingview.com/chart/?symbol=NYSE%3ABYD,False,,-78.28735607655024,-78.28735607655024,72.62000274658203,72.62000274658203,77.01904260253906,0.0,-59.60756682439492,-65.53771582284132,0.22095779107143793,84.36000061035156,False,True,False,False,False,
NASDAQ:UBSI,,https://www.tradingview.com/chart/?symbol=NASDAQ%3AUBSI,False,,-24.627443886582398,-24.627443886582398,46.7400016784668,39.06999969482422,41.54327958679199,0.7318704502544163,38.09964773747372,31.85731928685564,0.23294063461331868,44.9900016784668,False,False,False,False,False,
NYSE:TXNM,,https://www.tradingview.com/chart/?symbol=NYSE%3ATXNM,False,,37.11033806869725,49.39611780098295,58.54999923706055,56.400001525878906,57.135141021728515,0.6902084063004391,33.572979112364685,45.550126801247664,0.05347635817630097,58.25,False,False,False,False,False,
NYSE:INGR,,https://www.tradingview.com/chart/?symbol=NYSE%3AINGR,False,,-68.41816651795645,-68.41816651795645,97.04000091552734,94.7249984741211,99.57833905029297,0.11257000566871551,-13.469608947152695,-26.63741076345025,0.19936987045266089,103.1500015258789,False,True,False,False,False,
NASDAQ:LKQ,,https://www.tradingview.com/chart/?symbol=NASDAQ%3ALKQ,False,,-62.65317506006858,-53.99372711563848,23.200000762939453,22.39109992980957,24.60452045440674,0.0862468719781097,-42.09206508102465,-51.45311531752829,0.3602420043373408,26.03499984741211,False,True,False,False,False,
NASDAQ:PCTY,,https://www.tradingview.com/chart/?symbol=NASDAQ%3APCTY,False,,-31.479008434692066,-31.479008434692066,144.5500030517578,94.40499877929688,109.93733935546875,0.7619084162019748,53.69564420080396,46.790277956595865,0.5843470127529367,112.62999725341797,False,False,False,False,False,
NYSE:EGO,,https://www.tradingview.com/chart/?symbol=NYSE%3AEGO,False,,-54.30272244653611,1.0360779875426605,42.349998474121094,27.725000381469727,32.55001985931396,0.7153338065710383,51.17123201285975,48.341026077065784,0.6161843761130512,33.18000030517578,False,False,False,False,False,
NYSE:M,,https://www.tradingview.com/chart/?symbol=NYSE%3AM,False,,-11.29817576217789,5.041981570276252,22.18000030517578,16.934999465942383,19.194699645996092,0.5477807228522061,-9.069166479622,-13.084423911029063,0.43169524937766085,22.18000030517578,False,False,False,False,False,
NYSE:ORA,,https://www.tradingview.com/chart/?symbol=NYSE%3AORA,False,,-50.53463457266341,-1.2292428849880153,96.55999755859375,91.19999694824219,104.04783752441406,0.09845702369540722,-42.214124452991165,-46.32513489976237,0.4895023534057223,111.21499633789062,False,True,False,False,False,
TSX:NXE,,https://www.tradingview.com/chart/?symbol=TSX%3ANXE,False,,-57.009803069447365,-27.660920613723473,13.760000228881836,12.260000228881836,13.591040084838866,0.26595747558999305,-15.67768425937816,-21.883435961141323,0.3790322141311588,14.880000114440918,False,False,False,False,False,
NYSE:GATX,,https://www.tradingview.com/chart/?symbol=NYSE%3AGATX,False,,34.68801105561321,36.01684123432486,180.42999267578125,164.52999877929688,173.8307596435547,0.40345070842435304,-0.26454813710088604,11.5326462548239,0.22181574868163528,177.6699981689453,False,False,False,False,False,
NASDAQ:CACC,,https://www.tradingview.com/chart/?symbol=NASDAQ%3ACACC,False,,-59.5111654845181,-59.5111654845181,563.6099853515625,414.0199890136719,472.2777716064453,0.6059832277262363,17.33260871019885,2.292538477600777,0.43763186799690923,564.0700073242188,False,False,False,False,False,
NASDAQ:ACT,,https://www.tradingview.com/chart/?symbol=NASDAQ%3AACT,False,,-44.01482454795684,-44.01482454795684,48.04999923706055,40.15999984741211,42.503479919433595,0.7945618476502926,62.84493807448368,54.75730724486349,0.22593856957447855,43.95000076293945,False,False,False,False,False,
NYSE:QBTS,,https://www.tradingview.com/chart/?symbol=NYSE%3AQBTS,False,,-43.64954459127217,12.524436544108653,17.690000534057617,12.970000267028809,17.083480113983153,0.2707975010120821,-43.40254115988083,-42.55884546440324,0.9005424832723895,19.354999542236328,False,False,False,False,False,
NYSE:AGRO,,https://www.tradingview.com/chart/?symbol=NYSE%3AAGRO,False,,-36.13610277905221,-36.13610277905221,11.140000343322754,8.899999618530273,10.415119636535644,0.34890976607052615,15.051251716279927,16.607251594799532,0.5487179641840676,11.699999809265137,False,False,False,False,False,
NYSE:EXP,,https://www.tradingview.com/chart/?symbol=NYSE%3AEXP,False,,-70.30475049357675,-63.03195205777491,179.2899932861328,173.05999755859375,188.38347943115235,0.09594940653352456,-59.71349424407405,-66.00012476672255,0.31655415837791673,205.11500549316406,False,True,False,False,False,
NYSE:GOLF,,https://www.tradingview.com/chart/?symbol=NYSE%3AGOLF,True,2026-09-21 09:30,-80.71602061856453,-75.93588262001946,81.94999694824219,80.6500015258789,89.61328051757812,0.034228424660423605,-39.16600110008164,-43.19613267194171,0.4051631810652976,93.73999786376953,False,True,True,False,False,
NASDAQ:GDS,,https://www.tradingview.com/chart/?symbol=NASDAQ%3AGDS,False,,-37.37220437143642,44.00441122058205,34.71500015258789,28.760000228881836,32.82628057098388,0.34561807444592524,-26.732528666948696,-15.754499409054505,0.5116555854475782,33.67499923706055,False,False,False,False,False,
NASDAQ:WFRD,,https://www.tradingview.com/chart/?symbol=NASDAQ%3AWFRD,False,,-68.25171390872246,-58.283410005121276,82.2300033569336,78.19999694824219,86.21455853271485,0.11866918763139697,-11.257683128722334,-26.613787509506256,0.36301449071122266,93.55000305175781,False,True,False,False,False,
NASDAQ:MYRG,,https://www.tradingview.com/chart/?symbol=NASDAQ%3AMYRG,False,,-44.840139145159014,-3.263323549151414,288.55999755859375,257.0199890136719,314.622873046875,0.12921995385354415,-47.78173809391138,-48.25100044675856,0.7199787913595495,339.010009765625,False,True,False,False,False,
NASDAQ:MORN,,https://www.tradingview.com/chart/?symbol=NASDAQ%3AMORN,False,,-5.520463493370838,16.944397883034824,201.4600067138672,141.8000030517578,160.02628204345703,0.7724978241949522,42.73739614708236,39.876918407034765,0.4337789184445805,178.0399932861328,False,False,False,False,False,
NYSE:TAL,,https://www.tradingview.com/chart/?symbol=NYSE%3ATAL,False,,4.459939395379293,9.615648781302632,11.819999694824219,8.949999809265137,9.83381978225708,0.7663551330471207,38.963321438704355,36.85268769280018,0.33693207041625844,11.114999771118164,False,False,False,False,False,
NYSE:CIG,,https://www.tradingview.com/chart/?symbol=NYSE%3ACIG,False,,-15.493310495422563,-2.408495028292197,2.1500000953674316,1.8799999952316284,2.0806000008583068,0.31764716772059365,-6.665343424723347,1.394081846903739,0.39260971769918246,2.1649999618530273,False,False,False,False,False,
NASDAQ:BLTE,,https://www.tradingview.com/chart/?symbol=NASDAQ%3ABLTE,False,,-28.351655061844422,-13.549783804862264,173.11000061035156,132.27999877929688,147.13029949951172,0.6488676972724294,57.318303001552295,54.820690760086336,0.4032103295921955,156.05999755859375,False,False,False,False,False,
NASDAQ:URBN,,https://www.tradingview.com/chart/?symbol=NASDAQ%3AURBN,False,,-56.491478445156,-56.491478445156,74.19999694824219,60.93000030517578,66.13144052124024,0.6020869370163046,43.116829965663726,29.709962047680172,0.3034976601755181,72.62000274658203,False,False,False,False,False,
NYSE:BMA,,https://www.tradingview.com/chart/?symbol=NYSE%3ABMA,False,,-55.58207814015528,-55.58207814015528,75.1500015258789,65.66000366210938,74.4061630859375,0.25607119506053283,-33.40361676773461,-37.15896611759031,0.46745709042911304,79.27999877929688,False,False,False,False,False,
NYSE:PCOR,,https://www.tradingview.com/chart/?symbol=NYSE%3APCOR,True,2026-09-21 09:30,-54.29107271610042,-51.40502891406599,51.689998626708984,38.30500030517578,44.36430012512207,0.5213241954925804,19.53567902659257,9.816081408811478,0.48243139135954605,53.220001220703125,False,False,False,False,False,
NYSE:KRMN,,https://www.tradingview.com/chart/?symbol=NYSE%3AKRMN,False,,-27.400019215707545,-27.400019215707545,35.18000030517578,34.3849983215332,51.30029814147949,0.011091761312939246,-49.77810821301387,-53.59102379523799,1.3041302844073415,54.959999084472656,False,True,False,False,False,
NYSE:GXO,,https://www.tradingview.com/chart/?symbol=NYSE%3AGXO,False,,-22.55477245084366,-22.55477245084366,45.400001525878906,45.380001068115234,48.687540924072266,0.001427075179071669,-50.94553895008221,-53.84246727657724,0.27974051529937305,50.099998474121094,False,True,False,False,False,
NASDAQ:CGON,,https://www.tradingview.com/chart/?symbol=NASDAQ%3ACGON,False,,6.7816092510431245,47.27507841364755,78.33999633789062,53.68000030517578,60.06615972900391,0.911308139600452,38.149056453922896,40.67882944915417,0.3901664804099313,69.3550033569336,False,False,False,False,False,
NASDAQ:HWC,,https://www.tradingview.com/chart/?symbol=NASDAQ%3AHWC,False,,-15.292194650022116,-15.292194650022116,74.51000213623047,60.5,65.08548007202148,0.7210500214196328,28.25541685710718,22.498297459879236,0.2736234293853411,71.01000213623047,False,False,False,False,False,
NYSE:NXE,,https://www.tradingview.com/chart/?symbol=NYSE%3ANXE,False,,-57.064956378197415,-31.99260172125916,9.800000190734863,8.71500015258789,9.749860206604003,0.24743443136002868,-12.976880244407534,-20.10607456396378,0.4111580163681453,10.664999961853027,False,False,False,False,False,
NYSE:SBSW,,https://www.tradingview.com/chart/?symbol=NYSE%3ASBSW,False,,-53.593376479796916,-53.593376479796916,11.130000114440918,7.994999885559082,9.394479957580566,0.5286678022841865,25.323195490555225,24.642105557009153,0.5085763621593804,11.65999984741211,False,False,False,False,False,
TSX:TFPM,,https://www.tradingview.com/chart/?symbol=TSX%3ATFPM,False,,-47.918533650132844,-3.0384938463214604,45.9900016784668,37.459999084472656,40.68847915649414,0.6235381874053646,28.113599388978447,27.470577795975252,0.31048569856533276,44.060001373291016,False,False,False,False,False,
NYSE:ENIC,,https://www.tradingview.com/chart/?symbol=NYSE%3AENIC,False,,-44.904515152683054,-41.005533297544424,4.324999809265137,3.825000047683716,4.033860045433045,0.5649714881010269,-0.36374234399668737,-14.939282951949117,0.2011363571094089,4.400000095367432,False,False,False,False,False,
NYSE:FLG,,https://www.tradingview.com/chart/?symbol=NYSE%3AFLG,False,,-72.971310935625,-66.72899216367567,12.59000015258789,12.180000305175781,12.935200260162354,0.1281249599531269,-46.198026747689596,-54.05513349214924,0.228408262454435,14.010000228881836,False,True,False,False,False,
NYSE:HNGE,,https://www.tradingview.com/chart/?symbol=NYSE%3AHNGE,False,,32.844769767137684,42.91348160722303,94.45999908447266,35.11000061035156,49.430480682373044,0.978081710211507,57.59638967206144,57.87251193204822,0.8905848448327776,68.13500213623047,False,False,False,False,False,
NYSE:POR,,https://www.tradingview.com/chart/?symbol=NYSE%3APOR,False,,-63.58703941052056,-63.58703941052056,47.08000183105469,47.08000183105469,48.84292121887207,0.0,-38.85268660837975,-47.68123890167496,0.14765758812957303,50.59000015258789,False,True,False,False,False,
NYSE:S,,https://www.tradingview.com/chart/?symbol=NYSE%3AS,False,,42.209179050951576,42.209179050951576,23.799999237060547,11.930000305175781,14.738400215148925,0.9974789338145195,55.9246658365999,62.03887059554023,0.684892064375843,17.375,False,False,False,False,False,
NYSE:PSN,,https://www.tradingview.com/chart/?symbol=NYSE%3APSN,False,,-47.29115674538483,-47.29115674538483,45.34000015258789,39.09000015258789,44.54514054870606,0.27038717482864394,-47.44504235143475,-49.74695944645666,0.44571927123835986,51.86000061035156,False,False,False,False,False,
NYSE:MTG,,https://www.tradingview.com/chart/?symbol=NYSE%3AMTG,False,,-72.63123453913009,-54.733201178407946,29.43000030517578,24.829999923706055,26.41356015777588,0.685543919751516,46.15336564606326,34.45482640617096,0.23972851185033195,27.989999771118164,False,False,False,False,False,
NYSE:HOMB,,https://www.tradingview.com/chart/?symbol=NYSE%3AHOMB,False,,-20.932666770653444,-20.932666770653444,29.610000610351562,25.600000381469727,27.017180183410645,0.6677769840637109,30.309413994067125,22.78370041040112,0.21358702506323288,28.114999771118164,False,False,False,False,False,
NASDAQ:CZR,,https://www.tradingview.com/chart/?symbol=NASDAQ%3ACZR,False,,-30.864096829529146,-30.864096829529146,29.655000686645508,25.084999084472656,26.408959228515624,0.8146169527575975,17.083484976772528,13.716971962729353,0.19062183323745824,29.43000030517578,False,False,False,False,False,
NYSE:ESTC,,https://www.tradingview.com/chart/?symbol=NYSE%3AESTC,False,,-26.569570127512105,23.14228134016472,89.69999694824219,42.52000045776367,56.0734796295166,0.8215218417835116,73.09580988285332,68.12225818670701,0.9746287184397322,58.92499923706055,False,False,False,False,False,
NYSE:STWD,,https://www.tradingview.com/chart/?symbol=NYSE%3ASTWD,False,,-71.2454486770414,-63.0600995235759,15.005000114440918,14.944999694824219,15.759199874877929,0.017391422129883226,-72.14289783848615,-79.7661958241055,0.2042629299947692,16.889999389648438,False,True,False,True,False,"WATCH: weekly+band ok, waiting on 4h dot"
NASDAQ:LGND,,https://www.tradingview.com/chart/?symbol=NASDAQ%3ALGND,False,,-55.22734438782521,5.305255723035992,290.32000732421875,190.14999389648438,221.3751533203125,0.7570857476841376,19.102538647971993,16.208739560654568,0.5153864012521812,256.7200012207031,False,False,False,False,False,
NASDAQ:ERAS,,https://www.tradingview.com/chart/?symbol=NASDAQ%3AERAS,True,2026-09-21 13:30,-73.86222532878314,-73.27575970025669,15.029999732971191,9.085000038146973,12.256839939117432,0.44233630062767243,-1.4617136126337218,-14.093349428986633,0.8265682282408885,16.260000228881836,False,False,True,False,False,
NYSE:LB,,https://www.tradingview.com/chart/?symbol=NYSE%3ALB,False,,-40.64817898644869,-20.52416357680913,87.5999984741211,60.95000076293945,67.77747993469238,0.9211891097170622,60.27712353191114,57.38248873137448,0.3907346857475719,74.04000091552734,False,False,False,False,False,
NYSE:AUB,,https://www.tradingview.com/chart/?symbol=NYSE%3AAUB,True,2026-09-21 09:30,-64.53467873640183,-62.11767748626993,38.875,33.7400016784668,36.04808139038086,0.5250510186569144,1.6132383005300124,-11.530449706677873,0.24987222615755694,39.13999938964844,False,False,True,False,False,
NYSE:TEO,,https://www.tradingview.com/chart/?symbol=NYSE%3ATEO,False,,46.51108324773457,46.51108324773457,14.0649995803833,11.109999656677246,12.249879638671874,0.6118012361040962,19.614895110644657,32.31155179156713,0.36954858733613877,13.069999694824219,False,False,False,False,False,
NYSE:ABCB,,https://www.tradingview.com/chart/?symbol=NYSE%3AABCB,True,2026-09-21 09:30,-62.37728301237765,-57.95155649157411,82.98999786376953,73.83999633789062,78.40895648193359,0.47262403085806254,-28.48328167858166,-37.168415961902426,0.22653874113917594,85.45999908447266,False,False,True,False,False,
NASDAQ:SYRE,,https://www.tradingview.com/chart/?symbol=NASDAQ%3ASYRE,False,,33.583927837133196,33.583927837133196,92.02999877929688,39.849998474121094,56.16373434448242,0.754853466421161,17.576402510604538,11.809579644465188,0.8262729670664788,83.66000366210938,False,False,False,False,False,
NASDAQ:VCTR,,https://www.tradingview.com/chart/?symbol=NASDAQ%3AVCTR,False,,-77.77931769950537,-42.26755437024681,107.80000305175781,61.19499969482422,75.35617904663086,0.7766853677220843,60.260895937320406,50.12234348405938,0.6884860087643279,87.15499877929688,False,False,False,False,False,
NYSE:IBP,,https://www.tradingview.com/chart/?symbol=NYSE%3AIBP,False,,-56.63521992229911,-45.79466057216658,202.6999969482422,195.49000549316406,223.73684246826173,0.060238885681201296,-17.294675417816332,-30.9444632602576,0.5197585018980719,230.27999877929688,False,True,False,False,False,
NASDAQ:TXG,,https://www.tradingview.com/chart/?symbol=NASDAQ%3ATXG,False,,68.89711497070859,68.89711497070859,79.08000183105469,16.684999465942383,31.410220024108888,1.0,83.75459205984349,84.43774558523458,1.9121973742772038,32.630001068115234,False,False,False,False,False,
NYSE:TFPM,,https://www.tradingview.com/chart/?symbol=NYSE%3ATFPM,False,,-53.029443108932504,-15.72359493640345,32.7599983215332,26.854999542236328,29.3577794342041,0.5568127330679412,26.924370942543607,25.267660608203133,0.33286250279576834,31.860000610351562,False,False,False,False,False,
NASDAQ:GTX,,https://www.tradingview.com/chart/?symbol=NASDAQ%3AGTX,False,,-44.38887068799202,-22.581350510370736,26.3799991607666,16.979999542236328,21.520639938354492,0.4885654261169141,-32.57541782225665,-36.9666976118596,0.6634483337402344,29.0,False,False,False,False,False,
NASDAQ:MRCY,,https://www.tradingview.com/chart/?symbol=NASDAQ%3AMRCY,False,,26.388743643766464,26.388743643766464,85.62000274658203,69.78500366210938,83.11310330200195,0.28038954426406637,-35.15335473013252,-37.156017567587995,0.6101447705675491,92.55999755859375,False,False,False,False,False,
NYSE:ESNT,,https://www.tradingview.com/chart/?symbol=NYSE%3AESNT,True,2026-09-21 09:30,-58.227313719190526,-58.227313719190526,66.48999786376953,55.744998931884766,59.092659255981445,0.7574901580282226,46.26657457227242,38.84946968688576,0.22462392764120512,63.150001525878906,False,False,False,False,False,
TSX:DSG,,https://www.tradingview.com/chart/?symbol=TSX%3ADSG,False,,17.259969899006595,17.259969899006595,111.41999816894531,87.3499984741211,93.59455825805664,0.9096750010452214,41.58139439984399,44.82790425344132,0.26166928763623903,101.12000274658203,False,False,False,False,False,
NYSE:FBIN,,https://www.tradingview.com/chart/?symbol=NYSE%3AFBIN,True,2026-09-21 09:30,-54.36016089226984,-53.24259729079248,39.599998474121094,33.400001525878906,38.50704138183594,0.2865063365578456,-24.197193633659012,-32.94104423542247,0.5229579224521294,41.380001068115234,False,False,False,False,False,
NYSE:TFX,,https://www.tradingview.com/chart/?symbol=NYSE%3ATFX,True,2026-09-21 09:30,-67.86410550556253,-65.93853169866823,124.80000305175781,105.44999694824219,114.12299694824219,0.5265307783269558,22.660839774265117,1.2158507516936297,0.2802348648089201,131.13999938964844,False,False,True,False,False,
NASDAQ:GLBE,,https://www.tradingview.com/chart/?symbol=NASDAQ%3AGLBE,False,,-23.43355014599159,42.831596598217125,39.689998626708984,27.5,31.011680252075195,0.819220279011245,25.98309356209323,24.427534138640368,0.43867930045286035,33.91999816894531,False,False,False,False,False,
NYSE:NJR,,https://www.tradingview.com/chart/?symbol=NYSE%3ANJR,False,,-15.721272514436686,-15.721272514436686,52.90999984741211,52.81999969482422,54.59236019897461,0.01198403821401106,-25.902325887818133,-30.475959898328348,0.1351692215731424,55.560001373291016,False,True,False,False,False,
NASDAQ:BLLN,,https://www.tradingview.com/chart/?symbol=NASDAQ%3ABLLN,False,,55.281612095439975,55.281612095439975,103.66000366210938,63.70000076293945,84.04556144714356,0.4635193313461155,-0.5017123585005493,1.569964573759308,0.8986761453655345,95.93000030517578,False,False,False,False,False,
NYSE:AVAL,,https://www.tradingview.com/chart/?symbol=NYSE%3AAVAL,False,,-70.55535062025932,-70.55535062025932,5.099999904632568,3.9149999618530273,4.350420024871826,0.6422762987930982,38.57597550280806,27.062812565844656,0.37272734103452665,4.949999809265137,False,False,False,False,False,
NASDAQ:MIDD,,https://www.tradingview.com/chart/?symbol=NASDAQ%3AMIDD,False,,21.130846061859245,25.80802074582719,111.19999694824219,102.23652648925781,112.11890765380859,0.2140555998698387,-39.201054135289574,-40.648969261730095,0.35854514877348964,116.79002380371094,False,True,False,False,False,
NASDAQ:ROAD,,https://www.tradingview.com/chart/?symbol=NASDAQ%3AROAD,False,,-55.94621061147914,-51.03777117852965,94.44999694824219,93.5199966430664,104.5388390197754,0.019918614362377043,-39.150965654625,-47.26712550579001,0.41587255247935623,112.2699966430664,False,True,False,False,False,
NASDAQ:RUSHA,,https://www.tradingview.com/chart/?symbol=NASDAQ%3ARUSHA,False,,-18.2586901502678,-18.2586901502678,48.099998474121094,40.81999969482422,44.242000595092776,0.5020687492452821,12.797263716154312,0.3300183578181013,0.30058049979649415,48.2400016784668,False,False,False,False,False,
NASDAQ:SRRK,,https://www.tradingview.com/chart/?symbol=NASDAQ%3ASRRK,True,2026-09-21 09:30,-80.93725567077553,-69.2128702815774,48.2400016784668,39.810001373291016,44.8674814453125,0.3933737837203747,30.54178988204987,11.14806156332536,0.43592352261375983,49.15999984741211,False,False,True,False,False,
NYSE:FND,,https://www.tradingview.com/chart/?symbol=NYSE%3AFND,False,,-43.97369841043445,-13.346735693259157,47.22999954223633,43.5,48.03120018005371,0.19427080177184733,-29.420640781293457,-36.590857886440936,0.36700757463342554,52.314998626708984,False,True,False,False,False,
TSX:PSK,,https://www.tradingview.com/chart/?symbol=TSX%3APSK,False,,-44.011882441786305,-44.011882441786305,34.630001068115234,30.649999618530273,32.18635967254639,0.6113673286719024,51.99899496397675,44.11669403415215,0.19237589242102848,33.84000015258789,False,False,False,False,False,
NASDAQ:TWST,,https://www.tradingview.com/chart/?symbol=NASDAQ%3ATWST,False,,59.86991921941779,78.29127187023256,165.80999755859375,42.060001373291016,71.54348234558105,0.9905546474373116,78.20499676343427,81.49200398833133,1.4741003435973221,84.75,False,False,False,False,False,
TSX:ONEX,,https://www.tradingview.com/chart/?symbol=TSX%3AONEX,False,,-31.00340482230804,-22.91405314145162,108.91999816894531,95.9000015258789,101.11796166992187,0.5888736446696724,14.642232709341188,3.117755400276298,0.20236134155281987,109.26000213623047,False,False,False,False,False,
NASDAQ:DSGX,,https://www.tradingview.com/chart/?symbol=NASDAQ%3ADSGX,False,,9.0943358970225,9.0943358970225,79.37000274658203,63.11000061035156,67.54090097045898,0.8660453163648569,40.65135008271266,41.938528737914105,0.2580047051255128,72.7699966430664,False,False,False,False,False,
TSX:BLCO,,https://www.tradingview.com/chart/?symbol=TSX%3ABLCO,True,2026-09-21 09:30,-55.86583991590232,-51.2954882634403,23.639999389648438,20.739999771118164,21.84683989715576,0.618336735245806,45.82712803170722,38.16132551008637,0.206063290285302,22.760000228881836,False,False,False,False,False,
NASDAQ:CAR,,https://www.tradingview.com/chart/?symbol=NASDAQ%3ACAR,False,,-72.3171608917517,-51.99857384440193,117.1500015258789,95.80000305175781,241.69520233154296,0.034535746650785876,-50.45949035507892,-54.76319933608709,3.9845312360160543,155.14999389648438,False,True,False,False,False,
NASDAQ:SEZL,,https://www.tradingview.com/chart/?symbol=NASDAQ%3ASEZL,False,,-56.042469720787246,-41.59893778508684,116.94999694824219,59.70500183105469,90.23632067871094,0.4424905099929326,-15.761787122315544,-20.27947559261771,1.0909014175915996,118.58999633789062,False,False,False,False,False,
NASDAQ:PSMT,,https://www.tradingview.com/chart/?symbol=NASDAQ%3APSMT,False,,-57.18072719523682,-31.344255220165977,170.53500366210938,139.96499633789062,153.69901806640624,0.5253029208142495,-14.744831535660069,-21.07401772550194,0.3411596124958192,170.5800018310547,False,False,False,False,False,
NASDAQ:SSRM,,https://www.tradingview.com/chart/?symbol=NASDAQ%3ASSRM,False,,-47.783999504716085,0.0802100889403583,36.599998474121094,22.989999771118164,26.816740257263184,0.8393460976875268,44.339976865573924,43.71036589316459,0.5364764881815379,30.225000381469727,False,False,False,False,False,
NASDAQ:APPF,,https://www.tradingview.com/chart/?symbol=NASDAQ%3AAPPF,False,,-11.65164552300275,-11.65164552300275,209.72000122070312,143.3699951171875,164.9285965576172,0.7263273308195447,60.18224203688924,56.3692416176547,0.5436852980635724,168.02000427246094,False,False,False,False,False,
TSX:ACO.X,,https://www.tradingview.com/chart/?symbol=TSX%3AACO.X,False,,-32.830406108446944,20.00082214565761,72.94999694824219,64.93000030517578,68.81928109741212,0.4866501826100764,3.610410410449289,-1.3427100198345479,0.2301033611412432,71.62000274658203,False,False,False,False,False,
NASDAQ:ACMR,,https://www.tradingview.com/chart/?symbol=NASDAQ%3AACMR,False,,-60.2505258853709,-4.110182263516237,72.73999786376953,37.91999816894531,58.902759033203125,0.39163196783967064,-27.222655426975866,-31.481824297148048,1.1942244097594767,74.44999694824219,False,False,False,False,False,
NASDAQ:SIGI,,https://www.tradingview.com/chart/?symbol=NASDAQ%3ASIGI,True,2026-09-21 09:30,-76.14431759032725,-68.37030128646144,87.7699966430664,73.44999694824219,79.76771795654297,0.5349270604919405,-14.263797826775985,-27.02598454226012,0.29701547862241556,90.12999725341797,False,False,True,False,False,
NASDAQ:CVLT,,https://www.tradingview.com/chart/?symbol=NASDAQ%3ACVLT,False,,50.00333842729145,50.00333842729145,145.72000122070312,73.5999984741211,92.58147854614258,0.8966803739019881,25.47264670756859,35.17144301859779,0.6438005291659605,124.93000030517578,False,False,False,False,False,
NASDAQ:MIRM,,https://www.tradingview.com/chart/?symbol=NASDAQ%3AMIRM,False,,-53.729598279890915,-53.729598279890915,92.08999633789062,86.73999786376953,96.60715908813476,0.1279597658518854,-24.48347453390579,-32.562033706727846,0.42330673897945625,98.7699966430664,False,True,False,False,False,
NYSE:CPA,,https://www.tradingview.com/chart/?symbol=NYSE%3ACPA,False,,-25.883090718910875,40.750647189936636,137.1300048828125,107.7699966430664,119.49447671508788,0.5909824488605588,-21.68658181357222,-16.25051454295344,0.3772495966600065,131.69000244140625,False,False,False,False,False,
NASDAQ:CHDN,,https://www.tradingview.com/chart/?symbol=NASDAQ%3ACHDN,False,,-46.25867189673274,-41.826244286401696,81.91000366210938,79.94499969482422,85.04849969482422,0.09086723548139451,-24.499305230657864,-35.92831322964024,0.24753891768445782,87.36000061035156,False,True,False,False,False,
NYSE:BKH,,https://www.tradingview.com/chart/?symbol=NYSE%3ABKH,False,,-53.81745681119971,-17.96600741836723,71.97000122070312,67.7750015258789,70.05240188598633,0.43471492554423663,-23.415866732734802,-28.567700594906288,0.13166873250556121,73.29000091552734,False,False,False,False,False,
NYSE:WH,,https://www.tradingview.com/chart/?symbol=NYSE%3AWH,False,,-53.34681817094755,-53.34681817094755,67.16000366210938,67.16000366210938,72.53136236572266,0.0,-58.27616428110034,-62.18630889729293,0.2876278945637501,79.12999725341797,False,True,False,False,False,
NYSE:BLCO,,https://www.tradingview.com/chart/?symbol=NYSE%3ABLCO,False,,-65.58718119964472,-62.55987858685135,16.81999969482422,14.859999656677246,15.690719539642334,0.5568182711020114,44.99409774158604,34.42927307156455,0.21608344421479767,16.290000915527344,False,False,False,False,False,
NASDAQ:AMRX,,https://www.tradingview.com/chart/?symbol=NASDAQ%3AAMRX,False,,-1.585160688756203,56.703461949690585,20.139999389648438,11.805000305175781,13.910120323181152,0.9344169297289576,41.32449934229235,52.55461216112846,0.54943022734514,16.235000610351562,False,False,False,False,False,
NASDAQ:DAVE,,https://www.tradingview.com/chart/?symbol=NASDAQ%3ADAVE,False,,-46.245874796801814,-46.245874796801814,350.010009765625,165.84500122070312,233.34689978027342,0.6438773270687429,23.136912943672353,14.513088180845283,0.9352418221059515,305.8299865722656,False,False,False,False,False,
NYSE:VSH,,https://www.tradingview.com/chart/?symbol=NYSE%3AVSH,False,,14.615162463469142,41.003403990351615,32.61000061035156,16.385000228881836,27.93837931060791,0.3314268546838669,-26.34553914073417,-26.2073581638736,1.4707825246637343,33.28499984741211,False,False,False,False,False,
NYSE:MCY,,https://www.tradingview.com/chart/?symbol=NYSE%3AMCY,True,2026-09-21 09:30,-53.930655927936506,-52.77268508697281,100.25,86.01000213623047,92.02092242431641,0.5590890137922193,-6.864130651948032,-18.270975806460278,0.25115866582124663,101.41000366210938,False,False,False,False,False,
NASDAQ:DUOL,,https://www.tradingview.com/chart/?symbol=NASDAQ%3ADUOL,False,,-22.402267412833464,-18.979068690709422,149.42999267578125,88.43000030517578,105.07979922485352,0.8646349585909313,63.73505915827781,60.86628556283316,0.5833470646450811,120.94000244140625,False,False,False,False,False,
TSX:OR,,https://www.tradingview.com/chart/?symbol=TSX%3AOR,False,,-32.58759147035508,18.115648426614523,50.709999084472656,39.189998626708984,43.76367887878418,0.5944272354410158,19.657840709455666,23.37385397065634,0.39183181210772283,49.459999084472656,False,False,False,False,False,
NASDAQ:CWST,,https://www.tradingview.com/chart/?symbol=NASDAQ%3ACWST,False,,-64.11772131682646,-64.11772131682646,87.08999633789062,74.97000122070312,81.10364071655273,0.466333055536067,6.715548570177314,-8.297194864840806,0.2946711877895083,88.19999694824219,False,False,False,False,False,
NASDAQ:NAVN,,https://www.tradingview.com/chart/?symbol=NASDAQ%3ANAVN,False,,-45.92423359745889,-45.92423359745889,21.520000457763672,8.470000267028809,13.69150004196167,0.5898305425193718,19.22721071581716,3.796093718910239,1.0281133167143475,21.520000457763672,False,False,False,False,False,
NYSE:PRM,,https://www.tradingview.com/chart/?symbol=NYSE%3APRM,False,,22.603539044950793,39.595459884756494,31.639999389648438,20.63050079345703,24.680142822265623,0.6415978622845278,-17.7742472184596,-19.327904707242922,0.5411384616050889,31.709999084472656,False,False,False,False,False,
TSX:OGC,,https://www.tradingview.com/chart/?symbol=TSX%3AOGC,False,,-48.43308345060791,-48.43308345060791,39.13999938964844,31.170000076293945,35.63984020233154,0.42080248619966837,17.078598216369254,13.234982402282235,0.4662727974419177,40.619998931884766,False,False,False,False,False,
NYSE:OUT,,https://www.tradingview.com/chart/?symbol=NYSE%3AOUT,False,,-64.8873386884137,-54.9652867768721,28.229999542236328,25.6299991607666,27.602817512512207,0.31102716044988366,-42.72911013992965,-47.54634657823116,0.271894602938663,30.7450008392334,False,False,False,False,False,
NYSE:ENVA,,https://www.tradingview.com/chart/?symbol=NYSE%3AENVA,False,,-83.19774691480269,-62.456166532526474,171.33999633789062,129.72000122070312,161.87736352539062,0.3054454141664621,10.461306114835454,-10.504676780444225,0.7601674184972106,179.25,False,False,False,False,False,
NASDAQ:LYFT,,https://www.tradingview.com/chart/?symbol=NASDAQ%3ALYFT,False,,-43.76268577340708,-43.76268577340708,15.274999618530273,12.645099639892578,13.841596160888672,0.5187281233728905,31.21561909291242,17.580180814715057,0.3517100607778,14.414999961853027,False,False,False,False,False,
NASDAQ:NXST,,https://www.tradingview.com/chart/?symbol=NASDAQ%3ANXST,True,2026-09-21 09:30,-72.73470662046714,-61.932344704827266,166.17999267578125,154.6199951171875,174.60211468505858,0.1365300319899339,-37.64538591340051,-46.658711191367665,0.45728017117269015,185.16000366210938,False,True,True,False,False,
NASDAQ:KLIC,,https://www.tradingview.com/chart/?symbol=NASDAQ%3AKLIC,False,,-14.93489956109962,21.247526222037482,84.1500015258789,61.810001373291016,78.81380119323731,0.3100624620284077,-32.907266571056,-33.792899065938975,0.7931528197013752,90.83999633789062,False,False,False,False,False,
NASDAQ:OZK,,https://www.tradingview.com/chart/?symbol=NASDAQ%3AOZK,True,2026-09-21 09:30,-60.04249050324492,-59.61806504466619,47.75,43.40999984741211,45.70627973937988,0.44604320213466236,-8.453886527738677,-21.082227107823567,0.1979251336948191,49.15999984741211,False,False,True,False,False,
NASDAQ:FIGR,,https://www.tradingview.com/chart/?symbol=NASDAQ%3AFIGR,False,,-49.64182815223764,-8.081084036402844,35.27000045776367,24.889999389648438,29.285499389648436,0.5573154935900797,22.715282905720404,24.892480560385803,0.5570509715868672,33.435001373291016,False,False,False,False,False,
NASDAQ:ACIW,,https://www.tradingview.com/chart/?symbol=NASDAQ%3AACIW,False,,-63.96121136856549,-63.96121136856549,49.599998474121094,38.91999816894531,43.98219834899902,0.4979020944198895,14.097904399167007,0.9580360180897998,0.47413793030757473,45.2400016784668,False,False,False,False,False,
NYSE:PATH,,https://www.tradingview.com/chart/?symbol=NYSE%3APATH,False,,-44.07927002392455,-44.07927002392455,13.595000267028809,9.369999885559082,11.560079822540283,0.4552802266209766,47.56814826895911,34.72405097768568,0.8096812592797963,11.461299896240234,False,False,False,False,False,
NASDAQ:SBRA,,https://www.tradingview.com/chart/?symbol=NASDAQ%3ASBRA,True,2026-09-21 09:30,-75.7017728434292,-73.9386662030838,19.8700008392334,17.674999237060547,18.800719345092773,0.46016800660894236,25.682182250417515,11.945054104003825,0.23462865104104363,20.329999923706055,False,False,True,False,False,
NASDAQ:VSEC,,https://www.tradingview.com/chart/?symbol=NASDAQ%3AVSEC,False,,-65.21697397857498,-55.82255229215746,180.32000732421875,158.5500030517578,178.97344146728517,0.25156004115324293,-8.276906296038344,-22.51216648595117,0.4393115938520846,196.99000549316406,False,False,False,False,False,
NYSE:OR,,https://www.tradingview.com/chart/?symbol=NYSE%3AOR,False,,-39.34713894355903,5.910341854637345,36.130001068115234,27.8799991607666,31.40819979095459,0.5518394938982079,19.05490137131623,21.429697507070095,0.4170154339359314,35.849998474121094,False,False,False,False,False,
NYSE:MUR,,https://www.tradingview.com/chart/?symbol=NYSE%3AMUR,False,,-27.63857356963686,-27.63857356963686,36.185001373291016,31.520000457763672,34.19860009765625,0.4110133517783214,20.549388881000223,18.313691167770195,0.3005030007032496,37.77000045776367,False,False,False,False,False,
TSX:OTEX,,https://www.tradingview.com/chart/?symbol=TSX%3AOTEX,False,,-20.097877234918997,-20.097877234918997,32.40999984741211,28.030000686645508,30.243680488586428,0.4669509117960983,10.223961116995271,1.894874649339175,0.29404386435534274,31.899999618530273,False,False,False,False,False,
NYSE:GVA,,https://www.tradingview.com/chart/?symbol=NYSE%3AGVA,False,,-40.958099000616286,-19.47011676990508,116.16999816894531,110.86000061035156,122.50188104248046,0.10764235478399983,-37.86203922984047,-41.41793156795983,0.3947663427694788,124.95999908447266,False,True,False,False,False,
NYSE:AX,,https://www.tradingview.com/chart/?symbol=NYSE%3AAX,True,2026-09-21 09:30,-66.80903716612615,-65.42139188500217,90.62999725341797,81.76000213623047,87.37916156005859,0.3725323824733468,-1.191568921079958,-15.637610042385921,0.2538379188053507,93.80000305175781,False,False,True,False,False,
NASDAQ:DOX,,https://www.tradingview.com/chart/?symbol=NASDAQ%3ADOX,False,,-43.45104390257404,-43.45104390257404,59.4900016784668,49.849998474121094,54.04843869018555,0.5418776114807158,20.552685389924832,19.33863428852182,0.288611309079846,61.63999938964844,False,False,False,False,False,
NASDAQ:REYN,,https://www.tradingview.com/chart/?symbol=NASDAQ%3AREYN,False,,14.020863212953765,15.518006814457218,22.09000015258789,20.549999237060547,22.114679489135742,0.23227762706305757,-16.339031320593662,-24.310095920396805,0.29744283516366915,22.290000915527344,False,True,False,False,False,
NASDAQ:PECO,,https://www.tradingview.com/chart/?symbol=NASDAQ%3APECO,True,2026-09-21 13:30,-83.17076441393148,-82.62752248167497,36.9900016784668,36.75,38.456279891967775,0.03319525500171213,-27.443895752000966,-37.13115928001035,0.18147589142935003,39.84000015258789,False,True,True,False,False,
NYSE:SON,,https://www.tradingview.com/chart/?symbol=NYSE%3ASON,False,,-33.630498792340184,-0.24833358484515777,49.2599983215332,46.36000061035156,49.70884028625488,0.20436913261733153,-3.3704929958335517,-14.894958937976078,0.26558110697473447,53.43000030517578,False,True,False,False,False,
NYSE:WEX,,https://www.tradingview.com/chart/?symbol=NYSE%3AWEX,False,,-16.225563150820896,-16.225563150820896,187.19000244140625,126.76000213623047,144.80928292846679,0.790141182697755,49.5423810384014,45.95885836016234,0.49005223567434725,156.06500244140625,False,False,False,False,False,
NYSE:VAL,,https://www.tradingview.com/chart/?symbol=NYSE%3AVAL,False,,-35.23879381829153,-35.23879381829153,81.75,72.47000122070312,82.1884812927246,0.22535208136291593,5.549056183755758,-0.7138602590191176,0.46668179172841845,88.23999786376953,False,True,False,False,False,
NASDAQ:BGC,,https://www.tradingview.com/chart/?symbol=NASDAQ%3ABGC,False,,-16.684511094087117,18.35811132703694,12.460000038146973,9.244999885559082,10.070999885559083,0.9185714721679688,48.65909729083495,52.63166323179705,0.3123605554512467,11.204999923706055,False,False,False,False,False,
NYSE:YOU,,https://www.tradingview.com/chart/?symbol=NYSE%3AYOU,True,2026-09-21 13:30,-81.93340159442755,-80.04955717660111,39.2599983215332,38.099998474121094,43.83007908630371,0.04777593589298235,-49.986299354663004,-55.24810906748144,0.45845927140721565,52.959999084472656,False,True,True,False,False,"NEAR: 4h+band ok, weekly shallow"
TSX:BB,,https://www.tradingview.com/chart/?symbol=TSX%3ABB,False,,18.228209570930876,64.16603542477554,11.960000038146973,4.380000114440918,7.603760303497314,0.5549047934977568,-15.710932094397029,-13.644594302293946,1.2317403618699514,11.09000015258789,False,False,False,False,False,
TSX:BTO,,https://www.tradingview.com/chart/?symbol=TSX%3ABTO,False,,-48.2820466313932,11.197466929292345,7.539999961853027,5.119999885559082,5.830359939575195,0.8039866751747505,34.96157874099773,36.01390535154674,0.47031252875458407,6.400000095367432,False,False,False,False,False,
NYSE:RLI,,https://www.tradingview.com/chart/?symbol=NYSE%3ARLI,False,,-67.54629736441281,-67.54629736441281,59.08000183105469,47.52000045776367,52.02524049377441,0.6055527124615507,26.678229544535252,14.261891681740593,0.3259904321193333,58.560001373291016,False,False,False,False,False,
NYSE:WTM,,https://www.tradingview.com/chart/?symbol=NYSE%3AWTM,False,,-37.617981748727466,-0.9396631499559892,2053.679931640625,1991.2900390625,2069.210140625,0.18896298070950682,-37.83862002605812,-44.162126420093614,0.15439215458394948,2138.514892578125,False,True,False,False,False,
TSX:DSV,,https://www.tradingview.com/chart/?symbol=TSX%3ADSV,False,,-53.4640417924453,2.4211044373407353,12.470000267028809,7.210000038146973,8.65668006515503,0.8580750621016212,58.8733124548664,56.174377573805074,0.678848316247284,9.029999732971191,False,False,False,False,False,
NYSE:ADT,,https://www.tradingview.com/chart/?symbol=NYSE%3AADT,False,,-72.49117114237565,-72.49117114237565,6.605000019073486,6.295000076293945,6.6832200717926025,0.1884498154248851,16.40091180481343,-1.1492049753741345,0.2380573341807249,6.910099983215332,False,True,False,False,False,
NYSE:CLF,,https://www.tradingview.com/chart/?symbol=NYSE%3ACLF,False,,-0.791340920002888,26.176095160324365,12.069999694824219,7.804999828338623,9.447559949874877,0.6127872917973943,32.12599616655907,34.51702504550381,0.6367795352840292,10.930000305175781,False,False,False,False,False,
NYSE:RIG,,https://www.tradingview.com/chart/?symbol=NYSE%3ARIG,False,,-38.44193931449892,-38.44193931449892,5.434999942779541,4.869999885559082,5.5154599170684815,0.20658136367051966,5.175873892601818,-1.4667042237604946,0.46082563772250357,5.934999942779541,False,True,False,False,False,
NASDAQ:MAAS,,https://www.tradingview.com/chart/?symbol=NASDAQ%3AMAAS,False,,11.689596666109452,11.689596666109452,15.670000076293945,5.309999942779541,9.476579992294312,0.5868026060831673,21.73744377608452,18.210661484897624,1.278421410091338,13.8100004196167,False,False,False,False,False,
NASDAQ:XMTR,,https://www.tradingview.com/chart/?symbol=NASDAQ%3AXMTR,False,,7.479415142745407,49.73485111471954,99.5999984741211,36.08000183105469,52.319161254882815,0.9231216232637888,26.424338163524965,36.22324226079425,0.797797073143116,86.25,False,False,False,False,False,
NYSE:OBDC,,https://www.tradingview.com/chart/?symbol=NYSE%3AOBDC,False,,-30.22642693812506,5.934073920202152,11.199999809265137,10.645000457763672,10.943540313720703,0.438734876904334,29.787961850088433,23.016724780863022,0.11335120133910916,11.15999984741211,False,False,False,False,False,
NASDAQ:OTEX,,https://www.tradingview.com/chart/?symbol=NASDAQ%3AOTEX,False,,-36.748549817742855,-36.748549817742855,23.084999084472656,19.915000915527344,21.51390082550049,0.4678964350455554,12.211469687041733,2.3772990458927445,0.29379877603797694,23.059999465942383,False,False,False,False,False,
NASDAQ:VRNS,,https://www.tradingview.com/chart/?symbol=NASDAQ%3AVRNS,False,,47.61600432306546,51.907451704771155,48.45500183105469,20.200000762939453,26.95668101501465,0.9869018516936896,52.97661784625527,56.68617149454586,0.8408223703263376,34.04999923706055,False,False,False,False,False,
TSX:CSH.UN,,https://www.tradingview.com/chart/?symbol=TSX%3ACSH.UN,False,,-44.00470261169766,-41.56083184413967,20.25,19.540000915527344,20.417920753479002,0.1908600041736077,-26.90858522317913,-32.2543239153844,0.17638687939497347,21.09000015258789,False,True,False,False,False,
NYSE:CE,,https://www.tradingview.com/chart/?symbol=NYSE%3ACE,False,,-3.55965089962236,-3.55965089962236,44.400001525878906,42.060001373291016,48.790721481323246,0.08204768986779239,-33.738331821434784,-33.53831767184468,0.5624137442845363,50.709999084472656,False,True,False,False,False,
NYSE:BC,,https://www.tradingview.com/chart/?symbol=NYSE%3ABC,False,,-66.66722126041611,-66.66722126041611,66.0,66.0,71.18728079223632,0.0,-54.61737117435113,-65.4936445927585,0.27679136561255935,79.41000366210938,False,True,False,False,False,
NASDAQ:GTLB,,https://www.tradingview.com/chart/?symbol=NASDAQ%3AGTLB,False,,34.91312392058901,43.090603471234346,49.790000915527344,19.264999389648438,26.586899749755858,0.9838839653373447,78.71667830408127,76.43048797883655,1.0383200266824548,29.8799991607666,False,False,False,False,False,
NYSE:BB,,https://www.tradingview.com/chart/?symbol=NYSE%3ABB,False,,3.925002724999421,55.69795004764729,8.529999732971191,3.1500000953674316,5.499379964828491,0.5404319373715192,-15.831949015212643,-14.413417071277827,1.246041546601399,7.989299774169922,False,False,False,False,False,
NASDAQ:ENPH,,https://www.tradingview.com/chart/?symbol=NASDAQ%3AENPH,False,,-70.9441604434492,-70.9441604434492,34.744998931884766,30.546899795532227,40.40299086761475,0.10052173716063895,-43.418161850192426,-46.2324158305984,1.0594393633422865,39.41999816894531,False,True,False,False,False,
TSX:EIF,,https://www.tradingview.com/chart/?symbol=TSX%3AEIF,False,,-43.95417375733316,-7.11741742838095,117.70999908447266,97.75,106.64484057617187,0.5295833852890547,-8.922486138548836,-16.877372349130404,0.3134825034439516,120.2300033569336,False,False,False,False,False,
TSX:WFG,,https://www.tradingview.com/chart/?symbol=TSX%3AWFG,False,,49.85338644733242,49.85338644733242,101.16999816894531,80.98999786376953,86.02623880004883,0.9456418253769918,24.48884216899236,38.271225769664554,0.22872457952061237,93.30000305175781,False,False,False,False,False,
NYSE:UNF,,https://www.tradingview.com/chart/?symbol=NYSE%3AUNF,False,,-77.59263494828382,-68.04174724148723,264.0199890136719,248.63999938964844,261.57987982177735,0.2805031754588142,8.343417083669467,-7.886105932062808,0.20607359086603763,266.07000732421875,False,False,False,False,False,
AMEX:BTG,,https://www.tradingview.com/chart/?symbol=AMEX%3ABTG,False,,-52.00862232817161,2.278506158025385,5.380000114440918,3.6449999809265137,4.171279985427857,0.7780269590469586,34.08129529897071,34.408202268228095,0.48059309453966426,4.640100002288818,False,False,False,False,False,
NYSE:MTRN,,https://www.tradingview.com/chart/?symbol=NYSE%3AMTRN,False,,2.06803004161423,27.193497042405017,254.7899932861328,131.97000122070312,170.99968237304688,0.7426532134429392,20.007481616541153,20.606195804528742,0.7239221146511161,228.4499969482422,False,False,False,False,False,
NYSE:STVN,,https://www.tradingview.com/chart/?symbol=NYSE%3ASTVN,False,,37.72992213291967,37.72992213291967,21.459999084472656,13.420000076293945,15.690320274353027,0.8357586597486623,55.462663561312304,55.91514595744344,0.5256831278851255,18.299999237060547,False,False,False,False,False,
NASDAQ:XENE,,https://www.tradingview.com/chart/?symbol=NASDAQ%3AXENE,True,2026-09-21 13:30,-105.5417029283962,-105.5417029283962,39.0,38.869998931884766,46.44795997619629,0.004048615702270701,-22.57636168702615,-46.79975702947599,0.5591642116091818,57.42499923706055,False,True,True,False,False,
NYSE:AMTM,,https://www.tradingview.com/chart/?symbol=NYSE%3AAMTM,False,,2.555112678779743,2.555112678779743,19.899999618530273,19.31999969482422,21.368479766845702,0.0668202653587705,-49.666062296565656,-50.320863139094506,0.3803681166194092,22.81999969482422,False,True,False,False,False,
NASDAQ:TVTX,,https://www.tradingview.com/chart/?symbol=NASDAQ%3ATVTX,False,,-46.50903499129273,-46.50903499129273,62.86000061035156,26.61989974975586,36.432802688598635,0.8715732598603685,56.840990163126556,49.54778720515867,0.7727206121039966,53.810001373291016,False,False,False,False,False,
NASDAQ:NICE,,https://www.tradingview.com/chart/?symbol=NASDAQ%3ANICE,False,,11.854101083294163,31.399501907129473,114.51000213623047,83.19999694824219,93.21111831665038,0.7380952595063915,34.2522026694291,44.68727240660487,0.42251001149044554,100.4000015258789,False,False,False,False,False,
NASDAQ:EBC,,https://www.tradingview.com/chart/?symbol=NASDAQ%3AEBC,False,,-41.37152463381086,-40.84182708458225,21.485000610351562,18.549999237060547,19.763039543151855,0.5710117962432663,13.840895924666663,3.7608656062011363,0.2467595446866697,20.829999923706055,False,False,False,False,False,
NYSE:REZI,,https://www.tradingview.com/chart/?symbol=NYSE%3AREZI,True,2026-09-21 09:30,-60.69529365924819,-49.79999772446795,18.815000534057617,18.361000061035156,20.82039961242676,0.04356515051516353,-41.54086028445247,-44.59162266017939,0.45670151573992607,22.818370819091797,False,True,True,False,False,"NEAR: 4h+band ok, weekly shallow"
NYSE:MTN,,https://www.tradingview.com/chart/?symbol=NYSE%3AMTN,False,,24.830518718601624,30.916004375491354,140.42999267578125,119.08000183105469,128.72296197509766,0.522515676108867,4.798051750993202,0.9436090749811883,0.30152757926862983,135.50999450683594,False,False,False,False,False,
NASDAQ:BCPC,,https://www.tradingview.com/chart/?symbol=NASDAQ%3ABCPC,False,,-33.55461786081508,-20.131773065665186,167.2899932861328,154.39999389648438,160.8050337524414,0.4749447192163482,14.02655394183025,3.7497971998341884,0.1626025929793299,166.91000366210938,False,False,False,False,False,
NASDAQ:PAGP,,https://www.tradingview.com/chart/?symbol=NASDAQ%3APAGP,False,,-54.45752766441797,-54.45752766441797,27.34000015258789,22.614999771118164,23.99559986114502,0.8076923202324031,70.61445816647917,65.50912384487772,0.23746703174823772,24.635000228881836,False,False,False,False,False,
NASDAQ:IEP,,https://www.tradingview.com/chart/?symbol=NASDAQ%3AIEP,False,,36.05911443724987,49.871162755590426,7.150000095367432,6.614999771118164,7.031539852142334,0.30311627205810443,4.015615553931371,17.140641941660842,0.23455153766832906,7.525000095367432,False,False,False,False,False,
NASDAQ:STEP,,https://www.tradingview.com/chart/?symbol=NASDAQ%3ASTEP,True,2026-09-21 09:30,-64.37182894134845,-62.94974253471762,47.38999938964844,39.540000915527344,43.511880447387696,0.46642896015148183,22.459916756388704,15.623688876619031,0.3496779065626662,48.130001068115234,False,False,True,False,False,
NYSE:ESAB,,https://www.tradingview.com/chart/?symbol=NYSE%3AESAB,True,2026-09-21 09:30,-65.37850813186559,-58.89378923684037,66.97000122070312,64.91000366210938,75.44268301391601,0.04615724143778624,-71.38108410073433,-73.38931084019497,0.4873334391906944,91.58000183105469,False,True,True,True,True,FULL PASS
NYSE:CUZ,,https://www.tradingview.com/chart/?symbol=NYSE%3ACUZ,False,,-25.658750425178084,11.119671128358327,28.65999984741211,21.329999923706055,23.981459617614746,0.652425524690703,-3.6552294213418257,-10.704969631516644,0.3974177050258062,28.270000457763672,False,False,False,False,False,
NASDAQ:NOVT,,https://www.tradingview.com/chart/?symbol=NASDAQ%3ANOVT,False,,-63.605742395414715,-58.5287146862413,134.22000122070312,113.13999938964844,126.43860083007813,0.3740904977424577,-19.058881858033416,-31.365727047558522,0.3865414088034568,145.77999877929688,False,False,False,False,False,
NASDAQ:GLNG,,https://www.tradingview.com/chart/?symbol=NASDAQ%3AGLNG,False,,-39.84656283050981,-13.594287218504945,51.36000061035156,42.939998626708984,46.34665895080566,0.5833045502317755,25.213790707037372,21.250027889096515,0.2803457157261612,51.4900016784668,False,False,False,False,False,
NYSE:PIPR,,https://www.tradingview.com/chart/?symbol=NYSE%3APIPR,False,,-66.16408479063952,-44.905432685251874,73.8499984741211,69.95999908447266,74.97972009277343,0.1828866294439331,-22.255155881819945,-33.0167299094001,0.27782138127920314,76.55999755859375,False,True,False,False,False,
NYSE:G,,https://www.tradingview.com/chart/?symbol=NYSE%3AG,False,,-50.747730739733676,-50.747730739733676,34.060001373291016,27.225000381469727,29.99210047149658,0.582942496328049,30.539107107383433,23.662343403868736,0.3432377176183737,34.15999984741211,False,False,False,False,False,
NYSE:WFG,,https://www.tradingview.com/chart/?symbol=NYSE%3AWFG,False,,43.678805759761474,43.678805759761474,72.06999969482422,58.95000076293945,62.36020094299317,0.9079583556517311,32.52278966734335,44.593283156383606,0.21657674608158786,66.72000122070312,False,False,False,False,False,
NASDAQ:VSNT,,https://www.tradingview.com/chart/?symbol=NASDAQ%3AVSNT,False,,-72.06916998819833,-72.06916998819833,34.70000076293945,34.70000076293945,37.00336036682129,0.0,-6.287813019990748,-21.31540181409576,0.2533090742472977,38.529998779296875,False,True,False,False,False,
NASDAQ:TFSL,,https://www.tradingview.com/chart/?symbol=NASDAQ%3ATFSL,False,,-62.7308860713729,-52.56430214786938,16.809999465942383,13.255000114440918,14.551820087432862,0.646951669797854,17.164402949042763,6.559366733926053,0.329337732181265,16.684999465942383,False,False,False,False,False,
NYSE:TKC,,https://www.tradingview.com/chart/?symbol=NYSE%3ATKC,False,,-31.156935356887406,-16.665550201234016,5.15500020980835,4.940000057220459,5.365980016708374,0.11911366927152749,-65.10755145789297,-64.29199045808728,0.30619165974194495,5.894999980926514,False,True,False,True,False,
NYSE:RITM,,https://www.tradingview.com/chart/?symbol=NYSE%3ARITM,True,2026-09-21 09:30,-72.63397902449664,-66.56181740667718,9.5600004196167,8.604999542236328,9.027439758300781,0.5335197703510798,28.374538518038182,14.079338766067396,0.1884211490028783,9.5,False,False,True,False,False,
NASDAQ:GNTX,,https://www.tradingview.com/chart/?symbol=NASDAQ%3AGNTX,False,,-53.0573490375998,-53.0573490375998,22.110000610351562,20.709999084472656,21.990299354553223,0.25806474295801757,-44.83247142666709,-51.285191239796966,0.23183765952342855,23.399999618530273,False,False,False,False,False,
NYSE:ASB,,https://www.tradingview.com/chart/?symbol=NYSE%3AASB,False,,-61.37142361361464,-61.37142361361464,29.364999771118164,24.21500015258789,26.13250015258789,0.6338461068960336,19.352392994592368,4.565442966566076,0.2767370514677489,29.360000610351562,False,False,False,False,False,
NYSE:BCO,,https://www.tradingview.com/chart/?symbol=NYSE%3ABCO,False,,-47.70183330042778,-47.684606810433884,107.05000305175781,91.34500122070312,98.86278021240234,0.4930153488445615,-5.5398657236502595,-13.982051137564817,0.29823983199759996,106.80999755859375,False,False,False,False,False,
NYSE:RDN,,https://www.tradingview.com/chart/?symbol=NYSE%3ARDN,False,,-71.5688667705936,-66.34352571228159,34.34000015258789,32.459999084472656,34.20049908447265,0.2549153990664725,-14.825791502645215,-28.620359036299213,0.20440686324057247,36.08000183105469,False,False,False,False,False,
NASDAQ:OMAB,,https://www.tradingview.com/chart/?symbol=NASDAQ%3AOMAB,False,,-56.001802288737146,-14.943435497098932,99.63999938964844,96.12000274658203,101.40876181030274,0.15707261339662,-48.120610596581024,-51.00155706945362,0.2100182338986924,106.70500183105469,False,True,False,False,False,
NYSE:RYAN,,https://www.tradingview.com/chart/?symbol=NYSE%3ARYAN,False,,-16.794849546217613,17.763775832799062,40.04999923706055,29.395000457763672,33.43060009765625,0.6230993994193629,16.758864007703085,9.553137614507717,0.47029697984253566,36.36000061035156,False,False,False,False,False,
NYSE:AIR,,https://www.tradingview.com/chart/?symbol=NYSE%3AAIR,False,,-73.12998879083653,-61.833537186236676,116.33000183105469,100.91000366210938,113.37788409423828,0.2918795690800276,-5.59917416926704,-20.280378717698433,0.42898904731197196,123.1500015258789,False,False,False,False,False,
NASDAQ:FTDR,,https://www.tradingview.com/chart/?symbol=NASDAQ%3AFTDR,True,2026-09-21 13:30,-59.49904428783484,-59.49904428783484,79.7300033569336,51.95000076293945,61.63308137512207,0.6770655822005847,46.48705300331489,37.36782545447092,0.5843897326451919,70.20999908447266,False,False,False,False,False,
NYSE:LPX,,https://www.tradingview.com/chart/?symbol=NYSE%3ALPX,False,,-50.915488206628176,-50.915488206628176,65.0999984741211,64.76000213623047,68.93012170410157,0.01924144726218264,-58.38694398056722,-63.77635800596696,0.24119570916865532,73.26000213623047,False,True,False,False,False,
NYSE:SPHR,,https://www.tradingview.com/chart/?symbol=NYSE%3ASPHR,False,,16.764111236634335,19.11288050472031,145.0,105.62000274658203,122.37600094604493,0.5546479082400801,3.6967369512670865,0.26153834408454957,0.5055358942500623,140.44500732421875,False,False,False,False,False,
NYSE:BIPC,,https://www.tradingview.com/chart/?symbol=NYSE%3ABIPC,False,,-62.045318101133724,-17.299501558542225,36.13999938964844,35.06999969482422,37.95864009094238,0.08741826373329785,-50.674161417659384,-56.18404138750583,0.3053892494830933,40.08000183105469,False,True,False,False,False,
NASDAQ:RGTI,,https://www.tradingview.com/chart/?symbol=NASDAQ%3ARGTI,False,,-38.71381666262071,23.557172733910566,16.549999237060547,12.75510025024414,16.121616699218748,0.26603053169737434,-31.632804081761375,-28.628879219075404,0.8506201441941879,16.770000457763672,False,False,False,False,False,
NASDAQ:INDV,,https://www.tradingview.com/chart/?symbol=NASDAQ%3AINDV,False,,-34.58432100883323,25.33562153933394,35.560001373291016,28.625,31.73194021606445,0.5267756088882295,-35.01507542760064,-36.62762869174841,0.3520995220762727,37.38999938964844,False,False,False,False,False,
NYSE:HRI,,https://www.tradingview.com/chart/?symbol=NYSE%3AHRI,False,,-45.07367458444264,-45.07367458444264,140.75,91.0199966430664,110.42863613891602,0.6046936362925409,5.79614518476253,-6.015319732848961,0.5884373289650281,139.75999450683594,False,False,False,False,False,
NYSE:OGS,,https://www.tradingview.com/chart/?symbol=NYSE%3AOGS,False,,-66.61065166896795,-66.61065166896795,74.29000091552734,74.29000091552734,78.15332156372071,0.0,-23.05049002242009,-41.47912108269661,0.2040130007776772,80.23999786376953,False,True,False,False,False,
NYSE:ZETA,,https://www.tradingview.com/chart/?symbol=NYSE%3AZETA,False,,-35.382872681989134,-30.490623756193315,31.139999389648438,14.545000076293945,18.829580238342285,0.9140731856629163,75.79772435168594,71.86762720989238,0.9057121784756873,20.045000076293945,False,False,False,False,False,
TSX:MAU,,https://www.tradingview.com/chart/?symbol=TSX%3AMAU,False,,-44.171502313057125,27.53888829327575,19.75,12.579999923706055,14.595440139770508,0.8395783732596004,70.60042252199001,69.28738263709641,0.5291202749985583,16.139999389648438,False,False,False,False,False,
NASDAQ:IRDM,,https://www.tradingview.com/chart/?symbol=NASDAQ%3AIRDM,False,,-4.093884875955329,12.708842868340007,48.22999954223633,24.59000015258789,32.09418688964844,0.7434569596201691,12.75459584086879,11.789551307134895,0.6838150844779066,46.5,False,False,False,False,False,
NASDAQ:LAUR,,https://www.tradingview.com/chart/?symbol=NASDAQ%3ALAUR,False,,-20.559585859419926,-0.24484151381608873,36.279998779296875,29.350000381469727,31.970780723571778,0.6240429980390638,8.601328951792798,-0.28191647008314913,0.3094177107394412,35.88999938964844,False,False,False,False,False,
NYSE:GHC,,https://www.tradingview.com/chart/?symbol=NYSE%3AGHC,False,,-2.9052972721841392,4.65949562941369,1146.1099853515625,1036.030029296875,1084.2235512695313,0.5390531458490622,-5.192230678366172,-8.762413629329822,0.17926509633551177,1139.1500244140625,False,False,False,False,False,
NYSE:MAIN,,https://www.tradingview.com/chart/?symbol=NYSE%3AMAIN,False,,-24.835644777208426,-16.369265732025216,56.279998779296875,49.34000015258789,51.71416047668457,0.6898606043071187,42.97512901111051,35.765662106462784,0.18586607618089637,54.125,False,False,False,False,False,
NYSE:VVV,,https://www.tradingview.com/chart/?symbol=NYSE%3AVVV,False,,-86.92484658677036,-76.73484025621632,26.6299991607666,26.524999618530273,29.78179988861084,0.0076086618499207,-45.419567201220495,-54.6092502505698,0.4064801423943871,33.95000076293945,False,True,False,False,False,
NASDAQ:MMYT,,https://www.tradingview.com/chart/?symbol=NASDAQ%3AMMYT,False,,-60.67996220436072,-47.77432111391877,47.90999984741211,36.29999923706055,42.80156318664551,0.42143093035605367,5.578725196988979,-9.073563897551379,0.5753759225524053,47.880001068115234,False,False,False,False,False,
NYSE:CHH,,https://www.tradingview.com/chart/?symbol=NYSE%3ACHH,False,,-35.416783550043355,-32.751561164316065,99.0999984741211,95.43000030517578,101.72175936889649,0.13765936665713707,-55.34298647189882,-60.11498846420088,0.2457369025501475,108.48999786376953,False,True,False,False,False,
NASDAQ:FFIN,,https://www.tradingview.com/chart/?symbol=NASDAQ%3AFFIN,False,,-25.947975112868203,-25.947975112868203,32.744998931884766,28.25,30.201720108032227,0.5435306750998994,-8.001563126770474,-14.890486637111213,0.2517504061462498,32.849998474121094,False,False,False,False,False,
TSX:CIGI,,https://www.tradingview.com/chart/?symbol=TSX%3ACIGI,False,,-64.65787736264764,-43.50225697277906,129.50999450683594,123.43000030517578,132.52071951293945,0.15783994630110007,-18.33141721950764,-29.044773503432463,0.2770824015195128,139.02000427246094,False,True,False,False,False,
NYSE:CNO,,https://www.tradingview.com/chart/?symbol=NYSE%3ACNO,False,,-12.61678710172078,-12.61678710172078,54.38999938964844,39.52000045776367,43.5957205657959,0.8610306043854218,52.47608402146866,47.13542019766983,0.3387270815145841,50.98500061035156,False,False,False,False,False,
NYSE:HRB,,https://www.tradingview.com/chart/?symbol=NYSE%3AHRB,True,2026-09-21 09:30,-53.43842145514103,-51.879953926030915,44.5,29.329999923706055,35.19106015777588,0.6108314664972133,48.9961419113402,36.1118836661059,0.6456519145535584,38.46500015258789,False,False,False,False,False,
NYSE:MC,,https://www.tradingview.com/chart/?symbol=NYSE%3AMC,False,,-68.79814366194022,-53.21915427927033,60.52000045776367,51.380001068115234,56.229800888061526,0.444768843259374,4.6253882701866615,-18.77903091937342,0.3094413206422615,66.41000366210938,False,False,False,False,False,
NYSE:TEX,,https://www.tradingview.com/chart/?symbol=NYSE%3ATEX,False,,-54.86726149614818,-38.522889021234754,58.869998931884766,54.459999084472656,59.21539944458008,0.21885853664816302,-29.794729414920937,-40.61952794821741,0.3198920620566868,62.9900016784668,False,True,False,False,False,
NASDAQ:QLYS,,https://www.tradingview.com/chart/?symbol=NASDAQ%3AQLYS,False,,11.406880483364098,13.009379935014948,181.17999267578125,75.81999969482422,104.1234797668457,0.8785124048432946,50.07374053474461,48.960335545886316,1.0582369925658341,113.33000183105469,False,False,False,False,False,
NASDAQ:SHC,,https://www.tradingview.com/chart/?symbol=NASDAQ%3ASHC,False,,3.3914135394551934,3.3914135394551934,18.700000762939453,13.119999885559082,14.652819858551025,0.859122552070692,53.412657598675025,49.011603181060195,0.3988332788711213,16.28499984741211,False,False,False,False,False,
NYSE:GBTG,,https://www.tradingview.com/chart/?symbol=NYSE%3AGBTG,False,,-42.51075001741838,-19.869346215795986,9.479999542236328,5.25,6.254180027008056,0.9941244250218135,28.287612429086238,26.521988023541187,0.45265960501243124,9.399999618530273,False,False,False,False,False,
NYSE:HASI,,https://www.tradingview.com/chart/?symbol=NYSE%3AHASI,False,,-63.5669871807741,-33.758564476869346,37.029998779296875,35.41999816894531,37.27731881713867,0.20457433906878764,-14.028024092891762,-26.772749837513032,0.20169150830996888,39.02000045776367,False,True,False,False,False,
NASDAQ:SAIC,,https://www.tradingview.com/chart/?symbol=NASDAQ%3ASAIC,False,,51.34645199834588,51.34645199834588,133.25,89.19999694824219,99.85067810058594,0.9760690956302999,67.5959771474205,67.24041016628676,0.4067598569098249,110.94999694824219,False,False,False,False,False,
NASDAQ:RELY,,https://www.tradingview.com/chart/?symbol=NASDAQ%3ARELY,False,,-52.59081716762967,-40.416530715035755,21.559999465942383,15.020000457763672,17.85318025970459,0.5447729667114019,28.869516352513614,12.375079915437555,0.5459299356853137,21.989999771118164,False,False,False,False,False,
NYSE:LMND,,https://www.tradingview.com/chart/?symbol=NYSE%3ALMND,True,2026-09-21 13:30,-62.150227505544045,-62.150227505544045,47.849998474121094,47.099998474121094,54.78887890625,0.023020256533107776,-40.24840463010097,-45.240601753236234,0.5699790398535092,57.15999984741211,False,True,True,False,False,"NEAR: 4h+band ok, weekly shallow"
NASDAQ:UFPI,,https://www.tradingview.com/chart/?symbol=NASDAQ%3AUFPI,False,,-47.077033492896675,-44.42770698367261,80.27999877929688,79.03009796142578,83.31347491455078,0.06886542936697963,-32.364928239339726,-41.41462890572111,0.20931729368453125,86.70999908447266,False,True,False,False,False,
NYSE:CNX,,https://www.tradingview.com/chart/?symbol=NYSE%3ACNX,True,2026-09-21 13:30,-77.44660972325276,-75.50805799818924,32.790000915527344,31.739999771118164,34.24631996917724,0.09887015644388346,12.436107189490452,-5.483127849316045,0.2964824380154288,35.81999969482422,False,True,True,False,False,
NYSE:BEPC,,https://www.tradingview.com/chart/?symbol=NYSE%3ABEPC,False,,-66.4273672666543,-27.760358544399946,29.934999465942383,29.059999465942383,32.50559955596924,0.059931505283420894,-67.84010190834721,-70.24321219481085,0.39868926289775536,36.619998931884766,False,True,False,True,False,"WATCH: weekly+band ok, waiting on 4h dot"
NYSE:PRIM,,https://www.tradingview.com/chart/?symbol=NYSE%3APRIM,False,,39.872388716628784,42.629969979266114,76.91999816894531,72.04000091552734,103.33360055541992,0.0368023929832124,-46.87340100487023,-43.46002070325465,1.3222975676929982,100.27999877929688,False,True,False,False,False,
NYSE:SLGN,,https://www.tradingview.com/chart/?symbol=NYSE%3ASLGN,False,,-64.39485092434045,-64.39485092434045,37.060001373291016,35.86000061035156,38.72976057434082,0.09868427450637159,-32.671331188859206,-43.2907448899108,0.2970200355473145,40.939998626708984,False,True,False,False,False,
NYSE:PAM,,https://www.tradingview.com/chart/?symbol=NYSE%3APAM,False,,-54.239658488524924,-54.239658488524924,81.31999969482422,78.60579681396484,81.24644833374023,0.24257342367435775,2.9554030704849423,-4.010211488111253,0.134890919428992,82.94999694824219,False,False,False,False,False,
NYSE:SR,,https://www.tradingview.com/chart/?symbol=NYSE%3ASR,True,2026-09-21 09:30,-55.00048808958394,-51.134867967848805,79.77999877929688,75.93000030517578,80.48480102539062,0.19948175468140364,-8.207597879335365,-17.813201634296163,0.23303553637858748,82.81999969482422,False,True,False,False,False,
NYSE:ALK,,https://www.tradingview.com/chart/?symbol=NYSE%3AALK,False,,-46.580374493860006,6.477510585943063,41.90999984741211,33.95009994506836,38.64293614196777,0.40029873154198004,-33.05677257961612,-35.12192655683678,0.4738933971748075,41.96070098876953,False,False,False,False,False,
NYSE:KVYO,,https://www.tradingview.com/chart/?symbol=NYSE%3AKVYO,True,2026-09-21 13:30,-58.32461664408538,-58.07304413042298,15.8149995803833,12.635000228881836,15.161380210876464,0.2970573913278977,9.51679302756126,-4.900881409710677,0.6078932170742465,17.610000610351562,False,False,False,False,False,
NASDAQ:CIGI,,https://www.tradingview.com/chart/?symbol=NASDAQ%3ACIGI,False,,-66.96742633045915,-47.36893669086637,92.4000015258789,88.12000274658203,95.27080166625977,0.14125410646557293,-15.852765251021069,-27.18507646685474,0.304951642876767,99.36000061035156,False,True,False,False,False,
NYSE:MTH,,https://www.tradingview.com/chart/?symbol=NYSE%3AMTH,False,,-32.540613863666785,-31.385007560224107,64.37999725341797,58.75,64.97096014404296,0.21358107447110874,-43.488113677949734,-49.00252944313,0.38358556667793164,68.72000122070312,False,True,False,False,False,
NASDAQ:DFTX,,https://www.tradingview.com/chart/?symbol=NASDAQ%3ADFTX,False,,-14.62933476524818,5.064252666095048,39.2599983215332,17.219999313354492,24.59027965545654,0.7057316037515463,23.812282638707245,15.923395331384238,1.2773006329276857,24.450000762939453,False,False,False,False,False,
NASDAQ:WSC,,https://www.tradingview.com/chart/?symbol=NASDAQ%3AWSC,False,,-59.617667870001526,-48.31659331533663,18.09000015258789,16.565000534057617,19.530340209960936,0.12136886471986032,-56.10108253825515,-59.447212087698695,0.5376550353226753,23.3700008392334,False,True,False,False,False,
NYSE:KTB,,https://www.tradingview.com/chart/?symbol=NYSE%3AKTB,False,,-43.16251657153981,-39.885648488659896,66.41999816894531,61.79499816894531,68.01949816894532,0.17535545023696683,-31.209024774240106,-40.908480034024564,0.3560099929261913,74.08499908447266,False,True,False,False,False,
NYSE:RXO,,https://www.tradingview.com/chart/?symbol=NYSE%3ARXO,False,,-54.63959676502205,-1.8163424337332337,19.719999313354492,11.925000190734863,16.046740001678465,0.446321184091696,-29.1174043131487,-33.530564368323084,0.8184160765713773,21.34000015258789,False,False,False,False,False,
AMEX:UEC,,https://www.tradingview.com/chart/?symbol=AMEX%3AUEC,False,,-62.01645433799405,-47.74694828593558,10.100000381469727,9.069999694824219,10.815219802856445,0.13928338375748947,-19.355898618244463,-27.66469017387894,0.605899262924221,12.204999923706055,False,True,False,False,False,
NASDAQ:NTSK,,https://www.tradingview.com/chart/?symbol=NASDAQ%3ANTSK,False,,58.88228696639828,59.56780719064844,18.420000076293945,7.724999904632568,10.249019945144653,1.0,58.55774284177247,67.53020542951369,0.9328390780044858,11.46500015258789,False,False,False,False,False,
NASDAQ:WLFC,,https://www.tradingview.com/chart/?symbol=NASDAQ%3AWLFC,False,,-35.74395933886509,-35.74395933886509,54.7599983215332,52.400001525878906,58.934053466796875,0.08523948827014786,-38.590412151949224,-40.68818433510846,0.4471841366922632,61.913333892822266,False,True,False,False,False,
TSX:AC,,https://www.tradingview.com/chart/?symbol=TSX%3AAC,False,,-35.0875406616081,25.066917287341095,28.1299991607666,16.56999969482422,19.883439910888672,0.8233617316333478,63.19250197455866,59.14569866285562,0.6217892366238307,22.579999923706055,False,False,False,False,False,
NYSE:EPR,,https://www.tradingview.com/chart/?symbol=NYSE%3AEPR,False,,-80.97860414950709,-70.15359020614027,57.43000030517578,48.709999084472656,52.422279876708984,0.554354695471788,2.657966095529947,-13.99055139135434,0.26907293197532023,58.459999084472656,False,False,False,False,False,
NASDAQ:MRX,,https://www.tradingview.com/chart/?symbol=NASDAQ%3AMRX,False,,-40.37528691911946,18.981520469670016,75.70999908447266,34.70500183105469,44.98870111083984,0.9410212306411213,66.34478396218252,64.01677445719756,0.715164889709358,60.93000030517578,False,False,False,False,False,
NYSE:MGY,,https://www.tradingview.com/chart/?symbol=NYSE%3AMGY,False,,-46.52685787125089,-46.52685787125089,24.239999771118164,23.399999618530273,25.514559852600097,0.09375000665230337,-3.8304288681180427,-18.24135625444771,0.324343927305748,27.625,False,True,False,False,False,
NYSE:SKT,,https://www.tradingview.com/chart/?symbol=NYSE%3ASKT,False,,-67.74467349689058,-63.39626185592692,35.63999938964844,33.72999954223633,35.757239578247066,0.22235154988171774,-19.376684160309363,-29.997801401129344,0.23203673815153705,37.02000045776367,False,True,False,False,False,
NYSE:TBBB,,https://www.tradingview.com/chart/?symbol=NYSE%3ATBBB,False,,23.384888132388312,54.908344244425,52.494998931884766,31.78499984741211,36.72566017150879,0.9892523394287703,80.33709501132391,78.92291469909091,0.5216795618259937,40.130001068115234,False,False,False,False,False,
NYSE:TNL,,https://www.tradingview.com/chart/?symbol=NYSE%3ATNL,True,2026-09-21 13:30,-64.36544047854655,-64.36544047854655,63.029998779296875,61.599998474121094,65.6497593383789,0.08333333333333333,-36.71334373490663,-45.24198156997784,0.2398323260684724,71.55000305175781,False,True,True,False,False,
NASDAQ:SLM,,https://www.tradingview.com/chart/?symbol=NASDAQ%3ASLM,True,2026-09-21 09:30,-64.28319338113299,-61.071411229677324,25.059999465942383,19.469999313354492,21.494879295349122,0.6515151750926054,38.62186069349016,25.48428555265425,0.3687150732669398,23.270000457763672,False,False,True,False,False,
NYSE:SXT,,https://www.tradingview.com/chart/?symbol=NYSE%3ASXT,False,,-57.080925603966335,-11.612168829796685,129.75999450683594,82.91000366210938,95.78852178955079,0.8585302850796313,49.27012062918569,42.300224130921265,0.46343942306097397,117.75,False,False,False,False,False,
NYSE:CRC,,https://www.tradingview.com/chart/?symbol=NYSE%3ACRC,False,,-31.606473880754084,-31.606473880754084,52.7599983215332,49.279998779296875,54.22891906738281,0.16595132759461248,-6.232564039377639,-7.296836986142571,0.3689303512387196,56.84000015258789,False,True,False,False,False,
NYSE:NNI,,https://www.tradingview.com/chart/?symbol=NYSE%3ANNI,False,,-10.801027957618087,-10.801027957618087,126.36000061035156,117.37000274658203,123.7089610900879,0.3346984442677697,-33.701145778754274,-35.32472503303192,0.20720506031947522,129.6300048828125,False,False,False,False,False,
NASDAQ:AUGO,,https://www.tradingview.com/chart/?symbol=NASDAQ%3AAUGO,False,,24.310711059916382,42.77212086355532,89.1500015258789,50.060001373291016,63.98872148132324,0.6623178558014713,34.97883077212668,38.473349908937315,0.78006869681558,75.66000366210938,False,False,False,False,False,
NASDAQ:MARA,,https://www.tradingview.com/chart/?symbol=NASDAQ%3AMARA,False,,-15.826610330146472,52.92820222915348,13.28499984741211,7.75,9.484600090026856,0.75306116464518,-0.9451419462714039,15.491621976974873,0.6244689970782078,11.770000457763672,False,False,False,False,False,
NYSE:TGS,,https://www.tradingview.com/chart/?symbol=NYSE%3ATGS,False,,-58.97638066174168,-58.97638066174168,27.899999618530273,27.68000030517578,29.59396044921875,0.02712691699106486,-33.410425067087665,-41.231755210605485,0.26748023390435527,30.31999969482422,False,True,False,False,False,
NYSE:ELF,,https://www.tradingview.com/chart/?symbol=NYSE%3AELF,False,,-57.52274970914683,-27.216716982106462,97.79000091552734,49.150001525878906,63.44216094970703,0.8031704318116537,55.60867659397945,49.658019558882216,0.8668765678427467,69.86000061035156,False,False,False,False,False,
NASDAQ:RDNT,,https://www.tradingview.com/chart/?symbol=NASDAQ%3ARDNT,False,,4.6294892828700185,4.6294892828700185,72.69999694824219,51.869998931884766,58.336398391723634,0.7602189692102392,56.68455423552962,53.32130022227675,0.4531172012247405,60.470001220703125,False,False,False,False,False,
NASDAQ:IBOC,,https://www.tradingview.com/chart/?symbol=NASDAQ%3AIBOC,False,,-37.007547657757016,-37.007547657757016,70.12999725341797,66.18000030517578,68.93175936889648,0.3387648621114062,-28.432760632366342,-33.64790300233549,0.16158530267422105,72.16000366210938,False,False,False,False,False,
NASDAQ:SYNA,,https://www.tradingview.com/chart/?symbol=NASDAQ%3ASYNA,False,,-38.51169838755118,-29.887468095033487,95.2750015258789,65.08000183105469,84.57124096679688,0.3656011748843166,-42.67735621715273,-44.830671457137896,0.7801076244003121,105.87000274658203,False,False,False,False,False,
NYSE:SFBS,,https://www.tradingview.com/chart/?symbol=NYSE%3ASFBS,False,,-67.2403051203101,-48.37754421974813,41.91999816894531,35.69004821777344,38.08417379760742,0.6141148989262774,9.504111270508334,-1.1413841481899203,0.2489777931154192,40.744998931884766,False,False,False,False,False,
TSX:AQN,,https://www.tradingview.com/chart/?symbol=TSX%3AAQN,False,,-57.01148835087819,-25.98304724144622,7.355000019073486,7.340000152587891,7.7305800895690915,0.009063364897749386,-64.46390759278086,-68.7295462412014,0.20036315824596898,8.260000228881836,False,True,False,True,False,
NYSE:FCN,,https://www.tradingview.com/chart/?symbol=NYSE%3AFCN,True,2026-09-21 09:30,-83.78053681193921,-79.25329219857228,140.72000122070312,138.8800048828125,150.26228387451172,0.038150456166016145,-46.87906819388237,-57.043211711351134,0.3096430240656073,155.75999450683594,False,True,True,False,False,"NEAR: 4h+band ok, weekly shallow"
NYSE:DLB,,https://www.tradingview.com/chart/?symbol=NYSE%3ADLB,False,,-52.686395361644344,-52.686395361644344,57.33000183105469,48.52000045776367,52.67360099792481,0.5005681947489399,22.68219822414913,14.361610153779045,0.3002388708547948,58.619998931884766,False,False,False,False,False,
NASDAQ:KNSA,,https://www.tradingview.com/chart/?symbol=NASDAQ%3AKNSA,False,,-35.76445635924035,10.109623074197897,78.16999816894531,42.40999984741211,51.52314024353027,0.9260649169277221,63.1129976932433,58.11683672193898,0.6618958103782913,58.34000015258789,False,False,False,False,False,
NASDAQ:FULT,,https://www.tradingview.com/chart/?symbol=NASDAQ%3AFULT,False,,-38.36394526112923,-38.36394526112923,23.28499984741211,19.219999313354492,20.63245945739746,0.6791980149553964,12.507247582637616,2.786062030588134,0.25954036205381914,23.059999465942383,False,False,False,False,False,
NYSE:ANDG,,https://www.tradingview.com/chart/?symbol=NYSE%3AANDG,False,,-0.21840414856446344,-0.21840414856446344,54.619998931884766,22.739999771118164,30.95043953704834,0.9163552765055267,74.3111063099202,70.21075419377736,0.9204921469413989,37.79499816894531,False,False,False,False,False,
NASDAQ:FELE,,https://www.tradingview.com/chart/?symbol=NASDAQ%3AFELE,False,,-57.01263231658001,-57.01263231658001,95.16000366210938,89.88999938964844,95.01828018188476,0.2425220183309078,-21.420002599324537,-31.846892632322664,0.21576808216140575,100.70999908447266,False,False,False,False,False,
NYSE:MANE,,https://www.tradingview.com/chart/?symbol=NYSE%3AMANE,False,,52.331962668532036,71.8105030390786,113.0999984741211,51.72999954223633,70.13328123474122,0.7869965797362889,-1.3354820875153726,7.539985340733027,0.7666896851200101,101.70999908447266,False,False,False,False,False,
NASDAQ:VCYT,,https://www.tradingview.com/chart/?symbol=NASDAQ%3AVCYT,False,,-66.36516556868177,-34.15256672262189,41.52000045776367,30.0049991607666,37.173499610900876,0.3790946691006213,-22.771616524079448,-27.121356024942962,0.7032878646253192,43.189998626708984,False,False,False,False,False,
NYSE:CBT,,https://www.tradingview.com/chart/?symbol=NYSE%3ACBT,False,,-71.51981286892074,-71.51981286892074,76.5999984741211,67.80999755859375,73.93419863891602,0.33872829922744674,-32.19276837834149,-42.71283388134366,0.3125000516803273,83.04000091552734,False,False,False,False,False,
NYSE:TPC,,https://www.tradingview.com/chart/?symbol=NYSE%3ATPC,False,,-40.1292103428403,-30.926004118402428,86.08000183105469,67.79000091552734,75.44112048339844,0.5641579873081884,30.85546690339066,20.492971708973958,0.39363766304866377,82.36000061035156,False,False,False,False,False,
NYSE:OTF,,https://www.tradingview.com/chart/?symbol=NYSE%3AOTF,False,,-50.083581489391555,-32.1217850318251,10.640000343322754,9.864999771118164,10.526979843139648,0.27629250905055525,4.6257385026649,-4.313095651680302,0.2535020706325787,11.0649995803833,False,False,False,False,False,
NYSE:SITE,,https://www.tradingview.com/chart/?symbol=NYSE%3ASITE,False,,-57.72524280332564,-31.560478080085762,91.26000213623047,87.2249984741211,101.61509811401368,0.06617472346181205,-56.040973254681695,-58.93639122765423,0.56542099911679,107.83999633789062,False,True,False,False,False,
TSX:TVE,,https://www.tradingview.com/chart/?symbol=TSX%3ATVE,False,,-26.308917789677064,-26.308917789677064,13.260000228881836,10.609999656677246,11.476119674682618,0.7220709855899035,50.545741022120616,44.51938536801209,0.28671875168802213,12.800000190734863,False,False,False,False,False,
NASDAQ:UCTT,,https://www.tradingview.com/chart/?symbol=NASDAQ%3AUCTT,False,,-32.01199406533469,10.126268305074165,73.06999969482422,54.970001220703125,75.62708093261719,0.20678623016732195,-36.11187853278699,-37.56275508472437,1.0787527660551555,81.13999938964844,False,True,False,False,False,
NYSE:AQN,,https://www.tradingview.com/chart/?symbol=NYSE%3AAQN,False,,-60.12450514563318,-42.34434239499847,5.244999885559082,5.244999885559082,5.557699953079224,0.0,-65.63953155551283,-72.22381586529491,0.22419633169406772,5.909999847412109,False,True,False,True,False,"WATCH: weekly+band ok, waiting on 4h dot"
NYSE:CSW,,https://www.tradingview.com/chart/?symbol=NYSE%3ACSW,True,2026-09-21 09:30,-58.65147511961211,-51.18539435969392,289.6700134277344,252.33999633789062,276.09339489746094,0.3708894123554205,22.83361180274764,8.164699778260939,0.3568958696116077,282.0150146484375,False,False,False,False,False,
NYSE:EE,,https://www.tradingview.com/chart/?symbol=NYSE%3AEE,False,,-75.96339027014797,-75.96339027014797,33.900001525878906,31.8799991607666,33.85531935882568,0.24133837067778777,23.932166579048587,3.7251728412378107,0.2341913946880503,35.7400016784668,False,False,False,False,False,
TSX:DOO,,https://www.tradingview.com/chart/?symbol=TSX%3ADOO,False,,-51.51230801886046,-50.58607333857909,81.6500015258789,69.33000183105469,78.52220111083984,0.3163029694506875,10.25614352702273,-7.050952327334602,0.4593159852184085,84.80000305175781,False,False,False,False,False,
NASDAQ:MMED,,https://www.tradingview.com/chart/?symbol=NASDAQ%3AMMED,False,,-45.65457873140276,-45.65457873140276,21.1200008392334,10.800000190734863,13.92662275314331,0.7789619963496859,61.017692311868394,57.524622562347,0.8676097112646483,15.270000457763672,False,False,False,False,False,
NASDAQ:CRSP,,https://www.tradingview.com/chart/?symbol=NASDAQ%3ACRSP,False,,-34.806674935038814,36.904804350431675,58.34000015258789,44.349998474121094,48.50168684387207,0.7952524616668665,23.79433446069922,30.05782330569109,0.3353393095470545,52.459999084472656,False,False,False,False,False,
NYSE:BOOT,,https://www.tradingview.com/chart/?symbol=NYSE%3ABOOT,False,,-82.64005839239378,-65.19344699056133,124.37000274658203,122.7300033569336,136.4156428527832,0.028280728574971402,-51.02969875608403,-64.1073172473144,0.36339138487517253,159.5800018310547,False,True,False,False,False,
NYSE:KNF,,https://www.tradingview.com/chart/?symbol=NYSE%3AKNF,False,,-66.27096076748401,-59.518527275484395,55.38999938964844,54.36009979248047,63.71393688964844,0.025984663021898256,-65.6493587363468,-67.27872519553756,0.5031087023133781,78.77999877929688,False,True,False,True,False,"WATCH: weekly+band ok, waiting on 4h dot"
NYSE:AZZ,,https://www.tradingview.com/chart/?symbol=NYSE%3AAZZ,False,,-56.19182891058077,-48.162768089549935,133.6999969482422,119.18000030517578,129.00586080932618,0.34874494771386627,-28.16807264771478,-37.893205293463026,0.29580818569257883,140.75,False,False,False,False,False,
NYSE:KRC,,https://www.tradingview.com/chart/?symbol=NYSE%3AKRC,False,,-54.317543239681775,-47.691051517226846,34.56999969482422,27.739999771118164,30.7277601852417,0.53949438997018,-17.32447189652386,-27.96266768106176,0.3586911010495471,35.29499816894531,False,False,False,False,False,
NYSE:EPAM,,https://www.tradingview.com/chart/?symbol=NYSE%3AEPAM,False,,-25.372468320293066,-25.372468320293066,113.05999755859375,73.68000030517578,88.94670944213867,0.6087545959269841,34.676755940092214,35.95120263368983,0.610335378803873,105.98999786376953,False,False,False,False,False,
NYSE:SKY,,https://www.tradingview.com/chart/?symbol=NYSE%3ASKY,False,,4.778125725130287,9.30988412267059,86.38999938964844,65.23500061035156,72.57106039428712,0.6805533023117913,23.941173342165428,17.140386022511414,0.38533531411978045,80.66999816894531,False,False,False,False,False,
TSX:LNR,,https://www.tradingview.com/chart/?symbol=TSX%3ALNR,False,,-35.61209572730188,-35.61209572730188,96.54000091552734,77.66999816894531,85.09927896118164,0.599428231713509,4.145075239798737,-9.906459942815687,0.3177391302205043,99.07499694824219,False,False,False,False,False,
NYSE:OII,,https://www.tradingview.com/chart/?symbol=NYSE%3AOII,False,,-64.59601215245168,-60.33122788861454,45.97999954223633,33.27000045776367,38.19060009765625,0.6095923268410901,53.50430763990116,37.95050443648886,0.5362653781205728,38.880001068115234,False,False,False,False,False,
TSX:MX,,https://www.tradingview.com/chart/?symbol=TSX%3AMX,False,,-15.79305850824997,-15.79305850824997,82.36000061035156,62.2400016784668,68.92824171447754,0.7099505583470327,42.88343393701308,43.7612851425677,0.35100323138979056,80.73999786376953,False,False,False,False,False,
TSX:MDA,,https://www.tradingview.com/chart/?symbol=TSX%3AMDA,False,,25.284231741497738,64.43612287438182,44.630001068115234,32.85499954223633,40.9627794342041,0.342744918724351,-37.05890745559723,-31.390289801116463,0.7624278405504,45.060001373291016,False,False,False,False,False,
NASDAQ:HLNE,,https://www.tradingview.com/chart/?symbol=NASDAQ%3AHLNE,False,,-77.39108897109371,-69.74347556835114,88.33000183105469,73.2750015258789,81.64238195800782,0.42462274792464555,21.979523714162003,7.924449266026144,0.3894014348456432,91.05000305175781,False,False,False,False,False,
NYSE:KBR,,https://www.tradingview.com/chart/?symbol=NYSE%3AKBR,False,,-51.09097813519176,-51.09097813519176,35.72999954223633,30.05500030517578,32.14713980102539,0.640157992621044,18.461972006156916,6.278988341236007,0.24361082749265678,36.38999938964844,False,False,False,False,False,
NYSE:TREX,,https://www.tradingview.com/chart/?symbol=NYSE%3ATREX,True,2026-09-21 13:30,-54.0129797212806,-54.0129797212806,42.88249969482422,35.31999969482422,38.80336019897461,0.5123644244899394,-0.10529740128383895,-12.601036955357332,0.34190416405549434,43.16999816894531,False,False,False,False,False,
NASDAQ:TCBI,,https://www.tradingview.com/chart/?symbol=NASDAQ%3ATCBI,True,2026-09-21 09:30,-59.06811701642607,-57.54537233660846,94.97000122070312,91.06999969482422,95.01119897460937,0.23353306817756117,-36.68839051323861,-46.73353895569616,0.16772117102969394,99.56999969482422,False,True,False,False,False,
NASDAQ:NWE,,https://www.tradingview.com/chart/?symbol=NASDAQ%3ANWE,False,,-51.47516804322223,-15.98903716519745,69.80999755859375,63.81999969482422,66.2413601989746,0.5838203330014374,-11.17172639840153,-17.693451877362264,0.1450792132230178,70.72000122070312,False,False,False,False,False,
NASDAQ:CENX,,https://www.tradingview.com/chart/?symbol=NASDAQ%3ACENX,True,2026-09-21 13:30,-60.56153867911136,-54.31606385132355,39.099998474121094,39.0,46.02571920776367,0.003359035451701468,-41.12034282675778,-51.04794328495048,0.5943301368013341,50.09000015258789,False,True,True,False,False,"NEAR: 4h+band ok, weekly shallow"
NASDAQ:DOO,,https://www.tradingview.com/chart/?symbol=NASDAQ%3ADOO,True,2026-09-21 13:30,-55.622980330938596,-54.74082966717123,58.119998931884766,50.459999084472656,57.12227987670899,0.2713425057220452,14.264753173453554,-4.522450494576736,0.4646914132828575,60.75,False,False,False,False,False,
NYSE:MRP,,https://www.tradingview.com/chart/?symbol=NYSE%3AMRP,False,,-56.46876591972733,-52.7068710605699,28.670000076293945,26.594999313354492,27.877659187316894,0.3817849065013046,41.0521034743088,24.216648765297634,0.18741377468766837,29.0,False,False,False,False,False,
NYSE:INSW,,https://www.tradingview.com/chart/?symbol=NYSE%3AINSW,False,,57.682486648024586,57.682486648024586,109.05500030517578,65.9000015258789,76.68166094970704,0.9446207964430337,80.5221815825899,82.1287864677145,0.5360830427622096,85.22000122070312,False,False,False,False,False,
NYSE:FOUR,,https://www.tradingview.com/chart/?symbol=NYSE%3AFOUR,False,,-56.43385221310556,-56.43385221310556,39.369998931884766,35.650001525878906,40.58004138183594,0.17807551530371127,-29.8599548956239,-41.72416838088907,0.47305252404507525,44.15999984741211,False,True,False,False,False,
NASDAQ:CVCO,,https://www.tradingview.com/chart/?symbol=NASDAQ%3ACVCO,False,,-21.593287851046856,-14.595620771035813,543.3900146484375,455.30999755859375,494.30192504882814,0.533107373017383,-16.837735229500808,-25.47970841509834,0.30292814556674535,545.4099731445312,False,False,False,False,False,
NYSE:MDU,,https://www.tradingview.com/chart/?symbol=NYSE%3AMDU,False,,-72.6966715873841,-56.08469000801454,18.565000534057617,18.55500030517578,19.574520233154296,0.002314867960249439,-69.6746998840119,-74.63293128212013,0.20591038079516258,20.979999542236328,False,True,False,True,False,"WATCH: weekly+band ok, waiting on 4h dot"
NYSE:FBP,,https://www.tradingview.com/chart/?symbol=NYSE%3AFBP,False,,-41.627321075559706,-41.16239633130025,27.459999084472656,20.44499969482422,22.629179946899413,0.7579685121610721,39.5031672763832,30.154488001502447,0.36552137360440384,25.31999969482422,False,False,False,False,False,
NYSE:CNR,,https://www.tradingview.com/chart/?symbol=NYSE%3ACNR,True,2026-09-21 09:30,-72.00570137557212,-71.60268568441944,90.7300033569336,77.72000122070312,86.11688165283203,0.3656549035046752,33.332733838354336,24.30717220467049,0.39661132754612866,89.70999908447266,False,False,True,False,False,
NASDAQ:CELC,,https://www.tradingview.com/chart/?symbol=NASDAQ%3ACELC,False,,-48.334919542737794,-38.06522318780021,84.06999969482422,80.62999725341797,95.85435775756835,0.053325101960805185,-39.27459496565468,-45.30598282311382,0.6420502922709278,100.4749984741211,False,True,False,False,False,
NYSE:BRC,,https://www.tradingview.com/chart/?symbol=NYSE%3ABRC,True,2026-09-21 09:30,-62.947593262403096,-60.681710382959714,83.76000213623047,71.05999755859375,77.52639791870118,0.4635037908900022,-3.9812552958388294,-19.15672780727769,0.3167996554819746,86.48999786376953,False,False,True,False,False,
NASDAQ:ACLS,,https://www.tradingview.com/chart/?symbol=NASDAQ%3AACLS,False,,-55.67647727593866,-13.085614878445364,113.05999755859375,83.19499969482422,108.77621890258789,0.27552007738984396,-43.28721569220138,-45.65260476037819,0.7950344693748687,136.33999633789062,False,False,False,False,False,
NASDAQ:CAI,,https://www.tradingview.com/chart/?symbol=NASDAQ%3ACAI,False,,62.381589540875645,64.34046328133749,30.670000076293945,14.489999771118164,18.36275973510742,0.9859841837675215,53.93345382971299,61.360586737796154,0.8894308492590907,18.450000762939453,False,False,False,False,False,
NASDAQ:DNTH,,https://www.tradingview.com/chart/?symbol=NASDAQ%3ADNTH,True,2026-09-21 13:30,-76.34802244714781,-76.34802244714781,96.54000091552734,73.44000244140625,83.43696258544922,0.545325735157712,33.51176416221518,17.330845313751624,0.464371848755661,91.22000122070312,False,False,True,False,False,
NYSE:FHI,,https://www.tradingview.com/chart/?symbol=NYSE%3AFHI,False,,-77.402336639422,-53.14573791920029,58.18000030517578,53.099998474121094,56.00043869018555,0.4133443004578257,35.95309202057252,18.01311214988116,0.2136648264554824,57.52000045776367,False,False,False,False,False,
NYSE:PFSI,,https://www.tradingview.com/chart/?symbol=NYSE%3APFSI,False,,-77.87393990641165,-63.26516045354037,66.58999633789062,65.94999694824219,72.77747702026367,0.02212234299679344,-73.0248138008121,-75.57107745812272,0.34395434663229946,84.11000061035156,False,True,False,True,False,"WATCH: weekly+band ok, waiting on 4h dot"
NASDAQ:ATAT,,https://www.tradingview.com/chart/?symbol=NASDAQ%3AATAT,False,,-62.54311686782841,-21.224608933550297,33.08000183105469,30.950000762939453,33.182560546875,0.22515869706703787,-10.357561410914128,-19.272363723976394,0.2709436871378004,34.915000915527344,False,True,False,False,False,
NASDAQ:LBRDA,,https://www.tradingview.com/chart/?symbol=NASDAQ%3ALBRDA,False,,-13.76113818101173,-1.223483743352313,36.040000915527344,28.780000686645508,35.55556092071533,0.2528735624547702,-46.78006568224012,-37.323457318409645,0.7937517955549969,36.16999816894531,False,False,False,False,False,
NASDAQ:MEOH,,https://www.tradingview.com/chart/?symbol=NASDAQ%3AMEOH,False,,-23.205820319699132,-23.205820319699132,58.68000030517578,43.80500030517578,48.97458001708984,0.6790687436175,41.199039689101504,40.810473884316465,0.3754070154605402,58.349998474121094,False,False,False,False,False,
AMEX:SEB,,https://www.tradingview.com/chart/?symbol=AMEX%3ASEB,False,,-13.831478302601367,-13.831478302601367,4152.0498046875,3894.43994140625,4382.334564453125,0.12460872668509398,-47.916811234945776,-46.27333748805548,0.43843449691175274,4715.2998046875,False,True,False,False,False,
NASDAQ:MMSI,,https://www.tradingview.com/chart/?symbol=NASDAQ%3AMMSI,True,2026-09-21 09:30,-57.80476901787542,-57.3182813893275,85.41000366210938,60.29999923706055,67.76231898498536,0.7941178138285314,51.558493527100914,44.63920977003776,0.4519079374051641,69.97000122070312,False,False,False,False,False,
NYSE:BNL,,https://www.tradingview.com/chart/?symbol=NYSE%3ABNL,False,,-90.76297352052141,-78.82144072364592,19.28499984741211,18.270000457763672,19.346160331726075,0.22258761151821205,-13.874922993718373,-31.236206382762138,0.2216281553756267,20.575000762939453,False,True,False,False,False,
NYSE:HCC,,https://www.tradingview.com/chart/?symbol=NYSE%3AHCC,True,2026-09-21 09:30,-75.33015193065638,-68.39793571446964,88.4800033569336,77.43499755859375,85.17697763061523,0.33668665433901024,24.621660708098887,12.357414560926088,0.369342495134994,88.81999969482422,False,False,True,False,False,
NASDAQ:DIOD,,https://www.tradingview.com/chart/?symbol=NASDAQ%3ADIOD,False,,2.9435938742848893,17.359633520931897,90.69000244140625,61.650001525878906,76.24188195800781,0.46967491598781963,-15.94549760031174,-17.42271905706193,0.6520776421646592,94.81999969482422,False,False,False,False,False,
NASDAQ:VKTX,,https://www.tradingview.com/chart/?symbol=NASDAQ%3AVKTX,False,,-70.2799830221087,-64.09526535891492,30.1200008392334,27.725000381469727,31.120662574768065,0.16645357395907692,-29.984759220649778,-43.53511018244764,0.4331245814397645,33.220001220703125,False,True,False,False,False,
NASDAQ:LEGN,,https://www.tradingview.com/chart/?symbol=NASDAQ%3ALEGN,False,,-68.03749741698637,-38.213293636963016,18.540000915527344,16.799999237060547,21.39963963317871,0.08927663050892441,-42.67893808307128,-46.467412834216105,0.8689256091525521,22.43000030517578,False,True,False,False,False,
NASDAQ:ALHC,,https://www.tradingview.com/chart/?symbol=NASDAQ%3AALHC,False,,-99.75153241590634,-80.97768243560377,8.3100004196167,8.104999542236328,12.024959686279296,0.012342015041986931,-54.184951850117265,-61.11571201766047,0.9305322271922515,17.850000381469727,False,True,False,False,False,
NASDAQ:EQPT,,https://www.tradingview.com/chart/?symbol=NASDAQ%3AEQPT,False,,-31.6690270779267,-14.906269763495331,18.15999984741211,15.989999771118164,18.427879753112794,0.21006777273193072,-36.16678438222709,-39.36456827969208,0.5135471062017231,20.114999771118164,False,True,False,False,False,
NASDAQ:EMAT,,https://www.tradingview.com/chart/?symbol=NASDAQ%3AEMAT,False,,44.52143494907577,51.680612817135085,3.454900026321411,2.190000057220459,4.062660043716431,0.15940768471611003,-55.91366158006459,-49.235199964791384,1.165198239273527,6.809999942779541,False,True,False,False,False,
NASDAQ:COCO,,https://www.tradingview.com/chart/?symbol=NASDAQ%3ACOCO,False,,16.101069131935542,30.088320340576942,57.27000045776367,46.290000915527344,55.3937001953125,0.28464032173401566,-50.921384306208815,-50.39980611751671,0.5853565410479361,65.9000015258789,False,False,False,False,False,
NASDAQ:LIVN,,https://www.tradingview.com/chart/?symbol=NASDAQ%3ALIVN,False,,-45.18618265314739,-45.18618265314739,78.16999816894531,56.650001525878906,63.44208123779297,0.7477414022180915,19.54213630473139,8.066967358103435,0.37188265933939835,77.38999938964844,False,False,False,False,False,
TSX:TA,,https://www.tradingview.com/chart/?symbol=TSX%3ATA,False,,-22.123862070533622,31.214384632923373,17.290000915527344,16.030000686645508,17.096720344543456,0.2787612019844872,-39.007218096163626,-35.50709622019008,0.254935063007053,17.729999542236328,False,False,False,False,False,
NYSE:NVST,,https://www.tradingview.com/chart/?symbol=NYSE%3ANVST,True,2026-09-21 09:30,-80.07394619410083,-77.59015351872578,23.434999465942383,22.399999618530273,23.89859970855713,0.1629920921630804,-3.152596272378806,-23.153982717190743,0.24278341482560067,26.155000686645508,False,True,True,False,False,
NYSE:LAZ,,https://www.tradingview.com/chart/?symbol=NYSE%3ALAZ,False,,-74.91228227754918,-65.22140013887218,36.4900016784668,35.720001220703125,39.092440536499026,0.053883877815408654,-28.883127989120226,-50.64646094898603,0.3276019589808969,43.619998931884766,False,True,False,False,False,
NYSE:ATMU,,https://www.tradingview.com/chart/?symbol=NYSE%3AATMU,False,,-53.10200756436029,-41.996753474199274,44.599998474121094,43.709999084472656,48.552720092773434,0.04337228091335583,-60.08763185575837,-65.15830141866547,0.39898899768032586,51.43000030517578,False,True,False,True,False,
NASDAQ:CAKE,,https://www.tradingview.com/chart/?symbol=NASDAQ%3ACAKE,False,,-67.03276042082014,-49.54873987026159,99.47000122070312,53.5,68.53792028808594,0.7214375445706538,58.77555161010355,47.02979659669398,0.8437500536694389,75.5199966430664,False,False,False,False,False,
NASDAQ:LFST,,https://www.tradingview.com/chart/?symbol=NASDAQ%3ALFST,False,,-34.195716843426034,-34.195716843426034,12.6850004196167,6.239999771118164,7.948639717102051,0.8901934878795104,66.84452901210737,62.34577758471718,0.837371732233499,8.646100044250488,False,False,False,False,False,
NASDAQ:ELVR,,https://www.tradingview.com/chart/?symbol=NASDAQ%3AELVR,False,,-76.78812563080406,-55.66208571403475,45.349998474121094,42.790000915527344,56.865040771484374,0.04292417144186092,-47.08992729329907,-54.59643020583464,0.939952697754475,63.45000076293945,False,True,False,False,False,
NASDAQ:PEGA,,https://www.tradingview.com/chart/?symbol=NASDAQ%3APEGA,False,,-32.679958686840685,-32.679958686840685,34.959999084472656,25.790000915527344,30.174880447387693,0.4935413965530162,22.567884668158616,23.880180672327725,0.5401161974478346,34.400001525878906,False,False,False,False,False,
NASDAQ:ACAD,,https://www.tradingview.com/chart/?symbol=NASDAQ%3AACAD,False,,-51.917136609015905,-50.5356439932925,26.395000457763672,20.299999237060547,22.766176010131836,0.5832591985263813,43.947159134738506,32.49359256441167,0.4628970643476462,22.575000762939453,False,False,False,False,False,
TSX:ELF,,https://www.tradingview.com/chart/?symbol=TSX%3AELF,False,,45.779010961768996,53.66053499723002,17.950000762939453,15.600000381469727,16.154600471496583,1.0,62.42487853126019,66.7148372634403,0.1383981416268179,16.979999542236328,False,False,False,False,False,
NYSE:PJT,,https://www.tradingview.com/chart/?symbol=NYSE%3APJT,False,,-73.0161522426513,-59.820600066563735,151.36000061035156,129.0500030517578,142.45834362792968,0.39267793012245705,36.43035053571431,13.747601460981775,0.36238680242233035,156.77999877929688,False,False,False,False,False,
NYSE:BBAR,,https://www.tradingview.com/chart/?symbol=NYSE%3ABBAR,True,2026-09-21 13:30,-54.803206090266706,-54.803206090266706,14.3100004196167,12.859999656677246,15.042999881744384,0.15675682307508076,-38.343659349934875,-41.45941196430612,0.5777639488716204,16.010000228881836,False,True,False,False,False,
NASDAQ:BULL,,https://www.tradingview.com/chart/?symbol=NASDAQ%3ABULL,False,,-79.12564268969317,-49.52738506965314,8.229999542236328,4.630000114440918,5.8973200874328615,0.6703909691835322,63.90699186009939,52.335628551732256,0.7593433120383061,7.071899890899658,False,False,False,False,False,
NYSE:PHI,,https://www.tradingview.com/chart/?symbol=NYSE%3APHI,False,,-48.697592087383214,-48.697592087383214,17.579999923706055,17.155000686645508,18.24397543334961,0.09210481716849467,-18.675860300471143,-29.82469273574032,0.23736109297352995,19.440000534057617,False,True,False,False,False,
NYSE:PLNT,,https://www.tradingview.com/chart/?symbol=NYSE%3APLNT,False,,-62.35051570554051,-62.35051570554051,47.08000183105469,43.345001220703125,51.06456100463867,0.11418528630055991,-39.934669619682964,-47.700684476953455,0.6190385880017953,52.84000015258789,False,True,False,False,False,
NASDAQ:SRAD,,https://www.tradingview.com/chart/?symbol=NASDAQ%3ASRAD,False,,-28.363255486127205,-28.363255486127205,12.520000457763672,12.119999885559082,13.977319858551025,0.050825994665967385,-52.369678745479895,-54.02466792753343,0.553251295220419,14.225000381469727,False,True,False,False,False,
NYSE:VNT,,https://www.tradingview.com/chart/?symbol=NYSE%3AVNT,False,,-55.55559002773301,-55.55559002773301,31.229999542236328,27.81999969482422,30.139880126953123,0.346897173166268,9.850939334719623,0.41572109838294224,0.3052795527374184,32.20000076293945,False,False,False,False,False,
NYSE:ALH,,https://www.tradingview.com/chart/?symbol=NYSE%3AALH,False,,-37.51341527905285,-0.9645374299716819,21.670000076293945,19.05500030517578,21.19434043121338,0.28847210337092555,-41.300033224179124,-46.29434657263062,0.36332666360165816,24.950000762939453,False,False,False,False,False,
NYSE:CDP,,https://www.tradingview.com/chart/?symbol=NYSE%3ACDP,True,2026-09-21 09:30,-61.724954860472735,-53.22960341696864,34.59000015258789,30.579999923706055,32.48215979766846,0.49751867178479803,11.778516568369673,-0.24474165481325905,0.23629432195015462,34.11000061035156,False,False,True,False,False,
NYSE:ANF,,https://www.tradingview.com/chart/?symbol=NYSE%3AANF,False,,-47.28718311771482,-47.28718311771482,136.74000549316406,70.1500015258789,89.48548159790039,0.8127670416117214,78.00569826622325,72.67373128007588,0.8952630809331913,91.51499938964844,False,False,False,False,False,
NYSE:GPGI,,https://www.tradingview.com/chart/?symbol=NYSE%3AGPGI,False,,-69.39162006638242,-50.607856238545274,12.395000457763672,11.520000457763672,13.174360511779785,0.12482167923403494,-40.53906571904894,-48.002031661514096,0.4874826267798245,14.380000114440918,False,True,False,False,False,
NASDAQ:ONDS,,https://www.tradingview.com/chart/?symbol=NASDAQ%3AONDS,False,,-46.22007081076513,2.0023887693900284,7.380000114440918,6.526800155639648,8.199615264892579,0.12036906479582418,-35.19769478868334,-37.32390658023144,0.7832264603414281,9.050000190734863,False,True,False,False,False,
NASDAQ:FRMI,,https://www.tradingview.com/chart/?symbol=NASDAQ%3AFRMI,False,,-37.643515756321484,-15.126848759425014,5.045000076293945,4.59499979019165,5.758479749679566,0.09127795167772694,-45.4102110231951,-47.29910338346586,0.8115226309669599,6.074999809265137,False,True,False,False,False,
NYSE:OPLN,,https://www.tradingview.com/chart/?symbol=NYSE%3AOPLN,False,,-52.22736533573997,-45.16608272505047,34.775001525878906,26.6200008392334,30.26030020904541,0.5286873321486543,-22.19695322937424,-26.27892788983077,0.435611335673,35.40999984741211,False,False,False,False,False,
NASDAQ:MAT,,https://www.tradingview.com/chart/?symbol=NASDAQ%3AMAT,False,,-67.981290448568,-62.97508093621741,13.074999809265137,13.039999961853027,13.790479808807373,0.011006243569069877,-23.958313244294672,-39.42224851699233,0.21713890420642967,14.645000457763672,False,True,False,False,False,
NASDAQ:DLO,,https://www.tradingview.com/chart/?symbol=NASDAQ%3ADLO,True,2026-09-21 09:30,-61.741634634059004,-52.52699281319244,14.3149995803833,11.010000228881836,12.145160102844239,0.6871101285775183,36.892046314492525,26.33098443842721,0.35393667490330627,13.59000015258789,False,False,True,False,False,
TSX:NGEX,,https://www.tradingview.com/chart/?symbol=TSX%3ANGEX,False,,-46.583613532101815,-0.7773373907650255,26.079999923706055,21.600000381469727,23.919880363464355,0.45574766805769235,2.2979754686377136,-7.777877017291103,0.3777137393964423,26.024999618530273,False,False,False,False,False,
NASDAQ:IPGP,,https://www.tradingview.com/chart/?symbol=NASDAQ%3AIPGP,False,,-8.947664381528664,-1.3496378290653575,77.69999694824219,70.7699966430664,84.28807815551758,0.1209846286631046,-64.94922176279084,-61.273057376142795,0.5337309594816733,107.31999969482422,False,True,False,True,False,
NYSE:BETA,,https://www.tradingview.com/chart/?symbol=NYSE%3ABETA,False,,-22.84038365072813,21.831585906327103,22.079999923706055,13.520000457763672,16.70364040374756,0.6345440779227574,43.4946302063623,40.120924618293586,0.7730658556627922,17.450000762939453,False,False,False,False,False,
NASDAQ:LIF,,https://www.tradingview.com/chart/?symbol=NASDAQ%3ALIF,True,2026-09-21 09:30,-54.078413292208495,-50.81645098660493,41.060001373291016,38.11000061035156,44.44188104248047,0.10995156770824151,-23.724569955654527,-30.174435358290417,0.6010978568382991,44.6349983215332,False,True,False,False,False,
NYSE:TAC,,https://www.tradingview.com/chart/?symbol=NYSE%3ATAC,False,,-28.43590348775923,23.987200073799283,12.3149995803833,11.510000228881836,12.218000228881836,0.26833311716715497,-42.94800244387323,-40.830537527316686,0.23501762000102652,12.765000343322754,False,False,False,False,False,
NYSE:PII,,https://www.tradingview.com/chart/?symbol=NYSE%3APII,True,2026-09-21 09:30,-76.49221083561628,-74.49881857537662,54.36000061035156,47.89799880981445,54.270471450805665,0.23931564886083928,-39.251865185666496,-49.84375222893891,0.4113023928174685,65.6500015258789,False,False,True,False,False,
NYSE:BILL,,https://www.tradingview.com/chart/?symbol=NYSE%3ABILL,False,,-33.486942512155224,-33.486942512155224,47.03499984741211,31.75,36.36851992797852,0.7810424162374726,40.26271326009212,36.55665128808526,0.49195576408637903,39.779998779296875,False,False,False,False,False,
NYSE:RHI,,https://www.tradingview.com/chart/?symbol=NYSE%3ARHI,False,,-55.4712228895687,-48.222401717351765,36.939998626708984,21.860000610351562,27.43668086242676,0.6381717026964242,46.21693263531191,32.30258184304612,0.7547110019538292,31.309999465942383,False,False,False,False,False,
NASDAQ:EWTX,,https://www.tradingview.com/chart/?symbol=NASDAQ%3AEWTX,False,,43.59116757913828,43.59116757913828,44.63999938964844,29.049999237060547,33.61423927307129,0.8061013458938255,60.20631974892111,60.089874769799906,0.5191946349688025,37.25,False,False,False,False,False,
NYSE:UCB,,https://www.tradingview.com/chart/?symbol=NYSE%3AUCB,False,,-47.792685897007885,-47.792685897007885,34.599998474121094,29.614999771118164,31.38500022125244,0.6646663247003365,21.091275073197135,11.770396078974763,0.21955509194526,34.15999984741211,False,False,False,False,False,
TSX:NPI,,https://www.tradingview.com/chart/?symbol=TSX%3ANPI,False,,35.90242542231137,55.95046568153026,21.809999465942383,20.420000076293945,21.338039932250975,0.3573263773118638,-38.22621446446747,-22.85899231420271,0.17522519171001016,22.200000762939453,False,False,False,False,False,
NASDAQ:PI,,https://www.tradingview.com/chart/?symbol=NASDAQ%3API,False,,38.75681278728319,57.71525138825521,183.91000366210938,89.5999984741211,112.0601198425293,0.9909635330676153,59.33824157949862,61.293089540213984,0.678380571337208,140.2899932861328,False,False,False,False,False,
NYSE:ABG,,https://www.tradingview.com/chart/?symbol=NYSE%3AABG,True,2026-09-21 09:30,-93.46325644064457,-87.89380899277059,184.63499450683594,176.27999877929688,193.8383973388672,0.11229833888378668,-8.203419781883907,-30.474132512377274,0.36750718073936817,202.44500732421875,False,True,True,False,False,
NASDAQ:LASR,,https://www.tradingview.com/chart/?symbol=NASDAQ%3ALASR,False,,-57.89162445408064,-5.232518894756018,40.21860122680664,37.76499938964844,48.89830010986328,0.052010634413022644,-67.64666403528722,-66.19978915003735,0.7108416269159852,66.36499786376953,False,True,False,True,False,
NYSE:POST,,https://www.tradingview.com/chart/?symbol=NYSE%3APOST,False,,-65.90920487773313,-65.90920487773313,75.25,75.25,82.73592028808594,0.0,-59.66976452780515,-64.7306150137436,0.346818298034384,91.45999908447266,False,True,False,False,False,
NYSE:GEO,,https://www.tradingview.com/chart/?symbol=NYSE%3AGEO,False,,0.36666663097022933,0.36666663097022933,30.25,14.109999656677246,18.516119449615477,0.864488543214142,43.74053904304591,36.938730421908915,0.6478139944592911,28.81999969482422,False,False,False,False,False,
NASDAQ:CALM,,https://www.tradingview.com/chart/?symbol=NASDAQ%3ACALM,False,,-57.41817206409427,-57.41817206409427,72.56999969482422,72.33000183105469,77.53262139892578,0.01088672640978556,-27.813209375869445,-36.89331295155043,0.2806135292010812,78.55999755859375,False,True,False,False,False,
NYSE:BFH,,https://www.tradingview.com/chart/?symbol=NYSE%3ABFH,False,,11.399153356567183,27.634495580504677,107.97000122070312,69.87000274658203,80.13600274658204,0.8758620338878412,48.59458481667004,46.95297655985973,0.4443990299909205,97.88500213623047,False,False,False,False,False,
NYSE:LBRT,,https://www.tradingview.com/chart/?symbol=NYSE%3ALBRT,False,,-41.54608017780859,-41.54608017780859,18.860000610351562,16.860000610351562,20.9239208984375,0.11614401034974701,-43.88999899351948,-45.48796557485139,0.63285563396177,27.209999084472656,False,True,False,False,False,
NASDAQ:CATY,,https://www.tradingview.com/chart/?symbol=NASDAQ%3ACATY,False,,-11.035111792290666,-11.035111792290666,61.4900016784668,47.0,51.23384057617187,0.8076922913356627,30.68514101491363,24.90061151059241,0.2989004049413613,60.02000045776367,False,False,False,False,False,
NYSE:AB,,https://www.tradingview.com/chart/?symbol=NYSE%3AAB,False,,-48.275110017165275,-1.1046300338360127,36.380001068115234,35.025001525878906,36.27934120178222,0.2549388320492071,7.508579244300241,2.444550705758873,0.143222811622008,37.11000061035156,False,False,False,False,False,
NYSE:GFF,,https://www.tradingview.com/chart/?symbol=NYSE%3AGFF,True,2026-09-21 09:30,-60.72893361763303,-41.98632942860879,95.1500015258789,68.05999755859375,77.39851748657226,0.6846096582312723,30.999131793330235,19.387863518096022,0.43540934078688037,90.87999725341797,False,False,True,False,False,
NASDAQ:EXLS,,https://www.tradingview.com/chart/?symbol=NASDAQ%3AEXLS,False,,-34.82046208788352,-34.82046208788352,35.2599983215332,25.229999542236328,28.41836004638672,0.7424128196396735,41.206958636290885,38.17471232365592,0.4436782199583202,30.450000762939453,False,False,False,False,False,
NASDAQ:WSFS,,https://www.tradingview.com/chart/?symbol=NASDAQ%3AWSFS,False,,-23.35628179607322,-23.35628179607322,77.79000091552734,62.380001068115234,67.12596031188964,0.7662855446472353,35.41963083110913,26.942091874889933,0.2698604093070017,74.5199966430664,False,False,False,False,False,
NYSE:CNS,,https://www.tradingview.com/chart/?symbol=NYSE%3ACNS,False,,-76.32064960757187,-35.48660445382713,74.44999694824219,60.83000183105469,66.66510147094726,0.5508592905048361,13.18357925450934,-2.0852023781020392,0.3321020750519301,74.44999694824219,False,False,False,False,False,
NASDAQ:INDB,,https://www.tradingview.com/chart/?symbol=NASDAQ%3AINDB,False,,-26.15883258396278,-26.15883258396278,81.19999694824219,73.37000274658203,76.68792630004883,0.5569382783581632,11.058038652344104,-0.1409326516584386,0.1727149612330226,81.4000015258789,False,False,False,False,False,
NASDAQ:ALM,,https://www.tradingview.com/chart/?symbol=NASDAQ%3AALM,False,,-60.72302520182105,-40.12103607269571,14.670000076293945,10.930000305175781,13.894160179138183,0.29777069507522863,-9.282001303654997,-16.72485919211913,0.7370891309341038,17.040000915527344,False,False,False,False,False,
NYSE:BBWI,,https://www.tradingview.com/chart/?symbol=NYSE%3ABBWI,False,,-57.69749309414427,-28.698608339842107,16.920000076293945,16.104999542236328,17.850219650268556,0.1102096664783821,-42.66328350311367,-53.58465846720441,0.3843555377201493,19.239999771118164,False,True,False,False,False,
NYSE:MIAX,,https://www.tradingview.com/chart/?symbol=NYSE%3AMIAX,False,,-75.1497894307709,-62.050551435494434,37.84000015258789,35.81999969482422,40.780719802856446,0.09609897306246684,-27.043572180445466,-41.5835749914604,0.4930799890006433,42.630001068115234,False,True,False,False,False,
NASDAQ:OLLI,,https://www.tradingview.com/chart/?symbol=NASDAQ%3AOLLI,False,,14.154430596077267,48.58846412295828,79.7300033569336,61.880001068115234,73.06876103210449,0.3765028969894145,-10.657193357773897,1.6215678323085871,0.6064210752410729,78.18000030517578,False,False,False,False,False,
NYSE:CRK,,https://www.tradingview.com/chart/?symbol=NYSE%3ACRK,False,,-81.36094660992165,-74.40857403820864,13.020000457763672,12.375,14.982799819946289,0.058371086180749,-0.13877940923658313,-13.64922349769058,0.7705717656541581,14.34000015258789,False,True,False,False,False,
NYSE:CAAP,,https://www.tradingview.com/chart/?symbol=NYSE%3ACAAP,False,,-38.582334716904334,-31.78631153672787,24.209999084472656,22.860000610351562,24.13676057434082,0.2495376177814256,-19.61430932278449,-18.159179084696344,0.2155378392506354,25.100000381469727,False,False,False,False,False,
NYSE:BDC,,https://www.tradingview.com/chart/?symbol=NYSE%3ABDC,False,,-46.06457669858859,-46.06457669858859,110.52999877929688,99.4800033569336,108.70170083618164,0.28278946750814243,-2.4175222943175783,-13.573745625006067,0.33975296576868985,115.01000213623047,False,False,False,False,False,
NASDAQ:PTEN,,https://www.tradingview.com/chart/?symbol=NASDAQ%3APTEN,False,,-64.26721606955533,-64.26721606955533,11.40999984741211,8.5649995803833,9.651779697418213,0.6178067232685946,46.20789077468478,38.91473840493281,0.4163653093306336,11.0600004196167,False,False,False,False,False,
NYSE:DK,,https://www.tradingview.com/chart/?symbol=NYSE%3ADK,False,,36.93505271929882,36.93505271929882,74.38999938964844,37.209999084472656,47.683678436279294,0.8377648176242807,74.83653712347598,71.88708076547563,0.9353002432000108,47.45000076293945,False,False,False,False,False,
NASDAQ:DORM,,https://www.tradingview.com/chart/?symbol=NASDAQ%3ADORM,False,,-77.61359157441724,-77.61359157441724,120.33000183105469,99.80999755859375,111.30319683837891,0.4213553502738279,-11.928344421295074,-25.228737077604016,0.3867841754570426,125.91000366210938,False,False,False,False,False,
NYSE:SMG,,https://www.tradingview.com/chart/?symbol=NYSE%3ASMG,False,,-84.02524421724733,-84.02524421724733,51.41999816894531,51.41999816894531,56.97307788085938,0.0,-40.58946359808522,-51.176216669503106,0.37863059950074085,62.14500045776367,False,True,False,False,False,
NYSE:CON,,https://www.tradingview.com/chart/?symbol=NYSE%3ACON,False,,12.522460973443309,12.522460973443309,34.77000045776367,20.84000015258789,24.558652145385743,0.8840515537319854,61.3921519285587,58.63631897855793,0.5550193838759905,28.389999389648438,False,False,False,False,False,
NASDAQ:POWI,,https://www.tradingview.com/chart/?symbol=NASDAQ%3APOWI,False,,-40.463953818874295,2.5308656930224975,49.4900016784668,46.09000015258789,56.21676011657715,0.07923564525680042,-49.4895733374594,-50.20655500042678,0.6645501014436535,64.56999969482422,False,True,False,False,False,
NYSE:APLE,,https://www.tradingview.com/chart/?symbol=NYSE%3AAPLE,False,,-19.96653399885758,-0.502655861506789,15.675000190734863,11.5,12.813340126037598,0.7502245804261836,6.528674011401706,-1.0440169680389078,0.3570741431142971,15.585000038146973,False,False,False,False,False,
NASDAQ:MKTX,,https://www.tradingview.com/chart/?symbol=NASDAQ%3AMKTX,False,,39.6876558042327,55.02659584633192,163.4600067138672,109.12000274658203,126.24416036987304,0.7488976227850596,28.930875881891087,30.267093265456797,0.4485379737456775,161.77000427246094,False,False,False,False,False,
NYSE:THO,,https://www.tradingview.com/chart/?symbol=NYSE%3ATHO,True,2026-09-21 09:30,-74.88263301548582,-68.3432111926617,69.94000244140625,67.80000305175781,71.52644146728515,0.13552883467834284,-32.65522476338534,-47.40449459330166,0.20457334696611337,77.18499755859375,False,True,True,False,False,
NYSE:CSTM,,https://www.tradingview.com/chart/?symbol=NYSE%3ACSTM,False,,-31.93035990130708,-29.47042420988933,25.5049991607666,22.3799991607666,25.77957932281494,0.21693855265811296,-45.83498119254173,-49.751602154876515,0.4866554223311215,29.600000381469727,False,True,False,False,False,
NASDAQ:WAY,,https://www.tradingview.com/chart/?symbol=NASDAQ%3AWAY,False,,17.754132201756473,17.754132201756473,25.719999313354492,17.299999237060547,19.549079399108887,0.8835256526364139,40.7307309660768,44.2308042973216,0.40954020194124974,23.270000457763672,False,False,False,False,False,
NYSE:RNST,,https://www.tradingview.com/chart/?symbol=NYSE%3ARNST,False,,-28.776948993609494,-25.212778573414216,40.529998779296875,34.220001220703125,36.629561004638674,0.6180213638010977,-11.76587912842056,-16.899447207594328,0.24951123023805874,40.91999816894531,False,False,False,False,False,
NYSE:FG,,https://www.tradingview.com/chart/?symbol=NYSE%3AFG,False,,-38.71962911397838,-38.71962911397838,22.860000610351562,20.68000030517578,23.497839981079103,0.18257961104779905,-41.081101331527115,-44.328163761686106,0.438486919846947,27.229999542236328,False,True,False,False,False,
NASDAQ:EXTR,,https://www.tradingview.com/chart/?symbol=NASDAQ%3AEXTR,False,,16.684144911283404,41.44360711094752,22.729999542236328,14.260000228881836,18.845479850769042,0.4359238297364806,-29.796444403346992,-31.143539842101163,0.8226078622975087,23.6200008392334,False,False,False,False,False,
NYSE:MIR,,https://www.tradingview.com/chart/?symbol=NYSE%3AMIR,False,,-16.870164263831146,6.305996172581827,16.219999313354492,14.385000228881836,15.804540084838868,0.30507053544022183,-35.398612080731766,-28.338426714776592,0.34489674343197846,17.440000534057617,False,False,False,False,False,
TSX:KNT,,https://www.tradingview.com/chart/?symbol=TSX%3AKNT,False,,-45.54432139592055,8.504817448747032,29.139999389648438,20.280000686645508,22.89724072265625,0.7989178161494811,39.50489071421415,38.824681253654276,0.45154724730212287,24.559999465942383,False,False,False,False,False,
NYSE:PARR,,https://www.tradingview.com/chart/?symbol=NYSE%3APARR,False,,21.907163790457954,21.907163790457954,82.06999969482422,50.09000015258789,58.68747932434082,0.8778479995350739,57.06709984590997,55.59697873118282,0.5652443477962353,64.44999694824219,False,False,False,False,False,
NYSE:WPP,,https://www.tradingview.com/chart/?symbol=NYSE%3AWPP,False,,8.983919513437364,8.983919513437364,25.639999389648438,15.085000038146973,18.02909990310669,0.8460921711935302,61.368984178229034,57.72351798760824,0.6752367615812194,18.475000381469727,False,False,False,False,False,
NASDAQ:ICUI,,https://www.tradingview.com/chart/?symbol=NASDAQ%3AICUI,True,2026-09-21 09:30,-58.89146247008557,-52.740330242145525,155.30999755859375,115.37000274658203,132.35728353881836,0.5548762565897328,28.231355579695606,14.550941415143404,0.5070978170618075,141.94500732421875,False,False,False,False,False,
NYSE:KFY,,https://www.tradingview.com/chart/?symbol=NYSE%3AKFY,False,,-55.472974900953375,-51.555898178169535,76.76000213623047,60.45000076293945,66.72642015075684,0.6132732831027756,43.733742262467665,28.59487954324952,0.3729490718907033,71.30999755859375,False,False,False,False,False,
NYSE:LION,,https://www.tradingview.com/chart/?symbol=NYSE%3ALION,False,,-16.27723951620158,-13.123062479019353,11.479999542236328,9.180000305175781,10.881560089111328,0.31900132165256306,-41.46953913223899,-41.81733485836243,0.5823908738144838,12.380000114440918,False,False,False,False,False,
NYSE:HHH,,https://www.tradingview.com/chart/?symbol=NYSE%3AHHH,False,,-35.92010741482173,-23.021645353920338,65.5999984741211,60.189998626708984,63.62615895080566,0.3715658885401108,-40.674042858024045,-40.80663157322698,0.22455277908124388,64.83999633789062,False,False,False,False,False,
NASDAQ:IPAR,,https://www.tradingview.com/chart/?symbol=NASDAQ%3AIPAR,False,,-31.060518530738715,-8.27165831903344,112.81999969482422,86.1500015258789,96.16702145385742,0.6283425223395036,20.1837938458639,12.6579468512934,0.42686177640636824,99.43499755859375,False,False,False,False,False,
TSX:GRGD,,https://www.tradingview.com/chart/?symbol=TSX%3AGRGD,False,,-76.32660985507165,-65.74175270095547,51.400001525878906,45.400001525878906,57.73808123779297,0.11476664384269321,-25.9992022834647,-35.35550975236133,0.7947704431358412,65.77999877929688,False,True,False,False,False,
NYSE:BOX,,https://www.tradingview.com/chart/?symbol=NYSE%3ABOX,False,,-39.64748081658715,-39.64748081658715,33.625,21.3799991607666,24.865719718933107,0.8290452862862688,67.6410793537105,61.34684015535082,0.5564137247188287,26.545000076293945,False,False,False,False,False,
NASDAQ:PTRN,,https://www.tradingview.com/chart/?symbol=NASDAQ%3APTRN,False,,-35.98233326604495,-18.77026295069285,20.239999771118164,11.149999618530273,15.468799888610839,0.49672128875057314,-11.651972215349256,-17.041672568296306,0.9223790828460333,19.84000015258789,False,False,False,False,False,
NYSE:STNG,,https://www.tradingview.com/chart/?symbol=NYSE%3ASTNG,False,,51.15320627790967,51.15320627790967,86.18000030517578,66.30000305175781,71.77992153930664,0.8561586020789942,62.66570347834917,70.68244168614193,0.2982275033301435,77.86000061035156,False,False,False,False,False,
NYSE:YETI,,https://www.tradingview.com/chart/?symbol=NYSE%3AYETI,False,,-13.405034988980736,47.318886956718295,42.790000915527344,35.1150016784668,39.262700958251955,0.4366998901714281,-27.882655764026055,-28.570518718592208,0.40815133273877446,43.060001373291016,False,False,False,False,False,
NASDAQ:CLSK,,https://www.tradingview.com/chart/?symbol=NASDAQ%3ACLSK,False,,3.835968895164284,58.94471840385312,14.770000457763672,8.170000076293945,10.716439842224121,0.6116775707270217,-9.894904197265442,4.180871763287055,0.8338484820769287,12.9399995803833,False,False,False,False,False,
NYSE:HGV,,https://www.tradingview.com/chart/?symbol=NYSE%3AHGV,True,2026-09-21 13:30,-75.04204580821526,-74.99144819676945,35.560001373291016,35.22999954223633,39.817839218139646,0.01697540403121694,-61.41882696430225,-68.26366074455916,0.4197797030928372,46.310001373291016,False,True,True,True,True,FULL PASS
NYSE:HGTY,,https://www.tradingview.com/chart/?symbol=NYSE%3AHGTY,False,,27.069958766792244,27.069958766792244,13.579999923706055,9.789999961853027,10.790639907836914,0.893867963783766,62.978681510996076,63.318829027174296,0.38129494736995573,11.119999885559082,False,False,False,False,False,
NYSE:SEI,,https://www.tradingview.com/chart/?symbol=NYSE%3ASEI,False,,27.791583105358512,51.77015385385962,69.08000183105469,43.41999816894531,52.718398529052735,0.6512691032576545,-11.52894821053681,1.7442955695052742,0.5983295738626785,65.8499984741211,False,False,False,False,False,
NASDAQ:WSBC,,https://www.tradingview.com/chart/?symbol=NASDAQ%3AWSBC,True,2026-09-21 09:30,-63.831581812155754,-61.54243496223916,39.099998474121094,32.65999984741211,35.04359948730469,0.6376237227371855,36.42956041619228,24.282041187332393,0.27629594829167725,36.55500030517578,False,False,True,False,False,
NYSE:ACHR,,https://www.tradingview.com/chart/?symbol=NYSE%3AACHR,False,,-65.57104711769139,-43.518941985062554,5.420000076293945,4.460000038146973,5.051180065155029,0.3832335306544414,-4.704641823878423,-10.569684628832736,0.4469224096193665,5.605000019073486,False,False,False,False,False,
NYSE:GPI,,https://www.tradingview.com/chart/?symbol=NYSE%3AGPI,True,2026-09-21 09:30,-74.38797067282015,-72.91789749259567,250.92999267578125,246.5,275.42415942382814,0.03614550231745353,-51.745303018597845,-58.12626013555911,0.3888941771607661,315.1499938964844,False,True,True,False,False,"NEAR: 4h+band ok, weekly shallow"
NYSE:MWA,,https://www.tradingview.com/chart/?symbol=NYSE%3AMWA,False,,-81.03387537184737,-75.09634430469129,21.90999984741211,21.809999465942383,23.86909955596924,0.01146136127192713,-61.876345409762735,-70.37051753606829,0.3390983496578559,25.729999542236328,False,True,False,True,False,"WATCH: weekly+band ok, waiting on 4h dot"
NYSE:NHI,,https://www.tradingview.com/chart/?symbol=NYSE%3ANHI,True,2026-09-21 09:30,-76.5683545540205,-75.62573483832843,67.86000061035156,67.55660247802734,72.08860479736327,0.015799188566833582,-44.59564304281546,-51.29604571251475,0.2536106622902773,75.72000122070312,False,True,True,False,False,"NEAR: 4h+band ok, weekly shallow"
NASDAQ:CHEF,,https://www.tradingview.com/chart/?symbol=NASDAQ%3ACHEF,False,,-25.829122126278648,3.0782420651028364,110.69999694824219,56.869998931884766,70.93205961608886,0.9034152118352473,57.27879713039355,52.5241907449806,0.6352345518186345,93.80000305175781,False,False,False,False,False,
NASDAQ:BANF,,https://www.tradingview.com/chart/?symbol=NASDAQ%3ABANF,True,2026-09-21 09:30,-60.32604061186171,-58.88115766389598,109.4800033569336,102.62000274658203,106.91756253051757,0.3767161425175998,-32.29873385024864,-41.75657794498038,0.16207555106934088,112.3550033569336,False,False,True,False,False,
NYSE:MANU,,https://www.tradingview.com/chart/?symbol=NYSE%3AMANU,False,,-52.555947684341284,-42.18127383526993,20.3799991607666,15.960000038146973,17.912900173187257,0.5341388298468809,-7.610592322673064,-19.011831995967018,0.3929250133926489,21.059999465942383,False,False,False,False,False,
NYSE:IRT,,https://www.tradingview.com/chart/?symbol=NYSE%3AIRT,False,,-65.44050575768192,-65.44050575768192,14.65999984741211,14.65999984741211,15.32670002746582,0.0,-37.49520435920713,-51.44171003003688,0.1723086724039526,16.395000457763672,False,True,False,False,False,
NASDAQ:OTTR,,https://www.tradingview.com/chart/?symbol=NASDAQ%3AOTTR,False,,-31.170998570175545,-27.04189447370078,88.16999816894531,83.16999816894531,85.87691845703125,0.43591974436542336,9.298606584084949,-4.860804690745911,0.12894886581477047,88.94999694824219,False,False,False,False,False,
TSX:GEI,,https://www.tradingview.com/chart/?symbol=TSX%3AGEI,False,,1.8295973490533395,35.642115875356794,31.290000915527344,27.030000686645508,28.351600776672363,0.7607142747664946,54.914630190520036,54.06028585583443,0.1881088443184525,29.770000457763672,False,False,False,False,False,
TSX:ATH,,https://www.tradingview.com/chart/?symbol=TSX%3AATH,False,,-39.71002387018734,-39.71002387018734,10.09000015258789,9.020000457763672,9.901460376739502,0.28647919496092233,2.2346495992694995,-10.942991166251762,0.3455133683343263,10.8100004196167,False,False,False,False,False,
NYSE:WHD,,https://www.tradingview.com/chart/?symbol=NYSE%3AWHD,True,2026-09-21 13:30,-55.37901881718991,-53.94221236394512,67.44000244140625,44.93000030517578,51.752759368896484,0.7786234944742961,53.08928631760596,46.76323442998332,0.5155134644932506,56.08000183105469,False,False,False,False,False,
NYSE:TDW,,https://www.tradingview.com/chart/?symbol=NYSE%3ATDW,True,2026-09-21 13:30,-70.97435034485807,-70.97435034485807,85.54000091552734,63.52000045776367,72.29920063781738,0.5919354840363639,45.83551845296264,36.25185706567673,0.4563297631845948,81.5199966430664,False,False,True,False,False,
NASDAQ:CLMT,,https://www.tradingview.com/chart/?symbol=NASDAQ%3ACLMT,False,,51.037616927479725,51.037616927479725,58.13999938964844,27.979999542236328,35.31015986633301,0.9710237770094617,86.38672724868434,85.4847397621391,0.8751761032498446,35.4900016784668,False,False,False,False,False,
TSX:TXG,,https://www.tradingview.com/chart/?symbol=TSX%3ATXG,False,,-34.66205264318975,5.257594055959465,68.4000015258789,51.970001220703125,56.833961364746095,0.7971858233193677,37.602992919725125,38.69500004771519,0.3364898058832908,61.25,False,False,False,False,False,
NYSE:MNSO,,https://www.tradingview.com/chart/?symbol=NYSE%3AMNSO,True,2026-09-21 09:30,-58.19204527381371,-47.81164901430923,8.989999771118164,8.595000267028809,10.720180294036865,0.04386446408322776,-75.47829714744272,-75.26298550947237,0.6980728309432332,12.899800300598145,False,True,False,True,False,
NASDAQ:ELVN,,https://www.tradingview.com/chart/?symbol=NASDAQ%3AELVN,False,,-80.47050556804847,-70.12650032437288,48.84000015258789,27.260000228881836,35.342999778747554,0.6300730255613133,36.36893819911919,18.34797666209139,0.7426279029892355,46.119998931884766,False,False,False,False,False,
NASDAQ:OLED,,https://www.tradingview.com/chart/?symbol=NASDAQ%3AOLED,False,,-57.9053810504054,-32.10353071211975,78.01000213623047,76.31999969482422,82.03591998291016,0.06977714104992055,-39.78129949678238,-46.78675405682007,0.2716160336216994,89.16999816894531,False,True,False,False,False,
NYSE:DOCS,,https://www.tradingview.com/chart/?symbol=NYSE%3ADOCS,False,,19.56444389661638,41.07086368203188,26.84000015258789,17.829999923706055,20.2843998336792,0.8663462076314122,35.943172992663754,39.48090838931291,0.452567442371593,22.979999542236328,False,False,False,False,False,
NASDAQ:DYN,,https://www.tradingview.com/chart/?symbol=NASDAQ%3ADYN,False,,-57.198091166689984,-50.679897514072344,17.114999771118164,15.930000305175781,18.495320053100585,0.10901560095525363,10.479400386309461,-6.62843172656978,0.5667065883030533,19.180999755859375,False,True,False,False,False,
NYSE:MHO,,https://www.tradingview.com/chart/?symbol=NYSE%3AMHO,False,,-35.566548107523126,-34.68179835989519,140.2899932861328,117.61000061035156,128.31496075439452,0.4999998318034738,-1.4476417869645182,-13.207158765726515,0.32289295266158236,140.47999572753906,False,False,False,False,False,
NASDAQ:SKYW,,https://www.tradingview.com/chart/?symbol=NASDAQ%3ASKYW,False,,8.667588721766432,37.053572436737774,100.24500274658203,78.37000274658203,87.23888137817383,0.5820916278649568,3.8082361691583038,0.780279483361134,0.3962880256884436,94.83000183105469,False,False,False,False,False,
NYSE:KNTK,,https://www.tradingview.com/chart/?symbol=NYSE%3AKNTK,False,,-60.39221457755027,-60.39221457755027,53.25,44.31999969482422,46.946679946899415,0.8023359791723719,65.13700441590264,57.62144200368152,0.22788699904468546,48.84000015258789,False,False,False,False,False,
TSX:PEY,,https://www.tradingview.com/chart/?symbol=TSX%3APEY,False,,-54.8643461469598,-54.8643461469598,23.729999542236328,23.56999969482422,24.846759658813475,0.029574833997203495,-6.380031496678057,-23.327154584249634,0.21468252712787061,25.200000762939453,False,True,False,False,False,
NYSE:GNW,,https://www.tradingview.com/chart/?symbol=NYSE%3AGNW,False,,-21.97266692980241,-21.97266692980241,10.039999961853027,7.925000190734863,8.553940181732179,0.7936209386087806,60.696260878344305,54.45617708968415,0.2906215855703773,9.170000076293945,False,False,False,False,False,
NYSE:BFAM,,https://www.tradingview.com/chart/?symbol=NYSE%3ABFAM,False,,-34.93068833532947,-34.93068833532947,63.279998779296875,58.060001373291016,64.63260191345215,0.18743256649934506,-32.34176055677105,-42.62100791293505,0.3782939588400295,73.62000274658203,False,True,False,False,False,
NYSE:SXI,,https://www.tradingview.com/chart/?symbol=NYSE%3ASXI,False,,-57.01492210743163,-30.313244665895482,262.3500061035156,245.11000061035156,271.6954027709961,0.15304042691555356,-17.948419376893074,-28.433510469761266,0.4046627170751536,278.3800048828125,False,True,False,False,False,
NYSE:CNK,,https://www.tradingview.com/chart/?symbol=NYSE%3ACNK,False,,-69.22445971756244,-5.067043644140345,36.25,25.479999542236328,28.588120010375977,0.8177675653458701,41.807318860492366,38.814375790087475,0.43039221632225416,30.600000381469727,False,False,False,False,False,
NYSE:HAFN,,https://www.tradingview.com/chart/?symbol=NYSE%3AHAFN,False,,66.28857073862245,66.28857073862245,9.699999809265137,6.565000057220459,7.402799989700317,0.8830985928735808,77.04197613158459,81.79031505953198,0.45836020224052515,7.744999885559082,False,False,False,False,False,
NASDAQ:RRR,,https://www.tradingview.com/chart/?symbol=NASDAQ%3ARRR,False,,-83.29086395905449,-83.29086395905449,50.290000915527344,50.290000915527344,54.280759979248046,0.0,-39.81894288313098,-50.91410406717516,0.29145115303859176,58.02000045776367,False,True,False,False,False,
NASDAQ:MNDY,,https://www.tradingview.com/chart/?symbol=NASDAQ%3AMNDY,False,,-25.457573141787577,-25.457573141787577,87.95999908447266,58.619998931884766,68.6334799041748,0.6914918054143163,35.82900433738114,29.075162287770205,0.5469193492966462,77.58000183105469,False,False,False,False,False,
NYSE:CVSA,,https://www.tradingview.com/chart/?symbol=NYSE%3ACVSA,False,,-7.809807075631142,-6.956387386556145,125.9000015258789,103.83999633789062,112.62863763427734,0.592373843554822,19.383668686437886,9.968395934352653,0.2998390210000011,124.19999694824219,False,False,False,False,False,
NYSE:CRGY,,https://www.tradingview.com/chart/?symbol=NYSE%3ACRGY,False,,-28.515043158077834,-28.515043158077834,13.25,9.140000343322754,10.617265869140624,0.6565914536175363,50.91941317180345,47.67512077790254,0.5041965126784145,12.414999961853027,False,False,False,False,False,
NYSE:ZGN,,https://www.tradingview.com/chart/?symbol=NYSE%3AZGN,False,,-23.781411553721043,28.9689844974741,12.420000076293945,9.204999923706055,10.649319896697998,0.52532683214163,-22.07101672090064,-28.15140003903124,0.4669973368434565,13.104999542236328,False,False,False,False,False,
NASDAQ:DNLI,,https://www.tradingview.com/chart/?symbol=NASDAQ%3ADNLI,True,2026-09-21 09:30,-68.94702851262586,-60.658466512400935,20.475000381469727,18.020000457763672,20.188840133666993,0.26713822530626546,-11.344204482608767,-25.637299971087707,0.43575147274625825,21.09000015258789,False,False,True,False,False,
NASDAQ:JOYY,,https://www.tradingview.com/chart/?symbol=NASDAQ%3AJOYY,False,,54.6874860628536,54.6874860628536,79.5999984741211,54.43000030517578,60.370119873046875,1.0,58.91660244719006,60.52242572427661,0.37455356119035815,67.19999694824219,False,False,False,False,False,
NYSE:AGO,,https://www.tradingview.com/chart/?symbol=NYSE%3AAGO,True,2026-09-21 09:30,-64.51160105307038,-61.67219019904542,71.11000061035156,70.31999969482422,73.95086019897461,0.051348768660028576,-41.25371354647729,-47.25507401874883,0.191964598922489,80.1449966430664,False,True,True,False,False,"NEAR: 4h+band ok, weekly shallow"
NASDAQ:FIBK,,https://www.tradingview.com/chart/?symbol=NASDAQ%3AFIBK,False,,-6.299034833941483,-6.299034833941483,36.845001220703125,31.84000015258789,33.84600015258789,0.5888236550723805,11.59756734265096,4.505630648998782,0.23326016246800454,36.439998626708984,False,False,False,False,False,
NASDAQ:WING,,https://www.tradingview.com/chart/?symbol=NASDAQ%3AWING,False,,-36.52464788506592,-29.533984862023534,107.36000061035156,100.7699966430664,125.0024767150879,0.06418001507303243,-59.53817293778243,-59.30206300269595,0.706675830341172,145.3000030517578,False,True,False,False,False,
NASDAQ:NAMS,,https://www.tradingview.com/chart/?symbol=NASDAQ%3ANAMS,False,,-65.02858136377104,-25.04002491149315,22.600000381469727,21.139999389648438,25.567359893798827,0.07782520392157341,-63.947760654010516,-65.67728332828217,0.6161932115052624,30.44499969482422,False,True,False,True,False,"WATCH: weekly+band ok, waiting on 4h dot"
NASDAQ:BRBI,,https://www.tradingview.com/chart/?symbol=NASDAQ%3ABRBI,False,,12.956719971309653,41.79237638029945,11.1899995803833,9.100000381469727,10.787400291442871,0.29230759586294724,-28.828312062238677,-17.848667659502574,0.4999999666547446,14.300000190734863,False,False,False,False,False,
NYSE:PVH,,https://www.tradingview.com/chart/?symbol=NYSE%3APVH,False,,14.92915593556485,34.03436455964431,73.37999725341797,60.869998931884766,69.83799983215332,0.3292104490972369,-34.24033233586237,-36.39344726505158,0.4807084420960344,79.05000305175781,False,False,False,False,False,
NASDAQ:ITRI,,https://www.tradingview.com/chart/?symbol=NASDAQ%3AITRI,True,2026-09-21 09:30,-62.12178598522723,-54.31958060334682,92.41000366210938,78.0199966430664,84.8557375793457,0.4968066648737877,24.711434737094095,13.750332726847253,0.32817814713597326,88.26000213623047,False,False,True,False,False,
NASDAQ:VEON,,https://www.tradingview.com/chart/?symbol=NASDAQ%3AVEON,False,,50.41530820854348,50.41530820854348,69.80999755859375,44.810001373291016,50.959806991577146,0.9593797700187627,86.08689447161738,86.93842441429922,0.4944311454869439,52.70399856567383,False,False,False,False,False,
TSX:EQB,,https://www.tradingview.com/chart/?symbol=TSX%3AEQB,True,2026-09-21 09:30,-62.0719858160717,-57.148240197081265,126.76000213623047,105.70999908447266,116.07039944458008,0.4794989138975065,4.36752038054775,-6.232647878106215,0.3545469361498792,123.81999969482422,False,False,True,False,False,
TSX:TPZ,,https://www.tradingview.com/chart/?symbol=TSX%3ATPZ,False,,-71.58532917336258,-71.58532917336258,29.190000534057617,28.959999084472656,30.062119552612305,0.04925082481561624,-1.3475845584640957,-18.56058375400047,0.1487735608297787,31.389999389648438,False,True,False,False,False,
NYSE:MSGE,,https://www.tradingview.com/chart/?symbol=NYSE%3AMSGE,False,,6.601318965426009,19.184073143251847,81.19999694824219,54.70500183105469,62.671181182861325,0.7849206716941642,40.8311181509711,43.86000372601997,0.4582540805761798,73.66000366210938,False,False,False,False,False,
NYSE:BMI,,https://www.tradingview.com/chart/?symbol=NYSE%3ABMI,False,,-31.73527855058066,37.70919575365491,131.5,113.36000061035156,124.69035931396485,0.3778379809451043,-21.729715444961652,-21.653364004144336,0.36070617810112804,133.10000610351562,False,False,False,False,False,
NASDAQ:BHF,,https://www.tradingview.com/chart/?symbol=NASDAQ%3ABHF,False,,-66.90820588347778,-24.729257037245983,49.849998474121094,48.60499954223633,52.863620010375975,0.068994114437523,-62.80451758657109,-64.66594156286747,0.2908138953346652,62.04999923706055,False,True,False,True,False,"WATCH: weekly+band ok, waiting on 4h dot"
NYSE:PAY,,https://www.tradingview.com/chart/?symbol=NYSE%3APAY,False,,-38.476354580815304,-38.476354580815304,34.470001220703125,20.190000534057617,25.962560768127442,0.5838103069341789,41.209659419928705,34.34013258949696,0.8814414771827491,27.75,False,False,False,False,False,
NASDAQ:QS,,https://www.tradingview.com/chart/?symbol=NASDAQ%3AQS,False,,-57.97263481418034,-34.33742809538872,5.090000152587891,4.880000114440918,5.921940105438233,0.047565127964085685,-54.12881573550127,-55.3706884126254,0.6569940624547421,6.71999979019165,False,True,False,False,False,
NYSE:KAI,,https://www.tradingview.com/chart/?symbol=NYSE%3AKAI,False,,-63.268760258513396,-49.39541006730428,265.94000244140625,262.20001220703125,282.6423310546875,0.043176985051952464,-35.55984247500984,-46.30956836426132,0.28137077602675514,307.8500061035156,False,True,False,False,False,
NYSE:HIW,,https://www.tradingview.com/chart/?symbol=NYSE%3AHIW,False,,-7.6167882467542904,-5.009972038473709,31.09000015258789,20.579999923706055,24.02323950958252,0.7203565108248912,23.756652564545917,20.17681686259516,0.49541588683419124,29.450000762939453,False,False,False,False,False,
NASDAQ:LOPE,,https://www.tradingview.com/chart/?symbol=NASDAQ%3ALOPE,False,,-4.516955564933965,-4.516955564933965,150.5500030517578,136.4499969482422,145.63747882080077,0.36218862650152844,3.7557207916749213,11.091146579171536,0.25577351247485314,152.2050018310547,False,False,False,False,False,
NYSE:KEN,,https://www.tradingview.com/chart/?symbol=NYSE%3AKEN,False,,-42.70398073663788,0.38317268626666073,65.95500183105469,62.0,69.95084057617187,0.11739393126887533,-32.729737424512706,-34.42089888106008,0.48087358857285234,70.05999755859375,False,True,False,False,False,
NYSE:SIG,,https://www.tradingview.com/chart/?symbol=NYSE%3ASIG,False,,26.806858348015115,26.806858348015115,98.6500015258789,73.66500091552734,80.73674005126954,0.8338062293956674,23.33370025596345,34.29413563540085,0.34442524526311064,87.0,False,False,False,False,False,
NYSE:TDS,,https://www.tradingview.com/chart/?symbol=NYSE%3ATDS,False,,-39.23998159489411,-38.926843022685034,36.720001220703125,31.84000015258789,35.46142044067383,0.318018942972207,-14.549539382394677,-8.047613643687697,0.39225464314100933,39.119998931884766,False,False,False,False,False,
TSX:SKE,,https://www.tradingview.com/chart/?symbol=TSX%3ASKE,False,,-51.34711933075616,8.882608901884206,44.619998931884766,34.75,38.0233197479248,0.711607764380956,26.49384478831546,25.67201319830976,0.33285336072372146,41.66999816894531,False,False,False,False,False,
NYSE:SLG,,https://www.tradingview.com/chart/?symbol=NYSE%3ASLG,False,,-52.54746877349307,-21.612359239718256,52.95000076293945,35.30500030517578,41.0929006652832,0.7194699025459622,34.41226723904047,23.30642424475983,0.49395771947954165,49.650001525878906,False,False,False,False,False,
NYSE:BLSH,,https://www.tradingview.com/chart/?symbol=NYSE%3ABLSH,False,,-4.578190680387419,43.720320089767434,40.16999816894531,21.780000686645508,27.3558783493042,0.7783598687768438,28.638462040308394,38.45075331732208,0.7082314098690882,33.36000061035156,False,False,False,False,False,
NASDAQ:TENB,,https://www.tradingview.com/chart/?symbol=NASDAQ%3ATENB,False,,15.521084498383251,15.521084498383251,36.20000076293945,15.949999809265137,22.251200214385985,0.758426953248995,26.3215899472079,28.587677623759834,0.9587074093678964,27.850000381469727,False,False,False,False,False,
NYSE:OGN,,https://www.tradingview.com/chart/?symbol=NYSE%3AOGN,False,,-31.650605499967394,19.682818239938992,13.680000305175781,5.704999923706055,7.6106998786926265,0.9876161696399457,29.815667490280862,28.2018954255912,0.6008184569478121,13.4399995803833,False,False,False,False,False,
NASDAQ:ARCB,,https://www.tradingview.com/chart/?symbol=NASDAQ%3AARCB,True,2026-09-21 09:30,-73.31644967464514,-70.9524470380622,129.7100067138672,84.12000274658203,105.56060238647461,0.5018162326141548,-20.33226320673319,-31.00148067696184,0.6684816547598598,135.90499877929688,False,False,True,False,False,
NYSE:LRN,,https://www.tradingview.com/chart/?symbol=NYSE%3ALRN,False,,-64.22218285996945,-64.22218285996945,79.5,78.2699966430664,83.87971765136719,0.051746030115721556,-45.62333179377316,-53.460272713330845,0.27213926315484216,87.34500122070312,False,True,False,False,False,
NYSE:NATL,,https://www.tradingview.com/chart/?symbol=NYSE%3ANATL,False,,-42.21352333800194,-40.28284647775045,46.07500076293945,42.255001068115234,43.59902099609375,0.670763810276574,23.15032511580456,15.903721745032929,0.12692221596594097,44.869998931884766,False,False,False,False,False,
NYSE:CMBT,,https://www.tradingview.com/chart/?symbol=NYSE%3ACMBT,False,,57.96090625952488,57.96090625952488,19.669200897216797,11.904999732971191,13.953479579925537,0.8944932885164969,84.40452602322965,82.11351720644615,0.5712405084455566,15.194999694824219,False,False,False,False,False,
NYSE:CURB,,https://www.tradingview.com/chart/?symbol=NYSE%3ACURB,True,2026-09-21 13:30,-79.14242967463927,-78.21268090246208,28.65999984741211,25.540000915527344,27.01736051940918,0.49840251891962384,-14.125225687477785,-25.959695760182633,0.2138707968442406,29.270000457763672,False,False,True,False,False,
NASDAQ:FFBC,,https://www.tradingview.com/chart/?symbol=NASDAQ%3AFFBC,False,,-53.483789696145784,-53.483789696145784,31.709999084472656,26.450000762939453,28.746280654907228,0.5405959474818488,2.7005767670080694,-8.204989869512767,0.3061673798617959,31.780000686645508,False,False,False,False,False,
NYSE:CBU,,https://www.tradingview.com/chart/?symbol=NYSE%3ACBU,False,,-61.520236974161016,-61.520236974161016,61.119998931884766,55.58000183105469,59.2356413269043,0.3576499589963084,-25.811686049584182,-32.5944240911214,0.2445145735890949,63.349998474121094,False,False,False,False,False,
NYSE:HAE,,https://www.tradingview.com/chart/?symbol=NYSE%3AHAE,False,,43.06792927719764,59.36235697616669,108.75,52.244998931884766,65.64389839172364,0.9952444446684102,74.22750408926647,72.89613417687778,0.7654712028151716,74.16999816894531,False,False,False,False,False,
NYSE:GEF,,https://www.tradingview.com/chart/?symbol=NYSE%3AGEF,False,,-35.41545767631866,-7.182295183348949,83.29000091552734,61.27000045776367,68.06208106994629,0.7651146099048247,46.32329463784138,42.207617271578755,0.4109080842061187,70.04000091552734,False,False,False,False,False,
NYSE:JOE,,https://www.tradingview.com/chart/?symbol=NYSE%3AJOE,False,,-42.125295809117794,-38.275945751161224,64.55000305175781,59.52399826049805,62.550934310913085,0.39186065083029,9.39575676351497,1.2727317807181873,0.1977489992742312,64.86000061035156,False,False,False,False,False,
NASDAQ:NSIT,,https://www.tradingview.com/chart/?symbol=NASDAQ%3ANSIT,False,,-13.180276599015286,-13.180276599015286,156.7100067138672,63.939998626708984,87.91051765441894,0.9133603608357481,68.21925051408202,63.612148927533006,0.9059851514330345,112.11000061035156,False,False,False,False,False,
NASDAQ:ALMS,,https://www.tradingview.com/chart/?symbol=NASDAQ%3AALMS,False,,-52.13268122605724,-47.19930837305222,7.900000095367432,7.644999980926514,13.04822020149231,0.011137807557611434,-57.946942466419294,-64.13631980949292,0.9472486910356429,24.170000076293945,False,True,False,False,False,
NASDAQ:ADPT,,https://www.tradingview.com/chart/?symbol=NASDAQ%3AADPT,False,,67.29110956395797,67.29110956395797,27.84000015258789,12.420000076293945,16.243200256347656,0.9518518117338669,60.726475796092025,64.89987366856833,0.9236031879906202,17.540000915527344,False,False,False,False,False,
NASDAQ:MCHB,,https://www.tradingview.com/chart/?symbol=NASDAQ%3AMCHB,False,,-47.229885640998525,-47.229885640998525,15.265000343322754,14.069999694824219,14.801599784851074,0.38548403272517634,17.37405053817245,4.858559620566499,0.2012987310557856,15.399999618530273,False,False,False,False,False,
NASDAQ:TLX,,https://www.tradingview.com/chart/?symbol=NASDAQ%3ATLX,False,,15.386070633690261,15.386070633690261,11.289999961853027,7.789599895477295,8.999194311141968,0.6829515786171462,48.19407012470473,43.14075463427892,0.4867426587227013,10.529999732971191,False,False,False,False,False,
NASDAQ:CLBT,,https://www.tradingview.com/chart/?symbol=NASDAQ%3ACLBT,False,,-18.507238173955702,13.113778124587354,11.5649995803833,10.354999542236328,11.867759506225585,0.18876756114674206,-36.727162513943455,-37.78645562139715,0.48105065209495235,13.324999809265137,False,True,False,False,False,
NYSE:CVI,,https://www.tradingview.com/chart/?symbol=NYSE%3ACVI,False,,60.31712420096426,60.31712420096426,53.13999938964844,26.537500381469727,33.05641025543213,0.9630735640335047,79.23205115426691,82.78660855960688,0.8290065942057359,33.31999969482422,False,False,False,False,False,
NASDAQ:TNGX,,https://www.tradingview.com/chart/?symbol=NASDAQ%3ATNGX,False,,-39.1327189054794,-39.1327189054794,22.31999969482422,17.149999618530273,21.031019996643067,0.3143812449133992,-29.825228996929514,-36.16033126497536,0.6720474893188084,24.469999313354492,False,False,False,False,False,
NASDAQ:FHB,,https://www.tradingview.com/chart/?symbol=NASDAQ%3AFHB,False,,-8.722856518523875,-1.4561188953561892,25.485000610351562,23.559999465942383,25.16715979003906,0.28267265142692616,-38.25593985851145,-41.288797008041804,0.2510599584623416,27.125,False,False,False,False,False,
NYSE:HP,,https://www.tradingview.com/chart/?symbol=NYSE%3AHP,False,,-73.51877443868523,-73.51877443868523,40.290000915527344,30.524999618530273,34.56413956451416,0.5705522306506638,46.77636761907763,38.31287092880558,0.45847840695470476,37.33000183105469,False,False,False,False,False,
NYSE:DAN,,https://www.tradingview.com/chart/?symbol=NYSE%3ADAN,False,,-32.59489419331337,-32.59489419331337,29.979999542236328,24.899999618530273,28.21343938446045,0.3618233819494436,9.563814429389607,8.043971091388476,0.4478468528656681,31.350000381469727,False,False,False,False,False,
NASDAQ:ARQT,,https://www.tradingview.com/chart/?symbol=NASDAQ%3AARQT,False,,22.90996274182551,48.399233377236335,25.975000381469727,19.399999618530273,21.611319816589354,0.7017075959490932,-13.477307705928448,-7.108583352684795,0.38703020213011696,24.209999084472656,False,False,False,False,False,
NYSE:AVA,,https://www.tradingview.com/chart/?symbol=NYSE%3AAVA,False,,-59.697261724099576,-59.697261724099576,36.11000061035156,36.11000061035156,37.63220079040527,0.0,-52.63543808757465,-56.62679960534847,0.15789476141659092,40.849998474121094,False,True,False,False,False,
NASDAQ:BATRA,,https://www.tradingview.com/chart/?symbol=NASDAQ%3ABATRA,False,,20.29074426169168,32.37028863659765,57.38999938964844,46.11000061035156,48.99864010620117,0.9215686885604564,24.018995920666395,30.776394184038836,0.2245871167664134,54.5,False,False,False,False,False,
NASDAQ:ORKA,,https://www.tradingview.com/chart/?symbol=NASDAQ%3AORKA,False,,13.849562566518387,24.655212893302267,93.41999816894531,32.0099983215332,51.14251914978027,0.7574934894408836,38.93270142144071,33.259559139313275,1.114824011945164,72.72000122070312,False,False,False,False,False,
NYSE:SKE,,https://www.tradingview.com/chart/?symbol=NYSE%3ASKE,False,,-53.283813542790234,2.188539460496699,31.78499984741211,24.920000076293945,27.32247969818115,0.6743615767742608,24.526498591846906,22.747083177083237,0.3390507419538632,30.024999618530273,False,False,False,False,False,
NASDAQ:IRTC,,https://www.tradingview.com/chart/?symbol=NASDAQ%3AIRTC,True,2026-09-21 13:30,-58.61335158508964,-57.94552865922956,110.37000274658203,101.81500244140625,108.3333212890625,0.3097393851403013,-11.775084211851668,-25.05431036366592,0.23481398611849097,117.625,False,False,False,False,False,
NYSE:KBH,,https://www.tradingview.com/chart/?symbol=NYSE%3AKBH,True,2026-09-21 13:30,-63.440206769527016,-63.23087051988727,47.869998931884766,45.029998779296875,49.19775874328613,0.16081541206831115,-41.348901222794375,-51.027353551172475,0.3322046632449684,53.15999984741211,False,True,True,False,False,"NEAR: 4h+band ok, weekly shallow"
AMEX:NHC,,https://www.tradingview.com/chart/?symbol=AMEX%3ANHC,False,,-14.017648927849805,-14.017648927849805,223.10499572753906,155.8300018310547,175.02624096679688,0.8270838077865225,46.39780988544177,43.23550816656083,0.41124424439521645,197.7899932861328,False,False,False,False,False,
NASDAQ:PLMR,,https://www.tradingview.com/chart/?symbol=NASDAQ%3APLMR,False,,13.919668614544221,13.919668614544221,134.06500244140625,101.43000030517578,112.12906008911133,0.7198633019804788,33.71098167409071,35.6876813151511,0.35445659533709784,127.9000015258789,False,False,False,False,False,
NASDAQ:OSIS,,https://www.tradingview.com/chart/?symbol=NASDAQ%3AOSIS,False,,-41.46851365516097,-41.46851365516097,200.49000549316406,197.4600067138672,223.9439234008789,0.027000527163897663,-44.5607268302761,-47.13433714350108,0.5083923512429656,220.73500061035156,False,True,False,False,False,
NYSE:AVNT,,https://www.tradingview.com/chart/?symbol=NYSE%3AAVNT,True,2026-09-21 09:30,-61.379205870916714,-58.92140761470038,40.459999084472656,31.709999084472656,35.16503894042969,0.597677620546002,48.37559790624826,35.92037380020298,0.39647934169636206,36.92499923706055,False,False,True,False,False,
NASDAQ:FA,,https://www.tradingview.com/chart/?symbol=NASDAQ%3AFA,False,,-21.800078278698578,-21.800078278698578,20.479999542236328,10.300000190734863,13.677160289764405,0.7113905697407479,41.94676067434148,36.602837042575075,0.8677987033499126,16.489999771118164,False,False,False,False,False,
NYSE:SAH,,https://www.tradingview.com/chart/?symbol=NYSE%3ASAH,True,2026-09-21 09:30,-91.85012327450204,-87.6750730640715,65.91999816894531,59.83000183105469,72.38992211914062,0.11443059372801281,-19.204664772404406,-31.777982985070707,0.6733299671590477,79.04000091552734,False,True,True,False,False,
NASDAQ:LBTYK,,https://www.tradingview.com/chart/?symbol=NASDAQ%3ALBTYK,True,2026-09-21 09:30,-81.17555366569398,-79.23336257744775,9.8100004196167,9.545000076293945,10.19989998626709,0.09549563234286366,-49.37725644237984,-57.171405775560416,0.24825103112379696,11.178199768066406,False,True,True,False,False,"NEAR: 4h+band ok, weekly shallow"
NYSE:HG,,https://www.tradingview.com/chart/?symbol=NYSE%3AHG,False,,-32.41383631314192,-32.41383631314192,33.869998931884766,28.190000534057617,30.33524011993408,0.624862430617295,37.218664012278616,24.63933282433466,0.2790054553212097,32.58000183105469,False,False,False,False,False,
NASDAQ:BELFB,,https://www.tradingview.com/chart/?symbol=NASDAQ%3ABELFB,False,,-38.17789497263919,7.739549737748992,243.24000549316406,195.0399932861328,227.52539544677734,0.35016352343762036,-32.776632361754885,-37.412785018856,0.5229069072397288,263.239990234375,False,False,False,False,False,
NYSE:AWR,,https://www.tradingview.com/chart/?symbol=NYSE%3AAWR,False,,-73.48988921606379,-73.48988921606379,84.8499984741211,72.38999938964844,76.80674032592773,0.6657759253619936,50.830976660405774,37.48262579102334,0.23563113941700958,79.42500305175781,False,False,False,False,False,
NASDAQ:OPEN,,https://www.tradingview.com/chart/?symbol=NASDAQ%3AOPEN,False,,-73.08416998714699,-50.05037781600228,2.6700000762939453,2.549999952316284,3.2674399995803833,0.03947372239216952,-73.96928764351178,-73.9176719479712,0.6770602127479712,4.489999771118164,False,True,False,True,False,"WATCH: weekly+band ok, waiting on 4h dot"
NASDAQ:RLAY,,https://www.tradingview.com/chart/?symbol=NASDAQ%3ARLAY,False,,-12.786602249757749,-12.786602249757749,18.184999465942383,9.350000381469727,12.043940147399901,0.7739815901992181,34.06753629842411,25.881949989664985,0.6905625247433186,16.530000686645508,False,False,False,False,False,
AMEX:PRK,,https://www.tradingview.com/chart/?symbol=AMEX%3APRK,False,,-68.7386435008391,-63.05073567724633,182.47000122070312,152.94000244140625,166.8333212890625,0.5016137460265456,27.246203055222853,11.66658672682088,0.33207353070030854,177.27999877929688,False,False,False,False,False,
TSX:CG,,https://www.tradingview.com/chart/?symbol=TSX%3ACG,False,,-35.52366115783888,28.506338921040527,32.220001220703125,20.530000686645508,23.61924027252197,0.8930482888574252,57.51528757439352,56.78931737913474,0.5364753463069001,24.399999618530273,False,False,False,False,False,
NYSE:AAP,,https://www.tradingview.com/chart/?symbol=NYSE%3AAAP,False,,-36.024778419140574,-36.024778419140574,40.970001220703125,40.869998931884766,46.099758895874025,0.004512738696161943,-59.929817273084204,-61.36330401811742,0.39813151110603945,55.65999984741211,False,True,False,False,False,
NASDAQ:ICHR,,https://www.tradingview.com/chart/?symbol=NASDAQ%3AICHR,False,,-37.191650570244434,8.674218644204544,56.13999938964844,41.40999984741211,58.265120315551755,0.20624473723215467,-35.76430916094756,-37.83056489287363,1.0736621405269857,66.5199966430664,False,True,False,False,False,
NYSE:VAC,,https://www.tradingview.com/chart/?symbol=NYSE%3AVAC,False,,-27.07112904710569,10.73168315052709,103.05000305175781,64.72000122070312,78.91068057250976,0.6374522464970825,35.5890588350421,26.82121110568812,0.6394767418273872,94.02999877929688,False,False,False,False,False,
NASDAQ:VECO,,https://www.tradingview.com/chart/?symbol=NASDAQ%3AVECO,False,,-43.73352221929097,1.2927726841309262,44.25,30.489999771118164,43.5667601852417,0.24833062250714688,-36.360967918396064,-38.23548781694792,1.0926839431106836,50.709999084472656,False,False,False,False,False,
NASDAQ:CCC,,https://www.tradingview.com/chart/?symbol=NASDAQ%3ACCC,False,,-70.79871234890716,-50.25856699227385,6.5,4.093100070953369,4.92072843170166,0.6863326707913058,44.07452952361948,33.94560237453116,0.6093657278788577,5.755000114440918,False,False,False,False,False,
NASDAQ:OPCH,,https://www.tradingview.com/chart/?symbol=NASDAQ%3AOPCH,False,,8.783262258528962,29.857653486102986,23.959999084472656,19.29050064086914,21.761302543640138,0.4460097069921059,26.95413073529285,30.009775593676103,0.447223394115915,23.40999984741211,False,False,False,False,False,
NYSE:BOH,,https://www.tradingview.com/chart/?symbol=NYSE%3ABOH,False,,-74.42248009057818,-74.42248009057818,72.80000305175781,70.61000061035156,74.26682125854492,0.14133604731947094,-29.72787128157133,-38.87057674858148,0.19809514836060682,78.22000122070312,False,True,False,False,False,
NYSE:RH,,https://www.tradingview.com/chart/?symbol=NYSE%3ARH,False,,-71.69998825115896,-58.39456275902779,127.2300033569336,109.18000030517578,129.72144052124023,0.20737595199792574,-18.964046080300708,-29.318112300260417,0.6043941122932156,144.01199340820312,False,True,False,False,False,
NYSE:RYN,,https://www.tradingview.com/chart/?symbol=NYSE%3ARYN,False,,-60.848522237032114,-55.37683869411428,20.020000457763672,19.5,20.177320198059082,0.18118477550778989,-31.08423447453403,-36.00675208945086,0.13650420410490463,21.024999618530273,False,True,False,False,False,
NASDAQ:SFNC,,https://www.tradingview.com/chart/?symbol=NASDAQ%3ASFNC,False,,-43.96583230576039,-43.96583230576039,22.649999618530273,18.395000457763672,19.764980529785156,0.7329886196513742,33.93315542429164,27.035970162378504,0.262313625183829,22.1299991607666,False,False,False,False,False,
NASDAQ:GBDC,,https://www.tradingview.com/chart/?symbol=NASDAQ%3AGBDC,False,,-65.53863630640002,-28.816526668442275,12.555000305175781,11.960000038146973,12.397779930114746,0.3207549400855891,14.47640495631328,6.067237130326928,0.1430774793987225,12.96500015258789,False,False,False,False,False,
NASDAQ:IDYA,,https://www.tradingview.com/chart/?symbol=NASDAQ%3AIDYA,False,,-43.463476136479194,1.7799378056595596,38.845001220703125,27.440000534057617,30.991800804138183,0.7578072969703575,47.503708520688825,44.18287560671497,0.444083842297328,33.88999938964844,False,False,False,False,False,
NASDAQ:FLY,,https://www.tradingview.com/chart/?symbol=NASDAQ%3AFLY,False,,-51.773485375599215,-2.4347735120521,22.829999923706055,17.84760093688965,27.613351860046386,0.12040509430774879,-35.98169087271463,-34.41887968481544,1.5451941546247185,26.780000686645508,False,True,False,False,False,
NYSE:CALY,,https://www.tradingview.com/chart/?symbol=NYSE%3ACALY,True,2026-09-21 09:30,-72.1017313053763,-70.56048612934394,14.720000267028809,13.149999618530273,14.686359672546386,0.24116752585248372,-24.850934646330114,-32.796529329141556,0.4162404147044137,15.640000343322754,False,False,True,False,False,
NYSE:RNG,,https://www.tradingview.com/chart/?symbol=NYSE%3ARNG,False,,33.2698366345624,41.541104516143996,77.31749725341797,33.4900016784668,43.833290634155276,1.0,75.16208463470441,73.68486736746775,1.0553213788390388,41.529998779296875,False,False,False,False,False,
NYSE:LPL,,https://www.tradingview.com/chart/?symbol=NYSE%3ALPL,True,2026-09-21 09:30,-68.43964942279678,-58.49279016904757,3.0350000858306885,2.7699999809265137,3.476819953918457,0.08848083974290595,-44.64955708274647,-47.8171780461783,0.7572692650655226,3.9549999237060547,False,True,True,False,False,"NEAR: 4h+band ok, weekly shallow"
NYSE:LEU,,https://www.tradingview.com/chart/?symbol=NYSE%3ALEU,False,,-56.798030048409,-23.325425495060873,154.8699951171875,139.08999633789062,160.83975720214843,0.1712239382840287,-30.46787686132828,-40.3774402110661,0.5052077874529792,182.4199981689453,False,True,False,False,False,
NYSE:BKU,,https://www.tradingview.com/chart/?symbol=NYSE%3ABKU,False,,-39.945300933047314,-31.781070308317585,44.439998626708984,42.56999969482422,44.43203955078125,0.23700875494847015,-40.017799132871,-47.88967458685164,0.16942236292359972,46.56999969482422,False,False,False,False,False,
NASDAQ:REAL,,https://www.tradingview.com/chart/?symbol=NASDAQ%3AREAL,False,,-43.520685110566546,-33.014359876700645,9.654999732971191,8.109999656677246,9.262859710693359,0.31627430990880256,-32.306056685293065,-39.33362777783513,0.4597647274241728,10.625,False,False,False,False,False,
NYSE:GPK,,https://www.tradingview.com/chart/?symbol=NYSE%3AGPK,False,,-37.931439669282945,-37.931439669282945,9.255000114440918,8.899999618530273,9.672899753570556,0.10839707904895828,-6.962486421593816,-20.68108470976445,0.31429947679706743,10.420000076293945,False,True,False,False,False,
NYSE:CGAU,,https://www.tradingview.com/chart/?symbol=NYSE%3ACGAU,False,,-40.947686283210565,19.406932227093012,22.959999084472656,14.710000038146973,16.964979885101318,0.8634222507853216,53.71299491978193,52.584303471232566,0.541206399313765,17.655000686645508,False,False,False,False,False,
NYSE:BANC,,https://www.tradingview.com/chart/?symbol=NYSE%3ABANC,False,,-31.286116529947048,-31.286116529947048,18.290000915527344,16.565000534057617,17.80636058807373,0.32794682631343247,-25.031116367354226,-29.516062622160234,0.2792673472024809,18.834999084472656,False,False,False,False,False,
NYSE:ITGR,,https://www.tradingview.com/chart/?symbol=NYSE%3AITGR,False,,43.21114800807094,54.48951623802765,126.30000305175781,82.97000122070312,93.29500122070313,0.9904000418526786,78.04960199237111,72.07280262661212,0.4782465937315035,91.4800033569336,False,False,False,False,False,
NYSE:QTWO,,https://www.tradingview.com/chart/?symbol=NYSE%3AQTWO,False,,-60.871487672040836,-59.804891525073735,57.90999984741211,41.5099983215332,47.34627821350097,0.6631622252102904,37.72686403764085,27.79361048067224,0.48652367994068196,50.83000183105469,False,False,False,False,False,
NASDAQ:COLM,,https://www.tradingview.com/chart/?symbol=NASDAQ%3ACOLM,False,,-20.54077363599347,-20.54077363599347,56.72999954223633,52.380001068115234,56.022637985229494,0.2818287035606785,-47.40383724614673,-48.974149268868295,0.2575488421919646,59.93000030517578,False,False,False,False,False,
NASDAQ:CARG,,https://www.tradingview.com/chart/?symbol=NASDAQ%3ACARG,False,,-34.51049613570502,-34.51049613570502,33.16999816894531,27.040000915527344,29.85312048339844,0.514261593545224,6.063794161093536,-3.2344480623128256,0.34371390034752464,34.68000030517578,False,False,False,False,False,
NYSE:SUNC,,https://www.tradingview.com/chart/?symbol=NYSE%3ASUNC,False,,-25.03884329846169,-25.03884329846169,77.41999816894531,59.119998931884766,64.60463932800293,0.7874353664103455,69.89740194539642,65.42254652370275,0.3411626650240099,68.12000274658203,False,False,False,False,False,
NYSE:USAC,,https://www.tradingview.com/chart/?symbol=NYSE%3AUSAC,False,,-45.76729785567264,-39.87041370341828,26.15999984741211,24.809999465942383,26.13159955596924,0.24107148026933123,33.41749026773112,22.11322615864359,0.20736902630996998,27.0049991607666,False,False,False,False,False,
NASDAQ:ACHC,,https://www.tradingview.com/chart/?symbol=NASDAQ%3AACHC,False,,-15.925970240205467,18.72920275755936,28.329999923706055,22.649999618530273,25.701480140686034,0.4392884248445024,2.5190213693539247,-2.3415279828730187,0.473020034592544,27.334999084472656,False,False,False,False,False,
NASDAQ:KYIV,,https://www.tradingview.com/chart/?symbol=NASDAQ%3AKYIV,True,2026-09-21 09:30,-59.57511462145408,-51.21503200288379,13.430000305175781,9.329999923706055,10.981999923706054,0.5857143402099609,-9.417782294402851,-16.258384927399923,0.5200594338901416,13.460000038146973,False,False,False,False,False,
NYSE:BWLP,,https://www.tradingview.com/chart/?symbol=NYSE%3ABWLP,False,,31.64626854491824,31.64626854491824,25.280000686645508,13.585000038146973,16.5763000831604,0.9226824830383288,72.09046454916488,72.13388348777313,0.6190476168296429,20.475000381469727,False,False,False,False,False,
TSX:BTE,,https://www.tradingview.com/chart/?symbol=TSX%3ABTE,False,,-30.536955924049597,-30.536955924049597,6.565000057220459,5.46999979019165,5.91249979019165,0.5840001424153646,47.83202047339389,45.5066327223952,0.30537459947425205,6.139999866485596,False,False,False,False,False,
NYSE:CPK,,https://www.tradingview.com/chart/?symbol=NYSE%3ACPK,False,,-38.855758005526184,13.627942679986347,131.13999938964844,118.9800033569336,123.76136386108398,0.600197174262357,21.79157373387724,17.347942351097544,0.15846697206125834,127.8499984741211,False,False,False,False,False,
NASDAQ:SBCF,,https://www.tradingview.com/chart/?symbol=NASDAQ%3ASBCF,False,,-43.31540331350427,-43.31540331350427,33.290000915527344,28.829999923706055,30.55280019378662,0.6109589441964747,30.921893589326412,22.367980489243678,0.22621633222359966,32.27000045776367,False,False,False,False,False,
NASDAQ:PRVA,,https://www.tradingview.com/chart/?symbol=NASDAQ%3APRVA,False,,-66.49730944454076,-66.49730944454076,19.530000686645508,19.44499969482422,21.532419982910156,0.009610059931063751,-37.06559768102718,-41.15344410335502,0.38862043636884736,22.760000228881836,False,True,False,False,False,
NASDAQ:ARLP,,https://www.tradingview.com/chart/?symbol=NASDAQ%3AARLP,False,,-48.21245664796601,-48.21245664796601,25.780000686645508,23.450000762939453,24.824700492858888,0.40000006548837796,50.33138740608704,44.60044910837344,0.2278951086580571,25.559999465942383,False,False,False,False,False,
NASDAQ:WDFC,,https://www.tradingview.com/chart/?symbol=NASDAQ%3AWDFC,False,,-66.61922061001336,-48.03244974382327,191.3300018310547,189.1300048828125,207.2913817138672,0.028588101255482,-44.12779012354061,-51.035091812843845,0.35617415274382774,216.05999755859375,False,True,False,False,False,
NASDAQ:SHOO,,https://www.tradingview.com/chart/?symbol=NASDAQ%3ASHOO,False,,-44.75693684454338,-7.082515305923636,42.79999923706055,31.350000381469727,35.53192021942139,0.6461624886724261,7.733968692047591,-1.6751135051964132,0.42060286883698456,42.130001068115234,False,False,False,False,False,
NASDAQ:FSLY,,https://www.tradingview.com/chart/?symbol=NASDAQ%3AFSLY,False,,36.71376102323041,47.30101962111333,27.40999984741211,16.09000015258789,20.359240188598633,0.6257600662985523,30.77114807018309,39.42271028209477,0.7983230482966602,22.65999984741211,False,False,False,False,False,
TSX:POU,,https://www.tradingview.com/chart/?symbol=TSX%3APOU,False,,11.419590934299569,11.419590934299569,30.729999542236328,25.78740119934082,27.54385440826416,0.6640958056823759,52.19240375670655,47.422544139316024,0.25230830449057334,29.498031616210938,False,False,False,False,False,
NASDAQ:BATRK,,https://www.tradingview.com/chart/?symbol=NASDAQ%3ABATRK,False,,19.937859944306854,33.482531160600026,52.2599983215332,41.5,44.355599639892574,0.8892561717711106,6.2641558699296525,11.936953455299847,0.24055663335290736,50.29999923706055,False,False,False,False,False,
NASDAQ:NMIH,,https://www.tradingview.com/chart/?symbol=NASDAQ%3ANMIH,False,,-71.80375709481835,-60.135089130370865,42.5,35.31999969482422,37.795640090942385,0.6844613113756145,38.335805994081085,26.477226941125828,0.2607507282582403,40.22999954223633,False,False,False,False,False,
NYSE:ASH,,https://www.tradingview.com/chart/?symbol=NYSE%3AASH,False,,-52.211140378109526,-52.211140378109526,69.05000305175781,48.810001373291016,55.33304032897949,0.7322722474242853,42.210414083439126,30.818208625642214,0.43046248199737336,64.20999908447266,False,False,False,False,False,
NYSE:CXW,,https://www.tradingview.com/chart/?symbol=NYSE%3ACXW,False,,23.588864134194136,23.588864134194136,32.43000030517578,17.639999389648438,21.85967964172363,0.8271812098435398,61.76706996909539,56.150273495706664,0.6413200002271304,27.8799991607666,False,False,False,False,False,
TSX:ARIS,,https://www.tradingview.com/chart/?symbol=TSX%3AARIS,False,,-60.96950487262691,-2.975445576861395,26.709999084472656,18.75,21.402639945983886,0.7081849863490512,28.08020533172247,28.419020754081707,0.4623611689858358,24.309999465942383,False,False,False,False,False,
NYSE:NIQ,,https://www.tradingview.com/chart/?symbol=NYSE%3ANIQ,False,,-23.762828569975607,-10.181157253908365,18.3799991607666,7.960000038146973,10.646859867095948,0.9152393312233829,64.4687588598868,61.65152077623727,1.031249937911828,11.039999961853027,False,False,False,False,False,
NASDAQ:ETOR,,https://www.tradingview.com/chart/?symbol=NASDAQ%3AETOR,False,,-67.32281207056148,-48.421004420574214,28.665000915527344,27.774999618530273,31.349219276428222,0.05876536032898335,-52.39387997129125,-55.25870691936942,0.41278275053927177,36.689998626708984,False,True,False,False,False,
NYSE:KN,,https://www.tradingview.com/chart/?symbol=NYSE%3AKN,False,,8.87002121635733,25.321661290694294,36.02000045776367,24.170000076293945,28.5596001663208,0.6370967816363758,-5.397577645262612,-6.455350750141411,0.5257207410949518,35.380001068115234,False,False,False,False,False,
NYSE:TTAM,,https://www.tradingview.com/chart/?symbol=NYSE%3ATTAM,True,2026-09-21 09:30,-70.0025462393477,-66.47319316988582,13.819999694824219,13.329999923706055,14.738919761657716,0.08207702302780288,-53.04762411689135,-59.697976266321106,0.37359195772035786,15.979999542236328,False,True,True,False,False,"NEAR: 4h+band ok, weekly shallow"
NASDAQ:MGEE,,https://www.tradingview.com/chart/?symbol=NASDAQ%3AMGEE,False,,-79.79939694406669,-79.79939694406669,72.86000061035156,72.41999816894531,75.22131881713867,0.03706843636013048,-29.132248892607063,-43.36963057906158,0.15148038098680122,78.36000061035156,False,True,False,False,False,
NYSE:STUB,,https://www.tradingview.com/chart/?symbol=NYSE%3ASTUB,False,,-48.160875736283266,-25.801314468256738,5.949999809265137,5.885000228881836,7.744680255889892,0.008248677593821642,-45.070722555179294,-46.79147744556106,1.0287206620641298,7.659999847412109,False,True,False,False,False,
NYSE:PFS,,https://www.tradingview.com/chart/?symbol=NYSE%3APFS,False,,-52.22865911663714,-52.22865911663714,22.93000030517578,20.010000228881836,21.297380210876465,0.5352887474121422,12.886723969273488,1.2646324103161994,0.2366594405320121,23.049999237060547,False,False,False,False,False,
NASDAQ:NVTS,,https://www.tradingview.com/chart/?symbol=NASDAQ%3ANVTS,False,,-50.16778147541578,12.655038732985554,12.164999961853027,7.824999809265137,13.553899494171143,0.17878477410056917,-30.416552557660776,-29.964084631533858,1.8530532792345213,13.100000381469727,False,True,False,False,False,
NYSE:BSM,,https://www.tradingview.com/chart/?symbol=NYSE%3ABSM,False,,-13.786749186777596,-13.786749186777596,14.859999656677246,13.260000228881836,13.769760192871093,0.7407405281590023,63.20608553803319,60.51196306568701,0.1515789366604989,14.25,False,False,False,False,False,
NASDAQ:USLM,,https://www.tradingview.com/chart/?symbol=NASDAQ%3AUSLM,False,,-43.89563304623908,-43.89563304623908,114.63999938964844,97.08999633789062,107.10347821044923,0.41362243153055733,20.080341205739344,13.528322052953744,0.3703736805063105,114.55999755859375,False,False,False,False,False,
NYSE:UAA,,https://www.tradingview.com/chart/?symbol=NYSE%3AUAA,False,,-54.469000765378006,-54.469000765378006,4.760000228881836,4.744999885559082,5.377479957580566,0.005597142393522986,-37.96492252667195,-42.27864474416114,0.4477861729974732,5.985000133514404,False,True,False,False,False,
NYSE:HAYW,,https://www.tradingview.com/chart/?symbol=NYSE%3AHAYW,False,,-51.784928095882236,-30.955234741935442,12.880000114440918,12.720000267028809,13.803240077972411,0.03485836063979715,-44.91990175982752,-51.62654312231223,0.31646218984182095,14.50409984588623,False,True,False,False,False,
TSX:PBH,,https://www.tradingview.com/chart/?symbol=TSX%3APBH,False,,-57.933319654948086,-44.91800126413807,75.7699966430664,75.73999786376953,80.61811923217773,0.001451319345990915,-51.60847000449498,-54.281501618229534,0.24161315091753388,85.55000305175781,False,True,False,False,False,
AMEX:UUUU,,https://www.tradingview.com/chart/?symbol=AMEX%3AUUUU,False,,-71.47268210579514,-45.38543380417855,12.279999732971191,10.739999771118164,13.751359825134276,0.12068965001797481,-30.5515945060713,-38.39983452894071,0.8258899926477573,15.449999809265137,False,True,False,False,False,
NASDAQ:HUBG,,https://www.tradingview.com/chart/?symbol=NASDAQ%3AHUBG,False,,-75.04180268877542,-68.6213811071371,31.649999618530273,31.649999618530273,36.315719276428226,0.0,-39.03497621978031,-47.764330804564665,0.4654502474546381,42.474998474121094,False,True,False,False,False,
NYSE:GRBK,,https://www.tradingview.com/chart/?symbol=NYSE%3AGRBK,True,2026-09-21 09:30,-62.63359888939834,-55.0426878291783,67.55999755859375,61.25,65.90863949584961,0.3196554326976406,-28.855067456001535,-39.69150882992775,0.2812967154302826,70.17500305175781,False,False,True,False,False,
NYSE:WT,,https://www.tradingview.com/chart/?symbol=NYSE%3AWT,False,,-71.301847182848,-24.106597852963603,23.71500015258789,13.210000038146973,16.00188024520874,0.8879965625807409,71.05029367739247,63.846174946409334,0.6264231259731795,18.885000228881836,False,False,False,False,False,
NYSE:CSAN,,https://www.tradingview.com/chart/?symbol=NYSE%3ACSAN,False,,-56.20804133874268,-39.409604751943476,2.755000114440918,2.4000000953674316,2.9286400413513185,0.1584821675657035,-35.70956603700697,-36.200875396630174,0.7284551988236466,3.075000047683716,False,True,False,False,False,
NYSE:ARIS,,https://www.tradingview.com/chart/?symbol=NYSE%3AARIS,False,,-62.33166957557546,-10.435272456833282,19.020000457763672,13.364999771118164,15.35330004119873,0.6712166075369805,27.225099527744973,26.91736304132472,0.47882929657261525,17.594999313354492,False,False,False,False,False,
TSX:SJ,,https://www.tradingview.com/chart/?symbol=TSX%3ASJ,False,,7.8476416401316405,48.31699378500091,69.27999877929688,67.05000305175781,74.23856283569336,0.07321063015644767,-66.85139688524484,-62.766255014651186,0.38479026876362565,79.16000366210938,False,True,False,True,False,
TSX:AYA,,https://www.tradingview.com/chart/?symbol=TSX%3AAYA,False,,-32.34611251493198,21.241820573555472,40.220001220703125,17.299999237060547,22.954559020996093,0.9565944432149811,77.64437331696104,74.08980584358565,0.8854397471303953,27.059999465942383,False,False,False,False,False,
NASDAQ:GRAL,,https://www.tradingview.com/chart/?symbol=NASDAQ%3AGRAL,False,,-43.76878005713704,51.271967003514796,108.01000213623047,42.970001220703125,58.319441436767576,1.0,67.960856884097,80.40958855269822,1.0071229339026042,64.58000183105469,False,False,False,False,False,
NYSE:CWT,,https://www.tradingview.com/chart/?symbol=NYSE%3ACWT,True,2026-09-21 09:30,-64.95025682109764,-63.56780282711617,47.2400016784668,42.150001525878906,44.57608123779297,0.4951362604087812,17.86489203190219,2.302269873134575,0.2194236737270188,46.849998474121094,False,False,True,False,False,
NASDAQ:HWKN,,https://www.tradingview.com/chart/?symbol=NASDAQ%3AHWKN,False,,-27.736141754355753,-0.44071609977830545,125.31999969482422,117.05500030517578,130.06213980102538,0.14995917100600178,-52.38760864997073,-50.00192603664121,0.3789665403030963,145.43499755859375,False,True,False,False,False,
NASDAQ:AMBA,,https://www.tradingview.com/chart/?symbol=NASDAQ%3AAMBA,False,,-32.13400272520513,12.920552829189909,68.83000183105469,48.63999938964844,59.27061895751953,0.4482185206375596,-15.29950898669668,-18.60501910235214,0.6555814112814441,68.70999908447266,False,False,False,False,False,
NASDAQ:ASO,,https://www.tradingview.com/chart/?symbol=NASDAQ%3AASO,False,,-22.17253144636741,-22.17253144636741,48.5,42.630001068115234,46.578280960083006,0.35086665227129543,-27.477795570977225,-19.323390457211335,0.32998026213967196,50.70000076293945,False,False,False,False,False,
NASDAQ:TRMD,,https://www.tradingview.com/chart/?symbol=NASDAQ%3ATRMD,False,,45.91753724304513,63.21144121281816,37.119998931884766,24.239999771118164,27.54163971710205,0.9206575676546387,83.89286849405875,88.56590580264626,0.46789297490318293,29.899999618530273,False,False,False,False,False,
NYSE:DKL,,https://www.tradingview.com/chart/?symbol=NYSE%3ADKL,False,,16.59785484018785,16.59785484018785,55.68000030517578,48.349998474121094,51.16783905029297,0.6139028753993611,54.02231801081685,52.8656664661176,0.22570892432895584,52.900001525878906,False,False,False,False,False,
NASDAQ:PENG,,https://www.tradingview.com/chart/?symbol=NASDAQ%3APENG,False,,-21.461118560061323,40.99600250450929,54.880001068115234,16.239999771118164,32.995999320983884,0.5442253850003467,-11.021595213773807,-9.548306143187311,1.388345696911035,51.13999938964844,False,False,False,False,False,
NYSE:BTE,,https://www.tradingview.com/chart/?symbol=NYSE%3ABTE,False,,-36.887421873442925,-36.887421873442925,4.675000190734863,3.8550000190734863,4.206639965057373,0.5503357702169386,46.9313136848985,42.96658982539667,0.3378684405153734,4.409999847412109,False,False,False,False,False,
NYSE:PK,,https://www.tradingview.com/chart/?symbol=NYSE%3APK,True,2026-09-21 09:30,-55.10425717048781,-51.11222111568568,15.140000343322754,10.199999809265137,11.608919872283936,0.8274707392125782,47.264763978319586,40.34360726003223,0.42161019289275553,14.15999984741211,False,False,False,False,False,
NYSE:FSK,,https://www.tradingview.com/chart/?symbol=NYSE%3AFSK,True,2026-09-21 13:30,-70.6277164449283,-70.6277164449283,11.4350004196167,9.899999618530273,10.544279735565185,0.5622712535714748,60.72198172285602,52.51476086849007,0.251265582459344,10.864999771118164,False,False,True,False,False,
NASDAQ:ADEA,,https://www.tradingview.com/chart/?symbol=NASDAQ%3AADEA,False,,-38.106939294357645,-32.27820359852035,25.533000946044922,22.719999313354492,25.292399223327635,0.25807355331538323,-31.1366738683296,-37.442822888647,0.39636362249200996,27.5,False,False,False,False,False,
NYSE:FUL,,https://www.tradingview.com/chart/?symbol=NYSE%3AFUL,True,2026-09-21 13:30,-64.09736005019442,-64.09736005019442,49.619998931884766,49.20000076293945,53.13884043884277,0.025164661683865566,-47.677010423010756,-55.09033558560026,0.28223554748341895,59.1349983215332,False,True,True,False,False,"NEAR: 4h+band ok, weekly shallow"
NYSE:WRBY,,https://www.tradingview.com/chart/?symbol=NYSE%3AWRBY,False,,-45.73727831123798,-45.73727831123798,23.25,20.25,22.718559783935547,0.28680690846840984,-30.1486386169562,-39.4513154227473,0.4182326664832785,25.010000228881836,False,False,False,False,False,
NASDAQ:CVBF,,https://www.tradingview.com/chart/?symbol=NASDAQ%3ACVBF,False,,14.307798347298595,14.307798347298595,22.43000030517578,18.600000381469727,19.70920011138916,0.8148937992080849,38.46271515003799,37.49803459989079,0.22370294166536317,21.010000228881836,False,False,False,False,False,
NYSE:FBK,,https://www.tradingview.com/chart/?symbol=NYSE%3AFBK,True,2026-09-21 09:30,-67.44552658948062,-63.752169628149886,53.540000915527344,50.66999816894531,53.37219834899902,0.25065524500849395,3.521985615136534,-10.2040068279568,0.210516655477636,54.38999938964844,False,False,True,False,False,
NYSE:UA,,https://www.tradingview.com/chart/?symbol=NYSE%3AUA,False,,-55.85556254439039,-55.85556254439039,4.670000076293945,4.650000095367432,5.268320068359375,0.007633580839735752,-37.17933947809641,-41.45835843703201,0.4486301056684179,5.840000152587891,False,True,False,False,False,
NYSE:ZIM,,https://www.tradingview.com/chart/?symbol=NYSE%3AZIM,False,,34.04333679143327,58.542599867891994,30.454999923706055,23.440000534057617,25.095540390014648,1.0,63.14791205579477,66.56443654003097,0.2691864748046633,26.059999465942383,False,False,False,False,False,
NYSE:UNFI,,https://www.tradingview.com/chart/?symbol=NYSE%3AUNFI,False,,24.94472268534335,53.10165596920914,46.22999954223633,38.845001220703125,42.79918057250977,0.44076392313503276,-40.37961727294525,-36.5914380913938,0.3487717929664416,48.040000915527344,False,False,False,False,False,
NYSE:AD,,https://www.tradingview.com/chart/?symbol=NYSE%3AAD,False,,-82.44517200548039,-82.44517200548039,35.56999969482422,33.79499816894531,39.44625486755371,0.07412516940003355,-1.6754947941333829,-8.02070102736566,0.603706098764544,39.665000915527344,False,True,False,False,False,
NYSE:BHE,,https://www.tradingview.com/chart/?symbol=NYSE%3ABHE,False,,15.444453225438052,40.505597132440776,77.16999816894531,53.220001220703125,64.1586008605957,0.5167205552685045,-28.444681577282182,-26.328665481344267,0.5747054878758848,80.6500015258789,False,False,False,False,False,
NYSE:MMS,,https://www.tradingview.com/chart/?symbol=NYSE%3AMMS,False,,-37.55345064307055,-37.55345064307055,55.970001220703125,53.564998626708984,58.033658950805666,0.12701359490718309,-30.02875366911744,-34.20842418084286,0.3134155604791939,60.415000915527344,False,True,False,False,False,
TSX:SEA,,https://www.tradingview.com/chart/?symbol=TSX%3ASEA,False,,-55.955955227793794,2.546623513015131,43.400001525878906,31.421890258789062,35.45940386962891,0.7001423478657185,28.123815757853645,26.663069804703596,0.4285044097433419,39.92516326904297,False,False,False,False,False,
NASDAQ:MZTI,,https://www.tradingview.com/chart/?symbol=NASDAQ%3AMZTI,False,,-37.921260182533196,-33.3801450109859,102.47000122070312,98.05000305175781,110.76332189941407,0.08204935157930039,-43.503202472291825,-49.58369471583043,0.4736864879312,113.7249984741211,False,True,False,False,False,
NASDAQ:CRVL,,https://www.tradingview.com/chart/?symbol=NASDAQ%3ACRVL,False,,24.41196693911245,28.15679884272466,71.80500030517578,51.470001220703125,56.38352114868164,0.9767050616013154,69.8644574648746,71.37114549850983,0.34604835665266326,60.165000915527344,False,False,False,False,False,
NASDAQ:EEFT,,https://www.tradingview.com/chart/?symbol=NASDAQ%3AEEFT,True,2026-09-21 13:30,-72.93570290438836,-72.93570290438836,66.06999969482422,63.619998931884766,68.36831867980958,0.12176942808167168,-22.514023671800498,-36.742824695104765,0.28502620733364376,70.58999633789062,False,True,True,False,False,
NASDAQ:AEHR,,https://www.tradingview.com/chart/?symbol=NASDAQ%3AAEHR,False,,-19.528896330630204,24.554082868248372,96.93000030517578,29.729999542236328,57.10128123474121,0.5794102138957,9.401974055100395,8.657199080599645,1.281971986368118,90.47000122070312,False,False,False,False,False,
TSX:EFX,,https://www.tradingview.com/chart/?symbol=TSX%3AEFX,False,,42.05697476024256,45.69178608863546,31.510000228881836,27.010000228881836,29.860880210876466,0.3725165586441025,-26.912220355189103,-17.576439589197747,0.3762067796352432,32.11000061035156,False,False,False,False,False,
NYSE:DBD,,https://www.tradingview.com/chart/?symbol=NYSE%3ADBD,True,2026-09-21 09:30,-70.67776334263921,-70.46775653804684,63.275001525878906,62.810001373291016,69.54072148132325,0.016304352914598533,-48.073922375213044,-51.47173299675795,0.3657347939217268,77.9800033569336,False,True,True,False,False,"NEAR: 4h+band ok, weekly shallow"
NASDAQ:SBLK,,https://www.tradingview.com/chart/?symbol=NASDAQ%3ASBLK,False,,-3.1172026351598787,48.29960858559386,31.690000534057617,21.834999084472656,24.347219192504884,0.9257868507086306,77.09336180766151,75.160253510027,0.3986891443291384,26.700000762939453,False,False,False,False,False,
NYSE:HTGC,,https://www.tradingview.com/chart/?symbol=NYSE%3AHTGC,False,,-11.3314253834109,-11.3314253834109,17.3700008392334,13.895000457763672,14.835460151672363,0.8720204548250192,75.01785916739955,69.96873616926818,0.2514988094569582,15.845000267028809,False,False,False,False,False,
TSX:BDT,,https://www.tradingview.com/chart/?symbol=TSX%3ABDT,False,,67.1229297873104,75.95725496246723,81.52999877929688,32.810001373291016,44.3079207611084,1.0,55.4709837192599,64.81821598482743,0.7927106757525896,61.459999084472656,False,False,False,False,False,
NYSE:AEO,,https://www.tradingview.com/chart/?symbol=NYSE%3AAEO,False,,-41.22927244593234,-17.013069193877566,15.454999923706055,14.225000381469727,15.598520309448242,0.2113401386137835,-45.2139753873606,-53.02094908579035,0.340649693104965,17.084999084472656,False,True,False,False,False,
NYSE:RCUS,,https://www.tradingview.com/chart/?symbol=NYSE%3ARCUS,False,,-63.512780066863535,-19.903128212750506,25.959999084472656,20.25,22.919159873962403,0.5048628960299321,15.34522206483919,0.6886027594273862,0.44475026858888606,25.43000030517578,False,False,False,False,False,
NYSE:CXT,,https://www.tradingview.com/chart/?symbol=NYSE%3ACXT,True,2026-09-21 13:30,-57.768337056564036,-57.768337056564036,45.79999923706055,36.060001373291016,40.58412094116211,0.5080854874335861,7.070148081241648,-9.604200129622525,0.419934228437602,45.650001525878906,False,False,False,False,False,
NYSE:TR,,https://www.tradingview.com/chart/?symbol=NYSE%3ATR,True,2026-09-21 09:30,-59.270127204231166,-58.83194891973239,37.27000045776367,36.029998779296875,38.1086873626709,0.14078125913558673,-8.765183831565782,-22.34480600262158,0.21998007668646485,40.040000915527344,False,True,False,False,False,
NASDAQ:RGC,,https://www.tradingview.com/chart/?symbol=NASDAQ%3ARGC,False,,-25.048968288350768,9.975334670377956,5.880000114440918,4.744999885559082,12.166019588470459,0.03609477736745905,-42.14705926887094,-39.19148761565273,1.855162084116434,16.950000762939453,False,True,False,False,False,
NASDAQ:SEDG,,https://www.tradingview.com/chart/?symbol=NASDAQ%3ASEDG,False,,-5.458849608312427,-5.458849608312427,35.58000183105469,29.75,41.25853985595703,0.11955299710907508,-45.646573881014014,-42.06126757134637,1.10930392186639,43.959999084472656,False,True,False,False,False,
NYSE:DHT,,https://www.tradingview.com/chart/?symbol=NYSE%3ADHT,False,,55.25945368904866,55.25945368904866,22.450000762939453,16.21500015258789,17.879980224609376,0.8837704239044979,88.22240902032092,89.0843785194084,0.38742452827421914,18.209999084472656,False,False,False,False,False,
NYSE:BKV,,https://www.tradingview.com/chart/?symbol=NYSE%3ABKV,False,,-53.74219426534652,-52.12405094839111,22.920000076293945,22.790000915527344,24.998961059570313,0.013888798321533313,-46.83845942893287,-57.99606570814484,0.35280815560110923,26.530000686645508,False,True,False,False,False,
NASDAQ:FIZZ,,https://www.tradingview.com/chart/?symbol=NASDAQ%3AFIZZ,False,,-2.906268448630746,-2.906268448630746,31.389999389648438,30.440000534057617,32.147460227966306,0.13130601601856784,8.698602214123827,4.963226295222607,0.21475212222974444,33.689998626708984,False,True,False,False,False,
NYSE:AAMI,,https://www.tradingview.com/chart/?symbol=NYSE%3AAAMI,False,,-60.08151281755661,8.405997263457783,94.18000030517578,50.16999816894531,61.3823586730957,0.9263313019863885,60.565364251434666,56.86253982700901,0.6409011722179699,74.12999725341797,False,False,False,False,False,
NYSE:PHIN,,https://www.tradingview.com/chart/?symbol=NYSE%3APHIN,False,,-82.32935424268567,-62.57976339662764,60.34000015258789,60.34000015258789,66.42172026062012,0.0,-60.972507466458886,-67.72778175522612,0.3457668171185067,74.52999877929688,False,True,False,True,False,"WATCH: weekly+band ok, waiting on 4h dot"
NYSE:BTU,,https://www.tradingview.com/chart/?symbol=NYSE%3ABTU,False,,-69.8018189554944,-69.8018189554944,25.06999969482422,20.81999969482422,25.261519622802734,0.22582359558532902,17.651813789636368,10.31631274660078,0.7136897647277942,26.3700008392334,False,True,False,False,False,
NASDAQ:NTCT,,https://www.tradingview.com/chart/?symbol=NASDAQ%3ANTCT,False,,37.69759736862296,37.69759736862296,38.95000076293945,29.93000030517578,33.4464006652832,0.6053690962445462,-20.769237588083406,-19.282471172177594,0.3826400115910374,38.939998626708984,False,False,False,False,False,
NASDAQ:EXPO,,https://www.tradingview.com/chart/?symbol=NASDAQ%3AEXPO,False,,-18.292191555587625,-18.292191555587625,67.12999725341797,53.099998474121094,57.48251840209961,0.7555196020389424,42.60253273092551,39.41065581046165,0.2845105048246835,65.2699966430664,False,False,False,False,False,
NYSE:SA,,https://www.tradingview.com/chart/?symbol=NYSE%3ASA,False,,-56.35732646849768,-2.907598200090169,30.90999984741211,24.15999984741211,26.84803970336914,0.5926251415021669,18.956912003296853,17.063094695809834,0.37740222910783355,30.18000030517578,False,False,False,False,False,
NYSE:ARX,,https://www.tradingview.com/chart/?symbol=NYSE%3AARX,False,,-61.277012234332204,-61.277012234332204,19.770000457763672,10.699999809265137,12.866479656219482,0.9880175696325143,50.27532609513082,49.972785290313645,0.6817674896005943,13.46500015258789,False,False,False,False,False,
NASDAQ:CECO,,https://www.tradingview.com/chart/?symbol=NASDAQ%3ACECO,False,,-31.112493581051165,-25.325736768614004,71.4800033569336,54.13999938964844,64.89924032592774,0.38034662115248197,-19.59804316809149,-25.527928518238134,0.6089221623458059,74.87000274658203,False,False,False,False,False,
TSX:KXS,,https://www.tradingview.com/chart/?symbol=TSX%3AKXS,False,,15.301463995775196,15.301463995775196,173.83999633789062,133.8000030517578,144.70792333984375,0.8662914804986607,55.26964257787237,53.344432623963066,0.3016183735569298,153.24000549316406,False,False,False,False,False,
TSX:USA,,https://www.tradingview.com/chart/?symbol=TSX%3AUSA,False,,-68.59254063350647,-1.517189013224849,7.090000152587891,5.139999866485596,6.515879961013794,0.3344768700051209,-0.7095114192772406,-0.10704498677418672,0.777333386739095,7.5,False,False,False,False,False,
NASDAQ:NESR,,https://www.tradingview.com/chart/?symbol=NASDAQ%3ANESR,False,,-72.29103312314056,-39.78078289043845,32.38999938964844,19.110000610351562,23.16684028625488,0.7725421663887196,65.34432714650774,56.48436371195483,0.6631943895104656,25.920000076293945,False,False,False,False,False,
NYSE:WK,,https://www.tradingview.com/chart/?symbol=NYSE%3AWK,False,,-24.8963773470023,-24.8963773470023,72.83000183105469,43.665000915527344,52.267412658691406,0.8001175044351959,58.60884086333272,54.74638484185136,0.6484771003468314,56.209999084472656,False,False,False,False,False,
NYSE:EFXT,,https://www.tradingview.com/chart/?symbol=NYSE%3AEFXT,False,,30.692056520176475,32.28106719224776,22.43000030517578,19.489999771118164,21.59747984313965,0.3292273721820153,-24.9453917191056,-17.116216259711983,0.38691509249112044,23.079999923706055,False,False,False,False,False,
NYSE:UE,,https://www.tradingview.com/chart/?symbol=NYSE%3AUE,False,,-79.38583990507966,-68.36851111654066,20.0049991607666,19.8799991607666,20.83107932281494,0.03101736444220001,-38.73670960752219,-45.81346426113173,0.1853299853350377,21.7450008392334,False,True,False,False,False,
NYSE:CWK,,https://www.tradingview.com/chart/?symbol=NYSE%3ACWK,True,2026-09-21 09:30,-59.887952549925245,-46.31314065391399,12.899999618530273,11.800000190734863,12.642520118713378,0.3081231153577374,-1.0867147640512862,-13.969585893694525,0.26651732533200967,13.395000457763672,False,False,False,False,False,
NYSE:HOG,,https://www.tradingview.com/chart/?symbol=NYSE%3AHOG,True,2026-09-21 13:30,-61.45782887686088,-61.45782887686088,26.190000534057617,17.18000030517578,19.84208001708984,0.7987589719795576,45.56009356042389,31.98592277317816,0.449402334974641,25.100000381469727,False,False,True,False,False,
NYSE:MPT,,https://www.tradingview.com/chart/?symbol=NYSE%3AMPT,True,2026-09-21 09:30,-73.85032547260892,-47.93747648763408,3.6700000762939453,3.390000104904175,3.8454801206588747,0.14507770036517573,-77.34533745291616,-77.98654474532782,0.41063832874047823,4.699999809265137,False,True,True,True,True,FULL PASS
NYSE:FCPT,,https://www.tradingview.com/chart/?symbol=NYSE%3AFCPT,False,,-85.25606356287881,-79.02772973842697,22.614999771118164,22.475000381469727,23.420180183410643,0.03495615954677005,-24.773146802208156,-44.84322313984166,0.15991212411923636,25.045000076293945,False,True,False,False,False,
TSX:ERO,,https://www.tradingview.com/chart/?symbol=TSX%3AERO,False,,-47.79032646702907,-6.35890628515289,48.689998626708984,32.20000076293945,37.78376072692871,0.6969568034706973,44.21254684488446,39.315793657570936,0.6063557039939645,39.02000045776367,False,False,False,False,False,
NYSE:DBRG,,https://www.tradingview.com/chart/?symbol=NYSE%3ADBRG,False,,-66.56510626444475,-24.021362591418267,15.90999984741211,15.329999923706055,15.483399833679199,0.8923080986070479,42.6697861004256,38.84352008496774,0.041335427838604714,15.725000381469727,False,False,False,False,False,
NASDAQ:KC,,https://www.tradingview.com/chart/?symbol=NASDAQ%3AKC,False,,-65.36033006380545,-14.133952199459108,10.25,8.515000343322754,10.803020046234131,0.17895821371416307,-29.70559882125823,-32.579384505290065,0.8240542675931425,11.765000343322754,False,True,False,False,False,
NYSE:SPNT,,https://www.tradingview.com/chart/?symbol=NYSE%3ASPNT,False,,14.014228427576176,39.4681397539884,25.18000030517578,20.21500015258789,21.66050015258789,0.8106122698102679,36.67549068241597,44.55057633306852,0.2609714605536805,23.469999313354492,False,False,False,False,False,
NYSE:BKD,,https://www.tradingview.com/chart/?symbol=NYSE%3ABKD,False,,-60.48605194625151,-60.48605194625151,11.390000343322754,11.385000228881836,12.527240264892578,0.0010330814634880677,-44.283109125897,-48.081582094633816,0.35276968355599286,13.720000267028809,False,True,False,False,False,
NYSE:NIC,,https://www.tradingview.com/chart/?symbol=NYSE%3ANIC,True,2026-09-21 09:30,-55.22467913585154,-55.22467913585154,166.0,132.0500030517578,143.17976391601562,0.7198896164530889,34.82019575657539,25.482380262770494,0.30179505229136694,156.26499938964844,False,False,False,False,False,
NASDAQ:GPCR,,https://www.tradingview.com/chart/?symbol=NASDAQ%3AGPCR,False,,-68.72104172159115,-58.24145606543507,36.81999969482422,34.66999816894531,39.99415849304199,0.09530148027492197,-30.91624292401026,-43.75315149837138,0.475247541461025,47.470001220703125,False,True,False,False,False,
TSX:SII,,https://www.tradingview.com/chart/?symbol=TSX%3ASII,False,,-34.611969939412774,-8.50929847817016,179.63999938964844,144.0800018310547,160.45604168701172,0.5124657424899556,20.196388837548408,22.582784886385102,0.3910397327867399,177.4499969482422,False,False,False,False,False,
NYSE:VTMX,,https://www.tradingview.com/chart/?symbol=NYSE%3AVTMX,False,,-50.865155230537106,-4.522905032476001,33.61000061035156,31.579999923706055,32.77415979766846,0.40118594879484576,0.971099477479252,-13.979589595726853,0.14760792433278405,34.279998779296875,False,False,False,False,False,
NASDAQ:MGRC,,https://www.tradingview.com/chart/?symbol=NASDAQ%3AMGRC,False,,11.052672271524557,14.857586527764438,111.69000244140625,103.48999786376953,108.17813916015625,0.41278642386776593,-17.87854207031327,-24.339112232730592,0.17426972423409384,113.98999786376953,False,False,False,False,False,
NASDAQ:BTDR,,https://www.tradingview.com/chart/?symbol=NASDAQ%3ABTDR,False,,-34.9575581239514,33.022571438834156,13.149999618530273,7.34499979019165,10.312699857711792,0.46163019453400916,-10.313065772078295,0.27089824705268306,1.043135625695775,12.055000305175781,False,False,False,False,False,
NASDAQ:IRON,,https://www.tradingview.com/chart/?symbol=NASDAQ%3AIRON,False,,-68.2627882573246,-47.04753442703714,68.47000122070312,58.279998779296875,64.06907849121093,0.41540982260490494,18.807890394470935,0.24577859909500432,0.34997859981390766,70.08999633789062,False,False,False,False,False,
NASDAQ:PATK,,https://www.tradingview.com/chart/?symbol=NASDAQ%3APATK,False,,-70.92372814731443,-61.78331576664474,69.06999969482422,68.73999786376953,81.08515908813476,0.006308579589482901,-67.30829671569656,-75.27388715265066,0.5976237394894259,87.52999877929688,False,True,False,True,False,"WATCH: weekly+band ok, waiting on 4h dot"
TSX:WDO,,https://www.tradingview.com/chart/?symbol=TSX%3AWDO,False,,-12.957191563853854,37.3414654191258,35.18000030517578,21.610000610351562,25.00840007019043,0.9423612397026337,66.97375871332116,65.83256467128274,0.536912672447218,26.81999969482422,False,False,False,False,False,
NYSE:TRN,,https://www.tradingview.com/chart/?symbol=NYSE%3ATRN,False,,-16.421149506578484,-16.421149506578484,27.889999389648438,27.780000686645508,30.208440452575683,0.010689865267771199,-41.55665713817461,-43.694417876968195,0.31710319772721635,32.45000076293945,False,True,False,False,False,
TSX:NG,,https://www.tradingview.com/chart/?symbol=TSX%3ANG,False,,-61.06425942460197,-27.309404214335355,10.319999694824219,7.269999980926514,9.176880075454712,0.37747519340378444,1.7370178422064975,-3.2689105762668453,0.733878313585086,11.010000228881836,False,False,False,False,False,
NYSE:GPOR,,https://www.tradingview.com/chart/?symbol=NYSE%3AGPOR,False,,-75.57261835997276,-75.57261835997276,156.25,149.85000610351562,165.5699662475586,0.0960815769079843,1.3182734855459295,-11.773125230989082,0.3840078290797532,173.4600067138672,False,True,False,False,False,
NYSE:UWMC,,https://www.tradingview.com/chart/?symbol=NYSE%3AUWMC,False,,-75.91262124579605,-55.788881112144885,1.2699999809265137,1.125,1.796420006752014,0.05096660086760897,-58.268593429408185,-57.37390778712802,1.208067942916417,2.3550000190734863,False,True,False,False,False,
NYSE:NP,,https://www.tradingview.com/chart/?symbol=NYSE%3ANP,False,,-71.06499809379007,-71.06499809379007,28.6200008392334,18.200000762939453,22.18840022277832,0.6165681353554091,31.51825151287444,12.76361243167233,0.5858900368687954,28.844999313354492,False,False,False,False,False,
NYSE:IVT,,https://www.tradingview.com/chart/?symbol=NYSE%3AIVT,False,,-83.95175821005121,-73.21819399644868,30.809999465942383,30.40999984741211,31.89916017150879,0.06339136790419611,-25.502701341846816,-35.33125931392263,0.19302544014595038,32.689998626708984,False,True,False,False,False,
TSX:DML,,https://www.tradingview.com/chart/?symbol=TSX%3ADML,False,,-68.40036560963155,-40.9345461345171,4.070000171661377,3.744999885559082,4.178059894561768,0.17711186885341323,-17.85205176864407,-29.66189265061528,0.3946236560242426,4.650000095367432,False,True,False,False,False,
TSX:AAUC,,https://www.tradingview.com/chart/?symbol=TSX%3AAAUC,False,,-68.9867499933231,3.424998698157276,31.399999618530273,24.0,28.63740036010742,0.37659028213227,-24.67608737508856,-23.000153834846927,0.5538331955863479,35.47999954223633,False,False,False,False,False,
NYSE:AMBP,,https://www.tradingview.com/chart/?symbol=NYSE%3AAMBP,False,,-65.04638565638545,-65.04638565638545,4.53000020980835,3.765000104904175,4.141420111656189,0.47962388161882474,36.28097188590016,21.024942874470966,0.36751151440839236,4.340000152587891,False,False,False,False,False,
NYSE:BXMT,,https://www.tradingview.com/chart/?symbol=NYSE%3ABXMT,False,,-47.33091018716888,-32.8793548941753,13.270000457763672,13.15999984741211,14.82615972137451,0.015580824174592115,-74.08875846273746,-71.71668429309102,0.39265848974900863,17.979999542236328,False,True,False,True,False,
NASDAQ:FRPT,,https://www.tradingview.com/chart/?symbol=NASDAQ%3AFRPT,False,,-71.85191377419913,-55.24375885909174,61.31999969482422,47.400001525878906,54.623961669921876,0.4547532796924514,33.67901971567783,20.62945089359599,0.5091060392574065,60.125,False,False,False,False,False,
NYSE:SII,,https://www.tradingview.com/chart/?symbol=NYSE%3ASII,False,,-42.18087582103062,-22.022020964679996,127.87799835205078,102.56749725341797,115.36400631713867,0.4667896712715302,18.36077225216583,19.75877994655523,0.4227545482221654,128.25999450683594,False,False,False,False,False,
NASDAQ:PENN,,https://www.tradingview.com/chart/?symbol=NASDAQ%3APENN,False,,-41.52450650474042,-41.52450650474042,16.110000610351562,13.680000305175781,15.701340431213378,0.2837128025285228,-32.6328367825133,-39.86336267317993,0.48037019465546577,17.829999923706055,False,False,False,False,False,
NYSE:ERO,,https://www.tradingview.com/chart/?symbol=NYSE%3AERO,False,,-49.13133053343291,-12.598706327460247,34.72999954223633,23.479999542236328,27.474299362182617,0.6646972234637363,41.86452830108417,36.455387371388554,0.6036019502299022,28.040000915527344,False,False,False,False,False,
NASDAQ:SOUN,,https://www.tradingview.com/chart/?symbol=NASDAQ%3ASOUN,False,,-71.1262561101211,-54.9490787926436,6.175000190734863,5.715000152587891,6.660203811645507,0.11485356405721237,-33.27106496021934,-41.06342930163302,0.5746198523391942,6.96999979019165,False,True,False,False,False,
TSX:RUS,,https://www.tradingview.com/chart/?symbol=TSX%3ARUS,False,,69.60773120548703,72.67156724037562,80.48999786376953,45.880001068115234,54.26272117614746,0.9743805278608753,64.70779852700484,65.78343712878495,0.5709234167105629,62.21500015258789,False,False,False,False,False,
NYSE:CTRI,,https://www.tradingview.com/chart/?symbol=NYSE%3ACTRI,False,,-69.39117960173256,-27.352518883828477,20.329999923706055,19.079999923706055,24.570540229797363,0.05372877413771491,-68.4305233682972,-66.04604869482094,0.7885104883491411,29.5049991607666,False,True,False,True,False,"WATCH: weekly+band ok, waiting on 4h dot"
NYSE:SDRL,,https://www.tradingview.com/chart/?symbol=NYSE%3ASDRL,False,,-39.229816546024686,-39.229816546024686,46.599998474121094,37.45500183105469,41.541341506958005,0.5281546271080803,38.95655322885678,34.47692104230201,0.37220546982645836,46.52000045776367,False,False,False,False,False,
AMEX:NG,,https://www.tradingview.com/chart/?symbol=AMEX%3ANG,False,,-63.10798300543676,-33.72324146853183,7.360000133514404,5.190000057220459,6.620160043716431,0.35808582455177895,2.327335302093742,-3.1114607334572537,0.7579737372761415,7.994999885559082,False,False,False,False,False,
NASDAQ:PLBL,,https://www.tradingview.com/chart/?symbol=NASDAQ%3APLBL,False,,-30.612044641015284,10.351801464773933,6.320000171661377,5.125,6.5115,0.20340428453810672,-50.10029992203058,-45.21621416312296,0.8216783107186922,7.150000095367432,False,True,False,False,False,
NYSE:PAGS,,https://www.tradingview.com/chart/?symbol=NYSE%3APAGS,False,,-39.28473737918091,-39.28473737918091,9.479999542236328,8.444999694824219,9.184859748840331,0.33014346789418386,14.484594307553081,20.148019898736663,0.33422176872422066,9.380000114440918,False,False,False,False,False,
NYSE:CC,,https://www.tradingview.com/chart/?symbol=NYSE%3ACC,True,2026-09-21 09:30,-69.51941610299167,-59.59229007360238,14.539999961853027,14.324999809265137,17.535779926300048,0.015803024237486415,-54.63923038128837,-54.878528714225055,0.675353695048809,20.145000457763672,False,True,True,False,False,"NEAR: 4h+band ok, weekly shallow"
NASDAQ:ESTA,,https://www.tradingview.com/chart/?symbol=NASDAQ%3AESTA,False,,-61.70404584747993,-61.70404584747993,67.62999725341797,54.04999923706055,64.03043855285645,0.32111607820589966,-20.58985066156757,-27.486860260521368,0.5864650775603967,72.11000061035156,False,False,False,False,False,
NASDAQ:VC,,https://www.tradingview.com/chart/?symbol=NASDAQ%3AVC,False,,-82.29754601858345,-82.29754601858345,91.88999938964844,84.43000030517578,93.80509994506836,0.18779104772861058,-46.0530216978182,-57.877628583728224,0.37994355466664936,104.55500030517578,False,True,False,False,False,
NASDAQ:WERN,,https://www.tradingview.com/chart/?symbol=NASDAQ%3AWERN,False,,-64.42457013143827,-64.42457013143827,35.03499984741211,26.864999771118164,31.688839897155763,0.399706451214661,-21.080798536335198,-31.983914246518488,0.5395987317239702,37.880001068115234,False,False,False,False,False,
NYSE:IHS,,https://www.tradingview.com/chart/?symbol=NYSE%3AIHS,False,,-32.727894945567876,-32.727894945567876,8.4350004196167,8.100000381469727,8.194400291442872,0.8375008940705243,59.8023182708352,57.92199107787554,0.04848480224609375,8.25,False,False,False,False,False,
NASDAQ:TBBK,,https://www.tradingview.com/chart/?symbol=NASDAQ%3ATBBK,False,,-46.56543450512407,-32.38466625884514,50.25,49.95500183105469,55.27090219116211,0.013096477201406179,-11.369962729721728,-27.6696270570828,0.37799968901159137,59.59000015258789,False,True,False,False,False,
NYSE:APAM,,https://www.tradingview.com/chart/?symbol=NYSE%3AAPAM,False,,-73.25469295859615,-51.92891726006665,36.790000915527344,33.970001220703125,36.2946008605957,0.2862944296116599,26.50196595052341,10.3909408093079,0.26322819230642197,37.41999816894531,False,False,False,False,False,
NASDAQ:FRSH,,https://www.tradingview.com/chart/?symbol=NASDAQ%3AFRSH,False,,-8.729286869788911,-8.729286869788911,12.460000038146973,7.545000076293945,9.049500076293945,0.7709803861730239,62.5207174401451,56.12733911933702,0.6710455583488437,9.500100135803223,False,False,False,False,False,
NASDAQ:TOWN,,https://www.tradingview.com/chart/?symbol=NASDAQ%3ATOWN,False,,-25.542828945301135,-25.542828945301135,36.70000076293945,32.400001525878906,33.926920913696286,0.6646060217997949,40.77611614884597,32.91894335827817,0.1809283475863558,35.7599983215332,False,False,False,False,False,
NASDAQ:FRME,,https://www.tradingview.com/chart/?symbol=NASDAQ%3AFRME,False,,-33.385330568445,-33.385330568445,40.880001068115234,36.41999816894531,38.50387860107422,0.505096486331895,-4.146047457021567,-13.93404559184679,0.21489417859003257,41.09000015258789,False,False,False,False,False,
NASDAQ:RARE,,https://www.tradingview.com/chart/?symbol=NASDAQ%3ARARE,False,,-45.82588662486227,-1.7638928648340808,14.649999618530273,12.90999984741211,18.319120315551757,0.07591621381010166,-53.45925735774432,-58.65436689729633,0.9204820214770524,24.899999618530273,False,True,False,False,False,
NASDAQ:SUPN,,https://www.tradingview.com/chart/?symbol=NASDAQ%3ASUPN,False,,-51.86074790324319,0.24695157461367678,42.77000045776367,40.97999954223633,43.65151947021484,0.15812729362049152,-61.43868125427738,-63.178304424091735,0.23829069445957896,47.505001068115234,False,True,False,True,False,
NASDAQ:UPST,,https://www.tradingview.com/chart/?symbol=NASDAQ%3AUPST,False,,-58.41308837417666,-38.55572200276519,25.579999923706055,24.219999313354492,27.19713925933838,0.10780821522210897,-49.732771362431286,-55.57933103914826,0.42546374143068133,29.649999618530273,False,True,False,False,False,
NASDAQ:STNE,,https://www.tradingview.com/chart/?symbol=NASDAQ%3ASTNE,False,,-46.45048756850715,-45.696970815433076,9.704999923706055,9.104999542236328,10.617759731292725,0.09360379196333844,-56.899551892817776,-57.99398026537685,0.5827273455533114,11.0,False,True,False,False,False,
AMEX:TGB,,https://www.tradingview.com/chart/?symbol=AMEX%3ATGB,False,,-34.811425591121015,23.037212058390796,8.675000190734863,5.724999904632568,6.660739828109741,0.744010221272904,50.08861495420484,47.059778654078876,0.5487888897006671,7.224999904632568,False,False,False,False,False,
NASDAQ:BEAM,,https://www.tradingview.com/chart/?symbol=NASDAQ%3ABEAM,False,,-55.36489883958979,-4.667080490428931,25.270000457763672,21.739999771118164,25.560839897155763,0.21803585980245807,-27.858113652862148,-34.57398335208045,0.5571232220094122,29.059999465942383,False,True,False,False,False,
NASDAQ:QURE,,https://www.tradingview.com/chart/?symbol=NASDAQ%3AQURE,False,,-62.77594179564139,-18.8819881631128,44.36000061035156,14.6899995803833,23.289839931488036,0.8142151432117012,40.9709870857425,33.91243501861258,1.207222200843404,30.184999465942383,False,False,False,False,False,
NYSE:OLN,,https://www.tradingview.com/chart/?symbol=NYSE%3AOLN,False,,-60.988583486535084,-60.988583486535084,16.53499984741211,16.53499984741211,19.745779739379884,0.0,-60.438105785199014,-60.100179254354074,0.5687708820586351,23.920000076293945,False,True,False,True,False,"WATCH: weekly+band ok, waiting on 4h dot"
AMEX:DNN,,https://www.tradingview.com/chart/?symbol=AMEX%3ADNN,False,,-68.34828600105119,-44.19715643936353,2.8949999809265137,2.6549999713897705,2.9912999601364136,0.1684210649597792,-14.742660857714275,-26.759201673867828,0.42921686173783163,3.319999933242798,False,True,False,False,False,
NYSE:ABM,,https://www.tradingview.com/chart/?symbol=NYSE%3AABM,False,,15.078757487099935,15.078757487099935,49.43000030517578,37.36000061035156,40.57550061035156,0.885871537234805,54.249908136020274,57.25795262931716,0.3083276855266721,44.189998626708984,False,False,False,False,False,
NASDAQ:ANDE,,https://www.tradingview.com/chart/?symbol=NASDAQ%3AANDE,False,,-19.54033948162716,-19.54033948162716,68.54000091552734,63.78499984741211,67.83593916320801,0.27701729514916656,-12.747626732555501,-12.190415125055653,0.24079394289144032,71.28500366210938,False,False,False,False,False,
NASDAQ:AGYS,,https://www.tradingview.com/chart/?symbol=NASDAQ%3AAGYS,True,2026-09-21 13:30,-68.26368229316199,-68.26368229316199,100.02999877929688,62.084999084472656,75.88037951660156,0.6491317852404144,29.790156247035725,15.737919792418067,0.6477008513136253,90.25,False,False,True,False,False,
NYSE:AAUC,,https://www.tradingview.com/chart/?symbol=NYSE%3AAAUC,False,,-71.66224702789317,-4.193956203507913,22.360000610351562,17.174999237060547,20.664259201049806,0.35069336670967716,-22.649261345459138,-23.108173661179546,0.5833497829144454,25.344999313354492,False,False,False,False,False,
NASDAQ:CENT,,https://www.tradingview.com/chart/?symbol=NASDAQ%3ACENT,False,,-24.6623462806987,-24.6623462806987,40.01499938964844,35.220001220703125,37.91040068054199,0.4206139589170407,0.8797419747108126,-12.10960619265549,0.2825145339273708,40.351898193359375,False,False,False,False,False,
NASDAQ:WIX,,https://www.tradingview.com/chart/?symbol=NASDAQ%3AWIX,False,,5.370002427386006,9.711196513211098,83.44999694824219,40.41999816894531,52.48667932128906,0.8415801813029268,41.59522145501447,43.372058352744475,0.7564729642417404,67.58999633789062,False,False,False,False,False,
NYSE:TNET,,https://www.tradingview.com/chart/?symbol=NYSE%3ATNET,False,,-13.073760188232901,-13.073760188232901,66.63999938964844,34.310001373291016,43.13994068908691,0.864091955673041,55.228893096786145,49.93590825526818,0.7916004989735466,47.26499938964844,False,False,False,False,False,
NASDAQ:VISN,,https://www.tradingview.com/chart/?symbol=NASDAQ%3AVISN,False,,-14.19267973076269,-14.19267973076269,6.480000019073486,6.059999942779541,9.266060064315795,0.030916456413136614,-7.756537115446754,-11.810752488256394,1.1158111131137618,12.175000190734863,False,True,False,False,False,
TSX:RGSI,,https://www.tradingview.com/chart/?symbol=TSX%3ARGSI,False,,-79.70201597490025,-26.64516246503148,23.469999313354492,22.770000457763672,24.660360511779785,0.087390616178364,-62.12824840689433,-64.4849633378255,0.2850533850584555,28.100000381469727,False,True,False,True,False,"WATCH: weekly+band ok, waiting on 4h dot"
NASDAQ:FLNC,,https://www.tradingview.com/chart/?symbol=NASDAQ%3AFLNC,False,,-83.2096997120265,-79.55532214138223,7.389999866485596,7.275000095367432,12.340740018844604,0.005357548234583981,-54.23820340359339,-58.04968078822225,1.4895905553812778,14.40999984741211,False,True,False,False,False,
NYSE:WOR,,https://www.tradingview.com/chart/?symbol=NYSE%3AWOR,False,,-19.77204472253026,-0.7774959520961241,58.209999084472656,46.779998779296875,50.478119247436524,0.7294191996342565,43.299572428213175,38.39424605068263,0.28142963178443015,55.68000030517578,False,False,False,False,False,
NASDAQ:KALU,,https://www.tradingview.com/chart/?symbol=NASDAQ%3AKALU,False,,-36.0410379099943,-33.772687526331765,150.99000549316406,106.91999816894531,127.85555975341796,0.4967873293749814,-21.824365846496942,-31.028343192330524,0.5398284289260136,164.3300018310547,False,False,False,False,False,
NASDAQ:WAFD,,https://www.tradingview.com/chart/?symbol=NASDAQ%3AWAFD,True,2026-09-21 09:30,-64.56248644928176,-63.26333630853429,32.275001525878906,30.75,32.80555978393555,0.17508630151265245,-29.6834787624429,-45.831241271096054,0.2444912023711623,35.625,False,True,True,False,False,
NASDAQ:TRMK,,https://www.tradingview.com/chart/?symbol=NASDAQ%3ATRMK,False,,-4.175163797445452,-4.175163797445452,46.41999816894531,40.279998779296875,42.30723881530761,0.7147845495437685,36.507350555963896,36.43714601307856,0.1896247306238428,45.29999923706055,False,False,False,False,False,
NASDAQ:ATRO,,https://www.tradingview.com/chart/?symbol=NASDAQ%3AATRO,False,,-74.65551121664407,-52.44927541668824,68.63999938964844,49.51316833496094,59.90114031982422,0.434534491957013,8.526960567765657,-7.138435477615499,0.6445574733376181,68.29000091552734,False,False,False,False,False,
NYSE:BCC,,https://www.tradingview.com/chart/?symbol=NYSE%3ABCC,False,,-27.744702422678802,-20.146279654883248,75.62000274658203,65.47000122070312,70.61480014038086,0.46559649803718034,6.226064065193138,-3.712961979987324,0.2877507234379807,75.76000213623047,False,False,False,False,False,
NASDAQ:DXPE,,https://www.tradingview.com/chart/?symbol=NASDAQ%3ADXPE,False,,-16.8928935247894,20.594437543296035,188.22000122070312,127.5999984741211,145.61151840209962,0.7942872509038164,51.397688329788174,48.58707734070664,0.46488396507310825,164.1699981689453,False,False,False,False,False,
NASDAQ:UNIT,,https://www.tradingview.com/chart/?symbol=NASDAQ%3AUNIT,True,2026-09-21 13:30,-59.98138483269913,-59.78934327753981,9.460000038146973,7.519999980926514,8.755460012435913,0.3705826184799124,-38.92449092571571,-45.17974302544063,0.4804956322681009,10.895000457763672,False,False,False,False,False,
NYSE:HLIO,,https://www.tradingview.com/chart/?symbol=NYSE%3AHLIO,False,,-60.64205413768038,-16.30270788029633,68.26499938964844,62.369998931884766,69.75207954406739,0.18845907828970354,-44.09439801184893,-49.571627606670816,0.4098801230860283,76.31500244140625,False,True,False,False,False,
NYSE:TDC,,https://www.tradingview.com/chart/?symbol=NYSE%3ATDC,False,,26.453708867002465,26.453708867002465,29.360000610351562,24.55500030517578,27.55809994506836,0.37760321267996527,-28.197421209568272,-22.467599907267637,0.4388687051494333,28.9950008392334,False,False,False,False,False,
NASDAQ:NBTB,,https://www.tradingview.com/chart/?symbol=NASDAQ%3ANBTB,False,,-20.86366562234213,-20.86366562234213,51.209999084472656,40.52000045776367,43.74612002563477,0.782004393460263,43.48246104390487,38.12321506764553,0.28809268596729265,47.45000076293945,False,False,False,False,False,
TSX:ATS,,https://www.tradingview.com/chart/?symbol=TSX%3AATS,False,,29.615586271907997,45.507556007179424,26.899999618530273,25.709999084472656,31.26543930053711,0.05055227220797068,-68.9267949909243,-64.62826524752629,0.5988298166664904,39.310001373291016,False,True,False,True,False,
TSX:FVI,,https://www.tradingview.com/chart/?symbol=TSX%3AFVI,False,,-51.694770179448504,-2.5146841499265467,16.489999771118164,11.289999961853027,12.807479808807372,0.8087092276379294,43.30595118975386,43.281961005404646,0.4759436893091487,13.510000228881836,False,False,False,False,False,
NASDAQ:OSW,,https://www.tradingview.com/chart/?symbol=NASDAQ%3AOSW,False,,-43.17119852406241,-16.865523663919348,22.540000915527344,20.389999389648438,22.34643960571289,0.25934876820723973,-37.77572813103043,-44.4842692760694,0.3364448506849425,24.639999389648438,False,False,False,False,False,
NASDAQ:DRH,,https://www.tradingview.com/chart/?symbol=NASDAQ%3ADRH,False,,-4.763348923230679,-4.763348923230679,12.260000228881836,9.21500015258789,10.225080089569092,0.7114486603437461,23.913645314972673,17.595557433652516,0.3604210301449424,11.875,False,False,False,False,False,
NYSE:WU,,https://www.tradingview.com/chart/?symbol=NYSE%3AWU,True,2026-09-21 13:30,-79.38989157144533,-79.38989157144533,6.204999923706055,6.184999942779541,7.021619848251342,0.0056417441992316,-49.712343296996984,-56.73162293817983,0.4406463102346975,8.045000076293945,False,True,True,False,False,"NEAR: 4h+band ok, weekly shallow"
NYSE:KMT,,https://www.tradingview.com/chart/?symbol=NYSE%3AKMT,False,,-3.9910246066804707,13.54410429059299,29.459999084472656,28.864999771118164,32.2645799331665,0.04130505275894226,-59.00927728135301,-57.92699190599503,0.4142939458440262,34.77000045776367,False,True,False,False,False,
NASDAQ:XRAY,,https://www.tradingview.com/chart/?symbol=NASDAQ%3AXRAY,False,,-70.0157562252886,-66.91665435722156,9.444999694824219,9.369999885559082,10.52875984954834,0.015274910711996563,-27.4077881431686,-38.27316160557531,0.4339372540432548,11.3149995803833,False,True,False,False,False,
NASDAQ:MGNI,,https://www.tradingview.com/chart/?symbol=NASDAQ%3AMGNI,False,,7.831159714646231,54.7657132052692,25.31999969482422,11.444999694824219,14.795019622802734,0.9774568720180461,66.53633804362632,65.52133227347299,0.814400427211069,17.43000030517578,False,False,False,False,False,
TSX:CEU,,https://www.tradingview.com/chart/?symbol=TSX%3ACEU,False,,-30.788127945760845,-30.788127945760845,18.860000610351562,15.149999618530273,16.31347969055176,0.7525356515548953,48.90439422000423,45.66898948732852,0.27388890584309894,18.0,False,False,False,False,False,
NASDAQ:RUN,,https://www.tradingview.com/chart/?symbol=NASDAQ%3ARUN,False,,-40.28964879262807,-4.923546745265752,8.795000076293945,8.274999618530273,10.270379600524903,0.06150212447734022,-61.82422648617353,-59.36117837025339,0.6774839930956422,12.479999542236328,False,True,False,True,False,
NASDAQ:RUM,,https://www.tradingview.com/chart/?symbol=NASDAQ%3ARUM,False,,1.3899233759467222,45.4537856324693,9.15999984741211,4.664999961853027,6.053860015869141,0.7638062380183022,33.69686984959491,39.844058387834785,0.8504335497108244,6.920000076293945,False,False,False,False,False,
NYSE:ATS,,https://www.tradingview.com/chart/?symbol=NYSE%3AATS,False,,-10.53099303781553,-9.823450263205114,19.174999237060547,18.459999084472656,22.519199264526367,0.04156977446934126,-67.03472868709883,-63.51054636363829,0.6149446258558605,27.969999313354492,False,True,False,True,False,
NYSE:WLY,,https://www.tradingview.com/chart/?symbol=NYSE%3AWLY,False,,-15.28983001928107,-15.28983001928107,47.31999969482422,36.189998626708984,40.87813902282715,0.5602819092726229,19.742763536320208,8.905840679630721,0.4469066667604965,44.45000076293945,False,False,False,False,False,
NYSE:KWR,,https://www.tradingview.com/chart/?symbol=NYSE%3AKWR,False,,-43.43951801452449,-25.103696764355913,155.4199981689453,114.48999786376953,128.3243185119629,0.6982258339720445,29.83136583211773,18.29191867948212,0.3976420964901857,147.41900634765625,False,False,False,False,False,
NYSE:DCO,,https://www.tradingview.com/chart/?symbol=NYSE%3ADCO,False,,-16.700117997219145,-11.991537128627035,168.08999633789062,117.08999633789062,138.38663763427735,0.5651595400652253,17.732946977714974,7.2551532754267525,0.5519603796021478,163.49000549316406,False,False,False,False,False,
NASDAQ:COHU,,https://www.tradingview.com/chart/?symbol=NASDAQ%3ACOHU,False,,-3.2180223653331006,45.468007578668484,60.63999938964844,27.239999771118164,38.265919609069826,0.7148972626158233,11.793286121026554,22.147799300322024,0.9214080983375579,50.70500183105469,False,False,False,False,False,
NASDAQ:VERA,,https://www.tradingview.com/chart/?symbol=NASDAQ%3AVERA,False,,-52.883271499591025,-8.936746395666285,34.27000045776367,28.889999389648438,32.696679641723634,0.3335400317331708,-22.100809753162327,-20.848555162818425,0.44980481856040605,35.86000061035156,False,False,False,False,False,
TSX:IPCO,,https://www.tradingview.com/chart/?symbol=TSX%3AIPCO,False,,-24.028386240741103,-24.028386240741103,34.869998931884766,29.479999542236328,31.759759506225585,0.5579709601229865,27.888865436034752,30.169999115778566,0.2741203004344576,35.2400016784668,False,False,False,False,False,
NASDAQ:PTON,,https://www.tradingview.com/chart/?symbol=NASDAQ%3APTON,False,,-58.4440731379217,-24.150526055834305,4.960000038146973,3.7200000286102295,4.398499972343445,0.4313043869105121,-33.33717262474385,-40.12087684890932,0.5324073538531665,5.400000095367432,False,False,False,False,False,
NYSE:NGVT,,https://www.tradingview.com/chart/?symbol=NYSE%3ANGVT,False,,-25.565467798136307,-15.114017012222094,68.9000015258789,63.470001220703125,66.88256100463867,0.37551871707976725,-21.567284552719,-26.913363007234707,0.20088911378301252,71.9800033569336,False,False,False,False,False,
TSX:MFI,,https://www.tradingview.com/chart/?symbol=TSX%3AMFI,False,,-42.02613063215793,-42.02613063215793,26.1299991607666,25.959999084472656,27.31463948059082,0.029616729369903907,-50.766980981062325,-51.28068309714753,0.19597137244962945,29.290000915527344,False,True,False,False,False,
NYSE:FSM,,https://www.tradingview.com/chart/?symbol=NYSE%3AFSM,False,,-55.08129723826892,-13.811189024572712,11.75,8.029999732971191,9.156899868011475,0.7790575541881676,41.5022598119266,40.87072169150709,0.4907503388337376,9.729999542236328,False,False,False,False,False,
NYSE:TNK,,https://www.tradingview.com/chart/?symbol=NYSE%3ATNK,False,,35.658904341771,35.658904341771,98.75,63.310001373291016,72.57182112121582,0.9030449634670675,75.53304061971913,75.94629521575571,0.5165854719137458,75.97000122070312,False,False,False,False,False,
NASDAQ:PLUG,,https://www.tradingview.com/chart/?symbol=NASDAQ%3APLUG,False,,-46.82486904480444,-17.178402741931773,2.0799999237060547,1.8600000143051147,2.4240400109291076,0.09205017184842185,-34.4947778862976,-35.949107094717704,0.9937629996368702,2.4049999713897705,False,True,False,False,False,
TSX:TKO,,https://www.tradingview.com/chart/?symbol=TSX%3ATKO,False,,-31.66040479308094,28.639826128341355,12.15999984741211,7.860000133514404,9.174520174026489,0.7719927435146082,52.45107936276437,50.273220291440715,0.5547808956996603,10.039999961853027,False,False,False,False,False,
NYSE:ATEN,,https://www.tradingview.com/chart/?symbol=NYSE%3AATEN,False,,40.12233363344189,40.12233363344189,26.940000534057617,20.670000076293945,24.809439842224123,0.3574686894132684,-26.241255581363294,-25.452504702193913,0.637586290885016,27.510000228881836,False,False,False,False,False,
TSX:EXE,,https://www.tradingview.com/chart/?symbol=TSX%3AEXE,False,,-29.44210629493965,-25.94121376860168,31.040000915527344,25.360000610351562,28.531840286254884,0.42261911350854264,-20.135982183614278,-23.819768345016083,0.4233070433609129,31.75,False,False,False,False,False,
NYSE:KD,,https://www.tradingview.com/chart/?symbol=NYSE%3AKD,False,,-48.518127122913256,-48.518127122913256,12.1850004196167,10.494999885559082,11.505079822540283,0.3948599624992062,10.673000236657565,-1.2442862520865159,0.33968250820576174,12.600000381469727,False,False,False,False,False,
NYSE:CUBI,,https://www.tradingview.com/chart/?symbol=NYSE%3ACUBI,False,,-44.23070466321713,-34.07300372326114,78.80000305175781,64.70500183105469,69.2350217590332,0.734305884073743,21.241664222448623,13.817582946985219,0.24969105294080285,76.875,False,False,False,False,False,
NASDAQ:FBNC,,https://www.tradingview.com/chart/?symbol=NASDAQ%3AFBNC,False,,-58.387591148345116,-47.727353863832256,62.75,52.26499938964844,55.612658813476564,0.7391612559002095,34.80755826442565,23.11913341907568,0.2321603586389909,61.099998474121094,False,False,False,False,False,
TSX:ARE,,https://www.tradingview.com/chart/?symbol=TSX%3AARE,False,,-4.216694255797269,53.366571388868614,51.02000045776367,39.93000030517578,43.92311987304687,0.6554374321944252,-9.870418713747112,4.809861306496638,0.37162307539175843,45.529998779296875,False,False,False,False,False,
NYSE:LCII,,https://www.tradingview.com/chart/?symbol=NYSE%3ALCII,False,,-72.4771853574985,-59.10035856952407,86.93000030517578,85.56999969482422,95.56105947875976,0.03212473461114056,-50.31065891427276,-63.2739290374389,0.3978105601661863,106.41999816894531,False,True,False,False,False,
NYSE:GRND,,https://www.tradingview.com/chart/?symbol=NYSE%3AGRND,False,,13.709231405623223,27.799019880284987,15.90999984741211,10.699999809265137,12.466459728240967,0.6960588212584908,25.92696359852197,26.83752252803204,0.5425878662762651,13.795000076293945,False,False,False,False,False,
NASDAQ:BLBD,,https://www.tradingview.com/chart/?symbol=NASDAQ%3ABLBD,False,,-67.29518077656509,-67.29518077656509,58.650001525878906,53.40999984741211,60.138359451293944,0.18379522928660072,-32.61640198903937,-37.12879067990559,0.43807617577430497,65.08000183105469,False,True,False,False,False,
NASDAQ:DJT,,https://www.tradingview.com/chart/?symbol=NASDAQ%3ADJT,False,,-54.561866913178285,4.1524742205373615,9.114999771118164,7.070000171661377,7.849980131149292,0.6187593663158463,0.4476586392732094,0.1580219910853673,0.36620498260772716,9.024999618530273,False,False,False,False,False,
NYSE:TALO,,https://www.tradingview.com/chart/?symbol=NYSE%3ATALO,False,,-30.03701603783193,-30.03701603783193,16.420000076293945,12.914999961853027,14.22361975479126,0.6321011125399507,58.61258326526697,53.04297494053868,0.36819382258428635,15.0600004196167,False,False,False,False,False,
NASDAQ:AVPT,,https://www.tradingview.com/chart/?symbol=NASDAQ%3AAVPT,False,,-0.7616663132699429,-0.7616663132699429,13.359999656677246,8.994999885559082,10.248159984588623,0.8220337902408773,52.621350886863155,49.81005734195721,0.48850050372779624,10.869999885559082,False,False,False,False,False,
NYSE:GRDN,,https://www.tradingview.com/chart/?symbol=NYSE%3AGRDN,False,,9.79451962865054,9.79451962865054,44.11000061035156,32.48400115966797,36.155217102050784,0.7473643374354326,28.27821038669569,38.5561771411,0.3979534329786774,39.09000015258789,False,False,False,False,False,
NYSE:SMR,,https://www.tradingview.com/chart/?symbol=NYSE%3ASMR,False,,-37.77336515118848,-24.3015359788469,8.800000190734863,7.565000057220459,9.09073998069763,0.19102864585542192,-32.10621003100923,-39.20856650008318,0.6413690203058835,10.079999923706055,False,True,False,False,False,
NYSE:BBT,,https://www.tradingview.com/chart/?symbol=NYSE%3ABBT,False,,-75.54162433088102,-75.54162433088102,28.75,27.56999969482422,28.77123973083496,0.23182716499052322,35.62712022660149,14.887374014250849,0.16793138377673789,30.309999465942383,False,True,False,False,False,
TSX:HPS.A,,https://www.tradingview.com/chart/?symbol=TSX%3AHPS.A,False,,-15.390264282850358,24.289553621751157,255.1999969482422,166.83999633789062,212.38563403320313,0.45784758319871166,-33.432155503756874,-31.514443449246617,0.7141693460691864,270.2300109863281,False,False,False,False,False,
TSX:EDR,,https://www.tradingview.com/chart/?symbol=TSX%3AEDR,False,,-57.413798167810945,-8.145050873698317,14.210000038146973,10.380000114440918,11.656760078430176,0.7079482498577421,26.257305961678952,24.245372766005737,0.4161538344163161,13.0,False,False,False,False,False,
NYSE:VVX,,https://www.tradingview.com/chart/?symbol=NYSE%3AVVX,False,,9.508286482663587,50.48763028950563,77.25,63.209999084472656,69.69999908447265,0.510545487837358,-11.10202028543762,-11.529557498352565,0.36525434540575985,75.29000091552734,False,False,False,False,False,
NYSE:RLX,,https://www.tradingview.com/chart/?symbol=NYSE%3ARLX,True,2026-09-21 09:30,-72.31586910721302,-64.80093275061473,1.7269999980926514,1.7100000381469727,1.866940029144287,0.02556385100881539,-69.63708910150841,-70.03583121677022,0.32839502742461085,2.0250000953674316,False,True,True,True,True,FULL PASS
NASDAQ:INTR,,https://www.tradingview.com/chart/?symbol=NASDAQ%3AINTR,False,,-48.554062314156646,-35.27855265998053,5.574999809265137,5.055600166320801,5.8814585990905766,0.1484253364390292,-24.660549510741806,-22.920538892390216,0.6123184681404369,5.715000152587891,False,True,False,False,False,
NASDAQ:DGII,,https://www.tradingview.com/chart/?symbol=NASDAQ%3ADGII,False,,-15.05671807463109,38.20766894150079,72.7300033569336,46.35499954223633,55.528319290161136,0.6785439809483002,23.719096084884328,19.539043612965656,0.5809295591758658,66.91000366210938,False,False,False,False,False,
NASDAQ:BRZE,,https://www.tradingview.com/chart/?symbol=NASDAQ%3ABRZE,False,,-40.02692004289175,-37.66053454227603,25.405000686645508,18.049999237060547,21.936919525146486,0.44656957525537855,39.43097043249009,24.675073141915846,0.6996601775762575,23.540000915527344,False,False,False,False,False,
NASDAQ:ALRM,,https://www.tradingview.com/chart/?symbol=NASDAQ%3AALRM,False,,-76.47597399793398,-76.47597399793398,53.15999984741211,41.95000076293945,45.66936036682129,0.7112944339058849,48.840538869117005,37.19080620314505,0.3389975855568297,46.4900016784668,False,False,False,False,False,
NASDAQ:OUST,,https://www.tradingview.com/chart/?symbol=NASDAQ%3AOUST,False,,-40.03229940410844,14.300227703222111,38.11000061035156,16.6200008392334,27.452400749206543,0.46819172003745385,-9.545758959908225,-11.851937063406993,1.2942337352614093,35.46500015258789,False,False,False,False,False,
NASDAQ:BUSE,,https://www.tradingview.com/chart/?symbol=NASDAQ%3ABUSE,False,,-34.01962631308586,-34.01962631308586,29.959999084472656,24.170000076293945,25.935279968261717,0.7740640858980119,44.029915555671344,36.88131525848012,0.26319491633202496,28.420000076293945,False,False,False,False,False,
NASDAQ:NYAX,,https://www.tradingview.com/chart/?symbol=NASDAQ%3ANYAX,False,,-71.87003932836818,-54.185488438025544,44.04999923706055,43.21009826660156,51.053535003662105,0.02527165522885382,-56.87965419726637,-60.218847703825794,0.5198639335143559,63.93000030517578,False,True,False,False,False,
NASDAQ:TARS,,https://www.tradingview.com/chart/?symbol=NASDAQ%3ATARS,False,,-37.22133796835015,-37.22133796835015,77.41000366210938,56.130001068115234,64.3074005279541,0.6141415295715021,54.42335828137542,52.05489618271345,0.537125973705732,64.51000213623047,False,False,False,False,False,
NASDAQ:TMDX,,https://www.tradingview.com/chart/?symbol=NASDAQ%3ATMDX,False,,7.003873247383813,16.720655186442954,87.13999938964844,62.0,76.80192028808594,0.40082906410005015,22.415054017779976,25.457802319843378,0.7571222114119686,82.83999633789062,False,False,False,False,False,
NASDAQ:TRVI,,https://www.tradingview.com/chart/?symbol=NASDAQ%3ATRVI,True,2026-09-21 13:30,-74.28823286445,-63.53536788931387,14.885000228881836,10.34000015258789,12.551319900512695,0.48505876140796134,-1.8305296184289048,-16.9518484326302,0.6209409434815572,15.09000015258789,False,False,True,False,False,
NASDAQ:CLOV,,https://www.tradingview.com/chart/?symbol=NASDAQ%3ACLOV,False,,-15.360823793594742,-15.360823793594742,4.534999847412109,1.7100000381469727,2.6044400291442873,0.7453825429285552,19.117550647705063,20.765610233122004,0.9077843805285982,4.175000190734863,False,False,False,False,False,
NYSE:ATKR,,https://www.tradingview.com/chart/?symbol=NYSE%3AATKR,False,,48.3122323603896,48.3122323603896,94.47000122070312,55.31999969482422,64.58299969482422,0.9974522681752588,53.647357938743816,52.06662251312301,0.5151256664768539,76.19499969482422,False,False,False,False,False,
NYSE:EXK,,https://www.tradingview.com/chart/?symbol=NYSE%3AEXK,False,,-57.3399891054514,-12.524940184397998,10.130000114440918,7.406899929046631,8.365791608810424,0.6702025445787136,25.144773131103207,22.49475009077781,0.4343239483484664,9.354999542236328,False,False,False,False,False,
NASDAQ:AXTI,,https://www.tradingview.com/chart/?symbol=NASDAQ%3AAXTI,False,,-10.92563474384722,45.71273404033224,79.87999725341797,36.93000030517578,61.45275936889648,0.41333845239220185,-9.550005365204859,-1.0067493719870662,1.5076900579422199,68.91999816894531,False,False,False,False,False,
NASDAQ:PGNY,,https://www.tradingview.com/chart/?symbol=NASDAQ%3APGNY,False,,-14.550540937584026,-14.550540937584026,26.860000610351562,16.170000076293945,19.990840202331544,0.660284137209873,0.12040846837939512,-1.1353107804350706,0.6270333356085595,25.81999969482422,False,False,False,False,False,
NYSE:PBI,,https://www.tradingview.com/chart/?symbol=NYSE%3APBI,False,,-26.995061601540773,-26.995061601540773,16.53499984741211,9.800000190734863,11.912200145721435,0.7525139441573062,12.22206460787605,4.260818386406067,0.5372148794260277,16.65999984741211,False,False,False,False,False,
NYSE:ROG,,https://www.tradingview.com/chart/?symbol=NYSE%3AROG,False,,-7.254630968818976,-7.254630968818976,129.85000610351562,98.19999694824219,114.34829766845704,0.4625503506566575,-15.458352394032866,-16.402231184048382,0.5154037803777896,132.75999450683594,False,False,False,False,False,
NYSE:WHR,,https://www.tradingview.com/chart/?symbol=NYSE%3AWHR,False,,-71.1410711067841,-57.66639237509697,32.650001525878906,31.979999542236328,38.00036004638672,0.026264285673697013,-46.61146537190313,-56.15065310902553,0.6206813402266431,41.099998474121094,False,True,False,False,False,
NYSE:DAC,,https://www.tradingview.com/chart/?symbol=NYSE%3ADAC,False,,59.847180780630346,59.847180780630346,159.63999938964844,107.17500305175781,120.16326391601562,0.9533023139237446,78.88437965997424,77.77834082325649,0.4247839201850841,129.55999755859375,False,False,False,False,False,
NASDAQ:CMPR,,https://www.tradingview.com/chart/?symbol=NASDAQ%3ACMPR,True,2026-09-21 09:30,-75.17329057213813,-74.70769806160939,79.62000274658203,69.5,78.08803985595704,0.2780984588161544,-33.43152384107734,-43.24840652007596,0.40433332655164933,90.0,False,False,True,False,False,
NASDAQ:PHVS,,https://www.tradingview.com/chart/?symbol=NASDAQ%3APHVS,False,,-38.208999253478964,-38.208999253478964,36.040000915527344,25.190000534057617,28.613180335998535,0.7480179944316725,68.59168246107171,61.049329219601496,0.44962801969783955,32.2599983215332,False,False,False,False,False,
NASDAQ:EFSC,,https://www.tradingview.com/chart/?symbol=NASDAQ%3AEFSC,False,,-67.59224468323717,-67.59224468323717,60.970001220703125,52.45000076293945,56.247240798950195,0.529521465317906,0.6249344428738498,-13.8440861414564,0.2575636279522837,62.470001220703125,False,False,False,False,False,
NASDAQ:PAYO,,https://www.tradingview.com/chart/?symbol=NASDAQ%3APAYO,False,,-28.341870828548547,-28.341870828548547,7.114999771118164,4.425000190734863,5.074000190734863,0.9781816655939276,38.28078878154307,35.35847639624099,0.3914590694188689,7.025000095367432,False,False,False,False,False,
NYSE:NTB,,https://www.tradingview.com/chart/?symbol=NYSE%3ANTB,False,,-44.35839617702979,-40.774780032390844,59.2400016784668,50.54999923706055,53.7147592010498,0.6480240522212434,23.413646652354913,12.164385789554736,0.2289372543362671,58.57500076293945,False,False,False,False,False,
NASDAQ:PONY,,https://www.tradingview.com/chart/?symbol=NASDAQ%3APONY,False,,-46.240192258058336,-11.072398139126697,6.864999771118164,6.565000057220459,7.918460088729859,0.052310323786141824,-44.22062797984339,-47.394420733977526,0.6972644215840895,8.225000381469727,False,True,False,False,False,
NYSE:NOG,,https://www.tradingview.com/chart/?symbol=NYSE%3ANOG,False,,-42.825454908690354,-42.825454908690354,23.790000915527344,17.3700008392334,20.546584030151365,0.4769653199504376,38.59742917979164,32.85148042509086,0.5507405062387234,24.440000534057617,False,False,False,False,False,
NYSE:COTY,,https://www.tradingview.com/chart/?symbol=NYSE%3ACOTY,True,2026-09-21 09:30,-73.18133040216567,-70.3610283992857,2.515000104904175,1.8450000286102295,2.1293800106048586,0.5560166960287575,29.367389170233878,15.822706330845586,0.5205183127091827,2.315000057220459,False,False,True,False,False,
NASDAQ:NMRK,,https://www.tradingview.com/chart/?symbol=NASDAQ%3ANMRK,True,2026-09-21 09:30,-67.17109724623141,-62.31867765395231,13.949999809265137,13.629199981689453,14.399928894042969,0.09823007557440049,-19.640631373363398,-33.37675674390938,0.2160635478350804,15.114999771118164,False,True,True,False,False,
NASDAQ:BANR,,https://www.tradingview.com/chart/?symbol=NASDAQ%3ABANR,False,,-18.72643019396799,-18.72643019396799,69.70999908447266,57.79999923706055,61.63735884094238,0.7324723909497354,48.90974489290645,42.11987702306379,0.24436426356794466,66.54000091552734,False,False,False,False,False,
NYSE:MAN,,https://www.tradingview.com/chart/?symbol=NYSE%3AMAN,False,,-34.525729203435105,-34.525729203435105,56.540000915527344,25.389999389648438,34.25415971374512,0.8293397334119835,64.18390448056181,56.95750339300846,1.1247192950572056,33.39500045776367,False,False,False,False,False,
NASDAQ:HIMX,,https://www.tradingview.com/chart/?symbol=NASDAQ%3AHIMX,False,,-21.540568425021977,20.136225257389995,14.614999771118164,7.460000038146973,11.405920101165771,0.4279305992046288,-9.673963788127306,-7.100606027229006,1.214630793187805,13.76550006866455,False,False,False,False,False,
NYSE:CTOS,,https://www.tradingview.com/chart/?symbol=NYSE%3ACTOS,False,,-11.681471057326318,33.03440073005738,9.380000114440918,5.835000038146973,7.304100128173828,0.5694778890048788,-24.68997307448153,-27.386767303347344,0.6391170973051357,9.739999771118164,False,False,False,False,False,
NASDAQ:SYBT,,https://www.tradingview.com/chart/?symbol=NASDAQ%3ASYBT,False,,-12.983356394846277,-12.983356394846277,78.83999633789062,62.064998626708984,68.18919880676269,0.6464353455873068,27.3175951513074,19.11766380362669,0.3507704729038425,73.9800033569336,False,False,False,False,False,
TSX:BYD,,https://www.tradingview.com/chart/?symbol=TSX%3ABYD,False,,-41.85802316545558,-41.85802316545558,112.05999755859375,112.05999755859375,138.52739971923828,0.0,-58.38609622904493,-60.9668648387796,0.7772542405825433,144.2899932861328,False,True,False,False,False,
NYSE:HE,,https://www.tradingview.com/chart/?symbol=NYSE%3AHE,False,,-73.97100839118632,-73.97100839118632,9.569999694824219,9.569999694824219,11.061519847869873,0.0,-81.18857392181249,-82.29660383798286,0.4684952376374044,13.489999771118164,False,True,False,True,False,"WATCH: weekly+band ok, waiting on 4h dot"
NASDAQ:SKWD,,https://www.tradingview.com/chart/?symbol=NASDAQ%3ASKWD,False,,-30.657153519875752,-30.657153519875752,56.279998779296875,41.310001373291016,47.06368162536621,0.6140277584148259,17.799997943780124,10.25714171837624,0.48296357545955654,50.47999954223633,False,False,False,False,False,
NASDAQ:DRVN,,https://www.tradingview.com/chart/?symbol=NASDAQ%3ADRVN,False,,-41.67596808222864,-41.67596808222864,12.09000015258789,10.300000190734863,11.524840091705322,0.34489404750989,-33.74906271409625,-40.61432395244064,0.397092555590385,13.069999694824219,False,False,False,False,False,
NYSE:PBH,,https://www.tradingview.com/chart/?symbol=NYSE%3APBH,True,2026-09-21 09:30,-58.74770765604773,-55.34104486689156,46.869998931884766,44.97999954223633,49.17843975830078,0.10623942059490404,-15.684910144883665,-29.839469042593244,0.3489946336057066,50.974998474121094,False,True,False,False,False,
NYSE:CEPU,,https://www.tradingview.com/chart/?symbol=NYSE%3ACEPU,False,,-28.97354370318566,-28.97354370318566,13.350000381469727,12.800000190734863,13.812440181732178,0.12820517380547844,-39.702995840500016,-43.720489709031284,0.2922343237513753,14.680000305175781,False,True,False,False,False,
TSX:BDGI,,https://www.tradingview.com/chart/?symbol=TSX%3ABDGI,False,,39.63713599356135,59.01653416483797,88.08999633789062,60.25,69.25811956787109,0.7293685531413239,-14.442653719694329,-10.883696680928436,0.44916447000623694,84.9800033569336,False,False,False,False,False,
NYSE:MTX,,https://www.tradingview.com/chart/?symbol=NYSE%3AMTX,False,,-53.94208787358135,-53.94208787358135,66.70999908447266,65.5,69.59459963989258,0.06974058737108631,-55.0653127290007,-63.296510118174176,0.2377689212536087,72.97000122070312,False,True,False,False,False,
NASDAQ:PPTA,,https://www.tradingview.com/chart/?symbol=NASDAQ%3APPTA,False,,-59.14819271946274,-12.291490004046471,23.670000076293945,16.81999969482422,20.850880126953125,0.4010538435080917,-0.7359597028870871,-1.8661881976619172,0.6804781502578834,25.100000381469727,False,False,False,False,False,
NASDAQ:ZLAB,,https://www.tradingview.com/chart/?symbol=NASDAQ%3AZLAB,False,,-11.764271475855573,41.06979571112178,26.420000076293945,16.399999618530273,18.911039924621583,0.9417292515360518,57.58782843553684,57.5478628506299,0.5275161753470887,20.170000076293945,False,False,False,False,False,
TSX:VNP,,https://www.tradingview.com/chart/?symbol=TSX%3AVNP,False,,-21.112327516565315,32.23540816298914,27.65999984741211,23.309999465942383,29.3586792678833,0.16972300132293944,-48.038913459818495,-45.66482807112788,0.7622304583127614,33.625,False,True,False,False,False,
NYSE:YSS,,https://www.tradingview.com/chart/?symbol=NYSE%3AYSS,False,,-25.61636415068665,35.3183526530637,9.755000114440918,7.460000038146973,15.932400173187256,0.063927577707919,-66.0466152903589,-60.941162646495364,1.5557962897172792,23.075000762939453,False,True,False,True,False,
NYSE:BGSI,,https://www.tradingview.com/chart/?symbol=NYSE%3ABGSI,False,,-44.68259584385464,-44.68259584385464,79.80999755859375,79.80999755859375,99.57499755859375,0.0,-56.48653766221236,-60.1617581703523,0.8124757325602687,103.08000183105469,False,True,False,False,False,
NASDAQ:VCEL,,https://www.tradingview.com/chart/?symbol=NASDAQ%3AVCEL,False,,10.84141722940227,10.84141722940227,39.54999923706055,29.34000015258789,33.81574018859863,0.538360084488554,-9.104757259386863,-15.338414545450515,0.49355889470770187,38.42499923706055,False,False,False,False,False,
NYSE:CALX,,https://www.tradingview.com/chart/?symbol=NYSE%3ACALX,False,,-21.6108106652992,-21.6108106652992,35.43000030517578,34.43000030517578,38.95411987304688,0.05216484587984797,-46.228066111396174,-49.511884760018454,0.485623784925862,39.474998474121094,False,True,False,False,False,
NYSE:RAMP,,https://www.tradingview.com/chart/?symbol=NYSE%3ARAMP,False,,-13.79929773403301,-12.538274582914582,37.599998474121094,25.53499984741211,28.50270002746582,0.9594431725417045,28.774202684327374,25.94677694813769,0.33430812712519903,37.6150016784668,False,False,False,False,False,
NYSE:HUN,,https://www.tradingview.com/chart/?symbol=NYSE%3AHUN,False,,-68.92435818269911,-68.92435818269911,8.869999885559082,8.869999885559082,10.54090349960327,0.0,-51.287428728835756,-52.93507633921199,0.5870729529986454,12.0600004196167,False,True,False,False,False,
NASDAQ:PLSE,,https://www.tradingview.com/chart/?symbol=NASDAQ%3APLSE,False,,-15.519189134003634,-2.055042278789903,53.310001373291016,17.899999618530273,27.268019996643066,0.8920519039057665,86.55202162039343,81.54867861888818,1.5290833205735919,25.959999084472656,False,False,False,False,False,
NASDAQ:CLDX,,https://www.tradingview.com/chart/?symbol=NASDAQ%3ACLDX,False,,-14.66982940598225,-13.123252973541474,37.88999938964844,28.56999969482422,32.41679951477051,0.5717791491446067,38.730371795990685,34.082726912482485,0.48068414362745876,33.90999984741211,False,False,False,False,False,
NASDAQ:SLDE,,https://www.tradingview.com/chart/?symbol=NASDAQ%3ASLDE,False,,-3.372382260933943,-3.372382260933943,24.209999084472656,16.049999237060547,18.51147930908203,0.7823585434952282,71.25451817307828,69.19021598374303,0.5519978858158879,18.895000457763672,False,False,False,False,False,
NASDAQ:NWL,,https://www.tradingview.com/chart/?symbol=NASDAQ%3ANWL,True,2026-09-21 13:30,-62.033240410348554,-61.98426385256715,5.605000019073486,3.2674999237060547,4.0044099102020265,0.7485989233635246,38.98994432972494,27.232809279259733,0.6333671504065351,4.929999828338623,False,False,True,False,False,
NASDAQ:RNW,,https://www.tradingview.com/chart/?symbol=NASDAQ%3ARNW,False,,-3.012001734502918,-3.012001734502918,6.840000152587891,4.480000019073486,5.0464000415802,0.9833333498901784,61.65950413244153,59.09647231247437,0.3896104147430622,6.159999847412109,False,False,False,False,False,
NASDAQ:ANAB,,https://www.tradingview.com/chart/?symbol=NASDAQ%3AANAB,False,,-53.01254470350356,-16.399491971168313,55.0,36.88999938964844,44.663839965820316,0.5497874701911657,-13.686301987622537,-19.679199086644353,0.5900053978340337,55.83000183105469,False,False,False,False,False,
NASDAQ:PLUS,,https://www.tradingview.com/chart/?symbol=NASDAQ%3APLUS,False,,9.807177458719702,9.807177458719702,92.31999969482422,73.12000274658203,78.72618209838868,0.8082508595314449,46.84307346682096,50.08209954071421,0.278716371204806,85.2300033569336,False,False,False,False,False,
NYSE:AGM,,https://www.tradingview.com/chart/?symbol=NYSE%3AAGM,False,,-49.999199604508895,-49.999199604508895,219.19000244140625,137.06500244140625,162.87278143310547,0.7509944969008702,51.76848364846376,45.663151089311846,0.5953884511228175,183.6699981689453,False,False,False,False,False,
NASDAQ:LMAT,,https://www.tradingview.com/chart/?symbol=NASDAQ%3ALMAT,False,,-42.4315342663046,-42.4315342663046,79.22000122070312,78.80999755859375,87.90071856689453,0.010643915281247735,-56.090290354678665,-55.42227343526909,0.38920888953574245,98.97000122070312,False,True,False,False,False,
NYSE:SHAK,,https://www.tradingview.com/chart/?symbol=NYSE%3ASHAK,False,,-75.44360894605377,-65.4946469863629,56.959999084472656,52.29999923706055,64.66639869689942,0.08893129868243699,-7.31605112835527,-20.643250997622523,0.7995117024596706,65.54000091552734,False,True,False,False,False,
TSX:HWX,,https://www.tradingview.com/chart/?symbol=TSX%3AHWX,False,,-26.3732592840587,-26.3732592840587,13.489999771118164,11.4399995803833,12.197559589385985,0.6386293353187188,51.96407310879323,45.29819008317704,0.24883721961789448,12.899999618530273,False,False,False,False,False,
TSX:SVM,,https://www.tradingview.com/chart/?symbol=TSX%3ASVM,False,,-59.351737366094596,-6.655500084153836,16.649999618530273,12.270000457763672,14.453000457763672,0.47351342278557856,19.689968652403273,18.55202670289158,0.5774032294435566,16.020000457763672,False,False,False,False,False,
NASDAQ:PDFS,,https://www.tradingview.com/chart/?symbol=NASDAQ%3APDFS,False,,-30.750916498785415,5.594968189724985,46.709999084472656,30.90999984741211,40.31341923522949,0.3965365859122632,-25.53000465593406,-26.86930483720861,0.8574348258948243,46.470001220703125,False,False,False,False,False,
NASDAQ:HTO,,https://www.tradingview.com/chart/?symbol=NASDAQ%3AHTO,False,,-29.081187793757465,-26.409571033892647,62.619998931884766,55.16999816894531,57.58899816894531,0.7268293427258004,48.05511996945635,40.8443797144543,0.17186452221491919,59.63999938964844,False,False,False,False,False,
NASDAQ:GCMG,,https://www.tradingview.com/chart/?symbol=NASDAQ%3AGCMG,False,,-50.27524325531598,20.376442930316212,13.289999961853027,9.460000038146973,10.564480110168457,0.8183759987088718,41.302487996007365,37.78050303956838,0.40034221327340114,11.6899995803833,False,False,False,False,False,
NYSE:HNI,,https://www.tradingview.com/chart/?symbol=NYSE%3AHNI,False,,-52.74654147599286,-52.7438710423566,46.2400016784668,29.290000915527344,34.20824095153809,0.8133397619401945,45.9937145246945,38.86440695813811,0.5530785558333787,37.68000030517578,False,False,False,False,False,
NASDAQ:NWBI,,https://www.tradingview.com/chart/?symbol=NASDAQ%3ANWBI,False,,-22.794141926088514,-22.794141926088514,15.305000305175781,12.095000267028809,13.035460186004638,0.8055207816061696,43.95993097159894,38.849404363134134,0.2729451748326661,14.600000381469727,False,False,False,False,False,
NASDAQ:KOD,,https://www.tradingview.com/chart/?symbol=NASDAQ%3AKOD,False,,-51.27774564877361,-47.86758557266362,32.459999084472656,21.309999465942383,27.235959159851074,0.4440462044785703,-25.568751006299397,-35.11978462344906,0.6436811018559417,39.0099983215332,False,False,False,False,False,
NYSE:HCI,,https://www.tradingview.com/chart/?symbol=NYSE%3AHCI,False,,-0.272534832915988,1.230427261911225,183.9600067138672,148.60000610351562,158.70316552734374,0.8259753007917034,52.05707620122663,47.58233803980429,0.25989556363124344,164.72000122070312,False,False,False,False,False,
TSX:NFI,,https://www.tradingview.com/chart/?symbol=TSX%3ANFI,False,,8.22495091287896,15.20298408873903,23.75,16.8799991607666,19.03703946685791,0.7516411230149961,11.259369971201876,6.961204960307776,0.40087726328255047,22.799999237060547,False,False,False,False,False,
NYSE:CDLR,,https://www.tradingview.com/chart/?symbol=NYSE%3ACDLR,False,,-9.24699891922878,31.503345864906578,25.979999542236328,21.1200008392334,23.12954069519043,0.5707573753805738,35.575460777092864,40.96256838962435,0.35398043157855674,24.05500030517578,False,False,False,False,False,
NASDAQ:LUNR,,https://www.tradingview.com/chart/?symbol=NASDAQ%3ALUNR,False,,-53.28290898224108,-7.952895596780221,15.734999656677246,11.385000228881836,19.476259742736815,0.12687763421774195,-31.25991871980898,-31.232663423801682,1.775964641185293,19.30500030517578,False,True,False,False,False,
NYSE:MNR,,https://www.tradingview.com/chart/?symbol=NYSE%3AMNR,False,,-86.580634934699,-65.37366022798267,10.949999809265137,10.890000343322754,11.850520271301269,0.014741884629299502,-35.95988071480884,-59.24492844278036,0.3104500229907533,13.109999656677246,False,True,False,False,False,
NYSE:HTH,,https://www.tradingview.com/chart/?symbol=NYSE%3AHTH,False,,-10.938422417173877,-8.20201022126882,38.75,34.310001373291016,35.72482112121582,0.7406170838654503,28.526426655613438,24.615459199558796,0.15763868325834338,38.029998779296875,False,False,False,False,False,
NYSE:OFG,,https://www.tradingview.com/chart/?symbol=NYSE%3AOFG,False,,-18.17323931541586,-15.992887366076056,52.22999954223633,38.5099983215332,42.152658645629884,0.8888888888888888,50.027000617353856,45.641536204049835,0.3252898024260188,47.45000076293945,False,False,False,False,False,
NASDAQ:MBIN,,https://www.tradingview.com/chart/?symbol=NASDAQ%3AMBIN,True,2026-09-21 09:30,-59.37030915621752,-53.27290186114851,52.290000915527344,41.2400016784668,44.80006146240234,0.7325157379979274,45.90224457844132,37.68442163510916,0.3084866792179824,48.900001525878906,False,False,False,False,False,
NYSE:WTTR,,https://www.tradingview.com/chart/?symbol=NYSE%3AWTTR,False,,3.9871014724058877,25.741792995957862,20.610000610351562,13.890000343322754,15.870040424346923,0.8009535151422219,46.00607553534699,46.72858384874947,0.45107527802425756,18.600000381469727,False,False,False,False,False,
NYSE:BKE,,https://www.tradingview.com/chart/?symbol=NYSE%3ABKE,False,,-57.28168388991219,-18.08018827383354,40.790000915527344,39.66999816894531,43.67255885314941,0.06603788650512836,-48.413831281489024,-53.719220224420226,0.37647065896546594,45.04999923706055,False,True,False,False,False,
NYSE:AERO,,https://www.tradingview.com/chart/?symbol=NYSE%3AAERO,False,,-35.888922573571456,16.63710761167576,15.949999809265137,12.359999656677246,13.797239917755126,0.5894908867744502,-24.718234505962172,-15.180768317312866,0.3913882353489182,15.5600004196167,False,False,False,False,False,
NASDAQ:SLS,,https://www.tradingview.com/chart/?symbol=NASDAQ%3ASLS,False,,-63.44234159837001,-48.23333628444192,11.380000114440918,3.9760000705718994,6.687404089927673,0.6444425094450715,37.86781725430728,24.943795034196903,1.2801113753417555,8.975000381469727,False,False,False,False,False,
NASDAQ:IMOS,,https://www.tradingview.com/chart/?symbol=NASDAQ%3AIMOS,False,,-30.999383975926445,49.32913348773058,65.18000030517578,34.89500045776367,44.72086006164551,0.7273928442011972,11.677506924417164,26.318059974728342,0.7564498115730871,55.040000915527344,False,False,False,False,False,
NASDAQ:LCID,,https://www.tradingview.com/chart/?symbol=NASDAQ%3ALCID,False,,-54.127813491880154,-22.568505357133166,4.324999809265137,2.9800000190734863,4.793660005569458,0.17501623945428235,-50.240074478298396,-53.397660428814504,1.2325581039639584,6.235000133514404,False,True,False,False,False,
NYSE:ELPC,,https://www.tradingview.com/chart/?symbol=NYSE%3AELPC,False,,21.65765765039063,33.27540236102811,12.65999984741211,10.324999809265137,11.09081978225708,0.7195686041587255,16.096055098987144,27.514824727285813,0.277253268612665,11.704099655151367,False,False,False,False,False,
AMEX:SVM,,https://www.tradingview.com/chart/?symbol=AMEX%3ASVM,False,,-60.69965594228839,-12.079187241248349,11.859999656677246,8.729999542236328,10.37727965927124,0.44842405330410556,19.217953031284935,17.1130962046697,0.6001720057804307,11.630000114440918,False,False,False,False,False,
NYSE:SHO,,https://www.tradingview.com/chart/?symbol=NYSE%3ASHO,False,,-1.183003686100008,3.6786276421540633,11.09000015258789,8.890000343322754,9.622780235290527,0.7085346646075898,-1.9072048650855071,-6.278214207093834,0.2827868553447976,10.979999542236328,False,False,False,False,False,
NASDAQ:SPSC,,https://www.tradingview.com/chart/?symbol=NASDAQ%3ASPSC,False,,-26.734336635894284,-21.065762573969717,81.66999816894531,49.15999984741211,57.71500074768066,0.8968274455284965,65.72465713553017,60.72470073448725,0.6206129756787415,58.40999984741211,False,False,False,False,False,
NASDAQ:VNET,,https://www.tradingview.com/chart/?symbol=NASDAQ%3AVNET,False,,-46.05239751496517,29.2365569029697,7.239999771118164,5.945000171661377,7.250080221176147,0.2341771338742259,-55.96873753463992,-47.91645712764881,0.6630695573899238,8.34000015258789,False,True,False,False,False,
NYSE:GTY,,https://www.tradingview.com/chart/?symbol=NYSE%3AGTY,False,,-97.88138956894166,-85.1422701947968,29.469999313354492,29.469999313354492,31.15267911529541,0.0,-30.241609699121554,-46.55044371061206,0.2148560755072076,33.185001373291016,False,True,False,False,False,
NASDAQ:IMNM,,https://www.tradingview.com/chart/?symbol=NASDAQ%3AIMNM,False,,-70.45016200606436,-42.28018986643204,25.09000015258789,17.920000076293945,20.72839998626709,0.6025210341292,38.051680965513,27.86634398857223,0.5253863054723727,22.649999618530273,False,False,False,False,False,
NASDAQ:HSAI,,https://www.tradingview.com/chart/?symbol=NASDAQ%3AHSAI,False,,-41.6877226539121,-29.11876922950607,17.364999771118164,14.59000015258789,16.983040008544922,0.27366861790575364,-17.007109249204515,-20.832382567674415,0.5415219857449503,18.725000381469727,False,False,False,False,False,
NASDAQ:LILA,,https://www.tradingview.com/chart/?symbol=NASDAQ%3ALILA,False,,-28.43494345663045,-25.400481472794976,8.765000343322754,4.795000076293945,5.768500076293945,0.962424307158499,56.86575580954652,53.696068516090264,0.7118205255724597,5.795000076293945,False,False,False,False,False,
NYSE:LTC,,https://www.tradingview.com/chart/?symbol=NYSE%3ALTC,False,,29.92661340278649,29.92661340278649,42.900001525878906,34.7400016784668,36.809720886230465,0.9304450365854401,61.36376936312207,64.74154427229831,0.22573994819866747,38.849998474121094,False,False,False,False,False,
NYSE:NWN,,https://www.tradingview.com/chart/?symbol=NYSE%3ANWN,False,,-46.7345828127009,-46.7345828127009,48.08000183105469,47.65999984741211,49.59047991943359,0.05134498385982061,-39.06500065568213,-48.89487632771482,0.16241437570869938,50.3650016784668,False,True,False,False,False,
NYSE:PRKS,,https://www.tradingview.com/chart/?symbol=NYSE%3APRKS,True,2026-09-21 13:30,-68.07500165761799,-68.07500165761799,33.97999954223633,29.670000076293945,34.09971973419189,0.22962172609475673,-32.684561252796904,-45.34067725987203,0.4681381214355249,40.095001220703125,False,True,True,False,False,
NYSE:KSS,,https://www.tradingview.com/chart/?symbol=NYSE%3AKSS,False,,-49.73573258781454,-19.584915589469038,17.424999237060547,11.625,13.639259963989257,0.6795546972176174,14.708831362857405,5.669412460281839,0.5185297887084027,16.459999084472656,False,False,False,False,False,
NYSE:CBZ,,https://www.tradingview.com/chart/?symbol=NYSE%3ACBZ,False,,-4.342476956170093,24.457913191810672,54.68000030517578,24.3799991607666,31.671219718933106,0.9807411822251543,63.744154502528005,59.238710277498235,0.9174462677080404,33.67499923706055,False,False,False,False,False,
NYSE:RDW,,https://www.tradingview.com/chart/?symbol=NYSE%3ARDW,False,,-10.918150961871442,24.488041528331383,11.600000381469727,7.699999809265137,11.975139980316161,0.215291218115547,-11.298969812087028,-9.402017137293456,1.6945745028872068,10.6899995803833,False,True,False,False,False,
NASDAQ:AGIO,,https://www.tradingview.com/chart/?symbol=NASDAQ%3AAGIO,False,,-31.839879267425342,-12.75326087331817,33.939998626708984,24.459999084472656,29.073798904418943,0.4849104814421312,2.36110647142006,0.7610840914604329,0.5926936145311225,32.98500061035156,False,False,False,False,False,
NYSE:CCU,,https://www.tradingview.com/chart/?symbol=NYSE%3ACCU,False,,-62.33218281678702,-62.33218281678702,11.109999656677246,10.744999885559082,11.213459804534912,0.18387900969673152,7.307631607102128,-12.264807885186341,0.17119444682737361,11.595000267028809,False,True,False,False,False,
NASDAQ:NEOG,,https://www.tradingview.com/chart/?symbol=NASDAQ%3ANEOG,False,,82.43626682473338,82.93603161121307,13.604999542236328,8.194999694824219,9.471759658813477,1.0,73.40304969846142,77.46107700738108,0.5743099579188681,9.420000076293945,False,False,False,False,False,
NASDAQ:CHA,,https://www.tradingview.com/chart/?symbol=NASDAQ%3ACHA,False,,-6.384730966587192,-6.384730966587192,12.220000267028809,9.170000076293945,10.121080013275147,0.7568239188160428,19.254351541700377,28.829709326512802,0.36603084915471196,11.010000228881836,False,False,False,False,False,
NYSE:GRC,,https://www.tradingview.com/chart/?symbol=NYSE%3AGRC,False,,-56.11015658672752,-9.0503763733121,73.7300033569336,57.310001373291016,65.5351672821045,0.4711297633507134,-27.553313614316682,-33.470063319506025,0.45684096867808066,76.29000091552734,False,False,False,False,False,
NASDAQ:GT,,https://www.tradingview.com/chart/?symbol=NASDAQ%3AGT,True,2026-09-21 13:30,-65.82872614123367,-60.61545407358068,5.010000228881836,4.997099876403809,5.579524341583252,0.005227258411743497,-47.8833354703305,-57.57538971651631,0.38351208984130847,6.434999942779541,False,True,True,False,False,"NEAR: 4h+band ok, weekly shallow"
NASDAQ:ASTH,,https://www.tradingview.com/chart/?symbol=NASDAQ%3AASTH,False,,-72.44542773737385,-72.44542773737385,33.5099983215332,23.25,29.612559783935545,0.3805637488853754,-16.641187408113698,-30.260206455258803,0.7124735458709783,37.84000015258789,False,False,False,False,False,
NASDAQ:HTFL,,https://www.tradingview.com/chart/?symbol=NASDAQ%3AHTFL,False,,5.98793025672322,44.645919274994526,50.33000183105469,20.489999771118164,27.72339968109131,0.9735726731264283,58.32265381490697,58.29394185475381,1.0421625221880875,29.40999984741211,False,False,False,False,False,
NYSE:AIN,,https://www.tradingview.com/chart/?symbol=NYSE%3AAIN,False,,-8.408349012667982,-8.408349012667982,59.279998779296875,48.9900016784668,55.56024171447754,0.36961196280286523,-21.058536651042655,-24.510093817808414,0.4523886860320715,61.540000915527344,False,False,False,False,False,
NYSE:IMAX,,https://www.tradingview.com/chart/?symbol=NYSE%3AIMAX,False,,-6.166710635803973,18.883866592984514,54.05500030517578,33.09000015258789,38.23952008056641,0.9608157857839412,64.32314826935941,63.166301756043666,0.5547927454606754,39.33000183105469,False,False,False,False,False,
NYSE:BBUC,,https://www.tradingview.com/chart/?symbol=NYSE%3ABBUC,False,,-60.47365212448313,-46.788083835405,25.760000228881836,25.559999465942383,27.783119483947754,0.02123150332480021,-81.31878779145659,-81.68174187137163,0.2986683513904535,31.540000915527344,False,True,False,True,False,"WATCH: weekly+band ok, waiting on 4h dot"
NASDAQ:MLCO,,https://www.tradingview.com/chart/?symbol=NASDAQ%3AMLCO,False,,-85.7398098250854,-54.50753381937516,4.71999979019165,4.570000171661377,4.913380153656006,0.10309252673237734,-63.89006569882972,-73.23187130672602,0.2647861608750548,5.494999885559082,False,True,False,True,False,"WATCH: weekly+band ok, waiting on 4h dot"
NYSE:FCF,,https://www.tradingview.com/chart/?symbol=NYSE%3AFCF,False,,-15.164787960725613,-15.164787960725613,21.03499984741211,16.600000381469727,17.912160255432127,0.797661851068304,47.23647023444537,43.0860527242705,0.28266392701458243,19.670000076293945,False,False,False,False,False,
NYSE:MD,,https://www.tradingview.com/chart/?symbol=NYSE%3AMD,False,,-74.74067688382296,-72.26280067696551,25.770000457763672,19.459999084472656,21.324399444580077,0.7987341967746017,44.579927297344376,33.17930880671551,0.3291667302449544,24.0,False,False,False,False,False,
NASDAQ:MESO,,https://www.tradingview.com/chart/?symbol=NASDAQ%3AMESO,False,,-64.02256343368848,-18.931219065218187,15.494999885559082,13.125,14.44541983795166,0.42359252482877324,15.490977619178723,4.435417560029992,0.3731243318476281,14.994999885559082,False,False,False,False,False,
NYSE:STC,,https://www.tradingview.com/chart/?symbol=NYSE%3ASTC,False,,-77.74382755008999,-77.74382755008999,62.88999938964844,57.5099983215332,60.99571842956543,0.3642519229095421,-6.296644332064802,-26.077164314362804,0.21930216469773153,67.3499984741211,False,False,False,False,False,
NASDAQ:MCRI,,https://www.tradingview.com/chart/?symbol=NASDAQ%3AMCRI,False,,0.38059869374038574,0.38059869374038574,120.05000305175781,94.09400177001953,103.40089706420898,0.6581804252503649,-2.595027201508756,-8.506995848859836,0.3262878366044358,120.86260223388672,False,False,False,False,False,
NYSE:NMM,,https://www.tradingview.com/chart/?symbol=NYSE%3ANMM,False,,38.24184581934414,38.24184581934414,91.06999969482422,58.88999938964844,67.16651931762695,0.917593401345967,82.89911167853047,79.2884620811052,0.47965534732241794,73.11499786376953,False,False,False,False,False,
NYSE:NUVB,,https://www.tradingview.com/chart/?symbol=NYSE%3ANUVB,False,,-70.16582367051657,-31.85866627173714,6.054999828338623,4.059999942779541,4.8175599517822265,0.6214952840657066,35.7734645095179,22.696766716046263,0.6167147137749417,5.204999923706055,False,False,False,False,False,
NASDAQ:BAND,,https://www.tradingview.com/chart/?symbol=NASDAQ%3ABAND,False,,-5.200703115825301,12.226408981567197,54.369998931884766,14.90999984741211,29.91723988342285,0.6205378045256503,-3.754163725873345,-0.8897071950213347,1.2678696381274115,50.154998779296875,False,False,False,False,False,
NASDAQ:IOSP,,https://www.tradingview.com/chart/?symbol=NASDAQ%3AIOSP,False,,-37.0150617267714,-12.596561414980348,92.55000305175781,65.94000244140625,72.97398251342773,0.8928032322727609,64.69359067977912,58.47338156993395,0.3633869973791978,82.0199966430664,False,False,False,False,False,
NASDAQ:AXGN,,https://www.tradingview.com/chart/?symbol=NASDAQ%3AAXGN,False,,-14.123954707637282,2.4479853613237252,45.90999984741211,30.700000762939453,35.71972087097168,0.7150916199872915,33.92661233172481,27.224432523917553,0.5057061284660482,42.060001373291016,False,False,False,False,False,
NASDAQ:URGN,,https://www.tradingview.com/chart/?symbol=NASDAQ%3AURGN,False,,-27.966528384167663,2.356833024829406,43.189998626708984,16.959999084472656,24.89667933654785,0.7799583321186724,48.960872273379756,42.612412605393104,1.0522528795832766,31.959999084472656,False,False,False,False,False,
NASDAQ:ADUS,,https://www.tradingview.com/chart/?symbol=NASDAQ%3AADUS,False,,-25.903965652558202,-25.903965652558202,115.4800033569336,88.37999725341797,96.23171826171875,0.8145477193685696,47.21475067665202,41.82325948072173,0.3343382932191467,99.51000213623047,False,False,False,False,False,
NASDAQ:AVAH,,https://www.tradingview.com/chart/?symbol=NASDAQ%3AAVAH,False,,-18.737907393981803,-18.737907393981803,13.430000305175781,6.21999979019165,8.208299947738647,0.8557863434641082,79.43514282579967,74.29139842526254,1.0913213596554865,7.71999979019165,False,False,False,False,False,
NASDAQ:HRMY,,https://www.tradingview.com/chart/?symbol=NASDAQ%3AHRMY,False,,30.852649927031337,30.852649927031337,42.08000183105469,26.520000457763672,30.444680709838867,0.9356584710703517,73.50597178840603,71.46643494394661,0.4912851349411184,33.849998474121094,False,False,False,False,False,
NYSE:SPB,,https://www.tradingview.com/chart/?symbol=NYSE%3ASPB,False,,-21.432132748093352,-16.38906587390363,85.23999786376953,69.73999786376953,74.88597793579102,0.7108461262585177,26.240745701193802,15.669640439207761,0.25976887861537307,83.94000244140625,False,False,False,False,False,
NYSE:HMN,,https://www.tradingview.com/chart/?symbol=NYSE%3AHMN,True,2026-09-21 09:30,-64.82853925592289,-63.3620480034678,48.20000076293945,41.5099983215332,44.625198501586915,0.5068183374798898,3.521505975071136,-9.737418208973814,0.2715490762641236,48.61000061035156,False,False,True,False,False,
NASDAQ:SGRY,,https://www.tradingview.com/chart/?symbol=NASDAQ%3ASGRY,True,2026-09-21 09:30,-64.41761638900441,-60.27999053097907,13.670000076293945,11.5,12.869980072021484,0.37381566963211993,-31.80172086315423,-39.5673155103064,0.40865894659302954,14.204999923706055,False,False,True,False,False,
NASDAQ:NRIX,,https://www.tradingview.com/chart/?symbol=NASDAQ%3ANRIX,False,,-48.02599196898367,-17.502268774240225,25.385000228881836,14.369999885559082,17.58195980453491,0.8093314196314949,53.43320735539934,47.579190283011414,0.7671927752127248,17.739999771118164,False,False,False,False,False,
NYSE:VSTS,,https://www.tradingview.com/chart/?symbol=NYSE%3AVSTS,False,,51.747221072028054,66.41273216212132,14.234999656677246,7.070000171661377,9.371000059127807,0.7348717779928245,8.063132621828045,13.971302296560683,0.7587548041806113,12.850000381469727,False,False,False,False,False,
NASDAQ:SION,,https://www.tradingview.com/chart/?symbol=NASDAQ%3ASION,False,,-41.00043638835667,-41.00043638835667,5.994999885559082,4.139999866485596,15.189519681930541,0.03961982165862237,-37.57228347318213,-39.37895031250043,1.2035989044072206,38.900001525878906,False,True,False,False,False,
NASDAQ:ATEX,,https://www.tradingview.com/chart/?symbol=NASDAQ%3AATEX,False,,-72.82087955431916,-29.392733453517497,83.55999755859375,35.70000076293945,52.78168101501465,0.6612323306076536,6.097257066184498,-2.8382057043818145,0.9389026398557452,77.08999633789062,False,False,False,False,False,
NASDAQ:FLYW,,https://www.tradingview.com/chart/?symbol=NASDAQ%3AFLYW,False,,-64.86497023933788,-64.86497023933788,17.1299991607666,11.25,13.214700180053711,0.7063061407685022,34.65592946202917,22.642709861038917,0.513097107378024,16.225000381469727,False,False,False,False,False,
NYSE:ARR,,https://www.tradingview.com/chart/?symbol=NYSE%3AARR,False,,-84.30336728501898,-70.1571158760222,14.770000457763672,14.680000305175781,15.411600395202637,0.02903230371385344,-46.65741998737807,-65.52673669702253,0.1841949135782937,16.829999923706055,False,True,False,False,False,
TSX:FRU,,https://www.tradingview.com/chart/?symbol=TSX%3AFRU,False,,-39.6373423176598,-39.6373423176598,17.0,15.760000228881836,16.300439994812013,0.5414848507311645,45.170253116907624,37.82732779393718,0.13283057068336518,17.239999771118164,False,False,False,False,False,
NYSE:DEI,,https://www.tradingview.com/chart/?symbol=NYSE%3ADEI,False,,-65.78634788850388,-54.699170456039276,10.414999961853027,9.1899995803833,10.04903966140747,0.33653853459571154,-33.55518795370964,-45.90751027952412,0.31379312272587734,11.600000381469727,False,False,False,False,False,
NASDAQ:INOD,,https://www.tradingview.com/chart/?symbol=NASDAQ%3AINOD,False,,-2.7863160467383996,52.21798793178116,61.005001068115234,34.45000076293945,54.99616108703613,0.3050195254571009,-34.89728377509386,-32.042728243854775,1.4270961371852782,61.005001068115234,False,False,False,False,False,
NYSE:BOBS,,https://www.tradingview.com/chart/?symbol=NYSE%3ABOBS,False,,-63.99898586249242,-56.773519942185516,14.4399995803833,9.850000381469727,12.10616025543213,0.48012546603851847,22.418582900667815,5.491592848025666,0.6694677622345632,14.279999732971191,False,False,False,False,False,
NYSE:TGLS,,https://www.tradingview.com/chart/?symbol=NYSE%3ATGLS,True,2026-09-21 09:30,-60.77730921719914,-57.680995524799584,36.5,35.7599983215332,38.735958465576175,0.058683714722371126,-55.99137090976843,-62.783081321456365,0.291493321766376,43.2599983215332,False,True,True,False,False,"NEAR: 4h+band ok, weekly shallow"
NASDAQ:BCRX,,https://www.tradingview.com/chart/?symbol=NASDAQ%3ABCRX,False,,-41.39999023077566,6.950129538673514,8.765000343322754,8.03499984741211,8.763059856414795,0.23662900709366752,-5.581723046254832,-16.7309770237148,0.33118627773679715,9.3149995803833,False,False,False,False,False,
NASDAQ:CNXN,,https://www.tradingview.com/chart/?symbol=NASDAQ%3ACNXN,False,,42.47854972801353,42.47854972801353,85.91500091552734,55.869998931884766,63.45267918395996,0.9351074069355777,63.02431382763874,64.44225693363138,0.44842987276853524,71.6500015258789,False,False,False,False,False,
NASDAQ:EVCM,,https://www.tradingview.com/chart/?symbol=NASDAQ%3AEVCM,False,,9.432976226708389,24.907588071626616,8.350000381469727,6.300000190734863,7.7278002357482904,0.3388429960505274,-51.26336024053052,-50.87695762049238,0.5834137181775568,10.369999885559082,False,False,False,False,False,
NYSE:AGL,,https://www.tradingview.com/chart/?symbol=NYSE%3AAGL,False,,-45.49432470802822,-45.49432470802822,88.08000183105469,7.900000095367432,36.69436093711853,0.6571592442567807,-7.337526094984368,-13.25328719886721,1.3558173848547654,89.98999786376953,False,False,False,False,False,
NASDAQ:NEXT,,https://www.tradingview.com/chart/?symbol=NASDAQ%3ANEXT,True,2026-09-21 13:30,-56.089090831167375,-55.038544054299365,7.014999866485596,5.644999980926514,6.46155987739563,0.3959537743526349,-9.699933950766672,-18.041600915673815,0.4619492212338585,7.489999771118164,False,False,False,False,False,
NASDAQ:SRCE,,https://www.tradingview.com/chart/?symbol=NASDAQ%3ASRCE,False,,-29.398015005576713,-28.860462691458604,85.86000061035156,66.16000366210938,72.06118301391602,0.7878423960054372,48.51378215188547,42.658845415122556,0.32189749169905574,77.68000030517578,False,False,False,False,False,
NYSE:NGL,,https://www.tradingview.com/chart/?symbol=NYSE%3ANGL,True,2026-09-21 09:30,-74.61875346898294,-70.77481021051757,16.280000686645508,11.03499984741211,12.910019775390625,0.6601637559093,44.20234997778959,28.358559829130613,0.49693438459235084,15.988025665283203,False,False,True,False,False,
NASDAQ:NBTX,,https://www.tradingview.com/chart/?symbol=NASDAQ%3ANBTX,True,2026-09-21 13:30,-64.00334449952494,-59.39584652917571,34.595001220703125,28.950000762939453,35.51785688781738,0.2028394171099458,2.705043598265973,-14.662195440155875,0.7453106245448082,37.34000015258789,False,True,True,False,False,
NYSE:ALG,,https://www.tradingview.com/chart/?symbol=NYSE%3AALG,False,,-53.35160417302696,-53.35160417302696,164.9600067138672,146.91000366210938,154.72396380615234,0.54515260401761,29.841706479726394,23.469287567827656,0.20056942235944986,165.0800018310547,False,False,False,False,False,
NASDAQ:INTA,,https://www.tradingview.com/chart/?symbol=NASDAQ%3AINTA,True,2026-09-21 09:30,-57.616614762231166,-51.813732809218685,36.709999084472656,19.149999618530273,24.96267942047119,0.7129516875467012,58.932913977580085,49.36198482939721,0.9685410485722112,25.43000030517578,False,False,False,False,False,
NASDAQ:GHRS,,https://www.tradingview.com/chart/?symbol=NASDAQ%3AGHRS,False,,3.927112996049298,34.433241227073296,28.010000228881836,13.029999732971191,17.15763990402222,0.8564894153878534,35.88782426962445,33.39581842921658,0.7298143381361005,23.96500015258789,False,False,False,False,False,
NASDAQ:MBX,,https://www.tradingview.com/chart/?symbol=NASDAQ%3AMBX,False,,-14.28061067716598,17.164234581059947,60.90999984741211,26.604999542236328,37.01141893005371,0.7779794154269152,39.47463356236569,34.541342948154096,1.0757500756378404,40.9900016784668,False,False,False,False,False,
NASDAQ:MRVI,,https://www.tradingview.com/chart/?symbol=NASDAQ%3AMRVI,False,,-14.196004388283129,13.176659046128597,7.164999961853027,2.825000047683716,4.284660090446472,0.701697621183997,49.842089709717946,45.41590261487288,1.2002717499933375,5.1529998779296875,False,False,False,False,False,
NYSE:XHR,,https://www.tradingview.com/chart/?symbol=NYSE%3AXHR,False,,-40.23475418902049,-12.39832417555734,17.850000381469727,14.154999732971191,15.963939723968506,0.4820614046820246,-15.689012928044582,-23.603302466254853,0.4298934377258157,17.829999923706055,False,False,False,False,False,
NASDAQ:AUPH,,https://www.tradingview.com/chart/?symbol=NASDAQ%3AAUPH,False,,42.059183499479204,54.189485331942386,16.600000381469727,13.920000076293945,15.10238353729248,0.534919586482839,30.519973750844276,39.11508014983379,0.3162941516886417,15.84000015258789,False,False,False,False,False,
NASDAQ:CDNA,,https://www.tradingview.com/chart/?symbol=NASDAQ%3ACDNA,False,,65.63263503355441,65.63263503355441,54.369998931884766,16.040000915527344,25.085880447387694,1.0,76.93131008233898,74.53487655750985,1.5944258135032026,24.040000915527344,False,False,False,False,False,
NASDAQ:GSHD,,https://www.tradingview.com/chart/?symbol=NASDAQ%3AGSHD,False,,-65.980541480744,-65.980541480744,51.68000030517578,34.34000015258789,43.46376011657715,0.4485256135806381,26.865055986444276,12.670151730117258,0.8485513319162464,45.560001373291016,False,False,False,False,False,
NYSE:TFIN,,https://www.tradingview.com/chart/?symbol=NYSE%3ATFIN,False,,-71.71146005843644,-66.9861695384647,62.40999984741211,54.40999984741211,61.03687937927246,0.28490030502636665,-28.00446848965969,-40.05381939014657,0.4029561455139137,69.68499755859375,False,False,False,False,False,
NYSE:DX,,https://www.tradingview.com/chart/?symbol=NYSE%3ADX,False,,-69.07879705803244,-60.11258833345597,12.069999694824219,12.069999694824219,12.478279811859132,0.0,3.2822282498564683,-19.202442680130755,0.13312816553643356,12.994999885559082,False,True,False,False,False,
NASDAQ:CHCO,,https://www.tradingview.com/chart/?symbol=NASDAQ%3ACHCO,False,,-42.98006206033602,-42.98006206033602,140.14999389648438,116.25499725341797,123.76569833374023,0.750824609774206,56.26569639247962,47.113880387850905,0.2475209436749811,128.5749969482422,False,False,False,False,False,
NYSE:UTI,,https://www.tradingview.com/chart/?symbol=NYSE%3AUTI,False,,-26.62706380285069,1.1190523280671936,20.719999313354492,19.75,27.168660324096678,0.030857301446745262,-50.465700845425395,-50.92295829669089,0.8435529823736723,37.26499938964844,False,True,False,False,False,
NASDAQ:ADMA,,https://www.tradingview.com/chart/?symbol=NASDAQ%3AADMA,False,,-76.85795971915661,-20.394971015806323,9.5,7.525000095367432,9.585279874801635,0.22623139932057526,7.124741669112795,5.883062261838168,0.9546198609523102,9.145000457763672,False,True,False,False,False,
NASDAQ:SNDX,,https://www.tradingview.com/chart/?symbol=NASDAQ%3ASNDX,False,,-61.50779100758556,-44.01958830034349,18.030000686645508,16.8700008392334,18.826440605163576,0.1399276219777206,-38.530959020904604,-46.723817596003066,0.4060738984279674,20.415000915527344,False,True,False,False,False,
NASDAQ:HCM,,https://www.tradingview.com/chart/?symbol=NASDAQ%3AHCM,False,,17.070527165100426,45.34970205307326,14.475000381469727,9.975000381469727,11.340260345458985,0.7778738320992441,41.76865017601337,50.40370778550243,0.4655935419402164,12.425000190734863,False,False,False,False,False,
NASDAQ:HYMC,,https://www.tradingview.com/chart/?symbol=NASDAQ%3AHYMC,False,,-61.26033987505991,-21.32000319302111,20.520000457763672,18.43000030517578,24.731200485229493,0.07827715703622319,-34.36415181245397,-38.75482866736078,0.9973851440557627,26.770000457763672,False,True,False,False,False,
NYSE:GNL,,https://www.tradingview.com/chart/?symbol=NYSE%3AGNL,True,2026-09-21 09:30,-90.03522371726463,-85.52898263203853,8.734999656677246,8.579999923706055,8.871459842681885,0.1255058915467366,-1.829622557475653,-18.261938147557633,0.13460486441454012,9.175000190734863,False,True,True,False,False,
NYSE:BRSL,,https://www.tradingview.com/chart/?symbol=NYSE%3ABRSL,True,2026-09-21 09:30,-71.7686871359001,-70.9502134674096,10.279999732971191,9.994999885559082,10.753739921569824,0.08864691567205708,-19.069484030981652,-29.64250112923854,0.28413612654141884,11.3149995803833,False,True,True,False,False,
NYSE:FLOC,,https://www.tradingview.com/chart/?symbol=NYSE%3AFLOC,False,,-45.775876762318354,-45.775876762318354,19.8700008392334,18.985000610351562,21.131420448303224,0.09730624471651805,-23.317524371791652,-30.853542665285534,0.40684408407930817,22.354999542236328,False,True,False,False,False,
NASDAQ:KARO,,https://www.tradingview.com/chart/?symbol=NASDAQ%3AKARO,False,,18.49531987522192,18.49531987522192,65.52999877929688,43.2859992980957,49.267182815551756,0.8776831311466354,58.443379301130754,55.95264655222002,0.5013649522815701,50.54999923706055,False,False,False,False,False,
NYSE:WMK,,https://www.tradingview.com/chart/?symbol=NYSE%3AWMK,False,,40.37011842718691,40.37011842718691,73.04000091552734,62.92499923706055,67.67567948913575,0.5024839116620008,-24.140534607520255,-20.870429853595443,0.2804793369049149,71.7699966430664,False,False,False,False,False,
NASDAQ:JBLU,,https://www.tradingview.com/chart/?symbol=NASDAQ%3AJBLU,False,,-47.54508265097147,-1.2095298406472292,4.574999809265137,3.9286000728607178,4.541586461067199,0.24886415216785682,-31.434943079400053,-35.815122575214446,0.5168955026333272,5.025000095367432,False,False,False,False,False,
NASDAQ:EZPW,,https://www.tradingview.com/chart/?symbol=NASDAQ%3AEZPW,False,,-69.71839333174186,-51.25865119539086,30.110000610351562,24.5,27.1845,0.4931868668440934,9.548141106722781,-0.031055218174850907,0.35838059489687485,31.739999771118164,False,False,False,False,False,
TSX:WTE,,https://www.tradingview.com/chart/?symbol=TSX%3AWTE,False,,34.4544036040157,34.4544036040157,41.83000183105469,30.670000076293945,33.75452045440674,0.8538638398411078,26.314948839896804,28.20932303362294,0.32797997748131946,39.849998474121094,False,False,False,False,False,
NASDAQ:TCBK,,https://www.tradingview.com/chart/?symbol=NASDAQ%3ATCBK,False,,-14.937137752904073,-14.937137752904073,53.04999923706055,45.90999984741211,49.610479919433594,0.4553570950691633,8.074805433405972,-0.23867717134362998,0.30142253301029404,52.02000045776367,False,False,False,False,False,
NASDAQ:TILE,,https://www.tradingview.com/chart/?symbol=NASDAQ%3ATILE,False,,-42.527760502446306,-42.527760502446306,34.27000045776367,24.440000534057617,28.210100624084472,0.6153364437542304,36.74341515479407,23.02281027679107,0.5014124317461351,31.860000610351562,False,False,False,False,False,
NASDAQ:ZD,,https://www.tradingview.com/chart/?symbol=NASDAQ%3AZD,False,,29.827763442602375,29.827763442602375,57.459999084472656,39.470001220703125,44.22186082458496,0.8934690520699116,59.884406860754986,60.39639370086749,0.4243860986625685,47.44499969482422,False,False,False,False,False,
NASDAQ:OCUL,,https://www.tradingview.com/chart/?symbol=NASDAQ%3AOCUL,False,,-53.057441734370634,-53.057441734370634,9.979999542236328,7.389999866485596,8.416599843978881,0.5954022373638425,34.43393466309535,27.540674309432575,0.47180040983169924,9.220000267028809,False,False,False,False,False,
NYSE:INVX,,https://www.tradingview.com/chart/?symbol=NYSE%3AINVX,False,,-64.87917349323259,-64.87917349323259,27.344999313354492,23.594999313354492,25.916059547424318,0.3812912681064772,38.28997935322402,25.918401895652934,0.36104996602272643,27.239999771118164,False,False,False,False,False,
NASDAQ:ECPG,,https://www.tradingview.com/chart/?symbol=NASDAQ%3AECPG,False,,35.020534378954615,44.132876073373644,99.26000213623047,66.48999786376953,75.27391815185547,0.8804407092343958,57.31248153024398,55.67835056900764,0.44149013622258015,84.3053970336914,False,False,False,False,False,
NASDAQ:BWIN,,https://www.tradingview.com/chart/?symbol=NASDAQ%3ABWIN,False,,29.536261508135336,29.536261508135336,31.899999618530273,17.209999084472656,20.813719192504884,0.9620170329850143,49.69143650059209,51.3439844275816,0.6137435261183818,24.88010025024414,False,False,False,False,False,
NYSE:LPG,,https://www.tradingview.com/chart/?symbol=NYSE%3ALPG,False,,50.93275496488832,50.93275496488832,56.63999938964844,29.149999618530273,36.24179988861084,0.9148086097904424,75.3946296176585,75.53917190117146,0.7329268571807117,41.0,False,False,False,False,False,
TSX:CCA,,https://www.tradingview.com/chart/?symbol=TSX%3ACCA,False,,-40.561843293967435,-40.45823170836123,57.810001373291016,57.099998474121094,61.77043869018554,0.03587685024374353,-65.16351989080279,-67.87571677939188,0.31258885620363097,63.310001373291016,False,True,False,True,False,
TSX:WPK,,https://www.tradingview.com/chart/?symbol=TSX%3AWPK,False,,-14.750595961032843,-14.750595961032843,43.58000183105469,39.5,41.345519927978515,0.5217393849458967,7.923246049607786,-0.0656348442197272,0.1790703004971773,43.66999816894531,False,False,False,False,False,
NYSE:LOB,,https://www.tradingview.com/chart/?symbol=NYSE%3ALOB,True,2026-09-21 09:30,-69.26052122369606,-66.90487617375605,38.0,31.489999771118164,34.56035982513428,0.500384328543655,-3.914405260498205,-15.134167254381701,0.3378343494138035,38.5099983215332,False,False,True,False,False,
NYSE:PRLB,,https://www.tradingview.com/chart/?symbol=NYSE%3APRLB,False,,18.618501123224878,56.50200740811875,87.62999725341797,54.27000045776367,63.27339991760254,0.8744429566735358,43.603529497302816,52.00513471501617,0.5071114716049728,75.2300033569336,False,False,False,False,False,
NASDAQ:WB,,https://www.tradingview.com/chart/?symbol=NASDAQ%3AWB,False,,-63.66821054644513,-26.703877796527618,6.739999771118164,6.514999866485596,7.292619997024536,0.06828524032226951,-62.328634487506996,-62.68320152866661,0.4165613927551615,7.909999847412109,False,True,False,True,False,"WATCH: weekly+band ok, waiting on 4h dot"
TSX:TVK,,https://www.tradingview.com/chart/?symbol=TSX%3ATVK,False,,-42.43231476730176,-5.562986546052287,117.16999816894531,108.19999694824219,120.07551867675781,0.17825913980711827,-26.5735443880684,-31.385497340453476,0.41262819666633926,121.94999694824219,False,True,False,False,False,
NASDAQ:OMCL,,https://www.tradingview.com/chart/?symbol=NASDAQ%3AOMCL,False,,-50.721418047434305,-50.721418047434305,32.40999984741211,32.189998626708984,35.862158950805664,0.014138894684210023,-48.561749315419455,-50.8326182404938,0.41174916634885933,37.790000915527344,False,True,False,False,False,
NYSE:TY,,https://www.tradingview.com/chart/?symbol=NYSE%3ATY,False,,-63.65639796013259,-19.505189420704287,35.040000915527344,30.959999084472656,32.173038940429684,0.7937747695596028,23.677451440873146,17.394819943582114,0.14770113512458222,34.79999923706055,False,False,False,False,False,
NASDAQ:TYRA,,https://www.tradingview.com/chart/?symbol=NASDAQ%3ATYRA,False,,6.068722001806498,27.239734488900307,25.649999618530273,21.520000457763672,25.789240493774415,0.2283028814776311,-58.33910349429274,-54.00411016111282,0.567262480364297,31.889999389648438,False,True,False,False,False,
NASDAQ:UFPT,,https://www.tradingview.com/chart/?symbol=NASDAQ%3AUFPT,False,,-39.43493579350638,-30.426094547368535,281.760009765625,185.77000427246094,221.01188470458985,0.6428045557902214,45.085242691035944,35.97369543169855,0.6379715348332191,234.07000732421875,False,False,False,False,False,
NASDAQ:CASH,,https://www.tradingview.com/chart/?symbol=NASDAQ%3ACASH,True,2026-09-21 13:30,-71.08102718054933,-71.08102718054933,75.86000061035156,75.86000061035156,81.65616003417969,0.0,-47.24680326767331,-55.6557239852316,0.2838485654490056,86.5250015258789,False,True,True,False,False,"NEAR: 4h+band ok, weekly shallow"
NYSE:WKC,,https://www.tradingview.com/chart/?symbol=NYSE%3AWKC,False,,-8.056207396386464,25.615041119720075,35.56999969482422,22.440000534057617,26.64316040802002,0.7372262523575461,30.161795778242823,25.812562383071832,0.5661157019782831,31.459999084472656,False,False,False,False,False,
NYSE:NVRI,,https://www.tradingview.com/chart/?symbol=NYSE%3ANVRI,False,,-67.89294002197937,-59.28555141240012,20.78499984741211,17.81999969482422,19.2643198928833,0.48447708267950035,20.25378433580921,6.240629408547637,0.29737613517596684,20.579999923706055,False,False,False,False,False,
NYSE:DRD,,https://www.tradingview.com/chart/?symbol=NYSE%3ADRD,False,,-62.08786379951929,-28.019645844846156,25.780000686645508,19.665000915527344,22.689340591430664,0.4771752186046512,19.801488800773985,18.249081629625948,0.4863377017527846,26.350000381469727,False,False,False,False,False,
NYSE:CCS,,https://www.tradingview.com/chart/?symbol=NYSE%3ACCS,False,,-32.06247484755361,-22.853085869950757,61.720001220703125,48.13999938964844,53.85591967773438,0.5606936889601217,-0.4376994550583729,-10.406636310050386,0.39675652301066455,61.04499816894531,False,False,False,False,False,
NASDAQ:DMRA,,https://www.tradingview.com/chart/?symbol=NASDAQ%3ADMRA,True,2026-09-21 09:30,-64.17942375154475,-63.53806425313062,22.8799991607666,18.1200008392334,21.917240425109863,0.295835850879698,-0.10989653698213193,-19.88413245495657,0.6213553952811481,25.895000457763672,False,False,True,False,False,
NYSE:SAM,,https://www.tradingview.com/chart/?symbol=NYSE%3ASAM,False,,2.8078516095414034,6.481044898957774,171.3800048828125,160.83999633789062,184.31727893066406,0.10595101910845611,-43.69803552139434,-46.72336746624576,0.542998335154982,183.2050018310547,False,True,False,False,False,
NYSE:ECO,,https://www.tradingview.com/chart/?symbol=NYSE%3AECO,False,,57.530296670281835,57.530296670281835,82.44000244140625,43.86000061035156,53.894719818115234,0.9073378381215323,93.61468658805364,94.25230517104349,0.7797542196023257,54.529998779296875,False,False,False,False,False,
TSX:SGD,,https://www.tradingview.com/chart/?symbol=TSX%3ASGD,False,,-71.3522653899894,-9.20723811404759,17.0,11.380000114440918,13.220800159454345,0.7205127882220735,42.13740809012673,38.3345549329721,0.5306122647578994,14.699999809265137,False,False,False,False,False,
NYSE:NSP,,https://www.tradingview.com/chart/?symbol=NYSE%3ANSP,False,,-19.43717296503633,-15.85737902755885,50.2599983215332,20.18000030517578,28.355040161132813,0.8683602351721261,49.15776883256547,44.78170043471564,0.9359632791308221,37.0099983215332,False,False,False,False,False,
NYSE:AMR,,https://www.tradingview.com/chart/?symbol=NYSE%3AAMR,True,2026-09-21 09:30,-69.75384882083125,-68.24574559140498,175.6199951171875,137.24000549316406,160.4765634765625,0.3898028941180044,16.420977849452747,8.32580372966459,0.5221402536501495,188.57000732421875,False,False,True,False,False,
NASDAQ:WGS,,https://www.tradingview.com/chart/?symbol=NASDAQ%3AWGS,False,,65.01498819271963,65.01498819271963,97.77999877929688,33.91749954223633,50.69533015441894,0.8983014650894512,63.44203546744077,67.88546149503948,1.074472932974908,66.16500091552734,False,False,False,False,False,
NASDAQ:PRDO,,https://www.tradingview.com/chart/?symbol=NASDAQ%3APRDO,False,,-52.69594505167091,-52.69594505167091,32.290000915527344,29.329999923706055,31.369040229797363,0.34259265595828914,-5.488842875388406,-12.27973013865364,0.25744937256984984,33.560001373291016,False,False,False,False,False,
NYSE:CPRI,,https://www.tradingview.com/chart/?symbol=NYSE%3ACPRI,False,,42.066963520858245,42.066963520858245,14.319999694824219,12.720000267028809,14.841639987945557,0.17797548812696537,-60.04928871624904,-53.65371763408516,0.49737197443868025,18.075000762939453,False,True,False,True,False,
NASDAQ:IOVA,,https://www.tradingview.com/chart/?symbol=NASDAQ%3AIOVA,False,,63.54888765898543,63.54888765898543,10.1850004196167,3.2699999809265137,4.917279985427856,0.9906877392255468,96.78143966487323,95.63759285094203,1.7045177965068503,4.09499979019165,False,False,False,False,False,
NASDAQ:PLAB,,https://www.tradingview.com/chart/?symbol=NASDAQ%3APLAB,False,,-29.483136525808604,29.186768578120702,29.329999923706055,27.100000381469727,33.67732057952881,0.08001433351581008,-34.68484610361585,-35.02604816292176,0.8615147497310844,32.349998474121094,False,True,False,False,False,
NYSE:CMRE,,https://www.tradingview.com/chart/?symbol=NYSE%3ACMRE,False,,-5.434642411750566,23.92660022293502,15.100000381469727,13.970000267028809,14.86208020401001,0.2989418503351863,-8.903109884709819,-7.501818969993785,0.24184259150956514,15.630000114440918,False,False,False,False,False,
NYSE:AESI,,https://www.tradingview.com/chart/?symbol=NYSE%3AAESI,False,,-21.171770852004347,-21.171770852004347,13.279999732971191,10.15999984741211,12.419227836608886,0.3259166301554749,-14.984997170024196,-12.477442517206534,0.6869752182244248,13.9350004196167,False,False,False,False,False,
TSX:ABRA,,https://www.tradingview.com/chart/?symbol=TSX%3AABRA,False,,-59.830175811545814,-37.84257928603274,13.4399995803833,9.949999809265137,12.092880016326905,0.3843611711329534,-7.321502028027093,-23.229681948346943,0.5965834900180941,15.220000267028809,False,False,False,False,False,
NYSE:IIPR,,https://www.tradingview.com/chart/?symbol=NYSE%3AIIPR,False,,-51.59148530182674,-51.59148530182674,56.150001525878906,49.029998779296875,52.84338153076172,0.4406378162663829,-14.004387761473973,-19.277474590702926,0.2837794499292164,56.939998626708984,False,False,False,False,False,
TSX:ALS,,https://www.tradingview.com/chart/?symbol=TSX%3AALS,False,,15.71472361299015,51.8172819895377,68.0,41.119998931884766,47.480199111938475,0.9974026087999047,64.24577022004325,65.86344375634829,0.46361603763537074,58.130001068115234,False,False,False,False,False,
NASDAQ:ALGT,,https://www.tradingview.com/chart/?symbol=NASDAQ%3AALGT,False,,37.85532997385932,39.555120778091045,80.62000274658203,69.87000274658203,81.88004260253906,0.21123993179270234,-38.92488685319478,-38.86658672952191,0.6058333260672433,84.0,False,True,False,False,False,
NYSE:GEL,,https://www.tradingview.com/chart/?symbol=NYSE%3AGEL,True,2026-09-21 13:30,-75.56374484867342,-75.02897524169543,15.069999694824219,13.880000114440918,14.92311990737915,0.2692307277377956,11.793550644857588,-0.26822250214889465,0.27868847530263074,15.859999656677246,False,False,True,False,False,
NYSE:EVTC,,https://www.tradingview.com/chart/?symbol=NYSE%3AEVTC,True,2026-09-21 13:30,-67.9751348597894,-67.59112377006863,27.790000915527344,21.979999542236328,24.47923957824707,0.548630905531311,11.263515039154917,-3.5413208494857376,0.3656768124093581,28.959999084472656,False,False,True,False,False,
NYSE:XPRO,,https://www.tradingview.com/chart/?symbol=NYSE%3AXPRO,False,,-71.50524085367302,-64.16479573374365,16.40999984741211,13.010000228881836,14.416560012817383,0.5704698222837239,30.34395482986739,17.55220139363731,0.3620898794639029,16.459999084472656,False,False,False,False,False,
NASDAQ:VERX,,https://www.tradingview.com/chart/?symbol=NASDAQ%3AVERX,True,2026-09-21 13:30,-53.3248674016003,-53.3248674016003,12.100000381469727,10.289999961853027,11.389759925842284,0.3884121199321213,7.9093579898888065,-5.63890752176534,0.36692912735419575,12.699999809265137,False,False,False,False,False,
NYSE:RVLV,,https://www.tradingview.com/chart/?symbol=NYSE%3ARVLV,False,,-12.820965707437416,1.1045225641993206,21.145000457763672,17.524999618530273,19.881459762573243,0.3625438776118354,-26.923933140274766,-32.71277601390916,0.4365981741995537,22.8700008392334,False,False,False,False,False,
NASDAQ:MLYS,,https://www.tradingview.com/chart/?symbol=NASDAQ%3AMLYS,False,,-31.21246548650036,-28.588787337215283,28.309999465942383,22.5,24.626360054016114,0.6448389920477747,16.25499949551994,21.625079150680644,0.33382735477172487,26.989999771118164,False,False,False,False,False,
NYSE:NTST,,https://www.tradingview.com/chart/?symbol=NYSE%3ANTST,False,,-96.04264927090667,-80.13208909344793,18.149999618530273,18.100000381469727,19.084120399475097,0.011990224495387372,-28.025052953128736,-43.817402271063656,0.20406166798505668,20.434999465942383,False,True,False,False,False,
NYSE:WS,,https://www.tradingview.com/chart/?symbol=NYSE%3AWS,False,,-40.01412214453697,-18.64587778967537,33.29999923706055,27.809999465942383,31.642639411926268,0.33805417786284636,-34.281734335261724,-40.33070336571753,0.4534400025392189,35.815101623535156,False,False,False,False,False,
NASDAQ:AAPG,,https://www.tradingview.com/chart/?symbol=NASDAQ%3AAAPG,False,,-67.00981922299128,-53.18588054679129,15.859999656677246,15.020099639892578,17.944116088867187,0.06778908649118302,-57.5879761053352,-61.5657458783459,0.639643762039707,19.3700008392334,False,True,False,False,False,
NASDAQ:NCNO,,https://www.tradingview.com/chart/?symbol=NASDAQ%3ANCNO,False,,-55.130865820310966,-55.130865820310966,20.40999984741211,13.989999771118164,16.26739968109131,0.6652850082984493,58.29107282058303,51.57370410187332,0.5520594892015476,17.479999542236328,False,False,False,False,False,
NASDAQ:IMCR,,https://www.tradingview.com/chart/?symbol=NASDAQ%3AIMCR,False,,-63.89717332622546,-37.75261489074931,32.2599983215332,27.739999771118164,30.066959465026855,0.45841776318271144,27.870514564843237,13.4524141432713,0.3140127013627156,31.399999618530273,False,False,False,False,False,
NYSE:FUN,,https://www.tradingview.com/chart/?symbol=NYSE%3AFUN,True,2026-09-21 09:30,-63.15452298829896,-54.646312384820455,12.369999885559082,12.09000015258789,15.32791999053955,0.020408144823932387,-55.148539330419624,-60.141123111870954,0.7476838707430916,18.350000381469727,False,True,True,False,False,"NEAR: 4h+band ok, weekly shallow"
NASDAQ:BVC,,https://www.tradingview.com/chart/?symbol=NASDAQ%3ABVC,False,,-52.319127913645616,-52.319127913645616,13.180000305175781,6.699999809265137,9.08126347732544,0.6422136857614815,70.26152004843856,57.40592851853324,0.9545979734826202,10.569999694824219,False,False,False,False,False,
TSX:MTL,,https://www.tradingview.com/chart/?symbol=TSX%3AMTL,False,,-15.582302379327743,-11.391351753476362,25.649999618530273,15.949999809265137,18.951919872283934,0.7625785853486388,42.31066594861465,37.091090382354594,0.5792350089860792,21.959999084472656,False,False,False,False,False,
NYSE:PRG,,https://www.tradingview.com/chart/?symbol=NYSE%3APRG,True,2026-09-21 09:30,-68.38244194827499,-68.38244194827499,34.84000015258789,27.309999465942383,32.091359519958495,0.3716683416375802,-17.163934940644676,-27.935659774956164,0.5463861712087076,37.08000183105469,False,False,True,False,False,
NASDAQ:HURN,,https://www.tradingview.com/chart/?symbol=NASDAQ%3AHURN,False,,6.154198568170487,44.80098564595514,159.16000366210938,89.04499816894531,108.14094018554687,0.8665265783694265,42.2218487608145,43.12715534998292,0.6427437360967632,125.88999938964844,False,False,False,False,False,
NYSE:NEXA,,https://www.tradingview.com/chart/?symbol=NYSE%3ANEXA,False,,-49.552069039222594,-18.37645078142018,12.859999656677246,9.15999984741211,10.937080009460448,0.4913677917489575,-1.2220134302910999,-13.679422589737559,0.5534730569647458,13.604999542236328,False,False,False,False,False,
NASDAQ:GABC,,https://www.tradingview.com/chart/?symbol=NASDAQ%3AGABC,False,,-41.11513754779028,-40.57955893846634,49.13999938964844,39.09000015258789,42.119059936523435,0.7830151892428798,49.22914069621799,42.004174467718144,0.28283382067813007,45.380001068115234,False,False,False,False,False,
NASDAQ:NN,,https://www.tradingview.com/chart/?symbol=NASDAQ%3ANN,False,,-49.32438980288284,-37.06515244061077,15.670000076293945,12.329999923706055,15.071139869689942,0.28755920950537844,-24.306997781579966,-25.611509578989065,0.6764705718991004,17.170000076293945,False,False,False,False,False,
NASDAQ:GENB,,https://www.tradingview.com/chart/?symbol=NASDAQ%3AGENB,False,,20.60721588661888,61.330549725167465,17.3700008392334,11.430000305175781,13.54692014312744,0.6622074680891193,43.910875357371275,50.60703168697145,0.6398002154405988,14.020000457763672,False,False,False,False,False,
NASDAQ:ABCL,,https://www.tradingview.com/chart/?symbol=NASDAQ%3AABCL,False,,23.14753698253755,57.578076905791285,12.65999984741211,3.244999885559082,5.483459804534911,0.9926199581066996,74.13097490710228,73.84750229543782,1.6892252971166934,5.614999771118164,False,False,False,False,False,
NYSE:FLO,,https://www.tradingview.com/chart/?symbol=NYSE%3AFLO,False,,-44.25276391786171,-44.25276391786171,5.96999979019165,5.929999828338623,6.679299760818481,0.012598414317311053,-64.19778962551925,-66.30749891210348,0.40809763859581144,7.78000020980835,False,True,False,True,False,
NASDAQ:STBA,,https://www.tradingview.com/chart/?symbol=NASDAQ%3ASTBA,False,,-19.627332709826458,-19.627332709826458,49.529998779296875,39.599998474121094,42.84499847412109,0.7221818403764204,36.54011370441262,30.58786414511682,0.2908821634619148,47.27000045776367,False,False,False,False,False,
TSX:NWC,,https://www.tradingview.com/chart/?symbol=TSX%3ANWC,False,,34.283972714447266,35.162690136486894,52.4900016784668,47.79999923706055,49.61247930908203,0.6106773769586333,-0.9394552416892624,14.23471893961284,0.15029355253435506,51.099998474121094,False,False,False,False,False,
NASDAQ:ANIP,,https://www.tradingview.com/chart/?symbol=NASDAQ%3AANIP,False,,29.917958268370622,71.40708853686361,78.87999725341797,70.11000061035156,73.9166799621582,0.5437072620212648,-47.62591986770499,-35.33300405428481,0.2050466797901497,78.66500091552734,False,False,False,False,False,
NYSE:ARCO,,https://www.tradingview.com/chart/?symbol=NYSE%3AARCO,True,2026-09-21 13:30,-72.87206651729065,-72.23861355392127,7.539999961853027,7.514999866485596,8.03301990699768,0.011389564196940032,-60.002119229057605,-69.71950404726351,0.26541717656143116,8.270000457763672,False,True,True,True,True,FULL PASS
NASDAQ:NVCR,,https://www.tradingview.com/chart/?symbol=NASDAQ%3ANVCR,False,,-16.449194396842575,23.275485762094373,16.520000457763672,10.359000205993652,12.631916103363038,0.6397051739136247,16.997624131448507,10.707389499479564,0.5912215484251085,16.290000915527344,False,False,False,False,False,
TSX:BHC,,https://www.tradingview.com/chart/?symbol=TSX%3ABHC,False,,-59.90704557209785,-50.14915720056275,7.929999828338623,6.260000228881836,7.071840129852295,0.48546505905989323,16.326684558558963,6.4572011747670155,0.4598929908571575,7.480000019073486,False,False,False,False,False,
NASDAQ:STOK,,https://www.tradingview.com/chart/?symbol=NASDAQ%3ASTOK,False,,-68.5068571461901,-52.27293983217347,28.06999969482422,27.670000076293945,29.945040382385255,0.04149373077935956,-26.55957715717035,-37.47066108299439,0.30458140326021027,31.649999618530273,False,True,False,False,False,
NYSE:EPAC,,https://www.tradingview.com/chart/?symbol=NYSE%3AEPAC,False,,-42.93168986208355,-19.119635282281838,35.290000915527344,32.630001068115234,33.828880599975584,0.5236222216715439,11.359387897290652,-0.34636761438852126,0.1429374756751338,35.540000915527344,False,False,False,False,False,
NASDAQ:ALKT,,https://www.tradingview.com/chart/?symbol=NASDAQ%3AALKT,False,,-40.04722398023194,-40.04722398023194,18.520000457763672,14.300000190734863,15.826920253753663,0.6522411271810877,40.303990394145515,30.129487581679502,0.3713056269906755,17.424999237060547,False,False,False,False,False,
NYSE:INFQ,,https://www.tradingview.com/chart/?symbol=NYSE%3AINFQ,False,,-30.203473083666967,18.512839781459494,13.960000038146973,8.680000305175781,11.323200035095216,0.47142859575700036,10.244411732804487,17.70689739779756,0.8850256097920312,12.654999732971191,False,False,False,False,False,
NYSE:DAO,,https://www.tradingview.com/chart/?symbol=NYSE%3ADAO,False,,-43.47974550632023,-16.02176951826612,14.569999694824219,9.40999984741211,11.58120002746582,0.560869502119852,34.832005072889814,22.206803924587128,0.7547170696990434,12.1899995803833,False,False,False,False,False,
NASDAQ:FIVN,,https://www.tradingview.com/chart/?symbol=NASDAQ%3AFIVN,False,,28.39116165192661,33.54054962196321,37.02000045776367,13.569999694824219,19.104199874877928,1.0,63.70707144075641,64.76378542797494,1.0298638687529726,22.770000457763672,False,False,False,False,False,
NASDAQ:PAX,,https://www.tradingview.com/chart/?symbol=NASDAQ%3APAX,False,,-77.22257418709559,-56.80942451317026,10.385000228881836,9.970000267028809,10.781840167999267,0.12063953851028845,-30.839845732325774,-42.96158881502897,0.3028168736221148,11.359999656677246,False,True,False,False,False,
NASDAQ:WRD,,https://www.tradingview.com/chart/?symbol=NASDAQ%3AWRD,True,2026-09-21 09:30,-57.93129171583707,-47.31764117316419,5.764999866485596,5.324699878692627,6.025690725326538,0.14823417112806825,-38.99178963726231,-43.22710180875686,0.4722257894459941,6.289999961853027,False,True,False,False,False,
NASDAQ:STGW,,https://www.tradingview.com/chart/?symbol=NASDAQ%3ASTGW,True,2026-09-21 13:30,-59.975476312422245,-59.975476312422245,8.34000015258789,5.860000133514404,6.68364019203186,0.7106016741765098,52.063271182448624,41.48476226655889,0.49644383268808834,7.03000020980835,False,False,False,False,False,
TSX:SXGC,,https://www.tradingview.com/chart/?symbol=TSX%3ASXGC,False,,-28.475048215130304,33.257537733659085,12.850000381469727,7.690000057220459,8.971480016708373,0.95027633284991,47.76257719686802,50.253586334543755,0.5523906277194999,9.829999923706055,False,False,False,False,False,
NYSE:DCOM,,https://www.tradingview.com/chart/?symbol=NYSE%3ADCOM,False,,-4.450754995454702,7.120223375884905,40.91999816894531,31.709999084472656,34.1101195526123,0.9056044531049267,44.84290131633586,45.098394081650895,0.25963754044046755,39.16999816894531,False,False,False,False,False,
NYSE:CBL,,https://www.tradingview.com/chart/?symbol=NYSE%3ACBL,False,,-62.922076911563686,-23.14687404715359,53.45000076293945,36.63999938964844,42.17183996582031,0.7171501545407912,32.25335928444752,24.716621147308345,0.4727713105231167,49.58000183105469,False,False,False,False,False,
NASDAQ:SHLS,,https://www.tradingview.com/chart/?symbol=NASDAQ%3ASHLS,False,,-20.769890745700863,37.190382584705524,7.835000038146973,5.769999980926514,7.4243599224090575,0.294579191193001,-48.34603198537175,-44.48203195539373,0.8410317600434147,8.335000038146973,False,False,False,False,False,
TSX:SDE,,https://www.tradingview.com/chart/?symbol=TSX%3ASDE,False,,-30.6491848030944,-30.6491848030944,12.770000457763672,10.550000190734863,11.385440181732177,0.6271187262574829,46.967947200902586,43.744423461457416,0.28933388321928344,12.234999656677246,False,False,False,False,False,
NYSE:CTS,,https://www.tradingview.com/chart/?symbol=NYSE%3ACTS,False,,23.18961642214228,53.633117971269535,58.59000015258789,45.810001373291016,51.27812184143066,0.5515752129982218,-20.940166110159065,-21.341843506966146,0.39198108178643737,59.11000061035156,False,False,False,False,False,
NASDAQ:ZYME,,https://www.tradingview.com/chart/?symbol=NASDAQ%3AZYME,False,,-43.08792821025195,-16.130218698440974,26.780000686645508,21.799999237060547,23.990079399108886,0.5366380475328509,32.82680521628092,29.681797098552774,0.37053306681477655,25.045000076293945,False,False,False,False,False,
NYSE:MH,,https://www.tradingview.com/chart/?symbol=NYSE%3AMH,False,,7.406595476597178,8.796494263639588,13.260000228881836,9.079999923706055,10.411040004730225,0.7411347607672614,25.859644610821636,29.312931123010554,0.4641975736954795,12.149999618530273,False,False,False,False,False,
NASDAQ:VRDN,,https://www.tradingview.com/chart/?symbol=NASDAQ%3AVRDN,False,,-40.2845616348747,-29.92763427465181,21.599000930786133,13.305000305175781,16.987780197143554,0.5314963709650805,42.388851854945756,36.714806806463216,0.8247885559888982,18.920000076293945,False,False,False,False,False,
TSX:VET,,https://www.tradingview.com/chart/?symbol=TSX%3AVET,False,,-41.970563074795585,-41.970563074795585,16.709999084472656,12.399999618530273,14.188879600524903,0.5686015183803741,43.52479537283466,39.93960659935039,0.45470905153056435,16.670000076293945,False,False,False,False,False,
NASDAQ:SONO,,https://www.tradingview.com/chart/?symbol=NASDAQ%3ASONO,False,,33.60321039016353,38.308336307038815,16.354999542236328,12.6899995803833,13.832239841461181,0.757231223999327,24.317998968531672,33.27096844832753,0.3274696342155638,14.779999732971191,False,False,False,False,False,
NYSE:CYD,,https://www.tradingview.com/chart/?symbol=NYSE%3ACYD,False,,-73.30013378354006,-23.830052665718394,35.119998931884766,33.599998474121094,39.81741876220703,0.05769597218956228,-57.89691140566387,-60.92218100972725,0.5889783476484689,44.72999954223633,False,True,False,False,False,
NASDAQ:HOPE,,https://www.tradingview.com/chart/?symbol=NASDAQ%3AHOPE,False,,-15.277814970156994,-15.277814970156994,13.800000190734863,10.680000305175781,11.581520233154297,0.81675396199283,47.313505595431934,42.320770135045194,0.2937331534955115,13.005000114440918,False,False,False,False,False,
NASDAQ:FTRE,,https://www.tradingview.com/chart/?symbol=NASDAQ%3AFTRE,False,,47.39970574087992,47.39970574087992,20.030000686645508,8.739999771118164,11.607399681091309,0.9292182115223013,33.66050431270682,43.03693108903335,0.7299488906209786,16.645000457763672,False,False,False,False,False,
NYSE:WBI,,https://www.tradingview.com/chart/?symbol=NYSE%3AWBI,False,,-59.81552843009757,-59.81552843009757,29.93000030517578,23.969999313354492,26.92707947540283,0.47565847288208585,7.012874079563599,-10.151822245157803,0.4072148358868167,30.770000457763672,False,False,False,False,False,
NYSE:BHC,,https://www.tradingview.com/chart/?symbol=NYSE%3ABHC,False,,-62.074065362704914,-52.30879206540198,5.635000228881836,4.440000057220459,5.044160043716431,0.4667969524889503,15.856074532881472,5.574539125402143,0.47319778465504486,5.409999847412109,False,False,False,False,False,
NASDAQ:IMKTA,,https://www.tradingview.com/chart/?symbol=NASDAQ%3AIMKTA,False,,4.079276868516148,4.079276868516148,82.98999786376953,80.56500244140625,84.00942272949219,0.1661524645111647,-53.852039511699786,-53.75752292604179,0.16527008973156557,88.30999755859375,False,True,False,False,False,
TSX:TOY,,https://www.tradingview.com/chart/?symbol=TSX%3ATOY,False,,-17.05991889955684,-17.05991889955684,19.799999237060547,17.40999984741211,18.85432004547119,0.3905227225341055,-7.35868477192474,-12.325090762273522,0.3167702347776399,19.31999969482422,False,False,False,False,False,
NYSE:BY,,https://www.tradingview.com/chart/?symbol=NYSE%3ABY,True,2026-09-21 09:30,-55.73222533522841,-55.41975093146169,37.459999084472656,29.950000762939453,32.31708047485351,0.7487536625662152,39.861729783379666,28.900777629158014,0.2853484592856239,35.150001525878906,False,False,False,False,False,
NASDAQ:ATRC,,https://www.tradingview.com/chart/?symbol=NASDAQ%3AATRC,False,,63.402272957696304,63.402272957696304,58.209999084472656,25.860000610351562,33.70464010620117,0.9732250467254541,84.2809267381469,83.55675873203704,1.1294596506655046,29.43000030517578,False,False,False,False,False,
NASDAQ:TMC,,https://www.tradingview.com/chart/?symbol=NASDAQ%3ATMC,False,,-67.22990718709856,-28.073540080804246,4.144999980926514,3.444999933242798,4.182499989509583,0.22399999816894545,-28.719688329580038,-32.69215080892269,0.6734769157727447,4.640100002288818,False,True,False,False,False,
NASDAQ:QFIN,,https://www.tradingview.com/chart/?symbol=NASDAQ%3AQFIN,False,,-58.8790323908892,-52.87916399787779,7.920000076293945,7.920000076293945,10.100640022277831,0.0,-66.45335560697333,-67.10550334047366,0.6999999927751944,13.199999809265137,False,True,False,True,False,
NYSE:BLX,,https://www.tradingview.com/chart/?symbol=NYSE%3ABLX,False,,-53.47721189862131,-36.395680395498644,54.83000183105469,48.02000045776367,51.535220565795896,0.45720048096685095,-21.07253500364509,-26.279037029923437,0.2682334014982356,55.529998779296875,False,False,False,False,False,
NASDAQ:SRPT,,https://www.tradingview.com/chart/?symbol=NASDAQ%3ASRPT,False,,-42.48902024138573,-42.48902024138573,20.1299991607666,14.845000267028809,16.948940258026123,0.5928209665005181,33.62799311353572,32.93534943514727,0.48503810494631144,18.3799991607666,False,False,False,False,False,
NASDAQ:OPRA,,https://www.tradingview.com/chart/?symbol=NASDAQ%3AOPRA,False,,-26.797519857624025,-26.797519857624025,18.100000381469727,13.510000228881836,15.171439994812012,0.6519887498926439,3.6606213774799206,-7.532576551344828,0.38344219902746,18.360000610351562,False,False,False,False,False,
NYSE:FLNG,,https://www.tradingview.com/chart/?symbol=NYSE%3AFLNG,False,,43.535865238708425,43.535865238708425,32.099998474121094,28.05500030517578,29.28809994506836,0.7741625550667225,60.97862969209093,64.89649734661852,0.1690938038390052,30.899999618530273,False,False,False,False,False,
NYSE:BFLY,,https://www.tradingview.com/chart/?symbol=NYSE%3ABFLY,False,,-3.0794910366959107,36.573213047184645,8.154999732971191,3.640000104904175,5.081960080146789,0.7389524886393155,32.42644502436255,28.46008439485783,1.0709903552683444,5.704999923706055,False,False,False,False,False,
NASDAQ:PVLA,,https://www.tradingview.com/chart/?symbol=NASDAQ%3APVLA,False,,11.500039888847473,11.500039888847473,153.57000732421875,101.51499938964844,114.93514068603515,0.915413750216344,45.932142087338356,45.75346269308058,0.4388409066956503,129.5800018310547,False,False,False,False,False,
NYSE:VET,,https://www.tradingview.com/chart/?symbol=NYSE%3AVET,False,,-47.580000170407665,-47.580000170407665,11.90999984741211,8.729999542236328,10.107059551239013,0.5449871952675527,41.277816124391244,36.83423634256028,0.48625000317891437,12.0,False,False,False,False,False,
TSX:PXT,,https://www.tradingview.com/chart/?symbol=TSX%3APXT,False,,-32.69313789259211,-32.69313789259211,27.010000228881836,20.729999542236328,22.88231974029541,0.6885965031526672,50.92706741395483,47.99474533594138,0.34670217576233764,26.30500030517578,False,False,False,False,False,
NASDAQ:MQ,,https://www.tradingview.com/chart/?symbol=NASDAQ%3AMQ,True,2026-09-21 13:30,-55.86964825775846,-55.86964825775846,15.600000381469727,14.960399627685547,15.761525207519531,0.18841712422208087,-18.65365504393452,-30.63678993465451,0.2092848371304115,16.219999313354492,False,True,False,False,False,
NYSE:NOMD,,https://www.tradingview.com/chart/?symbol=NYSE%3ANOMD,False,,-68.36855514553783,-68.36855514553783,10.59000015258789,8.994999885559082,9.867019813537597,0.4316645192861612,19.5817076819137,3.1697371643184873,0.35804261667540255,10.319999694824219,False,False,False,False,False,
NYSE:PUMP,,https://www.tradingview.com/chart/?symbol=NYSE%3APUMP,False,,-48.100599427756805,-37.94144209244802,10.15999984741211,10.15999984741211,12.059799667358398,0.0,-48.20943254375286,-53.24950104830144,0.5737704483445322,14.029999732971191,False,True,False,False,False,
NASDAQ:TH,,https://www.tradingview.com/chart/?symbol=NASDAQ%3ATH,False,,-6.85981079442449,59.740493455661216,21.270000457763672,8.920000076293945,11.8346001663208,1.0,46.97808594401503,55.44109865541007,0.733372937622678,16.84000015258789,False,False,False,False,False,
NYSE:DNOW,,https://www.tradingview.com/chart/?symbol=NYSE%3ADNOW,False,,-24.779151094341103,-24.779151094341103,15.5600004196167,11.020000457763672,12.395880439758301,0.7787307069065978,57.31826658567429,50.92513231887033,0.4370314735397559,13.34000015258789,False,False,False,False,False,
TSX:SIA,,https://www.tradingview.com/chart/?symbol=TSX%3ASIA,False,,-44.78291949210436,14.26963900223602,20.360000610351562,19.81999969482422,20.754559928894043,0.13636383340373504,-51.29945327411351,-53.368785718194374,0.1785392667869896,22.18000030517578,False,True,False,False,False,
NASDAQ:STRA,,https://www.tradingview.com/chart/?symbol=NASDAQ%3ASTRA,False,,-51.807384172481555,-51.807384172481555,78.55999755859375,70.87999725341797,74.8471584777832,0.4568707873251333,22.23555344947168,8.819449636515012,0.20807036758873834,80.79000091552734,False,False,False,False,False,
NYSE:GLP,,https://www.tradingview.com/chart/?symbol=NYSE%3AGLP,True,2026-09-21 13:30,-55.137292150042406,-55.137292150042406,50.630001068115234,41.989898681640625,44.824282592773436,0.7194029556825488,59.165803531657836,49.20372901757013,0.24791209400384234,48.44499969482422,False,False,False,False,False,
NYSE:NBHC,,https://www.tradingview.com/chart/?symbol=NYSE%3ANBHC,False,,-63.76104665876803,-63.76104665876803,40.25,37.52000045776367,39.790320205688474,0.28378376770791,-27.04152282160975,-36.30045499179418,0.2286393049898234,42.07500076293945,False,False,False,False,False,
NASDAQ:CNOB,,https://www.tradingview.com/chart/?symbol=NASDAQ%3ACNOB,False,,-26.57400406111043,-25.241062463271927,31.5,25.290000915527344,27.37152084350586,0.7040815532132987,8.241536395754833,0.34997814996166277,0.2796448775777326,31.540000915527344,False,False,False,False,False,
NYSE:DV,,https://www.tradingview.com/chart/?symbol=NYSE%3ADV,False,,14.532572578548331,14.532572578548331,13.4399995803833,8.604999542236328,9.770839668273926,0.9787448411823553,67.12996855646459,63.62772472894571,0.45635109663738394,10.824999809265137,False,False,False,False,False,
NYSE:GENI,,https://www.tradingview.com/chart/?symbol=NYSE%3AGENI,True,2026-09-21 13:30,-81.81423061886888,-81.81423061886888,5.760000228881836,3.930000066757202,4.980200078010559,0.41123598708210646,21.802793588249955,2.3789219518221003,0.7295082159434493,6.099999904632568,False,False,True,False,False,
NASDAQ:BL,,https://www.tradingview.com/chart/?symbol=NASDAQ%3ABL,False,,-51.09631843796533,-47.96441212025457,28.59000015258789,24.825000762939453,28.413380294799804,0.24761590797960512,4.964389524886378,-7.971066177487469,0.5021465545429573,30.280000686645508,False,False,False,False,False,
NASDAQ:APPN,,https://www.tradingview.com/chart/?symbol=NASDAQ%3AAPPN,False,,8.642264985536796,22.187013081241847,38.560001373291016,18.719999313354492,24.44063925933838,0.8184819408940666,66.11264011509385,63.108054043000415,0.9926289801550607,24.420000076293945,False,False,False,False,False,
NASDAQ:HCSG,,https://www.tradingview.com/chart/?symbol=NASDAQ%3AHCSG,False,,-51.95487672881497,-51.95487672881497,21.290000915527344,17.850000381469727,19.643600471496583,0.452631626498994,-20.278353317118885,-28.057083352455436,0.3483043303283122,21.81999969482422,False,False,False,False,False,
NASDAQ:AMSC,,https://www.tradingview.com/chart/?symbol=NASDAQ%3AAMSC,False,,-36.661848652121144,26.95180353376426,30.239999771118164,26.56999969482422,34.44758541870117,0.10994739357518667,-43.00180580754701,-39.51652680425679,0.9666840922367981,34.529998779296875,False,True,False,False,False,
NYSE:FIGS,,https://www.tradingview.com/chart/?symbol=NYSE%3AFIGS,False,,-41.533603338627096,-39.61676771897106,13.125,9.234999656677246,10.95189979171753,0.5347079089155236,17.826378175008717,12.85758318979057,0.5557677988847329,13.09000015258789,False,False,False,False,False,
NASDAQ:HROW,,https://www.tradingview.com/chart/?symbol=NASDAQ%3AHROW,False,,-68.05219812264005,-54.80092475960928,33.900001525878906,29.049999237060547,33.347559020996094,0.2663373164556538,-40.774287222449274,-50.39256554289489,0.472986989207082,38.5,False,False,False,False,False,
NYSE:WD,,https://www.tradingview.com/chart/?symbol=NYSE%3AWD,True,2026-09-21 09:30,-72.25903657342438,-69.03177014258777,38.369998931884766,37.790000915527344,41.9093804473877,0.0332281914792482,-60.79210306985673,-62.64866849622652,0.35528185705018234,49.130001068115234,False,True,True,True,True,FULL PASS
NASDAQ:BFC,,https://www.tradingview.com/chart/?symbol=NASDAQ%3ABFC,False,,-52.1502738262337,-49.74867732341463,151.5500030517578,130.32000732421875,136.9728442993164,0.7531041284272073,49.10426499195705,39.61331843707178,0.19399895159484853,145.30999755859375,False,False,False,False,False,
NYSE:ASAN,,https://www.tradingview.com/chart/?symbol=NYSE%3AASAN,False,,25.189247758724253,25.189247758724253,9.550000190734863,5.460000038146973,6.610500038146973,0.8389743902744391,54.550188850945716,55.63141760783644,0.6659835909393906,7.320000171661377,False,False,False,False,False,
TSX:SIS,,https://www.tradingview.com/chart/?symbol=TSX%3ASIS,False,,49.366100392706755,62.752417731297975,29.235000610351562,24.739999771118164,26.358959915161133,0.6552478774492467,-13.373690992666006,-8.017194591917942,0.23737026646716725,28.899999618530273,False,False,False,False,False,
NASDAQ:TRIP,,https://www.tradingview.com/chart/?symbol=NASDAQ%3ATRIP,False,,-41.21747954347058,-41.21747954347058,8.805000305175781,8.7568998336792,10.243251544952393,0.007637298216227438,-36.341344670659566,-39.74568529110221,0.5743821599500976,10.96500015258789,False,True,False,False,False,
NYSE:KMPR,,https://www.tradingview.com/chart/?symbol=NYSE%3AKMPR,False,,-44.15266789170186,-44.15266789170186,26.56999969482422,22.829999923706055,25.503879905700682,0.33009706940005046,-17.744939725080815,-24.124064203582915,0.39340278555029723,28.799999237060547,False,False,False,False,False,
NASDAQ:PLPC,,https://www.tradingview.com/chart/?symbol=NASDAQ%3APLPC,False,,0.6993876583955242,32.99415277407136,420.07000732421875,245.50999450683594,301.4608749389648,0.736291595533966,35.866072221289386,35.341101806484545,0.6629753853036188,357.6000061035156,False,False,False,False,False,
NYSE:TDOC,,https://www.tradingview.com/chart/?symbol=NYSE%3ATDOC,False,,-17.20431435193987,-17.20431435193987,6.28000020980835,5.090000152587891,6.19684005355835,0.2537313781855826,-22.277337493737118,-24.884508963555742,0.7116842901045366,6.590000152587891,False,False,False,False,False,
NYSE:WWW,,https://www.tradingview.com/chart/?symbol=NYSE%3AWWW,False,,-44.78012925307985,-40.8086957852243,19.489999771118164,14.680000305175781,16.176240341186524,0.7586749763687332,45.977203264338215,35.70061815275691,0.3606370978442729,17.579999923706055,False,False,False,False,False,
NYSE:TSLX,,https://www.tradingview.com/chart/?symbol=NYSE%3ATSLX,False,,-17.62096688048027,-3.9559213239459,18.049999237060547,16.1299991607666,17.0008392868042,0.5203251486206873,32.90584118477296,33.45961165236702,0.20643359631091565,17.875,False,False,False,False,False,
NASDAQ:INNV,,https://www.tradingview.com/chart/?symbol=NASDAQ%3AINNV,False,,-19.033708198713867,-19.033708198713867,10.619999885559082,7.090000152587891,8.338440143585204,0.6672967407233539,27.85721380652608,19.969719108508627,0.5718918877678949,9.25,False,False,False,False,False,
NYSE:ADNT,,https://www.tradingview.com/chart/?symbol=NYSE%3AADNT,False,,-62.77897130929946,-62.77897130929946,17.450000762939453,17.450000762939453,18.995800582885742,0.0,-54.92716093752349,-63.03374618592731,0.3213934988608786,20.3799991607666,False,True,False,False,False,
NASDAQ:DSGR,,https://www.tradingview.com/chart/?symbol=NASDAQ%3ADSGR,False,,54.09727010974664,54.09727010974664,34.880001068115234,19.28499984741211,22.996099487304686,0.9917330832411902,58.40226235280389,54.5161774767146,0.5722343062616146,27.479999542236328,False,False,False,False,False,
NYSE:OBK,,https://www.tradingview.com/chart/?symbol=NYSE%3AOBK,False,,-23.70426593620994,-23.505279561992598,53.68000030517578,39.90999984741211,43.5797996673584,0.8855306195093195,50.11376953390957,46.06564264012793,0.31420486380436685,49.4900016784668,False,False,False,False,False,
NASDAQ:EYE,,https://www.tradingview.com/chart/?symbol=NASDAQ%3AEYE,False,,-25.01258898705575,-15.359147066448836,16.440000534057617,15.225000381469727,18.346100471496584,0.09187146446440138,-38.84251385591333,-42.421878936469426,0.6686046472383897,19.780000686645508,False,True,False,False,False,
NASDAQ:MAZE,,https://www.tradingview.com/chart/?symbol=NASDAQ%3AMAZE,True,2026-09-21 13:30,-77.05237254923719,-77.05237254923719,22.399999618530273,22.010099411010742,29.158515769958495,0.012872284482902474,-41.28761945865899,-53.138305637908076,1.1148288458224187,27.170000076293945,False,True,True,False,False,"NEAR: 4h+band ok, weekly shallow"
NASDAQ:PGEN,,https://www.tradingview.com/chart/?symbol=NASDAQ%3APGEN,False,,43.84288784793793,68.95853018577515,7.704999923706055,3.0999999046325684,4.223359958648682,0.9674369322783078,70.51515190241214,71.78317997083757,1.0010515487530132,4.755000114440918,False,False,False,False,False,
NASDAQ:QCRH,,https://www.tradingview.com/chart/?symbol=NASDAQ%3AQCRH,False,,-47.35699946261483,-47.35699946261483,99.63999938964844,79.88999938964844,86.21480010986328,0.7369402145909307,41.0812652297145,30.73669426931726,0.2813058045143562,95.2699966430664,False,False,False,False,False,
NASDAQ:VIR,,https://www.tradingview.com/chart/?symbol=NASDAQ%3AVIR,False,,-38.4907438291118,-11.821644232830382,10.875,8.25,9.047680027008056,0.7766271926396661,46.86993999533045,47.95801373720334,0.35843054136337194,9.430000305175781,False,False,False,False,False,
NYSE:TIC,,https://www.tradingview.com/chart/?symbol=NYSE%3ATIC,False,,-36.155779361918384,-34.04043550673541,9.244999885559082,6.489999771118164,7.446979843139649,0.6794081151916191,19.749173516722482,18.48346273549902,0.4815914808115519,8.420000076293945,False,False,False,False,False,
NASDAQ:RBCAA,,https://www.tradingview.com/chart/?symbol=NASDAQ%3ARBCAA,True,2026-09-21 09:30,-57.27467895045072,-54.25178137741679,93.65499877929688,66.8499984741211,75.02739883422852,0.7735930483338086,45.63295506062649,38.31992205196076,0.4012739101120359,86.3499984741211,False,False,False,False,False,
NASDAQ:PICS,,https://www.tradingview.com/chart/?symbol=NASDAQ%3APICS,True,2026-09-21 09:30,-59.515384528029266,-54.14734485951743,9.6899995803833,9.020000457763672,10.660200412750244,0.0964027541017259,-34.54675090653543,-44.49836632757446,0.6155890020148799,11.289999961853027,False,True,False,False,False,
NYSE:BHVN,,https://www.tradingview.com/chart/?symbol=NYSE%3ABHVN,False,,-59.685948098671474,3.7082600140864472,14.220000267028809,8.0600004196167,10.162760158538818,0.6913580934046509,22.398519456419383,14.739036689475912,0.7381937961074284,12.069999694824219,False,False,False,False,False,
NYSE:IDT,,https://www.tradingview.com/chart/?symbol=NYSE%3AIDT,False,,-13.459545530248457,-13.459545530248457,68.83999633789062,47.25,53.03436050415039,0.8808647268935356,68.33627382415142,64.17336875869904,0.4420198701351861,55.45000076293945,False,False,False,False,False,
NASDAQ:MLTX,,https://www.tradingview.com/chart/?symbol=NASDAQ%3AMLTX,False,,-70.98357547954835,-42.49625600501228,12.539999961853027,12.100000381469727,14.471800201416016,0.04378105609806923,-61.49376612371784,-65.52557049521192,0.5677965425913086,17.700000762939453,False,True,False,True,False,"WATCH: weekly+band ok, waiting on 4h dot"
NASDAQ:INVA,,https://www.tradingview.com/chart/?symbol=NASDAQ%3AINVA,False,,-2.8283112633724126,21.300152776455842,21.040000915527344,20.450000762939453,21.349160636901857,0.15485570480046176,-47.216031830776906,-43.52865849070037,0.17239816290396845,22.100000381469727,False,True,False,False,False,
NASDAQ:HLMN,,https://www.tradingview.com/chart/?symbol=NASDAQ%3AHLMN,False,,-28.597176699170603,-28.597176699170603,7.099999904632568,6.980000019073486,7.5759000415802005,0.0475247053571378,-23.604423459827476,-32.31375796417419,0.3162179152345379,7.985000133514404,False,True,False,False,False,
NYSE:GBX,,https://www.tradingview.com/chart/?symbol=NYSE%3AGBX,False,,-62.21564420853172,-62.21564420853172,41.959999084472656,41.81999969482422,44.616599334716796,0.01181429600638165,-56.45587815207599,-59.86413690286358,0.2442291500890738,48.52000045776367,False,True,False,False,False,
NYSE:LZB,,https://www.tradingview.com/chart/?symbol=NYSE%3ALZB,False,,-66.73183272477813,-64.96128461801288,29.68000030517578,29.579999923706055,32.55713986968994,0.007927101330487202,-30.464624097215893,-38.24694011913105,0.3514906655238518,35.88999938964844,False,True,False,False,False,
NYSE:VOYG,,https://www.tradingview.com/chart/?symbol=NYSE%3AVOYG,False,,24.448882319062204,53.79747974107318,37.650001525878906,21.950000762939453,28.998140258789064,0.52569904188695,6.806839527342487,12.070475722424701,0.9149815693085159,32.63999938964844,False,False,False,False,False,
AMEX:CET,,https://www.tradingview.com/chart/?symbol=AMEX%3ACET,False,,12.719257353930857,36.3253131853873,56.49359893798828,48.52399826049805,50.40633467102051,0.999197459802445,68.31912791936277,71.42138058864735,0.1506042650563496,52.959999084472656,False,False,False,False,False,
NASDAQ:PRGS,,https://www.tradingview.com/chart/?symbol=NASDAQ%3APRGS,False,,-42.73103613142022,-42.73103613142022,40.45000076293945,25.06999969482422,30.077919982910156,0.724787944550628,41.59911237313949,31.994275173808777,0.6515198470841634,32.56999969482422,False,False,False,False,False,
NYSE:WOLF,,https://www.tradingview.com/chart/?symbol=NYSE%3AWOLF,False,,-47.47199087542759,0.7514179770533715,27.700000762939453,14.779999732971191,28.680954433441162,0.2193461031111355,-34.49008490921846,-33.58347160545886,2.014444284773937,29.239999771118164,False,True,False,False,False,
NYSE:GAM,,https://www.tradingview.com/chart/?symbol=NYSE%3AGAM,False,,-71.65821942756104,-28.494549598256896,65.51000213623047,56.86000061035156,59.49140097045898,0.7757847840471093,40.71044934855477,27.99968357380236,0.17357167238210702,64.23860168457031,False,False,False,False,False,
NASDAQ:AIP,,https://www.tradingview.com/chart/?symbol=NASDAQ%3AAIP,False,,-24.933643751383258,28.80240270842788,24.170000076293945,14.640000343322754,22.837460262298585,0.274363029427559,-39.76810276385467,-38.77831140672689,1.2029437110537575,28.875,False,False,False,False,False,
NYSE:REX,,https://www.tradingview.com/chart/?symbol=NYSE%3AREX,False,,-2.732648498874562,50.94163744687311,43.13999938964844,38.63999938964844,41.90269956970215,0.3254972695598764,-36.52711200428763,-30.056394555180837,0.31221773134743935,44.279998779296875,False,False,False,False,False,
NASDAQ:LKFN,,https://www.tradingview.com/chart/?symbol=NASDAQ%3ALKFN,False,,-23.754544531563713,-23.754544531563713,59.959999084472656,54.689998626708984,56.88243884277344,0.5672766349199571,-4.131851685393711,-10.961028590721654,0.15361721620386298,60.474998474121094,False,False,False,False,False,
NASDAQ:SEPN,,https://www.tradingview.com/chart/?symbol=NASDAQ%3ASEPN,False,,9.333635691751658,9.333635691751658,38.58000183105469,23.040000915527344,28.963600555419923,0.619123580089042,46.28793523669125,42.540995797822255,0.7537061512178884,33.302101135253906,False,False,False,False,False,
NASDAQ:LIND,,https://www.tradingview.com/chart/?symbol=NASDAQ%3ALIND,False,,32.230388597309066,48.19954887329638,28.31999969482422,16.170000076293945,20.491159950256346,0.6635718171991184,24.986800498222212,19.833774115127287,0.7635529531054707,23.979999542236328,False,False,False,False,False,
NASDAQ:BLFS,,https://www.tradingview.com/chart/?symbol=NASDAQ%3ABLFS,False,,35.43679931616232,53.09628177112281,37.20000076293945,18.15999984741211,22.7147996673584,0.9865285838439856,64.71468084346911,62.85498403214886,0.7209562535313024,26.770000457763672,False,False,False,False,False,
NYSE:ENOV,,https://www.tradingview.com/chart/?symbol=NYSE%3AENOV,False,,-48.01864572254082,-48.01864572254082,18.049999237060547,17.489999771118164,20.784560005187988,0.0401145720742046,-37.67136073665088,-46.52679327845475,0.5838561723509272,23.90999984741211,False,True,False,False,False,
NASDAQ:BCAX,,https://www.tradingview.com/chart/?symbol=NASDAQ%3ABCAX,False,,-61.681104263229805,-55.112655458194496,22.024999618530273,17.959999084472656,20.89347915649414,0.3270314106400282,-14.851836793749518,-22.769703353793176,0.5399652501302913,23.020000457763672,False,False,False,False,False,
NYSE:DXC,,https://www.tradingview.com/chart/?symbol=NYSE%3ADXC,False,,-30.544635546886212,-30.544635546886212,10.890000343322754,8.09000015258789,9.34434005355835,0.5268109899893795,34.25687651116518,31.52005876752929,0.48828658416383747,10.885000228881836,False,False,False,False,False,
NASDAQ:RAPP,,https://www.tradingview.com/chart/?symbol=NASDAQ%3ARAPP,False,,-68.0636323605074,-68.0636323605074,39.619998931884766,26.354999542236328,32.52757925415039,0.5071688017109913,42.17228156685426,23.545032477827196,0.6660300095343146,39.27000045776367,False,False,False,False,False,
NASDAQ:USAR,,https://www.tradingview.com/chart/?symbol=NASDAQ%3AUSAR,False,,-64.58944136295152,-22.45166040771275,16.775299072265625,13.074999809265137,17.29585963821411,0.20689401246607284,-36.27472322226784,-38.74569962168498,0.9457958445015606,18.90999984741211,False,True,False,False,False,
NYSE:GSL,,https://www.tradingview.com/chart/?symbol=NYSE%3AGSL,False,,32.875127580094514,32.875127580094514,45.619998931884766,35.880001068115234,38.365080780029295,0.9249761626676946,71.61782489500659,69.0996255654628,0.26288849579502366,40.05500030517578,False,False,False,False,False,
NYSE:SFL,,https://www.tradingview.com/chart/?symbol=NYSE%3ASFL,False,,60.78769496582931,60.78769496582931,13.510000228881836,9.880000114440918,10.838159988403321,0.8940888157477489,69.12047059685113,72.8502626438505,0.3567662060732628,11.380000114440918,False,False,False,False,False,
NASDAQ:GIII,,https://www.tradingview.com/chart/?symbol=NASDAQ%3AGIII,False,,-27.629930936710142,-27.629930936710142,27.68000030517578,25.71500015258789,28.335780044555662,0.1769473420610496,-33.542799775857304,-41.14622986802301,0.3453584190271009,32.154998779296875,False,True,False,False,False,
NYSE:TPB,,https://www.tradingview.com/chart/?symbol=NYSE%3ATPB,False,,-74.85530308338765,-74.85530308338765,61.380001068115234,61.380001068115234,69.3780400238037,0.0,-47.600678371044296,-60.85094850172746,0.4068671147121329,83.29499816894531,False,True,False,False,False,
NASDAQ:GLUE,,https://www.tradingview.com/chart/?symbol=NASDAQ%3AGLUE,True,2026-09-21 09:30,-75.71319713070581,-73.48736657558217,12.260000228881836,12.135000228881836,15.08028012084961,0.010016026008411286,-38.371812148847475,-42.764667671284236,0.7003366866420945,17.81999969482422,False,True,True,False,False,
NASDAQ:AHCO,,https://www.tradingview.com/chart/?symbol=NASDAQ%3AAHCO,False,,-38.27137119699375,-38.27137119699375,5.75,5.210000038146973,7.140480110168457,0.06601466280036077,-58.29887721542995,-56.636421101253624,0.7911025323465295,10.34000015258789,False,True,False,False,False,
NASDAQ:ALNT,,https://www.tradingview.com/chart/?symbol=NASDAQ%3AALNT,False,,2.76352871169246,54.70108872260266,109.44999694824219,58.619998931884766,72.0684599761963,0.8919890158684298,40.28453680659785,47.47425337913032,0.6571906934231908,86.70999908447266,False,False,False,False,False,
NASDAQ:MLKN,,https://www.tradingview.com/chart/?symbol=NASDAQ%3AMLKN,False,,-66.77237231250287,-66.77237231250287,20.31999969482422,14.020000457763672,16.494460151672364,0.6008583706601901,28.412898278992472,14.677349337627968,0.5594983367695804,18.739999771118164,False,False,False,False,False,
NYSE:SLVM,,https://www.tradingview.com/chart/?symbol=NYSE%3ASLVM,False,,-4.770198803729329,15.889320994261197,36.130001068115234,34.529998779296875,37.045758743286136,0.15009402548976455,-58.08630650761614,-56.19101786290675,0.27400077578423626,38.904998779296875,False,True,False,False,False,
NYSE:BRBR,,https://www.tradingview.com/chart/?symbol=NYSE%3ABRBR,False,,-51.064176116041345,-51.064176116041345,8.949999809265137,7.894999980926514,10.501620111465455,0.09551831376228816,-43.2995009278192,-48.805808673563384,0.9521551887855797,11.600000381469727,False,True,False,False,False,
NYSE:KRP,,https://www.tradingview.com/chart/?symbol=NYSE%3AKRP,False,,-64.8058602879424,-64.8058602879424,14.449999809265137,14.010000228881836,14.401760192871095,0.26506001254713796,43.194226984576716,27.362576605862582,0.1118598268425643,14.84000015258789,False,False,False,False,False,
NYSE:ARDT,,https://www.tradingview.com/chart/?symbol=NYSE%3AARDT,True,2026-09-21 13:30,-57.53692170592317,-57.53692170592317,10.609999656677246,7.800000190734863,8.694440181732178,0.741424668661079,37.86347316118098,27.060149458997255,0.38205644482907597,9.920000076293945,False,False,False,False,False,
NASDAQ:AMLX,,https://www.tradingview.com/chart/?symbol=NASDAQ%3AAMLX,False,,-20.56937860300876,-20.56937860300876,32.380001068115234,12.699999809265137,19.059019962310792,0.730376722404968,81.11529003240001,74.8728967529522,1.5647503904139002,17.219999313354492,False,False,False,False,False,
NYSE:AAT,,https://www.tradingview.com/chart/?symbol=NYSE%3AAAT,False,,-15.3456708382124,24.130892929827553,21.9950008392334,18.170000076293945,19.982480148315428,0.49804695455046677,-18.380586265519625,-21.57070210591495,0.34201738282207245,22.454999923706055,False,False,False,False,False,
TSX:TSU,,https://www.tradingview.com/chart/?symbol=TSX%3ATSU,False,,20.654595386136275,20.654595386136275,42.189998626708984,39.97999954223633,41.70043975830078,0.30315484319974045,-22.033610428851336,-16.199149960741476,0.1709662528113711,42.63999938964844,False,False,False,False,False,
NYSE:TV,,https://www.tradingview.com/chart/?symbol=NYSE%3ATV,False,,-68.95620435395155,-2.5170818777045905,2.549999952316284,2.184999942779541,2.4528599405288696,0.32158591418821625,-57.08544090295273,-60.59364608205848,0.40319714649809274,2.815000057220459,False,False,False,False,False,
AMEX:IE,,https://www.tradingview.com/chart/?symbol=AMEX%3AIE,False,,-56.36751804048365,-24.908582972178493,9.869999885559082,8.024999618530273,9.782019771575929,0.24781734134581945,-18.563394434356027,-25.30674027386649,0.6683124254085883,11.140000343322754,False,False,False,False,False,
NASDAQ:CSWC,,https://www.tradingview.com/chart/?symbol=NASDAQ%3ACSWC,False,,-58.371457875046666,-58.371457875046666,23.440000534057617,21.3799991607666,22.3688392868042,0.49164704313202084,45.55535329809832,29.381743793560375,0.17731699885179708,23.6299991607666,False,False,False,False,False,
NYSE:TNC,,https://www.tradingview.com/chart/?symbol=NYSE%3ATNC,True,2026-09-21 09:30,-57.148282766158445,-57.148282766158445,65.9000015258789,62.0099983215332,68.88703907775879,0.13349357503727316,-48.732903678033665,-51.24929602719723,0.35708598744723674,81.6050033569336,False,True,False,False,False,
NYSE:SVV,,https://www.tradingview.com/chart/?symbol=NYSE%3ASVV,False,,-73.55362019344416,-59.41596031009093,9.229999542236328,7.025000095367432,8.304120000839234,0.40682649627684286,10.112362734166858,-5.695289008297094,0.579059807506538,9.359999656677246,False,False,False,False,False,
TSX:KEL,,https://www.tradingview.com/chart/?symbol=TSX%3AKEL,False,,8.58765282068847,8.58765282068847,10.510000228881836,8.050000190734863,8.809920253753662,0.7639751037713077,63.488070067228044,63.004417790446766,0.33576644585974086,9.59000015258789,False,False,False,False,False,
NASDAQ:IART,,https://www.tradingview.com/chart/?symbol=NASDAQ%3AIART,True,2026-09-21 13:30,-58.583976381406245,-55.98914123086766,15.59000015258789,8.84000015258789,11.509160026550292,0.5968170043089891,-16.471350940654887,-25.8760227477043,0.6951443852323624,16.270000457763672,False,False,False,False,False,
NYSE:FMC,,https://www.tradingview.com/chart/?symbol=NYSE%3AFMC,True,2026-09-21 09:30,-63.948646610993706,-61.35723683815953,10.274999618530273,9.975000381469727,11.916100471496582,0.036474069683500726,-20.713145137351553,-29.985878448843458,0.6926567544116367,11.874568939208984,False,True,True,False,False,
NYSE:INSP,,https://www.tradingview.com/chart/?symbol=NYSE%3AINSP,False,,60.81438323376141,60.81438323376141,75.72000122070312,39.85499954223633,48.57933015441894,0.9701764837177165,64.95249650065774,69.58760088601669,0.7088686771303236,52.150001525878906,False,False,False,False,False,
NYSE:PRGO,,https://www.tradingview.com/chart/?symbol=NYSE%3APRGO,False,,-55.696466976596184,-30.984584225696896,14.130000114440918,9.244999885559082,10.58429993057251,0.860792962942486,54.03872094064908,52.087009680720406,0.5128784822365331,11.0649995803833,False,False,False,False,False,
NYSE:VPG,,https://www.tradingview.com/chart/?symbol=NYSE%3AVPG,False,,-20.072189718333856,17.194667010303153,64.95999908447266,40.119998931884766,66.07999803161621,0.2258181910365084,-35.78428150175659,-36.2864932496619,1.6371482689144028,67.19000244140625,False,True,False,False,False,
NASDAQ:PLTK,,https://www.tradingview.com/chart/?symbol=NASDAQ%3APLTK,False,,-6.904447609202119,-6.904447609202119,2.319999933242798,2.184999942779541,2.6572359256744384,0.06746626454430832,-45.471051541382245,-45.55252609814644,0.5920117928314731,3.380000114440918,False,True,False,False,False,
NASDAQ:PWP,,https://www.tradingview.com/chart/?symbol=NASDAQ%3APWP,False,,-85.93014968256524,-58.64005645620099,13.449999809265137,12.680000305175781,15.091920143127442,0.07534242229186804,-41.178089100151254,-56.369776851379584,0.6054502263903165,16.8799991607666,False,True,False,False,False,
NASDAQ:JJSF,,https://www.tradingview.com/chart/?symbol=NASDAQ%3AJJSF,True,2026-09-21 09:30,-74.57701026272348,-73.03874993838413,77.94000244140625,69.7300033569336,74.97628234863281,0.36932076753851595,28.69849328220475,13.513193964196502,0.2821781679613459,78.77999877929688,False,False,True,False,False,
NASDAQ:ATLC,,https://www.tradingview.com/chart/?symbol=NASDAQ%3AATLC,False,,-17.785985649654425,-17.785985649654425,91.05000305175781,47.959999084472656,63.26931973266601,0.6642516131164423,1.6682179215518123,-5.632532049982968,0.711840279838799,91.12999725341797,False,False,False,False,False,
NASDAQ:XERS,,https://www.tradingview.com/chart/?symbol=NASDAQ%3AXERS,False,,-42.783581290040935,29.30208060333415,8.800000190734863,5.283100128173828,6.148488452911377,0.9590936127040073,34.529082093645314,34.85203148961682,0.5314347290448903,6.900000095367432,False,False,False,False,False,
NYSE:AMPX,,https://www.tradingview.com/chart/?symbol=NYSE%3AAMPX,False,,-46.69696076618134,0.7850118921790544,9.619999885559082,8.449999809265137,12.067880016326903,0.07632093994334316,-44.9763479837111,-44.57633695340687,1.0026161488310754,15.289999961853027,False,True,False,False,False,
NASDAQ:CNXC,,https://www.tradingview.com/chart/?symbol=NASDAQ%3ACNXC,False,,-37.48336272776698,-37.48336272776698,27.479999542236328,20.950000762939453,23.92596090698242,0.5178428598914097,37.91574496208138,34.963018473354985,0.4850000234750601,26.0,False,False,False,False,False,
NASDAQ:TRS,,https://www.tradingview.com/chart/?symbol=NASDAQ%3ATRS,False,,-23.36647306661037,-23.36647306661037,37.86000061035156,33.77000045776367,36.4297205657959,0.36291038034256456,-31.41686642763267,-38.05782064683357,0.2861858850199129,39.380001068115234,False,False,False,False,False,
NYSE:EFC,,https://www.tradingview.com/chart/?symbol=NYSE%3AEFC,True,2026-09-21 09:30,-73.40480404412405,-61.7004805185447,12.619999885559082,11.319999694824219,11.906459838867187,0.5231387812620888,1.2558487451980358,-17.866381400598424,0.1851714304190837,13.420000076293945,False,False,True,False,False,
NASDAQ:AVBP,,https://www.tradingview.com/chart/?symbol=NASDAQ%3AAVBP,False,,-61.79815248893387,-3.291649412716326,29.739999771118164,21.030000686645508,24.376480308532713,0.6142454209167838,-18.77441392037179,-22.44485962148677,0.4724304076686919,30.014999389648438,False,False,False,False,False,
TSX:CJ,,https://www.tradingview.com/chart/?symbol=TSX%3ACJ,False,,34.99943071720829,34.99943071720829,12.149999618530273,10.300000190734863,10.97260005569458,0.6491227365706734,49.772393154288615,52.26092517897617,0.24761071860311157,11.510000228881836,False,False,False,False,False,
TSX:MAL,,https://www.tradingview.com/chart/?symbol=TSX%3AMAL,False,,29.54374611500704,29.54374611500704,32.84000015258789,18.84000015258789,24.626720260620118,0.5709624689491893,16.69980672377768,10.312414456822891,0.7696170743260103,31.860000610351562,False,False,False,False,False,
TSX:RCH,,https://www.tradingview.com/chart/?symbol=TSX%3ARCH,False,,46.535660253468905,46.535660253468905,35.9900016784668,34.209999084472656,36.14283966064453,0.21733846927749004,-44.703808712728176,-38.85457384781007,0.21070240973657586,38.869998931884766,False,True,False,False,False,
NYSE:XZO,,https://www.tradingview.com/chart/?symbol=NYSE%3AXZO,False,,14.275542375119562,35.639295719862915,16.719999313354492,12.539999961853027,14.026800006866456,0.6634919404683207,24.2133448152876,28.119161275411802,0.3972257457195145,15.859999656677246,False,False,False,False,False,
NASDAQ:PEBO,,https://www.tradingview.com/chart/?symbol=NASDAQ%3APEBO,False,,-35.554703980242074,-35.554703980242074,39.029998779296875,31.15999984741211,33.76544006347656,0.7128621629746343,40.23431986375988,31.49112397728922,0.30518316927059086,36.17499923706055,False,False,False,False,False,
NASDAQ:MRTN,,https://www.tradingview.com/chart/?symbol=NASDAQ%3AMRTN,False,,-75.9755448685999,-75.9755448685999,13.225000381469727,11.449999809265137,13.080382335662842,0.25693365100387455,-41.37104957412196,-46.36020534418536,0.46271938341411567,14.930000305175781,False,False,False,False,False,
NASDAQ:BJRI,,https://www.tradingview.com/chart/?symbol=NASDAQ%3ABJRI,False,,-38.23032917995531,-28.168695225906603,61.099998474121094,33.400001525878906,43.03352145385742,0.6785888573084535,23.916955474471802,15.609913668549382,0.7754559302455349,52.63999938964844,False,False,False,False,False,
NYSE:DFH,,https://www.tradingview.com/chart/?symbol=NYSE%3ADFH,True,2026-09-21 13:30,-72.92723602743116,-72.80336185072734,11.390000343322754,11.345000267028809,12.771620059967042,0.007444182435951176,-60.61953947423143,-69.37787147864367,0.4146089954905202,14.579999923706055,False,True,True,True,True,FULL PASS
NYSE:CRI,,https://www.tradingview.com/chart/?symbol=NYSE%3ACRI,False,,-66.44253413281884,-34.51950712686266,30.690000534057617,28.975000381469727,32.372220039367676,0.11913861238551104,-55.81904122087207,-60.17394099975043,0.3833554951502549,37.54999923706055,False,True,False,False,False,
NASDAQ:WEN,,https://www.tradingview.com/chart/?symbol=NASDAQ%3AWEN,True,2026-09-21 09:30,-80.48080234012694,-79.53533967039415,6.695000171661377,6.164999961853027,6.8647399978637695,0.1787521694883417,10.649961458686874,-9.046808036464238,0.4024595767364667,7.367199897766113,False,True,True,False,False,
NASDAQ:XNCR,,https://www.tradingview.com/chart/?symbol=NASDAQ%3AXNCR,False,,-54.4226760338293,-1.7777715859120846,25.030000686645508,10.40999984741211,14.886919685363768,0.7706906361847475,70.98389860885372,64.37774331202655,1.4436833194600578,13.140000343322754,False,False,False,False,False,
NYSE:ENR,,https://www.tradingview.com/chart/?symbol=NYSE%3AENR,False,,4.441144304504462,52.99792016717999,21.6299991607666,16.219999313354492,17.80591960144043,0.8050593548621486,28.919207935067273,32.25041010987924,0.33283809028966854,20.190000534057617,False,False,False,False,False,
NYSE:PRSU,,https://www.tradingview.com/chart/?symbol=NYSE%3APRSU,False,,-4.199461866325976,-4.199461866325976,48.439998626708984,34.08000183105469,39.25548100280761,0.6548107201881709,4.614857916069295,1.6191439493515118,0.4675905282940723,46.900001525878906,False,False,False,False,False,
TSX:ERD,,https://www.tradingview.com/chart/?symbol=TSX%3AERD,False,,-27.182804309669535,29.99643436476066,6.699999809265137,4.659999847412109,5.308999847412109,0.7418181679465554,28.27957771156099,32.109344576812276,0.4442649393503968,6.190000057220459,False,False,False,False,False,
NYSE:ECVT,,https://www.tradingview.com/chart/?symbol=NYSE%3AECVT,False,,12.102712272708152,12.102712272708152,10.399999618530273,9.90999984741211,11.102979919433594,0.09693367785091062,-58.35275317877413,-53.59928362386604,0.3996047792579373,12.649999618530273,False,True,False,False,False,
NYSE:ALX,,https://www.tradingview.com/chart/?symbol=NYSE%3AALX,False,,-66.32275578625938,-42.94967590877612,249.28500366210938,225.44000244140625,239.87140100097656,0.389942822579317,-0.6657164120185085,-14.768230362304518,0.23924097197290048,255.60000610351562,False,False,False,False,False,
NASDAQ:TSHA,,https://www.tradingview.com/chart/?symbol=NASDAQ%3ATSHA,False,,-48.247137181908954,-36.64935075549406,5.039999961853027,4.059999942779541,4.8092999877929685,0.3086614047877151,-35.526586348344054,-44.521804648368274,0.5460017471182103,5.815000057220459,False,False,False,False,False,
NASDAQ:ZBIO,,https://www.tradingview.com/chart/?symbol=NASDAQ%3AZBIO,False,,-7.042224932759915,-1.0939805179556554,32.63999938964844,16.8799991607666,20.86603946685791,0.933096448706837,46.83053828123255,45.115844110953724,0.7359477444668192,22.950000762939453,False,False,False,False,False,
NYSE:SID,,https://www.tradingview.com/chart/?symbol=NYSE%3ASID,False,,-43.762262374138864,-43.762262374138864,1.159999966621399,0.8460000157356262,0.9826440007686614,0.5423143096355603,1.8992827266178995,6.281895130093707,0.486554545159482,1.190000057220459,False,False,False,False,False,
NYSE:SBH,,https://www.tradingview.com/chart/?symbol=NYSE%3ASBH,False,,-43.168374533459115,-32.26289501635163,16.114999771118164,11.739999771118164,12.944779663085937,0.8570030151429671,44.592050233055396,39.058915620863324,0.3573678401656516,14.28499984741211,False,False,False,False,False,
NASDAQ:WABC,,https://www.tradingview.com/chart/?symbol=NASDAQ%3AWABC,False,,48.37229013258186,48.37229013258186,59.5,49.619998931884766,52.65967918395996,0.7670807646571882,35.97620498143758,40.7753839511235,0.2228759450435406,57.790000915527344,False,False,False,False,False,
NASDAQ:ABSI,,https://www.tradingview.com/chart/?symbol=NASDAQ%3AABSI,False,,-50.84840143136562,32.23191867213564,9.8149995803833,2.2950000762939453,4.54292361831665,0.7894929919939254,33.0480793295377,40.10527907104687,1.336856105871368,7.125,False,False,False,False,False,
NASDAQ:PNTG,,https://www.tradingview.com/chart/?symbol=NASDAQ%3APNTG,False,,14.24350949175664,14.24350949175664,38.90999984741211,28.940000534057617,32.135463706970214,0.7363313894201519,33.64476155453327,33.91942503202965,0.38227269594211827,35.41999816894531,False,False,False,False,False,
NYSE:ARLO,,https://www.tradingview.com/chart/?symbol=NYSE%3AARLO,False,,-22.187323217093866,-22.187323217093866,13.319999694824219,12.3100004196167,13.167860248565674,0.27785405133261254,-6.41783173389451,-10.182205058498813,0.2706626353393774,13.430000305175781,False,False,False,False,False,
NYSE:OI,,https://www.tradingview.com/chart/?symbol=NYSE%3AOI,True,2026-09-21 09:30,-66.85878519467025,-64.2446290514864,6.09499979019165,6.070000171661377,7.2334801311492924,0.005070916714148881,-62.96037887976191,-64.71883784354587,0.5447513507663589,9.050000190734863,False,True,True,True,True,FULL PASS
NYSE:LOMA,,https://www.tradingview.com/chart/?symbol=NYSE%3ALOMA,True,2026-09-21 09:30,-56.974068315510486,-54.54436720559861,9.609999656677246,9.229999542236328,10.030039623260498,0.11209441768624005,-54.42465040954847,-55.517347400227415,0.30568082025965393,11.09000015258789,False,True,False,False,False,
NYSE:FOR,,https://www.tradingview.com/chart/?symbol=NYSE%3AFOR,True,2026-09-21 09:30,-72.11485866615703,-63.05857365730369,26.389999389648438,23.979999542236328,25.860919830322267,0.3023838743150777,-34.11272723960794,-43.860556872779846,0.2879335669376002,27.68000030517578,False,False,True,False,False,
NYSE:RERE,,https://www.tradingview.com/chart/?symbol=NYSE%3ARERE,False,,-44.84047864532414,-42.33808516907258,3.930000066757202,3.609999895095825,4.1008799333572385,0.1538462243841895,-28.894055883878263,-34.685169491989605,0.4776119754339629,4.355000019073486,False,True,False,False,False,
NASDAQ:BLKB,,https://www.tradingview.com/chart/?symbol=NASDAQ%3ABLKB,True,2026-09-21 13:30,-65.4039103107613,-65.4039103107613,43.06999969482422,26.200000762939453,31.557200942993163,0.7431717341361114,39.49985990152985,33.98608267097479,0.6057372031279806,37.474998474121094,False,False,True,False,False,
NASDAQ:AMAL,,https://www.tradingview.com/chart/?symbol=NASDAQ%3AAMAL,False,,-64.31909608211656,-30.84366778571878,48.0,36.95000076293945,40.30120094299316,0.7781689185468154,36.22084258141028,27.208148498948628,0.3225806591384313,44.02000045776367,False,False,False,False,False,
NASDAQ:GCT,,https://www.tradingview.com/chart/?symbol=NASDAQ%3AGCT,False,,37.1270379402076,51.296422319435294,53.01499938964844,31.489999771118164,36.75280004119873,0.9652465701297416,49.97284979949644,50.68386656473126,0.5234742240180154,42.599998474121094,False,False,False,False,False,
NYSE:AMC,,https://www.tradingview.com/chart/?symbol=NYSE%3AAMC,False,,22.81458251214477,56.642024248733264,2.880000114440918,0.9502000212669373,1.4056328432559968,1.0,50.925437253811104,55.370524266248715,1.005104237660612,1.9199999570846558,False,False,False,False,False,
NASDAQ:PGY,,https://www.tradingview.com/chart/?symbol=NASDAQ%3APGY,False,,-34.32138295823068,-31.66178620073681,20.905000686645508,10.649999618530273,13.62713956451416,0.8129212250636653,57.63438504188366,51.41137956777311,0.8154492277549922,15.470000267028809,False,False,False,False,False,
TSX:CYB,,https://www.tradingview.com/chart/?symbol=TSX%3ACYB,False,,42.60770835305406,42.60770835305406,97.05000305175781,87.01000213623047,89.53756192016601,0.9374418089431329,57.50184174445591,59.78559710346544,0.11834253132013985,90.5,False,False,False,False,False,
NASDAQ:ICFI,,https://www.tradingview.com/chart/?symbol=NASDAQ%3AICFI,False,,-43.84352833774838,-43.84352833774838,84.02999877929688,59.47999954223633,67.872159866333,0.6903824040766197,49.50348986786508,41.49362731154157,0.4888644819579078,72.73999786376953,False,False,False,False,False,
TSX:AIF,,https://www.tradingview.com/chart/?symbol=TSX%3AAIF,False,,-52.91488150823304,-52.91488150823304,44.3849983215332,40.7599983215332,43.521198501586916,0.3098290396255728,1.9041057550020668,-13.363952898128673,0.25264522599835965,46.310001373291016,False,False,False,False,False,
TSX:LSPD,,https://www.tradingview.com/chart/?symbol=TSX%3ALSPD,True,2026-09-21 09:30,-60.65190907299743,-57.398367424144034,13.430000305175781,11.479999542236328,12.425179569244385,0.48689156235184416,5.638496947264774,-10.221810602039529,0.29843517821699855,13.420000076293945,False,False,True,False,False,
TSX:TNZ,,https://www.tradingview.com/chart/?symbol=TSX%3ATNZ,False,,-12.270003515494729,-12.270003515494729,69.33000183105469,44.75,51.79932064819336,0.8228992156308834,61.99301903501811,63.0252142230053,0.5108603065328076,58.470001220703125,False,False,False,False,False,
NASDAQ:PAHC,,https://www.tradingview.com/chart/?symbol=NASDAQ%3APAHC,True,2026-09-21 09:30,-59.129445672627035,-53.680297636015275,34.66999816894531,28.299999237060547,35.67499923706055,0.2038399658203125,6.0831479483217805,-0.613455866794407,0.8797860246978018,35.52000045776367,False,True,False,False,False,
NASDAQ:ULCC,,https://www.tradingview.com/chart/?symbol=NASDAQ%3AULCC,False,,-9.916696786116717,45.306434612486974,6.125,3.0899999141693115,4.277079907417297,0.60337974216571,-10.949686730894797,-11.695881094694498,0.870995651658035,5.775000095367432,False,False,False,False,False,
NASDAQ:CCEC,,https://www.tradingview.com/chart/?symbol=NASDAQ%3ACCEC,False,,-68.49341281661069,-60.206668028256274,21.889999389648438,17.31999969482422,18.839839820861815,0.7096272229568936,23.020353592819657,10.901303428839997,0.29419829664787606,21.889999389648438,False,False,False,False,False,
NYSE:SMA,,https://www.tradingview.com/chart/?symbol=NYSE%3ASMA,False,,-12.27850371884505,26.667009562444502,32.66999816894531,29.600000381469727,31.058480003356934,0.49676352481822317,3.840361328380665,-2.421086883923199,0.1901245406784258,32.505001068115234,False,False,False,False,False,
TSX:FIH.U,,https://www.tradingview.com/chart/?symbol=TSX%3AFIH.U,False,,-38.699181328235674,-14.048110099221299,18.139999389648438,15.989999771118164,16.91275973510742,0.5498720466583348,21.911237002174285,7.982886054596824,0.2165005516631162,18.059999465942383,False,False,False,False,False,
NYSE:YELP,,https://www.tradingview.com/chart/?symbol=NYSE%3AYELP,False,,-66.35248652994737,-66.35248652994737,19.40999984741211,19.40999984741211,21.726339973449708,0.0,-45.541444999335766,-52.97344095471889,0.403411449438367,24.329999923706055,False,True,False,False,False,
NYSE:CXM,,https://www.tradingview.com/chart/?symbol=NYSE%3ACXM,False,,-45.735982460971464,-45.735982460971464,5.389999866485596,4.775000095367432,5.588020135879517,0.17851951827961038,23.282794636739784,8.232481298453257,0.6229656493594905,5.53000020980835,False,True,False,False,False,
NYSE:NAT,,https://www.tradingview.com/chart/?symbol=NYSE%3ANAT,False,,66.40056774145233,66.40056774145233,8.010000228881836,4.96999979019165,5.744079839706421,0.9268293427541618,80.87641859334161,84.50358337007209,0.5545224397230265,5.914999961853027,False,False,False,False,False,
NYSE:DOLE,,https://www.tradingview.com/chart/?symbol=NYSE%3ADOLE,True,2026-09-21 13:30,-64.70901280202034,-60.52333467169017,13.0,12.850000381469727,13.52024019241333,0.05281678198629596,-51.890099480834984,-58.610919396262425,0.20014089379112301,14.1899995803833,False,True,True,False,False,"NEAR: 4h+band ok, weekly shallow"
NASDAQ:WLTH,,https://www.tradingview.com/chart/?symbol=NASDAQ%3AWLTH,False,,-4.8034282060751075,-4.8034282060751075,10.0600004196167,7.809999942779541,8.869640001296997,0.5011136642724628,20.192542252614977,28.745769651189462,0.47463004543864934,9.460000038146973,False,False,False,False,False,
NYSE:GLOB,,https://www.tradingview.com/chart/?symbol=NYSE%3AGLOB,False,,-41.0417155987275,-41.0417155987275,35.84000015258789,27.6299991607666,33.166559394836426,0.3499574017359799,6.044130796294675,0.8522432986626809,0.6009221424605695,39.040000915527344,False,False,False,False,False,
NYSE:LSPD,,https://www.tradingview.com/chart/?symbol=NYSE%3ALSPD,True,2026-09-21 09:30,-64.41358252699268,-61.468419305553084,9.5649995803833,8.329999923706055,8.966019851684571,0.4582559541839944,11.944597690570637,-5.679110949545731,0.27941934338166863,9.645000457763672,False,False,True,False,False,
NASDAQ:PRCH,,https://www.tradingview.com/chart/?symbol=NASDAQ%3APRCH,False,,-53.865864295443146,-34.570161734681754,16.649999618530273,6.739999771118164,9.417419609069825,0.8735126000181236,57.77308273029595,51.587712564754746,0.996049075626706,11.390000343322754,False,False,False,False,False,
NASDAQ:TBLA,,https://www.tradingview.com/chart/?symbol=NASDAQ%3ATBLA,False,,-52.37741152190952,-52.37741152190952,3.615000009536743,3.005000114440918,3.6233200874328615,0.23282439761086374,-36.64569373784059,-39.90939380103709,0.6485148292816731,4.039999961853027,False,True,False,False,False,
NASDAQ:NKTR,,https://www.tradingview.com/chart/?symbol=NASDAQ%3ANKTR,False,,-56.72231114025244,-34.93586301022884,66.83000183105469,55.4900016784668,66.96196092224122,0.233285350753236,9.140878011159364,-4.794224664210672,0.6752326467301966,71.98999786376953,False,True,False,False,False,
NASDAQ:RXRX,,https://www.tradingview.com/chart/?symbol=NASDAQ%3ARXRX,False,,-15.905616892454118,54.92216231506941,3.9749999046325684,2.815000057220459,3.088760021209717,1.0,23.553290045437965,40.97787897678185,0.35150444424039,3.300100088119507,False,False,False,False,False,
NYSE:SCL,,https://www.tradingview.com/chart/?symbol=NYSE%3ASCL,False,,-10.880557757145924,17.38847933606078,61.83000183105469,44.5,49.57163949584961,0.8064217568058359,53.325788007738936,48.51334226007315,0.3980734948745902,53.98500061035156,False,False,False,False,False,
NYSE:VTOL,,https://www.tradingview.com/chart/?symbol=NYSE%3AVTOL,False,,-65.4582213678306,-52.276050738449136,41.90999984741211,40.56999969482422,42.7765993347168,0.14331554772941837,-13.78517564624115,-26.498203667744264,0.2117300386419505,44.15999984741211,False,True,False,False,False,
NASDAQ:LGIH,,https://www.tradingview.com/chart/?symbol=NASDAQ%3ALGIH,True,2026-09-21 09:30,-58.95502324165596,-51.390096731529724,49.869998931884766,34.16999816894531,41.64175903320312,0.49589383913209023,-17.012102670002033,-28.626287484739507,0.6251975522057598,50.63999938964844,False,False,False,False,False,
NYSE:AMN,,https://www.tradingview.com/chart/?symbol=NYSE%3AAMN,False,,17.169562259553455,17.169562259553455,34.2599983215332,17.6200008392334,22.089840965270994,0.8785637282521729,36.178164262322504,35.52053262216476,0.6105738315460703,31.020000457763672,False,False,False,False,False,
NYSE:TTI,,https://www.tradingview.com/chart/?symbol=NYSE%3ATTI,True,2026-09-21 13:30,-67.48599776007295,-67.18329626267128,6.090000152587891,5.989999771118164,7.297439762115479,0.018050610497888576,-65.31457778041762,-67.36210924980674,0.6288308397258917,8.8100004196167,False,True,True,True,True,FULL PASS
NYSE:ACVA,,https://www.tradingview.com/chart/?symbol=NYSE%3AACVA,False,,45.92769757413408,45.92769757413408,10.475000381469727,4.130000114440918,5.628599979400635,0.9992127305169951,64.11611700160698,73.54202326342437,0.9837334628734806,6.454999923706055,False,False,False,False,False,
AMEX:TMP,,https://www.tradingview.com/chart/?symbol=AMEX%3ATMP,False,,5.79100066009952,9.856176437802844,98.5199966430664,73.16999816894531,79.89245831298828,0.889942002139498,49.856642983107555,47.42068573971752,0.31506469922077396,90.41000366210938,False,False,False,False,False,
NYSE:UVV,,https://www.tradingview.com/chart/?symbol=NYSE%3AUVV,False,,-77.28592914895027,-77.28592914895027,43.29999923706055,43.25,46.079640396118165,0.004170077569742296,-57.01730750580655,-59.63847056031735,0.2275358525079273,52.69499969482422,False,True,False,False,False,
NYSE:ODC,,https://www.tradingview.com/chart/?symbol=NYSE%3AODC,False,,-14.73285480228496,34.80035007052135,89.93000030517578,59.66999816894531,70.69119924926758,0.6479657209866979,-7.148097765391467,-9.333969416720667,0.5397596670084844,86.5199966430664,False,False,False,False,False,
NYSE:BV,,https://www.tradingview.com/chart/?symbol=NYSE%3ABV,False,,-70.55249737453191,-70.55249737453191,10.65999984741211,10.605199813842773,11.618772567749023,0.012759624676690447,-36.6894907759264,-40.978853489653375,0.35116925310220987,12.229999542236328,False,True,False,False,False,
TSX:AAV,,https://www.tradingview.com/chart/?symbol=TSX%3AAAV,False,,-70.22424686372004,-67.35497732602869,9.989999771118164,9.34000015258789,9.979560161590577,0.23985225438399854,17.52102948965462,-2.3660710330248858,0.2600767771885498,10.420000076293945,False,False,False,False,False,
NYSE:RES,,https://www.tradingview.com/chart/?symbol=NYSE%3ARES,False,,-73.17899932887364,-73.17899932887364,5.679999828338623,5.085000038146973,5.772940029144287,0.20411656877464135,-0.370942734305211,-11.910093937136967,0.44334601466381274,6.574999809265137,False,True,False,False,False,
NASDAQ:MGRT,,https://www.tradingview.com/chart/?symbol=NASDAQ%3AMGRT,False,,39.77273252574992,39.77273252574992,117.61000061035156,4.809999942779541,37.89483995628357,0.8046223027429287,60.495245748420636,61.08755799745563,1.7026781030675755,82.33499908447266,False,False,False,False,False,
NYSE:GIC,,https://www.tradingview.com/chart/?symbol=NYSE%3AGIC,False,,38.873077188996376,62.67991300422056,40.83000183105469,28.1742000579834,31.160969276428222,1.0,67.23796913677438,66.12029240961587,0.3791432405063696,33.380001068115234,False,False,False,False,False,
NASDAQ:DMLP,,https://www.tradingview.com/chart/?symbol=NASDAQ%3ADMLP,False,,1.697940367192457,1.697940367192457,29.350000381469727,25.06999969482422,26.330027267456053,0.8016333800843519,66.87928452343958,65.87455211754093,0.19365614592427888,27.56999969482422,False,False,False,False,False,
NYSE:UMH,,https://www.tradingview.com/chart/?symbol=NYSE%3AUMH,False,,-35.575000218004305,8.608992867457838,15.760000228881836,14.119999885559082,14.72888009262085,0.6356588316310745,47.56425689703173,38.28292477730976,0.16742380940475127,15.40999984741211,False,False,False,False,False,
NASDAQ:TRIN,,https://www.tradingview.com/chart/?symbol=NASDAQ%3ATRIN,False,,-52.25559339961351,-35.90566816585964,17.729999542236328,14.180999755859375,15.271083633422851,0.768348167351176,51.00640105214103,41.65144326016427,0.2712272046367722,17.030000686645508,False,False,False,False,False,
TSX:LB,,https://www.tradingview.com/chart/?symbol=TSX%3ALB,False,,12.522562247636777,12.522562247636777,40.619998931884766,40.02000045776367,40.175760421752926,0.9090888073288443,60.277324837404656,60.148545161517205,0.01637716773962523,40.29999923706055,False,False,False,False,False,
NYSE:VIA,,https://www.tradingview.com/chart/?symbol=NYSE%3AVIA,False,,-23.6024835167877,31.620341930087005,27.309999465942383,13.300000190734863,16.91080023574829,0.915686215722499,68.31995003038003,64.98166471129662,0.8874710205255719,17.239999771118164,False,False,False,False,False,
NASDAQ:NVAX,,https://www.tradingview.com/chart/?symbol=NASDAQ%3ANVAX,False,,-32.30872612710639,30.59686415613653,10.404999732971191,7.269999980926514,8.193940084457397,0.8007661304614139,23.083305924715262,33.186218319000034,0.4371859823612316,8.954999923706055,False,False,False,False,False,
NYSE:NVGS,,https://www.tradingview.com/chart/?symbol=NYSE%3ANVGS,False,,64.21574515915847,64.21574515915847,24.360000610351562,18.03660011291504,19.779908500671386,0.8560289894065449,52.62137188107899,62.02213915530504,0.34277959209467246,21.549999237060547,False,False,False,False,False,
NASDAQ:ROCK,,https://www.tradingview.com/chart/?symbol=NASDAQ%3AROCK,False,,-75.25267531492015,-75.25267531492015,41.7400016784668,33.84000015258789,39.05087968444824,0.357789956322749,17.688637533542817,-0.15174287675813858,0.5323046832214843,41.47999954223633,False,False,False,False,False,
NASDAQ:AKTS,,https://www.tradingview.com/chart/?symbol=NASDAQ%3AAKTS,False,,-59.15862135876659,-54.62976635613338,21.40999984741211,15.194999694824219,19.598759658813478,0.3330653913938712,5.392247475214671,-12.38237365118065,0.8505013397080853,21.940000534057617,False,False,False,False,False,
TSX:BIR,,https://www.tradingview.com/chart/?symbol=TSX%3ABIR,False,,-42.727314910465886,-42.727314910465886,6.179999828338623,5.769999980926514,6.316339994430542,0.17710576124321228,-8.581740569903465,-20.435605030200875,0.36228483655566557,6.389999866485596,False,True,False,False,False,
NASDAQ:OMDA,,https://www.tradingview.com/chart/?symbol=NASDAQ%3AOMDA,False,,-65.35677674338275,-27.230905590121377,20.610000610351562,11.329999923706055,14.553759887695312,0.6793558411644937,25.335599294973793,13.449770527260235,0.7513751165077349,18.18000030517578,False,False,False,False,False,
NASDAQ:ASTE,,https://www.tradingview.com/chart/?symbol=NASDAQ%3AASTE,False,,-47.81872699634517,-21.204664000429975,41.689998626708984,40.790000915527344,46.52716033935547,0.03702171129439235,-54.97126320938236,-54.815256039718165,0.4632240428856877,52.47999954223633,False,True,False,False,False,
NYSE:MSDL,,https://www.tradingview.com/chart/?symbol=NYSE%3AMSDL,False,,-49.270610224536235,-32.00020830250077,14.670000076293945,13.829999923706055,14.285479995727538,0.435233170862833,-8.052774670799433,-22.63011020919669,0.12664044187411275,15.239999771118164,False,False,False,False,False,
NASDAQ:HLIT,,https://www.tradingview.com/chart/?symbol=NASDAQ%3AHLIT,True,2026-09-21 09:30,-63.93464668685065,-57.44633610882929,11.319999694824219,8.694999694824219,10.711596305847168,0.3072007542875663,-29.03056966151173,-35.85023462951307,0.7111860715770851,12.015000343322754,False,False,True,False,False,
TSX:SVI,,https://www.tradingview.com/chart/?symbol=TSX%3ASVI,False,,-64.94022275256259,-43.63823231289344,4.179999828338623,4.119999885559082,4.315879867553711,0.07228909433103763,-41.891208194369945,-48.98398383882241,0.18568231826929651,4.46999979019165,False,True,False,False,False,
NYSE:CLVT,,https://www.tradingview.com/chart/?symbol=NYSE%3ACLVT,False,,-40.19252256092141,-9.563139554603598,1.9249999523162842,1.815000057220459,2.073420063972473,0.10045652257693245,-52.066541401336,-52.73352882766159,0.4740259981533397,2.309999942779541,False,True,False,False,False,
NYSE:UAN,,https://www.tradingview.com/chart/?symbol=NYSE%3AUAN,False,,-26.13500821940464,-26.13500821940464,129.99000549316406,108.0,115.316,0.7093550159085181,61.73327633638974,58.7622989804045,0.24735687815578125,125.32499694824219,False,False,False,False,False,
NASDAQ:FMBH,,https://www.tradingview.com/chart/?symbol=NASDAQ%3AFMBH,False,,-46.939600446975504,-46.939600446975504,49.630001068115234,39.02000045776367,42.30748052978515,0.7616654973373798,46.04454976839094,37.37189269865322,0.30197268551125417,46.130001068115234,False,False,False,False,False,
NYSE:EPC,,https://www.tradingview.com/chart/?symbol=NYSE%3AEPC,False,,-41.50664756847287,-2.2760348168911633,27.059999465942383,15.880000114440918,19.136800159454346,0.8101448693462749,31.394642615816736,24.022277520049673,0.5872340506695687,23.5,False,False,False,False,False,
AMEX:SLSR,,https://www.tradingview.com/chart/?symbol=AMEX%3ASLSR,False,,-70.61888112212436,-30.603492669852205,7.369999885559082,6.929999828338623,7.9396079120635985,0.10285180475269955,-29.68772608359001,-39.71782635623969,0.501524090115853,8.529999732971191,False,True,False,False,False,
NASDAQ:WINA,,https://www.tradingview.com/chart/?symbol=NASDAQ%3AWINA,True,2026-09-21 09:30,-72.67064135064795,-72.31867709985049,286.3900146484375,285.79998779296875,327.13774865722655,0.0033685021873311634,-66.27985969251216,-70.47885904411837,0.465244782611797,376.489990234375,False,True,True,True,True,FULL PASS
NASDAQ:NWPX,,https://www.tradingview.com/chart/?symbol=NASDAQ%3ANWPX,False,,-55.02300173415485,-34.96321537702584,102.80500030517578,70.66000366210938,89.46448193359375,0.4034261997721906,-29.427262571704446,-35.011164921946445,0.7135947524853951,111.66000366210938,False,False,False,False,False,
NYSE:KOS,,https://www.tradingview.com/chart/?symbol=NYSE%3AKOS,False,,-40.44342962956313,-40.44342962956313,2.640000104904175,2.0299999713897705,2.3249999713897704,0.48800010681152345,34.763383253705676,27.377659098201335,0.4562043779741956,2.740000009536743,False,False,False,False,False,
NASDAQ:NSSC,,https://www.tradingview.com/chart/?symbol=NASDAQ%3ANSSC,False,,-21.1670744118075,-19.29104994197395,35.79999923706055,34.34000015258789,37.264040008544924,0.11783689720698874,-17.255399164784595,-23.724805146255065,0.3284729318314025,37.720001220703125,False,True,False,False,False,
NASDAQ:WBTN,,https://www.tradingview.com/chart/?symbol=NASDAQ%3AWBTN,False,,0.32842793654441554,6.903796457321254,11.114999771118164,8.230999946594238,9.552363941192628,0.5150919514758787,-17.372548055623618,-5.264055887793123,0.508999997919256,11.0,False,False,False,False,False,
NYSE:NRP,,https://www.tradingview.com/chart/?symbol=NYSE%3ANRP,False,,-62.11325964155329,-62.11325964155329,107.7249984741211,96.05999755859375,103.02789791870117,0.3950889182953259,27.635071728001197,26.320706902772326,0.275947481358629,106.99500274658203,False,False,False,False,False,
NASDAQ:UFCS,,https://www.tradingview.com/chart/?symbol=NASDAQ%3AUFCS,False,,-37.82645791979453,-37.82645791979453,53.380001068115234,36.2400016784668,41.004841354370114,0.8489351439070552,54.91737580541264,49.320299443670514,0.4127989918155206,48.90999984741211,False,False,False,False,False,
NASDAQ:RDWR,,https://www.tradingview.com/chart/?symbol=NASDAQ%3ARDWR,False,,28.872139422071104,28.872139422071104,29.5,23.25,25.33859963989258,0.7062148110280546,11.007876784117023,19.426390149972526,0.31483451732342066,28.110000610351562,False,False,False,False,False,
NYSE:CDRE,,https://www.tradingview.com/chart/?symbol=NYSE%3ACDRE,False,,-80.04129631621929,-65.2412412850543,26.59000015258789,26.06999969482422,28.621160018920897,0.04810364400586214,-18.22983576444783,-31.021531952937238,0.35747359309226945,30.239999771118164,False,True,False,False,False,
NYSE:HLF,,https://www.tradingview.com/chart/?symbol=NYSE%3AHLF,False,,-40.56694726062067,-36.42221570280231,11.930000305175781,10.989999771118164,12.47680004119873,0.14920640687371992,-32.520862394505656,-37.00760341770244,0.501193420633355,12.569999694824219,False,True,False,False,False,
NASDAQ:PCT,,https://www.tradingview.com/chart/?symbol=NASDAQ%3APCT,False,,-68.14120153303882,-38.27325779300525,5.675000190734863,5.070000171661377,7.165680086135865,0.0681306355589834,-40.98021564365501,-44.674254476950395,1.27953884213083,6.940000057220459,False,True,False,False,False,
TSX:SPB,,https://www.tradingview.com/chart/?symbol=TSX%3ASPB,False,,-21.576105503755574,26.496152088541606,7.139999866485596,6.260000228881836,6.835840129852295,0.3606556512052843,-44.1504017964787,-44.41845063181265,0.3253332773844401,7.5,False,False,False,False,False,
NYSE:CMP,,https://www.tradingview.com/chart/?symbol=NYSE%3ACMP,False,,-50.64758713449342,-48.19583681932905,23.584999084472656,21.475000381469727,24.38370011138916,0.17119666522693427,-52.16735904405644,-56.080949836079,0.46265011779166826,26.639999389648438,False,True,False,False,False,
NASDAQ:HBNB,,https://www.tradingview.com/chart/?symbol=NASDAQ%3AHBNB,False,,-36.926397201619544,-29.455979952461547,5.010000228881836,4.750100135803223,5.988793369293213,0.04951703965778415,-55.11727127991654,-58.002336784332186,0.8486039150896667,6.185100078582764,False,True,False,False,False,
NASDAQ:INBX,,https://www.tradingview.com/chart/?symbol=NASDAQ%3AINBX,False,,-61.32439160865315,-15.079827593880518,112.31999969482422,58.32500076293945,77.97553971862793,0.648471768466991,33.001567723188366,33.69886423257244,0.8871190606594573,93.86000061035156,False,False,False,False,False,
NYSE:CNMD,,https://www.tradingview.com/chart/?symbol=NYSE%3ACNMD,False,,-58.50148690011061,-58.50148690011061,44.66999816894531,32.08000183105469,36.78584150695801,0.6313940423760477,36.889530814879095,26.53790927911687,0.5345844245191563,37.29999923706055,False,False,False,False,False,
NYSE:RYZ,,https://www.tradingview.com/chart/?symbol=NYSE%3ARYZ,False,,-47.51298786432767,-47.36678756176837,23.950000762939453,19.959999084472656,22.59493930053711,0.35736689218877166,-26.3036072157731,-35.21598907364722,0.4256576862515429,26.229999542236328,False,False,False,False,False,
NYSE:NPKI,,https://www.tradingview.com/chart/?symbol=NYSE%3ANPKI,False,,-65.6605696615775,-65.6605696615775,12.5,12.050000190734863,13.081320163726806,0.10297478742555284,-54.08256269453681,-59.84887636778931,0.3028412885058389,14.430000305175781,False,True,False,False,False,
NASDAQ:ATEC,,https://www.tradingview.com/chart/?symbol=NASDAQ%3AATEC,False,,6.159775378244048,6.159775378244048,10.175000190734863,6.96999979019165,8.406059911727905,0.5267050335741132,35.30455394599545,42.87271803431338,0.6511503842812434,9.345000267028809,False,False,False,False,False,
NYSE:NBR,,https://www.tradingview.com/chart/?symbol=NYSE%3ANBR,False,,-68.1603016343404,-68.1603016343404,84.0,75.0999984741211,83.61251840209961,0.24674248963622783,8.119607870172624,-3.45321873670692,0.4123699461694631,87.47000122070312,False,False,False,False,False,
NASDAQ:KMTS,,https://www.tradingview.com/chart/?symbol=NASDAQ%3AKMTS,False,,-19.974737629567567,10.52108089312658,24.764999389648438,17.899999618530273,20.377999618530275,0.6538095020112538,16.34833956638995,10.518201678482265,0.4764065137856992,22.040000915527344,False,False,False,False,False,
NYSE:TDAY,,https://www.tradingview.com/chart/?symbol=NYSE%3ATDAY,False,,-24.093394025043484,-24.093394025043484,6.400000095367432,6.170000076293945,6.857019767761231,0.07900793117794865,-34.24796373851985,-36.86795739389324,0.3976913004515035,7.320000171661377,False,True,False,False,False,
NASDAQ:LINC,,https://www.tradingview.com/chart/?symbol=NASDAQ%3ALINC,False,,11.328680927328998,11.328680927328998,25.18000030517578,24.200000762939453,31.689460906982422,0.03088071603555175,-51.66141859311475,-51.30943472231037,0.7713904006118352,41.13999938964844,False,True,False,False,False,
NASDAQ:ARDX,,https://www.tradingview.com/chart/?symbol=NASDAQ%3AARDX,False,,-78.3638010504841,-51.086310335312966,3.494999885559082,3.375,4.319,0.029999971389770508,-71.81374512422677,-69.81747932710982,0.7259527829115416,5.510000228881836,False,True,False,True,False,"WATCH: weekly+band ok, waiting on 4h dot"
NASDAQ:NTLA,,https://www.tradingview.com/chart/?symbol=NASDAQ%3ANTLA,False,,-58.21554030709543,0.9971747235743521,12.225000381469727,10.640000343322754,12.343920406341553,0.21952908303689517,-16.139042004817938,-16.821966820907267,0.5519877912188177,13.079999923706055,False,True,False,False,False,
NASDAQ:UPBD,,https://www.tradingview.com/chart/?symbol=NASDAQ%3AUPBD,False,,-80.82324092316884,-80.82324092316884,16.8799991607666,16.8799991607666,18.27003946685791,0.0,-30.973639569509075,-42.88559002929216,0.3117227390474583,18.895000457763672,False,True,False,False,False,
NYSE:UTZ,,https://www.tradingview.com/chart/?symbol=NYSE%3AUTZ,False,,23.382361364833926,23.382361364833926,14.229999542236328,6.795000076293945,8.562640022277831,0.9926568348656211,57.24725782252432,53.801803898868236,0.9677002574427875,7.739999771118164,False,False,False,False,False,
TSX:JWEL,,https://www.tradingview.com/chart/?symbol=TSX%3AJWEL,False,,-47.59525714361968,-2.6688067855595476,45.529998779296875,33.060001373291016,36.05484104919434,0.9826634165081718,63.85999042169657,59.537691747488445,0.3491058915929106,36.349998474121094,False,False,False,False,False,
NYSE:AMRC,,https://www.tradingview.com/chart/?symbol=NYSE%3AAMRC,False,,-6.7920523834333055,38.59729113256643,24.09000015258789,18.5049991607666,22.773059394836427,0.30881950154976684,-34.11355761594443,-28.70339582284644,0.689477747138359,26.229999542236328,False,False,False,False,False,
NASDAQ:GPRE,,https://www.tradingview.com/chart/?symbol=NASDAQ%3AGPRE,False,,-16.32961650473321,-5.935613332907504,14.859999656677246,14.010000228881836,15.239560012817382,0.16314771154733226,-24.84196516804627,-28.486198529275594,0.32912186415556927,15.829999923706055,False,True,False,False,False,
NASDAQ:AZTA,,https://www.tradingview.com/chart/?symbol=NASDAQ%3AAZTA,False,,42.60287579347121,43.21166497208289,33.68000030517578,16.0049991607666,21.058938926696776,0.8253561505026842,53.53129764224793,54.157350371966025,0.8583165672679415,24.950000762939453,False,False,False,False,False,
NYSE:LADR,,https://www.tradingview.com/chart/?symbol=NYSE%3ALADR,True,2026-09-21 09:30,-69.73752837095039,-69.67606082249372,9.460000038146973,9.4399995803833,9.685439571380615,0.019231210093542617,-35.40191531517788,-47.04135731689641,0.10410410267072728,9.989999771118164,False,True,True,False,False,
AMEX:CNL,,https://www.tradingview.com/chart/?symbol=AMEX%3ACNL,False,,-56.667082767033925,-38.25503194915982,12.885000228881836,11.609999656677246,13.854359935760499,0.13406944412828012,1.3232760683539777,-11.0064423780143,0.626895262671578,15.170000076293945,False,True,False,False,False,
NASDAQ:ASST,,https://www.tradingview.com/chart/?symbol=NASDAQ%3AASST,False,,31.5091957667813,63.677316560406005,30.334999084472656,8.819999694824219,13.89753955078125,1.0,59.2869521287578,64.30632212616072,1.5226467951447515,14.130000114440918,False,False,False,False,False,
NYSE:CVLG,,https://www.tradingview.com/chart/?symbol=NYSE%3ACVLG,False,,-34.89173893875744,-34.89173893875744,33.869998931884766,24.549999237060547,30.51135974121094,0.3689627437305924,-18.301192817120935,-22.33987968462661,0.7196582118046083,35.099998474121094,False,False,False,False,False,
NASDAQ:AFYA,,https://www.tradingview.com/chart/?symbol=NASDAQ%3AAFYA,False,,-46.107550802200535,-43.28644475415785,13.569999694824219,13.420000076293945,14.026520004272461,0.05836561725371451,-16.64384478224223,-28.444895551311085,0.18022437963352958,14.260000228881836,False,True,False,False,False,
TSX:UNC,,https://www.tradingview.com/chart/?symbol=TSX%3AUNC,False,,-66.14167057492935,-32.939913989606495,14.899999618530273,13.350000381469727,14.022600471496581,0.5438593086297141,-23.76808135093333,-25.295179874061073,0.19153228222786267,14.880000114440918,False,False,False,False,False,
NYSE:SPH,,https://www.tradingview.com/chart/?symbol=NYSE%3ASPH,True,2026-09-21 13:30,-76.38686968342212,-68.79214591633881,16.8700008392334,16.6299991607666,17.578719268798828,0.05970190326801851,-50.52564197079362,-57.41557211215827,0.21595490234713008,18.614999771118164,False,True,True,False,False,"NEAR: 4h+band ok, weekly shallow"
NYSE:GHM,,https://www.tradingview.com/chart/?symbol=NYSE%3AGHM,False,,-34.58836613638385,-22.97633324504201,85.97000122070312,75.45999908447266,86.94375994873047,0.21598851922024018,-34.77297961242753,-40.110392098609154,0.5012361222117699,97.08000183105469,False,True,False,False,False,
NASDAQ:STAA,,https://www.tradingview.com/chart/?symbol=NASDAQ%3ASTAA,True,2026-09-21 13:30,-80.18574006448728,-80.18574006448728,20.329999923706055,17.475000381469727,21.275780723571778,0.1772740940864618,-49.29865826923592,-55.51730438909178,0.6398490822712892,25.170000076293945,False,True,True,False,False,"NEAR: 4h+band ok, weekly shallow"
NASDAQ:PFBC,,https://www.tradingview.com/chart/?symbol=NASDAQ%3APFBC,False,,40.32967981147495,40.32967981147495,106.47000122070312,87.20999908447266,92.47043930053711,0.8640646633089117,33.51623539449472,38.08168799161975,0.22143850690041042,100.66000366210938,False,False,False,False,False,
NYSE:CCO,,https://www.tradingview.com/chart/?symbol=NYSE%3ACCO,False,,-24.382900510386037,-21.61184923981151,2.384999990463257,2.309999942779541,2.3383199720382692,0.62499975164757,-15.599363416279033,-13.142745678899674,0.05020925469058607,2.390000104904175,False,False,False,False,False,
TSX:VZLA,,https://www.tradingview.com/chart/?symbol=TSX%3AVZLA,False,,-59.92321714267457,13.137778832938707,5.699999809265137,4.090000152587891,4.481760116577148,0.9698794004030711,41.206856104693145,44.08345788355595,0.3472802875627208,4.78000020980835,False,False,False,False,False,
NASDAQ:SBET,,https://www.tradingview.com/chart/?symbol=NASDAQ%3ASBET,False,,-19.57364564792171,32.3482175636475,9.975000381469727,4.565000057220459,5.841760133743286,1.0,60.56682835646385,65.43663606198284,0.842023371773705,6.425000190734863,False,False,False,False,False,
NASDAQ:UVSP,,https://www.tradingview.com/chart/?symbol=NASDAQ%3AUVSP,False,,-0.35056471770051917,-0.35056471770051917,42.165000915527344,32.5099983215332,35.53079904174805,0.7542968978173976,13.145485948034127,10.61148658817466,0.3076923923379602,41.599998474121094,False,False,False,False,False,
NASDAQ:IMTX,,https://www.tradingview.com/chart/?symbol=NASDAQ%3AIMTX,False,,-51.5756958325101,-36.8882369806633,8.699999809265137,8.4350004196167,9.213800239562989,0.08030286391353351,-45.235841335887876,-50.74776892025654,0.3398557388358475,9.710000038146973,False,True,False,False,False,
NYSE:AORT,,https://www.tradingview.com/chart/?symbol=NYSE%3AAORT,False,,-66.85873374208235,-66.85873374208235,23.639999389648438,20.09000015258789,24.566920440673826,0.18713753340122166,-11.05738163358925,-22.357706022152648,0.7229393408769264,26.240100860595703,False,True,False,False,False,
NYSE:AI,,https://www.tradingview.com/chart/?symbol=NYSE%3AAI,False,,14.109312272468813,14.109312272468813,10.850000381469727,7.715000152587891,8.670800197601318,0.7740740941330665,35.75890450160969,40.00664445493297,0.4357181449695758,9.295000076293945,False,False,False,False,False,
AMEX:IAUX,,https://www.tradingview.com/chart/?symbol=AMEX%3AIAUX,False,,-60.92032248697668,2.0964084359963517,1.7350000143051147,1.2599999904632568,1.4169399814605712,0.7142857911123285,31.28355743039098,31.857495413379063,0.427652723012415,1.5549999475479126,False,False,False,False,False,
NYSE:BW,,https://www.tradingview.com/chart/?symbol=NYSE%3ABW,False,,-28.022149763082947,7.326529389058039,7.324999809265137,6.78000020980835,10.329440088272094,0.03623667673657584,-52.564899740363465,-51.260910778561545,1.0550683524568838,14.255000114440918,False,True,False,False,False,
NASDAQ:LIFE,,https://www.tradingview.com/chart/?symbol=NASDAQ%3ALIFE,False,,-59.15036155210027,-59.15036155210027,36.48500061035156,9.850000381469727,17.468080543518067,0.8251239052761529,76.02749579074313,69.59932392212772,1.693154984652672,19.065000534057617,False,False,False,False,False,
NASDAQ:LZ,,https://www.tradingview.com/chart/?symbol=NASDAQ%3ALZ,False,,-34.20903850500349,-34.20903850500349,5.960000038146973,5.224999904632568,5.979019945144653,0.2300469777853594,-18.886453999777082,-22.263693863511158,0.5190901807882896,6.15500020980835,False,True,False,False,False,
NASDAQ:IRMD,,https://www.tradingview.com/chart/?symbol=NASDAQ%3AIRMD,False,,-38.03593144476295,-38.03593144476295,82.44000244140625,81.87000274658203,86.81656253051757,0.027194643116491325,-56.70855821563793,-59.31119364648508,0.22797475014024013,91.94000244140625,False,True,False,False,False,
NYSE:HQH,,https://www.tradingview.com/chart/?symbol=NYSE%3AHQH,False,,-68.63428329685583,-45.278882057698574,21.600000381469727,17.2549991607666,19.00257932281494,0.5867658092914272,47.36400729484836,34.82668240366586,0.3657512881857154,20.246000289916992,False,False,False,False,False,
NYSE:XIFR,,https://www.tradingview.com/chart/?symbol=NYSE%3AXIFR,False,,-50.70121824398825,-50.01096478360237,10.829999923706055,9.90999984741211,10.63213631439209,0.3006634174193979,-12.152997126231105,-28.677727338004466,0.2649264271240494,11.550000190734863,False,False,False,False,False,
TSX:LIF,,https://www.tradingview.com/chart/?symbol=TSX%3ALIF,False,,-45.00934280838997,4.224320061655927,25.850000381469727,25.3700008392334,26.599560623168944,0.09213044656128044,-60.49400262786519,-63.16801353969079,0.1877477147557714,27.75,False,True,False,True,False,
NASDAQ:OSBC,,https://www.tradingview.com/chart/?symbol=NASDAQ%3AOSBC,True,2026-09-21 09:30,-56.06555403465293,-54.61511590176095,24.829999923706055,19.288999557495117,20.870435607910157,0.8268915370195267,58.496126491028015,50.42298013112789,0.3022553085504193,22.170000076293945,False,False,False,False,False,
NYSE:DFIN,,https://www.tradingview.com/chart/?symbol=NYSE%3ADFIN,False,,-31.849100039616037,-28.26665022293822,48.369998931884766,36.5,40.540319747924805,0.6933411023629065,30.8560515949758,28.05697110918078,0.3611052306894126,47.40999984741211,False,False,False,False,False,
NASDAQ:CBRL,,https://www.tradingview.com/chart/?symbol=NASDAQ%3ACBRL,False,,-82.97110860846554,-58.94653922496713,44.869998931884766,26.700000762939453,34.34286036682129,0.5610621927024726,24.754385138301163,7.839337241793716,0.7279163205158424,44.4900016784668,False,False,False,False,False,
