tv,err,link,dot_last2,dot_bar,wt2_trough,wt2_now,close,zone_low,zone_top,pct_of_range,wk_wt2,wk_wt1,range_pct,med_price,likely_pref,in_zone,pass_4h,pass_wk,flag,bucket
NYSE:CNA,,https://www.tradingview.com/chart/?symbol=NYSE%3ACNA,False,,-51.80179223768395,-3.087367807379534,48.09000015258789,41.81999969482422,45.00364009094238,0.46478870849749865,8.78396058101308,-0.8213095117585469,0.2829278857408569,47.68000030517578,False,False,False,False,False,
NYSE:RNR,,https://www.tradingview.com/chart/?symbol=NYSE%3ARNR,False,,-19.27763121836614,10.51368896066482,328.3800048828125,277.7300109863281,292.41156896972655,0.8141777986428236,52.83203071836766,50.33202362684633,0.2006320830315892,310.07000732421875,False,False,False,False,False,
NASDAQ:LAMR,,https://www.tradingview.com/chart/?symbol=NASDAQ%3ALAMR,False,,-54.43205802564889,-54.43205802564889,147.60000610351562,123.70999908447266,133.50871829223632,0.5753855720273151,-1.7021713726022896,-12.225545043098615,0.2752494037393921,150.84500122070312,False,False,False,False,False,
NASDAQ:FWONA,,https://www.tradingview.com/chart/?symbol=NASDAQ%3AFWONA,False,,-51.99450531501423,-39.980719633102304,87.2699966430664,74.05000305175781,79.76592153930665,0.5458297724757707,38.33572339650393,22.19307750266737,0.28895244189322217,83.81999969482422,False,False,False,False,False,
NYSE:TAK,,https://www.tradingview.com/chart/?symbol=NYSE%3ATAK,False,,-8.48192772450624,44.77400344284166,18.649999618530273,15.020000457763672,15.927420295715333,0.944083175297028,54.13927374680528,56.86833790665939,0.22524893861130715,17.06999969482422,False,False,False,False,False,
NYSE:IX,,https://www.tradingview.com/chart/?symbol=NYSE%3AIX,False,,4.743193266945645,11.826582423275495,39.61000061035156,29.18000030517578,32.114660629272464,0.8387614920234949,30.80377152047043,28.851001906578624,0.32223377362327144,38.59000015258789,False,False,False,False,False,
NASDAQ:REG,,https://www.tradingview.com/chart/?symbol=NASDAQ%3AREG,False,,-75.5193960307201,-75.5193960307201,73.27999877929688,73.27999877929688,75.49603863525391,0.0,-23.304132544522844,-30.09346175041064,0.12078723498427849,77.73999786376953,False,True,False,False,False,
NYSE:STE,,https://www.tradingview.com/chart/?symbol=NYSE%3ASTE,False,,-77.76092845562907,-55.59550084267956,209.91000366210938,199.38999938964844,208.87602111816406,0.2617241536394075,25.941867345079093,7.9531131168840155,0.18443152644740052,217.94000244140625,False,False,False,False,False,
NASDAQ:SEIC,,https://www.tradingview.com/chart/?symbol=NASDAQ%3ASEIC,False,,-64.00163862521377,-62.832079111865255,104.5999984741211,75.18000030517578,83.79400030517579,0.8060273470943922,69.0120825445535,60.156162120899204,0.4018938573293137,90.81999969482422,False,False,False,False,False,
NYSE:MKL,,https://www.tradingview.com/chart/?symbol=NYSE%3AMKL,False,,-34.61939541866679,-16.598171458469633,1789.47998046875,1751.27001953125,1819.2592514648438,0.13263204370447362,-37.73273583032604,-42.27780242269162,0.1536193081668936,1875.3499755859375,False,True,False,False,False,
NASDAQ:SSNC,,https://www.tradingview.com/chart/?symbol=NASDAQ%3ASSNC,False,,-43.61618835563281,-5.663610456377313,80.5199966430664,61.869998931884766,67.23781867980956,0.81996036874011,53.671935053957974,49.794376727874905,0.3281159698790798,69.31999969482422,False,False,False,False,False,
NYSE:AFG,,https://www.tradingview.com/chart/?symbol=NYSE%3AAFG,False,,-25.71269511368037,26.788756274616492,143.16000366210938,124.24500274658203,129.532580657959,0.844231572731944,49.835236515980746,44.1311564809439,0.1662954936568941,134.72999572753906,False,False,False,False,False,
NASDAQ:FCNCA,,https://www.tradingview.com/chart/?symbol=NASDAQ%3AFCNCA,False,,-15.055747707111758,-15.055747707111758,2100.7900390625,1764.5999755859375,1888.4291928710938,0.6407280666061317,42.4886030033805,27.914301493964405,0.2534048336209899,2070.60009765625,False,False,False,False,False,
NASDAQ:EWBC,,https://www.tradingview.com/chart/?symbol=NASDAQ%3AEWBC,False,,-25.2449317951942,-25.2449317951942,126.20999908447266,103.29000091552734,111.16768026733398,0.6866387074552082,20.15873410579935,7.474803998900063,0.2629174345788128,126.95999908447266,False,False,False,False,False,
NASDAQ:UMBF,,https://www.tradingview.com/chart/?symbol=NASDAQ%3AUMBF,False,,-62.890766155680694,-62.890766155680694,134.1999969482422,107.55000305175781,118.28564074707032,0.5858430340208344,27.028842779637056,10.962033175878696,0.34167289560888797,133.13900756835938,False,False,False,False,False,
NYSE:CSL,,https://www.tradingview.com/chart/?symbol=NYSE%3ACSL,False,,-65.34130780712873,-65.34130780712873,317.5899963378906,317.5899963378906,334.91475720214845,0.0,-8.798258292457634,-25.45712713213634,0.21139172973343012,347.2699890136719,False,True,False,False,False,
NYSE:AME,,https://www.tradingview.com/chart/?symbol=NYSE%3AAME,False,,-22.682214857418952,-22.682214857418952,232.22999572753906,208.4199981689453,220.2577554321289,0.4746810818045895,24.860006308065326,12.099715147171745,0.2147995353100278,233.52000427246094,False,False,False,False,False,
NYSE:BNT,,https://www.tradingview.com/chart/?symbol=NYSE%3ABNT,True,2026-09-16 09:30,-74.04077504914339,-68.06766712820557,37.06999969482422,37.06999969482422,39.71791998291015,0.0,-63.5942338188934,-73.04506095449905,0.25716252454787797,43.630001068115234,False,True,True,True,True,FULL PASS
NASDAQ:WTFC,,https://www.tradingview.com/chart/?symbol=NASDAQ%3AWTFC,False,,-20.264010155817996,-15.06263864387752,148.27000427246094,129.80999755859375,138.5726787109375,0.4971722134734309,-6.676722238651206,-18.360047141051272,0.24494510168079703,151.5850067138672,False,False,False,False,False,
NYSE:SUNB,,https://www.tradingview.com/chart/?symbol=NYSE%3ASUNB,False,,17.470961432136004,17.470961432136004,72.4000015258789,61.64500045776367,67.38334013366699,0.4423196247398232,-14.158595282745589,-18.665047093991543,0.32938226398304626,73.81999969482422,False,False,False,False,False,
NYSE:ALC,,https://www.tradingview.com/chart/?symbol=NYSE%3AALC,False,,-83.3435386364029,-48.440607418102694,66.30999755859375,62.025001525878906,66.72494174194335,0.21516423980547822,12.314122102516771,-4.76750462375364,0.28431724514423257,70.04499816894531,False,True,False,False,False,
NYSE:ITT,,https://www.tradingview.com/chart/?symbol=NYSE%3AITT,False,,-31.751654790145285,-31.751654790145285,194.52999877929688,181.08999633789062,191.10347821044923,0.3167570098532992,18.24217097499809,5.731541474022661,0.216501729051768,195.97999572753906,False,False,False,False,False,
NYSE:A,,https://www.tradingview.com/chart/?symbol=NYSE%3AA,False,,-54.719732698934045,20.035611742408225,153.6199951171875,110.23999786376953,121.7520793762207,0.889298719847825,61.15183199139369,56.71386162440631,0.37333541283863686,130.66000366210938,False,False,False,False,False,
NYSE:AA,,https://www.tradingview.com/chart/?symbol=NYSE%3AAA,True,2026-09-16 09:30,-59.55256726348745,-58.46839816815706,46.2599983215332,42.88999938964844,52.54239974975586,0.08239605883027769,-27.944613568613658,-33.31599018895667,0.700462441401049,58.38999938964844,False,True,False,False,False,
NASDAQ:AAPL,,https://www.tradingview.com/chart/?symbol=NASDAQ%3AAAPL,False,,36.646619907186654,42.70712961612701,332.5,246.25,269.01692028808594,0.8940603183229789,49.32218676315497,56.378148991976545,0.3204451258342029,301.04998779296875,False,False,False,False,False,
NYSE:ABBV,,https://www.tradingview.com/chart/?symbol=NYSE%3AABBV,False,,-9.000891289532094,36.50656980763737,262.5799865722656,197.07000732421875,213.46728271484375,0.9428612214062335,51.30706420263601,50.85215835815564,0.30727379667336896,226.11749267578125,False,False,False,False,False,
NYSE:ABEV,,https://www.tradingview.com/chart/?symbol=NYSE%3AABEV,False,,2.4398646036128704,2.4398646036128704,3.005000114440918,2.7249999046325684,2.8901999158859253,0.40000027247835757,-31.133502084942446,-22.572806702003433,0.22913258015956328,3.055000066757202,False,False,False,False,False,
NASDAQ:ABNB,,https://www.tradingview.com/chart/?symbol=NASDAQ%3AABNB,False,,-67.8895306973436,-52.61808319639591,167.52000427246094,122.81999969482422,138.78775875854492,0.6606563286823642,73.31905853585879,61.164153718331946,0.47897493036813477,141.25999450683594,False,False,False,False,False,
NYSE:ABT,,https://www.tradingview.com/chart/?symbol=NYSE%3AABT,False,,-72.97949981069507,-56.81239393922133,102.3499984741211,82.52999877929688,90.58585928344726,0.5806356658694191,42.11231794348624,30.224395550969735,0.34039691415789836,100.27999877929688,False,False,False,False,False,
TSX:ABX,,https://www.tradingview.com/chart/?symbol=TSX%3AABX,False,,-63.84473122239243,-54.37558487540141,59.494998931884766,48.90999984741211,53.31375981140137,0.5672561184903039,26.91358063491848,25.152437656734875,0.3282899330985053,56.84000015258789,False,False,False,False,False,
NASDAQ:ACGL,,https://www.tradingview.com/chart/?symbol=NASDAQ%3AACGL,False,,-43.17448179717599,-9.194200834895463,96.9800033569336,87.62000274658203,92.07568209838867,0.49576281631381386,3.4830094738231536,-7.610920938139766,0.19514209047460432,96.75,False,False,False,False,False,
NYSE:ACN,,https://www.tradingview.com/chart/?symbol=NYSE%3AACN,False,,-22.516173823363726,31.10293863053268,189.6699981689453,120.76000213623047,141.6601633605957,0.7781164407842803,26.2390648097464,30.700349255493197,0.49669099087048607,178.3000030517578,False,False,False,False,False,
NASDAQ:ADBE,,https://www.tradingview.com/chart/?symbol=NASDAQ%3AADBE,False,,-52.41491591238941,-26.08076855336982,250.49000549316406,192.34010314941406,216.03683880615233,0.5791252074512082,33.87272649129615,26.42053825762606,0.40820317758231445,245.98019409179688,False,False,False,False,False,
NASDAQ:ADI,,https://www.tradingview.com/chart/?symbol=NASDAQ%3AADI,False,,2.2899417309659245,2.2899417309659245,362.2099914550781,301.7051086425781,335.66430444335936,0.42047969650157324,-30.68995795783597,-33.395701258908396,0.3783471842304387,380.32501220703125,False,False,False,False,False,
NYSE:ADM,,https://www.tradingview.com/chart/?symbol=NYSE%3AADM,False,,31.706502918255552,31.706502918255552,85.0,66.0250015258789,71.05298159790038,0.8906359165604592,51.14992409056753,59.18170815679435,0.27024799331001725,78.83499908447266,False,False,False,False,False,
NASDAQ:ADP,,https://www.tradingview.com/chart/?symbol=NASDAQ%3AADP,False,,-53.34088467467376,2.959552475152524,273.1499938964844,188.75,212.04792028808595,0.8549432015078255,63.982982369786065,58.445900521140985,0.44027204162558076,224.22500610351562,False,False,False,False,False,
NASDAQ:ADSK,,https://www.tradingview.com/chart/?symbol=NASDAQ%3AADSK,False,,-49.32088345792855,-1.5883605186703564,220.38999938964844,186.47500610351562,206.32850610351562,0.403149994485977,9.712668287633372,0.23405118229518784,0.3553776595394955,236.72000122070312,False,False,False,False,False,
NYSE:AEE,,https://www.tradingview.com/chart/?symbol=NYSE%3AAEE,True,2026-09-16 09:30,-76.91987230079968,-76.61925035725716,103.05000305175781,102.93000030517578,106.12544052124024,0.008862831496888234,-39.67373157171839,-46.11572877943657,0.12342754140563635,109.69999694824219,False,True,True,False,False,
NYSE:AEG,,https://www.tradingview.com/chart/?symbol=NYSE%3AAEG,False,,-54.204341719258444,-44.92970723214891,9.03499984741211,6.784999847412109,7.435179874420166,0.8166968807754843,53.29185951681283,48.63359553047227,0.3231671833101953,8.524999618530273,False,False,False,False,False,
NASDAQ:AEIS,,https://www.tradingview.com/chart/?symbol=NASDAQ%3AAEIS,False,,-47.505773723663786,-47.505773723663786,252.22000122070312,245.3350067138672,279.74970599365236,0.04721408984002678,-41.32321951155714,-48.25395656500071,0.45427639672309067,321.0050048828125,False,True,False,False,False,
TSX:AEM,,https://www.tradingview.com/chart/?symbol=TSX%3AAEM,False,,-44.44951559276188,-35.52985545282104,273.6300048828125,191.6999969482422,219.79343536376953,0.688256153859465,24.97127417416503,26.981257450042225,0.47075570682463186,252.8699951171875,False,False,False,False,False,
NYSE:AEM,,https://www.tradingview.com/chart/?symbol=NYSE%3AAEM,False,,-47.900312096196096,-42.524548406688076,195.67999267578125,136.36000061035156,158.20888104248047,0.6407430426895024,24.385435056682606,26.179834426585796,0.5039738887809523,183.6999969482422,False,False,False,False,False,
NASDAQ:AEP,,https://www.tradingview.com/chart/?symbol=NASDAQ%3AAEP,False,,-59.150144541703376,-59.150144541703376,120.70999908447266,120.62000274658203,124.88924368286133,0.004974920848739379,-39.488968300360945,-42.95298015977646,0.1389988349411661,130.14500427246094,False,True,False,False,False,
NYSE:AER,,https://www.tradingview.com/chart/?symbol=NYSE%3AAER,True,2026-09-16 09:30,-73.57044769559103,-56.568639285802185,142.27999877929688,131.7100067138672,137.44008642578126,0.43533742161645134,0.936801871446057,-14.665067606129771,0.16792888371438705,144.5850067138672,False,False,True,False,False,
NYSE:AFL,,https://www.tradingview.com/chart/?symbol=NYSE%3AAFL,False,,-36.12041692959772,24.503401338662158,116.79000091552734,106.19999694824219,111.71767810058594,0.4529513154665873,3.297163600544233,-6.052369986227821,0.2007211899811538,116.4800033569336,False,False,False,False,False,
NASDAQ:AFRM,,https://www.tradingview.com/chart/?symbol=NASDAQ%3AAFRM,False,,-38.55847115238688,5.186416321279862,71.58000183105469,42.540000915527344,52.77177990722656,0.6698190238104708,12.7386343145226,2.664880866546861,0.6177685314763618,70.18000030517578,False,False,False,False,False,
TSX:AGI,,https://www.tradingview.com/chart/?symbol=TSX%3AAGI,False,,-48.920344702145805,-48.920344702145805,48.2400016784668,39.0099983215332,46.233959365844726,0.3015355120099389,5.461808193174722,7.256798556405488,0.5829366864118968,52.5099983215332,False,False,False,False,False,
NYSE:AGI,,https://www.tradingview.com/chart/?symbol=NYSE%3AAGI,False,,-52.71211305561145,-52.71211305561145,34.459999084472656,27.829999923706055,33.376000373840334,0.2821276009638684,3.7209551206357463,5.18133416663579,0.6216109434637753,37.80500030517578,False,False,False,False,False,
NASDAQ:AGNC,,https://www.tradingview.com/chart/?symbol=NASDAQ%3AAGNC,False,,-80.89454644719059,-74.55636265959434,9.885000228881836,9.694999694824219,10.09973973083496,0.1107874735584783,19.652815898786795,-3.9210315748274525,0.16126000147422712,10.635000228881836,False,True,False,False,False,
NYSE:AHR,,https://www.tradingview.com/chart/?symbol=NYSE%3AAHR,True,2026-09-16 09:30,-64.3803833525868,-64.29049117214747,53.165000915527344,45.439998626708984,48.36167887878418,0.6239904379906839,30.00123634257311,19.16128862374774,0.24062198026307546,51.45000076293945,False,False,True,False,False,
NYSE:AIG,,https://www.tradingview.com/chart/?symbol=NYSE%3AAIG,False,,-40.08281574615438,8.568664127409177,76.06999969482422,72.55500030517578,74.58578109741211,0.4084832095755292,-13.990347025639556,-20.94101120333459,0.11259408587927658,76.42500305175781,False,False,False,False,False,
NYSE:AIT,,https://www.tradingview.com/chart/?symbol=NYSE%3AAIT,False,,-47.13689133973086,-47.13689133973086,315.05999755859375,253.00999450683594,278.6962372436523,0.5701028706399984,16.569751076560376,3.660000852476559,0.34457217614575936,315.8699951171875,False,False,False,False,False,
NYSE:AIZ,,https://www.tradingview.com/chart/?symbol=NYSE%3AAIZ,False,,-21.9007584376904,27.34680755168321,283.7149963378906,211.61000061035156,232.77683758544921,0.803935846046299,50.52740705010615,47.09460624382703,0.3458393940353161,259.3399963378906,False,False,False,False,False,
NYSE:AJG,,https://www.tradingview.com/chart/?symbol=NYSE%3AAJG,False,,-61.655123130076056,-30.50059946582014,243.7899932861328,191.99000549316406,210.8794439086914,0.6471763135685228,45.49858002548627,34.013982595769434,0.3624999645827478,220.8000030517578,False,False,False,False,False,
NASDAQ:AKAM,,https://www.tradingview.com/chart/?symbol=NASDAQ%3AAKAM,False,,-30.52902388644982,-30.52902388644982,104.4800033569336,88.8499984741211,106.16767782592774,0.21300089217548274,-42.470581433547956,-45.97839992233505,0.6390315778395559,114.83000183105469,False,True,False,False,False,
TSX:ALA,,https://www.tradingview.com/chart/?symbol=TSX%3AALA,False,,-29.50407407256658,-21.403567320711588,52.61000061035156,46.91999816894531,49.353158493041995,0.5518915308921988,-6.9673463402953715,-13.464771642933112,0.19452832779794368,53.0,False,False,False,False,False,
NASDAQ:ALAB,,https://www.tradingview.com/chart/?symbol=NASDAQ%3AALAB,True,2026-09-16 09:30,-57.162754208227035,-55.438071758556354,269.3999938964844,100.2300033569336,191.8027441711426,0.43598255782619444,-14.039088997463933,-23.470820134159013,1.3404964404416435,289.4599914550781,False,False,False,False,False,
NYSE:ALB,,https://www.tradingview.com/chart/?symbol=NYSE%3AALB,False,,-79.2293261889225,-74.48992995922063,109.38999938964844,109.38999938964844,134.4768001098633,0.0,-37.75428096073172,-46.26761213745116,0.67172197821016,158.25,False,True,False,False,False,
NASDAQ:ALGN,,https://www.tradingview.com/chart/?symbol=NASDAQ%3AALGN,True,2026-09-16 09:30,-62.95335010721268,-54.5808885608158,150.47999572753906,147.0,158.5781594238281,0.07093346719764518,-50.59210074170415,-58.354774606090174,0.28382988618011923,172.85000610351562,False,True,True,False,False,"NEAR: 4h+band ok, weekly shallow"
NYSE:ALL,,https://www.tradingview.com/chart/?symbol=NYSE%3AALL,False,,-38.087179310723,-1.1012863311109264,254.8800048828125,202.60000610351562,219.7548466796875,0.7192185585829164,54.31662995139697,46.54849353077162,0.3276981338079228,221.82000732421875,False,False,False,False,False,
NYSE:ALLE,,https://www.tradingview.com/chart/?symbol=NYSE%3AALLE,False,,-49.70748393041443,-9.340985552490892,152.86000061035156,125.58999633789062,136.00939849853515,0.6176670128550519,39.259185859811865,31.83520656474771,0.3077084643849026,143.47999572753906,False,False,False,False,False,
NYSE:ALLY,,https://www.tradingview.com/chart/?symbol=NYSE%3AALLY,False,,-53.96326559297347,-53.96326559297347,40.310001373291016,35.95000076293945,38.61444097900391,0.38618248510105735,-24.83565539755358,-38.78854948537067,0.26292504137400885,42.939998626708984,False,False,False,False,False,
NASDAQ:ALNY,,https://www.tradingview.com/chart/?symbol=NASDAQ%3AALNY,False,,-47.767601404800075,-47.767601404800075,239.35000610351562,202.38999938964844,234.70311895751954,0.2699387029516485,-41.46251108437997,-37.86367250808957,0.4667621186278013,293.3399963378906,False,False,False,False,False,
NYSE:AM,,https://www.tradingview.com/chart/?symbol=NYSE%3AAM,False,,-56.47549702738683,-56.47549702738683,21.170000076293945,20.55500030517578,21.31138028717041,0.19188760866085078,31.01012351603885,16.0254125554661,0.14479330881253655,22.135000228881836,True,True,False,False,False,
NASDAQ:AMAT,,https://www.tradingview.com/chart/?symbol=NASDAQ%3AAMAT,False,,-56.26962495262592,-56.26962495262592,415.5899963378906,322.7200012207031,419.5130374755859,0.2264348727520221,-23.587447842054,-33.62177094190999,0.9013867284856478,455.010009765625,False,True,False,False,False,
NYSE:AMCR,,https://www.tradingview.com/chart/?symbol=NYSE%3AAMCR,False,,-73.9963564654859,-55.40443281132243,41.97999954223633,36.689998626708984,39.49603938293457,0.4449116475926508,38.82992939407098,22.31479722181937,0.28629914649246246,41.529998779296875,False,False,False,False,False,
NASDAQ:AMD,,https://www.tradingview.com/chart/?symbol=NASDAQ%3AAMD,False,,22.662019075646914,31.154909444580426,512.8900146484375,193.44000244140625,284.86168359375,0.824642491043566,10.239305897893633,16.592558296984688,0.8242127763464095,470.0,False,False,False,False,False,
NASDAQ:AMGN,,https://www.tradingview.com/chart/?symbol=NASDAQ%3AAMGN,False,,-62.02574271505614,-50.97370537416601,376.45001220703125,323.510009765625,352.04948803710937,0.4377739654987062,64.36698522390013,46.18469405187813,0.3404272976261443,355.2300109863281,False,False,False,False,False,
NYSE:AMH,,https://www.tradingview.com/chart/?symbol=NYSE%3AAMH,False,,-70.25225600722767,-49.418755758392045,31.399999618530273,27.3799991607666,29.133479682922363,0.5410496986107678,10.709308126161504,-5.825275345643611,0.23003103368495867,32.29999923706055,False,False,False,False,False,
NASDAQ:AMKR,,https://www.tradingview.com/chart/?symbol=NASDAQ%3AAMKR,False,,-24.408174770829046,-24.408174770829046,46.275001525878906,41.23500061035156,53.583699890136714,0.09632109334880062,-42.51723871683596,-44.391883782201226,0.8313472845555123,62.939998626708984,False,True,False,False,False,
NYSE:AMP,,https://www.tradingview.com/chart/?symbol=NYSE%3AAMP,False,,-14.979117861403218,-14.979117861403218,540.8599853515625,429.1000061035156,462.5529989013672,0.7884303584411424,60.554075695059566,53.5145738180657,0.3012367609186144,470.55999755859375,False,False,False,False,False,
NYSE:AMRZ,,https://www.tradingview.com/chart/?symbol=NYSE%3AAMRZ,False,,-70.26914848040265,-67.2319272097601,38.400001525878906,38.400001525878906,43.485801345825195,0.0,-75.21146480883789,-79.14253134510074,0.4090348045048254,52.685001373291016,False,True,False,True,False,"WATCH: weekly+band ok, waiting on 4h dot"
NYSE:AMT,,https://www.tradingview.com/chart/?symbol=NYSE%3AAMT,False,,-5.802921766152856,26.357693626972548,176.41000366210938,161.55999755859375,169.23471856689454,0.45664219411222906,12.266330354378725,18.12682320571517,0.18459445200921537,176.1699981689453,False,False,False,False,False,
NYSE:AMX,,https://www.tradingview.com/chart/?symbol=NYSE%3AAMX,False,,-48.75135404246376,5.885261574371111,22.989999771118164,22.795000076293945,23.983260040283202,0.03872883827880248,-56.31991224971478,-57.19964293867519,0.1959525163343869,25.69499969482422,False,True,False,False,False,
NASDAQ:AMZN,,https://www.tradingview.com/chart/?symbol=NASDAQ%3AAMZN,False,,-60.27973033332321,-60.27973033332321,245.83999633789062,199.32000732421875,219.4649638671875,0.5449859067111512,17.441589169681407,4.749472884757171,0.3414809174489566,249.97000122070312,False,False,False,False,False,
NYSE:ANET,,https://www.tradingview.com/chart/?symbol=NYSE%3AANET,False,,-7.403657935305847,9.739232596960006,197.57000732421875,116.12999725341797,138.3847961730957,0.8636268719424269,63.27396914702708,60.45805324693423,0.5609088636758035,168.1199951171875,False,False,False,False,False,
NYSE:AON,,https://www.tradingview.com/chart/?symbol=NYSE%3AAON,False,,-61.68218336628424,-50.32572222489265,300.510009765625,300.510009765625,319.6236474609375,0.0,-3.4283305056335074,-22.198623476383723,0.2483136783327911,326.1600036621094,False,True,False,False,False,
NASDAQ:APA,,https://www.tradingview.com/chart/?symbol=NASDAQ%3AAPA,False,,47.55864897343579,60.76426382033467,44.779998779296875,31.770000457763672,35.46339991760254,0.8313099184824669,60.46345013127402,63.780431700102554,0.41478923670970275,37.72999954223633,False,False,False,False,False,
NASDAQ:APC,,https://www.tradingview.com/chart/?symbol=NASDAQ%3AAPC,False,,21.2540228986017,21.2540228986017,18.6299991607666,17.34000015258789,18.3312003326416,0.3071425652017929,-3.0901814386480297,-4.075746476755577,0.222929974995915,18.84000015258789,False,False,False,False,False,
NYSE:APD,,https://www.tradingview.com/chart/?symbol=NYSE%3AAPD,False,,-68.13860473760012,-60.239200690341875,287.1300048828125,271.29998779296875,281.40787182617186,0.36960099867897345,28.70495153886134,10.873528612212349,0.14518157239434243,295.010009765625,False,False,False,False,False,
NYSE:APG,,https://www.tradingview.com/chart/?symbol=NYSE%3AAPG,False,,-61.05698635560227,-57.02205396368358,36.77000045776367,36.7400016784668,39.72422088623047,0.002372383334188083,-40.789159147910816,-52.9827118462577,0.3026567020708566,41.779998779296875,False,True,False,False,False,
NYSE:APH,,https://www.tradingview.com/chart/?symbol=NYSE%3AAPH,False,,-31.503284019947845,-31.503284019947845,77.26000213623047,59.560001373291016,66.31078126525878,0.6187729783671122,33.12459786757249,25.680104568164317,0.37832296404346405,75.61000061035156,False,False,False,False,False,
NYSE:APO,,https://www.tradingview.com/chart/?symbol=NYSE%3AAPO,False,,-66.6303920846001,-64.9313618996165,124.54000091552734,100.30000305175781,110.50936175537109,0.560332892782479,27.204193494307024,16.205568716050855,0.3396403672292204,127.37000274658203,False,False,False,False,False,
NASDAQ:APP,,https://www.tradingview.com/chart/?symbol=NASDAQ%3AAPP,False,,24.477126385021126,49.164863642499846,326.5299987792969,298.5299987792969,372.9195567626953,0.08882967151753626,-54.003049928091855,-51.19659185295798,0.7050179281684218,447.0950012207031,False,True,False,False,False,
NYSE:APTV,,https://www.tradingview.com/chart/?symbol=NYSE%3AAPTV,False,,-56.198133468044176,-56.198133468044176,43.349998474121094,43.349998474121094,51.36691876220703,0.0,-65.01473954947568,-65.26223399359311,0.576251073470033,58.95000076293945,False,True,False,True,False,
NYSE:AR,,https://www.tradingview.com/chart/?symbol=NYSE%3AAR,False,,-53.30001704853089,-53.30001704853089,35.689998626708984,32.849998474121094,35.752799194335935,0.2308942640613428,37.84028877798036,33.25710422524745,0.3319838948729129,37.04999923706055,False,True,False,False,False,
NASDAQ:ARCC,,https://www.tradingview.com/chart/?symbol=NASDAQ%3AARCC,False,,-59.428499903254384,-59.428499903254384,19.380399703979492,17.440000534057617,18.08782028198242,0.7068852185634775,66.96652027010546,63.472885383850354,0.1457779576742826,18.829999923706055,True,False,False,False,False,
NYSE:ARES,,https://www.tradingview.com/chart/?symbol=NYSE%3AARES,False,,-73.79146950954204,-72.88020902159268,124.30000305175781,96.47000122070312,108.97328021240234,0.5252926401537745,42.841463087943815,27.188788292831454,0.4285020704389839,123.63999938964844,False,False,False,False,False,
NASDAQ:ARGX,,https://www.tradingview.com/chart/?symbol=NASDAQ%3AARGX,False,,-46.605420248016856,-46.605420248016856,985.1599731445312,663.6199951171875,757.500806640625,0.8082954714926883,63.010493141830466,59.1508552352056,0.46627756522714586,853.1400146484375,False,False,False,False,False,
NASDAQ:ARM,,https://www.tradingview.com/chart/?symbol=NASDAQ%3AARM,False,,-15.574125026644452,-15.574125026644452,244.22999572753906,115.08999633789062,191.70975720214844,0.397769968376059,-19.362051072923077,-22.428927751591267,1.3155314741051622,246.7899932861328,False,False,False,False,False,
NYSE:ARMK,,https://www.tradingview.com/chart/?symbol=NYSE%3AARMK,False,,9.851248348864816,33.32955709602538,57.630001068115234,38.88999938964844,44.43953924560547,0.7969382166650769,44.81493984151472,41.40155982352581,0.4372443273223123,53.779998779296875,False,False,False,False,False,
NYSE:ARW,,https://www.tradingview.com/chart/?symbol=NYSE%3AARW,False,,10.555260591428825,10.555260591428825,211.75999450683594,136.27000427246094,159.78032312011717,0.757779501450213,26.593538941335865,30.605521559746112,0.4821877646376909,206.60000610351562,False,False,False,False,False,
NASDAQ:ARWR,,https://www.tradingview.com/chart/?symbol=NASDAQ%3AARWR,False,,-90.61006711458397,-90.61006711458397,65.77999877929688,54.38999938964844,63.45947946166992,0.2963830158521863,33.136301674841626,10.306991486456443,0.5030763269044273,76.38999938964844,False,False,False,False,False,
TSX:ARX,,https://www.tradingview.com/chart/?symbol=TSX%3AARX,False,,15.282951480799525,22.287140736481394,33.91999816894531,24.81999969482422,27.040759658813478,0.9670561765868391,40.860317090492394,53.240070681554194,0.30345049267842,31.010000228881836,False,False,False,False,False,
NYSE:AS,,https://www.tradingview.com/chart/?symbol=NYSE%3AAS,True,2026-09-16 09:30,-62.218039985725305,-59.97976871172787,27.149999618530273,26.6200008392334,29.152280281066894,0.04939411893005717,-59.42609815633522,-67.19237704128551,0.312827926342754,34.29999923706055,False,True,True,False,False,"NEAR: 4h+band ok, weekly shallow"
NASDAQ:ASML,,https://www.tradingview.com/chart/?symbol=NASDAQ%3AASML,True,2026-09-16 09:30,-54.96756123763195,-54.37433897737062,1602.1400146484375,1253.9599609375,1427.2949028320313,0.47405613535082475,6.557640613743769,-7.85923834402886,0.4459577488987026,1646.949951171875,False,False,False,False,False,
NASDAQ:ASND,,https://www.tradingview.com/chart/?symbol=NASDAQ%3AASND,True,2026-09-16 13:30,-59.4766436605151,-59.4766436605151,247.69000244140625,204.8000030517578,221.7919994506836,0.5956945622114738,34.850285160392566,26.55143699617563,0.2963694081569639,242.94000244140625,False,False,False,False,False,
NASDAQ:ASTS,,https://www.tradingview.com/chart/?symbol=NASDAQ%3AASTS,False,,-39.37146427289808,-39.37146427289808,59.290000915527344,53.0099983215332,71.88763871765137,0.0785098445082882,-44.45045815604385,-46.03636347946242,1.0659648281256244,75.04000091552734,False,True,False,False,False,
NYSE:ASX,,https://www.tradingview.com/chart/?symbol=NYSE%3AASX,False,,-17.505049856258797,-17.505049856258797,37.95500183105469,20.895000457763672,26.60856024169922,0.7046675761434718,22.549213346522148,22.390857642152046,0.6650185385596172,36.404998779296875,False,False,False,False,False,
TSX:ATD,,https://www.tradingview.com/chart/?symbol=TSX%3AATD,False,,-44.004633905653854,-30.878401179796658,80.05000305175781,75.63999938964844,79.96587982177735,0.24058937379034775,-0.3388790735909506,-12.357202126781008,0.22380954199692832,81.9000015258789,False,False,False,False,False,
NYSE:ATI,,https://www.tradingview.com/chart/?symbol=NYSE%3AATI,True,2026-09-16 09:30,-72.44046258765485,-68.27096213639538,189.74000549316406,135.5,158.3731195678711,0.5596368811173111,43.707951632075925,26.418030411510834,0.529443895233983,183.05999755859375,False,False,True,False,False,
NYSE:ATO,,https://www.tradingview.com/chart/?symbol=NYSE%3AATO,True,2026-09-16 09:30,-64.8105517692953,-64.8105517692953,161.9199981689453,161.9199981689453,169.09794018554686,0.0,-50.896886248442534,-56.919661114093465,0.1723132371620121,176.50999450683594,False,True,True,False,False,"NEAR: 4h+band ok, weekly shallow"
NYSE:AU,,https://www.tradingview.com/chart/?symbol=NYSE%3AAU,False,,-71.93070288887473,-67.04217782200828,99.80999755859375,74.9000015258789,86.3247605895996,0.5145630670137009,29.772559616518738,26.213135780764635,0.51538375253308,93.93000030517578,False,False,False,False,False,
NASDAQ:AUR,,https://www.tradingview.com/chart/?symbol=NASDAQ%3AAUR,False,,26.57679043847254,26.57679043847254,6.369999885559082,3.880000114440918,4.949056419372559,0.5496810067655534,-0.37561330657921904,3.989574088111114,0.7306289897619983,6.199999809265137,False,False,False,False,False,
NASDAQ:AVGO,,https://www.tradingview.com/chart/?symbol=NASDAQ%3AAVGO,True,2026-09-16 13:30,-66.89020662722073,-66.89020662722073,339.6499938964844,293.0450134277344,338.2472670898437,0.24332360666885694,-32.10145932731284,-41.34425158124836,0.49963472047737817,383.3500061035156,False,False,True,False,False,
NYSE:AVY,,https://www.tradingview.com/chart/?symbol=NYSE%3AAVY,False,,-54.25924652495619,-6.276847138633201,172.25999450683594,153.00999450683594,160.29649450683593,0.6234817813765182,36.35800812928432,29.681658441475765,0.18539090455560173,166.5399932861328,False,False,False,False,False,
NYSE:AWK,,https://www.tradingview.com/chart/?symbol=NYSE%3AAWK,False,,-31.139102797591764,-31.139102797591764,137.75,121.12999725341797,125.8027961730957,0.8393942721729329,54.58338335230017,53.39730067845547,0.14802628764575332,133.75999450683594,False,False,False,False,False,
NASDAQ:AXON,,https://www.tradingview.com/chart/?symbol=NASDAQ%3AAXON,True,2026-09-16 13:30,-63.9350289798042,-62.61781339315818,468.4700012207031,345.6400146484375,416.51788427734374,0.4089834666705686,26.920719951238414,9.296131742104183,0.6189626419657192,485.2149963378906,False,False,True,False,False,
NYSE:AXP,,https://www.tradingview.com/chart/?symbol=NYSE%3AAXP,False,,-48.88162499934048,-39.11698300278823,312.75,292.3699951171875,308.69175598144534,0.294679060203377,-11.161063707397853,-26.66703541813387,0.212538429500126,325.3999938964844,False,False,False,False,False,
NASDAQ:AXSM,,https://www.tradingview.com/chart/?symbol=NASDAQ%3AAXSM,False,,20.826726656609935,20.826726656609935,211.94000244140625,154.14999389648438,178.42731274414064,0.561777109827687,-26.155619295925206,-24.119565042486606,0.4753037868983801,216.42999267578125,False,False,False,False,False,
NYSE:AZN,,https://www.tradingview.com/chart/?symbol=NYSE%3AAZN,False,,-33.87337602931548,20.052899926527356,162.7100067138672,155.61000061035156,167.5232796020508,0.14064989509581632,-52.33183241528368,-49.49584853358366,0.2765875691571966,182.50999450683594,False,True,False,False,False,
NYSE:AZO,,https://www.tradingview.com/chart/?symbol=NYSE%3AAZO,False,,-59.29032826058174,-40.569858566924744,2851.02001953125,2851.02001953125,3064.38291796875,0.0,-55.452772696979046,-59.20722850336889,0.2912000634125382,3104.669921875,False,True,False,False,False,
NYSE:B,,https://www.tradingview.com/chart/?symbol=NYSE%3AB,False,,-66.45702801240056,-59.286956965317735,42.54999923706055,34.79999923706055,38.12287966918945,0.5504260647826544,25.755796877854703,24.076230405037442,0.3439599696762563,40.935001373291016,False,False,False,False,False,
NYSE:BA,,https://www.tradingview.com/chart/?symbol=NYSE%3ABA,False,,-8.98830827797724,1.552317194759592,202.0500030517578,189.1999969482422,201.33983752441407,0.2498057055528463,-28.735337007577698,-37.3400731480471,0.23527260604191938,218.63999938964844,False,False,False,False,False,
NYSE:BABA,,https://www.tradingview.com/chart/?symbol=NYSE%3ABABA,False,,-56.300578268985056,-47.28453930982686,107.26000213623047,94.72000122070312,106.78668237304687,0.24525718204542363,-18.98500703483592,-28.28378752274193,0.41157533205490976,124.2300033569336,False,False,False,False,False,
NYSE:BAC,,https://www.tradingview.com/chart/?symbol=NYSE%3ABAC,False,,-62.063490561762045,-62.063490561762045,57.88999938964844,46.71500015258789,50.98778004455566,0.6172327820827005,49.364366397994424,36.709815060334364,0.3283758065367592,55.1349983215332,False,False,False,False,False,
NYSE:BALL,,https://www.tradingview.com/chart/?symbol=NYSE%3ABALL,False,,-69.22393131542084,-15.273403725538323,61.27000045776367,52.43000030517578,55.83784088134766,0.6121882727138238,19.744470894579734,8.595769466171944,0.23544761145098317,61.33000183105469,False,False,False,False,False,
TSX:BAM,,https://www.tradingview.com/chart/?symbol=TSX%3ABAM,False,,-72.98061476809981,-66.36759678219123,63.189998626708984,58.779998779296875,63.271078491210936,0.23173936575391893,37.84735706140112,16.337260513036966,0.2881586692228912,66.04000091552734,False,True,False,False,False,
NYSE:BAM,,https://www.tradingview.com/chart/?symbol=NYSE%3ABAM,False,,-76.11173988555606,-70.22504011172619,45.185001373291016,42.7400016784668,45.835141174316405,0.18642776157658278,32.955261093640495,13.445012940576772,0.2758148911503595,47.54999923706055,False,True,False,False,False,
NYSE:BAP,,https://www.tradingview.com/chart/?symbol=NYSE%3ABAP,False,,-27.287629627691235,-20.22356991245717,381.1300048828125,303.6499938964844,327.0493924560547,0.7814424181126993,22.173611974375962,18.64362728828335,0.2727197561951372,363.55999755859375,False,False,False,False,False,
NYSE:BAX,,https://www.tradingview.com/chart/?symbol=NYSE%3ABAX,False,,-81.43750890582265,-66.08412414196074,23.524999618530273,15.800000190734863,18.76180023574829,0.6155377936566448,50.60403566699082,36.42841621538554,0.6267166257082788,20.024999618530273,False,False,False,False,False,
NYSE:BBD,,https://www.tradingview.com/chart/?symbol=NYSE%3ABBD,False,,9.476942340206667,9.476942340206667,3.5099000930786133,2.9800000190734863,3.277454376220703,0.4204222075096945,-15.218951359952024,-4.394653244719549,0.35705377581750725,3.5299999713897705,False,False,False,False,False,
TSX:BBD.A,,https://www.tradingview.com/chart/?symbol=TSX%3ABBD.A,False,,-17.8135843908035,-9.879650962595402,301.7300109863281,233.25999450683594,266.84515753173827,0.4811328108539721,9.051154663357561,-2.032149174251402,0.4681404565580018,303.989990234375,False,False,False,False,False,
TSX:BBD.B,,https://www.tradingview.com/chart/?symbol=TSX%3ABBD.B,False,,-17.429092288943412,-11.381531594287573,301.4200134277344,231.52999877929688,264.96883935546873,0.49326002854251805,9.707220231662804,-2.5090281884836267,0.4676546217690908,302.9800109863281,False,False,False,False,False,
NYSE:BBDO,,https://www.tradingview.com/chart/?symbol=NYSE%3ABBDO,False,,26.800163483361036,26.800163483361036,3.1500000953674316,2.880000114440918,3.08768008518219,0.30681820336945104,3.572103738071592,10.3003904388355,0.2784809658607993,3.1600000858306885,False,False,False,False,False,
NASDAQ:BBIO,,https://www.tradingview.com/chart/?symbol=NASDAQ%3ABBIO,True,2026-09-16 13:30,-79.90470267904496,-79.90470267904496,68.32499694824219,63.25,69.58896014404297,0.18894254776324676,4.899729000264602,-11.40146913473685,0.36673950564980434,73.23999786376953,False,True,True,False,False,
NYSE:BBVA,,https://www.tradingview.com/chart/?symbol=NYSE%3ABBVA,False,,-37.75245295743034,-37.75245295743034,28.110000610351562,20.34000015258789,22.528900062561036,0.8377359328662608,69.89398682590476,63.10335590761614,0.3916807220860981,23.68000030517578,False,False,False,False,False,
NYSE:BBY,,https://www.tradingview.com/chart/?symbol=NYSE%3ABBY,False,,45.3242963812701,57.75026801177993,92.44000244140625,55.43000030517578,64.72604016113281,0.9395786420336065,51.69171739692754,57.22804230034968,0.5232812831774768,75.2750015258789,False,False,False,False,False,
TSX:BCE,,https://www.tradingview.com/chart/?symbol=TSX%3ABCE,False,,-42.94153560663424,-42.94153560663424,31.510000228881836,29.670000076293945,31.13319980621338,0.29677427293856334,7.736579727062453,9.504660354825686,0.18942862640709943,32.72999954223633,False,False,False,False,False,
NYSE:BCE,,https://www.tradingview.com/chart/?symbol=NYSE%3ABCE,False,,-62.648646863726185,-62.648646863726185,22.510000228881836,20.875,22.18125996398926,0.29539300342461267,7.405004475443609,8.391684529553592,0.2332490499024463,23.729999542236328,False,False,False,False,False,
NYSE:BCH,,https://www.tradingview.com/chart/?symbol=NYSE%3ABCH,False,,-46.673437418766746,-46.673437418766746,41.130001068115234,34.95000076293945,36.8592407989502,0.7639060801746556,52.42342915212748,44.85945756405539,0.20429294101803486,39.599998474121094,False,False,False,False,False,
NYSE:BCS,,https://www.tradingview.com/chart/?symbol=NYSE%3ABCS,False,,-57.69352558613436,-57.69352558613436,25.34000015258789,20.065000534057617,22.071000534057617,0.6205881904153263,20.305403888867875,4.0580408467410365,0.33684444762912863,25.23419952392578,False,False,False,False,False,
NYSE:BDX,,https://www.tradingview.com/chart/?symbol=NYSE%3ABDX,False,,-69.34077890758327,1.1989274990065841,181.77999877929688,140.7100067138672,152.8191661376953,0.8004286497680997,66.63938956177726,61.52789043779968,0.32996782995880225,155.5,False,False,False,False,False,
NYSE:BE,,https://www.tradingview.com/chart/?symbol=NYSE%3ABE,False,,27.7434913236854,27.858310167555032,270.05999755859375,117.6802978515625,171.508291015625,0.6680837797770368,0.860146598182275,13.959406661358116,0.9741693684637778,234.13250732421875,False,False,False,False,False,
NYSE:BEKE,,https://www.tradingview.com/chart/?symbol=NYSE%3ABEKE,False,,-67.23166992483097,-67.23166992483097,15.930000305175781,14.199999809265137,15.469845035552979,0.3215195904058668,28.862105205508538,15.334781722334984,0.3244317400310696,16.584999084472656,False,False,False,False,False,
NYSE:BEN,,https://www.tradingview.com/chart/?symbol=NYSE%3ABEN,False,,-50.224057400049865,-50.224057400049865,32.724998474121094,22.75,25.82153985595703,0.7664232763664033,40.9520277385262,29.154140244392394,0.40438088657187504,32.185001373291016,False,False,False,False,False,
NYSE:BG,,https://www.tradingview.com/chart/?symbol=NYSE%3ABG,False,,-11.25365143312534,-11.25365143312534,117.19999694824219,104.83999633789062,111.65095648193359,0.4282744403656822,7.5981910733551485,18.491520625123254,0.23724774061224443,121.6449966430664,False,False,False,False,False,
NYSE:BHP,,https://www.tradingview.com/chart/?symbol=NYSE%3ABHP,False,,-78.09646430731418,-67.54292529924028,84.18000030517578,65.16000366210938,73.07308337402344,0.5672531266183737,53.75756847009571,40.004513438552955,0.400477747272349,83.7249984741211,False,False,False,False,False,
NASDAQ:BIDU,,https://www.tradingview.com/chart/?symbol=NASDAQ%3ABIDU,False,,-48.40717122455871,-48.40717122455871,88.54000091552734,88.54000091552734,103.28528170776367,0.0,-63.28443414685347,-65.58449267452625,0.5538025485369679,112.81999969482422,False,True,False,True,False,
NASDAQ:BIIB,,https://www.tradingview.com/chart/?symbol=NASDAQ%3ABIIB,False,,-9.039307890733882,-4.11840727756737,216.0399932861328,171.75,184.17657971191406,0.8411355866092423,66.13480127148075,62.73246878690474,0.26604183137850657,197.9199981689453,False,False,False,False,False,
NYSE:BIP,,https://www.tradingview.com/chart/?symbol=NYSE%3ABIP,True,2026-09-16 13:30,-71.37216439148499,-70.62573268798211,35.564998626708984,34.040000915527344,36.0837608795166,0.176096736495597,-5.8609192139700035,-20.60346437046028,0.23001326683770829,37.650001525878906,False,True,True,False,False,
NYSE:BJ,,https://www.tradingview.com/chart/?symbol=NYSE%3ABJ,False,,-17.324485484440572,33.982722583820525,92.97000122070312,83.87000274658203,87.80648281860351,0.5455634476995409,4.62011848637465,4.851546671982285,0.17902759078013405,93.16999816894531,False,False,False,False,False,
NASDAQ:BKNG,,https://www.tradingview.com/chart/?symbol=NASDAQ%3ABKNG,True,2026-09-16 09:30,-69.21841677539972,-55.44719082696221,171.38999938964844,154.2100067138672,168.50452484130858,0.28363868129985653,35.9292670832317,16.585237595227923,0.3445166812445984,175.81149291992188,False,False,True,False,False,
NASDAQ:BKR,,https://www.tradingview.com/chart/?symbol=NASDAQ%3ABKR,False,,-61.678153796840085,-59.58996864406978,56.290000915527344,52.584999084472656,56.6170588684082,0.21685701080440214,11.735278109174999,-2.810312800546951,0.27406158233323996,62.34000015258789,False,True,False,False,False,
NYSE:BLK,,https://www.tradingview.com/chart/?symbol=NYSE%3ABLK,True,2026-09-16 09:30,-64.53621364546768,-64.53621364546768,1037.1500244140625,923.0,984.5605942382813,0.4376079551383955,38.39219062060693,21.58245109918212,0.24776078424233977,1052.8299560546875,False,False,True,False,False,
TSX:BMO,,https://www.tradingview.com/chart/?symbol=TSX%3ABMO,False,,17.958951476197793,18.06218898192648,241.5800018310547,182.22000122070312,200.13476208496093,0.7819786292538571,20.19769876621891,14.13723680505608,0.3265227333842266,232.47999572753906,False,False,False,False,False,
NYSE:BMO,,https://www.tradingview.com/chart/?symbol=NYSE%3ABMO,False,,-9.410046953118448,-9.410046953118448,172.61000061035156,131.19000244140625,144.1983212890625,0.7514514121578676,26.172175566347377,18.95734259397352,0.3308820895980376,166.5850067138672,False,False,False,False,False,
NASDAQ:BMRN,,https://www.tradingview.com/chart/?symbol=NASDAQ%3ABMRN,False,,-15.193300130603054,-15.193300130603054,64.70999908447266,49.66999816894531,54.53867932128906,0.7290352571878272,64.68608172871258,59.18191615310901,0.36034943026746724,57.25,False,False,False,False,False,
NYSE:BMY,,https://www.tradingview.com/chart/?symbol=NYSE%3ABMY,False,,-56.26878918544762,-44.9739452092665,63.560001373291016,53.849998474121094,57.210637969970705,0.6818823283586888,56.306124661070065,47.404740117367915,0.24149915758364596,58.96500015258789,False,False,False,False,False,
TSX:BN,,https://www.tradingview.com/chart/?symbol=TSX%3ABN,False,,-71.49752945093533,-63.8306757962738,51.83000183105469,51.68000030517578,55.1374006652832,0.010239010938936208,-62.64062491234039,-71.54865274424915,0.2400459088793003,61.029998779296875,False,True,False,True,False,"WATCH: weekly+band ok, waiting on 4h dot"
NYSE:BN,,https://www.tradingview.com/chart/?symbol=NYSE%3ABN,False,,-74.43316998232108,-68.4228912915255,37.029998779296875,37.029998779296875,39.6897188873291,0.0,-60.16192555492077,-70.25157027762086,0.2599169810683334,43.36000061035156,False,True,False,True,False,"WATCH: weekly+band ok, waiting on 4h dot"
TSX:BNS,,https://www.tradingview.com/chart/?symbol=TSX%3ABNS,False,,14.36564810709774,36.31774645457053,130.11000061035156,93.44999694824219,102.32831939697266,0.9744814872650798,58.0801851614751,58.81381929309075,0.32625107252179314,115.30999755859375,False,False,False,False,False,
NYSE:BNS,,https://www.tradingview.com/chart/?symbol=NYSE%3ABNS,False,,9.50892064562123,13.181118101236713,92.9800033569336,67.38999938964844,73.93428018188476,0.9228272942450491,62.77304465226272,61.782786548496006,0.33547062821683354,82.66000366210938,False,False,False,False,False,
NASDAQ:BNTX,,https://www.tradingview.com/chart/?symbol=NASDAQ%3ABNTX,False,,-54.13514903744875,-41.905729342999564,95.80500030517578,81.79850006103516,90.00929318237304,0.4025840145730738,33.377856150820506,26.385355304167614,0.37669441367409534,92.36000061035156,False,False,False,False,False,
NYSE:BNY,,https://www.tradingview.com/chart/?symbol=NYSE%3ABNY,False,,-73.88372898321875,-73.88372898321875,153.47000122070312,10.069999694824219,46.73356802368164,0.9230525533290905,58.44309865451322,48.969900696823615,1.083059819047615,143.44000244140625,False,False,False,False,False,
NYSE:BP,,https://www.tradingview.com/chart/?symbol=NYSE%3ABP,False,,52.702955242494596,52.702955242494596,45.3849983215332,36.1349983215332,38.85607893371582,0.8022548065009308,36.18832751097583,45.08382112369959,0.26357304550281235,43.744998931884766,False,False,False,False,False,
NASDAQ:BPOP,,https://www.tradingview.com/chart/?symbol=NASDAQ%3ABPOP,False,,-51.488924041563585,-44.865873258546124,160.9499969482422,128.29249572753906,140.03290515136717,0.656465205757101,30.3640699153427,14.741740400156925,0.31408231422624144,158.38999938964844,False,False,False,False,False,
NYSE:BR,,https://www.tradingview.com/chart/?symbol=NYSE%3ABR,False,,-55.365747280712846,-28.294591627785405,167.00999450683594,134.9134979248047,147.92571313476563,0.5821278753183267,45.199292568046054,40.20338294457156,0.3504179014216969,157.34500122070312,False,False,False,False,False,
NYSE:BRO,,https://www.tradingview.com/chart/?symbol=NYSE%3ABRO,False,,-67.41163411940444,-41.345452549428096,65.88999938964844,54.08000183105469,59.02774096679688,0.5633198006931779,31.60395238001413,18.364541463423095,0.31365944773407883,66.83999633789062,False,False,False,False,False,
NYSE:BROS,,https://www.tradingview.com/chart/?symbol=NYSE%3ABROS,False,,-68.76992788680326,-68.76992788680326,41.369998931884766,41.369998931884766,48.91727882385254,0.0,-40.20246311198889,-46.91907217779912,0.5937064614447182,53.8650016784668,False,True,False,False,False,
NYSE:BSAC,,https://www.tradingview.com/chart/?symbol=NYSE%3ABSAC,False,,-55.32886871473536,-55.32886871473536,34.17499923706055,29.690000534057617,31.28536058807373,0.6634613241344207,56.31567976832658,47.17706827110592,0.20336943103288202,33.2400016784668,False,False,False,False,False,
NYSE:BSBR,,https://www.tradingview.com/chart/?symbol=NYSE%3ABSBR,False,,-15.306412729026066,-15.306412729026066,5.824999809265137,5.010000228881836,5.3510201568603515,0.5640136695547495,38.25434128955388,39.86810469526152,0.25350872687318793,5.699999809265137,False,False,False,False,False,
NYSE:BSX,,https://www.tradingview.com/chart/?symbol=NYSE%3ABSX,False,,-72.1956512595806,-41.203988461144185,43.91999816894531,42.400001525878906,49.36200152587891,0.05152530993445445,-23.0470934259935,-31.015448425234506,0.5963812778530161,49.46500015258789,False,True,False,False,False,
NYSE:BTI,,https://www.tradingview.com/chart/?symbol=NYSE%3ABTI,False,,-28.349845639985563,24.07721357116708,56.099998474121094,54.33000183105469,57.34372103881836,0.13860588162546175,-43.74362091127384,-44.20664894794626,0.21680808679530594,58.900001525878906,False,True,False,False,False,
NASDAQ:BTSG,,https://www.tradingview.com/chart/?symbol=NASDAQ%3ABTSG,False,,-24.744459468047122,-24.744459468047122,58.970001220703125,38.20000076293945,46.4116212310791,0.5969248246494662,-4.681022930838102,-10.300105324098757,0.586267950770286,59.349998474121094,False,False,False,False,False,
NYSE:BUD,,https://www.tradingview.com/chart/?symbol=NYSE%3ABUD,False,,-24.21531113926981,18.567097081849454,79.87999725341797,67.4800033569336,71.96400335693359,0.652631257709704,-2.520985825886733,-6.8604583573107565,0.23864850228987253,79.61499786376953,False,False,False,False,False,
NYSE:BURL,,https://www.tradingview.com/chart/?symbol=NYSE%3ABURL,True,2026-09-16 09:30,-61.130309940554895,-56.10289556968046,230.82000732421875,227.4600067138672,262.13784368896484,0.022866482261059067,-21.644721026374043,-35.275645322146374,0.4529173951233957,324.42999267578125,False,True,True,False,False,
NYSE:BWA,,https://www.tradingview.com/chart/?symbol=NYSE%3ABWA,False,,-45.549776286767575,-45.549776286767575,62.275001525878906,50.560001373291016,57.090121841430665,0.4233827001354514,9.586366379856765,-2.7180934346502568,0.43363111405956534,63.810001373291016,False,False,False,False,False,
NYSE:BWXT,,https://www.tradingview.com/chart/?symbol=NYSE%3ABWXT,False,,-58.11748791459908,-58.11748791459908,145.6699981689453,145.6699981689453,167.69446337890625,0.0,-67.21190336554689,-68.02191818007182,0.4792235929675429,194.74000549316406,False,True,False,True,False,
NYSE:BX,,https://www.tradingview.com/chart/?symbol=NYSE%3ABX,False,,-72.50788462114166,-59.122035941197055,123.41000366210938,102.12000274658203,113.26392123413086,0.4508683567345088,49.22372364050204,31.324597796873352,0.38444937728113154,122.82499694824219,False,False,False,False,False,
NYSE:BXP,,https://www.tradingview.com/chart/?symbol=NYSE%3ABXP,False,,-63.87003619524506,-52.08201464481908,64.05999755859375,51.02000045776367,56.466879989624026,0.5649912574337432,21.18730571277517,4.435760594879184,0.3597256343360786,64.16000366210938,False,False,False,False,False,
NYSE:C,,https://www.tradingview.com/chart/?symbol=NYSE%3AC,False,,-8.207550411849573,-8.207550411849573,132.9600067138672,105.5,115.10284057617187,0.6748588121470304,21.787769314547386,20.54942808456943,0.3089363022340669,131.7100067138672,False,False,False,False,False,
NYSE:CAH,,https://www.tradingview.com/chart/?symbol=NYSE%3ACAH,False,,-44.173922977585015,-44.10856971276285,232.39999389648438,182.6199951171875,198.26089727783204,0.7511126654493405,44.19035403194271,37.62258443906667,0.299548063978637,221.25,False,False,False,False,False,
NYSE:CARR,,https://www.tradingview.com/chart/?symbol=NYSE%3ACARR,False,,-61.47591740176608,-61.47591740176608,54.2400016784668,54.2400016784668,59.43672178649902,0.0,-46.222119093912205,-52.59857620300172,0.34696289931176766,63.46500015258789,False,True,False,False,False,
NASDAQ:CASY,,https://www.tradingview.com/chart/?symbol=NASDAQ%3ACASY,False,,-80.09177174161091,-65.22737602634886,588.9600219726562,587.1300048828125,664.948642578125,0.005549879129137467,-28.395627594922345,-47.995285181840586,0.41239148451270535,799.5800170898438,False,True,False,False,False,
NYSE:CAT,,https://www.tradingview.com/chart/?symbol=NYSE%3ACAT,False,,-32.52962655890436,-32.52962655890436,783.02001953125,667.6699829101562,763.1532292480468,0.28510350963816544,-30.761724868940252,-36.206656911811365,0.4732877562266428,854.8499755859375,False,False,False,False,False,
NYSE:CB,,https://www.tradingview.com/chart/?symbol=NYSE%3ACB,False,,-27.47509338500534,20.322397711714768,341.55999755859375,309.8299865722656,322.50790686035157,0.5906554405307741,15.028787584189645,9.91702729573919,0.16246787301475374,330.6499938964844,False,False,False,False,False,
NYSE:CBRE,,https://www.tradingview.com/chart/?symbol=NYSE%3ACBRE,False,,-55.94303320740003,-36.6619702584118,138.66000366210938,122.52999877929688,130.20944079589844,0.4956976228369711,29.79482663254105,15.044586148720379,0.23184899985627275,140.35000610351562,False,False,False,False,False,
NASDAQ:CCEP,,https://www.tradingview.com/chart/?symbol=NASDAQ%3ACCEP,False,,-64.26286871591368,-48.88511700824305,102.69999694824219,89.36000061035156,94.63460025024413,0.5968678858451338,37.01886360247189,23.877141453960718,0.22516620988428546,99.26000213623047,False,False,False,False,False,
NYSE:CCI,,https://www.tradingview.com/chart/?symbol=NYSE%3ACCI,True,2026-09-16 09:30,-56.98157353817311,-53.853639160848466,73.22000122070312,72.26499938964844,77.51009902954101,0.04296971413369034,-40.87576050605265,-41.81782513269701,0.27196522445095805,81.72000122070312,False,True,False,False,False,
NYSE:CCJ,,https://www.tradingview.com/chart/?symbol=NYSE%3ACCJ,False,,-63.3858050363554,-63.3858050363554,90.93000030517578,84.58000183105469,94.46771618652343,0.15156178526372222,-16.34840383743089,-23.414562172374346,0.39913398341753265,104.97000122070312,False,True,False,False,False,
NYSE:CCK,,https://www.tradingview.com/chart/?symbol=NYSE%3ACCK,False,,-58.23879216027681,-43.382046783701874,112.16999816894531,92.04000091552734,99.14360055541992,0.668770706773458,30.702311357667558,19.478573850586596,0.2836144280890548,106.12999725341797,False,False,False,False,False,
NYSE:CCL,,https://www.tradingview.com/chart/?symbol=NYSE%3ACCL,True,2026-09-16 09:30,-57.31726889407887,-56.16529336228168,22.354999542236328,22.109800338745117,24.250367530822754,0.027033494784977994,-42.70138668723771,-51.719190989613566,0.3403452193719348,26.649999618530273,False,True,False,False,False,
TSX:CCL.B,,https://www.tradingview.com/chart/?symbol=TSX%3ACCL.B,False,,-9.880186242209268,39.91402661995681,96.30999755859375,81.66999816894531,85.24067932128906,0.96761365928436,50.155451433577575,52.10349837611009,0.17022958314988765,88.87999725341797,False,False,False,False,False,
TSX:CCO,,https://www.tradingview.com/chart/?symbol=TSX%3ACCO,True,2026-09-16 13:30,-63.748224603187545,-63.748224603187545,127.22000122070312,118.86000061035156,131.60872161865234,0.1547574962820475,-21.088666388927738,-29.43274649353141,0.36765811587333697,146.92999267578125,False,True,True,False,False,
NYSE:CDE,,https://www.tradingview.com/chart/?symbol=NYSE%3ACDE,True,2026-09-16 09:30,-66.02078032543378,-66.02078032543378,19.0,14.154999732971191,16.46779977798462,0.49438777272773715,25.489377706793693,24.58488846770802,0.5355191584318884,18.299999237060547,False,False,True,False,False,
NASDAQ:CDNS,,https://www.tradingview.com/chart/?symbol=NASDAQ%3ACDNS,True,2026-09-16 09:30,-53.59873910047517,-52.16378323556396,280.010009765625,265.6499938964844,301.23407360839843,0.0952382012561228,-46.28518795898322,-54.939077288561805,0.4484430117852506,336.2300109863281,False,True,False,False,False,
NASDAQ:CDW,,https://www.tradingview.com/chart/?symbol=NASDAQ%3ACDW,False,,2.3204615375264788,25.707965271597605,149.9600067138672,97.12999725341797,111.31949905395507,0.8786694845194688,59.93549759222202,62.122581453265205,0.4506784047594702,133.41000366210938,False,False,False,False,False,
NASDAQ:CEG,,https://www.tradingview.com/chart/?symbol=NASDAQ%3ACEG,False,,-54.747247434240556,-54.747247434240556,259.45001220703125,232.4199981689453,254.0800814819336,0.29450871544723556,21.963678804988493,14.843307421907346,0.3309534531015089,277.32000732421875,False,False,False,False,False,
NYSE:CF,,https://www.tradingview.com/chart/?symbol=NYSE%3ACF,False,,-10.729751327984365,-7.483890194820863,131.9600067138672,101.73999786376953,110.59943807983399,0.8050082075943162,53.77948301386598,56.48812452574106,0.3088695131870072,121.54000091552734,False,False,False,False,False,
NYSE:CFG,,https://www.tradingview.com/chart/?symbol=NYSE%3ACFG,False,,-9.43441567320315,-9.43441567320315,66.83999633789062,55.64500045776367,60.22458106994629,0.5769128772799964,25.97496202906645,11.896972703835017,0.2918045502856262,66.5,False,False,False,False,False,
NASDAQ:CG,,https://www.tradingview.com/chart/?symbol=NASDAQ%3ACG,False,,-82.88146267448916,-72.54113901565573,40.02000045776367,40.02000045776367,43.01012002563476,0.0,5.015116494427466,-15.917729114412758,0.2703798122901957,46.86000061035156,False,True,False,False,False,
NYSE:CHD,,https://www.tradingview.com/chart/?symbol=NYSE%3ACHD,False,,-70.08142390574174,-41.78526867434716,95.5,90.58499908447266,93.66361865234374,0.3767728329182833,27.298200786351913,5.324533701738865,0.13481808475550652,96.76000213623047,False,False,False,False,False,
NASDAQ:CHKP,,https://www.tradingview.com/chart/?symbol=NASDAQ%3ACHKP,False,,-30.727238039955967,18.589646670336,137.72000122070312,112.51000213623047,123.91588076782227,0.5216222244778727,16.684503214275086,24.472536045596087,0.3624024743586326,133.36000061035156,False,False,False,False,False,
NASDAQ:CHRW,,https://www.tradingview.com/chart/?symbol=NASDAQ%3ACHRW,False,,51.04675821393723,55.25602609476595,153.8300018310547,141.55999755859375,157.7649395751953,0.17869369759757156,-30.238464636373863,-28.25236132527916,0.40021568813693903,171.57000732421875,False,True,False,False,False,
NYSE:CHT,,https://www.tradingview.com/chart/?symbol=NYSE%3ACHT,False,,73.6241351418198,73.6241351418198,45.209999084472656,41.3849983215332,42.54965864562988,0.7750759267547409,55.413050839193254,69.0138941409875,0.11426259620761316,43.189998626708984,False,False,False,False,False,
NASDAQ:CHTR,,https://www.tradingview.com/chart/?symbol=NASDAQ%3ACHTR,False,,-40.59387149267375,-39.882683545719615,135.00999450683594,123.1449966430664,152.07505642700195,0.09678996575750207,-3.138812588497109,-10.273862376472755,0.8261557827908672,148.3800048828125,False,True,False,False,False,
NYSE:CI,,https://www.tradingview.com/chart/?symbol=NYSE%3ACI,False,,7.086448933900162,42.53314450291863,280.44000244140625,258.0799865722656,269.03510974121093,0.4816891297101883,-7.169408180005756,2.069812172960491,0.16534877481822507,280.739990234375,False,False,False,False,False,
NYSE:CIB,,https://www.tradingview.com/chart/?symbol=NYSE%3ACIB,False,,-3.202443154558851,-3.202443154558851,98.33999633789062,62.70000076293945,72.27216108703612,0.878698086002046,70.45461149412817,68.02548307100261,0.5155386056560795,78.67500305175781,False,False,False,False,False,
NYSE:CIEN,,https://www.tradingview.com/chart/?symbol=NYSE%3ACIEN,False,,-33.87557263557727,-16.43003179938824,340.760009765625,315.9200134277344,389.37736853027343,0.07980465846556949,-47.19059741731807,-50.393946202778764,0.7129342904301295,436.5899963378906,False,True,False,False,False,
NASDAQ:CINF,,https://www.tradingview.com/chart/?symbol=NASDAQ%3ACINF,False,,-17.47576532414481,20.83457652105237,170.77000427246094,153.6199951171875,162.6682378540039,0.4473136141867693,-4.320227091193217,-10.023622685312876,0.22764524411299478,168.4199981689453,False,False,False,False,False,
NYSE:CL,,https://www.tradingview.com/chart/?symbol=NYSE%3ACL,True,2026-09-16 09:30,-63.55744752896813,-60.457281262259265,86.9800033569336,81.80000305175781,84.93762261962891,0.38962023456876554,-6.022410150852405,-22.76755555860241,0.14803472364278156,89.80999755859375,False,False,True,False,False,
NYSE:CLH,,https://www.tradingview.com/chart/?symbol=NYSE%3ACLH,False,,49.10989251365631,49.10989251365631,319.07000732421875,275.93499755859375,288.72738159179687,0.7957752267493905,55.83134815206426,57.0351037184322,0.17938582480424445,302.1700134277344,False,False,False,False,False,
TSX:CLS,,https://www.tradingview.com/chart/?symbol=TSX%3ACLS,False,,7.166648138540325,7.166648138540325,452.3900146484375,357.9599914550781,427.74754943847654,0.319333218092174,-38.59481657520309,-31.614119783033125,0.6135062063383364,482.0,False,False,False,False,False,
NYSE:CLS,,https://www.tradingview.com/chart/?symbol=NYSE%3ACLS,False,,2.328924789403231,2.328924789403231,323.8399963378906,257.0199890136719,307.86382958984376,0.3101559903778406,-36.895328223691884,-30.0874995491531,0.6281049633860241,343.0,False,False,False,False,False,
NYSE:CLX,,https://www.tradingview.com/chart/?symbol=NYSE%3ACLX,False,,-64.12357978187039,-56.923903964098145,84.8499984741211,84.8499984741211,92.33119955444336,0.0,14.044984300876884,-5.857602203461486,0.32614851254868404,97.19499969482422,False,True,False,False,False,
TSX:CM,,https://www.tradingview.com/chart/?symbol=TSX%3ACM,False,,-37.859313076954514,-36.36568633590271,158.10000610351562,127.88999938964844,138.2810791015625,0.6861232693940497,14.490853476232097,3.249333990174623,0.27858271388250494,158.0500030517578,False,False,False,False,False,
NYSE:CM,,https://www.tradingview.com/chart/?symbol=NYSE%3ACM,False,,-47.231477118085614,-47.231477118085614,112.95999908447266,91.80999755859375,99.40329827880859,0.6573426424189079,22.34319123078681,9.51638632550408,0.28383030062210257,113.36000061035156,False,False,False,False,False,
NASDAQ:CMCSA,,https://www.tradingview.com/chart/?symbol=NASDAQ%3ACMCSA,False,,-70.23399861509107,-70.23399861509107,23.75,21.93000030517578,24.27230012512207,0.18337529820941748,17.524476477826244,6.805392732094935,0.3936148791195591,25.21500015258789,False,True,False,False,False,
NASDAQ:CME,,https://www.tradingview.com/chart/?symbol=NASDAQ%3ACME,False,,-44.3522275479177,-32.71376881768857,272.5400085449219,218.55999755859375,242.28507727050783,0.5369542588460148,24.53764259765985,26.127663232367148,0.3621658752156641,277.5799865722656,False,False,False,False,False,
NYSE:CMG,,https://www.tradingview.com/chart/?symbol=NYSE%3ACMG,False,,-58.46561692960387,-58.46561692960387,33.689998626708984,28.18000030517578,30.688680557250976,0.5183440985777963,38.75075087661663,30.798488463084745,0.31854963764947425,33.369998931884766,False,False,False,False,False,
NYSE:CMI,,https://www.tradingview.com/chart/?symbol=NYSE%3ACMI,False,,-58.37004468884945,-58.37004468884945,527.5700073242188,511.67999267578125,563.2884709472656,0.07266332166014068,-57.520954325101684,-62.96480062222356,0.340936377405696,641.4099731445312,False,True,False,False,False,
NYSE:CMS,,https://www.tradingview.com/chart/?symbol=NYSE%3ACMS,True,2026-09-16 09:30,-70.71139734725791,-70.71139734725791,66.0,65.88999938964844,69.26480010986329,0.007692348732613787,-58.521599468652795,-62.202175178362815,0.19312584786794249,74.04499816894531,False,True,True,False,False,"NEAR: 4h+band ok, weekly shallow"
NYSE:CNC,,https://www.tradingview.com/chart/?symbol=NYSE%3ACNC,False,,4.895809418861209,31.710324599077413,66.01000213623047,31.80500030517578,40.67623944091797,0.9099495920029161,37.12638594737191,38.44800498988364,0.6048269576025411,62.150001525878906,False,False,False,False,False,
NYSE:CNH,,https://www.tradingview.com/chart/?symbol=NYSE%3ACNH,False,,31.201418176619757,36.69812006483876,13.524999618530273,9.84000015258789,10.914980224609375,0.8090009262469579,78.55520389845515,83.10307682275477,0.4257009706889531,10.699999809265137,False,False,False,False,False,
NYSE:CNI,,https://www.tradingview.com/chart/?symbol=NYSE%3ACNI,False,,-46.23530371983997,-46.23530371983997,119.51499938964844,98.47000122070312,106.04560266113282,0.6556072949356991,30.012810933794327,16.585984664026306,0.2697479504497111,119.0,False,False,False,False,False,
NYSE:CNP,,https://www.tradingview.com/chart/?symbol=NYSE%3ACNP,True,2026-09-16 13:30,-65.68588431366004,-65.68588431366004,38.32500076293945,37.91999816894531,39.59205885314941,0.057163363199412474,-45.85637913467281,-50.25207667247244,0.1659639992290183,42.689998626708984,False,True,True,False,False,"NEAR: 4h+band ok, weekly shallow"
TSX:CNQ,,https://www.tradingview.com/chart/?symbol=TSX%3ACNQ,False,,-18.210871753230023,11.897934721424484,70.08999633789062,55.869998931884766,59.68611940002442,0.8794060396770931,54.091383493067134,56.04531228688353,0.25027088424221255,64.61000061035156,False,False,False,False,False,
NYSE:CNQ,,https://www.tradingview.com/chart/?symbol=NYSE%3ACNQ,False,,-21.273505532008244,-1.5345734162477715,50.09000015258789,38.93000030517578,41.99800030517578,0.8584615267240084,50.58132125575451,52.10000571818457,0.27834277893885345,46.70500183105469,False,False,False,False,False,
TSX:CNR,,https://www.tradingview.com/chart/?symbol=TSX%3ACNR,False,,-33.948297350105015,-18.118374005175767,167.2100067138672,135.17999267578125,146.69207598876955,0.6566216650343292,22.708571607832173,10.694763000268484,0.29563644871567235,165.0,False,False,False,False,False,
NYSE:COF,,https://www.tradingview.com/chart/?symbol=NYSE%3ACOF,False,,-53.86504915305284,-53.55484253711876,203.21499633789062,176.05999755859375,188.1620772705078,0.5295436705482155,39.783585666210264,25.624086343958258,0.2564641138382758,199.9499969482422,False,False,False,False,False,
NYSE:COHR,,https://www.tradingview.com/chart/?symbol=NYSE%3ACOHR,False,,-16.2478782022666,-14.43036185410125,289.760009765625,219.19500732421875,268.2015870361328,0.33981846262417814,-24.92745335865546,-27.12053416073372,0.6584383631527447,315.375,False,False,False,False,False,
NASDAQ:COIN,,https://www.tradingview.com/chart/?symbol=NASDAQ%3ACOIN,False,,-25.69237365542129,-22.756412819343314,164.5,142.5800018310547,160.0532061767578,0.2960601539089324,5.461039344443583,7.696913681789701,0.4241221192557746,174.57000732421875,False,False,False,False,False,
NASDAQ:COKE,,https://www.tradingview.com/chart/?symbol=NASDAQ%3ACOKE,False,,-13.885017169262282,43.59756977145498,198.74000549316406,163.3800048828125,176.27032373046876,0.6473819804356717,41.68225514108832,48.927077652232775,0.2904700971461665,188.0399932861328,False,False,False,False,False,
NASDAQ:COO,,https://www.tradingview.com/chart/?symbol=NASDAQ%3ACOO,False,,-97.69807011222673,-67.05917006913107,54.619998931884766,53.279998779296875,58.83779949951172,0.056900211420052055,-2.033733080737344,-25.898807994711994,0.3355657302557891,70.18000030517578,False,True,False,False,False,
NYSE:COP,,https://www.tradingview.com/chart/?symbol=NYSE%3ACOP,False,,47.91968634843651,47.91968634843651,132.5399932861328,103.23500061035156,112.22306219482422,0.7694627152346272,55.624911714277665,57.49663935097672,0.31658358892544264,120.30000305175781,False,False,False,False,False,
NYSE:COR,,https://www.tradingview.com/chart/?symbol=NYSE%3ACOR,False,,-33.038075157945144,-31.608200756979386,318.5199890136719,252.57000732421875,278.33648559570315,0.6040482333177736,44.57705918556922,42.43959200485007,0.3508580090158174,311.17999267578125,False,False,False,False,False,
NASDAQ:COST,,https://www.tradingview.com/chart/?symbol=NASDAQ%3ACOST,False,,-54.26500908213428,-37.42231500721355,893.22998046875,893.22998046875,940.8241108398438,0.0,-49.05511521889036,-59.791199104796135,0.2081970152917747,968.6500244140625,False,True,False,False,False,
TSX:CP,,https://www.tradingview.com/chart/?symbol=TSX%3ACP,False,,-51.08808283927171,-41.905188624813725,122.7300033569336,107.4800033569336,113.54520083618164,0.5933854606241441,30.864187699759157,14.75018881686723,0.2083670348784703,123.33999633789062,False,False,False,False,False,
NYSE:CP,,https://www.tradingview.com/chart/?symbol=NYSE%3ACP,False,,-56.34447056351311,-56.34447056351311,87.69000244140625,77.4800033569336,82.0206428527832,0.5306652920008327,38.53955210397297,21.111522636321745,0.2191094226022622,87.80999755859375,False,False,False,False,False,
NYSE:CPAY,,https://www.tradingview.com/chart/?symbol=NYSE%3ACPAY,False,,-16.09725038608509,-16.09725038608509,402.0899963378906,282.3299865722656,316.0685517578125,0.837716783427267,68.39037721682674,62.423502343016025,0.4085739481748892,349.8999938964844,False,False,False,False,False,
NYSE:CPNG,,https://www.tradingview.com/chart/?symbol=NYSE%3ACPNG,False,,-46.554044584346826,-36.990843887137096,14.404999732971191,14.404999732971191,16.17853981399536,0.0,-47.821787140931995,-55.25024991386504,0.44349368419393836,16.94499969482422,False,True,False,False,False,
NASDAQ:CPRT,,https://www.tradingview.com/chart/?symbol=NASDAQ%3ACPRT,False,,-59.74870133298938,-43.44477364180174,30.809999465942383,26.96500015258789,29.465420440673828,0.3629069249979117,7.989155104032277,3.68956899764751,0.32500005265686654,32.599998474121094,False,False,False,False,False,
NYSE:CPT,,https://www.tradingview.com/chart/?symbol=NYSE%3ACPT,False,,-79.20268321104102,-65.36111075576679,101.27999877929688,96.9800033569336,101.96904321289063,0.2034056549911183,-28.440856364478318,-39.938597910144495,0.19886175936184228,106.30500030517578,False,True,False,False,False,
NYSE:CQP,,https://www.tradingview.com/chart/?symbol=NYSE%3ACQP,False,,-62.75036170764414,-62.75036170764414,65.36000061035156,57.93000030517578,61.06644052124023,0.5590669520944093,59.589732933335114,51.6079627627468,0.20684826327669018,64.25,False,False,False,False,False,
NYSE:CR,,https://www.tradingview.com/chart/?symbol=NYSE%3ACR,False,,-51.96308674942848,-51.96308674942848,197.35000610351562,160.83999633789062,176.34991662597656,0.5555387870888172,2.04154940851611,-10.556817417043419,0.3336421848217814,196.9774932861328,False,False,False,False,False,
NYSE:CRBG,,https://www.tradingview.com/chart/?symbol=NYSE%3ACRBG,False,,53.028656388908644,59.435735761746095,34.86000061035156,22.290000915527344,25.355640411376953,0.9676675721312679,64.3950591134004,65.6286546100064,0.46211304097182904,28.110000610351562,False,False,False,False,False,
NYSE:CRCL,,https://www.tradingview.com/chart/?symbol=NYSE%3ACRCL,False,,-42.547901481185896,-42.547901481185896,80.45999908447266,60.29999923706055,77.63419941711426,0.27447242529620514,13.32337635038531,15.563829558093603,0.8111540396189263,90.55000305175781,False,False,False,False,False,
NASDAQ:CRDO,,https://www.tradingview.com/chart/?symbol=NASDAQ%3ACRDO,False,,-56.433537575931986,-45.72719932017157,161.5800018310547,87.81999969482422,138.53876235961914,0.34321343009089705,-12.604977262167068,-27.647610727580293,1.0392669774602465,206.7899932861328,False,False,False,False,False,
NYSE:CRH,,https://www.tradingview.com/chart/?symbol=NYSE%3ACRH,False,,-64.01639812391771,-52.32863125467477,86.69999694824219,86.69999694824219,94.22839730834961,0.0,-65.71039181677418,-70.06713854647202,0.3067897720331411,103.9800033569336,False,True,False,True,False,"WATCH: weekly+band ok, waiting on 4h dot"
NYSE:CRM,,https://www.tradingview.com/chart/?symbol=NYSE%3ACRM,False,,-12.332207699978573,17.40954976842285,250.67999267578125,147.8699951171875,175.59527770996092,0.8751275786870533,64.61814115564819,66.33893667744663,0.6420023359730257,182.99000549316406,False,False,False,False,False,
NYSE:CRS,,https://www.tradingview.com/chart/?symbol=NYSE%3ACRS,True,2026-09-16 09:30,-85.1993290727671,-80.01261439490291,411.8599853515625,361.29998779296875,422.09830664062497,0.1962580487418873,-20.573456772309523,-33.355015644732944,0.5497183063005148,468.6400146484375,False,True,True,False,False,
NASDAQ:CRWD,,https://www.tradingview.com/chart/?symbol=NASDAQ%3ACRWD,False,,-17.507852345039577,52.49395149724388,241.41000366210938,92.0,127.52507971191406,0.9925596550437126,57.84516047062042,61.449764562418714,0.8782380638251844,171.39999389648438,False,False,False,False,False,
NASDAQ:CRWV,,https://www.tradingview.com/chart/?symbol=NASDAQ%3ACRWV,False,,-37.56911000926197,-37.56911000926197,83.3499984741211,60.810001373291016,79.03156205749511,0.291931048497246,-15.482330451877317,-17.384266667385248,0.8441942233987844,91.45999908447266,False,False,False,False,False,
NASDAQ:CSCO,,https://www.tradingview.com/chart/?symbol=NASDAQ%3ACSCO,False,,-4.881872086207535,6.029029042108873,107.69999694824219,76.19999694824219,88.90033752441406,0.5853386336699916,-4.554684578063253,-12.188650520575587,0.48208370299640496,111.62999725341797,False,False,False,False,False,
NASDAQ:CSGP,,https://www.tradingview.com/chart/?symbol=NASDAQ%3ACSGP,False,,-51.09223264426953,5.230713191708637,30.360000610351562,26.81999969482422,31.919959838867186,0.16381308725329802,-12.026313263651673,-13.722838146866968,0.664514154556,32.52000045776367,False,True,False,False,False,
TSX:CSU,,https://www.tradingview.com/chart/?symbol=TSX%3ACSU,False,,-59.747189608296814,-25.40947920623458,2838.110107421875,2290.919921875,2535.970544921875,0.5269804344237896,36.474535241437806,22.705629633242886,0.37631879365120935,2759.22998046875,False,False,False,False,False,
NASDAQ:CSX,,https://www.tradingview.com/chart/?symbol=NASDAQ%3ACSX,False,,-52.46344547714094,-52.46344547714094,47.93000030517578,38.18000030517578,41.729440521240235,0.6482712371336407,33.31052644025803,18.82950950064361,0.32099031186565036,46.85499954223633,False,False,False,False,False,
NASDAQ:CTAS,,https://www.tradingview.com/chart/?symbol=NASDAQ%3ACTAS,False,,-15.76724520265192,-15.76724520265192,199.47000122070312,161.96499633789062,175.16801806640626,0.6703905616717379,45.31058929941971,41.15433284719802,0.31217568901463444,179.2100067138672,False,False,False,False,False,
NASDAQ:CTSH,,https://www.tradingview.com/chart/?symbol=NASDAQ%3ACTSH,False,,-39.58482348249485,15.294553046408979,61.849998474121094,38.119998931884766,44.39766969299316,0.8920951902515794,33.145259251216146,35.28119921368014,0.48084417899398185,55.31999969482422,False,False,False,False,False,
NYSE:CTVA,,https://www.tradingview.com/chart/?symbol=NYSE%3ACTVA,False,,-49.16840004111349,-49.16840004111349,81.0199966430664,74.4800033569336,78.26780227661133,0.40747633342127343,22.915393796912582,20.303944531713444,0.19769656839343375,81.18499755859375,False,False,False,False,False,
TSX:CVE,,https://www.tradingview.com/chart/?symbol=TSX%3ACVE,False,,38.44749644058695,45.151981917681006,45.529998779296875,30.420000076293945,34.39895977020264,0.8962040252299481,62.56409008156266,64.31453097887083,0.4316435768108214,39.060001373291016,False,False,False,False,False,
NYSE:CVE,,https://www.tradingview.com/chart/?symbol=NYSE%3ACVE,False,,31.274553744550374,32.430421077211285,32.53499984741211,22.420000076293945,25.14580034637451,0.8757574691682491,59.62340362926631,60.919946072382835,0.4089943781168755,28.239999771118164,False,False,False,False,False,
NYSE:CVNA,,https://www.tradingview.com/chart/?symbol=NYSE%3ACVNA,False,,-66.58413679355101,-66.58413679355101,65.44000244140625,56.228004455566406,62.63398599243164,0.3393752404915711,19.43950392955588,10.28142217364931,0.39733570362190457,68.31500244140625,False,False,False,False,False,
NYSE:CVS,,https://www.tradingview.com/chart/?symbol=NYSE%3ACVS,False,,-48.90747200276693,-48.90747200276693,91.66999816894531,69.9800033569336,79.55688198852539,0.5344997021001143,-2.9806253028383605,-10.249669268103702,0.4308769809956141,94.18000030517578,False,False,False,False,False,
NYSE:CVX,,https://www.tradingview.com/chart/?symbol=NYSE%3ACVX,False,,42.32060232687575,42.32060232687575,211.5399932861328,165.6999969482422,177.9861563720703,0.8805224450173574,54.41222035840388,58.04197108704254,0.2734387190791927,190.38999938964844,False,False,False,False,False,
NYSE:CW,,https://www.tradingview.com/chart/?symbol=NYSE%3ACW,False,,-53.526227179438585,-18.18314755027767,570.1400146484375,551.4600219726562,608.3714133300781,0.07746214187240145,-65.07724448759141,-68.1949608331203,0.3349909914492956,719.8699951171875,False,True,False,True,False,
NYSE:CX,,https://www.tradingview.com/chart/?symbol=NYSE%3ACX,False,,-63.957615192580874,-63.957615192580874,10.170000076293945,9.989999771118164,10.831339897155761,0.05049096162992948,-57.68597203164802,-61.62471231313853,0.2983264092852606,11.949999809265137,False,True,False,False,False,
NYSE:D,,https://www.tradingview.com/chart/?symbol=NYSE%3AD,False,,-70.07129181696443,-70.07129181696443,63.5099983215332,59.40999984741211,62.3021800994873,0.3345571698715205,-10.161743784041242,-21.516155543268503,0.18431345257709802,66.48999786376953,False,False,False,False,False,
NYSE:DAL,,https://www.tradingview.com/chart/?symbol=NYSE%3ADAL,False,,-8.741864741084926,-8.741864741084926,77.88999938964844,57.915000915527344,66.4287001953125,0.5537075582509344,-1.2053236044621827,-11.204385098566366,0.45650105981242456,79.0250015258789,False,False,False,False,False,
NASDAQ:DASH,,https://www.tradingview.com/chart/?symbol=NASDAQ%3ADASH,False,,-54.429712789505516,-48.5323954489273,196.80999755859375,146.60000610351562,167.91552423095703,0.5559122660097773,51.18847719099227,38.13321009420965,0.5141165518609505,175.67999267578125,False,False,False,False,False,
NYSE:DB,,https://www.tradingview.com/chart/?symbol=NYSE%3ADB,False,,-60.63943691753125,-60.63943691753125,38.3650016784668,28.3700008392334,31.480480461120607,0.7583461346157047,69.22270224132595,62.871536215091695,0.39179544105113284,33.63999938964844,False,False,False,False,False,
NYSE:DD,,https://www.tradingview.com/chart/?symbol=NYSE%3ADD,False,,-74.03843462453422,-44.052920994721994,127.55000305175781,123.68000030517578,131.03848037719726,0.12411811124772898,-35.96475057356752,-49.278733275053526,0.2246154936915903,138.81500244140625,False,True,False,False,False,
NASDAQ:DDOG,,https://www.tradingview.com/chart/?symbol=NASDAQ%3ADDOG,False,,5.161199770306885,40.705938235910104,230.8300018310547,103.69000244140625,147.2414444580078,0.6889562886234463,0.1539742377737007,-5.602246608806356,0.8244650271870675,223.8300018310547,False,False,False,False,False,
NYSE:DE,,https://www.tradingview.com/chart/?symbol=NYSE%3ADE,False,,7.7769591408064445,7.7769591408064445,669.7100219726562,526.8049926757812,567.2966955566407,0.8329011751690184,73.69845064637845,74.8714445004706,0.2904531024381928,590.7150268554688,False,False,False,False,False,
NYSE:DECK,,https://www.tradingview.com/chart/?symbol=NYSE%3ADECK,True,2026-09-16 09:30,-65.79334129091141,-64.47125338534808,77.9800033569336,77.5250015258789,86.22278051757813,0.012345730126206409,-68.27665493295108,-72.14067058088807,0.3613234875248928,102.0,False,True,True,True,True,FULL PASS
NYSE:DELL,,https://www.tradingview.com/chart/?symbol=NYSE%3ADELL,False,,44.38601954369247,49.35298236380722,563.3200073242188,143.82000732421875,243.71880444335937,0.9910229437690716,66.37711861838784,70.92098905034936,1.0682110670216924,396.2699890136719,False,False,False,False,False,
NYSE:DEO,,https://www.tradingview.com/chart/?symbol=NYSE%3ADEO,False,,-56.706853530135255,-31.710111232492654,86.93000030517578,72.47000122070312,78.2885809326172,0.5864936037480118,48.9820398826019,35.614094024481325,0.3005974126844968,82.0199966430664,False,False,False,False,False,
NYSE:DG,,https://www.tradingview.com/chart/?symbol=NYSE%3ADG,False,,-25.98437292489956,-18.834077776830203,123.0,101.76000213623047,112.93696047973633,0.44847975109096655,42.92845487094059,40.269056357489376,0.39489696373254435,119.93000030517578,False,False,False,False,False,
NYSE:DGX,,https://www.tradingview.com/chart/?symbol=NYSE%3ADGX,False,,-59.39853167744869,29.928995471245656,247.1300048828125,186.5,200.80868115234375,1.0,69.4933291977682,65.98201608431502,0.30046090936154984,201.7899932861328,False,False,False,False,False,
NYSE:DHI,,https://www.tradingview.com/chart/?symbol=NYSE%3ADHI,False,,-63.59228106955089,-6.156239982903981,138.27999877929688,132.52999877929688,140.83011834716797,0.16349162068132211,-39.809127404009566,-50.099821524926654,0.24050740163320408,146.2324981689453,False,True,False,False,False,
NYSE:DHR,,https://www.tradingview.com/chart/?symbol=NYSE%3ADHR,False,,-67.57064507090148,1.9693070566266997,208.42999267578125,161.9600067138672,175.3931262817383,0.8164087747154458,46.562832666845075,41.37375321459451,0.2971703047097592,191.5399932861328,False,False,False,False,False,
NYSE:DINO,,https://www.tradingview.com/chart/?symbol=NYSE%3ADINO,False,,36.21181022230184,56.10177480018336,114.04000091552734,52.77000045776367,67.24151948547363,0.9991846799458204,81.01279046492284,81.65474614247047,0.8592446957986639,71.36499786376953,False,False,False,False,False,
NYSE:DIS,,https://www.tradingview.com/chart/?symbol=NYSE%3ADIS,False,,-13.089972475638106,16.794084895852066,106.97000122070312,92.4000015258789,96.87456130981445,0.7684599366229063,29.94338294089845,33.072377086659856,0.18657743133263566,101.62000274658203,False,False,False,False,False,
NASDAQ:DKNG,,https://www.tradingview.com/chart/?symbol=NASDAQ%3ADKNG,False,,-11.186158897154554,26.832694945812136,24.329999923706055,20.649999618530273,22.858959762573242,0.3931624001291128,-14.137958494180864,-16.42134424934174,0.3784876984880502,24.729999542236328,False,False,False,False,False,
NYSE:DKS,,https://www.tradingview.com/chart/?symbol=NYSE%3ADKS,False,,-66.88132964317684,-66.88132964317684,123.63999938964844,123.63999938964844,151.2401986694336,0.0,-74.66305610703131,-76.84553500380125,0.5526153865232948,211.6300048828125,False,True,False,True,False,"WATCH: weekly+band ok, waiting on 4h dot"
NYSE:DLR,,https://www.tradingview.com/chart/?symbol=NYSE%3ADLR,False,,-51.835609782347746,-49.771860906124886,181.11000061035156,172.6999969482422,180.09387738037108,0.2684329132012139,2.1646577536801956,-9.037269510702439,0.16607035081909985,188.65499877929688,False,False,False,False,False,
NASDAQ:DLTR,,https://www.tradingview.com/chart/?symbol=NASDAQ%3ADLTR,False,,-62.593719902041805,-62.593719902041805,112.3499984741211,86.43000030517578,98.30787893676758,0.5150010163937259,28.707660411066797,11.293614507442726,0.4437879602897461,113.41000366210938,False,False,False,False,False,
NYSE:DOC,,https://www.tradingview.com/chart/?symbol=NYSE%3ADOC,True,2026-09-16 09:30,-58.780875381287565,-51.53399527729875,20.34000015258789,15.989999771118164,17.603060005187988,0.6364301024498613,14.844265505280253,3.411686774530274,0.3411530343836841,20.03499984741211,False,False,False,False,False,
NYSE:DOCN,,https://www.tradingview.com/chart/?symbol=NYSE%3ADOCN,False,,-2.3964180296558726,-2.3964180296558726,123.79000091552734,57.52000045776367,86.82175862121582,0.533746815491076,-23.705477135185024,-20.966805634984258,1.0029888625878816,123.79000091552734,False,False,False,False,False,
TSX:DOL,,https://www.tradingview.com/chart/?symbol=TSX%3ADOL,True,2026-09-16 09:30,-70.24759285415946,-48.23223965408048,174.52000427246094,164.47999572753906,172.47095587158202,0.2965153090355373,-24.581692330880873,-36.55430172232058,0.18963875682789139,178.5500030517578,False,False,True,False,False,
NYSE:DOV,,https://www.tradingview.com/chart/?symbol=NYSE%3ADOV,False,,-48.33959659744793,-31.387487744412965,188.3699951171875,187.25,197.4971195678711,0.025794453349114572,-61.23929621385164,-66.16886795745076,0.20470026657470317,212.11500549316406,False,True,False,True,False,
NYSE:DOW,,https://www.tradingview.com/chart/?symbol=NYSE%3ADOW,False,,-58.21276364391799,-17.74386290094982,30.079999923706055,27.010000228881836,30.664459922790527,0.19825637403694898,-25.24053722403166,-27.573299062570307,0.4627913666079223,33.459999084472656,False,True,False,False,False,
NASDAQ:DPZ,,https://www.tradingview.com/chart/?symbol=NASDAQ%3ADPZ,False,,-74.65019298297216,-66.28917110555055,301.29998779296875,282.8699951171875,314.2391182861328,0.13865476086339115,5.429673299000295,-10.087863277943018,0.3963857058727115,335.3299865722656,False,True,False,False,False,
NYSE:DRI,,https://www.tradingview.com/chart/?symbol=NYSE%3ADRI,False,,-53.3637447323083,-27.647308803664913,208.10000610351562,190.5800018310547,199.34268298339845,0.4718556953535699,42.89718220902387,33.902264768881906,0.18295149268852498,202.9499969482422,False,False,False,False,False,
NASDAQ:DRS,,https://www.tradingview.com/chart/?symbol=NASDAQ%3ADRS,False,,-55.01976883841021,-12.450488929727465,37.08000183105469,35.91999816894531,39.167358673095706,0.0843025786351481,-52.55174325134984,-58.370651193649415,0.3079678165229666,44.68000030517578,False,True,False,False,False,
NYSE:DT,,https://www.tradingview.com/chart/?symbol=NYSE%3ADT,False,,-16.82754127607682,56.32216659471306,55.20000076293945,32.369998931884766,37.772038787841794,0.997378874609281,73.18532099686159,72.80481330609028,0.5547746078724963,41.2599983215332,False,False,False,False,False,
NYSE:DTE,,https://www.tradingview.com/chart/?symbol=NYSE%3ADTE,True,2026-09-16 09:30,-72.60872311754399,-70.73994924419935,130.67999267578125,130.05499267578125,135.83345281982423,0.02552583150583087,-47.25588890762131,-53.217505891694486,0.16849022416936624,145.32000732421875,False,True,True,False,False,"NEAR: 4h+band ok, weekly shallow"
NYSE:DTM,,https://www.tradingview.com/chart/?symbol=NYSE%3ADTM,False,,-66.60679325919804,-66.60679325919804,124.9800033569336,124.9800033569336,131.1891609802246,0.0,-46.2454195650148,-50.39440093206386,0.1905278486996382,138.08999633789062,False,True,False,False,False,
NYSE:DUK,,https://www.tradingview.com/chart/?symbol=NYSE%3ADUK,True,2026-09-16 13:30,-70.77608860686662,-70.77608860686662,117.76000213623047,117.76000213623047,121.5666814880371,0.0,-42.75485017415994,-49.585782260773,0.12867967650392959,125.3499984741211,False,True,True,False,False,"NEAR: 4h+band ok, weekly shallow"
NYSE:DVA,,https://www.tradingview.com/chart/?symbol=NYSE%3ADVA,False,,41.20546806993401,80.72843005708712,193.89999389648438,144.5,167.274,0.5119170351967293,-9.595028689162376,-10.566035916565554,0.523759138958548,184.2449951171875,False,False,False,False,False,
NYSE:DVN,,https://www.tradingview.com/chart/?symbol=NYSE%3ADVN,False,,53.02804885367744,53.02804885367744,48.470001220703125,40.21500015258789,43.00924018859863,0.6972129190649481,44.41172042388636,50.65414691861593,0.2560830538831448,46.23500061035156,False,False,False,False,False,
NASDAQ:DXCM,,https://www.tradingview.com/chart/?symbol=NASDAQ%3ADXCM,False,,-66.6519520293172,-4.819855065837172,87.3499984741211,56.845001220703125,65.2194613647461,0.8596589186620771,62.37094558137526,55.35227754147699,0.4927787745821765,72.01000213623047,False,False,False,False,False,
NYSE:DY,,https://www.tradingview.com/chart/?symbol=NYSE%3ADY,False,,-36.87443681315051,-36.87443681315051,287.38018798828125,282.3500061035156,345.0953177490234,0.018919707204764172,-62.528926135789106,-66.38764210844576,0.64511971998692,412.125,False,True,False,True,False,
NYSE:E,,https://www.tradingview.com/chart/?symbol=NYSE%3AE,False,,27.976964560909607,34.490984893100524,55.310001373291016,45.59000015258789,48.438520080566406,0.8053025241476348,35.89821451589778,39.41112405503918,0.22329108549960572,54.05500030517578,False,False,False,False,False,
NASDAQ:EBAY,,https://www.tradingview.com/chart/?symbol=NASDAQ%3AEBAY,False,,37.94821941802437,53.69425084614499,109.26000213623047,87.95999908447266,95.2877998046875,0.6859903690267743,-13.758760328949188,-9.045086722703662,0.2894565491138643,107.2699966430664,False,False,False,False,False,
NYSE:EC,,https://www.tradingview.com/chart/?symbol=NYSE%3AEC,False,,35.94833176770994,35.94833176770994,17.450000762939453,12.625,13.953679801940918,0.8570162490543717,62.121218299842326,62.84562798685598,0.3719854030806673,15.135000228881836,False,False,False,False,False,
NYSE:ECL,,https://www.tradingview.com/chart/?symbol=NYSE%3AECL,False,,-50.86101896192027,-28.75829331124203,274.19000244140625,245.72000122070312,256.3966389160156,0.6293105076550298,30.041044236182216,19.68566421260454,0.16670968165646283,271.3699035644531,False,False,False,False,False,
NYSE:ED,,https://www.tradingview.com/chart/?symbol=NYSE%3AED,True,2026-09-16 13:30,-62.5798806078379,-62.5798806078379,105.43000030517578,103.51000213623047,106.38448220825195,0.1576353136977695,-19.27644092380359,-27.382827105748184,0.11187654999446733,108.87000274658203,False,True,True,False,False,
NYSE:EFX,,https://www.tradingview.com/chart/?symbol=NYSE%3AEFX,False,,-60.15926517012057,-50.83607656710129,163.8800048828125,151.92999267578125,164.37663397216798,0.22658344638549877,21.859482338020516,6.075073384553091,0.30322547987152193,173.92999267578125,False,True,False,False,False,
NYSE:EG,,https://www.tradingview.com/chart/?symbol=NYSE%3AEG,False,,-22.977052083094694,20.72657736030692,377.7699890136719,315.364990234375,335.10756994628906,0.7459805115046036,48.166819792451456,47.470836995383095,0.2375280337300731,352.19000244140625,False,False,False,False,False,
NYSE:EGP,,https://www.tradingview.com/chart/?symbol=NYSE%3AEGP,False,,-39.48382592443911,-9.823052571251472,197.8800048828125,182.92999267578125,192.459673828125,0.37023304604390056,-12.042785803561904,-19.058588294314667,0.20029763720383303,201.60000610351562,False,False,False,False,False,
NYSE:EHC,,https://www.tradingview.com/chart/?symbol=NYSE%3AEHC,False,,17.460163173272054,42.0520776481111,123.94999694824219,95.83000183105469,102.96310147094727,0.930355551258806,59.16337703939445,57.64069499486568,0.28340363845927297,106.6500015258789,False,False,False,False,False,
NYSE:EIX,,https://www.tradingview.com/chart/?symbol=NYSE%3AEIX,False,,-48.93589251902875,-48.93589251902875,54.79999923706055,53.47999954223633,59.8873990020752,0.04861877738872077,-33.4397648501997,-45.095248080496674,0.3797467888408411,71.49500274658203,False,True,False,False,False,
NYSE:EL,,https://www.tradingview.com/chart/?symbol=NYSE%3AEL,False,,-52.95229074004178,-52.95229074004178,95.6500015258789,67.19999694824219,76.49603680419922,0.7222646615504464,61.848424469927465,57.61678736044479,0.4684823802548951,84.08000183105469,False,False,False,False,False,
NYSE:ELAN,,https://www.tradingview.com/chart/?symbol=NYSE%3AELAN,True,2026-09-16 09:30,-66.18386935206492,-53.71305354140117,22.8799991607666,19.684999465942383,21.303959609985352,0.46574335430860564,-4.142885252969209,-16.97129463791803,0.28739004479112856,23.8700008392334,False,False,True,False,False,
NYSE:ELS,,https://www.tradingview.com/chart/?symbol=NYSE%3AELS,False,,-73.93887112953227,-30.987169751167453,60.88999938964844,60.06999969482422,62.03115911865234,0.09867628588846207,-12.61815080355636,-29.024684690049455,0.13006726620723916,63.88999938964844,False,True,False,False,False,
NYSE:ELV,,https://www.tradingview.com/chart/?symbol=NYSE%3AELV,False,,35.3462425969426,35.3462425969426,412.55999755859375,280.67999267578125,315.9124346923828,0.883381320479524,39.8124792169846,47.91400344359022,0.3829470894264571,389.8450012207031,False,False,False,False,False,
TSX:EMA,,https://www.tradingview.com/chart/?symbol=TSX%3AEMA,True,2026-09-16 09:30,-64.6064851721811,-59.4540517247188,68.47000122070312,67.29000091552734,69.70427990722656,0.11534709657788325,-20.73016402135813,-28.794756706681568,0.14184685715397993,72.12000274658203,False,True,True,False,False,
NYSE:EMBJ,,https://www.tradingview.com/chart/?symbol=NYSE%3AEMBJ,False,,13.055012255970752,13.055012255970752,73.9800033569336,53.80500030517578,59.69792059326172,0.8079696461941025,55.30992850704943,52.82091641839591,0.389486834861632,64.11000061035156,False,False,False,False,False,
NYSE:EME,,https://www.tradingview.com/chart/?symbol=NYSE%3AEME,False,,-19.02730419624258,-19.02730419624258,739.3049926757812,672.219970703125,736.6892822265625,0.24557521728444712,-30.76454167114605,-35.15251516084907,0.34002793642844326,803.3900146484375,False,False,False,False,False,
NYSE:EMR,,https://www.tradingview.com/chart/?symbol=NYSE%3AEMR,False,,-48.71923532196828,-48.71923532196828,145.8300018310547,123.30000305175781,132.99488348388672,0.5484420101039329,37.80820680440013,24.507451829210638,0.2897957773343885,141.7550048828125,False,False,False,False,False,
TSX:ENB,,https://www.tradingview.com/chart/?symbol=TSX%3AENB,False,,-82.44873875163837,-43.24384300042335,67.66999816894531,66.2300033569336,69.53872256469727,0.10271006824554901,-42.398332505329314,-47.82659059954794,0.18648572208240863,75.18000030517578,False,True,False,False,False,
NYSE:ENB,,https://www.tradingview.com/chart/?symbol=NYSE%3AENB,False,,-67.60923986443,-46.97377400877924,48.375,47.775001525878906,50.199900985717775,0.058394025087533864,-48.59140499432886,-54.63916340915305,0.18910458975452404,54.334999084472656,False,True,False,False,False,
NASDAQ:ENLT,,https://www.tradingview.com/chart/?symbol=NASDAQ%3AENLT,True,2026-09-16 09:30,-72.23404498374697,-68.56617191628915,71.56999969482422,64.26499938964844,74.40237982177734,0.17006169232414206,-50.29136319931441,-58.52684912332731,0.5100635717979372,84.21499633789062,False,True,True,False,False,"NEAR: 4h+band ok, weekly shallow"
NASDAQ:ENTG,,https://www.tradingview.com/chart/?symbol=NASDAQ%3AENTG,False,,-35.937468633108324,-35.937468633108324,130.2100067138672,106.91000366210938,125.12684423828125,0.30185260156513777,-6.4716663057058925,-15.01538496601633,0.5556035882154212,138.92999267578125,False,False,False,False,False,
NYSE:EOG,,https://www.tradingview.com/chart/?symbol=NYSE%3AEOG,False,,23.450361537608856,52.20530293634507,144.9600067138672,127.47000122070312,133.6673599243164,0.6660323363209808,54.27585433791612,54.692294980508024,0.188784998954592,139.10000610351562,False,False,False,False,False,
NYSE:EPD,,https://www.tradingview.com/chart/?symbol=NYSE%3AEPD,False,,-42.25454225585832,-42.25454225585832,38.08000183105469,36.13999938964844,37.006119857788086,0.5286107337415508,53.30775315057991,48.9508296452617,0.09662985855387617,37.97999954223633,False,False,False,False,False,
NYSE:EQH,,https://www.tradingview.com/chart/?symbol=NYSE%3AEQH,False,,53.861973825397286,61.914538411254995,53.900001525878906,35.33000183105469,39.85530165100098,0.9684485232694553,66.43612794764118,68.05938960109538,0.4391891732495533,43.65999984741211,False,False,False,False,False,
NASDAQ:EQIX,,https://www.tradingview.com/chart/?symbol=NASDAQ%3AEQIX,True,2026-09-16 09:30,-57.77983661497144,-50.097677448656405,1016.3200073242188,944.9099731445312,986.6654514160156,0.40360615574400766,-4.521486488462101,-16.856974738210816,0.16833242242003454,1051.074951171875,False,False,False,False,False,
NYSE:EQNR,,https://www.tradingview.com/chart/?symbol=NYSE%3AEQNR,False,,45.07970456234557,45.07970456234557,44.220001220703125,31.03499984741211,34.521993835449216,0.8923618264820378,52.49160085411239,56.00539181402905,0.3831794016643595,38.560001373291016,False,False,False,False,False,
NYSE:EQT,,https://www.tradingview.com/chart/?symbol=NYSE%3AEQT,False,,-73.40776849211115,-73.40776849211115,50.40999984741211,48.1349983215332,52.80897929382324,0.11487003547735133,9.669534749951966,1.4404804352774487,0.36068119058292897,54.90999984741211,False,True,False,False,False,
NASDAQ:ERIC,,https://www.tradingview.com/chart/?symbol=NASDAQ%3AERIC,False,,-11.593449338622264,-11.593449338622264,10.045000076293945,9.305000305175781,10.350480152130126,0.16704286217724953,-35.56303114954461,-34.780236987997476,0.39013646235946847,11.354999542236328,False,True,False,False,False,
NYSE:ES,,https://www.tradingview.com/chart/?symbol=NYSE%3AES,True,2026-09-16 09:30,-63.208890857548205,-61.94709670695057,67.87000274658203,66.50499725341797,68.7127780456543,0.1459118122231746,-13.210389437996332,-28.51008426064638,0.13331913354778707,70.16999816894531,False,True,True,False,False,
NASDAQ:ESLT,,https://www.tradingview.com/chart/?symbol=NASDAQ%3AESLT,False,,35.72583955061606,54.651900034403845,738.6400146484375,700.439697265625,774.26056640625,0.12212366241814507,-40.363378312410674,-41.17676447129821,0.38451173075445605,813.5,False,True,False,False,False,
NYSE:ET,,https://www.tradingview.com/chart/?symbol=NYSE%3AET,False,,-33.973053715115675,-33.973053715115675,21.114999771118164,18.295000076293945,19.10802000427246,0.8185776326950036,72.34123889905946,68.13320414125909,0.17518431398109277,19.665000915527344,False,False,False,False,False,
NYSE:ETN,,https://www.tradingview.com/chart/?symbol=NYSE%3AETN,False,,-24.24950988691116,-24.24950988691116,397.875,343.57000732421875,371.6280435791016,0.45676675855225146,19.395843400715027,7.660211006791373,0.29422024238699374,404.0849914550781,False,False,False,False,False,
NYSE:ETR,,https://www.tradingview.com/chart/?symbol=NYSE%3AETR,False,,-64.4245986364061,-64.4245986364061,102.30999755859375,99.93000030517578,104.19688073730468,0.13163700289731292,-33.974316503061914,-41.93679730139656,0.16273629234356943,111.0999984741211,False,True,False,False,False,
NYSE:EVR,,https://www.tradingview.com/chart/?symbol=NYSE%3AEVR,True,2026-09-16 09:30,-65.6724094477555,-65.6724094477555,261.8299865722656,261.8299865722656,289.4242908935547,0.0,-60.256338926440016,-65.17602612467138,0.35115781566473686,332.9700012207031,False,True,True,True,True,FULL PASS
NASDAQ:EVRG,,https://www.tradingview.com/chart/?symbol=NASDAQ%3AEVRG,False,,-53.769977119018705,-53.769977119018705,80.38999938964844,78.70999908447266,80.93311865234375,0.17834401610758258,-18.048535312935332,-24.4294585931518,0.11389189062043831,82.70999908447266,False,True,False,False,False,
NYSE:EW,,https://www.tradingview.com/chart/?symbol=NYSE%3AEW,False,,-73.45866731774431,-30.74466543653412,89.29000091552734,77.16000366210938,81.42452359008789,0.6712782212659559,23.509382511612703,12.876121133414465,0.21065516381407828,85.77999877929688,False,False,False,False,False,
NASDAQ:EXC,,https://www.tradingview.com/chart/?symbol=NASDAQ%3AEXC,True,2026-09-16 09:30,-74.81419799356843,-73.4919548827779,42.45000076293945,42.19499969482422,44.15143991088867,0.030760077195843498,-49.40364002420864,-55.70243343643742,0.17959274139798573,46.15999984741211,False,True,True,False,False,"NEAR: 4h+band ok, weekly shallow"
NASDAQ:EXE,,https://www.tradingview.com/chart/?symbol=NASDAQ%3AEXE,False,,-70.85648658996364,-70.85648658996364,88.7300033569336,85.41999816894531,92.14599816894531,0.11614053291186952,22.643353825272403,13.118153899943504,0.2974016430704511,95.83000183105469,False,True,False,False,False,
NASDAQ:EXEL,,https://www.tradingview.com/chart/?symbol=NASDAQ%3AEXEL,False,,-33.10166252038757,-20.819683380207945,56.790000915527344,40.9650993347168,45.35663455200195,0.8504262378157731,48.120393498692685,49.43530222677464,0.3597525494863415,51.724998474121094,False,False,False,False,False,
NYSE:EXPD,,https://www.tradingview.com/chart/?symbol=NYSE%3AEXPD,False,,39.2475328088288,44.569757052219074,189.0800018310547,137.6699981689453,150.9851177368164,0.9112017960044256,71.23641706324116,68.69100574812909,0.3493498338634385,161.5,False,False,False,False,False,
NASDAQ:EXPE,,https://www.tradingview.com/chart/?symbol=NASDAQ%3AEXPE,False,,-52.38084071249127,-1.7302338042599308,286.9700012207031,214.27000427246094,243.75584124755858,0.5818793373332192,50.31662860814364,37.467270556153125,0.49632538554462324,251.72999572753906,False,False,False,False,False,
NYSE:EXR,,https://www.tradingview.com/chart/?symbol=NYSE%3AEXR,False,,-52.394597105903024,-31.859232982050532,136.4499969482422,128.25,134.3211014404297,0.31875587960002705,-15.916883240882184,-27.559057530447802,0.1785962739696424,144.0399932861328,False,False,False,False,False,
NYSE:F,,https://www.tradingview.com/chart/?symbol=NYSE%3AF,False,,-49.44506394097801,-49.44506394097801,13.364999771118164,11.175000190734863,12.661800235748291,0.3476189704889276,4.573211437867676,-11.706647399971121,0.45421447437522405,13.870100021362305,False,False,False,False,False,
NASDAQ:FANG,,https://www.tradingview.com/chart/?symbol=NASDAQ%3AFANG,False,,38.75967766779691,41.94136328295277,194.50999450683594,170.58999633789062,180.7663187866211,0.5547308073532342,36.862945135622034,34.432467671835,0.22051760180271276,195.5399932861328,False,False,False,False,False,
NASDAQ:FAST,,https://www.tradingview.com/chart/?symbol=NASDAQ%3AFAST,False,,-14.51527888545538,15.469878322215203,49.040000915527344,43.150001525878906,45.419141021728514,0.6125845760031485,52.29856472141989,44.34815005846667,0.20784691337297176,46.2599983215332,False,False,False,False,False,
NYSE:FCX,,https://www.tradingview.com/chart/?symbol=NYSE%3AFCX,False,,-45.967245527689876,-45.268895240814366,69.23999786376953,52.099998474121094,58.663159698486325,0.6163249260036657,51.19807335398818,43.23272026288799,0.43774603686992347,63.529998779296875,False,False,False,False,False,
NYSE:FDX,,https://www.tradingview.com/chart/?symbol=NYSE%3AFDX,False,,-63.48247021709537,-63.48247021709537,301.7200012207031,275.39886474609375,290.93501525878906,0.39982801421316505,17.818726481033114,-0.7873398838472596,0.21010833876342058,313.32000732421875,False,False,False,False,False,
NYSE:FE,,https://www.tradingview.com/chart/?symbol=NYSE%3AFE,False,,-62.30993926156691,-62.30993926156691,45.380001068115234,43.814998626708984,45.776158950805666,0.18832757915495518,-22.522573214162687,-31.449998130894862,0.17452485730036413,47.6150016784668,False,True,False,False,False,
NASDAQ:FER,,https://www.tradingview.com/chart/?symbol=NASDAQ%3AFER,False,,-72.66021808720795,-61.489806520438016,55.09000015258789,54.2400016784668,58.4950804901123,0.04714357800931142,-72.22635401116696,-77.73509283680686,0.27318174188787286,66.0,False,True,False,True,False,"WATCH: weekly+band ok, waiting on 4h dot"
NYSE:FERG,,https://www.tradingview.com/chart/?symbol=NYSE%3AFERG,False,,-61.85318037917435,-61.85318037917435,214.3800048828125,214.3800048828125,226.97060632324218,0.0,-14.916715486218024,-27.467847848399643,0.2297588579013093,232.1999969482422,False,True,False,False,False,
TSX:FFH,,https://www.tradingview.com/chart/?symbol=TSX%3AFFH,False,,-25.725456695125462,22.29843128951857,2312.360107421875,2109.419921875,2198.552443359375,0.537333433313208,-17.48720240149133,-22.21622011412879,0.16411600737312523,2301.300048828125,False,False,False,False,False,
NASDAQ:FFIV,,https://www.tradingview.com/chart/?symbol=NASDAQ%3AFFIV,False,,47.93381781178954,70.66188765481752,423.75,279.739990234375,315.5034322509766,0.950310159992734,30.326228076768803,40.55740421081523,0.3899840799359836,388.5799865722656,False,False,False,False,False,
NYSE:FHN,,https://www.tradingview.com/chart/?symbol=NYSE%3AFHN,False,,-44.668664031499155,-44.668664031499155,23.94499969482422,21.575000762939453,22.672400672912598,0.5096772314647742,-1.1999046348601279,-12.980364987335056,0.1889475620969457,24.610000610351562,False,False,False,False,False,
NYSE:FICO,,https://www.tradingview.com/chart/?symbol=NYSE%3AFICO,False,,-38.07403745503532,-6.6287036184789825,991.9000244140625,908.7694702148438,1034.3687883300781,0.15620157087967496,-45.71782821521912,-51.80359441359745,0.4744757629503129,1121.6600341796875,False,True,False,False,False,
NYSE:FIS,,https://www.tradingview.com/chart/?symbol=NYSE%3AFIS,False,,-51.462719211949455,-51.462719211949455,36.849998474121094,36.849998474121094,40.33571858215332,0.0,-28.610407569712105,-42.91119239604013,0.3473659524635973,42.52000045776367,False,True,False,False,False,
NASDAQ:FISV,,https://www.tradingview.com/chart/?symbol=NASDAQ%3AFISV,False,,-33.82085400000928,-25.22327918629632,49.459999084472656,47.15999984741211,51.28291923522949,0.13165424033033055,-24.63560835471722,-35.92162249710944,0.3228607874505133,54.11000061035156,False,True,False,False,False,
NYSE:FITB,,https://www.tradingview.com/chart/?symbol=NYSE%3AFITB,False,,-3.37410096402686,-3.37410096402686,52.41999816894531,43.38999938964844,47.17189974975586,0.5634944099514909,12.126111236846631,-0.1776747412994215,0.303906726057204,52.72999954223633,False,False,False,False,False,
NASDAQ:FIVE,,https://www.tradingview.com/chart/?symbol=NASDAQ%3AFIVE,False,,-38.59037189691136,-38.59037189691136,237.5449981689453,176.25,196.64984057617187,0.7091045400015393,44.18850254231768,42.04481594402062,0.3896853285874387,221.82000732421875,False,False,False,False,False,
NYSE:FIX,,https://www.tradingview.com/chart/?symbol=NYSE%3AFIX,False,,-5.730188279991002,-5.730188279991002,1587.510009765625,1273.1800537109375,1460.7788217773436,0.3954283409934085,-37.92889190223936,-40.97081913106096,0.4610445859836535,1724.1500244140625,False,False,False,False,False,
NASDAQ:FLEX,,https://www.tradingview.com/chart/?symbol=NASDAQ%3AFLEX,False,,-11.79913001106946,-11.79913001106946,107.87000274658203,60.56999969482422,84.90278048706054,0.45875565211915575,-24.744827800066435,-28.49261207494522,0.8779376806329279,117.44000244140625,False,False,False,False,False,
NYSE:FLUT,,https://www.tradingview.com/chart/?symbol=NYSE%3AFLUT,False,,-11.12760570345054,-4.347245279449278,97.55999755859375,92.16999816894531,97.63693838500977,0.23267857442800952,-31.308360566162396,-33.498576982703945,0.2254172242797752,102.76499938964844,False,True,False,False,False,
TSX:FM,,https://www.tradingview.com/chart/?symbol=TSX%3AFM,True,2026-09-16 09:30,-53.12387606486854,-51.91550712940469,42.27000045776367,28.985000610351562,33.65072071838379,0.671977720779217,50.755063179921926,40.24738675836824,0.5095361042914657,38.79999923706055,False,False,False,False,False,
NYSE:FMS,,https://www.tradingview.com/chart/?symbol=NYSE%3AFMS,False,,-46.48738680426836,24.97568741829525,22.96500015258789,20.170000076293945,21.477439842224122,0.5045127394730001,-2.2566514577702215,-9.65529663446424,0.24223868845141727,22.8700008392334,False,False,False,False,False,
NYSE:FMX,,https://www.tradingview.com/chart/?symbol=NYSE%3AFMX,False,,-63.800797653296094,9.980945800982616,121.08999633789062,101.37999725341797,109.07595919799805,0.6044156425710281,-8.43067563849872,-13.556440935980524,0.26923718213560177,121.12000274658203,False,False,False,False,False,
NYSE:FN,,https://www.tradingview.com/chart/?symbol=NYSE%3AFN,False,,-49.18619768295897,-47.88442998023438,392.75,374.9200134277344,462.79697717285154,0.047883730294317264,-51.818132721088126,-54.84864903159745,0.6722027913276176,553.9400024414062,False,True,False,False,False,
NYSE:FNF,,https://www.tradingview.com/chart/?symbol=NYSE%3AFNF,False,,-60.51692812327369,-60.02977678165403,43.025001525878906,43.025001525878906,45.64224156188965,0.0,-28.746011195891427,-41.27332328474213,0.23137909622317118,47.93000030517578,False,True,False,False,False,
TSX:FNV,,https://www.tradingview.com/chart/?symbol=TSX%3AFNV,False,,-7.9149036817417695,0.9639513697829999,362.8999938964844,277.4100036621094,300.7527645263672,0.864320969256264,45.328561352130926,47.46659742347655,0.3081692618874366,320.9599914550781,False,False,False,False,False,
NYSE:FNV,,https://www.tradingview.com/chart/?symbol=NYSE%3AFNV,False,,-19.94068860115438,-18.76258539125355,259.55999755859375,197.3000030517578,214.8654849243164,0.836490499390612,42.75548508025989,44.55607567951002,0.32140084353600396,231.5800018310547,False,False,False,False,False,
NASDAQ:FOX,,https://www.tradingview.com/chart/?symbol=NASDAQ%3AFOX,False,,-34.695378286536275,19.884911562556994,59.162498474121094,44.20000076293945,48.56128065490723,0.8096589871111532,36.55944145021309,37.044953581509574,0.3287671204986945,56.209999084472656,False,False,False,False,False,
NASDAQ:FOXA,,https://www.tradingview.com/chart/?symbol=NASDAQ%3AFOXA,False,,-28.973190819819404,19.300714711792725,66.16999816894531,48.459999084472656,53.685038940429685,0.7999096464633586,37.75538750040792,37.9816167631971,0.35322270711316883,62.68000030517578,False,False,False,False,False,
NASDAQ:FSLR,,https://www.tradingview.com/chart/?symbol=NASDAQ%3AFSLR,False,,-39.01761543633053,-39.01761543633053,191.1300048828125,184.25999450683594,215.88635321044922,0.05126491051102997,-34.096728204288546,-39.03107773678106,0.6275492081571231,213.5449981689453,False,True,False,False,False,
NASDAQ:FTAI,,https://www.tradingview.com/chart/?symbol=NASDAQ%3AFTAI,False,,-56.11574418396798,-41.632342696193085,189.9199981689453,175.66000366210938,201.64596020507813,0.12950682412050274,-57.447539068570485,-60.78468910736002,0.467082305870038,235.74000549316406,False,True,False,False,False,
NYSE:FTI,,https://www.tradingview.com/chart/?symbol=NYSE%3AFTI,False,,-58.17015266790648,-54.05839591317103,72.7699966430664,61.974998474121094,66.37049847412109,0.5795972171245806,46.75338343098597,38.489491566026786,0.25961807296632333,71.73999786376953,False,False,False,False,False,
NASDAQ:FTNT,,https://www.tradingview.com/chart/?symbol=NASDAQ%3AFTNT,False,,-4.133280789375897,56.710303787146756,171.72999572753906,76.69999694824219,99.37723608398437,0.988968700187412,44.57137012023626,46.83783045446733,0.6607756673621717,145.4199981689453,False,False,False,False,False,
TSX:FTS,,https://www.tradingview.com/chart/?symbol=TSX%3AFTS,True,2026-09-16 09:30,-65.92090251415775,-60.084900828358656,75.41999816894531,74.33000183105469,76.37376089477539,0.12586568559303593,-19.8998437872589,-28.180336863462266,0.11085504004406532,78.12000274658203,False,True,True,False,False,
NYSE:FTS,,https://www.tradingview.com/chart/?symbol=NYSE%3AFTS,True,2026-09-16 09:30,-63.473174276822334,-61.547977073880055,53.900001525878906,53.41999816894531,54.69911863708496,0.08856147255706384,-23.157885808632557,-33.64358594668421,0.09602271260424103,56.44499969482422,False,True,True,False,False,
NYSE:FTV,,https://www.tradingview.com/chart/?symbol=NYSE%3AFTV,False,,-71.59933081244309,-23.855124695444307,55.290000915527344,53.625,56.11361956787109,0.15789485108027035,-35.70017283786049,-49.2747247382712,0.1755451676796645,60.06999969482422,False,True,False,False,False,
NASDAQ:FUTU,,https://www.tradingview.com/chart/?symbol=NASDAQ%3AFUTU,True,2026-09-16 09:30,-68.19244496165288,-66.07078651760273,109.87999725341797,89.47000122070312,107.99364251708984,0.26003305649523,16.509443347845735,11.855226081792487,0.6916637572373525,113.4800033569336,False,False,True,False,False,
NASDAQ:FWONK,,https://www.tradingview.com/chart/?symbol=NASDAQ%3AFWONK,False,,-46.02778006916319,-42.867351456481174,95.3499984741211,81.13500213623047,87.19784091186523,0.5533281124387072,38.58042422267098,23.475972683059563,0.28224561370568557,91.0199966430664,False,False,False,False,False,
NYSE:GD,,https://www.tradingview.com/chart/?symbol=NYSE%3AGD,False,,-50.80338111732353,-7.1441147866975285,360.05999755859375,308.6000061035156,329.2972017822266,0.5867731151563826,25.153010150190116,10.031782037745549,0.2482906518656361,353.2149963378906,False,False,False,False,False,
NYSE:GDDY,,https://www.tradingview.com/chart/?symbol=NYSE%3AGDDY,False,,-1.4919416689404805,35.42921807751441,99.09500122070312,74.05999755859375,81.39723849487305,0.805242858394382,53.34330645675815,54.829725559321325,0.3552737196701933,87.51000213623047,False,False,False,False,False,
NYSE:GE,,https://www.tradingview.com/chart/?symbol=NYSE%3AGE,True,2026-09-16 09:30,-73.0016075703491,-70.40521893747554,313.0,273.239990234375,298.69967138671876,0.3685577304970959,-1.7494788310017124,-18.06269956342403,0.33181596488375875,325.1199951171875,False,False,True,False,False,
NASDAQ:GEHC,,https://www.tradingview.com/chart/?symbol=NASDAQ%3AGEHC,False,,-76.32956357528397,-54.52581462122135,63.5,59.4900016784668,63.294321426391605,0.2487592175705157,15.157000516507717,0.23581495823443532,0.24546976368742693,65.66999816894531,False,False,False,False,False,
NASDAQ:GEN,,https://www.tradingview.com/chart/?symbol=NASDAQ%3AGEN,False,,-0.311166984375524,35.29243164104891,30.65999984741211,17.905000686645508,21.099260650634765,0.9423715777289319,65.32006095704475,64.63480147217655,0.5446679935467911,24.850000381469727,False,False,False,False,False,
NYSE:GEV,,https://www.tradingview.com/chart/?symbol=NYSE%3AGEV,False,,-34.33712426743868,-28.912871053268944,925.4000244140625,805.0499877929688,892.1859152832031,0.32595749492379367,-33.39468889700303,-39.76010309558896,0.37198386916166115,992.5700073242188,False,False,False,False,False,
NYSE:GFI,,https://www.tradingview.com/chart/?symbol=NYSE%3AGFI,True,2026-09-16 09:30,-63.66222080953147,-63.66222080953147,41.970001220703125,31.270000457763672,36.41716078186035,0.4906006459973404,25.926026333677573,25.990722184839935,0.5328610117438246,40.93000030517578,False,False,True,False,False,
TSX:GFL,,https://www.tradingview.com/chart/?symbol=TSX%3AGFL,False,,-4.65784156806411,0.6759748448203359,57.43000030517578,46.2599983215332,50.09735882568359,0.686961901361232,41.22832886780469,39.68686613303058,0.2944052556762357,55.22999954223633,False,False,False,False,False,
NYSE:GFL,,https://www.tradingview.com/chart/?symbol=NYSE%3AGFL,False,,-14.50244899701706,-14.50244899701706,41.060001373291016,33.52000045776367,36.2387205657959,0.6545139423537012,44.5634404258746,42.10085046238409,0.2902494546828078,39.689998626708984,False,False,False,False,False,
NASDAQ:GFS,,https://www.tradingview.com/chart/?symbol=NASDAQ%3AGFS,False,,-26.953728307095634,-26.953728307095634,43.040000915527344,41.0359992980957,52.729563247680666,0.0404448450235442,-40.83676485220843,-42.59596799098531,0.90467408019445,54.77000045776367,False,True,False,False,False,
NYSE:GGG,,https://www.tradingview.com/chart/?symbol=NYSE%3AGGG,False,,-48.52623490458368,-15.342754004460199,76.29000091552734,73.1500015258789,76.98028051757812,0.19346889810454387,-1.3052201205626914,-10.73908019293618,0.2062261290583388,78.69999694824219,False,True,False,False,False,
NASDAQ:GH,,https://www.tradingview.com/chart/?symbol=NASDAQ%3AGH,False,,-30.527320184799095,47.09342856574116,174.89999389648438,78.62000274658203,101.91674368286132,0.9753329005772031,48.637173770686246,48.96372340298605,0.7578305552753932,130.25999450683594,False,False,False,False,False,
NYSE:GIB,,https://www.tradingview.com/chart/?symbol=NYSE%3AGIB,False,,-51.215996716910695,-2.7961674692228313,70.94999694824219,61.058998107910156,64.88715426635743,0.609765022559885,31.42607884773709,24.847416736355452,0.22862581210848945,70.94999694824219,False,False,False,False,False,
TSX:GIB.A,,https://www.tradingview.com/chart/?symbol=TSX%3AGIB.A,False,,-51.531756736976185,4.1679649832607195,99.30999755859375,83.69000244140625,88.82300244140625,0.7181606950431034,32.85523480939261,25.869023930043962,0.22153187953141001,98.18000030517578,False,False,False,False,False,
NASDAQ:GILD,,https://www.tradingview.com/chart/?symbol=NASDAQ%3AGILD,False,,-37.29147403573341,-4.189870446963459,147.72000122070312,121.44999694824219,128.4686382446289,0.8833221055893642,63.50564843017551,63.33274208120239,0.22151055198836486,134.25999450683594,False,False,False,False,False,
NYSE:GIS,,https://www.tradingview.com/chart/?symbol=NYSE%3AGIS,False,,-61.768321431126445,-33.32228293432567,36.814998626708984,31.905000686645508,34.61782088470459,0.42714202536682233,37.9100437881385,24.666459388423306,0.3178927236653755,36.15999984741211,False,False,False,False,False,
NYSE:GL,,https://www.tradingview.com/chart/?symbol=NYSE%3AGL,False,,-28.976065010988503,23.003478587266695,173.0800018310547,135.08999633789062,147.09531878662108,0.7468055385163612,21.711035838932517,13.663358263945627,0.3084339576487864,164.92999267578125,False,False,False,False,False,
NASDAQ:GLPI,,https://www.tradingview.com/chart/?symbol=NASDAQ%3AGLPI,False,,-79.81253547384861,-56.23889104679882,40.36000061035156,40.244998931884766,42.35365925598145,0.01287091894698148,-66.17570209960208,-68.73890992778824,0.19602898232451138,45.58000183105469,False,True,False,True,False,"WATCH: weekly+band ok, waiting on 4h dot"
NYSE:GLW,,https://www.tradingview.com/chart/?symbol=NYSE%3AGLW,False,,-24.49358756068112,-24.49358756068112,144.17999267578125,120.9749984741211,152.78897854614257,0.17213748858816783,-21.280852788267367,-23.417212577098574,0.815467922666894,165.30999755859375,False,True,False,False,False,
NYSE:GM,,https://www.tradingview.com/chart/?symbol=NYSE%3AGM,False,,-17.90564721277772,-17.90564721277772,84.29000091552734,72.3949966430664,76.61703829956055,0.6648965682237762,42.2147629655829,37.113363917567334,0.2263411792993602,79.04000091552734,False,False,False,False,False,
NASDAQ:GMAB,,https://www.tradingview.com/chart/?symbol=NASDAQ%3AGMAB,False,,-52.5516656400107,12.67227377699463,34.380001068115234,23.729999542236328,26.27997961425781,0.9856549028302546,61.32825667122332,60.395435037933666,0.3907069259410098,27.655000686645508,False,False,False,False,False,
NYSE:GNRC,,https://www.tradingview.com/chart/?symbol=NYSE%3AGNRC,False,,-49.13544344775513,-49.13544344775513,175.11000061035156,174.91000366210938,203.41644567871094,0.0016557408236941098,-44.86098735123255,-48.80510912346895,0.5599129047287252,215.72999572753906,False,True,False,False,False,
NASDAQ:GOOG,,https://www.tradingview.com/chart/?symbol=NASDAQ%3AGOOG,False,,-16.348271174943076,27.76895693900938,339.3299865722656,273.1000061035156,302.8360061035156,0.525634765625,-32.22209096632121,-32.06457870540839,0.3656413167971634,344.6000061035156,False,False,False,False,False,
NASDAQ:GOOGL,,https://www.tradingview.com/chart/?symbol=NASDAQ%3AGOOGL,False,,-18.747141062616,26.949235232221323,342.8500061035156,273.510009765625,303.98469091796875,0.5369781903192659,-29.475472609791527,-28.981247717617183,0.3726158113730929,346.54998779296875,False,False,False,False,False,
NYSE:GPC,,https://www.tradingview.com/chart/?symbol=NYSE%3AGPC,False,,-66.63127647057729,-66.63127647057729,130.5,92.12000274658203,103.30758065795898,0.8096193316871241,51.927193637767324,46.57189497252448,0.43134659228134375,109.9000015258789,False,False,False,False,False,
NYSE:GPN,,https://www.tradingview.com/chart/?symbol=NYSE%3AGPN,False,,-42.16761868577888,-32.307126801737546,86.50499725341797,62.279998779296875,69.96061834716797,0.7443539664180032,59.95336666403406,52.019046361893025,0.44858713714632686,72.55000305175781,False,False,False,False,False,
NASDAQ:GRAB,,https://www.tradingview.com/chart/?symbol=NASDAQ%3AGRAB,False,,-77.37979634411865,-63.462429746427325,2.865000009536743,2.865000009536743,3.189193186759949,0.0,-40.644323894018335,-57.42986756706402,0.3794751234573593,3.619999885559082,False,True,False,False,False,
NYSE:GRMN,,https://www.tradingview.com/chart/?symbol=NYSE%3AGRMN,False,,-19.83472358980953,4.649516458195485,276.92999267578125,225.74000549316406,246.47850189208984,0.5825319609826402,54.945551799364154,46.850055089148825,0.3619531476359184,242.77999877929688,False,False,False,False,False,
NYSE:GS,,https://www.tradingview.com/chart/?symbol=NYSE%3AGS,False,,-68.15206436041193,-68.15206436041193,938.4600219726562,782.4550170898438,869.7289953613281,0.4218574869798651,3.6790321199589506,-16.937297660998034,0.36516736271173283,1012.7000122070312,False,False,False,False,False,
NYSE:GSK,,https://www.tradingview.com/chart/?symbol=NYSE%3AGSK,False,,-60.30610398781126,5.909005352471465,50.310001373291016,48.064998626708984,50.69167887878418,0.20170732534908933,-36.59369314181939,-41.334386280437734,0.2148234080891754,51.810001373291016,False,True,False,False,False,
TSX:GWO,,https://www.tradingview.com/chart/?symbol=TSX%3AGWO,False,,33.49081226925759,44.182772854208544,92.95999908447266,61.75,69.20523913574219,0.9879709624099519,44.934279041278494,47.13013619436139,0.3806940836337174,82.9800033569336,False,False,False,False,False,
NYSE:GWRE,,https://www.tradingview.com/chart/?symbol=NYSE%3AGWRE,False,,-52.01378642377767,-26.40286392703103,146.67999267578125,102.7300033569336,127.18196170043944,0.4241867801972097,39.508421087508005,24.65035035658254,0.7269346373979402,142.52999877929688,False,False,False,False,False,
NYSE:GWW,,https://www.tradingview.com/chart/?symbol=NYSE%3AGWW,False,,-50.65587621718121,-50.65587621718121,1258.260009765625,1042.6700439453125,1127.4837250976561,0.5998941590827029,1.9492251069376376,-10.941351015984585,0.2803822936476009,1281.75,False,False,False,False,False,
NYSE:H,,https://www.tradingview.com/chart/?symbol=NYSE%3AH,False,,-37.908353356399026,-37.908353356399026,158.72000122070312,139.3000030517578,154.78632189941408,0.2959463519353224,-37.21506175752961,-46.3730165897651,0.378868338760981,173.1999969482422,False,False,False,False,False,
TSX:H,,https://www.tradingview.com/chart/?symbol=TSX%3AH,False,,-69.91365801870126,-59.30054195656274,51.63999938964844,50.63999938964844,52.90559992980957,0.10416664183140394,-48.18933484331135,-53.98853561238169,0.16523240173740095,58.099998474121094,False,True,False,False,False,
NYSE:HAL,,https://www.tradingview.com/chart/?symbol=NYSE%3AHAL,False,,-49.64452080764078,-49.64452080764078,34.52000045776367,31.139999389648438,33.9841296081543,0.28046544665393347,0.3414567087375664,0.8326636202741424,0.32730579388492215,36.81999969482422,False,False,False,False,False,
NASDAQ:HAS,,https://www.tradingview.com/chart/?symbol=NASDAQ%3AHAS,False,,-40.19349094161186,-35.612944604043776,89.30999755859375,75.86000061035156,81.09212017822266,0.60667560032018,20.928184254638555,15.374399179304918,0.24195131325422287,91.62999725341797,False,False,False,False,False,
NASDAQ:HBAN,,https://www.tradingview.com/chart/?symbol=NASDAQ%3AHBAN,False,,-34.44415410170546,-34.44415410170546,15.819999694824219,15.029999732971191,15.865439723968505,0.22316383343673785,-9.576262557735285,-24.871200856884343,0.21065158569278578,16.80500030517578,False,True,False,False,False,
TSX:HBM,,https://www.tradingview.com/chart/?symbol=TSX%3AHBM,False,,-52.64063430900135,-51.438799181269324,35.33000183105469,24.790000915527344,29.349520843505857,0.5455487102492546,29.955354581819325,21.23829529044984,0.5709219742230626,33.84000015258789,False,False,False,False,False,
NYSE:HCA,,https://www.tradingview.com/chart/?symbol=NYSE%3AHCA,False,,27.543461168090204,34.88282056376763,430.2799987792969,358.2900085449219,402.7052042236328,0.382518582563759,15.265661143287616,22.811086638090387,0.4538657696120847,414.6600036621094,False,False,False,False,False,
NYSE:HD,,https://www.tradingview.com/chart/?symbol=NYSE%3AHD,False,,-64.41273803346216,-54.78484541355355,302.6000061035156,297.5299987792969,312.65287561035154,0.07911998106461984,-23.560543062912732,-38.45940651737659,0.19300038760505756,332.0199890136719,False,True,False,False,False,
NYSE:HDB,,https://www.tradingview.com/chart/?symbol=NYSE%3AHDB,False,,-20.074757413836277,-11.146321025488676,22.395000457763672,21.829999923706055,23.72272003173828,0.07044894037514358,-45.85359817937953,-47.37647515320925,0.3241058874828526,24.7450008392334,False,True,False,False,False,
NYSE:HEI,,https://www.tradingview.com/chart/?symbol=NYSE%3AHEI,True,2026-09-16 09:30,-71.92185949780394,-70.47095625515355,299.4100036621094,258.57000732421875,285.96960876464846,0.35176566917212204,1.9170749701754388,-15.051779054370263,0.3584273745914259,323.9150085449219,False,False,True,False,False,
NYSE:HIG,,https://www.tradingview.com/chart/?symbol=NYSE%3AHIG,False,,-37.42358077918919,-37.42358077918919,134.94000244140625,125.91999816894531,130.59044018554687,0.4557857694697901,15.17276807745534,5.2264779170516835,0.14500299798096072,136.47999572753906,False,False,False,False,False,
NYSE:HII,,https://www.tradingview.com/chart/?symbol=NYSE%3AHII,False,,-69.73585575149474,-61.15809144198264,278.0400085449219,268.760009765625,306.7819663085937,0.05760039490442964,-27.269196750407577,-33.89882036692457,0.5072093499613967,317.6400146484375,False,True,False,False,False,
NYSE:HLN,,https://www.tradingview.com/chart/?symbol=NYSE%3AHLN,False,,-62.93013562160312,-36.208920779962774,9.21500015258789,8.694999694824219,9.146703815460205,0.2716825072559449,11.8637550932267,-4.798586332712271,0.19711642674047772,9.710000038146973,False,False,False,False,False,
NYSE:HLT,,https://www.tradingview.com/chart/?symbol=NYSE%3AHLT,False,,-45.735705040073675,-25.32686441344931,305.75,291.54998779296875,306.8923500976563,0.21842808912389544,-34.61437760566804,-45.12359737071233,0.20146273288224806,322.69000244140625,False,True,False,False,False,
NYSE:HMC,,https://www.tradingview.com/chart/?symbol=NYSE%3AHMC,False,,9.788581570966999,20.232736465055712,32.125,23.30500030517578,25.677980377197265,0.8771754775864253,66.59306496495499,62.66051422452234,0.374418189408707,26.854999542236328,False,False,False,False,False,
NASDAQ:HON,,https://www.tradingview.com/chart/?symbol=NASDAQ%3AHON,False,,-67.36589329775943,-31.303447254104523,207.7100067138672,199.13999938964844,212.81364910888672,0.147913817455044,-42.94156544600147,-49.78216738629707,0.24936815750235636,232.343994140625,False,True,False,False,False,
NASDAQ:HOOD,,https://www.tradingview.com/chart/?symbol=NASDAQ%3AHOOD,False,,-44.37679344514678,-44.37679344514678,104.41999816894531,64.67500305175781,78.84326211547851,0.662030444634814,47.83202286395942,46.459408360015644,0.6619073655203508,90.69999694824219,False,False,False,False,False,
NYSE:HPE,,https://www.tradingview.com/chart/?symbol=NYSE%3AHPE,False,,16.78137504668081,16.78137504668081,56.709999084472656,21.100000381469727,30.771280723571778,0.8689604061339921,59.15494120510156,60.6669459746922,0.9160612694862085,44.73500061035156,False,False,False,False,False,
NYSE:HPQ,,https://www.tradingview.com/chart/?symbol=NYSE%3AHPQ,False,,43.13267651639621,43.13267651639621,32.70000076293945,18.21500015258789,22.288359756469728,0.8392237554438454,77.13905848012267,78.40358030434555,0.72612528351449,23.770000457763672,False,False,False,False,False,
NYSE:HRL,,https://www.tradingview.com/chart/?symbol=NYSE%3AHRL,False,,-64.75747040242753,-42.13287690841697,20.790000915527344,19.735000610351562,21.331540466308592,0.15594980049667193,-26.916748949015744,-37.33994215928118,0.2934287269616611,23.05500030517578,False,True,False,False,False,
NYSE:HSBC,,https://www.tradingview.com/chart/?symbol=NYSE%3AHSBC,False,,-49.48774974152099,-49.48774974152099,100.86000061035156,76.95999908447266,84.22643930053711,0.7762260738948591,58.63823646740895,49.880895064050435,0.3283566387735819,93.7699966430664,False,False,False,False,False,
NASDAQ:HST,,https://www.tradingview.com/chart/?symbol=NASDAQ%3AHST,False,,8.330636480373949,8.330636480373949,21.770000457763672,18.5,20.167340126037598,0.46284504042147945,-5.743112170595307,-14.442412328257468,0.3152610701545131,22.40999984741211,False,False,False,False,False,
NYSE:HSY,,https://www.tradingview.com/chart/?symbol=NYSE%3AHSY,False,,-45.97347223115054,-45.97347223115054,170.8000030517578,170.14999389648438,182.58247576904296,0.012338820375288528,-21.004613005372693,-28.829189811496402,0.285853870821831,184.2899932861328,False,True,False,False,False,
NASDAQ:HTHT,,https://www.tradingview.com/chart/?symbol=NASDAQ%3AHTHT,False,,-69.40408922284902,-49.29407367843806,42.720001220703125,39.8650016784668,43.72006146240234,0.1747780656412872,4.912609415670944,-0.5385652076846581,0.3587744239496973,45.529998779296875,False,True,False,False,False,
NYSE:HUBB,,https://www.tradingview.com/chart/?symbol=NYSE%3AHUBB,False,,-45.2210984260978,-45.2210984260978,439.2699890136719,438.3399963378906,466.7166412353516,0.0077344686899194805,-37.023969488480084,-45.6857500030497,0.2477464490896539,485.3349914550781,False,True,False,False,False,
NYSE:HUM,,https://www.tradingview.com/chart/?symbol=NYSE%3AHUM,False,,-4.72749961729495,-4.72749961729495,384.4700012207031,163.72999572753906,222.7736587524414,0.8823070695057521,43.8361515236815,42.70653976122652,0.6937058562357614,360.6499938964844,False,False,False,False,False,
NASDAQ:HUT,,https://www.tradingview.com/chart/?symbol=NASDAQ%3AHUT,False,,-4.236015604653159,-4.236015604653159,89.80000305175781,42.72999954223633,64.39244065856934,0.5128009705181144,-21.411767395521803,-19.64936628037414,1.000436018858034,91.75,False,False,False,False,False,
NYSE:HWM,,https://www.tradingview.com/chart/?symbol=NYSE%3AHWM,False,,-60.593969633133064,-50.30967915194652,227.6699981689453,222.91000366210938,239.75568481445313,0.06668526451701169,-7.465277767457266,-25.98351869276783,0.27466524373431433,259.8800048828125,False,True,False,False,False,
TSX:IAG,,https://www.tradingview.com/chart/?symbol=TSX%3AIAG,False,,38.62575277684815,72.65002154323723,213.58999633789062,146.19000244140625,162.19316186523437,0.9939536399222682,41.15404357392736,45.54179370804492,0.38104065520531244,177.9600067138672,False,False,False,False,False,
NASDAQ:IBKR,,https://www.tradingview.com/chart/?symbol=NASDAQ%3AIBKR,False,,-62.72016110923104,-62.72016110923104,86.75,63.505001068115234,71.68830088806152,0.6703676840183048,30.129095303753655,14.71651828831909,0.39605937211174486,87.55000305175781,False,False,False,False,False,
NYSE:IBM,,https://www.tradingview.com/chart/?symbol=NYSE%3AIBM,False,,49.311896072110834,54.67790955164927,237.57000732421875,204.86000061035156,234.28448248291016,0.2623516573004453,-16.6600777143349,-11.238022688239955,0.5219357224801409,238.8800048828125,False,False,False,False,False,
NYSE:IBN,,https://www.tradingview.com/chart/?symbol=NYSE%3AIBN,False,,-63.72094379420435,-63.72094379420435,28.15999984741211,25.200000762939453,26.468500762939453,0.550697504087936,34.01092076699572,19.611651186293923,0.1898622430730264,28.309999465942383,False,False,False,False,False,
NYSE:ICE,,https://www.tradingview.com/chart/?symbol=NYSE%3AICE,False,,-45.07914543353534,-45.07914543353534,154.14999389648438,122.70999908447266,133.34651901245118,0.697581429440796,31.06633485265255,29.269727009222876,0.2912062961210615,154.77000427246094,False,False,False,False,False,
NASDAQ:ICLR,,https://www.tradingview.com/chart/?symbol=NASDAQ%3AICLR,False,,18.725115515760862,45.24551271124352,174.00999450683594,96.68000030517578,116.58895864868164,0.9166666742032116,39.77419804629116,41.50417641537315,0.5778081711024454,146.0,False,False,False,False,False,
NASDAQ:IDXX,,https://www.tradingview.com/chart/?symbol=NASDAQ%3AIDXX,False,,-73.04108513444908,-35.17588246147133,513.6199951171875,504.44000244140625,529.4113923339844,0.08675841756522672,-44.55652859940553,-56.83536567454257,0.18855086692697806,561.1799926757812,False,True,False,False,False,
NASDAQ:IESC,,https://www.tradingview.com/chart/?symbol=NASDAQ%3AIESC,False,,-10.631360554476935,-10.631360554476935,325.30999755859375,214.9199981689453,257.9333568725586,0.6056732289954507,4.918449163427621,-1.9294913798930882,0.5624440715093606,324.04998779296875,False,False,False,False,False,
NYSE:IEX,,https://www.tradingview.com/chart/?symbol=NYSE%3AIEX,False,,-43.612523720944814,-39.608464110876774,221.58999633789062,183.52000427246094,197.156083984375,0.6588783812690305,31.17940353908269,17.885407770522406,0.26448776436675436,218.4600067138672,False,False,False,False,False,
TSX:IFC,,https://www.tradingview.com/chart/?symbol=TSX%3AIFC,False,,-56.243198419154474,-41.92894993270742,260.69000244140625,244.3000030517578,258.71724578857425,0.26829262200597215,-22.02553719799221,-30.317731722044638,0.22822031256804834,267.67999267578125,False,False,False,False,False,
NYSE:IFF,,https://www.tradingview.com/chart/?symbol=NYSE%3AIFF,False,,-60.842364799152875,-32.627268994676776,84.41000366210938,65.9800033569336,71.19796170043945,0.8335597537751022,62.74123785606556,56.4009584398056,0.29057687008912225,76.08999633789062,False,False,False,False,False,
TSX:IGM,,https://www.tradingview.com/chart/?symbol=TSX%3AIGM,False,,3.460271601989813,3.460271601989813,86.58000183105469,61.93000030517578,68.75511987304688,0.8523514206978205,53.4585851124086,49.796345763131946,0.36584436499022027,79.05000305175781,False,False,False,False,False,
NYSE:IHG,,https://www.tradingview.com/chart/?symbol=NYSE%3AIHG,False,,-55.44600623653304,-41.34282847311254,153.75999450683594,128.9199981689453,139.61079888916015,0.5483442530789573,0.7873294545009882,-13.337040099153779,0.2911311135914814,155.60000610351562,False,False,False,False,False,
NASDAQ:ILMN,,https://www.tradingview.com/chart/?symbol=NASDAQ%3AILMN,False,,-45.040190642346666,32.111015223123296,228.9600067138672,115.54000091552734,142.72837954711915,0.9845059807025746,68.24569186172259,67.05977407474066,0.7053942507665831,163.32000732421875,False,False,False,False,False,
TSX:IMO,,https://www.tradingview.com/chart/?symbol=TSX%3AIMO,False,,-27.580897029722582,26.484620086291162,182.49000549316406,157.08999633789062,165.19659777832032,0.7394470055908904,43.1109542003251,43.89054192864707,0.19491577447815728,176.22999572753906,False,False,False,False,False,
AMEX:IMO,,https://www.tradingview.com/chart/?symbol=AMEX%3AIMO,False,,-31.614817112427488,17.40768103554934,130.44000244140625,110.95999908447266,117.60812045288085,0.6915157737767175,40.65789530703551,40.484168287545195,0.2213926931097584,127.23999786376953,False,False,False,False,False,
NASDAQ:INCY,,https://www.tradingview.com/chart/?symbol=NASDAQ%3AINCY,True,2026-09-16 09:30,-56.14241320461389,-43.723882230975704,124.80000305175781,90.29000091552734,99.75478170776367,0.8604911918119607,63.71297305386824,57.218252759016856,0.3921099319083243,102.27999877929688,False,False,False,False,False,
NYSE:INFY,,https://www.tradingview.com/chart/?symbol=NYSE%3AINFY,False,,-54.52996343310849,-14.092952507795294,11.100000381469727,10.364999771118164,11.33259986114502,0.17926842486977695,-15.110123815480057,-25.080508066342816,0.33469390869140625,12.25,False,True,False,False,False,
NYSE:ING,,https://www.tradingview.com/chart/?symbol=NYSE%3AING,False,,2.213054682819133,2.213054682819133,36.369998931884766,24.770000457763672,27.730620025634764,0.9246711970701175,70.75595908968313,68.42968981985709,0.4055276672222548,30.934999465942383,False,False,False,False,False,
NASDAQ:INSM,,https://www.tradingview.com/chart/?symbol=NASDAQ%3AINSM,False,,-25.822064544652207,-25.822064544652207,122.58000183105469,91.87000274658203,109.35524368286133,0.41449584883316815,23.835675987892866,26.217074017276,0.6080926312720526,121.83999633789062,False,False,False,False,False,
NASDAQ:INTC,,https://www.tradingview.com/chart/?symbol=NASDAQ%3AINTC,False,,12.834817232350806,13.259901084551947,101.0199966430664,41.029998779296875,64.84475964355468,0.5944900969842609,-10.970949185555272,-6.143597183228237,1.0224968263616883,98.6897964477539,False,False,False,False,False,
NASDAQ:INTU,,https://www.tradingview.com/chart/?symbol=NASDAQ%3AINTU,False,,-47.41871882292539,-7.518372601060437,318.1199951171875,254.8800048828125,306.46488171386716,0.28932196046899733,9.50051587756514,5.534163690472921,0.6365171533408794,343.3999938964844,False,False,False,False,False,
NYSE:INVH,,https://www.tradingview.com/chart/?symbol=NYSE%3AINVH,False,,-70.3314204960122,-52.25533288042479,27.225000381469727,24.399999618530273,25.858479690551757,0.4571198419801858,-6.394768600275569,-23.82136505636126,0.21310345879916487,29.0,False,False,False,False,False,
NYSE:IONQ,,https://www.tradingview.com/chart/?symbol=NYSE%3AIONQ,False,,-39.75333448799699,-39.75333448799699,36.849998474121094,26.46969985961914,37.22901011657715,0.2276865723282044,-29.94995045513295,-34.86141381961066,1.0671885860546388,42.720001220703125,False,True,False,False,False,
NYSE:IOT,,https://www.tradingview.com/chart/?symbol=NYSE%3AIOT,False,,-17.67047412323543,35.549711034018735,40.650001525878906,25.360000610351562,29.497080322265624,0.8722191660152884,59.137890448558124,57.13416892095943,0.5284895914076038,33.16999816894531,False,False,False,False,False,
NYSE:IP,,https://www.tradingview.com/chart/?symbol=NYSE%3AIP,False,,-66.54854731753397,-55.82157563907892,34.064998626708984,29.3799991607666,32.85273964691162,0.31838252192284044,12.233342557902338,-4.8477326041871756,0.4032059868641452,36.494998931884766,False,False,False,False,False,
NYSE:IQV,,https://www.tradingview.com/chart/?symbol=NYSE%3AIQV,False,,-5.940961816683241,45.696168042987075,268.9200134277344,156.64999389648438,184.0318924560547,0.9676365045225988,75.1904691054139,72.74350584002019,0.6384646581351238,181.72500610351562,False,False,False,False,False,
NYSE:IR,,https://www.tradingview.com/chart/?symbol=NYSE%3AIR,False,,-66.66316314964574,-58.82036760419907,71.44999694824219,68.56999969482422,73.62747976684571,0.1343909105182043,-14.66731149682178,-28.12617801955403,0.2686810397594177,79.76000213623047,False,True,False,False,False,
NASDAQ:IREN,,https://www.tradingview.com/chart/?symbol=NASDAQ%3AIREN,False,,-19.24928359447718,-19.24928359447718,42.630001068115234,29.329999923706055,38.417179725646974,0.34540972430304,-15.77117054047661,-10.096009751053003,0.8939059426296109,43.07500076293945,False,False,False,False,False,
NYSE:IRM,,https://www.tradingview.com/chart/?symbol=NYSE%3AIRM,False,,-50.40893832266232,-44.3587812326301,112.25,97.5999984741211,106.14555825805664,0.4045844213280035,-28.532767925306285,-38.90415665324554,0.29639027279348,122.16999816894531,False,False,False,False,False,
NASDAQ:ISRG,,https://www.tradingview.com/chart/?symbol=NASDAQ%3AISRG,False,,-15.72512982538018,35.671326219284474,382.3500061035156,331.0199890136719,369.28031506347656,0.3166173758538831,-47.03116298944398,-42.07112861927395,0.3887584046467628,417.0199890136719,False,False,False,False,False,
NYSE:ITUB,,https://www.tradingview.com/chart/?symbol=NYSE%3AITUB,False,,25.030694141832214,25.030694141832214,8.28499984741211,7.160999774932861,7.7047438640594486,0.48784717371584607,-10.314908813241807,0.524989627918913,0.28183490200602906,8.175000190734863,False,False,False,False,False,
NYSE:ITW,,https://www.tradingview.com/chart/?symbol=NYSE%3AITW,False,,-41.69386928990402,-5.631218574740956,267.2799987792969,244.23500061035156,256.7606998901367,0.43419688165820136,16.078171943339274,3.2571676949522494,0.19809277945402545,267.92999267578125,False,False,False,False,False,
TSX:IVN,,https://www.tradingview.com/chart/?symbol=TSX%3AIVN,False,,-30.98480845013508,-30.98480845013508,11.850000381469727,9.800000190734863,10.77468021774292,0.49636807116950254,20.266157933995327,24.75866610879123,0.35881842157375315,11.510000228881836,False,False,False,False,False,
NYSE:IVZ,,https://www.tradingview.com/chart/?symbol=NYSE%3AIVZ,False,,-68.38864311737842,-68.38864311737842,30.084999084472656,22.7450008392334,25.276100929260252,0.6843820964259401,63.26462748156465,52.337765714869086,0.3883055776825024,27.6200008392334,False,False,False,False,False,
NYSE:J,,https://www.tradingview.com/chart/?symbol=NYSE%3AJ,False,,-61.559405381357,-5.546550517418812,143.49000549316406,107.20999908447266,117.95508059692384,0.7968372787614142,60.081237899710516,52.416581955617275,0.3533018401008617,128.8699951171875,False,False,False,False,False,
NASDAQ:JAZZ,,https://www.tradingview.com/chart/?symbol=NASDAQ%3AJAZZ,False,,-18.359637045186158,-16.364961589010367,243.67999267578125,178.50999450683594,198.2867952270508,0.7776849140291086,34.079922602000174,24.367473296195815,0.3575771994601883,234.35499572753906,False,False,False,False,False,
NASDAQ:JBHT,,https://www.tradingview.com/chart/?symbol=NASDAQ%3AJBHT,False,,11.431977762260999,11.431977762260999,236.60000610351562,197.38999938964844,221.27791607666015,0.3873741568055611,-7.584762606529355,-23.315384188632727,0.37958799395685405,266.6575012207031,False,False,False,False,False,
NYSE:JBL,,https://www.tradingview.com/chart/?symbol=NYSE%3AJBL,False,,-24.57526900434819,-24.57526900434819,297.3699951171875,247.24000549316406,280.625741027832,0.3543632441161728,-23.874348160263263,-30.236082271432075,0.432892614156088,326.7900085449219,False,False,False,False,False,
NYSE:JBS,,https://www.tradingview.com/chart/?symbol=NYSE%3AJBS,True,2026-09-16 13:30,-65.90530707473285,-65.90530707473285,12.21500015258789,11.53499984741211,13.176379829406738,0.09777143244214948,-0.48201808561333453,-11.905966963490947,0.5112091258889394,13.604999542236328,False,True,True,False,False,
NYSE:JCI,,https://www.tradingview.com/chart/?symbol=NYSE%3AJCI,False,,-25.020985031213737,-25.020985031213737,140.47999572753906,126.58000183105469,133.31308154296875,0.48720625626423325,20.423160687285776,6.838534065147151,0.2012130624882901,141.7899932861328,False,False,False,False,False,
NASDAQ:JD,,https://www.tradingview.com/chart/?symbol=NASDAQ%3AJD,False,,-53.9452213010739,-45.46286203045793,26.889999389648438,24.94499969482422,27.087880126953124,0.21420697165193164,-14.579232050790528,-24.51683027371594,0.312295841540563,29.075000762939453,False,True,False,False,False,
NYSE:JEF,,https://www.tradingview.com/chart/?symbol=NYSE%3AJEF,False,,-57.225012225198604,-57.225012225198604,47.33000183105469,36.02000045776367,42.570770385742186,0.40745749788839686,-4.681666930327989,-23.263988178142167,0.5292182896294129,52.45000076293945,False,False,False,False,False,
NYSE:JHX,,https://www.tradingview.com/chart/?symbol=NYSE%3AJHX,False,,-63.48777795169939,-63.48777795169939,26.875,17.55500030517578,20.750440071105956,0.6883308993741107,56.79749707284471,44.631810591221175,0.566764309506245,23.889999389648438,False,False,False,False,False,
NYSE:JLL,,https://www.tradingview.com/chart/?symbol=NYSE%3AJLL,True,2026-09-16 09:30,-59.191075872736555,-51.97902516019523,340.20001220703125,282.2300109863281,308.34104724121096,0.5239516407751753,49.01836312961826,35.849479249646976,0.3423319717927107,323.19500732421875,False,False,False,False,False,
NYSE:JNJ,,https://www.tradingview.com/chart/?symbol=NYSE%3AJNJ,False,,-35.97677953553305,-30.285403201521945,267.3999938964844,221.32000732421875,234.80032617187499,0.8067225229576408,63.18099824221709,57.994982199802145,0.23554637161726805,242.5,False,False,False,False,False,
NYSE:JPM,,https://www.tradingview.com/chart/?symbol=NYSE%3AJPM,False,,-48.185088499380505,-46.22058947886688,349.07000732421875,281.5899963378906,301.3266774902344,0.8068875648265866,55.32557706567516,46.49456097960416,0.2637421736688801,317.0899963378906,False,False,False,False,False,
NYSE:KB,,https://www.tradingview.com/chart/?symbol=NYSE%3AKB,False,,19.22861356686323,19.22861356686323,127.9800033569336,97.02999877929688,105.45991906738281,0.8664614647240901,65.84158446109201,67.59255020353686,0.3277966488075684,108.97000122070312,False,False,False,False,False,
NASDAQ:KDP,,https://www.tradingview.com/chart/?symbol=NASDAQ%3AKDP,False,,-49.19169962317213,-41.017895811502285,31.81999969482422,25.295000076293945,27.246719734191895,0.7889964646006872,44.3258230862912,40.26003608678916,0.2737956818839262,30.204999923706055,False,False,False,False,False,
NYSE:KEP,,https://www.tradingview.com/chart/?symbol=NYSE%3AKEP,False,,-40.91590113520246,-40.91590113520246,11.204999923706055,11.180000305175781,12.529920143127441,0.004370563204772907,-35.811977465545446,-37.19606101284271,0.4479247539789203,12.770000457763672,False,True,False,False,False,
NYSE:KEY,,https://www.tradingview.com/chart/?symbol=NYSE%3AKEY,False,,-31.091317842845246,-31.091317842845246,20.709999084472656,18.8799991607666,20.08359925079346,0.3588234876128935,-8.827139503742382,-22.330975460048155,0.23308960589973987,21.8799991607666,False,False,False,False,False,
NYSE:KEYS,,https://www.tradingview.com/chart/?symbol=NYSE%3AKEYS,False,,-16.150338566093634,-16.150338566093634,322.05999755859375,267.2300109863281,292.26252551269533,0.5169227732765276,-5.129584940386555,-8.69429977535232,0.32232278210376,329.0799865722656,False,False,False,False,False,
NYSE:KGC,,https://www.tradingview.com/chart/?symbol=NYSE%3AKGC,False,,-68.5727130734622,-64.47491394771204,27.829999923706055,22.514999389648438,25.463819137573243,0.4253702271630282,18.304053886559554,15.271316109602386,0.43582137769913615,28.670000076293945,False,False,False,False,False,
NASDAQ:KHC,,https://www.tradingview.com/chart/?symbol=NASDAQ%3AKHC,False,,-44.00379916523696,-21.945760828758058,24.725000381469727,21.19499969482422,22.759679946899414,0.5324283737482127,36.71294954276942,24.7303761513804,0.27863000827305956,23.795000076293945,False,False,False,False,False,
NYSE:KIM,,https://www.tradingview.com/chart/?symbol=NYSE%3AKIM,False,,-72.44681495524571,-72.44681495524571,22.579999923706055,22.200000762939453,23.220700492858885,0.08786110088223166,-13.746001315597708,-25.383965679269473,0.18024583056147112,23.9950008392334,False,True,False,False,False,
NYSE:KKR,,https://www.tradingview.com/chart/?symbol=NYSE%3AKKR,False,,-68.29939839419255,-63.28251162415544,96.83999633789062,83.61000061035156,91.09827960205078,0.41695548405184624,39.643738290225805,23.152629160024937,0.32440442203805386,97.80999755859375,False,False,False,False,False,
NASDAQ:KLAC,,https://www.tradingview.com/chart/?symbol=NASDAQ%3AKLAC,False,,-48.195980207086016,-48.195980207086016,167.32000732421875,138.2449951171875,177.039857421875,0.17687143279357098,-26.8523838713607,-33.73357085218453,0.8900566322674958,184.6905059814453,False,True,False,False,False,
NASDAQ:KMB,,https://www.tradingview.com/chart/?symbol=NASDAQ%3AKMB,False,,-74.77836489374513,-54.20942581715813,98.11000061035156,93.04499816894531,98.15321917724609,0.23400330060689714,11.726645219605361,-9.412174415573023,0.21539461371871305,100.48999786376953,False,True,False,False,False,
NYSE:KMI,,https://www.tradingview.com/chart/?symbol=NYSE%3AKMI,True,2026-09-16 09:30,-58.72680982084881,-57.152925344562924,30.739999771118164,30.739999771118164,31.60847939300537,0.0,-21.182616192644744,-34.63798617348573,0.11471316046699122,32.08000183105469,False,True,False,False,False,
NYSE:KNX,,https://www.tradingview.com/chart/?symbol=NYSE%3AKNX,False,,-35.57650722119907,-35.57650722119907,65.80999755859375,51.91999816894531,59.1227191772461,0.4551113186501673,-20.36932005159823,-29.737228428269326,0.44065843677610395,69.26000213623047,False,False,False,False,False,
NYSE:KO,,https://www.tradingview.com/chart/?symbol=NYSE%3AKO,False,,-18.208097106000213,-0.14156910788226185,87.8550033569336,74.62999725341797,78.72223818969726,0.7626876054046372,69.65759311579568,65.23969554926643,0.21388928127000104,81.06999969482422,False,False,False,False,False,
NYSE:KOF,,https://www.tradingview.com/chart/?symbol=NYSE%3AKOF,False,,-37.50837738076263,25.213757087572187,112.79000091552734,93.56999969482422,99.02867904663086,0.8309556205357069,56.83261794349297,54.22697298563331,0.21787864031200602,106.16000366210938,False,False,False,False,False,
NYSE:KR,,https://www.tradingview.com/chart/?symbol=NYSE%3AKR,False,,-0.08403946077834708,56.33180743689601,61.150001525878906,55.459999084472656,60.24372009277344,0.28071047074897526,-26.68816501685833,-10.415628653879697,0.3260153521703404,62.17499923706055,False,False,False,False,False,
NASDAQ:KSPI,,https://www.tradingview.com/chart/?symbol=NASDAQ%3AKSPI,False,,-54.39357006177522,-46.11919694644599,97.7300033569336,68.77999877929688,78.21881942749023,0.723840544806833,76.23876511345341,69.05795944994806,0.4575563559199246,87.41000366210938,False,False,False,False,False,
NYSE:KVUE,,https://www.tradingview.com/chart/?symbol=NYSE%3AKVUE,False,,-73.57400093086882,-47.685800504805876,17.834999084472656,16.735000610351562,17.465420448303224,0.3554115406018842,23.61180742365728,3.3283860721367127,0.17324373652431216,17.864999771118164,False,False,False,False,False,
NYSE:L,,https://www.tradingview.com/chart/?symbol=NYSE%3AL,False,,-19.75093232491686,-17.437316237452915,108.79000091552734,103.56500244140625,107.29970172119141,0.33017374292141505,-7.449029730715349,-15.792437234448638,0.14444796589986916,109.55500030517578,False,False,False,False,False,
TSX:L,,https://www.tradingview.com/chart/?symbol=TSX%3AL,False,,-15.759300566485559,5.043003862462846,62.720001220703125,59.02000045776367,60.84899955749512,0.4774196882775526,-24.14138380517136,-21.554717658107332,0.1236044033652322,62.70000076293945,False,False,False,False,False,
NYSE:LDOS,,https://www.tradingview.com/chart/?symbol=NYSE%3ALDOS,False,,-51.99859473011699,-25.506506938054383,129.36000061035156,100.02999877929688,118.78019805908202,0.36916303282128204,13.221446845898626,11.160273469838765,0.6067201130187478,130.9499969482422,False,False,False,False,False,
NASDAQ:LECO,,https://www.tradingview.com/chart/?symbol=NASDAQ%3ALECO,False,,-73.92196190436015,-50.34376555609978,255.35000610351562,238.0,250.46315942382813,0.3285363928348121,21.169797739731816,3.6665612413115873,0.20215127672916594,261.239990234375,False,False,False,False,False,
NYSE:LEN,,https://www.tradingview.com/chart/?symbol=NYSE%3ALEN,False,,-66.14539202955575,-34.88935522245672,78.44999694824219,77.26000213623047,82.73520141601563,0.05129288657522354,-50.38743853714101,-63.16105785949696,0.2646286920587635,87.66999816894531,False,True,False,False,False,
NYSE:LH,,https://www.tradingview.com/chart/?symbol=NYSE%3ALH,False,,-84.32446128587354,-16.84263673793797,324.57000732421875,250.47500610351562,271.8058612060547,0.8197711814189993,69.00134172852708,61.30867875025077,0.333634705349526,270.9100036621094,False,False,False,False,False,
NYSE:LHX,,https://www.tradingview.com/chart/?symbol=NYSE%3ALHX,False,,-74.71816861826538,-38.65373249743843,250.86000061035156,245.5399932861328,275.36803314208987,0.04209199580591554,-70.98841278608212,-72.77257796651797,0.4170599058924657,303.04998779296875,False,True,False,True,False,"WATCH: weekly+band ok, waiting on 4h dot"
NASDAQ:LI,,https://www.tradingview.com/chart/?symbol=NASDAQ%3ALI,False,,-25.157745582057654,-12.476744170076328,12.03499984741211,11.645000457763672,13.619140403747558,0.04662276154447588,-45.37226299586274,-46.279833327184605,0.5928419542632386,14.109999656677246,False,True,False,False,False,
NYSE:LII,,https://www.tradingview.com/chart/?symbol=NYSE%3ALII,True,2026-09-16 09:30,-64.29117941276978,-59.785622090619505,361.1600036621094,359.5098876953125,410.76734765624997,0.007597476903085696,-51.749167606774485,-54.99770670295955,0.43967897915435333,493.9800109863281,False,True,True,False,False,"NEAR: 4h+band ok, weekly shallow"
NASDAQ:LIN,,https://www.tradingview.com/chart/?symbol=NASDAQ%3ALIN,False,,-64.33930076124632,-50.11595446795477,462.32000732421875,461.3900146484375,481.4854060058594,0.010921821206697456,-38.54033212497286,-46.834567022063204,0.17020120714895406,500.2900085449219,False,True,False,False,False,
NASDAQ:LITE,,https://www.tradingview.com/chart/?symbol=NASDAQ%3ALITE,False,,-32.27033143563233,-27.59630298175345,919.1300048828125,602.3499755859375,708.8402509765625,0.7020367506782135,25.827042560280223,29.891876536415094,0.5273891371685062,855.5921020507812,False,False,False,False,False,
NYSE:LLY,,https://www.tradingview.com/chart/?symbol=NYSE%3ALLY,False,,-50.04808140246367,-5.435391092414846,1138.2099609375,851.3200073242188,952.8401232910156,0.6669222981864824,22.23458843882719,10.93011546262183,0.38478465199558953,1117.949951171875,False,False,False,False,False,
NYSE:LMT,,https://www.tradingview.com/chart/?symbol=NYSE%3ALMT,False,,-49.73565457185838,0.495656290093019,537.239990234375,491.55999755859375,532.3289975585938,0.26442832229106367,4.3487965014208845,-5.22148526253021,0.32160475127677834,537.1500244140625,False,False,False,False,False,
NYSE:LNG,,https://www.tradingview.com/chart/?symbol=NYSE%3ALNG,False,,-55.239283794413154,-55.239283794413154,267.7900085449219,224.89999389648438,241.93093591308593,0.5943325652312362,55.75385549486115,49.09755550317302,0.2781568295784307,259.44000244140625,False,False,False,False,False,
NASDAQ:LNT,,https://www.tradingview.com/chart/?symbol=NASDAQ%3ALNT,True,2026-09-16 13:30,-69.89542073725106,-69.89542073725106,66.12999725341797,65.9800033569336,68.82144177246094,0.012457971771224494,-38.44888151293802,-44.00583765418005,0.16659739650462446,72.2699966430664,False,True,True,False,False,
NASDAQ:LOGI,,https://www.tradingview.com/chart/?symbol=NASDAQ%3ALOGI,False,,17.905937188939514,17.905937188939514,99.54499816894531,87.9000015258789,97.24442181396485,0.29410269690754703,-19.351302077107245,-20.586488260010857,0.3926517518706544,100.83999633789062,False,False,False,False,False,
NYSE:LOW,,https://www.tradingview.com/chart/?symbol=NYSE%3ALOW,True,2026-09-16 09:30,-57.12040221389381,-56.18838743536177,194.11000061035156,194.11000061035156,208.37384118652344,0.0,-50.38012860521639,-59.362607450415055,0.27524023611897674,219.58999633789062,False,True,False,False,False,
NASDAQ:LPLA,,https://www.tradingview.com/chart/?symbol=NASDAQ%3ALPLA,False,,-69.96341387312553,-69.96341387312553,333.04998779296875,264.8500061035156,291.2607669677734,0.609418098987556,43.10670966650951,33.459268778396215,0.3555407300483922,314.760009765625,False,False,False,False,False,
NASDAQ:LRCX,,https://www.tradingview.com/chart/?symbol=NASDAQ%3ALRCX,False,,-54.38708946022167,-54.38708946022167,269.2300109863281,199.69500732421875,254.91310876464843,0.2971898786118445,-15.032909221033046,-27.429188497960652,0.7754963797357449,301.7099914550781,False,False,False,False,False,
NASDAQ:LSCC,,https://www.tradingview.com/chart/?symbol=NASDAQ%3ALSCC,False,,-42.828807134058536,-42.828807134058536,106.33000183105469,85.20500183105469,101.74742211914062,0.30137669779739673,-38.21809754563844,-45.88865366010671,0.5673411532927182,123.55000305175781,False,False,False,False,False,
NYSE:LTM,,https://www.tradingview.com/chart/?symbol=NYSE%3ALTM,False,,-37.926673062641406,-37.926673062641406,50.13999938964844,45.25,48.438359603881835,0.3619541078590962,-19.24803329242432,-26.713785401192037,0.2619231842174783,51.58000183105469,False,False,False,False,False,
TSX:LUG,,https://www.tradingview.com/chart/?symbol=TSX%3ALUG,True,2026-09-16 09:30,-58.651174268307095,-56.10010983116056,90.25,73.0250015258789,82.62799154663085,0.4233160329343198,39.46223297770819,35.13603701477855,0.4531681862755219,89.79146575927734,False,False,False,False,False,
NASDAQ:LULU,,https://www.tradingview.com/chart/?symbol=NASDAQ%3ALULU,False,,-51.5983599745367,-41.21751844827568,96.00019836425781,96.00019836425781,113.61401025390624,0.0,-50.912309793759675,-61.01429103293885,0.6143287303887224,121.48999786376953,False,True,False,False,False,
TSX:LUN,,https://www.tradingview.com/chart/?symbol=TSX%3ALUN,True,2026-09-16 09:30,-58.09201324365423,-56.909152935712825,31.850000381469727,29.479999542236328,32.932679794311525,0.16199594437478212,-2.933072465873168,-22.950664819267843,0.4048146462422381,36.13999938964844,False,True,False,False,False,
NYSE:LUV,,https://www.tradingview.com/chart/?symbol=NYSE%3ALUV,False,,-2.8335365548821323,14.832832932915982,39.154998779296875,36.29999923706055,40.026439453125,0.1808106001709487,-34.20432261367831,-38.92756362449461,0.38260239254630163,41.27000045776367,False,True,False,False,False,
NYSE:LVS,,https://www.tradingview.com/chart/?symbol=NYSE%3ALVS,False,,-74.94324301868645,-74.94324301868645,41.029998779296875,41.029998779296875,44.98299877929688,0.0,-61.83223496077824,-68.49638872209138,0.33753148614609574,49.625,False,True,False,True,False,"WATCH: weekly+band ok, waiting on 4h dot"
NYSE:LYB,,https://www.tradingview.com/chart/?symbol=NYSE%3ALYB,False,,-45.96029939836766,-12.525190430349609,64.91999816894531,52.58000183105469,59.61044204711914,0.41423282842058223,20.11497135015763,22.83762497755066,0.4552957477698626,65.43000030517578,False,False,False,False,False,
NYSE:LYG,,https://www.tradingview.com/chart/?symbol=NYSE%3ALYG,False,,-35.415522440915126,-32.153211079060135,5.889999866485596,4.835000038146973,5.174840051651001,0.7326387405671514,43.15401644613811,33.29525488963442,0.2573726740338508,5.59499979019165,False,False,False,False,False,
NYSE:LYV,,https://www.tradingview.com/chart/?symbol=NYSE%3ALYV,False,,-57.717319658185716,-31.216389162807634,171.1999969482422,144.92999267578125,155.28449267578125,0.5987465361244658,22.82277868548981,7.104266101026932,0.2579971811706217,170.05999755859375,False,False,False,False,False,
NYSE:MA,,https://www.tradingview.com/chart/?symbol=NYSE%3AMA,False,,-53.468226817733495,-28.291313336171452,568.4299926757812,471.19500732421875,501.55286962890625,0.7558983011602064,57.37924986040792,51.03468242431631,0.2524036693907574,509.6400146484375,False,False,False,False,False,
NYSE:MAA,,https://www.tradingview.com/chart/?symbol=NYSE%3AMAA,False,,-79.833459967373,-71.48581072033527,121.91999816894531,120.55000305175781,125.74082189941406,0.062286675213532906,-35.9923769785651,-50.623363843580066,0.1687509263094357,130.33999633789062,False,True,False,False,False,
NASDAQ:MAR,,https://www.tradingview.com/chart/?symbol=NASDAQ%3AMAR,False,,-29.365459322028514,12.58166287981283,335.6700134277344,313.7900085449219,334.70432739257814,0.24689693171252453,-46.46069028739711,-51.95954926896385,0.24646446265756572,359.56500244140625,False,False,False,False,False,
NYSE:MAS,,https://www.tradingview.com/chart/?symbol=NYSE%3AMAS,False,,-65.34789171772401,-39.50579965882684,68.27999877929688,58.59000015258789,64.29176011657715,0.40107610463196774,-19.195421059101474,-32.40413827374438,0.3379257139558209,71.49500274658203,False,False,False,False,False,
NYSE:MCD,,https://www.tradingview.com/chart/?symbol=NYSE%3AMCD,False,,-57.99587495450115,-43.836135543810705,248.5500030517578,248.5500030517578,267.96807916259763,0.0,-63.06522806427327,-68.87167840363574,0.29667015146608605,277.3450012207031,False,True,False,True,False,
NASDAQ:MCHP,,https://www.tradingview.com/chart/?symbol=NASDAQ%3AMCHP,False,,-38.60413614689649,-38.60413614689649,69.5999984741211,59.810001373291016,69.9910403289795,0.22693551472023207,-46.114744043268786,-49.79236270800551,0.5329873273253346,80.94000244140625,False,True,False,False,False,
NYSE:MCK,,https://www.tradingview.com/chart/?symbol=NYSE%3AMCK,False,,-32.304741644754166,-6.509532584417457,889.0900268554688,724.9249877929688,777.885755859375,0.7315405465829184,49.3051706609302,48.960679051457596,0.2667927221052274,841.1400146484375,False,False,False,False,False,
NYSE:MCO,,https://www.tradingview.com/chart/?symbol=NYSE%3AMCO,False,,-57.627627037669235,-51.28541563306348,465.2900085449219,424.80999755859375,447.0128815917969,0.4302721474600803,42.949678446799986,26.19088263542642,0.20569783347011764,457.3699951171875,False,False,False,False,False,
NASDAQ:MDB,,https://www.tradingview.com/chart/?symbol=NASDAQ%3AMDB,False,,-32.74525800107265,5.655209966646251,376.489990234375,221.19000244140625,280.4496038818359,0.6184786300998597,42.38699028100357,31.97303255798853,0.7711443089148968,325.6199951171875,False,False,False,False,False,
NASDAQ:MDGL,,https://www.tradingview.com/chart/?symbol=NASDAQ%3AMDGL,False,,-42.65318478323178,-42.65318478323178,529.5800170898438,430.8399963378906,462.5961629638672,0.7337990498638888,28.671977820076886,27.955749254655036,0.25956296183880884,518.4099731445312,False,False,False,False,False,
NASDAQ:MDLN,,https://www.tradingview.com/chart/?symbol=NASDAQ%3AMDLN,False,,-49.867325115225505,-39.772997614028405,32.9900016784668,32.09000015258789,35.90611972045898,0.05565872775467413,-47.421855200313956,-53.588491536627146,0.41552095049529797,38.915000915527344,False,True,False,False,False,
NASDAQ:MDLZ,,https://www.tradingview.com/chart/?symbol=NASDAQ%3AMDLZ,False,,13.72845549440367,16.00756141380603,62.369998931884766,54.345001220703125,56.91858093261719,0.7359008353505814,40.115116332369816,37.70416613539663,0.1783027927812904,61.15999984741211,False,False,False,False,False,
NYSE:MDT,,https://www.tradingview.com/chart/?symbol=NYSE%3AMDT,False,,-26.814313258585955,22.884770199890824,92.62000274658203,73.73500061035156,78.59069989013672,0.9178617223485857,59.46620662295562,58.736486835828366,0.24401087550650377,84.31999969482422,False,False,False,False,False,
NASDAQ:MEDP,,https://www.tradingview.com/chart/?symbol=NASDAQ%3AMEDP,False,,-25.673904751893023,54.72717412404409,616.6300048828125,387.57501220703125,444.25630932617184,0.953700444749172,51.74322643122371,50.81184304946909,0.4725156579026921,508.2900085449219,False,False,False,False,False,
NASDAQ:MELI,,https://www.tradingview.com/chart/?symbol=NASDAQ%3AMELI,False,,-62.44438929649035,-62.44438929649035,1836.4100341796875,1546.989990234375,1656.739439453125,0.6223551084521032,46.44465121019192,37.00008573111348,0.25892376404873924,1796.050048828125,False,False,False,False,False,
NYSE:MET,,https://www.tradingview.com/chart/?symbol=NYSE%3AMET,False,,12.138511749755258,38.27862878350566,97.25,67.69999694824219,75.32987738037109,0.9140117964167098,54.78042212097974,51.981460084910275,0.37919306850822077,85.26000213623047,False,False,False,False,False,
NASDAQ:META,,https://www.tradingview.com/chart/?symbol=NASDAQ%3AMETA,False,,66.47197434794457,66.47197434794457,673.3300170898438,524.3400268554688,563.1360559082032,0.9063205321224564,-3.061641801880416,17.64478291763705,0.2715999597445189,605.2650146484375,False,False,False,False,False,
TSX:MFC,,https://www.tradingview.com/chart/?symbol=TSX%3AMFC,False,,8.223797058011744,45.37553358200083,61.189998626708984,45.33000183105469,49.500121398925785,0.8975664085539036,47.41306046682869,46.82266245177945,0.3183209998781578,55.5099983215332,False,False,False,False,False,
NYSE:MFC,,https://www.tradingview.com/chart/?symbol=NYSE%3AMFC,False,,0.12355257568941064,32.001349645337854,43.709999084472656,33.38999938964844,36.08983996582031,0.9020976829053582,53.93518812705468,51.73309125318246,0.28575003084821393,40.03499984741211,False,False,False,False,False,
NYSE:MFG,,https://www.tradingview.com/chart/?symbol=NYSE%3AMFG,False,,10.925935143652984,10.925935143652984,10.960000038146973,7.579999923706055,8.50148780822754,0.8656435319518938,64.25797558174553,64.07574593992474,0.407154287596347,9.59000015258789,False,False,False,False,False,
TSX:MG,,https://www.tradingview.com/chart/?symbol=TSX%3AMG,False,,-46.578819752105154,-46.578819752105154,89.22000122070312,71.37999725341797,78.2593976135254,0.6120069651264712,27.24799127041761,11.644568887546605,0.3226699436299705,90.33999633789062,False,False,False,False,False,
NYSE:MGA,,https://www.tradingview.com/chart/?symbol=NYSE%3AMGA,False,,-52.8058025853114,-52.8058025853114,63.72999954223633,52.04999923706055,56.99655992126465,0.5572518458782438,33.44908090797431,16.47326880045766,0.3249612852584484,64.5,False,False,False,False,False,
NYSE:MGM,,https://www.tradingview.com/chart/?symbol=NYSE%3AMGM,False,,-77.51847939151538,-77.51847939151538,38.349998474121094,35.0,38.70992028808594,0.21310421208550356,-28.816804254536393,-40.56748422550167,0.3772498658859674,41.66999816894531,False,True,False,False,False,
NYSE:MICC,,https://www.tradingview.com/chart/?symbol=NYSE%3AMICC,False,,-24.13248290961467,-24.13248290961467,18.80500030517578,13.005000114440918,14.76320006942749,0.7785235354666367,55.90798226328433,48.849110026574095,0.4373348914585938,17.03499984741211,False,False,False,False,False,
NYSE:MKC,,https://www.tradingview.com/chart/?symbol=NYSE%3AMKC,True,2026-09-16 09:30,-64.2554241487208,-62.343934626203826,50.060001373291016,45.44499969482422,49.87117904663086,0.24606784080577482,23.16552195627082,10.181681183234788,0.36396269547270266,51.529998779296875,False,False,True,False,False,
NASDAQ:MKSI,,https://www.tradingview.com/chart/?symbol=NASDAQ%3AMKSI,False,,-45.015703867866456,-45.015703867866456,235.30999755859375,210.47000122070312,265.8969577636719,0.10576512768110571,-36.53749513064559,-42.854486455939465,0.800804645148347,293.2799987792969,False,True,False,False,False,
NYSE:MLI,,https://www.tradingview.com/chart/?symbol=NYSE%3AMLI,False,,-45.96346209349048,-38.324848588332316,60.560001373291016,53.875,57.803219207763675,0.40162227224453667,-9.656472840251224,-20.37022274256006,0.2612004243487897,63.724998474121094,False,False,False,False,False,
NYSE:MLM,,https://www.tradingview.com/chart/?symbol=NYSE%3AMLM,False,,-52.092937159945656,-36.50219271350112,496.9100036621094,496.4599914550781,529.1813900146484,0.0032456705866660738,-64.45971898944144,-67.2648128892995,0.24108011384342984,575.1199951171875,False,True,False,True,False,
NYSE:MMM,,https://www.tradingview.com/chart/?symbol=NYSE%3AMMM,False,,-62.14343583177621,-40.68628155662227,162.72999572753906,140.47000122070312,150.73954107666015,0.5115476230968592,35.255237663585405,19.992109558578694,0.27830007175612403,156.36000061035156,False,False,False,False,False,
NASDAQ:MNST,,https://www.tradingview.com/chart/?symbol=NASDAQ%3AMNST,False,,-37.48326742790319,22.954387719454914,44.59000015258789,35.65250015258789,39.028480224609375,0.624781531585586,-1.8038648829550514,-13.001564567166001,0.32247520532805535,44.36000061035156,False,False,False,False,False,
NYSE:MO,,https://www.tradingview.com/chart/?symbol=NYSE%3AMO,False,,12.998087057152093,43.202552800018395,70.12000274658203,63.790000915527344,66.52052084350586,0.5471047535019713,-6.075333585757632,3.0307001346684466,0.16777842007584035,68.95999908447266,False,False,False,False,False,
NYSE:MOD,,https://www.tradingview.com/chart/?symbol=NYSE%3AMOD,False,,-27.92896049867826,-27.92896049867826,181.11000061035156,176.6199951171875,207.3637197265625,0.03446691348723542,-49.358414434400224,-50.5938098842268,0.5592908318536068,232.9199981689453,False,True,False,False,False,
NYSE:MOH,,https://www.tradingview.com/chart/?symbol=NYSE%3AMOH,False,,6.643566504619165,30.594925669200524,202.3300018310547,131.49000549316406,157.75680261230468,0.6364780243252269,7.143033134249484,8.147998054805656,0.5703596809525914,195.13999938964844,False,False,False,False,False,
NYSE:MPC,,https://www.tradingview.com/chart/?symbol=NYSE%3AMPC,False,,44.356301887235624,65.62355958251334,414.1700134277344,213.6199951171875,261.9834733886719,0.9786269725185424,85.92340326198912,85.13058131837685,0.7924593497254185,258.6000061035156,False,False,False,False,False,
NYSE:MPLX,,https://www.tradingview.com/chart/?symbol=NYSE%3AMPLX,False,,-44.038800267709085,-44.038800267709085,57.935001373291016,54.0,55.53753985595703,0.6039910578569304,67.98437573552557,60.079490270083745,0.11449910746813119,56.900001525878906,False,False,False,False,False,
NASDAQ:MPWR,,https://www.tradingview.com/chart/?symbol=NASDAQ%3AMPWR,True,2026-09-16 09:30,-59.46670823809984,-58.21020448432483,1148.449951171875,1002.3499755859375,1164.6094248046875,0.2124966798808592,-46.37727483115976,-54.556327929389695,0.5081559146643705,1353.010009765625,False,True,False,False,False,
NYSE:MRK,,https://www.tradingview.com/chart/?symbol=NYSE%3AMRK,True,2026-09-16 09:30,-57.38653695922906,-54.09035585922714,144.97000122070312,109.16999816894531,120.32807788085938,0.7571912854497374,77.50178224721776,71.9451275183286,0.3919747778370585,120.62000274658203,False,False,False,False,False,
NASDAQ:MRNA,,https://www.tradingview.com/chart/?symbol=NASDAQ%3AMRNA,False,,-17.3670961901947,14.842541306636653,145.64999389648438,44.96500015258789,75.4561985321045,0.7792956586292191,79.48169326149782,78.1778726957217,2.3615425935953525,54.709999084472656,False,False,False,False,False,
NYSE:MRSH,,https://www.tradingview.com/chart/?symbol=NYSE%3AMRSH,False,,-67.73909112419348,-38.11101802437794,176.74000549316406,157.3300018310547,166.8242808227539,0.4824759066236351,36.10220957604164,21.60497406933772,0.23094142613270013,174.1999969482422,False,False,False,False,False,
TSX:MRU,,https://www.tradingview.com/chart/?symbol=TSX%3AMRU,False,,-10.874465437902638,30.158799298343666,91.47000122070312,87.20999908447266,89.7587998046875,0.39444453078530467,-30.841515359652703,-23.844828033424463,0.11839512066687699,91.22000122070312,False,False,False,False,False,
NASDAQ:MRVL,,https://www.tradingview.com/chart/?symbol=NASDAQ%3AMRVL,False,,2.6409132423149937,4.198964450236813,229.72000122070312,87.39510345458984,143.6539387512207,0.5970382375622028,16.819967628605415,17.853999896255534,1.1627964573051985,205.00999450683594,False,False,False,False,False,
NYSE:MS,,https://www.tradingview.com/chart/?symbol=NYSE%3AMS,True,2026-09-16 09:30,-70.00164787151988,-69.39645964953577,202.4600067138672,154.2949981689453,171.8769981689453,0.6465101818110319,23.311891883104476,7.152283663905752,0.3545424178786268,210.1300048828125,False,False,True,False,False,
NYSE:MSCI,,https://www.tradingview.com/chart/?symbol=NYSE%3AMSCI,False,,-54.87084924516156,-54.87084924516156,540.8099975585938,523.3300170898438,551.7609301757813,0.14509823789885398,-28.860340357073834,-38.15363744565388,0.21100285527022333,570.9400024414062,False,True,False,False,False,
NASDAQ:MSFT,,https://www.tradingview.com/chart/?symbol=NASDAQ%3AMSFT,False,,-16.674453165504275,-2.8130128461647517,490.3599853515625,351.6199951171875,390.6874299316406,0.8381056460661004,51.438473648759725,49.72275246714239,0.40361331349052665,410.1449890136719,False,False,False,False,False,
NYSE:MSI,,https://www.tradingview.com/chart/?symbol=NYSE%3AMSI,False,,-31.819315725723936,-11.10339445822146,460.6199951171875,383.8699951171875,409.2895531005859,0.7125615642817092,57.817808744404715,52.74173714918612,0.246871406070697,436.29998779296875,False,False,False,False,False,
NASDAQ:MSTR,,https://www.tradingview.com/chart/?symbol=NASDAQ%3AMSTR,False,,-24.341652045078764,-24.341652045078764,126.30999755859375,81.91999816894531,108.81219744873047,0.38955682824468213,8.489422019709659,14.49304682073161,0.895903724828817,127.19000244140625,False,False,False,False,False,
NYSE:MT,,https://www.tradingview.com/chart/?symbol=NYSE%3AMT,False,,-35.95722873956197,-32.46818118771376,73.2300033569336,47.790000915527344,55.09774005126953,0.8215729194282623,63.19338800542044,57.83045882298053,0.47778116809672205,64.80999755859375,False,False,False,False,False,
NYSE:MTB,,https://www.tradingview.com/chart/?symbol=NYSE%3AMTB,False,,-46.79670591989299,-46.79670591989299,225.9199981689453,195.59500122070312,209.48950122070312,0.515074258144241,24.309927413646815,10.12309842887976,0.2607280485210712,225.80999755859375,False,False,False,False,False,
NYSE:MTD,,https://www.tradingview.com/chart/?symbol=NYSE%3AMTD,False,,-71.98625085420626,-7.777608844335724,1378.72998046875,1024.050048828125,1123.3942373046875,0.8425703118701829,30.19800828615779,22.724962758423292,0.32860015170168894,1281.0400390625,False,False,False,False,False,
NASDAQ:MTSI,,https://www.tradingview.com/chart/?symbol=NASDAQ%3AMTSI,False,,-40.1919210949271,-40.1919210949271,251.89999389648438,206.53500366210938,254.4512645263672,0.22343433110613461,-30.173886534605188,-35.57455979983275,0.7212867622506143,281.489990234375,False,True,False,False,False,
NYSE:MTZ,,https://www.tradingview.com/chart/?symbol=NYSE%3AMTZ,False,,-51.3977986862096,-50.56754014340074,225.82000732421875,222.69000244140625,273.3639227294922,0.014577146353474906,-60.65012100771646,-61.59526066182529,0.6029766850334892,356.1000061035156,False,True,False,True,False,
NASDAQ:MU,,https://www.tradingview.com/chart/?symbol=NASDAQ%3AMU,False,,-33.23697001132001,-33.23697001132001,926.3900146484375,321.79998779296875,535.6372341308594,0.6672516073857057,32.66410573944544,28.037314982779712,1.0162858994941155,891.5700073242188,False,False,False,False,False,
NYSE:MUFG,,https://www.tradingview.com/chart/?symbol=NYSE%3AMUFG,False,,6.842796392216784,6.842796392216784,23.170000076293945,16.334999084472656,18.192319282531738,0.8684879622563132,65.47004654949215,63.26973446217504,0.3945752710145923,19.945499420166016,False,False,False,False,False,
NYSE:MUSA,,https://www.tradingview.com/chart/?symbol=NYSE%3AMUSA,False,,7.9650754615018515,15.088238297977332,512.9099731445312,434.3699951171875,480.9351545410156,0.3980537174960954,-16.012089355952202,-22.918258861971065,0.36429936600021184,541.614990234375,False,False,False,False,False,
TSX:NA,,https://www.tradingview.com/chart/?symbol=TSX%3ANA,False,,-49.12134690409738,-49.12134690409738,209.9499969482422,175.16000366210938,189.57960150146485,0.5693944107871414,4.799497815695875,-7.219314953072647,0.2899994785548437,210.69000244140625,False,False,False,False,False,
NASDAQ:NBIS,,https://www.tradingview.com/chart/?symbol=NASDAQ%3ANBIS,False,,-30.51056165583471,-30.51056165583471,209.36000061035156,90.55000305175781,136.93107916259765,0.6045387855344525,18.887446585495166,15.107969608809256,0.9627215837567671,204.13999938964844,False,False,False,False,False,
NASDAQ:NBIX,,https://www.tradingview.com/chart/?symbol=NASDAQ%3ANBIX,False,,-33.08423252947093,-33.08423252947093,149.38999938964844,126.30999755859375,140.29535986328125,0.3894700983401242,-9.024377918049375,-15.702433796434494,0.38021307284461286,155.86000061035156,False,False,False,False,False,
NASDAQ:NDAQ,,https://www.tradingview.com/chart/?symbol=NASDAQ%3ANDAQ,False,,-74.54231161024374,-71.70980640425215,88.76000213623047,76.87000274658203,82.35700274658203,0.5113978232106855,35.26727386610164,20.835372964943307,0.2605625812541602,89.2300033569336,False,False,False,False,False,
NASDAQ:NDSN,,https://www.tradingview.com/chart/?symbol=NASDAQ%3ANDSN,False,,-53.14832297887472,-46.05080987757851,309.1499938964844,255.05999755859375,273.8479613037109,0.6794370751891488,69.62889204499668,58.69602549868362,0.27684662868631144,287.55999755859375,False,False,False,False,False,
NYSE:NEE,,https://www.tradingview.com/chart/?symbol=NYSE%3ANEE,False,,-65.6775904280206,-65.6775904280206,80.36000061035156,80.36000061035156,84.49354046630859,0.0,-55.69739899648283,-59.938431732017335,0.19842528668572504,88.2699966430664,False,True,False,False,False,
NYSE:NEM,,https://www.tradingview.com/chart/?symbol=NYSE%3ANEM,False,,-51.76919090466318,-51.76919090466318,121.7300033569336,89.22000122070312,100.05593963623046,0.7080476290965526,33.02814354878566,33.840467123602636,0.42050546991032267,109.19000244140625,False,False,False,False,False,
NYSE:NET,,https://www.tradingview.com/chart/?symbol=NYSE%3ANET,False,,44.260847456670625,57.59052014972621,324.6199951171875,166.99000549316406,205.6633207397461,0.9619210898801169,62.22708060276232,65.77712664275549,0.6938351466686375,236.17999267578125,False,False,False,False,False,
NASDAQ:NFLX,,https://www.tradingview.com/chart/?symbol=NASDAQ%3ANFLX,False,,-31.582066360515046,-9.92423181517896,76.41999816894531,66.94499969482422,76.6445993347168,0.2305352512381988,-7.0776348005806895,-5.885406015124833,0.5028752818549146,81.7300033569336,False,True,False,False,False,
NYSE:NGG,,https://www.tradingview.com/chart/?symbol=NYSE%3ANGG,False,,-81.24294115669089,-65.5678005411332,76.0,74.81999969482422,78.77771890258789,0.07036377706513466,-66.1348595617319,-73.95353164353148,0.20334662780211643,82.47000122070312,False,True,False,True,False,"WATCH: weekly+band ok, waiting on 4h dot"
NYSE:NI,,https://www.tradingview.com/chart/?symbol=NYSE%3ANI,False,,-45.400809208122546,-45.400809208122546,40.665000915527344,40.564998626708984,42.55329934692383,0.01186970357209481,-65.06317050851996,-63.168857680617684,0.18056157478159712,46.65999984741211,False,True,False,True,False,
NYSE:NIO,,https://www.tradingview.com/chart/?symbol=NYSE%3ANIO,False,,-53.3567898542338,-49.86470675509856,3.5850000381469727,3.569999933242798,4.348799921989441,0.0045454864002789355,-68.1922573233614,-72.28936916284133,0.6333972990698838,5.210000038146973,False,True,False,True,False,
NYSE:NKE,,https://www.tradingview.com/chart/?symbol=NYSE%3ANKE,False,,-69.69965425865966,-66.24911791394906,35.79999923706055,35.79999923706055,40.848039093017576,0.0,-67.28860051276841,-71.80111614426026,0.49594247298689376,43.130001068115234,False,True,False,True,False,"WATCH: weekly+band ok, waiting on 4h dot"
NYSE:NLY,,https://www.tradingview.com/chart/?symbol=NYSE%3ANLY,False,,-87.17802513794102,-82.55183176659494,21.25,20.760000228881836,21.465640174865722,0.1638795346579307,27.0748732442175,5.91346798118488,0.13321451600677248,22.44499969482422,False,True,False,False,False,
NYSE:NMR,,https://www.tradingview.com/chart/?symbol=NYSE%3ANMR,False,,13.203325688937811,13.203325688937811,10.460000038146973,7.380000114440918,8.20836016845703,0.8774927985367214,70.43983458642668,70.0651570885413,0.4050779277939218,8.664999961853027,False,False,False,False,False,
NYSE:NOC,,https://www.tradingview.com/chart/?symbol=NYSE%3ANOC,False,,-35.48906923204634,24.248000295069307,530.8699951171875,495.80999755859375,555.1238815917968,0.13949785212508356,-20.411225984532873,-24.801800396103744,0.45577037570202217,551.4400024414062,False,True,False,False,False,
NYSE:NOK,,https://www.tradingview.com/chart/?symbol=NYSE%3ANOK,False,,-11.555137226923458,-11.555137226923458,10.140000343322754,7.815000057220459,9.95438710975647,0.25647536142172933,-23.35357357202167,-22.54730064568378,0.8678984815714873,10.444999694824219,False,False,False,False,False,
NYSE:NOW,,https://www.tradingview.com/chart/?symbol=NYSE%3ANOW,False,,-28.348448458383043,22.17874887193558,139.77000427246094,82.58000183105469,98.03328082275391,0.8733965512058476,61.404080571498525,61.85052591178736,0.6203694347164547,105.55000305175781,False,False,False,False,False,
NYSE:NRG,,https://www.tradingview.com/chart/?symbol=NYSE%3ANRG,False,,-50.57564347432361,-50.57564347432361,107.36000061035156,105.94999694824219,122.18207666015624,0.0205001989987501,-67.80091152752122,-69.31598256949601,0.5006550905131165,137.3800048828125,False,True,False,True,False,
NYSE:NSC,,https://www.tradingview.com/chart/?symbol=NYSE%3ANSC,False,,-58.02482561062433,-51.43142354237088,316.95001220703125,278.1000061035156,296.1540061035156,0.5078432170394199,38.88221743645298,20.575805296162834,0.24204265199938127,316.05999755859375,False,False,False,False,False,
NASDAQ:NTAP,,https://www.tradingview.com/chart/?symbol=NASDAQ%3ANTAP,False,,31.84073929187818,31.901894402020492,191.57000732421875,95.70999908447266,121.96500088500977,0.8616629363216144,56.329205384044336,54.23229226388566,0.7024245750700028,158.3800048828125,False,False,False,False,False,
NASDAQ:NTES,,https://www.tradingview.com/chart/?symbol=NASDAQ%3ANTES,False,,-57.032470516829,1.4152717968514352,117.79000091552734,109.12999725341797,115.19047732543945,0.3372275529281812,-12.22804599431558,-24.07578469065526,0.21478756130444526,119.55999755859375,False,False,False,False,False,
NASDAQ:NTNX,,https://www.tradingview.com/chart/?symbol=NASDAQ%3ANTNX,False,,-45.98648838872695,18.071893020693867,68.7249984741211,34.41999816894531,43.22515939331055,0.9194584705182528,71.54740382960641,67.49359246131398,0.7552632395859926,49.400001525878906,False,False,False,False,False,
TSX:NTR,,https://www.tradingview.com/chart/?symbol=TSX%3ANTR,False,,-8.623047631935092,-4.796906692268011,108.63999938964844,85.91000366210938,92.69972286987304,0.7900590330105933,52.75203519364809,57.73371161966945,0.29507688864683496,97.5,False,False,False,False,False,
NYSE:NTR,,https://www.tradingview.com/chart/?symbol=NYSE%3ANTR,False,,-14.237063241412315,-14.237063241412315,77.66000366210938,60.3650016784668,65.97826164245606,0.7271390411854189,50.9788489241526,55.41604674540346,0.3353778970883725,70.91999816894531,False,False,False,False,False,
NASDAQ:NTRA,,https://www.tradingview.com/chart/?symbol=NASDAQ%3ANTRA,False,,24.45181395608995,84.78323499545742,345.32000732421875,182.75,222.47823913574217,0.9657241942545228,74.23291930602407,72.66048315931845,0.7625820898658692,220.75,False,False,False,False,False,
NASDAQ:NTRS,,https://www.tradingview.com/chart/?symbol=NASDAQ%3ANTRS,False,,-41.864033612904905,-41.864033612904905,176.67999267578125,134.47999572753906,148.41933630371093,0.7144670313034439,47.75975125556507,37.5028145537228,0.3421281432473627,172.63999938964844,False,False,False,False,False,
NYSE:NU,,https://www.tradingview.com/chart/?symbol=NYSE%3ANU,False,,-62.63287352578297,-62.63287352578297,13.8100004196167,11.244999885559082,12.291659984588623,0.5783540679527829,38.53618469645903,28.87599935755844,0.31353837229340564,14.145000457763672,False,False,False,False,False,
NYSE:NUE,,https://www.tradingview.com/chart/?symbol=NYSE%3ANUE,False,,-6.220485701481661,19.818392153539676,260.67999267578125,158.57000732421875,185.96016674804687,0.879803442180942,42.22086160368954,42.30949925451928,0.4946511321796233,234.6300048828125,False,False,False,False,False,
NASDAQ:NVDA,,https://www.tradingview.com/chart/?symbol=NASDAQ%3ANVDA,False,,-52.04799796592991,-47.777582746721095,213.91000366210938,165.05999755859375,181.7416569824219,0.6910944017932774,47.240881549633336,39.094689106269705,0.3402488590337439,207.7449951171875,False,False,False,False,False,
NASDAQ:NVMI,,https://www.tradingview.com/chart/?symbol=NASDAQ%3ANVMI,False,,-45.65385402341164,-45.65385402341164,339.17999267578125,332.010009765625,397.9613937988281,0.02565701981242701,-53.78971280341884,-55.69430787530031,0.5937765774093674,470.6400146484375,False,True,False,False,False,
NYSE:NVO,,https://www.tradingview.com/chart/?symbol=NYSE%3ANVO,False,,-64.65095338769355,-64.65095338769355,41.709999084472656,35.21500015258789,39.08776011657715,0.39579518539173175,-4.73502001282882,-24.71458187495577,0.3666629305278482,44.755001068115234,False,False,False,False,False,
NYSE:NVR,,https://www.tradingview.com/chart/?symbol=NYSE%3ANVR,False,,-51.500570886986985,3.4847074274420993,6187.419921875,5520.18017578125,5891.554408203125,0.42401590183360727,-27.597578579552618,-35.71062846815454,0.2463349458720512,6388.1298828125,False,False,False,False,False,
NYSE:NVS,,https://www.tradingview.com/chart/?symbol=NYSE%3ANVS,False,,-47.634800048680894,-33.44361558003232,138.6999969482422,137.17999267578125,143.2900361328125,0.058710058418320436,14.904079250227896,-11.231421459601348,0.1702394419826392,152.0800018310547,False,True,False,False,False,
NYSE:NVT,,https://www.tradingview.com/chart/?symbol=NYSE%3ANVT,False,,-26.112469791414043,-26.112469791414043,147.75,107.87000274658203,125.91220382690429,0.5216480688751159,-4.2536810310995605,-13.155340794717894,0.48725307553596864,156.89999389648438,False,False,False,False,False,
NYSE:NWG,,https://www.tradingview.com/chart/?symbol=NYSE%3ANWG,False,,-13.908000027232527,-0.5037433082030676,18.639999389648438,13.880000114440918,15.187440105438233,0.8592056512605801,57.18333594726477,52.29935449645028,0.33054891922412794,16.760000228881836,False,False,False,False,False,
NASDAQ:NWS,,https://www.tradingview.com/chart/?symbol=NASDAQ%3ANWS,False,,-58.2490384399473,-6.357679077528335,33.439998626708984,26.619400024414062,28.670381942749025,0.7848247006723322,62.064596399215226,56.52042962719463,0.2863931964253602,30.344999313354492,False,False,False,False,False,
NASDAQ:NWSA,,https://www.tradingview.com/chart/?symbol=NASDAQ%3ANWSA,False,,-52.49812990139008,5.126077505170734,30.200000762939453,23.56999969482422,25.363599784851075,0.8723685178069809,70.293363298572,65.82596486765368,0.2867924672252727,26.5,False,False,False,False,False,
NASDAQ:NXPI,,https://www.tradingview.com/chart/?symbol=NASDAQ%3ANXPI,False,,-7.415547166058675,-7.415547166058675,219.16000366210938,186.4499969482422,221.52431939697266,0.22009153835420903,-45.30218039495477,-45.63893315915537,0.6199474952015935,239.72999572753906,False,True,False,False,False,
NASDAQ:NXT,,https://www.tradingview.com/chart/?symbol=NASDAQ%3ANXT,False,,-55.624073481351104,-55.624073481351104,78.04000091552734,78.04000091552734,96.53060055541992,0.0,-57.431756442219914,-58.92543518326035,0.6897614314649432,113.58999633789062,False,True,False,False,False,
NYSE:NYT,,https://www.tradingview.com/chart/?symbol=NYSE%3ANYT,False,,-38.24926237798821,51.71403787518644,72.37999725341797,63.54999923706055,69.01103999328613,0.38159018122776855,-49.055440879336935,-37.77304484291276,0.30869801876957287,74.95999908447266,False,False,False,False,False,
NYSE:O,,https://www.tradingview.com/chart/?symbol=NYSE%3AO,False,,-80.26177330030173,-80.26177330030173,57.150001525878906,57.150001525878906,59.216180877685545,0.0,-21.080706292834776,-39.03009699784457,0.14016966669463868,62.459999084472656,False,True,False,False,False,
NYSE:OC,,https://www.tradingview.com/chart/?symbol=NYSE%3AOC,False,,-51.10676039067416,-40.14941520217135,126.63999938964844,99.95999908447266,114.00908059692382,0.4481773464294553,22.846078186195623,5.555701604062721,0.4764306351552006,124.94999694824219,False,False,False,False,False,
NASDAQ:ODFL,,https://www.tradingview.com/chart/?symbol=NASDAQ%3AODFL,False,,-61.140585670945775,-54.17930613429045,174.32000732421875,174.32000732421875,192.11440588378906,0.0,-46.19271525985594,-54.966492143874156,0.357905703478565,210.6699981689453,False,True,False,False,False,
NYSE:OHI,,https://www.tradingview.com/chart/?symbol=NYSE%3AOHI,False,,23.689114371361327,23.689114371361327,46.92499923706055,43.439998626708984,45.397619094848636,0.42013258311738183,1.3222220788624917,0.6820113117220685,0.1766773556730235,46.95000076293945,False,False,False,False,False,
NYSE:OKE,,https://www.tradingview.com/chart/?symbol=NYSE%3AOKE,False,,-16.10788387504273,-16.10788387504273,92.72000122070312,83.0199966430664,86.47503829956055,0.6625683010274143,60.691642732586644,58.1745785069971,0.16357549741947452,89.5,False,False,False,False,False,
NASDAQ:OKTA,,https://www.tradingview.com/chart/?symbol=NASDAQ%3AOKTA,False,,31.687011407941156,67.53240058207625,188.1300048828125,62.93000030517578,93.12029922485351,0.9786985269318978,67.72250119247785,71.79456139477983,1.0788985051161084,118.56999969482422,False,False,False,False,False,
NYSE:OMC,,https://www.tradingview.com/chart/?symbol=NYSE%3AOMC,False,,-60.56575997672684,-32.08233971071251,79.33999633789062,70.80999755859375,75.09103741455078,0.47023148105310886,40.53301432841076,25.57151720594463,0.2342307374411516,77.44499969482422,False,False,False,False,False,
NASDAQ:ON,,https://www.tradingview.com/chart/?symbol=NASDAQ%3AON,False,,-16.843275262270648,-7.132922910414371,66.58999633789062,55.65999984741211,74.13171815490722,0.13964478717208867,-40.78785744122299,-43.805771863188625,0.9034975794747704,86.62999725341797,False,True,False,False,False,
NASDAQ:ONC,,https://www.tradingview.com/chart/?symbol=NASDAQ%3AONC,False,,-58.284988688710634,-32.071303835509184,348.32000732421875,260.44000244140625,288.520458984375,0.7385806253045731,49.492278020968634,44.17667087303099,0.3851394588311019,308.94000244140625,False,False,False,False,False,
NYSE:ONON,,https://www.tradingview.com/chart/?symbol=NYSE%3AONON,False,,-43.07468223274871,-33.57551462199455,27.155000686645508,26.655000686645508,30.140720344543457,0.03385240684305618,-75.14159696443149,-75.92992412325073,0.4059922516978705,36.380001068115234,False,True,False,True,False,
NYSE:ONTO,,https://www.tradingview.com/chart/?symbol=NYSE%3AONTO,False,,-42.64883211701823,-42.64883211701823,243.60000610351562,184.47999572753906,231.82631817626952,0.29468650841549326,-7.329232993582049,-18.835814211075792,0.7216287303651703,278.010009765625,False,False,False,False,False,
NYSE:ORCL,,https://www.tradingview.com/chart/?symbol=NYSE%3AORCL,False,,-41.14397462882314,-41.14397462882314,143.1999969482422,114.98999786376953,146.41103952026367,0.2118822111856866,-8.81209291439694,-9.738377332068705,0.872191368113178,152.64999389648438,False,True,False,False,False,
NASDAQ:ORLY,,https://www.tradingview.com/chart/?symbol=NASDAQ%3AORLY,False,,-54.80792526924449,-41.65572556167071,83.68000030517578,82.69499969482422,86.63738012695312,0.058964411995480366,-29.757430774768995,-42.29761582963477,0.18503546806522,90.27999877929688,False,True,False,False,False,
NYSE:OTIS,,https://www.tradingview.com/chart/?symbol=NYSE%3AOTIS,False,,-65.51651877537182,-37.7795289902508,69.26000213623047,67.9000015258789,72.54212109375,0.06914086105502086,-45.29218982953648,-53.610469415446026,0.26908342790060247,73.0999984741211,False,True,False,False,False,
NYSE:OVV,,https://www.tradingview.com/chart/?symbol=NYSE%3AOVV,False,,-40.245674120892886,4.565537726009334,62.77000045776367,51.98899841308594,55.565813995361324,0.7113356626917228,56.65844508762614,53.59349249059851,0.25912117960427716,58.4900016784668,False,False,False,False,False,
NYSE:OWL,,https://www.tradingview.com/chart/?symbol=NYSE%3AOWL,False,,-76.18732932669919,-66.51064148971881,10.119999885559082,8.125,9.1940799369812,0.4403973516904773,44.00499645913368,30.0685741942714,0.4674922527490967,9.6899995803833,False,False,False,False,False,
NYSE:OXY,,https://www.tradingview.com/chart/?symbol=NYSE%3AOXY,False,,42.09810486061352,52.88745047871959,59.3650016784668,47.939998626708984,52.28003938293457,0.6212616128885716,46.11670532538498,49.14501944779121,0.3186899336419202,57.70500183105469,False,False,False,False,False,
NASDAQ:PAA,,https://www.tradingview.com/chart/?symbol=NASDAQ%3APAA,False,,-0.27127017309826584,-0.27127017309826584,25.420000076293945,20.864900588989258,22.098024085998535,0.8717727637265341,70.53335407054543,69.75698246946753,0.23018058977906516,22.700000762939453,False,False,False,False,False,
TSX:PAAS,,https://www.tradingview.com/chart/?symbol=TSX%3APAAS,True,2026-09-16 09:30,-61.21210573467388,-61.21210573467388,66.5,58.54999923706055,65.4530001373291,0.27179486243160117,6.020956735008109,2.1716643252774706,0.4101234427910405,71.31999969482422,False,False,True,False,False,
NYSE:PAAS,,https://www.tradingview.com/chart/?symbol=NYSE%3APAAS,True,2026-09-16 09:30,-61.81745414112138,-61.81745414112138,47.560001373291016,41.70000076293945,46.97696000671387,0.26207519902196336,7.509829918687039,3.5547695261538017,0.4330395569380617,51.6349983215332,False,False,True,False,False,
NYSE:PAC,,https://www.tradingview.com/chart/?symbol=NYSE%3APAC,False,,-62.559521207601485,-52.056412215638176,202.13499450683594,200.92999267578125,216.8127969970703,0.017904925753428013,-58.75135033401745,-59.60594377246844,0.28473522650515437,236.36000061035156,False,True,False,False,False,
NYSE:PAG,,https://www.tradingview.com/chart/?symbol=NYSE%3APAG,False,,-49.49094978463314,-49.49094978463314,214.36000061035156,140.55999755859375,160.23531640625,0.8852105958267383,62.98742767500795,56.87917185786897,0.4722709777017513,176.52999877929688,False,False,False,False,False,
NASDAQ:PANW,,https://www.tradingview.com/chart/?symbol=NASDAQ%3APANW,False,,-19.829391881145146,44.98413561115999,375.6600036621094,146.0800018310547,205.04696197509764,0.9188345524303313,46.079547335199756,43.906287476788606,0.8867830492275726,281.760009765625,False,False,False,False,False,
NASDAQ:PAYX,,https://www.tradingview.com/chart/?symbol=NASDAQ%3APAYX,False,,-61.26156878259192,-18.255688258090668,116.69999694824219,85.56999969482422,95.42771890258788,0.7452717202596515,61.73142514387456,51.407807323311665,0.4217913476517058,99.02999877929688,False,False,False,False,False,
NYSE:PBA,,https://www.tradingview.com/chart/?symbol=NYSE%3APBA,False,,-49.885287270502396,-49.46300858906414,47.11000061035156,42.29999923706055,44.44759977722168,0.5285714465370313,20.560265841463178,10.330128108840142,0.19133730080018005,47.560001373291016,False,False,False,False,False,
NYSE:PBR,,https://www.tradingview.com/chart/?symbol=NYSE%3APBR,False,,45.076645802566254,45.076645802566254,20.924999237060547,15.994999885559082,17.420439876556397,0.8162250633506589,47.191529065569036,57.45792658079385,0.3173102185590084,19.03499984741211,False,False,False,False,False,
NASDAQ:PCAR,,https://www.tradingview.com/chart/?symbol=NASDAQ%3APCAR,False,,-42.267454751758684,-42.267454751758684,118.26000213623047,108.18000030517578,115.27887893676758,0.3351065084480089,15.895914427465735,0.509028785005615,0.2476738983738239,121.44999694824219,False,False,False,False,False,
NYSE:PCG,,https://www.tradingview.com/chart/?symbol=NYSE%3APCG,True,2026-09-16 13:30,-55.96810143102692,-55.96810143102692,13.350000381469727,13.125,14.4525,0.040000067816840276,-26.692209336113336,-41.1346161881002,0.32865907538557365,17.114999771118164,False,True,False,False,False,
NASDAQ:PDD,,https://www.tradingview.com/chart/?symbol=NASDAQ%3APDD,False,,-65.60167512934608,-40.22038710922262,78.72000122070312,73.30000305175781,81.07502297973633,0.1645165645515794,-35.674061130343375,-46.627259482725975,0.3726809855900245,88.4000015258789,False,True,False,False,False,
NYSE:PEG,,https://www.tradingview.com/chart/?symbol=NYSE%3APEG,True,2026-09-16 13:30,-65.53453413307307,-65.53453413307307,70.37999725341797,70.30999755859375,73.8216787109375,0.0047042790224533825,-60.15143322277365,-62.635590427696656,0.18727587363790993,79.45500183105469,False,True,True,True,True,FULL PASS
NYSE:PEN,,https://www.tradingview.com/chart/?symbol=NYSE%3APEN,False,,-69.99201453138313,-42.51714506099179,318.69000244140625,315.4599914550781,321.17473059082033,0.13338886949464193,-5.009730246282881,-16.065869119891495,0.07494582445205081,323.1000061035156,False,True,False,False,False,
NASDAQ:PEP,,https://www.tradingview.com/chart/?symbol=NASDAQ%3APEP,False,,-65.83554263978634,-65.83554263978634,134.3300018310547,134.2550048828125,140.9326244506836,0.0026505373067844586,-33.28858410077266,-41.00055866988195,0.1972051785022075,143.47999572753906,False,True,False,False,False,
NYSE:PFE,,https://www.tradingview.com/chart/?symbol=NYSE%3APFE,False,,-43.14581309861708,-43.14581309861708,27.489999771118164,23.684999465942383,24.94641975402832,0.7118801564418054,48.381715100053164,47.03862632093658,0.20296189126714587,26.334999084472656,False,False,False,False,False,
NASDAQ:PFG,,https://www.tradingview.com/chart/?symbol=NASDAQ%3APFG,False,,25.541557710829697,54.53776504706824,116.6500015258789,85.08999633789062,93.02903799438477,0.9381688050814841,55.857918215955884,59.056026491248645,0.31530608538056726,106.69000244140625,False,False,False,False,False,
NYSE:PFGC,,https://www.tradingview.com/chart/?symbol=NYSE%3APFGC,True,2026-09-16 09:30,-76.39979909386942,-74.6038342284631,91.06999969482422,81.01000213623047,89.44464163208008,0.28147728483195583,-9.232330133571201,-23.66526117494915,0.3672043274570875,97.33000183105469,False,False,True,False,False,
NYSE:PG,,https://www.tradingview.com/chart/?symbol=NYSE%3APG,False,,-19.736171112662795,29.607648007716033,147.02999877929688,139.1300048828125,143.31192517089843,0.44582355261095774,-21.301013968499586,-15.738807641701722,0.1214447315191504,145.91000366210938,False,False,False,False,False,
NYSE:PGR,,https://www.tradingview.com/chart/?symbol=NYSE%3APGR,False,,-19.683563776985196,19.449309999008836,216.99000549316406,190.5500030517578,201.2903617553711,0.580971338887654,34.416640934915755,34.037378709163626,0.22182683610100312,205.16000366210938,False,False,False,False,False,
NYSE:PH,,https://www.tradingview.com/chart/?symbol=NYSE%3APH,True,2026-09-16 09:30,-62.2635334832035,-59.96793984065752,918.75,822.22998046875,883.0755166015625,0.3743696917988203,19.53348890757351,3.8484217759395403,0.27077957484495696,952.1400146484375,False,False,True,False,False,
NYSE:PHG,,https://www.tradingview.com/chart/?symbol=NYSE%3APHG,False,,-72.56122220765837,-41.745219299084255,24.74799919128418,24.59000015258789,25.805400062561034,0.030679427262050835,-22.053723943084794,-38.137326721247376,0.1917349032578025,26.860000610351562,False,True,False,False,False,
NYSE:PHM,,https://www.tradingview.com/chart/?symbol=NYSE%3APHM,False,,-69.27528645396096,-29.995254776415976,117.58000183105469,109.47000122070312,116.18655920410156,0.2849614562658097,-6.194190167833774,-24.174696280165865,0.23098767686513805,123.20999908447266,False,False,False,False,False,
NYSE:PINS,,https://www.tradingview.com/chart/?symbol=NYSE%3APINS,False,,-64.73879189128,-45.649861884869814,18.65999984741211,17.540000915527344,19.438620483398438,0.1392168038282594,8.273099561515977,-10.717187974226091,0.390060517282197,20.625,False,True,False,False,False,
NYSE:PKG,,https://www.tradingview.com/chart/?symbol=NYSE%3APKG,False,,-25.098055730439608,-23.079848813816625,231.50999450683594,202.52000427246094,215.5590006713867,0.5247058505113283,28.205980811570527,15.206052423240076,0.24469633900557888,225.7899932861328,False,False,False,False,False,
NYSE:PKX,,https://www.tradingview.com/chart/?symbol=NYSE%3APKX,False,,-28.17073861151364,-28.17073861151364,59.130001068115234,48.72999954223633,58.87091893005371,0.242029372904391,10.185865847790554,12.622107651177078,0.7231571647618004,59.41999816894531,False,False,False,False,False,
NYSE:PLD,,https://www.tradingview.com/chart/?symbol=NYSE%3APLD,False,,-59.48151511569773,-48.01954904691348,133.75999450683594,127.97000122070312,133.16200122070313,0.2631815130060369,-25.294080297103985,-38.405236483018165,0.156105876274417,140.92999267578125,False,False,False,False,False,
NASDAQ:PLTR,,https://www.tradingview.com/chart/?symbol=NASDAQ%3APLTR,False,,-46.62448360697641,-0.7241772757001739,174.33999633789062,106.87010192871094,125.62971801757813,0.8487857643321272,41.083749504649774,40.54700707268779,0.5614486343664181,141.5800018310547,False,False,False,False,False,
NYSE:PM,,https://www.tradingview.com/chart/?symbol=NYSE%3APM,False,,24.107207469679228,41.10878929565892,191.77000427246094,153.19000244140625,164.4035422973633,0.8119541687179245,38.57137623261476,41.19061586640674,0.2623253912039018,181.1300048828125,False,False,False,False,False,
NYSE:PNC,,https://www.tradingview.com/chart/?symbol=NYSE%3APNC,False,,-43.659863336259384,-43.659863336259384,231.5,200.39999389648438,213.72219677734375,0.5509300155588257,22.173934331977993,7.378426131646107,0.24289500012277676,232.40499877929688,False,False,False,False,False,
NYSE:PNFP,,https://www.tradingview.com/chart/?symbol=NYSE%3APNFP,False,,-32.64724755206999,-30.94204567927701,96.06999969482422,82.05000305175781,88.6202421875,0.5035918996866029,22.52836665242334,6.945166922245939,0.2848372922689659,97.73999786376953,False,False,False,False,False,
NYSE:PNW,,https://www.tradingview.com/chart/?symbol=NYSE%3APNW,True,2026-09-16 09:30,-70.58239146034761,-67.63035521586919,94.9800033569336,94.86990356445312,98.29428567504883,0.007587807138985008,-29.755009246556217,-36.83977077984472,0.14250730438474388,101.81999969482422,False,True,True,False,False,
NASDAQ:PODD,,https://www.tradingview.com/chart/?symbol=NASDAQ%3APODD,False,,-66.65018263644917,-15.916773627014862,140.7100067138672,131.9600067138672,157.55184368896485,0.08068979190549569,-46.45518005480668,-50.49304907144275,0.6857647747685852,158.1300048828125,False,True,False,False,False,
TSX:POW,,https://www.tradingview.com/chart/?symbol=TSX%3APOW,False,,21.6549990518554,27.8997086750484,94.22000122070312,63.16999816894531,71.00755795288086,0.934959467261029,46.92631173718098,45.598183300899656,0.3883756081722939,85.51000213623047,False,False,False,False,False,
NYSE:PPG,,https://www.tradingview.com/chart/?symbol=NYSE%3APPG,False,,-74.70374308931618,-58.19784285085296,104.97000122070312,96.55999755859375,103.34263885498046,0.2926235927167701,-31.28780861111501,-47.09388233756003,0.25649267925399843,112.05000305175781,False,False,False,False,False,
NYSE:PPL,,https://www.tradingview.com/chart/?symbol=NYSE%3APPL,True,2026-09-16 13:30,-59.35989894060035,-59.35989894060035,33.415000915527344,33.244998931884766,34.789619400024414,0.02597432117934434,-58.21992358536348,-63.6285233231158,0.18183087033918324,35.994998931884766,False,True,False,False,False,
TSX:PPL,,https://www.tradingview.com/chart/?symbol=TSX%3APPL,False,,-50.50558185479009,-47.43394021952949,65.93000030517578,57.849998474121094,61.29323941040039,0.5538039502369085,10.278475661601634,2.874942677474462,0.2191020388896349,66.58999633789062,False,False,False,False,False,
NYSE:PR,,https://www.tradingview.com/chart/?symbol=NYSE%3APR,False,,30.40438447057265,37.72891838238317,22.959999084472656,17.93000030517578,19.47934043121338,0.7661840624692217,63.55856320030147,63.03856876245864,0.3217348842509093,20.405000686645508,False,False,False,False,False,
NYSE:PRU,,https://www.tradingview.com/chart/?symbol=NYSE%3APRU,False,,-24.787395053532407,-19.991190030285626,117.01000213623047,92.01000213623047,99.84756192016602,0.7527853263834854,52.0363314567529,42.903059362769035,0.31285914844170964,106.1500015258789,False,False,False,False,False,
NYSE:PSA,,https://www.tradingview.com/chart/?symbol=NYSE%3APSA,False,,-59.026468224796496,-34.659514377694464,294.8999938964844,265.2099914550781,281.35475231933594,0.43400088951977084,-5.453134520068491,-19.43754187022975,0.22115542182046888,309.3299865722656,False,False,False,False,False,
NYSE:PSX,,https://www.tradingview.com/chart/?symbol=NYSE%3APSX,False,,33.13357862340737,48.28159918802154,264.6300048828125,155.83999633789062,181.93451806640624,0.9839016129023355,83.8916511884587,82.39015665833624,0.6151663733448811,179.74000549316406,False,False,False,False,False,
NASDAQ:PTC,,https://www.tradingview.com/chart/?symbol=NASDAQ%3APTC,False,,-62.432112890293666,-29.608536199954017,131.25,112.18499755859375,124.28353741455078,0.3718912058595656,14.689759665365033,4.584158502570592,0.3677546745641667,139.39999389648438,False,False,False,False,False,
NYSE:PUK,,https://www.tradingview.com/chart/?symbol=NYSE%3APUK,True,2026-09-16 09:30,-59.75441979232585,-58.0867963401113,26.260000228881836,24.959999084472656,26.70993930053711,0.1753204293861811,-28.915946839300528,-40.028024993865756,0.2588584673426895,28.645000457763672,False,True,False,False,False,
NYSE:PWR,,https://www.tradingview.com/chart/?symbol=NYSE%3APWR,False,,-11.015864508639652,-11.015864508639652,619.3499755859375,533.8499755859375,593.1520625,0.3402578399853096,-29.28219687052255,-33.12563353734704,0.38618066042501176,650.6799926757812,False,False,False,False,False,
NASDAQ:PYPL,,https://www.tradingview.com/chart/?symbol=NASDAQ%3APYPL,False,,-25.290725512647246,-13.460045884842549,52.7400016784668,40.630001068115234,45.74294038391113,0.55896617728546,32.39551617024309,22.538095329680658,0.4692948482871832,46.165000915527344,False,False,False,False,False,
NYSE:Q,,https://www.tradingview.com/chart/?symbol=NYSE%3AQ,False,,-30.67179374634357,-30.67179374634357,114.88999938964844,107.0199966430664,123.31107815551758,0.1140084313477789,-44.85823948681199,-49.6006203547276,0.4992045633357823,138.27999877929688,False,True,False,False,False,
TSX:QBR.B,,https://www.tradingview.com/chart/?symbol=TSX%3AQBR.B,False,,27.65889604796104,60.200730390160196,64.72000122070312,53.5099983215332,57.434678573608394,0.6740831136002092,-15.708975672401388,-13.961026091668899,0.2594384003742093,64.0999984741211,False,False,False,False,False,
NASDAQ:QCOM,,https://www.tradingview.com/chart/?symbol=NASDAQ%3AQCOM,False,,67.2640949528963,74.07694428065105,184.83999633789062,123.23999786376953,154.0403583679199,0.47199446376394255,-15.936265481200735,-4.689215952802913,0.7717918239242283,169.10000610351562,False,False,False,False,False,
NYSE:QSR,,https://www.tradingview.com/chart/?symbol=NYSE%3AQSR,False,,-38.66555109600651,-38.66555109600651,74.94999694824219,71.25,73.71265942382813,0.3545757368381033,44.522258637700396,35.86301960746091,0.13861580403563356,75.27999877929688,False,False,False,False,False,
NYSE:R,,https://www.tradingview.com/chart/?symbol=NYSE%3AR,False,,-54.16168081556941,-54.16168081556941,238.27000427246094,187.02999877929688,209.3673973388672,0.5413630089527908,-18.893095614791136,-29.522125062316398,0.3807014550534076,248.6199951171875,False,False,False,False,False,
NYSE:RACE,,https://www.tradingview.com/chart/?symbol=NYSE%3ARACE,False,,-21.559064497212834,-11.213987716819224,412.4599914550781,314.7099914550781,343.43591174316407,0.8030726176444852,62.88947627249027,56.56364067981987,0.3396963572580171,358.32000732421875,False,False,False,False,False,
NYSE:RBA,,https://www.tradingview.com/chart/?symbol=NYSE%3ARBA,False,,-32.78793191527618,31.5478784542876,84.3499984741211,80.55000305175781,89.0845651550293,0.10507849246699742,-46.27104980255914,-47.60266468882885,0.3483110985373166,103.82499694824219,False,True,False,False,False,
NYSE:RBC,,https://www.tradingview.com/chart/?symbol=NYSE%3ARBC,False,,-41.643654109732786,-29.385375499129335,487.20001220703125,471.7200012207031,514.9575592041016,0.0844932684259402,-59.3998974825929,-61.74311231988326,0.3177970363487912,576.5,False,True,False,False,False,
NYSE:RBLX,,https://www.tradingview.com/chart/?symbol=NYSE%3ARBLX,False,,71.2433388363744,71.2433388363744,47.45000076293945,34.709999084472656,41.30147915649414,0.45614040598867855,-27.29634877193899,-12.755117315634562,0.5816326538718343,48.02000045776367,False,False,False,False,False,
NYSE:RBRK,,https://www.tradingview.com/chart/?symbol=NYSE%3ARBRK,False,,-41.37288086610389,36.253307407093686,104.97000122070312,43.80500030517578,58.74261987304688,0.9663480951886176,57.26739684867883,57.56395792647556,0.8859881859726795,71.44000244140625,False,False,False,False,False,
NYSE:RCI,,https://www.tradingview.com/chart/?symbol=NYSE%3ARCI,False,,-34.1919118265964,-34.1919118265964,35.90999984741211,31.459999084472656,33.62647915649414,0.48474952233176893,24.785622789511205,28.077885439741202,0.2526142065665909,36.34000015258789,False,False,False,False,False,
TSX:RCI.A,,https://www.tradingview.com/chart/?symbol=TSX%3ARCI.A,False,,-12.188038660732838,-12.188038660732838,50.220001220703125,46.0,48.52992028808594,0.3936567854631583,24.5132660934608,25.984430558310308,0.21019610236672795,51.0,False,False,False,False,False,
TSX:RCI.B,,https://www.tradingview.com/chart/?symbol=TSX%3ARCI.B,False,,-22.006243293318494,-22.006243293318494,50.290000915527344,44.56999969482422,47.083400054931644,0.5370892395464774,24.36390813729355,29.0046730414998,0.2125748872303881,50.099998474121094,False,False,False,False,False,
NYSE:RCL,,https://www.tradingview.com/chart/?symbol=NYSE%3ARCL,True,2026-09-16 09:30,-65.56306808841977,-63.82551342769428,253.9199981689453,247.1699981689453,266.27183514404294,0.0833951206931948,-19.177312771714696,-32.28151755077573,0.2867670050757031,282.25,False,True,True,False,False,
NYSE:RDDT,,https://www.tradingview.com/chart/?symbol=NYSE%3ARDDT,False,,17.284701988303567,35.08485323840722,157.58999633789062,121.5,141.2437608642578,0.43138889263802677,-21.935502848227447,-21.693527584328898,0.5290583765181592,158.1300048828125,False,False,False,False,False,
NASDAQ:REGN,,https://www.tradingview.com/chart/?symbol=NASDAQ%3AREGN,False,,-54.81928666631952,-54.81928666631952,774.8300170898438,595.0800170898438,655.7674084472657,0.699008460425644,47.5126812936201,43.02438140931748,0.34939091309712234,735.9949951171875,False,False,False,False,False,
NYSE:RELX,,https://www.tradingview.com/chart/?symbol=NYSE%3ARELX,False,,-50.74962360683869,-23.877167086536755,34.275001525878906,30.834999084472656,32.60499908447266,0.4586669921875,30.276101916230406,22.791070330457973,0.22000586583836224,34.09000015258789,False,False,False,False,False,
NYSE:RF,,https://www.tradingview.com/chart/?symbol=NYSE%3ARF,False,,-51.37419578638244,-51.37419578638244,28.469999313354492,24.9950008392334,26.74730020904541,0.4680134308217888,23.56492372403258,7.484970657024332,0.2595245428630096,28.610000610351562,False,False,False,False,False,
NYSE:RGA,,https://www.tradingview.com/chart/?symbol=NYSE%3ARGA,False,,-6.485444628937877,2.2696681963714362,248.2050018310547,195.19000244140625,209.6438212890625,0.8656217424494588,67.71943223739889,63.47640973593349,0.28844249323710036,212.3300018310547,False,False,False,False,False,
NASDAQ:RGLD,,https://www.tradingview.com/chart/?symbol=NASDAQ%3ARGLD,False,,-57.23796985781099,-54.288420018936506,245.6300048828125,187.36000061035156,210.50688104248047,0.5941068840193591,31.498491043918396,31.74430379571996,0.42534369829008123,230.58999633789062,False,False,False,False,False,
NYSE:RIO,,https://www.tradingview.com/chart/?symbol=NYSE%3ARIO,True,2026-09-16 09:30,-62.35490457629498,-62.134384465867335,95.81999969482422,83.1449966430664,90.01377743530273,0.4354922380978969,29.724282661753794,21.79246403673536,0.29419795074448096,98.93000030517578,False,False,True,False,False,
NASDAQ:RIVN,,https://www.tradingview.com/chart/?symbol=NASDAQ%3ARIVN,False,,-38.12162254858325,-38.12162254858325,15.229999542236328,12.875,14.583639945983887,0.3252761901500193,-13.409154927476868,-22.213734349122575,0.4547738527903061,15.920000076293945,False,False,False,False,False,
NYSE:RJF,,https://www.tradingview.com/chart/?symbol=NYSE%3ARJF,False,,-73.49612435949824,-73.49612435949824,164.5449981689453,140.86000061035156,150.3766998901367,0.5873527427415268,49.70903254339444,36.263274597309795,0.2590914745976553,155.63999938964844,False,False,False,False,False,
NASDAQ:RKLB,,https://www.tradingview.com/chart/?symbol=NASDAQ%3ARKLB,False,,-32.461822794011695,-18.794957793320204,63.689998626708984,56.70500183105469,78.776900390625,0.07468588346966858,-42.89999728327212,-44.68443714839171,1.1901882376836934,78.58000183105469,False,True,False,False,False,
NYSE:RKT,,https://www.tradingview.com/chart/?symbol=NYSE%3ARKT,False,,-47.53255178184645,-47.53255178184645,12.960000038146973,12.359999656677246,13.480999881744385,0.12631584442222105,-31.554629350415414,-41.45956403500462,0.3349789034870852,14.180000305175781,False,True,False,False,False,
NYSE:RL,,https://www.tradingview.com/chart/?symbol=NYSE%3ARL,False,,-39.75319864576711,-26.762715912521468,338.3500061035156,320.9200134277344,343.5193685302734,0.18201750681913137,-34.18134521290318,-43.099825795259754,0.25801577698043565,371.1400146484375,False,True,False,False,False,
NASDAQ:RMBS,,https://www.tradingview.com/chart/?symbol=NASDAQ%3ARMBS,False,,-39.73924751600251,-39.73924751600251,81.45500183105469,79.7300033569336,101.1682442932129,0.018989414341530956,-46.630605248631106,-48.32586181720424,0.8667939057446573,104.80000305175781,False,True,False,False,False,
NYSE:RMD,,https://www.tradingview.com/chart/?symbol=NYSE%3ARMD,False,,-53.09828989151481,10.095063320529908,228.27999877929688,182.8300018310547,199.37832067871093,0.6481745595145041,38.220630737290584,37.42959452557736,0.32210939561205204,217.69000244140625,False,False,False,False,False,
NASDAQ:ROIV,,https://www.tradingview.com/chart/?symbol=NASDAQ%3AROIV,False,,15.063686233776394,15.063686233776394,39.560001373291016,26.09000015258789,29.85183982849121,0.8450440640649025,64.12487850171537,72.28201251216085,0.5271163606930008,30.239999771118164,False,False,False,False,False,
NYSE:ROK,,https://www.tradingview.com/chart/?symbol=NYSE%3AROK,False,,-40.08099748625032,-40.08099748625032,414.9700012207031,348.3500061035156,382.97592639160155,0.45406212215725494,-27.19230813269803,-35.57196129294585,0.3331365440884476,440.4200134277344,False,False,False,False,False,
NASDAQ:ROKU,,https://www.tradingview.com/chart/?symbol=NASDAQ%3AROKU,False,,-35.77459920821658,12.847132888543433,155.1199951171875,86.77999877929688,103.99856036376953,0.9366774951913696,58.55036151743953,54.54191786161686,0.5526854764779879,132.00999450683594,False,False,False,False,False,
NYSE:ROL,,https://www.tradingview.com/chart/?symbol=NYSE%3AROL,False,,-61.002087864472436,-58.14592009705803,33.540000915527344,33.540000915527344,39.21344113159179,0.0,-65.69917698929926,-64.57964560849706,0.5161013304104247,46.58000183105469,False,True,False,True,False,"WATCH: weekly+band ok, waiting on 4h dot"
NASDAQ:ROP,,https://www.tradingview.com/chart/?symbol=NASDAQ%3AROP,False,,-54.95188193688346,-53.924022481752,375.92999267578125,312.9200134277344,339.658810546875,0.5561340338640106,53.126676866387584,41.61594403391645,0.3190560459199721,355.1099853515625,False,False,False,False,False,
NASDAQ:ROST,,https://www.tradingview.com/chart/?symbol=NASDAQ%3AROST,False,,-32.17774885000588,-29.653583682067723,224.9199981689453,206.3000030517578,217.87580377197264,0.3796125169969834,9.656112762362307,-0.7676207337261447,0.21591760992699197,227.1699981689453,False,False,False,False,False,
NYSE:RPM,,https://www.tradingview.com/chart/?symbol=NYSE%3ARPM,False,,-55.90287835110238,-32.44186236470085,99.83000183105469,93.25,98.93996014404297,0.27291587160846364,-5.237266232491311,-20.251522792378097,0.2296956266519513,104.96499633789062,False,False,False,False,False,
NASDAQ:RPRX,,https://www.tradingview.com/chart/?symbol=NASDAQ%3ARPRX,False,,-41.372870436601794,-40.63883367653858,58.47999954223633,45.33000183105469,49.73376179504395,0.7047158530928589,59.0887110947215,47.51894405406013,0.3400765483989986,54.869998931884766,False,False,False,False,False,
NYSE:RRX,,https://www.tradingview.com/chart/?symbol=NYSE%3ARRX,False,,-51.23783863123888,-51.23783863123888,149.24000549316406,149.24000549316406,170.2534439086914,0.0,-59.10649761122539,-61.44875006495885,0.4355631256299359,204.4250030517578,False,True,False,False,False,
NYSE:RS,,https://www.tradingview.com/chart/?symbol=NYSE%3ARS,False,,-41.31023636503102,-21.977617043316343,394.3500061035156,290.5,323.05384057617186,0.7528635947909942,24.375516570231607,16.247792750915135,0.3611467418061963,381.95001220703125,False,False,False,False,False,
NYSE:RSG,,https://www.tradingview.com/chart/?symbol=NYSE%3ARSG,False,,12.905039122911745,23.28746101844503,219.85000610351562,196.94000244140625,204.78936114501954,0.6888156177356155,47.18487891993101,48.534270236526304,0.1546472933192232,215.07000732421875,False,False,False,False,False,
NYSE:RTO,,https://www.tradingview.com/chart/?symbol=NYSE%3ARTO,False,,-63.869171766770705,-58.82271809501318,21.915000915527344,21.915000915527344,24.892140411376953,0.0,-68.78632879899799,-68.74930054555654,0.41868563608179554,30.1299991607666,False,True,False,True,False,"WATCH: weekly+band ok, waiting on 4h dot"
NYSE:RTX,,https://www.tradingview.com/chart/?symbol=NYSE%3ARTX,False,,-59.97974043725097,-49.90197037683996,196.8699951171875,171.19000244140625,184.01188287353514,0.4726668840475306,28.778744706039987,14.283963902265322,0.27798813524546007,195.44000244140625,False,False,False,False,False,
NASDAQ:RVMD,,https://www.tradingview.com/chart/?symbol=NASDAQ%3ARVMD,False,,-61.76574470490635,-61.105197359622146,195.9199981689453,91.77999877929688,122.34435748291015,0.8041078202976188,57.82722597504761,50.30225930493671,0.8264837079072371,156.6999969482422,False,False,False,False,False,
NYSE:RVTY,,https://www.tradingview.com/chart/?symbol=NYSE%3ARVTY,False,,-33.732586621455916,49.78435335848559,145.72999572753906,82.27999877929688,97.29195892333985,0.9974846146742005,74.73620840239245,77.8216671251388,0.6282469196084105,101.25,False,False,False,False,False,
TSX:RY,,https://www.tradingview.com/chart/?symbol=TSX%3ARY,False,,-38.70094563240003,-38.70094563240003,283.1199951171875,218.22000122070312,238.92900122070313,0.739601070045406,24.52201594853339,15.476010953896786,0.31628459929289504,277.44000244140625,False,False,False,False,False,
NYSE:RY,,https://www.tradingview.com/chart/?symbol=NYSE%3ARY,False,,-47.69708482690485,-47.69708482690485,202.3300018310547,157.83999633789062,172.00117749023437,0.7414382446939444,31.44038199236193,20.952591893003685,0.30186641136584047,198.77999877929688,False,False,False,False,False,
NASDAQ:RYAAY,,https://www.tradingview.com/chart/?symbol=NASDAQ%3ARYAAY,True,2026-09-16 09:30,-63.345384490593744,-62.311581784312644,52.619998931884766,51.959999084472656,55.54247915649414,0.043478249943583694,-44.31833376283109,-51.43610358461666,0.25689626444367103,59.09000015258789,False,True,True,False,False,"NEAR: 4h+band ok, weekly shallow"
NASDAQ:SAIA,,https://www.tradingview.com/chart/?symbol=NASDAQ%3ASAIA,False,,0.2823504572048634,10.677183543345672,343.6099853515625,312.57000732421875,353.7685290527344,0.17780819570967307,-52.9306708142196,-52.8421229409524,0.4198009062658128,415.8399963378906,False,True,False,False,False,
NYSE:SAN,,https://www.tradingview.com/chart/?symbol=NYSE%3ASAN,False,,-27.692956897597345,-27.692956897597345,14.425000190734863,10.539999961853027,11.601999961853027,0.8633333841959635,61.61595801664984,55.92280652596279,0.34965035275946443,12.869999885559082,False,False,False,False,False,
NASDAQ:SANM,,https://www.tradingview.com/chart/?symbol=NASDAQ%3ASANM,False,,-7.96637665569095,-7.96637665569095,195.8300018310547,122.8949966430664,161.0408571472168,0.4512327418198481,-21.699517779951538,-20.304570685227382,0.7871195389921308,205.35000610351562,False,False,False,False,False,
NYSE:SAP,,https://www.tradingview.com/chart/?symbol=NYSE%3ASAP,False,,-47.62531981951404,8.506387260452783,213.2899932861328,146.02999877929688,163.9612777709961,0.8852329335214407,42.47717945252237,42.73265644305705,0.43494186653883604,174.69000244140625,False,False,False,False,False,
TSX:SAP,,https://www.tradingview.com/chart/?symbol=TSX%3ASAP,False,,-60.01733536679141,-38.0719632322003,39.93000030517578,37.83000183105469,39.53392121887207,0.29085861892058823,-28.576912055232196,-36.3684751211006,0.1749030431082982,41.279998779296875,False,False,False,False,False,
NASDAQ:SATA,,https://www.tradingview.com/chart/?symbol=NASDAQ%3ASATA,False,,-16.368018176473967,-5.349405732348963,100.01000213623047,83.94000244140625,87.73488107299805,0.9993784508432904,56.18704986790857,56.05030971827281,0.16258841206845226,98.9000015258789,False,False,False,False,False,
NASDAQ:SBAC,,https://www.tradingview.com/chart/?symbol=NASDAQ%3ASBAC,False,,-50.28664866355606,-46.56174674340654,180.05999755859375,165.1999969482422,179.01543896484375,0.25384349916772625,-16.719930867123903,-20.235267212908084,0.31156532404644344,187.88999938964844,False,False,False,False,False,
NYSE:SBS,,https://www.tradingview.com/chart/?symbol=NYSE%3ASBS,False,,27.407253302212833,27.407253302212833,5.284999847412109,4.449999809265137,5.074219804763794,0.3156899977951915,-43.19344869831409,-34.765171448980034,0.4653413043325068,5.684000015258789,False,False,False,False,False,
NASDAQ:SBUX,,https://www.tradingview.com/chart/?symbol=NASDAQ%3ASBUX,True,2026-09-16 09:30,-75.74584942349482,-67.3963652631096,97.3499984741211,86.51000213623047,92.0324024963379,0.4632476765397764,24.8285696750218,1.565980517432287,0.22698615149022233,103.08999633789062,False,False,True,False,False,
NYSE:SCCO,,https://www.tradingview.com/chart/?symbol=NYSE%3ASCCO,False,,-51.593627742974626,-46.759338929601235,189.85000610351562,149.37091064453125,165.9732960205078,0.5754032515197169,51.926485870372396,41.243237932880064,0.38812232694353366,181.25494384765625,False,False,False,False,False,
NYSE:SCHW,,https://www.tradingview.com/chart/?symbol=NYSE%3ASCHW,False,,-51.00936988417927,-30.214984937278945,105.16000366210938,84.54499816894531,91.41377896118163,0.7082976504193742,55.35519670254855,47.412585075690906,0.3081525071184798,94.44999694824219,False,False,False,False,False,
NYSE:SCI,,https://www.tradingview.com/chart/?symbol=NYSE%3ASCI,False,,-29.701850132482573,-12.561474510252069,80.70999908447266,68.7699966430664,73.35547671508789,0.6145137547026008,26.35339564645089,19.69699186900592,0.24391161702165154,79.66000366210938,False,False,False,False,False,
NYSE:SE,,https://www.tradingview.com/chart/?symbol=NYSE%3ASE,True,2026-09-16 13:30,-71.29977573999804,-71.29977573999804,103.5,77.44000244140625,90.20760028076171,0.48170059091856515,44.79336210650481,31.16125421726948,0.591353669823391,91.48500061035156,False,False,True,False,False,
NYSE:SF,,https://www.tradingview.com/chart/?symbol=NYSE%3ASF,False,,-79.63741349594882,-79.63741349594882,75.58000183105469,67.99500274658203,72.16866217041016,0.42889455083847855,30.066642688511866,16.677192391839,0.2316609694388467,76.33999633789062,False,False,False,False,False,
NYSE:SGI,,https://www.tradingview.com/chart/?symbol=NYSE%3ASGI,False,,-28.538325222801877,-28.538325222801877,64.22000122070312,61.5,67.16871920776367,0.11323903417314916,-41.510303898607724,-41.81430397673089,0.3348201471747896,71.73999786376953,False,True,False,False,False,
NYSE:SHEL,,https://www.tradingview.com/chart/?symbol=NYSE%3ASHEL,False,,60.891479102859485,60.891479102859485,95.69499969482422,76.54000091552734,81.8275806274414,0.8549430851563745,49.47586339693209,54.69028287323084,0.2529066452812809,88.58999633789062,False,False,False,False,False,
NYSE:SHG,,https://www.tradingview.com/chart/?symbol=NYSE%3ASHG,False,,12.981858599346609,12.981858599346609,81.47000122070312,58.77000045776367,64.83520063781738,0.8832684859556061,75.83352978718541,75.85882044109154,0.38091003850543026,67.47000122070312,False,False,False,False,False,
TSX:SHOP,,https://www.tradingview.com/chart/?symbol=TSX%3ASHOP,False,,-57.1519729228639,-29.748535123853756,181.83999633789062,130.69000244140625,151.99136114501954,0.5666961778134219,48.73029771942547,34.69343869754187,0.532821710501308,169.39999389648438,False,False,False,False,False,
NASDAQ:SHOP,,https://www.tradingview.com/chart/?symbol=NASDAQ%3ASHOP,False,,-58.40876572288272,-35.81382196330558,129.97000122070312,95.4000015258789,110.31756130981445,0.5469071380403838,49.2196777643951,35.30250912708868,0.5183696721249934,121.94000244140625,False,False,False,False,False,
NYSE:SHW,,https://www.tradingview.com/chart/?symbol=NYSE%3ASHW,False,,-60.30093962520554,-24.440051567741914,321.5,291.7200012207031,310.1185592041016,0.38199079070521214,10.731803835535317,-3.1887005892811953,0.23930257151204962,325.7799987792969,False,False,False,False,False,
NASDAQ:SITM,,https://www.tradingview.com/chart/?symbol=NASDAQ%3ASITM,False,,-21.9575792423129,-21.9575792423129,548.9000244140625,311.94000244140625,451.07143725585934,0.4019405482314309,-8.500376463460626,-15.636813952325959,0.9895097261946337,595.7899780273438,False,False,False,False,False,
NYSE:SJM,,https://www.tradingview.com/chart/?symbol=NYSE%3ASJM,False,,-58.08527784254343,-37.22869999489096,123.54499816894531,89.04000091552734,99.67062228393554,0.7660116064340626,63.62015851267976,55.581020253428996,0.4110320951143748,109.58999633789062,False,False,False,False,False,
NYSE:SKM,,https://www.tradingview.com/chart/?symbol=NYSE%3ASKM,False,,-63.59149573618001,-63.59149573618001,35.380001068115234,28.065000534057617,32.3708207321167,0.40093177295600346,29.4739085189919,22.153986151120925,0.5026171135729979,36.29999923706055,False,False,False,False,False,
NYSE:SLB,,https://www.tradingview.com/chart/?symbol=NYSE%3ASLB,False,,-64.29822775055197,-64.29822775055197,52.310001373291016,44.540000915527344,48.21924095153808,0.49839643243838433,42.733022625275844,38.017436522637404,0.29605013668366037,52.65999984741211,False,False,False,False,False,
NYSE:SLF,,https://www.tradingview.com/chart/?symbol=NYSE%3ASLF,False,,1.9163095056674058,40.71229780248239,80.30000305175781,61.3849983215332,66.782318069458,0.8270662708188322,38.109751698797396,36.8907604659468,0.3015161422803149,75.8499984741211,False,False,False,False,False,
NASDAQ:SMCI,,https://www.tradingview.com/chart/?symbol=NASDAQ%3ASMCI,False,,-36.27577416191329,-36.27577416191329,36.849998474121094,20.559999465942383,27.547959159851075,0.5501519662858562,36.28465082407845,36.37032642297797,0.9622789948049023,30.770700454711914,False,False,False,False,False,
NYSE:SMFG,,https://www.tradingview.com/chart/?symbol=NYSE%3ASMFG,False,,2.350672563206667,2.350672563206667,26.299999237060547,19.030000686645508,21.052520614624022,0.8483079124035087,59.37074343920162,58.64692310595075,0.3637521175334808,23.559999465942383,False,False,False,False,False,
NASDAQ:SMMT,,https://www.tradingview.com/chart/?symbol=NASDAQ%3ASMMT,False,,32.54428779736367,32.54428779736367,17.309999465942383,12.354999542236328,15.667259506225585,0.35304595493955054,-0.7339375679376801,15.862336364885618,0.8950892585620246,15.680000305175781,False,False,False,False,False,
NASDAQ:SMTC,,https://www.tradingview.com/chart/?symbol=NASDAQ%3ASMTC,False,,17.92839939834904,21.63057147192143,167.57000732421875,70.01499938964844,94.75606097412108,0.9305575588966514,29.171074066088337,43.79917306012779,0.7991691764534004,131.17999267578125,False,False,False,False,False,
NYSE:SN,,https://www.tradingview.com/chart/?symbol=NYSE%3ASN,False,,-61.75171824545124,-15.781024481362545,170.67999267578125,97.61499786376953,120.13057937622071,0.7658402589379785,58.99107553613222,48.13933104355641,0.7163075655822032,133.19000244140625,False,False,False,False,False,
NYSE:SNA,,https://www.tradingview.com/chart/?symbol=NYSE%3ASNA,False,,-57.74869732323265,-44.07833580729447,373.04998779296875,356.67999267578125,371.4630361328125,0.2613344714087776,0.8580281139693137,-13.612162879642504,0.16406499908639097,381.79998779296875,False,False,False,False,False,
NASDAQ:SNDK,,https://www.tradingview.com/chart/?symbol=NASDAQ%3ASNDK,False,,-32.83710980271232,-32.83710980271232,1520.1099853515625,571.25,987.495,0.5379787301780652,14.964316168084508,13.244265771306438,1.1938282934853226,1477.3900146484375,False,False,False,False,False,
NYSE:SNN,,https://www.tradingview.com/chart/?symbol=NYSE%3ASNN,False,,-68.50498491172426,-25.982879057626487,27.815000534057617,27.399999618530273,29.073240104675293,0.05853325739810282,-55.10334929678307,-61.53909345787635,0.2327643556480189,30.459999084472656,False,True,False,False,False,
NYSE:SNOW,,https://www.tradingview.com/chart/?symbol=NYSE%3ASNOW,False,,-36.34832776697808,-32.4481585270379,331.07000732421875,120.02999877929688,178.80697705078126,0.8473630914906126,60.89386483615928,56.88965833856953,1.0392447278064998,239.64999389648438,False,False,False,False,False,
NASDAQ:SNPS,,https://www.tradingview.com/chart/?symbol=NASDAQ%3ASNPS,True,2026-09-16 09:30,-67.34034714514813,-66.52521020594953,378.6400146484375,364.4798889160156,404.56922937011717,0.0833585595322425,-37.71286144357194,-45.3241775744821,0.39287675436813385,432.375,False,True,True,False,False,
NYSE:SNX,,https://www.tradingview.com/chart/?symbol=NYSE%3ASNX,False,,34.25031097773327,36.449001910008135,260.5899963378906,152.72999572753906,186.18181817626953,0.7609438972437512,33.68031639264607,38.651820359287456,0.5740000509156663,246.9425048828125,False,False,False,False,False,
NASDAQ:SNY,,https://www.tradingview.com/chart/?symbol=NASDAQ%3ASNY,False,,-66.90819452023784,-47.4987071682551,42.584999084472656,41.334999084472656,42.97165940856934,0.18024509768868446,15.692562294928086,-0.8132914998564775,0.1576136675747958,44.0,False,True,False,False,False,
NYSE:SO,,https://www.tradingview.com/chart/?symbol=NYSE%3ASO,True,2026-09-16 09:30,-72.1915666840378,-72.1915666840378,86.22000122070312,85.97000122070312,89.07104107666015,0.019025876074008616,-47.97961632421877,-53.837936655656215,0.1397129076371981,94.05000305175781,False,True,True,False,False,"NEAR: 4h+band ok, weekly shallow"
NASDAQ:SOFI,,https://www.tradingview.com/chart/?symbol=NASDAQ%3ASOFI,False,,-49.479064537573784,-49.479064537573784,16.850000381469727,15.0649995803833,16.122303104400636,0.39842881394717655,9.484095020880238,-2.685639872998671,0.25755099512170515,17.395000457763672,False,False,False,False,False,
NYSE:SOLV,,https://www.tradingview.com/chart/?symbol=NYSE%3ASOLV,False,,-57.68623548938357,-2.805825489959067,88.83000183105469,62.47999954223633,69.67800044250488,0.8639343932186948,69.02154681440071,64.05867514030506,0.3990057933092887,76.44000244140625,False,False,False,False,False,
NYSE:SONY,,https://www.tradingview.com/chart/?symbol=NYSE%3ASONY,False,,-24.37970698076585,-6.511805398805019,23.75,19.329999923706055,20.659859977722167,0.7843833002241092,53.87672867319892,50.33021579189983,0.2632562507880455,21.405000686645508,False,False,False,False,False,
NYSE:SPG,,https://www.tradingview.com/chart/?symbol=NYSE%3ASPG,False,,-67.71975996635902,-58.96444270602171,202.8699951171875,178.25999450683594,192.24063580322266,0.41542873612986764,-2.188146080284254,-15.845480884481201,0.2860868469493476,207.07000732421875,False,False,False,False,False,
NYSE:SPGI,,https://www.tradingview.com/chart/?symbol=NYSE%3ASPGI,False,,-54.22452083360855,-47.60839452176483,406.7699890136719,374.0113525390625,393.69107189941406,0.3928429093142161,27.618782778231076,14.109754528041554,0.20419374200593104,408.3800048828125,False,False,False,False,False,
NYSE:SPOT,,https://www.tradingview.com/chart/?symbol=NYSE%3ASPOT,False,,-28.098105439196235,26.503472804998093,546.9099731445312,417.94000244140625,452.43375610351563,0.8823891242480744,60.93458018859233,61.618230975107075,0.2982430488708428,490.07000732421875,False,False,False,False,False,
NYSE:SPXC,,https://www.tradingview.com/chart/?symbol=NYSE%3ASPXC,True,2026-09-16 09:30,-74.69755223594264,-73.49984922636634,178.8699951171875,178.30999755859375,194.3839577026367,0.008221957914777055,-53.93008743580501,-62.772021373917894,0.31847938097805656,213.86000061035156,False,True,True,False,False,"NEAR: 4h+band ok, weekly shallow"
NYSE:SQM,,https://www.tradingview.com/chart/?symbol=NYSE%3ASQM,False,,-70.83358950684628,-62.36715729293883,68.68000030517578,66.41000366210938,73.23158337402344,0.07853301293658192,-5.558276989630898,-15.079515444870566,0.3713386451590392,77.83999633789062,False,True,False,False,False,
NYSE:SRE,,https://www.tradingview.com/chart/?symbol=NYSE%3ASRE,False,,-57.89941631431234,-57.89941631431234,81.69000244140625,81.19999694824219,85.70995709228515,0.02564131227178689,-58.83788945675135,-59.95200143434031,0.20724434226319732,92.20999908447266,False,True,False,False,False,
NYSE:STLA,,https://www.tradingview.com/chart/?symbol=NYSE%3ASTLA,False,,-53.52646895842542,-53.52646895842542,4.925000190734863,4.925000190734863,5.815900100708008,0.0,-51.89541661629653,-53.42926949071267,0.5745813576707529,6.570000171661377,False,True,False,False,False,
NASDAQ:STLD,,https://www.tradingview.com/chart/?symbol=NASDAQ%3ASTLD,False,,-30.825796205296992,-13.030500310433782,238.36000061035156,164.0,192.2846014404297,0.6204421929367788,5.83106641741244,1.1730616661566273,0.5115018878933871,234.30999755859375,False,False,False,False,False,
NYSE:STM,,https://www.tradingview.com/chart/?symbol=NYSE%3ASTM,False,,-44.246602104208456,-44.246602104208456,48.08000183105469,30.864999771118164,42.498595481872556,0.34922483015198114,-27.875838484774295,-32.04588242764745,0.9213999454106125,53.5,False,False,False,False,False,
NASDAQ:STRC,,https://www.tradingview.com/chart/?symbol=NASDAQ%3ASTRC,False,,15.554613401881307,15.554613401881307,97.05000305175781,74.68000030517578,80.68856008911133,0.8786332895127585,37.78476087397891,41.619398216086125,0.2602473536537414,97.83000183105469,False,False,False,False,False,
NASDAQ:STRD,,https://www.tradingview.com/chart/?symbol=NASDAQ%3ASTRD,False,,-29.972136730640788,-29.972136730640788,70.72000122070312,50.71500015258789,57.48466047668457,0.6974028276234338,28.867671652297506,34.89013264883795,0.3944582080827097,72.72000122070312,False,False,False,False,False,
NASDAQ:STRF,,https://www.tradingview.com/chart/?symbol=NASDAQ%3ASTRF,False,,-9.458086274752448,-9.458086274752448,102.7406997680664,84.05000305175781,88.92337820434571,0.9051230998923752,59.01255213476623,64.2592361189711,0.21164184461354343,97.56999969482422,False,False,False,False,False,
NASDAQ:STRK,,https://www.tradingview.com/chart/?symbol=NASDAQ%3ASTRK,False,,-52.79800618633404,-52.79800618633404,68.44000244140625,51.5099983215332,58.26431806945801,0.5915445405908729,30.741824173479618,33.42382178591094,0.39819128948709237,71.875,False,False,False,False,False,
NASDAQ:STRL,,https://www.tradingview.com/chart/?symbol=NASDAQ%3ASTRL,False,,-17.123829222983865,-17.123829222983865,483.1499938964844,380.7850036621094,527.2855399169922,0.16490136017851822,-39.881314553526366,-41.50759410023924,1.138318573205418,545.3350219726562,False,True,False,False,False,
NYSE:STT,,https://www.tradingview.com/chart/?symbol=NYSE%3ASTT,False,,-61.30257322981106,-61.30257322981106,182.94000244140625,120.11000061035156,137.76162017822264,0.8400294587765835,57.12589012934375,49.39093519890978,0.45371547103236787,164.85000610351562,False,False,False,False,False,
NASDAQ:STX,,https://www.tradingview.com/chart/?symbol=NASDAQ%3ASTX,False,,-45.879102156252,-45.879102156252,783.4199829101562,353.19000244140625,528.0423937988281,0.5806856549252177,6.668548887177276,-3.2909502182877457,0.9082216134942482,815.77001953125,False,False,False,False,False,
NYSE:STZ,,https://www.tradingview.com/chart/?symbol=NYSE%3ASTZ,False,,-57.63008798067582,-35.884195771109034,123.08999633789062,121.01000213623047,131.71024307250977,0.04587547462856345,-58.45657052976787,-65.42859744416802,0.32183420212825875,140.8800048828125,False,True,False,False,False,
TSX:SU,,https://www.tradingview.com/chart/?symbol=TSX%3ASU,False,,45.53270900384894,71.83218813608717,96.45999908447266,76.0999984741211,81.73803833007813,0.8522394780459297,47.128092257401484,53.27402475059572,0.2685929447593063,88.94499969482422,False,False,False,False,False,
NYSE:SU,,https://www.tradingview.com/chart/?symbol=NYSE%3ASU,False,,38.812632468436085,63.136769057385976,68.95500183105469,53.415000915527344,57.77038134765625,0.84204819147608,44.70446070579828,50.07149434924564,0.2872150434972277,64.25499725341797,False,False,False,False,False,
NYSE:SUI,,https://www.tradingview.com/chart/?symbol=NYSE%3ASUI,False,,-69.21633142150381,-30.112686082459504,114.91000366210938,114.44999694824219,119.80670288085938,0.020266482020530677,-37.44089437964707,-53.44631613727007,0.18389294691745078,123.43000030517578,False,True,False,False,False,
NYSE:SW,,https://www.tradingview.com/chart/?symbol=NYSE%3ASW,False,,-60.83725172280952,-8.47987032729548,44.58000183105469,35.630001068115234,39.36352099609375,0.565739629304013,32.79969765167694,18.366196842423307,0.37223528693704044,42.5,False,False,False,False,False,
NYSE:SWK,,https://www.tradingview.com/chart/?symbol=NYSE%3ASWK,False,,-76.28946996032981,-56.56948363489706,89.05999755859375,66.95999908447266,75.74863858032226,0.5934478985462561,43.3982746927334,27.692451986073497,0.45155810976780814,82.47000122070312,False,False,False,False,False,
NYSE:SYF,,https://www.tradingview.com/chart/?symbol=NYSE%3ASYF,False,,-52.913397588279956,-47.288904118618156,74.9000015258789,63.39500045776367,67.60524049377442,0.6448991574950355,39.741883617002884,25.79290497361223,0.23902994093876664,74.63500213623047,False,False,False,False,False,
NYSE:SYK,,https://www.tradingview.com/chart/?symbol=NYSE%3ASYK,False,,-70.82443864778513,-23.541826881656977,284.8299865722656,270.010009765625,292.66128515625,0.15440695793291856,-14.740183500373476,-33.18187000599892,0.29400227587139766,326.4599914550781,False,True,False,False,False,
NASDAQ:SYM,,https://www.tradingview.com/chart/?symbol=NASDAQ%3ASYM,False,,7.502460523171902,24.71489871663427,43.13999938964844,38.224998474121094,44.591098114013676,0.1822057903077411,-34.12270722530851,-27.497099048722088,0.6001111905733613,44.95000076293945,False,True,False,False,False,
NYSE:SYY,,https://www.tradingview.com/chart/?symbol=NYSE%3ASYY,False,,-14.179452758370067,-14.179452758370067,78.73999786376953,69.29499816894531,73.14061773681641,0.5796256984443431,19.841916035241848,9.727358803875283,0.20108591883194527,81.03500366210938,False,False,False,False,False,
TSX:T,,https://www.tradingview.com/chart/?symbol=TSX%3AT,False,,-95.06128913110344,-71.37509311316138,12.4399995803833,12.414999961853027,13.893540042877197,0.003990361877141486,-71.69098097001758,-71.14122672952301,0.3790078695147431,16.530000686645508,False,True,False,True,False,"WATCH: weekly+band ok, waiting on 4h dot"
NYSE:T,,https://www.tradingview.com/chart/?symbol=NYSE%3AT,False,,2.805348108996373,40.92035185981559,25.8799991607666,20.139999389648438,22.26635944366455,0.6370698807219134,32.90038787819864,37.36401986964079,0.3586069742838542,25.125,False,False,False,False,False,
NASDAQ:TCOM,,https://www.tradingview.com/chart/?symbol=NASDAQ%3ATCOM,False,,-66.81683723215833,-28.30984107949509,40.43000030517578,38.70000076293945,42.59164025878906,0.10491205375091897,-43.65788216070714,-53.56727780091474,0.34980903855061574,47.13999938964844,False,True,False,False,False,
NYSE:TD,,https://www.tradingview.com/chart/?symbol=NYSE%3ATD,False,,-9.303689850963183,18.887403418861286,120.61000061035156,91.37000274658203,99.2830824584961,0.8720548442675098,38.77506860195456,36.258464787566254,0.2883556856836392,116.27999877929688,False,False,False,False,False,
NYSE:TDG,,https://www.tradingview.com/chart/?symbol=NYSE%3ATDG,True,2026-09-16 09:30,-77.17807996316368,-77.17807996316368,1080.1500244140625,1080.1500244140625,1143.3673432617188,0.0,-46.63276652358568,-57.13974010637566,0.21926184872149354,1221.68994140625,False,True,True,False,False,"NEAR: 4h+band ok, weekly shallow"
NYSE:TDY,,https://www.tradingview.com/chart/?symbol=NYSE%3ATDY,False,,-47.221012116786916,-34.46235331130891,601.0999755859375,582.2000122070312,608.8962878417968,0.16707916184433097,-5.531828605722546,-18.45212730570686,0.17911174306321376,631.5599975585938,False,True,False,False,False,
NASDAQ:TEAM,,https://www.tradingview.com/chart/?symbol=NASDAQ%3ATEAM,False,,-20.31130625519885,28.006338877267428,190.1300048828125,56.95000076293945,89.4613621673584,0.9667537628251399,79.86701114606232,76.84793289987371,1.5585474250728544,88.38999938964844,False,False,False,False,False,
NASDAQ:TECH,,https://www.tradingview.com/chart/?symbol=NASDAQ%3ATECH,False,,-41.92656169499431,-6.501436365620068,72.33000183105469,43.310001373291016,50.19648054504395,0.9945169276231047,42.67462423269976,40.124716722323114,0.5071254088667246,57.540000915527344,False,False,False,False,False,
NYSE:TECK,,https://www.tradingview.com/chart/?symbol=NYSE%3ATECK,False,,-43.46479429216444,-43.46479429216444,64.23999786376953,45.34000015258789,51.62468040466309,0.7097257586598853,47.32432629522725,40.23626116966557,0.441991718972867,60.25,False,False,False,False,False,
NYSE:TEL,,https://www.tradingview.com/chart/?symbol=NYSE%3ATEL,False,,-18.912329418455244,-18.912329418455244,202.25,191.13999938964844,204.6132385253906,0.19460503280813587,-5.150921392725068,-9.997312061099597,0.27706865077575443,206.0500030517578,False,True,False,False,False,
NASDAQ:TER,,https://www.tradingview.com/chart/?symbol=NASDAQ%3ATER,False,,-25.120487387622273,-25.120487387622273,341.29998779296875,274.7200012207031,323.9307186279297,0.3192978615009433,-2.184409860457261,-10.832830178154762,0.5715146640030265,364.8550109863281,False,False,False,False,False,
NYSE:TEVA,,https://www.tradingview.com/chart/?symbol=NYSE%3ATEVA,False,,7.512647455501156,62.46262714630768,38.540000915527344,28.34000015258789,30.907680404663086,0.9374999780865299,47.455869496951344,51.95353393295441,0.3208020278464457,33.915000915527344,False,False,False,False,False,
NYSE:TFC,,https://www.tradingview.com/chart/?symbol=NYSE%3ATFC,False,,-27.025011315581853,-27.025011315581853,48.439998626708984,43.525001525878906,45.961700805664066,0.4760289155985511,18.580258430226646,1.5514349954441151,0.2057797131089118,50.17499923706055,False,False,False,False,False,
NYSE:TFII,,https://www.tradingview.com/chart/?symbol=NYSE%3ATFII,False,,-29.723284007567674,-25.875582266472406,126.04000091552734,98.62000274658203,113.87268209838867,0.4242611687175215,-31.92566168898153,-41.098120322742616,0.46313146427841567,139.5500030517578,False,False,False,False,False,
NYSE:TGT,,https://www.tradingview.com/chart/?symbol=NYSE%3ATGT,True,2026-09-16 13:30,-63.532091087390334,-56.92483593477589,154.67999267578125,113.23999786376953,126.61175692749023,0.7313801220191533,79.00314065146004,70.64130638082395,0.43531034448802053,130.16000366210938,False,False,True,False,False,
NYSE:THC,,https://www.tradingview.com/chart/?symbol=NYSE%3ATHC,False,,-28.133218625635976,-21.256024910262617,265.90350341796875,160.27999877929688,188.72507849121092,0.8763254435277946,58.21737116261463,54.44320564257467,0.6129475140022902,196.63999938964844,False,False,False,False,False,
NASDAQ:TIGO,,https://www.tradingview.com/chart/?symbol=NASDAQ%3ATIGO,False,,28.58147925662011,30.679268125707466,95.58999633789062,70.12999725341797,78.4336584777832,0.7236036757261692,39.72571837427751,39.797508459215585,0.4028048746722352,87.3499984741211,False,False,False,False,False,
TSX:TIH,,https://www.tradingview.com/chart/?symbol=TSX%3ATIH,False,,2.929062510903144,6.218244428570255,203.3699951171875,189.24000549316406,201.42232434082032,0.2737309368578124,-38.14761541541413,-39.763180717559315,0.243020546241795,212.41000366210938,False,False,False,False,False,
NYSE:TJX,,https://www.tradingview.com/chart/?symbol=NYSE%3ATJX,True,2026-09-16 09:30,-62.933349150345244,-58.24058483039528,122.8499984741211,122.8499984741211,133.59979739379884,0.0,-64.23862740252729,-70.31720101178394,0.29251216969748756,155.72000122070312,False,True,True,True,True,FULL PASS
NYSE:TKO,,https://www.tradingview.com/chart/?symbol=NYSE%3ATKO,False,,26.02640587292305,38.067303402043855,192.58999633789062,179.58999633789062,188.09779705810547,0.36061023299597517,-13.55497420101459,-6.464510960580258,0.18732140100502656,192.4499969482422,False,False,False,False,False,
NYSE:TLK,,https://www.tradingview.com/chart/?symbol=NYSE%3ATLK,False,,23.572325781324135,23.572325781324135,14.675000190734863,13.300000190734863,14.692400325775147,0.23305082485546583,-1.155899975944072,3.752234011659481,0.3771173154090114,15.645000457763672,False,True,False,False,False,
NASDAQ:TLN,,https://www.tradingview.com/chart/?symbol=NASDAQ%3ATLN,False,,-50.073572501273226,-50.073572501273226,287.54998779296875,282.17999267578125,318.9181158447266,0.034496014993153294,-55.781963953672324,-59.67406160305191,0.4478230738058098,347.614990234375,False,True,False,False,False,
NYSE:TM,,https://www.tradingview.com/chart/?symbol=NYSE%3ATM,False,,-2.3933578801993103,-2.3933578801993103,192.25,166.57000732421875,180.33857775878906,0.44016757587756855,29.131624956974647,29.752724305768222,0.30676938896482536,190.17999267578125,False,False,False,False,False,
NYSE:TME,,https://www.tradingview.com/chart/?symbol=NYSE%3ATME,False,,-56.529163206918554,-42.06572716342723,7.824999809265137,7.824999809265137,9.544259773254394,0.0,-43.81265445555646,-51.32700525347053,0.7992320384357439,9.114999771118164,False,True,False,False,False,
NYSE:TMO,,https://www.tradingview.com/chart/?symbol=NYSE%3ATMO,False,,-17.82909545765571,58.92788056429949,648.4299926757812,438.3599853515625,488.07575341796877,0.997199151430093,64.6923583607625,64.0319714294909,0.41857838504691713,503.2749938964844,False,False,False,False,False,
NASDAQ:TMUS,,https://www.tradingview.com/chart/?symbol=NASDAQ%3ATMUS,False,,-11.888680989753444,-10.756822051758226,176.27000427246094,167.64999389648438,179.7261170654297,0.16845823947555344,-19.79657801074811,-24.424089975200587,0.2731106600183649,187.36000061035156,False,True,False,False,False,
NYSE:TOL,,https://www.tradingview.com/chart/?symbol=NYSE%3ATOL,False,,-67.97048940082273,-43.04237704881129,132.6300048828125,124.05000305175781,133.68588348388673,0.2101396386548498,-31.5857496895282,-46.87023109599199,0.28598445478179785,142.77000427246094,False,True,False,False,False,
NYSE:TOST,,https://www.tradingview.com/chart/?symbol=NYSE%3ATOST,False,,-59.20973323598272,-43.560108433244466,31.1200008392334,22.333999633789062,25.78573550415039,0.6007111674705891,47.57152677498308,36.845041066814694,0.5124736854064443,28.540000915527344,False,False,False,False,False,
TSX:TOU,,https://www.tradingview.com/chart/?symbol=TSX%3ATOU,False,,-46.54805969954052,-5.9197575051159035,60.540000915527344,58.97999954223633,61.561839218139646,0.142596121491498,2.56248306657831,5.262027920925242,0.17417606093798066,62.810001373291016,False,True,False,False,False,
NASDAQ:TPG,,https://www.tradingview.com/chart/?symbol=NASDAQ%3ATPG,False,,-77.75185563834987,-58.757038268277086,46.560001373291016,37.51499938964844,41.6815791015625,0.512319604023377,57.60482454053915,44.35333760236913,0.41230730745266414,42.81999969482422,False,False,False,False,False,
NYSE:TPL,,https://www.tradingview.com/chart/?symbol=NYSE%3ATPL,False,,-21.919520040454614,-21.919520040454614,348.6000061035156,340.489990234375,387.6817365722656,0.04055717140478972,-36.86732888851024,-39.64604387095479,0.4986907610770822,400.9800109863281,False,True,False,False,False,
NYSE:TPR,,https://www.tradingview.com/chart/?symbol=NYSE%3ATPR,False,,-53.91395330939641,-17.993042843124275,118.01000213623047,113.70999908447266,125.76251901245118,0.08419821964858175,-37.635504217144494,-44.53608356813664,0.3593442263540297,142.1199951171875,False,True,False,False,False,
NYSE:TRGP,,https://www.tradingview.com/chart/?symbol=NYSE%3ATRGP,False,,-66.86251829662314,-66.86251829662314,284.8900146484375,231.5399932861328,248.2393519897461,0.7539573983029447,59.082069713575954,55.65918012250168,0.2673921822968297,264.6300048828125,False,False,False,False,False,
NASDAQ:TRI,,https://www.tradingview.com/chart/?symbol=NASDAQ%3ATRI,False,,-41.5617609667619,0.8207759288598154,101.36000061035156,76.54000091552734,84.85664041137696,0.7043133143984047,47.08952700154537,42.1696957666166,0.3841080909998926,91.74500274658203,False,False,False,False,False,
NASDAQ:TRMB,,https://www.tradingview.com/chart/?symbol=NASDAQ%3ATRMB,False,,-50.78740950726055,-6.486175040331406,57.33000183105469,48.564998626708984,53.7345792388916,0.400137053932551,16.395840040481907,14.77826736056818,0.3763746100832148,58.20000076293945,False,False,False,False,False,
NASDAQ:TROW,,https://www.tradingview.com/chart/?symbol=NASDAQ%3ATROW,True,2026-09-16 09:30,-80.95717142133316,-80.95717142133316,102.4000015258789,86.19999694824219,94.57091723632813,0.45672410544438047,0.6454840713264977,-15.467139681385394,0.334654230923688,105.98999786376953,False,False,True,False,False,
NYSE:TRP,,https://www.tradingview.com/chart/?symbol=NYSE%3ATRP,False,,-39.56785982805916,-37.40226929010354,61.189998626708984,59.89500045776367,62.49336006164551,0.11762019676357016,-34.97013926567154,-40.24521302033661,0.17105567757240042,64.36499786376953,False,True,False,False,False,
NYSE:TRU,,https://www.tradingview.com/chart/?symbol=NYSE%3ATRU,False,,-49.15106251008745,-46.51443371416314,74.63999938964844,63.939998626708984,69.17447959899903,0.48241653631400216,35.289062933310156,22.044428572746767,0.30404393485594927,72.94999694824219,False,False,False,False,False,
NYSE:TRV,,https://www.tradingview.com/chart/?symbol=NYSE%3ATRV,False,,20.027765946396126,51.42688428437649,378.95001220703125,285.1700134277344,311.613810546875,0.8369478714497608,60.85151983940343,59.66338055639974,0.3647579247450974,307.19000244140625,False,False,False,False,False,
NYSE:TS,,https://www.tradingview.com/chart/?symbol=NYSE%3ATS,False,,0.007780584409549096,8.67853777095052,56.290000915527344,52.400001525878906,55.15412109375,0.3333333333333333,-18.094005843129782,-10.148964368284421,0.20348733181242093,57.349998474121094,False,False,False,False,False,
NASDAQ:TSCO,,https://www.tradingview.com/chart/?symbol=NASDAQ%3ATSCO,True,2026-09-16 09:30,-60.56369962677842,-55.742990222670755,32.790000915527344,28.614999771118164,33.889599861145015,0.1868009428702584,13.871607463653438,9.677983422438981,0.6738016766728202,33.16999816894531,False,True,True,False,False,
NASDAQ:TSEM,,https://www.tradingview.com/chart/?symbol=NASDAQ%3ATSEM,False,,-50.72725212301547,-44.46359224035729,202.23500061035156,115.55000305175781,163.05444146728516,0.4306473269904253,-21.279650068570138,-31.26018417124775,0.9070385496889419,221.9199981689453,False,False,False,False,False,
NASDAQ:TSLA,,https://www.tradingview.com/chart/?symbol=NASDAQ%3ATSLA,False,,-30.54678908483544,-30.54678908483544,358.1300048828125,298.3500061035156,333.7523612060547,0.3985068132063968,-27.56334436399356,-20.679864943921782,0.39318003755406644,381.5299987792969,False,False,False,False,False,
NYSE:TSM,,https://www.tradingview.com/chart/?symbol=NYSE%3ATSM,False,,-31.042449013134405,-31.042449013134405,417.8900146484375,315.2449951171875,353.4758139648437,0.633630807278931,20.437222029198157,18.669482352972942,0.39177963131950844,413.4849853515625,False,False,False,False,False,
NYSE:TSN,,https://www.tradingview.com/chart/?symbol=NYSE%3ATSN,False,,-21.464896504541418,-9.104669922056736,52.119998931884766,51.36000061035156,55.46875967407227,0.0436529864857581,-57.51038282030223,-62.07323406088091,0.2961387270214618,58.790000915527344,False,True,False,False,False,
NYSE:TT,,https://www.tradingview.com/chart/?symbol=NYSE%3ATT,True,2026-09-16 09:30,-73.42018800407537,-72.2388666569181,421.6000061035156,404.12799072265625,427.5703428955078,0.17589513200207318,-30.9657957996675,-44.24982529680773,0.21423456832133772,463.6600036621094,False,True,True,False,False,
NYSE:TTE,,https://www.tradingview.com/chart/?symbol=NYSE%3ATTE,False,,47.259934849126694,52.543801246036914,90.87000274658203,74.80000305175781,79.23916247558594,0.8543328963635243,34.303083067628826,40.86512750440377,0.21236238449531264,88.57499694824219,False,False,False,False,False,
NASDAQ:TTMI,,https://www.tradingview.com/chart/?symbol=NASDAQ%3ATTMI,False,,-36.19329277992173,-36.19329277992173,114.01000213623047,87.54000091552734,119.26429983520508,0.19691279242773557,-29.425810533688946,-32.27278480103652,1.0055730310248363,133.67999267578125,False,True,False,False,False,
NASDAQ:TTWO,,https://www.tradingview.com/chart/?symbol=NASDAQ%3ATTWO,False,,-17.62355247721399,-17.62355247721399,211.8000030517578,188.5399932861328,205.1060114135742,0.33136280924348616,-13.887964154640079,-26.63339255916184,0.31464876604826697,223.08999633789062,False,False,False,False,False,
NYSE:TU,,https://www.tradingview.com/chart/?symbol=NYSE%3ATU,False,,-90.28726775955772,-72.56933414378939,8.885000228881836,8.885000228881836,10.036680255889893,0.0,-67.40699906855552,-68.0344004822243,0.4121621665160441,11.84000015258789,False,True,False,True,False,"WATCH: weekly+band ok, waiting on 4h dot"
NASDAQ:TW,,https://www.tradingview.com/chart/?symbol=NASDAQ%3ATW,False,,-58.18016822794535,-41.03298307442051,102.44000244140625,91.5199966430664,99.81067779541016,0.3108455531038796,11.55195983608369,4.479973476648057,0.33238720854688514,105.69000244140625,False,False,False,False,False,
NYSE:TWLO,,https://www.tradingview.com/chart/?symbol=NYSE%3ATWLO,False,,-11.842038021841779,49.13381998569009,238.89999389648438,117.58000183105469,150.30612139892577,0.8748827696501614,54.84483808694768,53.731344541201395,0.7135432786972257,194.33999633789062,False,False,False,False,False,
NASDAQ:TXN,,https://www.tradingview.com/chart/?symbol=NASDAQ%3ATXN,False,,33.17450703731867,33.17450703731867,260.7200012207031,186.38999938964844,220.8153218383789,0.5095632861029545,-33.87786102150412,-35.72406272148156,0.5216349690131573,279.6400146484375,False,False,False,False,False,
NASDAQ:TXRH,,https://www.tradingview.com/chart/?symbol=NASDAQ%3ATXRH,True,2026-09-16 13:30,-72.14247600704901,-72.14247600704901,170.02999877929688,154.4499969482422,168.57695709228517,0.26027400053785577,21.70927115153084,1.8908087733133776,0.3339842773937753,179.22999572753906,False,False,True,False,False,
NYSE:TXT,,https://www.tradingview.com/chart/?symbol=NYSE%3ATXT,False,,-1.5618344195005982,29.039083044049562,80.72000122070312,78.80000305175781,83.03620233154297,0.10696370447758402,-68.21322019416787,-68.17422929958407,0.19927835199990512,90.07499694824219,False,True,False,True,False,
NYSE:TYL,,https://www.tradingview.com/chart/?symbol=NYSE%3ATYL,False,,-44.79747714850589,-10.62633492968971,346.739990234375,275.2200012207031,299.9811243896484,0.6816620268823412,46.60188170141748,44.481322796426795,0.32426255199443005,323.56500244140625,False,False,False,False,False,
NYSE:U,,https://www.tradingview.com/chart/?symbol=NYSE%3AU,False,,17.6407211136561,17.6407211136561,42.119998931884766,17.100000381469727,24.189440147399903,0.8328894599365025,73.17036883057868,67.81457616401666,1.0661934275641434,28.174999237060547,False,False,False,False,False,
NASDAQ:UAL,,https://www.tradingview.com/chart/?symbol=NASDAQ%3AUAL,False,,-28.88399437419569,-28.88399437419569,106.25,85.19999694824219,97.4106382446289,0.4068419176054969,-8.83091539144021,-18.78325598189806,0.4779235587678662,108.26000213623047,False,False,False,False,False,
NYSE:UBER,,https://www.tradingview.com/chart/?symbol=NYSE%3AUBER,False,,-64.57496509241552,-51.164341809783785,71.0,65.94000244140625,69.34076150512695,0.3511449654188729,12.980347491775367,0.17283914797088862,0.19600104312673192,73.5199966430664,False,False,False,False,False,
NYSE:UBS,,https://www.tradingview.com/chart/?symbol=NYSE%3AUBS,False,,-76.87697124612662,-76.87697124612662,50.43000030517578,36.400001525878906,40.961881057739255,0.7258148069867579,49.89659274159059,38.2111987343131,0.4009541253566042,48.209999084472656,False,False,False,False,False,
NYSE:UDR,,https://www.tradingview.com/chart/?symbol=NYSE%3AUDR,False,,-71.37101040195891,-61.29278444155414,34.40999984741211,33.57500076293945,35.42878065490723,0.10630160829200137,-28.962591944092072,-41.6351570675312,0.21033603656388997,37.345001220703125,False,True,False,False,False,
NYSE:UHAL,,https://www.tradingview.com/chart/?symbol=NYSE%3AUHAL,False,,-65.3409117923543,-50.94484875715205,63.2599983215332,42.209999084472656,50.12425994873047,0.627702309179843,25.59079004854883,10.24302379158645,0.5423742951478632,61.83000183105469,False,False,False,False,False,
NYSE:UI,,https://www.tradingview.com/chart/?symbol=NYSE%3AUI,False,,-40.03163113600839,3.9642673827906822,570.25,507.7900085449219,644.6983345947266,0.10766735967567158,-12.914527353715478,-14.877256417054477,0.9918785892214044,584.8699951171875,False,True,False,False,False,
NYSE:UL,,https://www.tradingview.com/chart/?symbol=NYSE%3AUL,False,,-69.79418678685967,-34.46153027586765,62.43000030517578,54.974998474121094,57.78693869018554,0.6256820191544852,44.82730896958836,37.99532644479228,0.1962770868319457,60.70500183105469,False,False,False,False,False,
NYSE:ULS,,https://www.tradingview.com/chart/?symbol=NYSE%3AULS,True,2026-09-16 13:30,-95.15203663256186,-95.15203663256186,64.18000030517578,64.18000030517578,73.80880102539062,0.0,-59.72423505604104,-63.61918377776551,0.46479840076485157,87.77999877929688,False,True,True,False,False,"NEAR: 4h+band ok, weekly shallow"
NASDAQ:ULTA,,https://www.tradingview.com/chart/?symbol=NASDAQ%3AULTA,False,,-18.5944203505769,-18.5944203505769,530.6799926757812,448.8999938964844,497.8145301513672,0.3945673656465968,32.7802026321267,35.09380226827339,0.3986938598297647,519.8599853515625,False,False,False,False,False,
NYSE:UMC,,https://www.tradingview.com/chart/?symbol=NYSE%3AUMC,False,,34.846959136687886,35.323712623825294,22.53499984741211,8.604999542236328,13.177499542236328,0.7189677576864919,18.59469940012457,27.174211881206347,1.0208114050205679,18.979999542236328,False,False,False,False,False,
NYSE:UNH,,https://www.tradingview.com/chart/?symbol=NYSE%3AUNH,True,2026-09-16 13:30,-62.638908098990555,-62.638908098990555,375.3399963378906,256.80999755859375,299.20975842285156,0.6597461670000794,-7.825698423703092,-18.31503757575065,0.4571966804988276,392.9599914550781,False,False,True,False,False,
NYSE:UNM,,https://www.tradingview.com/chart/?symbol=NYSE%3AUNM,False,,11.59175275198583,49.956241420249626,94.80999755859375,72.15499877929688,77.91693899536133,0.9279130833408591,61.22442566615191,63.08106135237564,0.2824012538133735,86.45500183105469,False,False,False,False,False,
NYSE:UNP,,https://www.tradingview.com/chart/?symbol=NYSE%3AUNP,False,,-51.61205760883187,-45.565489581189865,280.95001220703125,233.12460327148438,251.93507373046876,0.6000273376149501,44.25631291676268,28.829227738076597,0.29587356236941187,269.3900146484375,False,False,False,False,False,
NYSE:UPS,,https://www.tradingview.com/chart/?symbol=NYSE%3AUPS,False,,-54.415361587641286,-9.029537147203433,98.79000091552734,94.69000244140625,100.12036114501953,0.17818337474626703,-15.301668136469504,-24.987382518440004,0.22074055044501753,104.23999786376953,False,True,False,False,False,
NYSE:URI,,https://www.tradingview.com/chart/?symbol=NYSE%3AURI,False,,-31.772873668156166,-20.08496880117382,1007.9000244140625,708.905029296875,818.8279350585938,0.6419300723419389,3.9585744852640943,-7.058304193745833,0.46447450147977387,1002.7999877929688,False,False,False,False,False,
NYSE:USB,,https://www.tradingview.com/chart/?symbol=NYSE%3AUSB,False,,-34.94465769526309,-34.94465769526309,59.7400016784668,50.79999923706055,54.24559977722168,0.6123288383490934,36.50141804404888,22.859068735646794,0.2534062633599646,57.6150016784668,False,False,False,False,False,
NYSE:USFD,,https://www.tradingview.com/chart/?symbol=NYSE%3AUSFD,True,2026-09-16 09:30,-89.03542574238072,-75.90247983148123,92.5199966430664,80.19999694824219,87.46053680419922,0.40045506059621616,33.84990060472487,14.887351441531056,0.3298488313169193,93.2699966430664,False,False,True,False,False,
NASDAQ:UTHR,,https://www.tradingview.com/chart/?symbol=NASDAQ%3AUTHR,False,,-0.11771213362350164,6.083531856787201,498.489990234375,487.6499938964844,513.3598416748047,0.09950425058134373,-62.63978487644733,-61.978433611323716,0.20042320928259913,543.5499877929688,False,True,False,True,False,
NYSE:V,,https://www.tradingview.com/chart/?symbol=NYSE%3AV,False,,-39.995659947184926,4.218053841128274,370.94000244140625,295.3800048828125,316.3084831542969,0.852052365800763,63.709368359352396,58.719821143203944,0.26830851472847145,330.5150146484375,False,False,False,False,False,
NYSE:VALE,,https://www.tradingview.com/chart/?symbol=NYSE%3AVALE,False,,-67.3838601720505,-67.3838601720505,14.140000343322754,13.640000343322754,14.631200298309325,0.11904762445393628,-2.6508299834717133,-5.498336497498845,0.27640670573331816,15.194999694824219,False,True,False,False,False,
NYSE:VEEV,,https://www.tradingview.com/chart/?symbol=NYSE%3AVEEV,False,,-36.68059228805745,-6.951928651089898,264.8299865722656,151.38999938964844,183.9945827026367,0.8211065517415428,74.47926810958288,70.35036907008417,0.7694086428855258,179.55999755859375,False,False,False,False,False,
NYSE:VG,,https://www.tradingview.com/chart/?symbol=NYSE%3AVG,False,,16.659220017053183,16.659220017053183,14.654999732971191,10.5,12.154360054016113,0.5927246215844925,50.9641832928856,55.50462916229064,0.533282615805586,13.145000457763672,False,False,False,False,False,
NYSE:VICI,,https://www.tradingview.com/chart/?symbol=NYSE%3AVICI,False,,-71.5397464557285,-60.38088084194919,24.540000915527344,24.540000915527344,25.756580627441405,0.0,-74.35885984949675,-80.47827009401337,0.18959171305788808,27.190000534057617,False,True,False,True,False,"WATCH: weekly+band ok, waiting on 4h dot"
NYSE:VIK,,https://www.tradingview.com/chart/?symbol=NYSE%3AVIK,False,,-33.047580463796486,-16.636418058678114,85.4000015258789,67.7699966430664,77.52151657104493,0.42667001483595973,-5.926954041781051,-15.98857669419369,0.46933211341592274,88.04000091552734,False,False,False,False,False,
NYSE:VIRT,,https://www.tradingview.com/chart/?symbol=NYSE%3AVIRT,False,,-79.88230316527144,-79.88230316527144,57.2599983215332,38.849998474121094,45.71523941040039,0.632863435430127,49.3321761815616,35.380479274756894,0.5234839684549178,55.56999969482422,False,False,False,False,False,
NYSE:VIV,,https://www.tradingview.com/chart/?symbol=NYSE%3AVIV,False,,25.42038148494845,33.791585241428415,11.859999656677246,11.225000381469727,12.623300201416015,0.10717288725298625,-53.20967994135302,-49.797391056418796,0.43921418366113385,13.489999771118164,False,True,False,False,False,
NYSE:VLO,,https://www.tradingview.com/chart/?symbol=NYSE%3AVLO,False,,49.61215677159825,60.24469054292493,403.3999938964844,215.8000030517578,260.86891973876953,0.9823532734727247,84.86513137015936,85.12940973410589,0.7463263338976962,255.8800048828125,False,False,False,False,False,
NYSE:VLTO,,https://www.tradingview.com/chart/?symbol=NYSE%3AVLTO,False,,-66.91431581451224,-7.555634560565163,95.7699966430664,81.26000213623047,85.71332098388672,0.7689453238713183,38.97976056358676,33.23847710222576,0.20922490970600396,90.19000244140625,False,False,False,False,False,
NYSE:VMC,,https://www.tradingview.com/chart/?symbol=NYSE%3AVMC,False,,-65.72442975468864,-58.60845562005565,244.27000427246094,244.27000427246094,260.7215658569336,0.0,-54.66943832458188,-64.96250451316642,0.24841425389076835,280.6199951171875,False,True,False,False,False,
NASDAQ:VNOM,,https://www.tradingview.com/chart/?symbol=NASDAQ%3AVNOM,False,,9.095740050532122,15.588038645720273,43.209999084472656,40.334999084472656,42.849579696655276,0.26982630690494047,13.72459936934989,15.379868081953806,0.23662009511074905,45.029998779296875,False,False,False,False,False,
NASDAQ:VOD,,https://www.tradingview.com/chart/?symbol=NASDAQ%3AVOD,False,,56.76344758349449,56.76344758349449,17.459999084472656,13.010000228881836,14.11093999481201,0.9539120689605827,52.782732213796955,59.52380903264324,0.30341456963763974,15.375,False,False,False,False,False,
NASDAQ:VRSK,,https://www.tradingview.com/chart/?symbol=NASDAQ%3AVRSK,False,,-48.86235316646548,-8.361861991509176,181.85000610351562,156.8000030517578,170.60010089111327,0.4283883193462166,-0.33559657926622916,-9.841777016639728,0.3197276561860836,182.88999938964844,False,False,False,False,False,
NASDAQ:VRSN,,https://www.tradingview.com/chart/?symbol=NASDAQ%3AVRSN,False,,16.382741301872134,51.33431529311556,298.5,235.14999389648438,252.85235620117186,0.8445540308747856,40.97492845797506,46.00184634593152,0.27190347298828677,275.8699951171875,False,False,False,False,False,
NYSE:VRT,,https://www.tradingview.com/chart/?symbol=NYSE%3AVRT,False,,-42.6684360390664,-42.418878726388954,239.6199951171875,223.10000610351562,259.22452783203124,0.10792440205925358,-46.07196714153715,-54.072884350228385,0.5170323457164269,296.05499267578125,False,True,False,False,False,
NASDAQ:VRTX,,https://www.tradingview.com/chart/?symbol=NASDAQ%3AVRTX,False,,-52.435126416263955,-46.169340692456025,513.3499755859375,418.3900146484375,451.3615654296875,0.6796935615777664,65.53257750476398,56.206069257856974,0.3016516523343098,463.1499938964844,False,False,False,False,False,
NYSE:VST,,https://www.tradingview.com/chart/?symbol=NYSE%3AVST,False,,-30.73776697073517,-30.73776697073517,140.41000366210938,134.71380615234375,143.58060876464845,0.1516107520470981,-39.40348803462633,-38.52488067399926,0.24433372222058491,153.77000427246094,False,True,False,False,False,
NYSE:VTR,,https://www.tradingview.com/chart/?symbol=NYSE%3AVTR,False,,-66.37134414593011,-66.37134414593011,88.23500061035156,78.2699966430664,83.5233571472168,0.4476641065126439,18.02613050901736,5.803282988727103,0.25292582201934577,88.01000213623047,False,False,False,False,False,
NASDAQ:VTRS,,https://www.tradingview.com/chart/?symbol=NASDAQ%3AVTRS,False,,-25.975211757878142,14.919460976805015,17.020000457763672,12.954999923706055,14.113759887695313,0.8279023748239296,28.872450519456553,29.79440305909945,0.30280603152683166,16.21500015258789,False,False,False,False,False,
NYSE:VZ,,https://www.tradingview.com/chart/?symbol=NYSE%3AVZ,False,,15.482257416651024,40.491024875997006,49.790000915527344,41.39500045776367,43.802200637817386,0.8230391990033917,45.661381259058025,47.591944057489506,0.21530344618341854,47.375,False,False,False,False,False,
NYSE:W,,https://www.tradingview.com/chart/?symbol=NYSE%3AW,False,,3.331071425757589,55.214603553999304,103.36000061035156,56.939998626708984,71.00441981506347,0.778924373881139,48.76517173374837,47.755377661507545,0.7385673966074772,80.69000244140625,False,False,False,False,False,
NYSE:WAB,,https://www.tradingview.com/chart/?symbol=NYSE%3AWAB,False,,-41.37628690229993,-41.37628690229993,276.44500732421875,234.74000549316406,251.51016131591797,0.5868985676790595,39.81255703363069,25.902689681303684,0.2674746064976351,265.6700134277344,False,False,False,False,False,
NYSE:WAT,,https://www.tradingview.com/chart/?symbol=NYSE%3AWAT,False,,-34.88879148543768,38.99749219951777,418.6400146484375,283.32000732421875,316.26324645996095,0.969410494120682,61.41366426999903,59.260037552599364,0.38268996765183655,364.760009765625,False,False,False,False,False,
NASDAQ:WBD,,https://www.tradingview.com/chart/?symbol=NASDAQ%3AWBD,False,,-48.62876313928276,-45.323770710347674,28.09000015258789,25.280000686645508,26.14194345855713,0.769378078885264,30.314118487899208,30.762472339870836,0.13454779220447058,27.145000457763672,False,False,False,False,False,
NYSE:WCC,,https://www.tradingview.com/chart/?symbol=NYSE%3AWCC,False,,-26.98294360353607,-26.98294360353607,335.4800109863281,250.0,279.5495579833984,0.6826932099663626,16.540865303004292,9.686264335726595,0.3695036205740684,338.8599853515625,False,False,False,False,False,
TSX:WCN,,https://www.tradingview.com/chart/?symbol=TSX%3AWCN,False,,-66.81925694323989,-43.106672511172235,219.02999877929688,205.00999450683594,214.58923724365235,0.34540527881021327,-10.821632590623855,-25.718893927360817,0.17956209267285853,226.0500030517578,False,False,False,False,False,
NYSE:WCN,,https://www.tradingview.com/chart/?symbol=NYSE%3AWCN,False,,-66.31348754883068,-56.1581803308606,156.52999877929688,148.1699981689453,154.4393387451172,0.31469978701455054,-1.5826993799608715,-18.49552702949369,0.16211022904106975,163.8699951171875,False,False,False,False,False,
TSX:WCP,,https://www.tradingview.com/chart/?symbol=TSX%3AWCP,False,,55.45938138334557,63.373036720664864,18.530000686645508,13.704999923706055,15.027779815673828,0.8608387434433822,67.48622287954481,70.08194812554987,0.3522941292264077,15.90999984741211,False,False,False,False,False,
NASDAQ:WDAY,,https://www.tradingview.com/chart/?symbol=NASDAQ%3AWDAY,False,,-35.6300190968035,-7.636693721757946,187.6999969482422,110.76490020751953,133.58258303833009,0.7957286007277529,64.33265759650122,58.73075392132934,0.7207238251186864,134.14999389648438,False,False,False,False,False,
NASDAQ:WDC,,https://www.tradingview.com/chart/?symbol=NASDAQ%3AWDC,False,,-49.6403666169715,-49.6403666169715,416.9100036621094,251.3699951171875,368.1899951171875,0.33442425968671086,-25.1791505909288,-32.54736721651733,1.0612069611872943,466.45001220703125,False,False,False,False,False,
NYSE:WDS,,https://www.tradingview.com/chart/?symbol=NYSE%3AWDS,False,,7.679912032620539,7.679912032620539,23.09000015258789,18.940000534057617,20.320600624084474,0.7094015979341949,41.65314926252537,44.019955721207346,0.25759579996942866,22.709999084472656,False,False,False,False,False,
NYSE:WEC,,https://www.tradingview.com/chart/?symbol=NYSE%3AWEC,False,,-72.05190292591415,-72.05190292591415,103.38999938964844,103.38999938964844,107.18251931762696,0.0,-51.9096400903501,-56.268666048683855,0.1418107989595962,113.31999969482422,False,True,False,False,False,
NYSE:WELL,,https://www.tradingview.com/chart/?symbol=NYSE%3AWELL,True,2026-09-16 09:30,-64.42198329229095,-62.276716268396314,234.64999389648438,195.00999450683594,208.54695465087892,0.691073901113152,47.03389072374973,40.34209789751981,0.2640944712174124,217.19500732421875,False,False,True,False,False,
NYSE:WES,,https://www.tradingview.com/chart/?symbol=NYSE%3AWES,False,,-58.360075527417905,-58.360075527417905,46.880001068115234,40.119998931884766,42.423359436035156,0.6926230180971388,67.90473304347755,60.8357451635017,0.2205650200278072,44.25,False,False,False,False,False,
NYSE:WF,,https://www.tradingview.com/chart/?symbol=NYSE%3AWF,False,,45.49948342865165,48.94089698143327,78.3550033569336,56.220001220703125,62.13180014038086,0.8836329812846806,56.12403121820021,62.01355746968553,0.37742947695829837,66.37000274658203,False,False,False,False,False,
NYSE:WFC,,https://www.tradingview.com/chart/?symbol=NYSE%3AWFC,False,,8.20673980921484,8.20673980921484,87.05000305175781,73.30500030517578,77.37717965698242,0.7965809872186066,46.337895067767704,47.826219240462294,0.20648593010592867,83.56500244140625,False,False,False,False,False,
NYSE:WIT,,https://www.tradingview.com/chart/?symbol=NYSE%3AWIT,False,,-66.8584724854504,-18.867775112331966,1.690000057220459,1.659999966621399,1.870039963245392,0.03370796750702967,-49.506984732325044,-55.24032685221565,0.44389024184323117,2.005000114440918,False,True,False,False,False,
NYSE:WM,,https://www.tradingview.com/chart/?symbol=NYSE%3AWM,False,,-65.29311129769225,-16.0893296409749,214.0,211.3300018310547,219.62304168701172,0.07598173634948446,-27.89691762147969,-35.53434952732498,0.15616736433111317,225.01499938964844,False,True,False,False,False,
NYSE:WMB,,https://www.tradingview.com/chart/?symbol=NYSE%3AWMB,False,,-54.99782528805949,-54.99782528805949,70.90499877929688,69.76499938964844,72.03885989379883,0.11831854041440233,8.195826643495357,1.6153746738902885,0.13135654174048597,73.3499984741211,False,True,False,False,False,
NASDAQ:WMG,,https://www.tradingview.com/chart/?symbol=NASDAQ%3AWMG,False,,2.753770797177996,27.68938253068842,28.290000915527344,23.59000015258789,26.285119720458983,0.4115588017973841,-4.287970352161382,4.826381865791664,0.405683777040902,28.149999618530273,False,False,False,False,False,
NYSE:WMS,,https://www.tradingview.com/chart/?symbol=NYSE%3AWMS,False,,-73.98416641043158,-57.86343355399243,126.87000274658203,125.03500366210938,132.67432250976563,0.05668827189591779,-39.91943760280264,-51.979770123214585,0.22895737727565113,141.3800048828125,False,True,False,False,False,
NASDAQ:WMT,,https://www.tradingview.com/chart/?symbol=NASDAQ%3AWMT,False,,12.406888247415088,43.86431077014176,107.5199966430664,102.62000274658203,110.14368209838867,0.15370120196478465,-55.82267014043939,-51.39962065760113,0.2696666970414058,118.22000122070312,False,True,False,False,False,
TSX:WN,,https://www.tradingview.com/chart/?symbol=TSX%3AWN,False,,7.897142329340007,7.897142329340007,100.79000091552734,93.68000030517578,96.87071951293946,0.5258877496835662,-3.727198816300741,-0.9364794881679521,0.1368143764907796,98.81999969482422,False,False,False,False,False,
NYSE:WPC,,https://www.tradingview.com/chart/?symbol=NYSE%3AWPC,False,,-82.62316385535077,-82.62316385535077,66.5999984741211,66.5999984741211,68.98359811401367,0.0,-30.843155607040263,-42.92660268714191,0.13983106748882024,72.2300033569336,False,True,False,False,False,
TSX:WPM,,https://www.tradingview.com/chart/?symbol=TSX%3AWPM,False,,-35.15307911433484,-35.15307911433484,205.3300018310547,145.32000732421875,164.464326171875,0.7397682213878878,36.73595031709426,38.46173906340911,0.45179612218554804,179.5500030517578,False,False,False,False,False,
NYSE:WPM,,https://www.tradingview.com/chart/?symbol=NYSE%3AWPM,False,,-40.603814754455726,-40.603814754455726,146.74000549316406,103.45999908447266,117.67900088500977,0.7183402643683008,35.175079959963945,36.69152647439677,0.4644977604719625,129.7100067138672,False,False,False,False,False,
NYSE:WRB,,https://www.tradingview.com/chart/?symbol=NYSE%3AWRB,False,,46.417265024376775,58.23774362313977,69.94999694824219,63.54499816894531,66.59175903320312,0.49612679801907644,4.766014655066371,5.659633078251808,0.18918528819244948,68.23999786376953,False,False,False,False,False,
NYSE:WSM,,https://www.tradingview.com/chart/?symbol=NYSE%3AWSM,False,,-30.224904758199546,-30.224904758199546,218.24000549316406,167.9499969482422,187.75511651611328,0.5992613160414932,25.736294864436726,13.64257614377127,0.3900126546417432,215.17250061035156,False,False,False,False,False,
NYSE:WSO,,https://www.tradingview.com/chart/?symbol=NYSE%3AWSO,False,,-37.517912652727354,-37.517912652727354,304.19000244140625,297.55999755859375,335.1972801513672,0.04157263873891303,-59.019737764548495,-57.555387869863935,0.4219494512431295,377.9599914550781,False,True,False,False,False,
TSX:WSP,,https://www.tradingview.com/chart/?symbol=TSX%3AWSP,False,,-50.18350045565136,-0.28008963007045057,181.61000061035156,160.6300048828125,177.0910048828125,0.30078846921202956,-12.71916500676471,-15.513952673546193,0.36520235611227575,190.99000549316406,False,False,False,False,False,
NYSE:WST,,https://www.tradingview.com/chart/?symbol=NYSE%3AWST,False,,3.088702498143654,59.63890130846545,362.010009765625,231.15499877929688,263.18610021972654,0.9641186598033878,29.63383713233813,35.89267522110815,0.41380837874512355,327.989990234375,False,False,False,False,False,
NYSE:WTRG,,https://www.tradingview.com/chart/?symbol=NYSE%3AWTRG,False,,-10.327568925691384,-10.327568925691384,41.375,36.2599983215332,37.61463871765137,0.8911150144180894,61.64254287370279,61.74758653428024,0.1452705236984292,39.51250076293945,False,False,False,False,False,
NYSE:WTS,,https://www.tradingview.com/chart/?symbol=NYSE%3AWTS,False,,-47.50650042354126,-42.470015667251886,348.8500061035156,284.04998779296875,309.57811096191404,0.599057134756095,42.031898237619494,28.47164709820986,0.33723035956624625,320.760009765625,False,False,False,False,False,
NASDAQ:WTW,,https://www.tradingview.com/chart/?symbol=NASDAQ%3AWTW,False,,-65.90681260827851,-35.68091265803141,313.010009765625,241.72999572753906,267.44219500732424,0.6542452137189892,46.73977618172277,36.91283051629605,0.37628650180597994,289.5400085449219,False,False,False,False,False,
NASDAQ:WWD,,https://www.tradingview.com/chart/?symbol=NASDAQ%3AWWD,True,2026-09-16 09:30,-63.266114364359815,-63.138681180643694,318.45001220703125,317.54998779296875,345.7755892333984,0.007525287358961463,-40.91932901288883,-47.465373456199785,0.3258500526350054,367.0400085449219,False,True,True,False,False,"NEAR: 4h+band ok, weekly shallow"
NYSE:WY,,https://www.tradingview.com/chart/?symbol=NYSE%3AWY,False,,-72.21394772087983,-51.93293929997494,21.825000762939453,21.825000762939453,22.773720420837403,0.0,-28.249103828362156,-42.97383757954617,0.16666660076877535,24.1200008392334,False,True,False,False,False,
NASDAQ:XEL,,https://www.tradingview.com/chart/?symbol=NASDAQ%3AXEL,True,2026-09-16 13:30,-83.09857923106836,-83.09857923106836,72.70999908447266,72.48500061035156,74.97125967407227,0.021357243365103782,-53.991533601325045,-61.260808808887845,0.13295048355284853,79.23999786376953,False,True,True,False,False,"NEAR: 4h+band ok, weekly shallow"
NYSE:XOM,,https://www.tradingview.com/chart/?symbol=NYSE%3AXOM,False,,40.4199745346452,42.13905557604142,163.3300018310547,136.0449981689453,144.67436395263672,0.7462032582310206,46.15526425715623,49.471292910839985,0.23817814118891925,153.52000427246094,False,False,False,False,False,
NYSE:XPEV,,https://www.tradingview.com/chart/?symbol=NYSE%3AXPEV,True,2026-09-16 09:30,-63.76282164264149,-55.214487146839154,10.34000015258789,10.220000267028809,12.592673572540283,0.011935892280727816,-66.58191035403736,-67.37663352691908,0.6926421088034945,14.515000343322754,False,True,True,True,True,FULL PASS
NYSE:XPO,,https://www.tradingview.com/chart/?symbol=NYSE%3AXPO,False,,-62.54682043202513,-62.54682043202513,174.4600067138672,174.4600067138672,187.18748498535157,0.0,-51.841190032825835,-61.91018013256982,0.2646481156091767,203.77999877929688,False,True,False,False,False,
NYSE:XYL,,https://www.tradingview.com/chart/?symbol=NYSE%3AXYL,False,,-33.05927057439971,-1.2846465148757134,107.23300170898438,105.65750122070312,111.32680920410156,0.06558439166176513,-32.76992459564607,-39.52253185995039,0.20451635997206236,117.45999908447266,False,True,False,False,False,
NYSE:XYZ,,https://www.tradingview.com/chart/?symbol=NYSE%3AXYZ,False,,-52.081373679494895,-52.081373679494895,76.6500015258789,55.97999954223633,62.83698051452637,0.7114093633703774,43.49271402020897,29.856180806966222,0.39178806209684885,74.16000366210938,False,False,False,False,False,
NYSE:YPF,,https://www.tradingview.com/chart/?symbol=NYSE%3AYPF,False,,59.340459199432985,59.340459199432985,54.654998779296875,36.685001373291016,41.63038090515137,0.8575518543107722,54.4998467855202,62.363982236577456,0.4327309932164165,48.42499923706055,False,False,False,False,False,
NYSE:YUM,,https://www.tradingview.com/chart/?symbol=NYSE%3AYUM,False,,-78.26389044572065,-68.29386551118168,138.02999877929688,138.02999877929688,144.9849190673828,0.0,-32.900918311589116,-47.51152990502039,0.19173091877058865,153.7050018310547,False,True,False,False,False,
NYSE:YUMC,,https://www.tradingview.com/chart/?symbol=NYSE%3AYUMC,False,,-59.23291641770095,-59.23291641770095,41.375,40.209999084472656,43.54113948059082,0.08253636393856162,-5.375537010605368,-18.728220027319292,0.30565183164117066,46.18000030517578,False,True,False,False,False,
NYSE:ZBH,,https://www.tradingview.com/chart/?symbol=NYSE%3AZBH,False,,-68.34986450870845,2.844997985701241,96.79000091552734,79.58499908447266,84.73097915649414,0.7890392841210276,51.837976516090656,43.372917301912274,0.23948379543469783,91.05000305175781,False,False,False,False,False,
NASDAQ:ZBRA,,https://www.tradingview.com/chart/?symbol=NASDAQ%3AZBRA,False,,-34.582828492545495,-34.582828492545495,341.4100036621094,199.3000030517578,242.73107916259767,0.7722111250122196,73.06515311508751,65.59372812844592,0.7374177966054024,249.55999755859375,False,False,False,False,False,
NASDAQ:ZM,,https://www.tradingview.com/chart/?symbol=NASDAQ%3AZM,False,,-60.65601236051382,-60.65601236051382,91.94000244140625,74.0999984741211,83.13997854614257,0.46573564352314106,19.327631957385318,7.337586228894441,0.4140633382406341,92.51000213623047,False,False,False,False,False,
NASDAQ:ZS,,https://www.tradingview.com/chart/?symbol=NASDAQ%3AZS,False,,-38.140261346039814,36.94398778221369,191.57000732421875,117.83999633789062,136.17601806640624,0.9489671669462,47.07259023184745,49.15315533827027,0.5249308168890605,148.00999450683594,False,False,False,False,False,
NYSE:ZTO,,https://www.tradingview.com/chart/?symbol=NYSE%3AZTO,False,,-57.4201805781575,-57.4201805781575,20.184999465942383,20.184999465942383,21.526659790039062,0.0,-45.15183868547121,-50.91977473280171,0.24078785371985484,23.610000610351562,False,True,False,False,False,
NYSE:ZTS,,https://www.tradingview.com/chart/?symbol=NYSE%3AZTS,False,,-63.425473346788124,-35.73842130791865,73.01000213623047,71.68499755859375,83.75639791870117,0.02590429204515945,-35.571028756468685,-38.33963724824806,0.6579624766071314,77.73999786376953,False,True,False,False,False,
NYSE:CRL,,https://www.tradingview.com/chart/?symbol=NYSE%3ACRL,False,,-59.078561321506015,-42.89448045471645,273.4100036621094,149.92999267578125,185.12821728515624,0.8279191043349299,69.48342533693905,62.31939261544299,0.8009506157229683,186.2100067138672,False,False,False,False,False,
NYSE:AES,,https://www.tradingview.com/chart/?symbol=NYSE%3AAES,False,,26.221576683041054,26.221576683041054,14.819999694824219,14.0,14.203904075622559,0.9490733688753491,53.51847577164231,53.86320029328287,0.05889572705802201,14.670000076293945,True,False,False,False,False,
TSX:ATRL,,https://www.tradingview.com/chart/?symbol=TSX%3AATRL,False,,-18.756894379459435,16.92407225022563,86.98999786376953,79.87000274658203,83.93156253051758,0.41371269587174814,-27.399306907656552,-25.683730577201693,0.19483752663550877,88.33000183105469,False,False,False,False,False,
NASDAQ:LFUS,,https://www.tradingview.com/chart/?symbol=NASDAQ%3ALFUS,False,,-28.377357203750005,-28.377357203750005,396.1499938964844,306.9700012207031,350.0494432373047,0.4885503917013056,-9.735651709077397,-18.74134365894759,0.4392627048256343,415.55999755859375,False,False,False,False,False,
NYSE:TIMB,,https://www.tradingview.com/chart/?symbol=NYSE%3ATIMB,False,,44.697674711243344,44.697674711243344,19.065000534057617,17.260000228881836,19.782840354919433,0.16884941206739632,-57.173594798634944,-49.80907607671756,0.48480729723066807,22.049999237060547,False,True,False,False,False,
NYSE:DCI,,https://www.tradingview.com/chart/?symbol=NYSE%3ADCI,False,,-66.49853241819193,-66.49853241819193,86.33999633789062,80.7300033569336,84.94732220458984,0.3139336605392408,21.024097540110258,4.256404375422845,0.20249286251770537,88.25,False,False,False,False,False,
NYSE:HL,,https://www.tradingview.com/chart/?symbol=NYSE%3AHL,True,2026-09-16 09:30,-66.04154257089472,-66.04154257089472,18.010000228881836,14.0649995803833,16.072156200408934,0.4638502764342145,29.256545532011074,26.182782829327785,0.4792843353102615,17.7450008392334,False,False,True,False,False,
NASDAQ:VIAV,,https://www.tradingview.com/chart/?symbol=NASDAQ%3AVIAV,False,,-30.394166685717693,-30.394166685717693,34.459999084472656,29.239999771118164,35.59547939300537,0.193835856810733,-39.94223413069373,-43.51653480859915,0.6465785692971561,41.650001525878906,False,True,False,False,False,
NASDAQ:SFD,,https://www.tradingview.com/chart/?symbol=NASDAQ%3ASFD,False,,-74.006481588301,-64.68711983164985,19.96500015258789,19.959999084472656,22.256279426574707,0.0005139843134810322,-60.51144960509126,-66.56796054810943,0.3813443732055299,25.514999389648438,False,True,False,True,False,"WATCH: weekly+band ok, waiting on 4h dot"
NYSE:HUBS,,https://www.tradingview.com/chart/?symbol=NYSE%3AHUBS,False,,-52.34150357741547,-4.39743513192471,236.44000244140625,170.38499450683594,197.84005609130858,0.5677999236896638,38.5346649336604,37.549676795755104,0.5197239484325997,223.83999633789062,False,False,False,False,False,
NASDAQ:JKHY,,https://www.tradingview.com/chart/?symbol=NASDAQ%3AJKHY,False,,-41.948937034728175,-30.29769173878819,159.02999877929688,123.01000213623047,134.95868148803712,0.7114358798554891,41.51607034104206,37.669231191996346,0.330850144790484,153.02999877929688,False,False,False,False,False,
NYSE:SUN,,https://www.tradingview.com/chart/?symbol=NYSE%3ASUN,False,,43.6103398467256,64.30884844429227,78.93000030517578,61.90999984741211,66.16271995544433,0.9445061057382402,62.39716143361079,64.84868689568196,0.2640293107364641,68.25,False,False,False,False,False,
NASDAQ:CART,,https://www.tradingview.com/chart/?symbol=NASDAQ%3ACART,False,,-38.08221589786239,-35.16657146071366,46.84000015258789,35.41999816894531,39.28095831298828,0.6980441049871802,59.11030792231096,47.365335097647844,0.38073074576663607,42.970001220703125,False,False,False,False,False,
NASDAQ:CGNX,,https://www.tradingview.com/chart/?symbol=NASDAQ%3ACGNX,False,,-19.316248902880744,-19.316248902880744,60.099998474121094,45.76499938964844,52.065019317626955,0.5369919179003403,-10.273958986803502,-17.92149360122515,0.4304256610414542,62.02000045776367,False,False,False,False,False,
NYSE:SUZ,,https://www.tradingview.com/chart/?symbol=NYSE%3ASUZ,False,,5.619147644694157,5.619147644694157,9.09000015258789,7.65500020980835,8.416005659103394,0.4450165065305232,33.05408434022966,40.213982507089256,0.37758774892546926,8.539999961853027,False,False,False,False,False,
NYSE:FIG,,https://www.tradingview.com/chart/?symbol=NYSE%3AFIG,False,,-46.605330798580326,-10.081061697493965,23.079999923706055,16.815000534057617,20.082420372009278,0.4525099097408692,33.86376860932609,22.342330146949873,0.6250564131735707,22.149999618530273,False,False,False,False,False,
NASDAQ:CYTK,,https://www.tradingview.com/chart/?symbol=NASDAQ%3ACYTK,False,,-55.52335100486082,-55.52335100486082,69.38999938964844,59.369998931884766,65.9425994720459,0.359784547011928,-18.444343494148573,-27.102717816638272,0.3734370623411385,74.57749938964844,False,False,False,False,False,
NYSE:HBM,,https://www.tradingview.com/chart/?symbol=NYSE%3AHBM,True,2026-09-16 09:30,-53.189321597727066,-52.31185300424021,25.260000228881836,18.059999465942383,21.319159790039063,0.5213613357681836,30.40461758039748,22.11388536583853,0.5654043727598902,24.424999237060547,False,False,False,False,False,
NASDAQ:ZION,,https://www.tradingview.com/chart/?symbol=NASDAQ%3AZION,False,,-16.089973135922694,-16.089973135922694,65.4800033569336,53.09000015258789,57.86664054870605,0.6121542577502523,23.6180102891291,10.506386164081713,0.3059712957156712,66.1500015258789,False,False,False,False,False,
NASDAQ:GSAT,,https://www.tradingview.com/chart/?symbol=NASDAQ%3AGSAT,False,,-7.5231579245751625,-7.5231579245751625,81.91000366210938,56.65999984741211,63.20664024353027,0.9102380060163301,31.50702432298958,29.022126198430314,0.3418782584068613,81.13999938964844,False,False,False,False,False,
NYSE:CACI,,https://www.tradingview.com/chart/?symbol=NYSE%3ACACI,False,,-18.536141816219693,32.76123195419394,630.7899780273438,439.5899963378906,496.3503514404297,0.79497733228051,40.265535662597486,40.89194028837244,0.45942689445663204,523.5,False,False,False,False,False,
TSX:FTT,,https://www.tradingview.com/chart/?symbol=TSX%3AFTT,False,,-2.832580186977561,0.1345112860791898,92.80000305175781,80.5,87.19059963989258,0.4338625648599488,-28.01000301083018,-28.264586290113815,0.2952202315369921,96.02999877929688,False,False,False,False,False,
NYSE:GMED,,https://www.tradingview.com/chart/?symbol=NYSE%3AGMED,False,,-64.54620185093115,-30.56146392727013,75.26000213623047,73.55000305175781,79.03700305175781,0.07354834771925403,-14.848737760973767,-26.857869361247836,0.28174989027891023,82.5199966430664,False,True,False,False,False,
NYSE:DAR,,https://www.tradingview.com/chart/?symbol=NYSE%3ADAR,False,,-9.339205530409643,0.46658121446267886,65.56999969482422,51.900001525878906,55.992240661621096,0.7883506952694224,47.642704274595474,50.34974101112577,0.28559657900538654,60.71500015258789,False,False,False,False,False,
NASDAQ:VSAT,,https://www.tradingview.com/chart/?symbol=NASDAQ%3AVSAT,False,,-31.312819336644605,-31.312819336644605,71.04000091552734,43.720001220703125,54.59488165283203,0.5928819142626955,16.83766362377394,8.06228448939511,0.6589446822531206,69.93000030517578,False,False,False,False,False,
NYSE:QXO,,https://www.tradingview.com/chart/?symbol=NYSE%3AQXO,True,2026-09-16 13:30,-77.93980518932925,-77.93980518932925,11.279000282287598,11.279000282287598,14.523056125640869,0.0,-60.20588301986634,-65.14247523032994,0.8275736803812033,16.610000610351562,False,True,True,True,True,FULL PASS
NYSE:CFR,,https://www.tradingview.com/chart/?symbol=NYSE%3ACFR,False,,-17.469083945663197,-17.469083945663197,159.47999572753906,129.50999450683594,139.1128350830078,0.7365445913614784,50.768632662981226,43.98858378707748,0.27970442161351394,145.47500610351562,False,False,False,False,False,
NYSE:PNR,,https://www.tradingview.com/chart/?symbol=NYSE%3APNR,False,,-71.41719626649571,-48.31729723382483,56.45000076293945,56.20000076293945,64.79630058288575,0.006863418125912765,-67.15672629507496,-69.4214352977373,0.4911015253646258,74.16999816894531,False,True,False,True,False,"WATCH: weekly+band ok, waiting on 4h dot"
NYSE:OGE,,https://www.tradingview.com/chart/?symbol=NYSE%3AOGE,False,,-47.16366453516114,-47.16366453516114,46.029998779296875,45.529998779296875,46.58255946350098,0.11210755044420667,-22.171876324949267,-26.41517561275687,0.09361886977981414,47.63999938964844,False,True,False,False,False,
TSX:X,,https://www.tradingview.com/chart/?symbol=TSX%3AX,False,,-28.60185398879172,-0.46974934721197165,52.95000076293945,45.31999969482422,47.88767994689941,0.7012867940312616,39.54503974232444,38.02781080420663,0.20991704965745006,51.83000183105469,False,False,False,False,False,
TSX:KEY,,https://www.tradingview.com/chart/?symbol=TSX%3AKEY,True,2026-09-16 09:30,-69.30346645446535,-64.5957049004425,53.38999938964844,48.93000030517578,51.80920048522949,0.3655736725870556,9.697943815844868,-9.238533299468617,0.21458096669012092,56.85499954223633,False,False,True,False,False,
NASDAQ:ONB,,https://www.tradingview.com/chart/?symbol=NASDAQ%3AONB,False,,-12.186385058897523,8.31486016791004,25.329999923706055,20.915000915527344,22.419500915527344,0.6925488640280331,23.042123449484478,11.805983658872526,0.2589358157064344,24.6200008392334,False,False,False,False,False,
NASDAQ:VICR,,https://www.tradingview.com/chart/?symbol=NASDAQ%3AVICR,False,,-10.722377563208878,-10.722377563208878,183.9499969482422,141.64999389648438,197.73539245605468,0.17799286403593537,-36.81566472703041,-39.525672149266505,1.0379315515362753,228.96499633789062,False,True,False,False,False,
NYSE:ORI,,https://www.tradingview.com/chart/?symbol=NYSE%3AORI,False,,-38.493193115704656,-23.266676716736516,40.904998779296875,36.65999984741211,38.5302996673584,0.5356466044858919,24.560627386883237,14.517276518278683,0.1940974499548739,40.83000183105469,False,False,False,False,False,
NASDAQ:SIRI,,https://www.tradingview.com/chart/?symbol=NASDAQ%3ASIRI,False,,11.914479666096808,30.201035766805557,28.56999969482422,21.700000762939453,24.265320510864257,0.6320146832520034,18.130840439818794,15.015312723903094,0.3869015553496701,28.094999313354492,False,False,False,False,False,
NYSE:CTRE,,https://www.tradingview.com/chart/?symbol=NYSE%3ACTRE,False,,-70.45096664277277,-68.9840313987661,37.97999954223633,36.09000015258789,37.81516047668457,0.2585497995327388,-11.41754036110426,-20.236783178500282,0.1848761053118838,39.540000915527344,False,False,False,False,False,
NASDAQ:AAL,,https://www.tradingview.com/chart/?symbol=NASDAQ%3AAAL,False,,-34.33521201648947,-34.33521201648947,12.710000038146973,10.175000190734863,12.080723552703857,0.31392802120615,-25.008148353105863,-32.45114931246788,0.6012731800372324,13.430000305175781,False,False,False,False,False,
NASDAQ:KRYS,,https://www.tradingview.com/chart/?symbol=NASDAQ%3AKRYS,False,,-51.80279646725875,-50.58939757941067,336.6300048828125,243.5,275.28920288085936,0.6913882438234195,35.560905958982296,28.67727143517286,0.4252565499827348,316.75,False,False,False,False,False,
NASDAQ:CORT,,https://www.tradingview.com/chart/?symbol=NASDAQ%3ACORT,False,,-35.2868253961619,-35.2868253961619,111.81999969482422,32.13999938964844,53.705678741455074,0.871963260014165,59.84813857980021,54.28504091995837,1.146405699447795,79.70999908447266,False,False,False,False,False,
TSX:ATZ,,https://www.tradingview.com/chart/?symbol=TSX%3AATZ,True,2026-09-16 13:30,-71.82194763772657,-71.82194763772657,119.51000213623047,105.6500015258789,121.63192001342773,0.2046663012698572,-43.96619546784228,-50.35491941465202,0.4841984362632441,139.86000061035156,False,True,True,False,False,"NEAR: 4h+band ok, weekly shallow"
NYSE:BRX,,https://www.tradingview.com/chart/?symbol=NYSE%3ABRX,False,,-73.68316354718819,-73.68316354718819,27.989999771118164,27.989999771118164,29.09683989715576,0.0,-27.77602571013026,-36.504731132927816,0.15591757134152873,30.079999923706055,False,True,False,False,False,
NASDAQ:ENSG,,https://www.tradingview.com/chart/?symbol=NASDAQ%3AENSG,False,,5.631319009443572,31.968112935005497,177.97999572753906,146.9499969482422,162.4032759399414,0.4738851680505917,3.5995455703944796,4.143087728856649,0.36938000874021215,177.27000427246094,False,False,False,False,False,
NYSE:SSB,,https://www.tradingview.com/chart/?symbol=NYSE%3ASSB,False,,-24.01604731882371,-24.01604731882371,103.87000274658203,87.83499908447266,93.44353894042969,0.6747319197952054,53.17623962643154,42.91898612707131,0.24148967081888884,98.41000366210938,False,False,False,False,False,
NYSE:BEP,,https://www.tradingview.com/chart/?symbol=NYSE%3ABEP,True,2026-09-16 09:30,-70.17362410733774,-69.59992691542915,29.100000381469727,28.799999237060547,30.83667948913574,0.034762584852692145,-40.1027693480921,-51.97583424369907,0.25986152683003816,33.209999084472656,False,True,True,False,False,"NEAR: 4h+band ok, weekly shallow"
NYSE:ALSN,,https://www.tradingview.com/chart/?symbol=NYSE%3AALSN,False,,-53.62584173089716,-53.62584173089716,118.68000030517578,107.5,114.32984057617188,0.3863164948866716,45.207401659881185,34.59591143822603,0.2423785768137847,119.4000015258789,False,False,False,False,False,
NYSE:HMY,,https://www.tradingview.com/chart/?symbol=NYSE%3AHMY,False,,-40.29237515665958,-40.29237515665958,19.225000381469727,13.329999923706055,15.739560157775879,0.5773751111763707,42.39781281521845,38.27897200302677,0.6172914405486153,16.540000915527344,False,False,False,False,False,
NYSE:AYI,,https://www.tradingview.com/chart/?symbol=NYSE%3AAYI,True,2026-09-16 09:30,-81.5700751580618,-80.61582325063388,296.92999267578125,257.8399963378906,285.8815180664063,0.32898496825730306,15.507432453488049,-4.182706793189459,0.38966323476928316,304.92999267578125,False,False,True,False,False,
NASDAQ:WYNN,,https://www.tradingview.com/chart/?symbol=NASDAQ%3AWYNN,False,,-69.98586451513584,-69.98586451513584,84.23999786376953,84.23999786376953,90.27215908813477,0.0,-49.34523970740307,-60.63478374995036,0.25374768525934827,100.7300033569336,False,True,False,False,False,
NASDAQ:FRHC,,https://www.tradingview.com/chart/?symbol=NASDAQ%3AFRHC,False,,-28.237110266242784,-28.237110266242784,164.5,128.27999877929688,139.50887921142578,0.7612442166209191,57.02496492191262,54.718059165362966,0.3166300690641185,150.27000427246094,False,False,False,False,False,
NYSE:BMNR,,https://www.tradingview.com/chart/?symbol=NYSE%3ABMNR,False,,-19.56912421543497,-19.56912421543497,22.809999465942383,13.3149995803833,16.410139751434325,0.723980126635435,46.37661165605794,47.956766201982006,0.671875021374616,19.520000457763672,False,False,False,False,False,
NASDAQ:LINE,,https://www.tradingview.com/chart/?symbol=NASDAQ%3ALINE,False,,-49.26454038615619,5.205611328718234,37.93000030517578,31.81999969482422,34.948179946899415,0.4609581379098569,-29.591599398220513,-38.5025129567627,0.33021926431651916,40.13999938964844,False,False,False,False,False,
NYSE:WLK,,https://www.tradingview.com/chart/?symbol=NYSE%3AWLK,False,,-69.12664188553742,-57.94995558676203,70.68000030517578,68.94999694824219,81.81907846069336,0.031725713435050186,-37.51226163668674,-43.62044192794697,0.636364429583921,85.68990325927734,False,True,False,False,False,
NYSE:TKR,,https://www.tradingview.com/chart/?symbol=NYSE%3ATKR,False,,-49.1332940322876,-44.37685776350943,116.76000213623047,95.30999755859375,107.24215698242188,0.4242485287460389,-19.095846144018847,-28.980423171087576,0.4128694915612205,122.45999908447266,False,False,False,False,False,
NASDAQ:ERIE,,https://www.tradingview.com/chart/?symbol=NASDAQ%3AERIE,False,,-57.74434363236059,-10.942892089364058,245.5500030517578,206.64500427246094,221.37612384033204,0.6232777943055527,31.60218437038692,25.150905539756458,0.25740736685629484,242.4949951171875,False,False,False,False,False,
NASDAQ:WULF,,https://www.tradingview.com/chart/?symbol=NASDAQ%3AWULF,False,,-34.99372849666279,-34.99372849666279,15.404999732971191,13.404999732971191,17.14441979598999,0.1262227810851929,-36.38533909562136,-38.09469032498489,0.8192864602903628,19.34000015258789,False,True,False,False,False,
NYSE:GME,,https://www.tradingview.com/chart/?symbol=NYSE%3AGME,False,,72.22340364597628,72.22340364597628,21.979999542236328,17.850000381469727,19.896120399475098,0.47635514699234005,-52.064353457273114,-33.5635385244281,0.3944495112310556,21.979999542236328,False,False,False,False,False,
NASDAQ:CIFR,,https://www.tradingview.com/chart/?symbol=NASDAQ%3ACIFR,False,,-29.198547680456027,-23.652796155043607,16.733800888061523,12.012200355529785,16.080321071624756,0.27390970018881733,-37.36000955661481,-38.64974949148948,0.9317729537551468,18.5,False,False,False,False,False,
NYSE:PRI,,https://www.tradingview.com/chart/?symbol=NYSE%3APRI,False,,-15.901474516857895,14.988479771793655,291.94000244140625,245.0399932861328,264.27399688720703,0.5754601272938495,19.064053403379834,9.269278355939843,0.28974692694995746,281.2799987792969,False,False,False,False,False,
NASDAQ:FROG,,https://www.tradingview.com/chart/?symbol=NASDAQ%3AFROG,False,,-28.67513510013973,28.67573252903762,92.68000030517578,40.810001373291016,55.73936097717285,0.8199494199832855,40.5992510572207,36.05412324993874,0.795823374280983,79.48999786376953,False,False,False,False,False,
NYSE:PSO,,https://www.tradingview.com/chart/?symbol=NYSE%3APSO,False,,-46.390751683891956,1.468431575460773,15.920000076293945,12.595000267028809,13.783260005950927,0.6603774657032313,25.047770266417846,14.409026149694755,0.32940784717052285,15.28499984741211,False,False,False,False,False,
NASDAQ:SOLS,,https://www.tradingview.com/chart/?symbol=NASDAQ%3ASOLS,False,,-50.22188485566908,-49.67266316794407,58.4900016784668,54.959999084472656,63.185779876708985,0.10127678249934607,-35.924677866329084,-38.1014912491411,0.45961632198490016,75.83499908447266,False,True,False,False,False,
NYSE:HLI,,https://www.tradingview.com/chart/?symbol=NYSE%3AHLI,False,,-4.5809750514478935,-4.5809750514478935,130.35000610351562,122.63999938964844,132.10831823730467,0.1921736702944962,-31.774145772142607,-24.855233327045674,0.28624424992101705,140.16000366210938,False,True,False,False,False,
NASDAQ:HSIC,,https://www.tradingview.com/chart/?symbol=NASDAQ%3AHSIC,False,,-48.162445305967395,-44.77755493134658,86.80000305175781,68.9800033569336,74.21920263671875,0.802702799300845,51.378256234098274,43.570934593306674,0.27751729715629936,79.99500274658203,False,False,False,False,False,
NYSE:ADC,,https://www.tradingview.com/chart/?symbol=NYSE%3AADC,False,,-83.73327857539003,-83.73327857539003,68.51000213623047,68.51000213623047,71.4930419921875,0.0,-29.675998902176456,-40.743169027771714,0.16668863358080488,75.83000183105469,False,True,False,False,False,
NYSE:LEVI,,https://www.tradingview.com/chart/?symbol=NYSE%3ALEVI,True,2026-09-16 09:30,-54.85571518321303,-54.85571518321303,19.65999984741211,17.8700008392334,19.67304069519043,0.23429308261516493,-27.47439638530283,-36.80144386733424,0.3397065125567402,22.489999771118164,False,True,False,False,False,
NYSE:RDY,,https://www.tradingview.com/chart/?symbol=NYSE%3ARDY,True,2026-09-16 13:30,-63.17441976942349,-63.17441976942349,11.6899995803833,11.395000457763672,12.34018025970459,0.07365772395397026,-45.61091380569258,-48.3272672952152,0.3021500661024723,13.255000114440918,False,True,True,False,False,"NEAR: 4h+band ok, weekly shallow"
NASDAQ:PSKY,,https://www.tradingview.com/chart/?symbol=NASDAQ%3APSKY,False,,-25.463182189303925,32.83254475502741,11.140000343322754,7.724999904632568,8.692599882125855,0.8329269556400708,8.799250607893288,18.097023275337335,0.400782022296776,10.229999542236328,False,False,False,False,False,
NASDAQ:ABVX,,https://www.tradingview.com/chart/?symbol=NASDAQ%3AABVX,False,,-54.266660765414144,-54.266660765414144,102.19499969482422,72.47000122070312,89.9009613647461,0.4024505581977358,-19.114521077443303,-28.34737466808768,0.6215079340826455,118.83999633789062,False,False,False,False,False,
NYSE:MSGS,,https://www.tradingview.com/chart/?symbol=NYSE%3AMSGS,False,,20.333384776763378,32.98746164273793,394.2300109863281,307.79998779296875,333.5192703857422,0.7930814321922053,32.01348066720375,28.463721016295917,0.2866838711707722,380.1400146484375,False,False,False,False,False,
NYSE:FPS,,https://www.tradingview.com/chart/?symbol=NYSE%3AFPS,False,,-18.305478283135212,20.15530485800686,34.849998474121094,27.959999084472656,36.60231973266602,0.18814852192471568,-33.10604838221673,-33.52358622660795,0.9716106150407577,37.689998626708984,False,True,False,False,False,
NYSE:YMM,,https://www.tradingview.com/chart/?symbol=NYSE%3AYMM,True,2026-09-16 09:30,-67.70850079061802,-60.265319615020246,8.050000190734863,7.545000076293945,8.058300121307372,0.23218394030130843,-11.20802375388876,-24.068556439871728,0.25232021109171926,8.619999885559082,False,True,True,False,False,
NASDAQ:SIMO,,https://www.tradingview.com/chart/?symbol=NASDAQ%3ASIMO,False,,-16.839529553308044,-16.839529553308044,241.13999938964844,105.3949966430664,160.4974585876465,0.5813863758104628,-2.0146177010052173,-4.13075010980512,0.9260500682902362,252.1300048828125,False,False,False,False,False,
NYSE:VMI,,https://www.tradingview.com/chart/?symbol=NYSE%3AVMI,False,,-14.63673759637409,-14.63673759637409,475.3999938964844,384.010009765625,431.18169091796875,0.4572242440380184,-27.35321468906257,-30.331752688692376,0.4052840331159209,493.18499755859375,False,False,False,False,False,
NASDAQ:COLB,,https://www.tradingview.com/chart/?symbol=NASDAQ%3ACOLB,False,,-18.700923738603652,-3.395161750317597,29.729999542236328,26.100000381469727,27.877080543518066,0.48207155773629906,0.36981710511973276,-11.698735095339742,0.25070753204263163,30.03499984741211,False,False,False,False,False,
NASDAQ:SWKS,,https://www.tradingview.com/chart/?symbol=NASDAQ%3ASWKS,False,,63.56392961270572,63.56392961270572,85.58999633789062,52.5099983215332,61.38005900573731,0.8801382323982209,35.78626085822649,51.9643962432166,0.5673207984780365,66.25,False,False,False,False,False,
NYSE:GGB,,https://www.tradingview.com/chart/?symbol=NYSE%3AGGB,False,,19.86464779890287,19.86464779890287,4.985000133514404,3.255000114440918,3.7010400829315184,0.9153439900979333,38.53291696233268,44.36076625745105,0.41356669485605413,4.570000171661377,False,False,False,False,False,
NYSE:ESI,,https://www.tradingview.com/chart/?symbol=NYSE%3AESI,True,2026-09-16 09:30,-57.924423653991646,-56.502249047604295,32.11000061035156,30.100000381469727,34.58636043548584,0.10573383507003059,-38.41717289972197,-45.99156699316027,0.4954391649222819,38.369998931884766,False,True,False,False,False,
NYSE:UHS,,https://www.tradingview.com/chart/?symbol=NYSE%3AUHS,False,,28.029209560465222,55.33137990695547,181.32000732421875,140.19000244140625,153.22900244140624,0.7444344775169683,32.95138639998538,38.082844211587066,0.3253636463950582,169.80999755859375,False,False,False,False,False,
NYSE:NNN,,https://www.tradingview.com/chart/?symbol=NYSE%3ANNN,False,,-80.40010832082957,-80.40010832082957,41.65999984741211,41.65999984741211,43.524400207519534,0.0,-6.468430193404937,-24.016910417408713,0.17512749764995708,45.11000061035156,False,True,False,False,False,
NYSE:OSK,,https://www.tradingview.com/chart/?symbol=NYSE%3AOSK,False,,-63.308245036320876,-56.57060653045425,145.08999633789062,119.19000244140625,128.50020172119142,0.6565271457552908,33.97639907850445,19.848790399753923,0.26789351093185654,147.25999450683594,False,False,False,False,False,
NYSE:LTH,,https://www.tradingview.com/chart/?symbol=NYSE%3ALTH,True,2026-09-16 09:30,-57.994243686543975,-57.994243686543975,40.72999954223633,25.75,30.571480072021483,0.7332354047220089,43.15853753288804,31.176936927383142,0.5964092736284323,34.255001068115234,False,False,False,False,False,
NASDAQ:HALO,,https://www.tradingview.com/chart/?symbol=NASDAQ%3AHALO,False,,-23.491804609227177,-17.94843564542905,108.44000244140625,61.630001068115234,73.2294005279541,0.9523907131869861,85.7845578173455,80.57994969703414,0.6951909453003683,70.69999694824219,False,False,False,False,False,
NYSE:CUBE,,https://www.tradingview.com/chart/?symbol=NYSE%3ACUBE,False,,-40.49140161445781,25.90052621882265,39.70500183105469,35.88999938964844,37.52311985778809,0.5513007728067288,-0.8315626487484783,-10.882705106881783,0.17274093226208206,40.060001373291016,False,False,False,False,False,
NASDAQ:ALGM,,https://www.tradingview.com/chart/?symbol=NASDAQ%3AALGM,False,,-55.464684294119344,-55.464684294119344,33.03499984741211,28.045000076293945,37.85434020233154,0.12005292209799077,-37.71795347549076,-42.543920271560424,0.9639378841292754,43.119998931884766,False,True,False,False,False,
NYSE:AMG,,https://www.tradingview.com/chart/?symbol=NYSE%3AAMG,False,,-64.77310050838402,-63.43183825351222,343.1600036621094,265.2049865722656,293.17924743652344,0.6576539813678909,36.91821962144475,22.104310638799152,0.3500324785455956,338.6400146484375,False,False,False,False,False,
NASDAQ:LLYVK,,https://www.tradingview.com/chart/?symbol=NASDAQ%3ALLYVK,False,,-54.115700321865965,-14.407879700411103,98.52999877929688,88.53500366210938,93.44734243774414,0.48018244575394675,16.72909409792339,1.732389120208321,0.20951177787318895,99.3499984741211,False,False,False,False,False,
NASDAQ:FCFS,,https://www.tradingview.com/chart/?symbol=NASDAQ%3AFCFS,False,,-29.12353088855662,-29.12353088855662,219.6999969482422,185.63999938964844,197.62643780517578,0.6706044902725582,26.867001292525888,27.868494693655038,0.23597460051620484,215.23500061035156,False,False,False,False,False,
NASDAQ:BRKR,,https://www.tradingview.com/chart/?symbol=NASDAQ%3ABRKR,False,,-58.60620765298322,-7.741679768924281,60.650001525878906,32.755001068115234,40.216141464233395,0.8823343026030315,19.64688272549351,15.759608325451085,0.5777595207089536,54.720001220703125,False,False,False,False,False,
NYSE:SARO,,https://www.tradingview.com/chart/?symbol=NYSE%3ASARO,True,2026-09-16 09:30,-65.53968487998274,-65.53968487998274,23.139999389648438,23.139999389648438,24.994959533691407,0.0,-31.39286473670157,-40.63971686400433,0.2945475273620728,26.684999465942383,False,True,True,False,False,
NASDAQ:KYMR,,https://www.tradingview.com/chart/?symbol=NASDAQ%3AKYMR,True,2026-09-16 09:30,-64.73046350753029,-55.146213359077116,116.37000274658203,71.2300033569336,84.44718270874023,0.8059994929629883,52.12203480882325,46.422713862922386,0.6326818727664821,88.5199966430664,False,False,True,False,False,
NYSE:TX,,https://www.tradingview.com/chart/?symbol=NYSE%3ATX,False,,-14.681503446256082,-8.157747563345177,56.939998626708984,37.3849983215332,42.28789868164063,0.9412755171553947,68.69085574131628,66.88675992890609,0.4567942333989163,45.47999954223633,False,False,False,False,False,
NYSE:DDS,,https://www.tradingview.com/chart/?symbol=NYSE%3ADDS,False,,5.836632199311171,28.949920069143342,647.6300048828125,510.5299987792969,546.073962524414,0.9102980655857354,45.024387696904874,49.78809639684718,0.25709484264053956,585.8150024414062,False,False,False,False,False,
NASDAQ:DOCU,,https://www.tradingview.com/chart/?symbol=NASDAQ%3ADOCU,False,,23.29813187033675,68.54758084703703,70.41999816894531,42.470001220703125,49.769457885742185,0.9036562010673787,68.71200859294811,70.32774541623193,0.6395628933233608,48.361000061035156,False,False,False,False,False,
NYSE:TTC,,https://www.tradingview.com/chart/?symbol=NYSE%3ATTC,False,,-51.926660873618054,-40.662886611073965,92.33999633789062,85.56999969482422,89.07224063110351,0.45619911274895136,22.952101826537216,7.896341549062548,0.1574369152446809,94.26000213623047,False,False,False,False,False,
NYSE:RRC,,https://www.tradingview.com/chart/?symbol=NYSE%3ARRC,False,,-40.64281893246183,-40.64281893246183,38.86000061035156,35.099998474121094,38.09837890625,0.29594660325352645,29.907231194218003,26.565875316955555,0.3109398345881565,40.86000061035156,False,False,False,False,False,
NASDAQ:XP,,https://www.tradingview.com/chart/?symbol=NASDAQ%3AXP,False,,2.475857098294642,2.475857098294642,19.7549991607666,14.9399995803833,16.481079517364503,0.7373659689557821,35.43560222353431,45.333531592658886,0.3770207764450809,17.31999969482422,False,False,False,False,False,
NYSE:FR,,https://www.tradingview.com/chart/?symbol=NYSE%3AFR,False,,-48.77544101392147,-14.975546399110307,61.41999816894531,56.9900016784668,59.78424171447754,0.3741551041711974,-6.1380601515166875,-15.037026609828203,0.18980442369116535,62.380001068115234,False,False,False,False,False,
NYSE:WAL,,https://www.tradingview.com/chart/?symbol=NYSE%3AWAL,False,,-14.944496035943727,-9.759830529103349,77.7699966430664,66.68000030517578,71.08375936889648,0.5943193298887932,-8.675990395527956,-18.64977973268615,0.23406918899881904,79.72000122070312,False,False,False,False,False,
NYSE:NCLH,,https://www.tradingview.com/chart/?symbol=NYSE%3ANCLH,True,2026-09-16 13:30,-61.180977214323384,-60.33824770998333,14.529999732971191,14.274999618530273,16.0792197265625,0.033355147046715945,-61.27583529131849,-68.08683792477973,0.4040697900071667,18.920000076293945,False,True,True,True,True,FULL PASS
NASDAQ:KTOS,,https://www.tradingview.com/chart/?symbol=NASDAQ%3AKTOS,False,,-50.71464965358439,-16.713918037678905,47.56999969482422,43.875,56.02073913574219,0.07179636564170529,-28.71245266275544,-33.94685169046876,0.9006824796573956,57.13999938964844,False,True,False,False,False,
TSX:IMG,,https://www.tradingview.com/chart/?symbol=TSX%3AIMG,False,,-48.22304677675992,-48.22304677675992,27.270000457763672,19.56999969482422,22.18487967681885,0.6949459220180162,30.142575869112807,31.596345242354264,0.4593697984323208,24.1200008392334,False,False,False,False,False,
NASDAQ:MTCH,,https://www.tradingview.com/chart/?symbol=NASDAQ%3AMTCH,False,,28.758889267481972,63.907577911419004,43.59000015258789,29.739999771118164,33.20447939300537,0.9434606194180325,71.43330758237032,74.8931819804528,0.40147679335899417,36.564998626708984,False,False,False,False,False,
NYSE:GKOS,,https://www.tradingview.com/chart/?symbol=NYSE%3AGKOS,False,,-57.42518308994494,-52.172625660153265,163.4600067138672,96.26000213623047,118.26464163208007,0.7207207863284258,58.05265848246754,47.42839847390013,0.6764364505292644,137.83999633789062,False,False,False,False,False,
NYSE:VOYA,,https://www.tradingview.com/chart/?symbol=NYSE%3AVOYA,False,,-23.558347147783405,-23.558347147783405,100.33000183105469,65.44000244140625,74.74784121704101,0.8846349893287119,56.232616601514145,52.35744249745428,0.4406210911713051,89.51000213623047,False,False,False,False,False,
NYSE:IT,,https://www.tradingview.com/chart/?symbol=NYSE%3AIT,False,,-44.07121975941903,22.389937313182973,191.61000061035156,125.76000213623047,143.93200033569337,0.8551948701135086,41.15629376531201,42.215648944778906,0.49270535559286177,156.27999877929688,False,False,False,False,False,
NYSE:CHWY,,https://www.tradingview.com/chart/?symbol=NYSE%3ACHWY,False,,-65.84934683746432,-38.8992546846091,20.93000030517578,17.5049991607666,20.185959304809572,0.30149656341463743,15.422437271199726,2.817872279696907,0.4982456574773172,22.799999237060547,False,False,False,False,False,
NASDAQ:FORM,,https://www.tradingview.com/chart/?symbol=NASDAQ%3AFORM,False,,-12.92334720870152,-12.92334720870152,104.73500061035156,83.33999633789062,101.4388369140625,0.2789803571698598,-27.714039633480144,-29.818716430736476,0.6528475495400801,117.47000122070312,False,False,False,False,False,
NYSE:ALV,,https://www.tradingview.com/chart/?symbol=NYSE%3AALV,False,,-56.96224765057434,-56.96224765057434,115.93000030517578,100.11000061035156,107.56757684326172,0.5006344972381986,21.271618322192946,4.494171003803192,0.2645671353489311,119.44000244140625,False,False,False,False,False,
NASDAQ:POWL,,https://www.tradingview.com/chart/?symbol=NASDAQ%3APOWL,False,,-34.44639267301506,-26.059489768329723,177.8800048828125,165.5,202.74905798339844,0.07843637693189225,-47.85234810162871,-49.68483138538416,0.6800740542867969,232.0850067138672,False,True,False,False,False,
NASDAQ:SNEX,,https://www.tradingview.com/chart/?symbol=NASDAQ%3ASNEX,False,,-28.111561044379073,-28.111561044379073,67.66999816894531,45.413333892822266,56.75863975524902,0.46297321842687766,-24.597958411519272,-26.587907952210404,0.6800904755649811,70.6866683959961,False,False,False,False,False,
NASDAQ:AAOI,,https://www.tradingview.com/chart/?symbol=NASDAQ%3AAAOI,True,2026-09-16 13:30,-54.336898997670346,-54.336898997670346,96.77999877929688,76.4000015258789,110.99760116577148,0.13901771804599025,-28.364088705165766,-33.86319871263135,1.1129245904829643,131.72500610351562,False,True,False,False,False,
NYSE:FLS,,https://www.tradingview.com/chart/?symbol=NYSE%3AFLS,False,,-73.28267076762445,-59.97533002656886,72.30999755859375,64.37999725341797,69.94487768554687,0.33630193763310184,12.711193132634463,-2.1469472403486716,0.3133971624208301,75.23999786376953,False,False,False,False,False,
NASDAQ:LGN,,https://www.tradingview.com/chart/?symbol=NASDAQ%3ALGN,False,,-17.083996643187714,-14.597807617392824,53.849998474121094,48.83000183105469,61.4430217590332,0.09392827526861336,-53.06154525213742,-53.80462476223265,0.7723823965682003,69.19499969482422,False,True,False,False,False,
NASDAQ:ALKS,,https://www.tradingview.com/chart/?symbol=NASDAQ%3AALKS,False,,-40.44771685109935,-26.45793161442855,46.09000015258789,27.209999084472656,33.82035958862305,0.6740449706604723,7.906971256025305,-2.6150340477573994,0.6325655580037313,44.279998779296875,False,False,False,False,False,
TSX:EFN,,https://www.tradingview.com/chart/?symbol=TSX%3AEFN,False,,-68.53106065573057,-46.17358847587917,24.799999237060547,24.799999237060547,26.74227912902832,0.0,-41.63048235143257,-47.648533383438306,0.2790776400851859,29.489999771118164,False,True,False,False,False,
NASDAQ:MANH,,https://www.tradingview.com/chart/?symbol=NASDAQ%3AMANH,False,,-49.00637459936235,-4.445506809643417,212.1699981689453,119.8499984741211,144.77159811401367,0.874242433984965,71.77064325962114,66.75606515763604,0.7333333227369521,144.0,False,False,False,False,False,
NASDAQ:IONS,,https://www.tradingview.com/chart/?symbol=NASDAQ%3AIONS,False,,-87.4681390427965,-87.4681390427965,44.849998474121094,44.849998474121094,54.63691876220703,0.0,-45.56267828029615,-54.16632225459759,0.5660660662224345,73.26000213623047,False,True,False,False,False,
NYSE:FDS,,https://www.tradingview.com/chart/?symbol=NYSE%3AFDS,False,,-66.96146925373684,-32.003853880470636,276.4200134277344,193.7899932861328,222.04155487060547,0.6902515705232996,60.88720381694811,49.480686541393105,0.4977753918229668,240.49000549316406,False,False,False,False,False,
TSX:CGG,,https://www.tradingview.com/chart/?symbol=TSX%3ACGG,False,,-26.78243144709158,-26.78243144709158,45.209999084472656,21.510000228881836,27.874920066833496,0.8787541512415058,64.12055332954509,63.16968193277671,0.9245800220368404,29.170000076293945,False,False,False,False,False,
NASDAQ:AAON,,https://www.tradingview.com/chart/?symbol=NASDAQ%3AAAON,False,,-26.44842911712787,-26.44842911712787,75.56999969482422,74.30000305175781,91.7451226196289,0.01718069094325204,-50.167380929594884,-50.72790324042654,0.7854637943846164,94.11000061035156,False,True,False,False,False,
NYSE:IAG,,https://www.tradingview.com/chart/?symbol=NYSE%3AIAG,True,2026-09-16 09:30,-55.06050585579777,-55.06050585579777,19.4950008392334,13.925000190734863,15.967556720733644,0.6435661063669263,28.984980164724416,30.206960096062957,0.49812377271034736,17.375,False,False,False,False,False,
NYSE:ACM,,https://www.tradingview.com/chart/?symbol=NYSE%3AACM,False,,-57.19310355784622,-31.81647177078338,62.81999969482422,61.0099983215332,68.81451914978027,0.054732421566568074,-43.52838576457547,-47.85080943232432,0.46420556570987587,71.23999786376953,False,True,False,False,False,
NASDAQ:BSY,,https://www.tradingview.com/chart/?symbol=NASDAQ%3ABSY,False,,-68.21882379021417,-45.85045568682799,31.100000381469727,28.415000915527344,31.203340591430663,0.22725347253724376,16.97690221300166,0.5064501100573082,0.3548580650690346,33.29499816894531,False,True,False,False,False,
TSX:AG,,https://www.tradingview.com/chart/?symbol=TSX%3AAG,True,2026-09-16 09:30,-69.19527363006661,-67.65449447456723,25.610000610351562,21.040000915527344,24.8537608795166,0.28279701348859027,14.793384070975563,10.264600462174592,0.593899316102285,27.209999084472656,False,False,True,False,False,
NASDAQ:RIOT,,https://www.tradingview.com/chart/?symbol=NASDAQ%3ARIOT,False,,-26.58843727537362,-26.58843727537362,20.350000381469727,11.734999656677246,15.778859935760497,0.5027721114815422,-17.61874617467798,-16.759071429265262,0.8273781718997341,20.709999084472656,False,False,False,False,False,
NYSE:ARE,,https://www.tradingview.com/chart/?symbol=NYSE%3AARE,False,,-38.097428807526946,25.632628705493413,53.52000045776367,40.41999816894531,43.998938385009765,0.8638312890179488,28.63666232687383,32.033746131809394,0.3071859183021551,49.36750030517578,False,False,False,False,False,
NASDAQ:PTGX,,https://www.tradingview.com/chart/?symbol=NASDAQ%3APTGX,False,,-30.313593291129422,-30.313593291129422,143.02999877929688,92.43000030517578,108.06145864868164,0.7639466118561967,63.12707694230213,56.4593707195703,0.6037279512686763,109.70999908447266,False,False,False,False,False,
NYSE:PRMB,,https://www.tradingview.com/chart/?symbol=NYSE%3APRMB,False,,-74.78863680721126,-36.295121956399036,21.15999984741211,17.8799991607666,19.784519538879394,0.40644362273266044,-21.57256482053832,-35.14599945803071,0.351175011441602,22.979999542236328,False,False,False,False,False,
NYSE:KT,,https://www.tradingview.com/chart/?symbol=NYSE%3AKT,False,,12.456778445411421,12.456778445411421,19.469999313354492,17.235000610351562,18.548340286254884,0.40161711671879746,25.065649922106715,30.321296091632668,0.2913611788253149,19.100000381469727,False,False,False,False,False,
NYSE:JXN,,https://www.tradingview.com/chart/?symbol=NYSE%3AJXN,False,,13.116080965695174,13.767237630831536,137.1199951171875,101.30000305175781,110.59132189941405,0.9098297309615868,69.80268245507388,67.8652658575114,0.35554948002918363,110.7300033569336,False,False,False,False,False,
NASDAQ:BOKF,,https://www.tradingview.com/chart/?symbol=NASDAQ%3ABOKF,False,,-33.05532899330451,-12.821760863890896,132.7899932861328,124.12999725341797,129.3337961730957,0.39274366578470155,17.418880860845878,3.42888744139384,0.1637335391859237,134.6699981689453,False,False,False,False,False,
NASDAQ:APLD,,https://www.tradingview.com/chart/?symbol=NASDAQ%3AAPLD,False,,-49.320148230076335,-49.320148230076335,24.40999984741211,20.409900665283203,27.310564468383788,0.13680182572555644,-39.754883958581665,-42.49505075176337,0.9672544261782878,30.229999542236328,False,True,False,False,False,
NASDAQ:CBSH,,https://www.tradingview.com/chart/?symbol=NASDAQ%3ACBSH,False,,9.782075392619186,17.735733013688183,57.279998779296875,47.16999816894531,50.34183874511719,0.7522320516255603,38.05760715105257,30.14434256282368,0.2455243337468361,54.7400016784668,False,False,False,False,False,
NYSE:REXR,,https://www.tradingview.com/chart/?symbol=NYSE%3AREXR,False,,38.18327946851821,76.5311249373101,38.845001220703125,32.470001220703125,34.1161008605957,0.9139786945692918,40.35892024017635,48.92387765924682,0.19598197370656414,35.59000015258789,False,False,False,False,False,
NYSE:AG,,https://www.tradingview.com/chart/?symbol=NYSE%3AAG,True,2026-09-16 09:30,-67.91026580404821,-66.98837692403806,18.325000762939453,15.03499984741211,17.957859901428222,0.26564399311475645,15.076930234487643,10.614458390508087,0.6280426298237569,19.719999313354492,False,False,True,False,False,
NYSE:AGCO,,https://www.tradingview.com/chart/?symbol=NYSE%3AAGCO,False,,-15.874619708576352,-15.874619708576352,119.91999816894531,98.47000122070312,106.71112078857422,0.6142611132012565,1.1583010072466127,10.854164204733511,0.30273080737647046,115.3499984741211,False,False,False,False,False,
NYSE:ESE,,https://www.tradingview.com/chart/?symbol=NYSE%3AESE,False,,-60.42857679953999,-60.42857679953999,259.0400085449219,259.0400085449219,282.7001896972656,0.0,-45.58028638762787,-52.09962929071267,0.3295043767337025,304.260009765625,False,True,False,False,False,
NYSE:FRO,,https://www.tradingview.com/chart/?symbol=NYSE%3AFRO,False,,76.59415835009236,84.16386932882938,53.68000030517578,30.190000534057617,35.86698015594482,0.9765122151594066,83.54146976217764,89.57767797940228,0.6424946388931427,37.439998626708984,False,False,False,False,False,
NASDAQ:GGAL,,https://www.tradingview.com/chart/?symbol=NASDAQ%3AGGAL,False,,-54.590777396782045,-54.590777396782045,42.27000045776367,39.97999954223633,44.0179596862793,0.133839908465105,-38.138519465672324,-41.31969688521146,0.3728481333170626,45.88999938964844,False,True,False,False,False,
NYSE:AGX,,https://www.tradingview.com/chart/?symbol=NYSE%3AAGX,False,,-50.11485517977889,-48.251738749229936,393.75,387.3399963378906,484.34307604980467,0.015594977692981566,-53.08744210350517,-56.96453157415846,0.6829386016863555,601.85498046875,False,True,False,False,False,
TSX:GIL,,https://www.tradingview.com/chart/?symbol=TSX%3AGIL,True,2026-09-16 09:30,-68.11472099309692,-66.52410231190346,64.87999725341797,63.869998931884766,69.243719039917,0.04435653496830886,-39.868224044182796,-54.24165212277077,0.29207286717758296,77.95999908447266,False,True,True,False,False,
NYSE:HESM,,https://www.tradingview.com/chart/?symbol=NYSE%3AHESM,False,,-34.990394820195604,-34.990394820195604,39.58000183105469,36.71500015258789,37.71800015258789,0.6741180419921875,47.871193968923414,45.08815533966198,0.10833545882212688,39.22999954223633,False,False,False,False,False,
TSX:CPX,,https://www.tradingview.com/chart/?symbol=TSX%3ACPX,True,2026-09-16 09:30,-73.03071218320218,-68.9839795922005,59.61000061035156,58.0099983215332,62.255638717651365,0.08893841798433451,-32.5102033846519,-42.54991771950071,0.27064843309892295,66.47000122070312,False,True,True,False,False,
NYSE:AXS,,https://www.tradingview.com/chart/?symbol=NYSE%3AAXS,False,,-28.418630922418092,9.539110021943289,99.66000366210938,94.56999969482422,100.3944797668457,0.20624002853912862,-19.3447296465919,-23.634257640958094,0.24506007873632196,100.70999908447266,False,True,False,False,False,
NYSE:QGEN,,https://www.tradingview.com/chart/?symbol=NYSE%3AQGEN,False,,-48.38114364202093,-10.222459017816048,42.91999816894531,32.6349983215332,35.53425828552246,0.8371998351777507,44.47457384418167,40.298936972685674,0.3027353201845042,40.58000183105469,False,False,False,False,False,
NASDAQ:CHYM,,https://www.tradingview.com/chart/?symbol=NASDAQ%3ACHYM,False,,-11.828149539379709,-11.828149539379709,31.260000228881836,16.420000076293945,20.696320274353027,0.818984517950813,69.17206498216102,65.2344300210009,0.8519041113898751,21.270000457763672,False,False,False,False,False,
NASDAQ:TTD,,https://www.tradingview.com/chart/?symbol=NASDAQ%3ATTD,False,,10.037286451249326,49.20524040876489,14.484999656677246,13.020000457763672,16.68980027770996,0.09421217175509691,-62.94098005900806,-57.29965081510336,0.7962108904426992,19.530000686645508,False,True,False,True,False,
NASDAQ:SAIL,,https://www.tradingview.com/chart/?symbol=NASDAQ%3ASAIL,False,,-50.61186316600123,20.38629825552698,20.389999389648438,10.489999771118164,12.918085731506348,0.9622393721182833,53.6146473172575,52.44936828387081,0.6868157641223382,14.979999542236328,False,False,False,False,False,
NYSE:AOS,,https://www.tradingview.com/chart/?symbol=NYSE%3AAOS,False,,-57.08391245796759,-46.19251592567401,56.88999938964844,55.790000915527344,59.475140411376955,0.07044499677283651,-8.756919473899574,-25.31305706144316,0.255711098254897,61.064998626708984,False,True,False,False,False,
NASDAQ:GLXY,,https://www.tradingview.com/chart/?symbol=NASDAQ%3AGLXY,False,,-50.60925346726617,-50.60925346726617,22.290000915527344,17.149999618530273,21.287079780578612,0.29321169969564026,-10.68340935832517,-12.323377774098766,0.7128914427762061,24.59000015258789,False,False,False,False,False,
TSX:SOBO,,https://www.tradingview.com/chart/?symbol=TSX%3ASOBO,False,,-63.014086791890314,-58.41430104162051,49.7400016784668,42.7400016784668,45.510641174316405,0.5962522379669675,20.474150664746613,6.412183589866295,0.23206162934097127,50.59000015258789,False,False,False,False,False,
NYSE:ATR,,https://www.tradingview.com/chart/?symbol=NYSE%3AATR,False,,-53.54342329576345,-21.56278572140164,124.7699966430664,111.61000061035156,117.79084118652344,0.5024816649848403,16.352725036564784,2.9428401007024796,0.2083615299335148,125.69499969482422,False,False,False,False,False,
NYSE:BIO,,https://www.tradingview.com/chart/?symbol=NYSE%3ABIO,False,,-65.2125297414553,-18.76821468414672,379.04998779296875,241.50999450683594,277.186114074707,0.9098365744002999,76.91370897014144,71.84063510446875,0.5110720234013144,295.7900085449219,False,False,False,False,False,
NYSE:RHP,,https://www.tradingview.com/chart/?symbol=NYSE%3ARHP,False,,-45.35997178469473,-45.35997178469473,119.98999786376953,89.87000274658203,100.80270382690429,0.6501887132403621,22.117906429281962,8.915115428863613,0.38607388451020513,119.98999786376953,False,False,False,False,False,
NYSE:IDA,,https://www.tradingview.com/chart/?symbol=NYSE%3AIDA,False,,-73.08879934927224,-73.08879934927224,132.6699981689453,132.6699981689453,137.82187860107422,0.0,-38.31674939327513,-44.322155670401315,0.15298900734141405,142.69000244140625,False,True,False,False,False,
TSX:CU,,https://www.tradingview.com/chart/?symbol=TSX%3ACU,True,2026-09-16 09:30,-63.994781335990204,-53.78072521015943,50.54999923706055,47.125,49.37290036010742,0.3595799147910908,3.937939072437144,-9.343960249267596,0.18835280963732692,50.56999969482422,False,False,True,False,False,
NYSE:CNM,,https://www.tradingview.com/chart/?symbol=NYSE%3ACNM,False,,-56.25400960058801,-29.803042600896067,42.834999084472656,40.599998474121094,43.77537890625,0.1661092758228461,-62.069141026973774,-66.08974144839306,0.282608730488637,47.61000061035156,False,True,False,True,False,
NASDAQ:TEM,,https://www.tradingview.com/chart/?symbol=NASDAQ%3ATEM,False,,-52.063208234877216,25.81403817928363,69.93000030517578,41.58000183105469,48.92668118286133,0.9106971081087506,41.763327653178465,44.97975688139187,0.6117114880482812,50.88999938964844,False,False,False,False,False,
NYSE:GIL,,https://www.tradingview.com/chart/?symbol=NYSE%3AGIL,True,2026-09-16 09:30,-69.29208520465068,-67.98097610659754,46.349998474121094,45.900001525878906,50.13620080566406,0.025069472130815874,-35.23662617540941,-49.84117988744042,0.31758663840875023,56.52000045776367,False,True,True,False,False,
NYSE:KMX,,https://www.tradingview.com/chart/?symbol=NYSE%3AKMX,False,,-35.03131647622037,-35.03131647622037,58.810001373291016,36.279998779296875,42.873839355468746,0.8063708169404219,55.67371286122793,49.52040704280108,0.56777083847218,49.209999084472656,False,False,False,False,False,
TSX:EMP.A,,https://www.tradingview.com/chart/?symbol=TSX%3AEMP.A,False,,-77.1600783959445,-31.791936345398444,47.5,45.560001373291016,47.20964086914063,0.27753923027135113,-24.376823659783724,-33.781722534976005,0.14303249471137136,48.869998931884766,False,False,False,False,False,
NASDAQ:TGTX,,https://www.tradingview.com/chart/?symbol=NASDAQ%3ATGTX,False,,-52.82907020809345,-36.59185910538957,55.84000015258789,26.954999923706055,34.5317802658081,0.8997040624415,45.451537228788105,45.10680645075556,0.6860043156616393,46.79999923706055,False,False,False,False,False,
NYSE:ASR,,https://www.tradingview.com/chart/?symbol=NYSE%3AASR,False,,-60.511799003266596,-60.511799003266596,248.25,248.25,275.3923623046875,0.0,-64.33135447272154,-64.7281225133426,0.38299645840004726,300.2900085449219,False,True,False,True,False,"WATCH: weekly+band ok, waiting on 4h dot"
NASDAQ:PCVX,,https://www.tradingview.com/chart/?symbol=NASDAQ%3APCVX,False,,-56.18248448745911,-45.133547847806476,58.790000915527344,45.400001525878906,49.63620080566406,0.7459610956067431,43.916671159537366,39.92753029162954,0.31652261043955726,56.709999084472656,False,False,False,False,False,
NYSE:BVN,,https://www.tradingview.com/chart/?symbol=NYSE%3ABVN,False,,-46.022115400998096,-44.661761842557205,33.08000183105469,28.1299991607666,30.839279502868653,0.43118484714712685,22.22273928535235,18.55509158295283,0.3406528542933964,33.70000076293945,False,False,False,False,False,
NYSE:MP,,https://www.tradingview.com/chart/?symbol=NYSE%3AMP,False,,-65.90899760006657,-65.90899760006657,49.0,38.099998474121094,46.300998474121094,0.31366910865838576,-11.49964942788747,-17.624799977293875,0.6218682773044564,55.880001068115234,False,False,False,False,False,
NYSE:HXL,,https://www.tradingview.com/chart/?symbol=NYSE%3AHXL,False,,-36.626552817474966,-7.193381119584283,91.11000061035156,77.04000091552734,84.88700091552734,0.4231578855586231,-2.163778806870679,-12.299385256489138,0.3595371841809856,92.4800033569336,False,False,False,False,False,
TSX:TPX.B,,https://www.tradingview.com/chart/?symbol=TSX%3ATPX.B,False,,-62.496800515232934,-41.85878109735169,55.650001525878906,55.0,59.484,0.03421060662520559,-18.569524534016924,-34.40369575157134,0.3064516129032258,62.0,False,True,False,False,False,
NYSE:EAT,,https://www.tradingview.com/chart/?symbol=NYSE%3AEAT,True,2026-09-16 09:30,-72.9928202085852,-64.8977258650626,210.64500427246094,126.33000183105469,156.48136053466797,0.6599483881231295,61.52941013894474,49.5077355374315,0.8070241707858619,158.30999755859375,False,False,True,False,False,
NASDAQ:HQY,,https://www.tradingview.com/chart/?symbol=NASDAQ%3AHQY,False,,-21.317058344859774,16.230974105483813,96.05000305175781,76.79000091552734,83.88888134765625,0.6402925852333686,38.72368748829258,28.595956368648782,0.34298749005438356,87.69999694824219,False,False,False,False,False,
TSX:CAE,,https://www.tradingview.com/chart/?symbol=TSX%3ACAE,False,,-18.872210095889553,5.1325469434592845,33.650001525878906,32.0,33.77825996398926,0.2189783091297073,-31.3297003556567,-36.978037296282366,0.2111827293431686,35.68000030517578,False,True,False,False,False,
NASDAQ:TTEK,,https://www.tradingview.com/chart/?symbol=NASDAQ%3ATTEK,False,,-8.517882972594679,38.75592857557111,36.470001220703125,25.92099952697754,28.615883674621582,0.9238112895857501,54.381039264120915,53.364362850169655,0.36564203627883424,31.229999542236328,False,False,False,False,False,
NASDAQ:IMVT,,https://www.tradingview.com/chart/?symbol=NASDAQ%3AIMVT,True,2026-09-16 09:30,-65.56991112673037,-64.99483740818216,36.40999984741211,22.989999771118164,28.17963971710205,0.6102774086391705,40.56366347284473,24.83849416527739,0.6473358546044529,33.970001220703125,False,False,True,False,False,
NASDAQ:VLY,,https://www.tradingview.com/chart/?symbol=NASDAQ%3AVLY,False,,-26.28789431781222,-26.28789431781222,13.550000190734863,11.595000267028809,12.444600131988526,0.5430556206791592,-1.3487116214105956,-12.321342716556886,0.2612481493146729,13.779999732971191,False,False,False,False,False,
NYSE:SOBO,,https://www.tradingview.com/chart/?symbol=NYSE%3ASOBO,True,2026-09-16 09:30,-62.98582021471171,-60.47132935084537,35.540000915527344,31.28499984741211,33.03257955932617,0.5746119877847243,31.021217683165734,15.411503686382877,0.20484089811160358,36.150001525878906,False,False,True,False,False,
NYSE:SM,,https://www.tradingview.com/chart/?symbol=NYSE%3ASM,False,,38.34976179510037,62.101910292103504,38.150001525878906,24.649999618530273,28.607719276428224,0.8050091278639092,62.3225097885989,65.69860252285557,0.5406189008039763,31.020000457763672,False,False,False,False,False,
TSX:STN,,https://www.tradingview.com/chart/?symbol=TSX%3ASTN,False,,-66.84495031011156,-16.965319797624137,98.58999633789062,94.0,101.493,0.1445668137918307,-21.809379525757965,-28.138845102994885,0.3074465094613878,103.2699966430664,False,True,False,False,False,
NASDAQ:RGEN,,https://www.tradingview.com/chart/?symbol=NASDAQ%3ARGEN,False,,-51.333218733984616,22.344526318996724,172.7899932861328,102.7300033569336,121.89556314086914,0.8627015234457093,65.96843084541597,61.44244502894707,0.6166755074714649,131.69000244140625,False,False,False,False,False,
NYSE:KEX,,https://www.tradingview.com/chart/?symbol=NYSE%3AKEX,False,,-31.476274960416692,-22.899168379806714,136.9600067138672,124.23999786376953,130.9329598083496,0.44851922265208544,-0.4783045661702661,-4.591310002794696,0.20154933470663514,140.7100067138672,False,False,False,False,False,
NYSE:LNC,,https://www.tradingview.com/chart/?symbol=NYSE%3ALNC,False,,-30.047528501856835,-30.047528501856835,42.44499969482422,32.58000183105469,35.98076179504395,0.6845938909250707,54.30066531595838,46.77852135623199,0.388776484050057,37.064998626708984,False,False,False,False,False,
NYSE:EMN,,https://www.tradingview.com/chart/?symbol=NYSE%3AEMN,True,2026-09-16 09:30,-77.11218060741193,-76.62200308463025,65.09500122070312,65.09500122070312,68.15120050048829,0.0,-5.912937626617103,-23.10929992291827,0.1797113153898212,72.05999755859375,False,True,True,False,False,
NASDAQ:IBRX,,https://www.tradingview.com/chart/?symbol=NASDAQ%3AIBRX,False,,-2.6033530911360745,3.5866547740473305,7.920000076293945,6.585000038146973,7.256420101165771,0.4692442575905932,17.572384746571057,20.57192114366346,0.36924079107068725,7.704999923706055,False,False,False,False,False,
NYSE:ZWS,,https://www.tradingview.com/chart/?symbol=NYSE%3AZWS,False,,-67.67942267049052,-44.364908707767825,45.88999938964844,43.61000061035156,45.86852053833008,0.23824439414872456,-15.733397173997725,-27.97737934104365,0.19904324730376763,48.08000183105469,False,False,False,False,False,
NASDAQ:MXL,,https://www.tradingview.com/chart/?symbol=NASDAQ%3AMXL,False,,19.505696978313868,19.505696978313868,69.52999877929688,15.930000305175781,42.39975936889648,0.47788873368439705,-20.557937837275478,-20.101523505179014,1.568451862426796,71.51000213623047,False,False,False,False,False,
NYSE:UGI,,https://www.tradingview.com/chart/?symbol=NYSE%3AUGI,False,,-37.88672775714372,-23.59392938388966,38.185001373291016,32.15999984741211,33.82616017150879,0.853399483557091,47.376418729825446,50.29585057961465,0.19462442663866875,36.275001525878906,False,False,False,False,False,
NYSE:STAG,,https://www.tradingview.com/chart/?symbol=NYSE%3ASTAG,False,,-31.456853584693295,-20.467061446332135,37.08000183105469,35.98500061035156,37.413980682373044,0.1808424715960995,-13.967763993729571,-18.502028473259152,0.1590073533094701,38.08000183105469,False,True,False,False,False,
NYSE:BAH,,https://www.tradingview.com/chart/?symbol=NYSE%3ABAH,False,,13.060498071232118,51.51683351973332,78.42500305175781,59.720001220703125,65.6837204284668,0.7402059483924377,15.957145071839458,24.797653823908718,0.3305644155137244,76.44499969482422,False,False,False,False,False,
NYSE:BIRK,,https://www.tradingview.com/chart/?symbol=NYSE%3ABIRK,False,,-75.53936710357658,-61.095634939695536,30.440000534057617,30.010000228881836,34.51760031890869,0.02251310453338814,-52.45624695373076,-59.37027842562679,0.49296685786592176,38.744998931884766,False,True,False,False,False,
NYSE:CAE,,https://www.tradingview.com/chart/?symbol=NYSE%3ACAE,False,,-22.95368798366943,-12.332528039484474,24.05500030517578,23.15999984741211,24.56891968536377,0.14991634182630728,-31.322173162011676,-37.31434717476832,0.2319347073209065,25.739999771118164,False,True,False,False,False,
NASDAQ:QRVO,,https://www.tradingview.com/chart/?symbol=NASDAQ%3AQRVO,False,,64.28622592505364,64.28622592505364,114.01499938964844,76.05000305175781,86.01628204345702,0.8990054506004332,47.133807561038964,60.22049559580218,0.4592213587208436,91.95999908447266,False,False,False,False,False,
NYSE:NFG,,https://www.tradingview.com/chart/?symbol=NYSE%3ANFG,False,,-62.167921869173604,-52.54349792186259,80.36000061035156,75.31999969482422,80.27836019897461,0.23988578786654044,23.09700055466965,15.921863517062114,0.25609461118684607,82.04000091552734,False,False,False,False,False,
NYSE:RAL,,https://www.tradingview.com/chart/?symbol=NYSE%3ARAL,False,,35.91909656978102,43.56207134220053,67.5999984741211,39.130001068115234,47.51272117614746,0.8015201869115719,10.754383613337618,12.446082504279769,0.5695502205049714,62.3650016784668,False,False,False,False,False,
NYSE:TRNO,,https://www.tradingview.com/chart/?symbol=NYSE%3ATRNO,False,,-53.420162163753254,-19.36742077649292,65.62000274658203,60.41999816894531,63.87975903320312,0.3547069085034941,-1.6337995014319269,-12.358717046588605,0.22218858618122228,65.9800033569336,False,False,False,False,False,
NYSE:STN,,https://www.tradingview.com/chart/?symbol=NYSE%3ASTN,False,,-70.93422196634923,-31.66975886971676,70.44999694824219,66.75,72.75619927978515,0.1453830016469901,-15.72081348654865,-21.76957053803678,0.34142737638390247,74.54000091552734,False,True,False,False,False,
NYSE:LAD,,https://www.tradingview.com/chart/?symbol=NYSE%3ALAD,False,,-65.66334721830907,-65.66334721830907,339.2799987792969,240.89500427246094,284.92906585693356,0.5272931423568873,57.449339672226905,45.1486406424102,0.6327918876188008,294.8599853515625,False,False,False,False,False,
NYSE:OSCR,,https://www.tradingview.com/chart/?symbol=NYSE%3AOSCR,False,,23.069491354394447,23.069491354394447,32.33000183105469,10.835000038146973,16.257100353240965,0.9355821781837103,50.48749729028995,51.46666783781975,0.8300217153844479,27.68000030517578,False,False,False,False,False,
NASDAQ:CHRD,,https://www.tradingview.com/chart/?symbol=NASDAQ%3ACHRD,False,,50.3978678400399,50.3978678400399,147.08999633789062,111.62999725341797,122.35147732543945,0.7805414670101322,49.936784630737016,52.83323786282577,0.3310983024723107,137.2100067138672,False,False,False,False,False,
NYSE:TAP,,https://www.tradingview.com/chart/?symbol=NYSE%3ATAP,False,,-62.192860611996785,-19.7151407004632,39.11000061035156,38.40999984741211,40.205959991455074,0.09198432415199437,-4.3785668692094255,-18.23801463560092,0.1828008747321442,41.630001068115234,False,True,False,False,False,
NYSE:ETSY,,https://www.tradingview.com/chart/?symbol=NYSE%3AETSY,False,,-56.43849194566935,-22.195155371612717,73.45999908447266,47.31999969482422,56.69863919067383,0.6577755610168252,26.90635735004756,11.098630021792678,0.5713053372420637,69.55999755859375,False,False,False,False,False,
NYSE:OKLO,,https://www.tradingview.com/chart/?symbol=NYSE%3AOKLO,False,,-47.466299180581665,-47.466299180581665,35.630001068115234,35.630001068115234,46.009280960083004,0.0,-55.41632674295865,-58.05435071359966,0.8402751129923676,52.34000015258789,False,True,False,False,False,
NYSE:EDU,,https://www.tradingview.com/chart/?symbol=NYSE%3AEDU,False,,-37.25862507574707,-20.157868958417318,55.779998779296875,44.439998626708984,47.98943884277344,0.753989325950136,42.392310287827634,39.411793145222475,0.2812792326943876,53.470001220703125,False,False,False,False,False,
NYSE:BLDR,,https://www.tradingview.com/chart/?symbol=NYSE%3ABLDR,False,,-65.31241153873918,-43.802595673722486,59.650001525878906,58.68000030517578,67.45684088134766,0.02608231129404698,-59.76545547563029,-64.90267673424528,0.49180112523980585,75.62000274658203,False,True,False,False,False,
NYSE:SSD,,https://www.tradingview.com/chart/?symbol=NYSE%3ASSD,False,,-66.49416921819054,-51.50195652164884,172.35000610351562,166.2899932861328,177.0114751586914,0.1333922905342792,-34.82789949932245,-46.452015344663266,0.24347504596281988,186.58999633789062,False,True,False,False,False,
NYSE:SNAP,,https://www.tradingview.com/chart/?symbol=NYSE%3ASNAP,False,,15.169580618570757,45.35621817085396,5.710000038146973,3.9198999404907227,4.487503509521485,0.7442934577882812,22.10235678463536,29.81145952400933,0.4550804045816789,5.284999847412109,False,False,False,False,False,
NYSE:PBF,,https://www.tradingview.com/chart/?symbol=NYSE%3APBF,False,,2.1635382473889977,4.794145485210276,75.97000122070312,36.849998474121094,46.78559811401367,0.929216250937138,72.34852841727904,69.00948097837383,0.9116500258966562,46.18000030517578,False,False,False,False,False,
NASDAQ:AVAV,,https://www.tradingview.com/chart/?symbol=NASDAQ%3AAVAV,False,,-2.7162276210293235,43.27758284420577,156.5399932861328,136.60000610351562,157.9957633666992,0.21994252959651725,-33.15983282207625,-33.376339428657325,0.5245009268268482,172.85000610351562,False,True,False,False,False,
TSX:EQX,,https://www.tradingview.com/chart/?symbol=TSX%3AEQX,True,2026-09-16 09:30,-64.01448898746906,-62.2637414466412,16.200000762939453,12.079999923706055,14.631159797668456,0.3811286811080549,11.296746964021786,10.728348512265262,0.6299533544327294,17.15999984741211,False,False,True,False,False,
TSX:GMIN,,https://www.tradingview.com/chart/?symbol=TSX%3AGMIN,False,,-52.378172545700316,-52.378172545700316,48.86000061035156,32.720001220703125,38.71204107666016,0.6356833311397697,44.10457403304813,40.53946065257674,0.5415955377807592,46.880001068115234,False,False,False,False,False,
NASDAQ:LQDA,,https://www.tradingview.com/chart/?symbol=NASDAQ%3ALQDA,True,2026-09-16 09:30,-68.45434320272096,-49.30577666634529,68.52999877929688,34.77000045776367,48.054439773559565,0.5997512890444857,10.862343081849543,1.4530509626080041,0.8562518851533533,65.73999786376953,False,False,True,False,False,
NYSE:PAYC,,https://www.tradingview.com/chart/?symbol=NYSE%3APAYC,False,,-45.2539884845728,4.911794666023298,227.64999389648438,111.06999969482422,141.80663919067382,0.8951166777782223,82.25006688322512,75.93740651877629,0.9485452446096092,137.30499267578125,False,False,False,False,False,
NASDAQ:Z,,https://www.tradingview.com/chart/?symbol=NASDAQ%3AZ,False,,-53.2242648899761,-36.102703650438,31.315000534057617,29.420000076293945,33.63732027435303,0.10604366920919323,-15.554167154644993,-25.690206466647414,0.500700519104537,35.689998626708984,False,True,False,False,False,
NASDAQ:ZG,,https://www.tradingview.com/chart/?symbol=NASDAQ%3AZG,False,,-53.61593839267277,-36.90780414692279,32.0,29.1299991607666,33.451159034729,0.15674499852235166,-8.603760975803466,-18.218048249173552,0.5056614175335332,36.209999084472656,False,True,False,False,False,
TSX:CTC.A,,https://www.tradingview.com/chart/?symbol=TSX%3ACTC.A,False,,-38.831708064673165,-31.647771182426577,189.36000061035156,169.64999389648438,178.50707360839843,0.5251800520904908,12.892086025180284,1.6508656327443507,0.1977865548316041,189.75,False,False,False,False,False,
NASDAQ:CBC,,https://www.tradingview.com/chart/?symbol=NASDAQ%3ACBC,False,,-26.30352024606151,-26.30352024606151,31.420000076293945,23.40999984741211,25.795959991455078,0.7922848412769086,53.776587825138414,47.00048173113274,0.35436384041462404,28.530000686645508,False,False,False,False,False,
NYSE:KNSL,,https://www.tradingview.com/chart/?symbol=NYSE%3AKNSL,False,,-56.85636059460299,-24.188366078634118,360.864990234375,289.2049865722656,314.2882474365234,0.6742249724140169,43.54942192207742,36.170316399857484,0.30791183126868005,345.17999267578125,False,False,False,False,False,
NYSE:MAC,,https://www.tradingview.com/chart/?symbol=NYSE%3AMAC,False,,-68.41894485686338,-63.52542462667924,22.440000534057617,18.1299991607666,20.120659484863282,0.5109662918299464,-4.879631635049208,-18.693397532931943,0.3669785142181904,22.985000610351562,False,False,False,False,False,
NYSE:CMC,,https://www.tradingview.com/chart/?symbol=NYSE%3ACMC,False,,-44.49566912958179,-40.65780541916036,65.83999633789062,58.2599983215332,62.90624922180176,0.3850156976578587,-8.467111750767073,-17.593416491786787,0.28858844125500516,68.22000122070312,False,False,False,False,False,
NASDAQ:CORZ,,https://www.tradingview.com/chart/?symbol=NASDAQ%3ACORZ,False,,-37.05856986206641,-37.05856986206641,16.889999389648438,13.855799674987793,17.572610843658445,0.19265738832678453,-43.1191075594819,-45.44446475120085,0.7546334084300419,20.8700008392334,False,True,False,False,False,
NYSE:SGHC,,https://www.tradingview.com/chart/?symbol=NYSE%3ASGHC,False,,-48.90871017472565,-48.90871017472565,13.305000305175781,10.220000267028809,11.49204012298584,0.5723562871030662,13.745650905942055,8.636380388741077,0.4077155280466449,13.220000267028809,False,False,False,False,False,
NYSE:AVTR,,https://www.tradingview.com/chart/?symbol=NYSE%3AAVTR,False,,13.021538103897436,66.77971144107384,15.619999885559082,7.409999847412109,9.385319820404053,0.9808841278853349,73.09659068395969,71.49116292920628,0.8778185652337247,9.53499984741211,False,False,False,False,False,
NYSE:CAVA,,https://www.tradingview.com/chart/?symbol=NYSE%3ACAVA,True,2026-09-16 13:30,-71.90497138661743,-71.90497138661743,49.77000045776367,49.77000045776367,61.013041213989254,0.0,-53.13363617809022,-63.26367813840801,0.6135222442779787,77.6500015258789,False,True,True,False,False,"NEAR: 4h+band ok, weekly shallow"
NYSE:JOBY,,https://www.tradingview.com/chart/?symbol=NYSE%3AJOBY,False,,-70.0448070794226,-70.0448070794226,6.079999923706055,6.056399822235107,7.527529455184936,0.0037859504848499637,-57.22937403671259,-61.48423259726244,0.7177432168613564,8.6850004196167,False,True,False,False,False,
NYSE:RSI,,https://www.tradingview.com/chart/?symbol=NYSE%3ARSI,False,,-35.88906812653138,-35.88906812653138,25.899999618530273,20.184999465942383,23.568059700012206,0.3986745557847212,-8.555234236711508,-11.684915391883152,0.5427868638638391,26.40999984741211,False,False,False,False,False,
NYSE:HR,,https://www.tradingview.com/chart/?symbol=NYSE%3AHR,False,,-63.832796860391056,-63.832796860391056,18.514999389648438,16.799999237060547,18.00005947113037,0.3372664342339943,-14.615653811527713,-23.302696438140995,0.2609030811460885,19.489999771118164,False,False,False,False,False,
TSX:CS,,https://www.tradingview.com/chart/?symbol=TSX%3ACS,False,,-53.150700066885975,-52.38115791449665,13.510000228881836,9.4399995803833,11.134479877471923,0.5668523586234524,43.05101582695269,28.97898972425874,0.5480916831885277,13.100000381469727,False,False,False,False,False,
NYSE:PL,,https://www.tradingview.com/chart/?symbol=NYSE%3APL,False,,-67.23140572563442,-61.03635534754496,16.040000915527344,16.014999389648438,24.368219497680663,0.0007063575520712367,-48.55479428508724,-52.55120650763632,1.2428020023410562,28.479999542236328,False,True,False,False,False,
NYSE:THG,,https://www.tradingview.com/chart/?symbol=NYSE%3ATHG,False,,-17.764610675940762,41.55885040983011,231.9199981689453,168.94500732421875,184.37350732421874,0.9632885788868308,60.994409298326644,60.03180307434344,0.3305607452479756,197.77000427246094,False,False,False,False,False,
AMEX:EQX,,https://www.tradingview.com/chart/?symbol=AMEX%3AEQX,True,2026-09-16 09:30,-64.35071300969646,-63.401444118836274,11.574999809265137,8.609999656677246,10.559359935760497,0.35895880485459414,11.5160183623517,10.739130781665967,0.6653243018877374,12.414999961853027,False,False,True,False,False,
NASDAQ:BILI,,https://www.tradingview.com/chart/?symbol=NASDAQ%3ABILI,False,,-43.47661134873105,-43.47661134873105,14.90999984741211,14.90999984741211,17.80808000946045,0.0,-52.70320372328893,-56.571675180094495,0.6714051433546058,18.290000915527344,False,True,False,False,False,
NASDAQ:AVT,,https://www.tradingview.com/chart/?symbol=NASDAQ%3AAVT,False,,24.225344791227325,24.225344791227325,92.75,58.470001220703125,68.16960086059571,0.8340632616052656,47.86962468684735,50.75135354494288,0.476742824621183,86.20999908447266,False,False,False,False,False,
NYSE:PB,,https://www.tradingview.com/chart/?symbol=NYSE%3APB,False,,-52.881726707723836,-52.881726707723836,70.37000274658203,63.869998931884766,66.61939839172364,0.5579403512207197,20.304893266268014,5.967770957004358,0.16499076066391832,70.61000061035156,False,False,False,False,False,
NASDAQ:VFS,,https://www.tradingview.com/chart/?symbol=NASDAQ%3AVFS,False,,-13.178702169862552,12.559044213054582,3.130000114440918,2.815000057220459,3.307107217788696,0.15106468562291947,-23.455300631030795,-22.346658457084736,0.6630206186207868,3.1449999809265137,False,True,False,False,False,
NASDAQ:CAMT,,https://www.tradingview.com/chart/?symbol=NASDAQ%3ACAMT,False,,-26.578926446065978,-26.578926446065978,138.55999755859375,126.97000122070312,147.93388165283204,0.13047389506907336,-34.40316663539766,-38.32954172528464,0.555882353783707,159.8000030517578,False,True,False,False,False,
TSX:DPM,,https://www.tradingview.com/chart/?symbol=TSX%3ADPM,True,2026-09-16 09:30,-64.59724119857799,-64.12874620406392,57.279998779296875,40.63999938964844,47.59728018188476,0.5644503899194695,62.73062038381736,51.63798429737158,0.6004074190037192,49.099998474121094,False,False,True,False,False,
NYSE:ENS,,https://www.tradingview.com/chart/?symbol=NYSE%3AENS,False,,-77.40795031598698,-70.38105563955436,172.07000732421875,159.82000732421875,179.554326171875,0.14649606213002636,-44.188437812783064,-51.170759439823314,0.42119576704448947,198.52999877929688,False,True,False,False,False,
NYSE:MOS,,https://www.tradingview.com/chart/?symbol=NYSE%3AMOS,False,,-19.338553354318208,-19.338553354318208,24.790000915527344,19.825000762939453,22.60626072692871,0.4212982789030892,46.0064325043679,51.71580423404431,0.5086318432717557,23.170000076293945,False,False,False,False,False,
NASDAQ:CELH,,https://www.tradingview.com/chart/?symbol=NASDAQ%3ACELH,False,,-66.85193933625114,-34.688699219159965,28.25,23.764999389648438,29.01953924560547,0.20143726626090783,-12.735826593809074,-20.91412491885007,0.726190459897466,30.65999984741211,False,True,False,False,False,
NASDAQ:POOL,,https://www.tradingview.com/chart/?symbol=NASDAQ%3APOOL,True,2026-09-16 09:30,-77.76725026584255,-73.65316353418983,167.77999877929688,166.83749389648438,182.78932360839843,0.013943927208401754,-44.31991173219134,-55.094042681501406,0.33964373973677536,199.00999450683594,False,True,True,False,False,"NEAR: 4h+band ok, weekly shallow"
NASDAQ:DBX,,https://www.tradingview.com/chart/?symbol=NASDAQ%3ADBX,False,,27.95456831948987,64.88512461116812,37.75,21.8700008392334,25.680220497131348,0.9835862859435422,72.73675386146537,72.9802014836221,0.5899871619021518,27.364999771118164,False,False,False,False,False,
NYSE:SSL,,https://www.tradingview.com/chart/?symbol=NYSE%3ASSL,False,,53.17376214375029,53.17376214375029,14.305000305175781,9.3149995803833,10.687009307861327,0.8583322315182967,40.13389494038869,55.59269249630486,0.4728426599500692,12.295000076293945,False,False,False,False,False,
NYSE:NOV,,https://www.tradingview.com/chart/?symbol=NYSE%3ANOV,False,,-43.0456917138348,-39.93513675671756,20.559999465942383,17.78499984741211,18.713659721374512,0.7052096556932305,48.762615819894485,46.17718218120036,0.1975401330758668,19.920000076293945,False,False,False,False,False,
NYSE:VIPS,,https://www.tradingview.com/chart/?symbol=NYSE%3AVIPS,True,2026-09-16 09:30,-67.96030324363784,-66.99989416171347,12.244999885559082,12.09000015258789,13.216900062561034,0.032460679655279163,-35.32718736343195,-47.05466487156345,0.33228946809727106,14.369999885559082,False,True,True,False,False,
NYSE:LEA,,https://www.tradingview.com/chart/?symbol=NYSE%3ALEA,False,,-23.796275799977565,-23.796275799977565,123.16999816894531,113.54000091552734,121.97699911499024,0.2693706100294441,-18.812075488192935,-22.422509609345333,0.2764032270204447,129.33999633789062,False,False,False,False,False,
NYSE:FAF,,https://www.tradingview.com/chart/?symbol=NYSE%3AFAF,False,,-29.045483370807357,-4.051153595898749,71.1500015258789,56.849998474121094,62.136398834228515,0.6383929498949766,42.024767373882575,30.743011073103425,0.32577080904533706,68.76000213623047,False,False,False,False,False,
NASDAQ:SLAB,,https://www.tradingview.com/chart/?symbol=NASDAQ%3ASLAB,False,,-5.708889712943836,8.248134542601507,219.75999450683594,201.64999389648438,206.14815692138671,0.9501567907569908,35.607036164081464,36.8787390020892,0.08751555812916409,217.7899932861328,False,False,False,False,False,
NASDAQ:LSTR,,https://www.tradingview.com/chart/?symbol=NASDAQ%3ALSTR,False,,-53.44288747717983,-53.44288747717983,169.13999938964844,144.35000610351562,163.47072351074218,0.3059737922446469,-30.35523495340598,-37.74223814293474,0.4468835501924518,181.3000030517578,False,False,False,False,False,
NYSE:FLR,,https://www.tradingview.com/chart/?symbol=NYSE%3AFLR,False,,-36.95705122222743,-36.08916943419803,52.970001220703125,42.53499984741211,46.14933952331543,0.6813582963757259,55.292500683599116,48.01617109283371,0.3060245616356618,50.04499816894531,False,False,False,False,False,
NASDAQ:RYTM,,https://www.tradingview.com/chart/?symbol=NASDAQ%3ARYTM,False,,-53.97181287822364,-53.97181287822364,97.95999908447266,75.4000015258789,85.4913620300293,0.5275958005502228,24.461540843974348,10.087779142780013,0.4526784093867238,94.45999908447266,False,False,False,False,False,
NYSE:NPO,,https://www.tradingview.com/chart/?symbol=NYSE%3ANPO,False,,-46.37629010657776,-45.74060352298062,287.1600036621094,239.02999877929688,274.1373610839844,0.3235412861201239,-23.554757975898422,-32.511576189859326,0.481517474558313,308.94000244140625,False,False,False,False,False,
NYSE:FSS,,https://www.tradingview.com/chart/?symbol=NYSE%3AFSS,False,,-52.72609333415544,-36.505788172144456,115.37000274658203,103.76499938964844,110.83673852539063,0.3872853253867784,1.7347930444453112,-11.37484557636901,0.258274411350635,116.0199966430664,False,False,False,False,False,
NYSE:MSM,,https://www.tradingview.com/chart/?symbol=NYSE%3AMSM,False,,8.192876890000706,18.1890557177645,120.55999755859375,85.70999908447266,95.52641937255859,0.8378410253964643,26.97014525990204,21.360308648168168,0.3576526236391568,116.30000305175781,False,False,False,False,False,
NYSE:ACI,,https://www.tradingview.com/chart/?symbol=NYSE%3AACI,False,,-38.874421411808555,29.59601113882465,12.5600004196167,11.024999618530273,12.705319816589355,0.2155899747410279,-55.77133803408504,-50.26760015154181,0.46233772828579517,15.399999618530273,False,True,False,False,False,
NYSE:HIMS,,https://www.tradingview.com/chart/?symbol=NYSE%3AHIMS,False,,-43.031178247693965,-5.591058794985972,28.014999389648438,18.760000228881836,23.44814017486572,0.46589475295250177,-9.91602900989504,-17.322659270275626,0.7103522139362424,27.96500015258789,False,False,False,False,False,
NYSE:ACA,,https://www.tradingview.com/chart/?symbol=NYSE%3AACA,False,,-39.8453717468835,-31.516232275067896,145.4499969482422,100.45500183105469,111.12574096679687,0.99513433067518,43.365281383856235,40.112009036791264,0.3478076641376202,130.0,False,False,False,False,False,
NYSE:NEU,,https://www.tradingview.com/chart/?symbol=NYSE%3ANEU,False,,-42.80207277482984,-4.948076219369724,893.1099853515625,584.2000122070312,673.1153745117188,0.8199117877098954,60.34232633237003,53.21608043228243,0.4855029513197411,776.02001953125,False,False,False,False,False,
NYSE:EPRT,,https://www.tradingview.com/chart/?symbol=NYSE%3AEPRT,False,,-89.22942146012814,-89.22942146012814,26.809999465942383,26.809999465942383,28.543419303894044,0.0,-37.83990446933896,-54.051007902370074,0.2364396969928238,31.065000534057617,False,True,False,False,False,
NYSE:CAG,,https://www.tradingview.com/chart/?symbol=NYSE%3ACAG,False,,-72.27725070370776,-26.25162140434493,15.175000190734863,12.569999694824219,14.004879676818847,0.42845403430906137,41.36280333766386,31.947303284705395,0.4160109489513106,14.614999771118164,False,False,False,False,False,
NASDAQ:BZ,,https://www.tradingview.com/chart/?symbol=NASDAQ%3ABZ,True,2026-09-16 13:30,-75.92181933144018,-75.92181933144018,15.024999618530273,12.65999984741211,14.150339973449707,0.3745050785607085,47.6205045757033,36.08463848422924,0.4458171938626328,14.164999961853027,False,False,True,False,False,
NYSE:PACS,,https://www.tradingview.com/chart/?symbol=NYSE%3APACS,False,,-6.088830031337623,-6.088830031337623,42.779998779296875,29.510000228881836,34.00343999481201,0.696953741684275,33.19301687855571,26.62007239944935,0.5017127437523653,37.95000076293945,False,False,False,False,False,
NYSE:GAP,,https://www.tradingview.com/chart/?symbol=NYSE%3AGAP,False,,-60.27111949316478,-60.27111949316478,20.190000534057617,18.34000015258789,20.46400015258789,0.20555559794108072,3.7844587786152175,-1.545179439744956,0.4188968929171807,21.485000610351562,False,True,False,False,False,
NYSE:AXTA,,https://www.tradingview.com/chart/?symbol=NYSE%3AAXTA,False,,-74.83526510476312,-69.84340745981909,33.310001373291016,25.3799991607666,28.40079943084717,0.6195313674630493,39.84750146613985,23.60392205175021,0.39838159722663324,32.130001068115234,False,False,False,False,False,
NASDAQ:MBLY,,https://www.tradingview.com/chart/?symbol=NASDAQ%3AMBLY,False,,-70.85112924901436,-70.85112924901436,7.809999942779541,6.505000114440918,7.531599979400635,0.3,-27.238807089205043,-37.589525025887205,0.5025996027734239,8.654999732971191,False,False,False,False,False,
NASDAQ:CRUS,,https://www.tradingview.com/chart/?symbol=NASDAQ%3ACRUS,False,,43.21354001122602,56.541336843122195,118.05999755859375,108.40380096435547,125.06922494506836,0.136741939411658,-58.66960801833255,-53.63583768241476,0.4816273745723751,146.6199951171875,False,True,False,False,False,
NYSE:JBTM,,https://www.tradingview.com/chart/?symbol=NYSE%3AJBTM,False,,-63.903806407153546,-57.84742554775159,111.43499755859375,111.2874984741211,120.4047684020996,0.0038180051934981938,-46.959831729818745,-51.33103224546467,0.2981592769239828,129.57000732421875,False,True,False,False,False,
NYSE:VIST,,https://www.tradingview.com/chart/?symbol=NYSE%3AVIST,False,,32.95159367169514,32.95159367169514,74.36000061035156,58.7400016784668,63.59098085021973,0.7599125078479221,45.26366047858508,52.79094295306998,0.2969946071721601,69.20999908447266,False,False,False,False,False,
NYSE:ECG,,https://www.tradingview.com/chart/?symbol=NYSE%3AECG,False,,-40.28138366181995,-40.28138366181995,111.30999755859375,109.04000091552734,123.2578215637207,0.03767941803596637,-47.467869331491535,-52.61927513947208,0.446358466338526,134.97000122070312,False,True,False,False,False,
NASDAQ:SFM,,https://www.tradingview.com/chart/?symbol=NASDAQ%3ASFM,False,,-62.912772778491615,-46.834406455300545,71.0199966430664,70.18000030517578,75.25152276611328,0.03908868338237466,-16.310092495728387,-32.9286428464137,0.2668508913308173,80.52999877929688,False,True,False,False,False,
NASDAQ:PLXS,,https://www.tradingview.com/chart/?symbol=NASDAQ%3APLXS,False,,-10.359068336889395,-10.359068336889395,242.3300018310547,189.75999450683594,216.70883868408202,0.46037305521959676,-21.20422222209078,-25.634532976578015,0.44859562495065847,254.5500030517578,False,False,False,False,False,
NYSE:CWEN,,https://www.tradingview.com/chart/?symbol=NYSE%3ACWEN,True,2026-09-16 13:30,-60.01205520432728,-60.01205520432728,29.979999542236328,29.93000030517578,32.60742059326172,0.004407160130516768,-50.943143145609234,-54.38074980419539,0.30350457187065993,37.380001068115234,False,True,True,False,False,"NEAR: 4h+band ok, weekly shallow"
NYSE:GTES,,https://www.tradingview.com/chart/?symbol=NYSE%3AGTES,False,,-11.51691389713372,-7.555217521729463,25.450000762939453,21.045000076293945,23.1772600402832,0.4875485070325961,-3.6799306281453954,-12.750156460722376,0.34992253889233127,25.81999969482422,False,False,False,False,False,
NYSE:NE,,https://www.tradingview.com/chart/?symbol=NYSE%3ANE,False,,-54.0206919032592,-22.26116282545357,44.36000061035156,37.09000015258789,41.168079864501955,0.42071764880411,21.970631027289937,23.290202741721867,0.37386409179835156,46.220001220703125,False,False,False,False,False,
NYSE:COMP,,https://www.tradingview.com/chart/?symbol=NYSE%3ACOMP,False,,-40.47411862708214,-36.86303517777362,10.335000038146973,6.565000057220459,8.166260133743286,0.555637406154973,18.079028769504784,5.823703999997765,0.7526345053635848,9.015000343322754,False,False,False,False,False,
NYSE:OMF,,https://www.tradingview.com/chart/?symbol=NYSE%3AOMF,False,,-50.08712659620726,-50.08712659620726,60.540000915527344,49.25,53.132199279785155,0.6863223714296051,54.520852214265176,44.205328920776275,0.28062090153493086,58.619998931884766,False,False,False,False,False,
NYSE:ICL,,https://www.tradingview.com/chart/?symbol=NYSE%3AICL,False,,-44.51440520486644,-44.51440520486644,5.480000019073486,4.851200103759766,5.315860439300537,0.3193661448234741,27.506740154420708,26.137899863026387,0.36698971311555545,5.364999771118164,False,False,False,False,False,
NYSE:UGP,,https://www.tradingview.com/chart/?symbol=NYSE%3AUGP,False,,33.41200235012688,34.62166807520537,7.554999828338623,4.679999828338623,5.375019868850708,0.976230842926611,63.3851304971555,67.58200379003955,0.5012766249636387,5.875,False,False,False,False,False,
NYSE:AN,,https://www.tradingview.com/chart/?symbol=NYSE%3AAN,False,,-45.39800663152153,-45.39800663152153,195.3699951171875,178.52000427246094,190.9713629760742,0.31937059513043287,21.765818311920896,12.827572934640001,0.2674303344272337,197.28500366210938,False,False,False,False,False,
NYSE:INGM,,https://www.tradingview.com/chart/?symbol=NYSE%3AINGM,False,,-49.893286979723854,-49.893286979723854,26.1200008392334,21.399999618530273,23.81191990661621,0.46183959461194607,5.423699259040795,-14.559921369046702,0.3665053303502497,27.885000228881836,False,False,False,False,False,
NYSE:LUMN,,https://www.tradingview.com/chart/?symbol=NYSE%3ALUMN,False,,39.80475778659104,39.80475778659104,6.670000076293945,5.659999847412109,6.934399982452392,0.18703705960340222,-29.3711404420312,-21.50127211557413,0.7894737502544525,6.840000152587891,False,True,False,False,False,
TSX:DFY,,https://www.tradingview.com/chart/?symbol=TSX%3ADFY,False,,-51.82334790360147,-6.037842832879323,73.43000030517578,62.369998931884766,66.95075889587402,0.5698094518411663,8.40967062536368,-0.9126349935727633,0.2758669653075082,70.36000061035156,False,False,False,False,False,
NASDAQ:LNTH,,https://www.tradingview.com/chart/?symbol=NASDAQ%3ALNTH,False,,-57.992003990811895,-16.955342970050207,100.51000213623047,73.08999633789062,82.03203799438477,0.7236738115292232,3.03061685244165,-1.611477280856744,0.3777667583867429,100.30000305175781,False,False,False,False,False,
NYSE:MTDR,,https://www.tradingview.com/chart/?symbol=NYSE%3AMTDR,False,,42.81271455444724,42.81271455444724,57.7599983215332,45.66999816894531,50.3439782409668,0.6104519043823657,29.40165733244538,36.68532501190773,0.35177620912184243,56.29999923706055,False,False,False,False,False,
NYSE:KGS,,https://www.tradingview.com/chart/?symbol=NYSE%3AKGS,False,,-29.414962794382518,-29.414962794382518,58.43000030517578,54.13999938964844,59.47359902954101,0.1898230621758562,-23.560807056448198,-25.855170092836914,0.35268411092910734,64.08000183105469,False,True,False,False,False,
NASDAQ:PPC,,https://www.tradingview.com/chart/?symbol=NASDAQ%3APPC,False,,-39.32245533654913,-39.32245533654913,29.670000076293945,26.399999618530273,29.55059970855713,0.24494384751498197,5.674939540157541,7.60712601165796,0.4487395086208311,29.75,False,False,False,False,False,
NASDAQ:CROX,,https://www.tradingview.com/chart/?symbol=NASDAQ%3ACROX,False,,-62.1717816687684,-20.516927267088622,115.38999938964844,75.76000213623047,91.18496047973633,0.6063341724189654,-0.008726881552991728,-11.660947454904782,0.5587756886283475,116.97000122070312,False,False,False,False,False,
NYSE:SWX,,https://www.tradingview.com/chart/?symbol=NYSE%3ASWX,False,,-76.19163534050973,-56.120927117799546,86.76000213623047,83.58999633789062,86.05619741821289,0.3033497042789568,-7.809587218238921,-23.748125837867768,0.11704754391260104,89.27999877929688,False,False,False,False,False,
NYSE:KLAR,,https://www.tradingview.com/chart/?symbol=NYSE%3AKLAR,False,,-54.72233520785263,-11.939331681698846,14.005000114440918,12.255000114440918,14.264540195465088,0.2055196628820227,-24.266734558385256,-31.49753271083332,0.5532813614924414,15.390000343322754,False,True,False,False,False,
NASDAQ:COGT,,https://www.tradingview.com/chart/?symbol=NASDAQ%3ACOGT,True,2026-09-16 09:30,-66.53744364497227,-66.53744364497227,32.560001373291016,30.979999542236328,33.85447961425781,0.12972100094145975,-16.22303789316347,-27.614577866110228,0.33609270808651576,36.2400016784668,False,True,True,False,False,
NYSE:SNDR,,https://www.tradingview.com/chart/?symbol=NYSE%3ASNDR,False,,-25.11181621126498,-18.25895563437684,32.7599983215332,23.440000534057617,27.060240119934083,0.6075618548631863,-9.61022662471567,-20.903435394679704,0.44322444307184417,34.61000061035156,False,False,False,False,False,
NYSE:FNB,,https://www.tradingview.com/chart/?symbol=NYSE%3AFNB,False,,-31.132184407386422,-31.132184407386422,17.895000457763672,15.809800148010254,16.68894727706909,0.559755309249121,9.921068945628774,-3.9933449610693312,0.20547158697410225,18.1299991607666,False,False,False,False,False,
NYSE:AROC,,https://www.tradingview.com/chart/?symbol=NYSE%3AAROC,False,,-42.13390986262872,-42.03758925983738,31.049999237060547,29.93000030517578,32.76200030517578,0.09333324432373047,-46.365318215596766,-49.53517360656308,0.33379693311079695,35.95000076293945,False,True,False,False,False,
NYSE:ST,,https://www.tradingview.com/chart/?symbol=NYSE%3AST,False,,-11.782603861425704,-11.782603861425704,41.91999816894531,33.11000061035156,37.933840286254885,0.4310175220404227,-29.60711053912591,-34.65839644912844,0.4607754361017578,44.36000061035156,False,False,False,False,False,
NYSE:VFC,,https://www.tradingview.com/chart/?symbol=NYSE%3AVFC,False,,-45.464776386654115,-37.83567108222068,12.729999542236328,12.5600004196167,14.691080356597901,0.018826038499083448,-75.7436564817334,-75.58422080499008,0.5403949866976409,16.709999084472656,False,True,False,True,False,
NASDAQ:IDCC,,https://www.tradingview.com/chart/?symbol=NASDAQ%3AIDCC,False,,-18.18702367571551,-18.18702367571551,328.8299865722656,250.4550018310547,280.40457794189456,0.6175879194574385,36.48602232995543,36.956353465264264,0.42021517722022456,302.0,False,False,False,False,False,
NYSE:AWI,,https://www.tradingview.com/chart/?symbol=NYSE%3AAWI,False,,-75.11768855852668,-69.7095052942535,158.00999450683594,151.43499755859375,159.76933813476563,0.18618140998719324,16.120930553161436,0.5287103947753611,0.21405626958390897,164.97999572753906,False,True,False,False,False,
NYSE:MHK,,https://www.tradingview.com/chart/?symbol=NYSE%3AMHK,False,,-40.78046480447759,-1.0925237409425492,127.70999908447266,94.2699966430664,105.0882375793457,0.729493881921815,55.85104144025598,47.504137483973835,0.42330781770925546,108.29000091552734,False,False,False,False,False,
TSX:FSV,,https://www.tradingview.com/chart/?symbol=TSX%3AFSV,True,2026-09-16 09:30,-62.215803514595876,-61.746598145435506,185.39999389648438,170.1199951171875,180.02491540527345,0.3640695338307376,-15.489008081703554,-32.70216469615244,0.21412174071174417,196.00999450683594,False,False,True,False,False,
NYSE:CHE,,https://www.tradingview.com/chart/?symbol=NYSE%3ACHE,True,2026-09-16 13:30,-69.18589846962583,-67.22878235615991,509.8800048828125,368.6600036621094,412.02972106933595,0.7684606283031166,50.325210227963815,41.1820631237124,0.4176305922856961,440.0299987792969,False,False,True,False,False,
NYSE:GBCI,,https://www.tradingview.com/chart/?symbol=NYSE%3AGBCI,False,,-57.17897965565783,-57.17897965565783,44.95000076293945,42.529998779296875,45.35963917541504,0.20183499957207948,-30.930692422208296,-39.63616978250583,0.2489101543332967,48.16999816894531,False,True,False,False,False,
NYSE:LW,,https://www.tradingview.com/chart/?symbol=NYSE%3ALW,False,,-63.04978700700912,-46.54244008886865,47.540000915527344,38.470001220703125,42.48082096862793,0.5336863939313202,51.39885331337581,34.31738328257269,0.3797340749924034,44.755001068115234,False,False,False,False,False,
NYSE:LOAR,,https://www.tradingview.com/chart/?symbol=NYSE%3ALOAR,True,2026-09-16 09:30,-65.82732156842373,-58.071534995621384,64.62999725341797,53.744998931884766,60.46745997619629,0.38213082782466673,2.372779928874278,-13.744141580411647,0.4277991261802302,66.58499908447266,False,False,True,False,False,
NASDAQ:GRFS,,https://www.tradingview.com/chart/?symbol=NASDAQ%3AGRFS,True,2026-09-16 09:30,-83.13531450458036,-81.64579011529135,7.394999980926514,6.985000133514404,7.401540102005005,0.23229454868372673,0.7964299666406394,-11.094684615243992,0.22527120075203336,7.835000038146973,False,True,True,False,False,
NYSE:MSA,,https://www.tradingview.com/chart/?symbol=NYSE%3AMSA,True,2026-09-16 09:30,-66.01407182655521,-62.60962298253438,179.8800048828125,156.27999877929688,165.5005205078125,0.6040440665309635,45.548331864468594,34.05751056851415,0.22749508602859508,171.74000549316406,False,False,True,False,False,
NYSE:MATX,,https://www.tradingview.com/chart/?symbol=NYSE%3AMATX,False,,68.68300275847399,77.92667408973205,235.63999938964844,148.27999877929688,169.6167596435547,0.9662647613293255,68.2379165095955,70.18275220841444,0.4676218339432692,193.33999633789062,False,False,False,False,False,
NYSE:IFS,,https://www.tradingview.com/chart/?symbol=NYSE%3AIFS,False,,-31.2448158492023,-31.2448158492023,54.77000045776367,43.900001525878906,47.88014102172851,0.6445301102134376,11.98835425893938,5.7090269100898645,0.31473356633230787,53.584999084472656,False,False,False,False,False,
TSX:ELD,,https://www.tradingview.com/chart/?symbol=TSX%3AELD,True,2026-09-16 09:30,-59.04029411523811,-58.51868343661645,56.77000045776367,38.95000076293945,45.51080058288574,0.6410072008587735,54.4216348458447,50.342379228625404,0.6004319588586129,46.29999923706055,False,False,False,False,False,
NASDAQ:CPB,,https://www.tradingview.com/chart/?symbol=NASDAQ%3ACPB,False,,-49.344646449805374,-25.118041135549003,21.399999618530273,19.815000534057617,21.10946022796631,0.2889698193738679,17.28971746385874,1.8066923502527263,0.25305646579329605,21.674999237060547,False,False,False,False,False,
NASDAQ:PRAX,,https://www.tradingview.com/chart/?symbol=NASDAQ%3APRAX,True,2026-09-16 13:30,-88.41622096651379,-88.41622096651379,309.05999755859375,240.50999450683594,275.23385321044924,0.4658987026269468,33.61247776917421,18.46851705426945,0.4575946712593308,321.5400085449219,False,False,True,False,False,
TSX:SCR,,https://www.tradingview.com/chart/?symbol=TSX%3ASCR,False,,29.344984095693935,31.90349671331535,42.869998931884766,35.119998931884766,38.957359436035155,0.4766297036782967,32.395161981822845,37.38243487595339,0.38751197547684174,41.959999084472656,False,False,False,False,False,
NASDAQ:TTAN,,https://www.tradingview.com/chart/?symbol=NASDAQ%3ATTAN,False,,-81.48387635854071,-50.48733514196771,58.70000076293945,54.02000045776367,65.02468070983886,0.10036457640949707,40.56842896866132,15.820546419857695,0.6776631699253935,68.80999755859375,False,True,False,False,False,
NASDAQ:FSV,,https://www.tradingview.com/chart/?symbol=NASDAQ%3AFSV,True,2026-09-16 13:30,-65.92084999716205,-65.92084999716205,132.50999450683594,124.875,131.38742028808593,0.27668034676902964,-4.174788118562627,-24.445771958238375,0.19540434061869733,141.22000122070312,False,False,True,False,False,
NASDAQ:PTCT,,https://www.tradingview.com/chart/?symbol=NASDAQ%3APTCT,True,2026-09-16 09:30,-66.34305588726765,-53.26660017318191,67.58999633789062,62.40999984741211,68.80914024353028,0.19103802949760376,-27.6017367995731,-35.30777448946661,0.3815789840987351,71.05999755859375,False,True,True,False,False,
NYSE:BYD,,https://www.tradingview.com/chart/?symbol=NYSE%3ABYD,False,,-33.28295760945347,-30.01187283362036,75.58000183105469,75.0999984741211,78.91375933837891,0.029703171296864585,-51.597437121757615,-57.51548822328317,0.19156002305820788,84.36000061035156,False,True,False,False,False,
NASDAQ:UBSI,,https://www.tradingview.com/chart/?symbol=NASDAQ%3AUBSI,False,,-14.283914399779462,33.938085872976735,47.310001373291016,39.06999969482422,41.54327958679199,0.7862597364873989,44.20681029226808,39.94386888560135,0.2340330466261992,44.779998779296875,False,False,False,False,False,
NYSE:TXNM,,https://www.tradingview.com/chart/?symbol=NYSE%3ATXNM,False,,-22.779550528640915,26.419502588972374,58.54999923706055,56.400001525878906,57.135141021728515,0.6902084063004391,22.39897165445048,33.495289586413854,0.05347635817630097,58.25,False,False,False,False,False,
NYSE:INGR,,https://www.tradingview.com/chart/?symbol=NYSE%3AINGR,True,2026-09-16 09:30,-68.35556052696114,-65.79060525216991,98.5,94.7249984741211,99.57833905029297,0.18356436069651003,-0.22075025375621257,-12.050823351713321,0.19869567576237923,103.5,False,True,True,False,False,
NASDAQ:LKQ,,https://www.tradingview.com/chart/?symbol=NASDAQ%3ALKQ,False,,-62.00840884671438,-62.00840884671438,22.989999771118164,22.39109992980957,24.60452045440674,0.06385608201340384,-33.189078720545915,-44.13262145331488,0.35906968708310977,26.1200008392334,False,True,False,False,False,
NASDAQ:PCTY,,https://www.tradingview.com/chart/?symbol=NASDAQ%3APCTY,False,,-54.760027093928926,-9.620063204066739,147.3699951171875,94.40499877929688,109.93733935546875,0.8047556692722799,61.36802899470439,54.85846317303417,0.5843470127529367,112.62999725341797,False,False,False,False,False,
NYSE:EGO,,https://www.tradingview.com/chart/?symbol=NYSE%3AEGO,True,2026-09-16 09:30,-60.90697871056559,-60.712009393137386,40.59000015258789,27.725000381469727,32.55001985931396,0.6292492620859632,51.86402051807321,48.050059727537075,0.6161843761130512,33.18000030517578,False,False,True,False,False,
NYSE:M,,https://www.tradingview.com/chart/?symbol=NYSE%3AM,False,,-41.10470844252854,-3.498990066341547,21.81999969482422,16.934999465942383,19.194699645996092,0.5101827508765835,-1.6342698387870815,-9.637721788112527,0.4330619854644683,22.110000610351562,False,False,False,False,False,
NYSE:ORA,,https://www.tradingview.com/chart/?symbol=NYSE%3AORA,True,2026-09-16 09:30,-58.30763906633851,-57.15106641535905,91.91000366210938,91.19999694824219,104.04783752441406,0.013042003710991148,-37.056645406603025,-46.77632357657612,0.4890973103198493,111.30709838867188,False,True,False,False,False,
TSX:NXE,,https://www.tradingview.com/chart/?symbol=TSX%3ANXE,True,2026-09-16 09:30,-60.80861919932746,-59.74249904390834,13.119999885559082,12.260000228881836,13.64060031890869,0.14700847873469433,-9.351359570730816,-19.168180958863676,0.3920911763777174,14.920000076293945,False,True,True,False,False,
NYSE:GATX,,https://www.tradingview.com/chart/?symbol=NYSE%3AGATX,False,,3.9590504487408094,24.965979662553554,177.6300048828125,164.52999877929688,173.8307596435547,0.3324030673996254,-7.62091511564054,-5.2169314687071235,0.2219406545957508,177.57000732421875,False,False,False,False,False,
NASDAQ:CACC,,https://www.tradingview.com/chart/?symbol=NASDAQ%3ACACC,False,,6.054871848091699,8.644798744706788,601.6749877929688,414.0199890136719,472.2777716064453,0.7601830646641805,30.1899469422289,30.22268316345436,0.44034074516024724,560.5999755859375,False,False,False,False,False,
NASDAQ:ACT,,https://www.tradingview.com/chart/?symbol=NASDAQ%3AACT,False,,4.8994609073470965,4.8994609073470965,48.95000076293945,40.064998626708984,42.43089898681641,0.8862843674681145,69.67045080094408,64.28682358689024,0.23067192215981036,43.459999084472656,False,False,False,False,False,
NYSE:QBTS,,https://www.tradingview.com/chart/?symbol=NYSE%3AQBTS,False,,-47.80469408836796,-47.80469408836796,16.28499984741211,12.970000267028809,17.083480113983153,0.19018931174531215,-43.05915241018159,-47.10998436818858,0.9005424832723895,19.354999542236328,False,True,False,False,False,
NYSE:AGRO,,https://www.tradingview.com/chart/?symbol=NYSE%3AAGRO,False,,-16.38637350045065,-16.38637350045065,11.640000343322754,8.899999618530273,10.415119636535644,0.4267913850826919,8.42998607804405,17.462624933015846,0.5501285376454558,11.670000076293945,False,False,False,False,False,
NYSE:EXP,,https://www.tradingview.com/chart/?symbol=NYSE%3AEXP,False,,-72.59006874012499,-63.79329267509771,179.44000244140625,173.05999755859375,188.38347943115235,0.09825972744746317,-50.367475433353555,-60.92547405718384,0.31655415837791673,205.11500549316406,False,True,False,False,False,
NYSE:GOLF,,https://www.tradingview.com/chart/?symbol=NYSE%3AGOLF,True,2026-09-16 13:30,-73.870552464928,-73.870552464928,82.72000122070312,82.72000122070312,91.19476028442382,0.0,-34.169966788219774,-38.91863436543318,0.3816963789732983,94.08000183105469,False,True,True,False,False,
NASDAQ:GDS,,https://www.tradingview.com/chart/?symbol=NASDAQ%3AGDS,False,,-46.23134789883932,-44.54506260667035,30.360000610351562,28.760000228881836,32.82628057098388,0.09286130277767722,-33.80913300883693,-40.520873379816706,0.5083345985215474,33.89500045776367,False,True,False,False,False,
NASDAQ:WFRD,,https://www.tradingview.com/chart/?symbol=NASDAQ%3AWFRD,False,,-70.78264741219793,-68.57973877417137,82.31999969482422,78.19999694824219,86.21455853271485,0.12131925594996053,-0.08739511447151334,-12.633609821491781,0.36301449071122266,93.55000305175781,False,True,False,False,False,
NASDAQ:MYRG,,https://www.tradingview.com/chart/?symbol=NASDAQ%3AMYRG,False,,-51.24080282456032,-50.19503481517551,275.5899963378906,257.0199890136719,314.622873046875,0.0760816372664514,-46.45446592921899,-49.27208803545419,0.7199787913595495,339.010009765625,False,True,False,False,False,
NASDAQ:MORN,,https://www.tradingview.com/chart/?symbol=NASDAQ%3AMORN,False,,-67.2696680673997,-12.009467881755045,202.6999969482422,141.8000030517578,160.02628204345703,0.7885536354467044,48.19392361499069,41.37844268095389,0.4337789184445805,178.0399932861328,False,False,False,False,False,
NYSE:TAL,,https://www.tradingview.com/chart/?symbol=NYSE%3ATAL,False,,-17.56041504167744,-2.359145615641055,11.949999809265137,8.949999809265137,9.83381978225708,0.8010681152670148,40.603278469203886,39.70157270658664,0.3383017153388051,11.069999694824219,False,False,False,False,False,
NYSE:CIG,,https://www.tradingview.com/chart/?symbol=NYSE%3ACIG,False,,-8.600778986410935,-8.600778986410935,2.1600000858306885,1.8799999952316284,2.0806000008583068,0.32941186205325795,-18.085650321138314,-6.217920496482769,0.3908046172307468,2.174999952316284,False,False,False,False,False,
NASDAQ:BLTE,,https://www.tradingview.com/chart/?symbol=NASDAQ%3ABLTE,False,,-23.784672073566245,-23.784672073566245,168.7100067138672,132.27999877929688,147.13029949951172,0.5789432843508243,55.88745293802373,56.405430627773946,0.4032103295921955,156.05999755859375,False,False,False,False,False,
NASDAQ:URBN,,https://www.tradingview.com/chart/?symbol=NASDAQ%3AURBN,False,,-36.45171423103695,-33.58783809673236,77.11000061035156,60.93000030517578,66.13144052124024,0.7341197655657469,53.15932902088477,47.290707662867845,0.30429381226928404,72.43000030517578,False,False,False,False,False,
NYSE:BMA,,https://www.tradingview.com/chart/?symbol=NYSE%3ABMA,False,,-50.534660399252346,-50.534660399252346,76.23500061035156,65.66000366210938,74.4061630859375,0.2853480206393046,-29.67204014963934,-33.028522549063055,0.46745709042911304,79.27999877929688,False,False,False,False,False,
NYSE:PCOR,,https://www.tradingview.com/chart/?symbol=NYSE%3APCOR,False,,-63.4795684047266,-45.32086770967505,51.9900016784668,38.30500030517578,44.36430012512207,0.5330088327144882,28.833257481639965,20.890103105218113,0.4806252361870393,53.41999816894531,False,False,False,False,False,
NYSE:KRMN,,https://www.tradingview.com/chart/?symbol=NYSE%3AKRMN,False,,-63.102958869550456,-23.960714898311238,36.900001525878906,34.3849983215332,51.323899581909174,0.035040097766790554,-43.240678493858304,-50.49887212147126,1.2477184430544792,57.525001525878906,False,True,False,False,False,
NYSE:GXO,,https://www.tradingview.com/chart/?symbol=NYSE%3AGXO,False,,-43.75861584756975,-13.770218950390904,46.130001068115234,45.380001068115234,48.687540924072266,0.053514094374770685,-47.61967225792994,-50.74221328963307,0.279183250530847,50.20000076293945,False,True,False,False,False,
NASDAQ:CGON,,https://www.tradingview.com/chart/?symbol=NASDAQ%3ACGON,False,,-50.953389504956625,-8.168291598490613,74.1500015258789,53.68000030517578,60.06615972900391,0.7564672234865829,40.088063012897436,32.99389264044587,0.3908145348564943,69.23999786376953,False,False,False,False,False,
NASDAQ:HWC,,https://www.tradingview.com/chart/?symbol=NASDAQ%3AHWC,False,,-8.166885686679832,28.61561495385143,74.55999755859375,60.5,65.08548007202148,0.723623125978461,34.491671087508706,27.248069170908813,0.27447379649509135,70.79000091552734,False,False,False,False,False,
NYSE:NXE,,https://www.tradingview.com/chart/?symbol=NYSE%3ANXE,True,2026-09-16 09:30,-60.077517486895005,-59.347773694461694,9.380000114440918,8.71500015258789,9.807680179595947,0.14362849793003243,-6.674000191532653,-16.269294375704202,0.43129951211139766,10.734999656677246,False,True,True,False,False,
NYSE:SBSW,,https://www.tradingview.com/chart/?symbol=NYSE%3ASBSW,False,,-46.83297773800331,-46.83297773800331,11.604999542236328,7.994999885559082,9.57384001159668,0.5396112658436083,21.122011413873206,23.118537288712055,0.5705757199488489,11.725000381469727,False,False,False,False,False,
TSX:TFPM,,https://www.tradingview.com/chart/?symbol=TSX%3ATFPM,False,,-50.74125310631651,-50.74125310631651,44.720001220703125,37.459999084472656,41.31859962463379,0.44403676574379003,26.555833161009918,24.773077229403086,0.3710849246302943,44.060001373291016,False,False,False,False,False,
NYSE:ENIC,,https://www.tradingview.com/chart/?symbol=NYSE%3AENIC,False,,-44.5960886008918,-44.5960886008918,4.315000057220459,3.825000047683716,4.033860045433045,0.5536723331265243,12.964037468365063,-1.8264286333760147,0.2011363571094089,4.400000095367432,False,False,False,False,False,
NYSE:FLG,,https://www.tradingview.com/chart/?symbol=NYSE%3AFLG,False,,-69.77663876895777,-69.77663876895777,12.585000038146973,12.180000305175781,12.935200260162354,0.12656242409720564,-38.15220779193172,-47.54844149256485,0.228408262454435,14.010000228881836,False,True,False,False,False,
NYSE:HNGE,,https://www.tradingview.com/chart/?symbol=NYSE%3AHNGE,False,,-25.967212955936294,28.600725955308373,93.73999786376953,35.11000061035156,49.19448068237305,0.982406115174454,58.18392139829185,57.054339080338224,0.9168138748908244,65.09500122070312,False,False,False,False,False,
NYSE:POR,,https://www.tradingview.com/chart/?symbol=NYSE%3APOR,True,2026-09-16 09:30,-71.23677128862211,-68.6080297956783,47.91999816894531,47.150001525878906,48.896400985717776,0.10405363259814472,-29.530784925899628,-38.359152376026515,0.14597095878742364,50.69499969482422,False,True,True,False,False,
NYSE:S,,https://www.tradingview.com/chart/?symbol=NYSE%3AS,False,,-8.350482234453226,59.548164482365515,23.174999237060547,11.930000305175781,14.738400215148925,0.94495792372753,55.775699209956365,56.48857480033762,0.7064410865897817,16.844999313354492,False,False,False,False,False,
NYSE:PSN,,https://www.tradingview.com/chart/?symbol=NYSE%3APSN,False,,-39.408348640365006,-8.235879399394237,46.470001220703125,39.09000015258789,44.62892044067383,0.3144440001820392,-44.07191144411263,-45.53251858167303,0.44953077250068646,52.209999084472656,False,False,False,False,False,
NYSE:MTG,,https://www.tradingview.com/chart/?symbol=NYSE%3AMTG,False,,-70.71665313664039,-70.71665313664039,29.5,24.829999923706055,26.41356015777588,0.6959760634888329,55.08307814540502,46.08259963148234,0.24162768747615815,27.770000457763672,False,False,False,False,False,
NYSE:HOMB,,https://www.tradingview.com/chart/?symbol=NYSE%3AHOMB,False,,4.153927232005844,31.969980388828066,29.7549991607666,25.600000381469727,27.017180183410645,0.6919232905881781,37.74430176688888,30.159691543071272,0.21465590987960215,27.975000381469727,False,False,False,False,False,
NASDAQ:CZR,,https://www.tradingview.com/chart/?symbol=NASDAQ%3ACZR,False,,-14.996223409404713,7.22813666730811,29.68000030517578,25.084999084472656,26.408959228515624,0.8190732122603405,21.04867502101094,17.697811604590708,0.1913369941590375,29.31999969482422,False,False,False,False,False,
NYSE:ESTC,,https://www.tradingview.com/chart/?symbol=NYSE%3AESTC,False,,-52.292309984196756,-33.0493688163199,85.04000091552734,42.52000045776367,56.0734796295166,0.7403796457625273,79.15969677166265,71.17752554126699,0.9805360558257533,58.56999969482422,False,False,False,False,False,
NYSE:STWD,,https://www.tradingview.com/chart/?symbol=NYSE%3ASTWD,False,,-70.26041275615938,-70.26041275615938,15.0,15.0,15.801220108032226,0.0,-63.818187054058455,-73.88293163743958,0.20047242780203714,16.934999465942383,False,True,False,True,False,"WATCH: weekly+band ok, waiting on 4h dot"
NASDAQ:LGND,,https://www.tradingview.com/chart/?symbol=NASDAQ%3ALGND,False,,-55.87761809182683,-55.87761809182683,275.19000244140625,190.14999389648438,221.3751533203125,0.6427330520300383,23.31370878902482,13.098749786185905,0.5208679847588892,254.01829528808594,False,False,False,False,False,
NASDAQ:ERAS,,https://www.tradingview.com/chart/?symbol=NASDAQ%3AERAS,False,,-38.02637422606356,-38.02637422606356,15.399999618530273,9.09000015258789,12.260660026550292,0.46966875450484247,12.571614466872601,-0.304412655063965,0.8262607181319995,16.260000228881836,False,False,False,False,False,
NYSE:LB,,https://www.tradingview.com/chart/?symbol=NYSE%3ALB,False,,-16.051660771558787,-16.051660771558787,82.61000061035156,60.95000076293945,67.77747993469238,0.7487038532666563,62.01787794741427,57.69963703633632,0.39430278598192137,73.37000274658203,False,False,False,False,False,
NYSE:AUB,,https://www.tradingview.com/chart/?symbol=NYSE%3AAUB,False,,-43.66561158938591,-28.954637227645083,39.13999938964844,33.7400016784668,36.04808139038086,0.5521470741502351,15.550725319734388,0.6847449699858839,0.24987222615755694,39.13999938964844,False,False,False,False,False,
NYSE:TEO,,https://www.tradingview.com/chart/?symbol=NYSE%3ATEO,False,,23.105794101883145,61.17285065438137,13.84000015258789,11.100000381469727,12.24224019241333,0.5661157488896293,12.469575623903781,17.280689276190323,0.3711655838245719,13.039999961853027,False,False,False,False,False,
NYSE:ABCB,,https://www.tradingview.com/chart/?symbol=NYSE%3AABCB,False,,-25.16943469025343,-19.282382375822426,83.6500015258789,73.83999633789062,78.40895648193359,0.5067151280327433,-18.121852066519118,-29.12277868274097,0.22653874113917594,85.45999908447266,False,False,False,False,False,
NASDAQ:SYRE,,https://www.tradingview.com/chart/?symbol=NASDAQ%3ASYRE,False,,0.9592922011319818,32.537509195064445,91.22000122070312,39.849998474121094,56.16373434448242,0.743135768810559,25.661080130842095,16.32215380689619,0.8565799512361605,80.69999694824219,False,False,False,False,False,
NASDAQ:VCTR,,https://www.tradingview.com/chart/?symbol=NASDAQ%3AVCTR,False,,-78.6354228067063,-78.6354228067063,103.69999694824219,61.19499969482422,75.35617904663086,0.7083576235143786,69.58210924657551,58.247065103405355,0.6901885848675782,86.94000244140625,False,False,False,False,False,
NYSE:IBP,,https://www.tradingview.com/chart/?symbol=NYSE%3AIBP,False,,-90.13360696112038,-62.06956389070825,199.64999389648438,195.49000549316406,223.73684246826173,0.03475636100598126,0.5459289459406863,-19.409844510153757,0.5090158522297177,235.13999938964844,False,True,False,False,False,
NASDAQ:TXG,,https://www.tradingview.com/chart/?symbol=NASDAQ%3ATXG,False,,67.85321840258392,81.95678362419811,72.67500305175781,16.684999465942383,30.468578727722168,0.9586509131842326,83.50571779619841,82.71082078105357,1.8476746518259137,31.610000610351562,False,False,False,False,False,
NYSE:TFPM,,https://www.tradingview.com/chart/?symbol=NYSE%3ATFPM,False,,-54.36687347631686,-54.36687347631686,31.969999313354492,26.854999542236328,29.87933921813965,0.3991416558139535,25.911360574439573,23.89753607559977,0.40222844887659204,31.860000610351562,False,False,False,False,False,
NASDAQ:GTX,,https://www.tradingview.com/chart/?symbol=NASDAQ%3AGTX,False,,-48.59203162675042,-48.59203162675042,26.149999618530273,16.979999542236328,21.520639938354492,0.4766111889978113,-28.495004387303982,-34.286523932567235,0.6634483337402344,29.0,False,False,False,False,False,
NASDAQ:MRCY,,https://www.tradingview.com/chart/?symbol=NASDAQ%3AMRCY,False,,-50.50470032465332,18.59024787927704,87.29000091552734,69.78500366210938,83.11310330200195,0.30996011910366666,-30.035324620715738,-36.31069678915689,0.6101447705675491,92.55999755859375,False,False,False,False,False,
NYSE:ESNT,,https://www.tradingview.com/chart/?symbol=NYSE%3AESNT,False,,-38.874719620128175,-38.874719620128175,67.83000183105469,55.744998931884766,59.092659255981445,0.8519564137600164,52.35390078590916,47.79833151823261,0.22831162287828574,62.130001068115234,False,False,False,False,False,
TSX:DSG,,https://www.tradingview.com/chart/?symbol=TSX%3ADSG,False,,-41.870100813625044,21.69997775773619,110.62999725341797,87.3499984741211,93.59455825805664,0.8798185784125034,45.56923524299915,42.59791203002846,0.2628911940718582,100.6500015258789,False,False,False,False,False,
NYSE:FBIN,,https://www.tradingview.com/chart/?symbol=NYSE%3AFBIN,False,,-68.98515216879194,-53.68162834180845,39.55500030517578,33.400001525878906,38.50704138183594,0.2844269386736276,-13.112629299601062,-25.6013758696867,0.5204424828448723,41.58000183105469,False,False,False,False,False,
NYSE:TFX,,https://www.tradingview.com/chart/?symbol=NYSE%3ATFX,True,2026-09-16 09:30,-69.89171717574418,-65.88341736217983,128.0500030517578,105.44999694824219,114.12299694824219,0.6149661524766157,43.805642952263646,24.470231964112365,0.2802348648089201,131.13999938964844,False,False,True,False,False,
NASDAQ:GLBE,,https://www.tradingview.com/chart/?symbol=NASDAQ%3AGLBE,False,,-41.216837114978865,-28.341409984118624,36.94499969482422,27.5,31.011680252075195,0.6347445575835945,32.38100353785009,20.185977061203282,0.43867930045286035,33.91999816894531,False,False,False,False,False,
NYSE:NJR,,https://www.tradingview.com/chart/?symbol=NYSE%3ANJR,False,,-51.10063557692572,-33.614759320055434,53.52000045776367,52.81999969482422,54.59236019897461,0.0932091296702091,-20.472178590869856,-26.229684571831854,0.1351692215731424,55.560001373291016,False,True,False,False,False,
NASDAQ:BLLN,,https://www.tradingview.com/chart/?symbol=NASDAQ%3ABLLN,False,,29.230541743313257,67.63645062123356,103.45500183105469,63.54999923706055,83.93096028137207,0.46207735698563307,-1.5753094906247158,-2.8560703702493244,0.9087657111899607,95.02999877929688,False,False,False,False,False,
NYSE:AVAL,,https://www.tradingview.com/chart/?symbol=NYSE%3AAVAL,False,,3.214295397078454,3.214295397078454,5.300000190734863,3.9149999618530273,4.350420024871826,0.7506775221839087,48.28298226284587,46.31730079898571,0.3746193290509324,4.925000190734863,False,False,False,False,False,
NASDAQ:MIDD,,https://www.tradingview.com/chart/?symbol=NASDAQ%3AMIDD,False,,-62.557962108254536,13.967919772089038,112.25,102.23652648925781,112.11890765380859,0.23913060113610565,-35.05200583617464,-39.920415061099874,0.35650684255269616,117.457763671875,False,False,False,False,False,
NASDAQ:ROAD,,https://www.tradingview.com/chart/?symbol=NASDAQ%3AROAD,True,2026-09-16 09:30,-56.511348455051866,-56.35688850042678,95.05999755859375,93.5199966430664,104.5388390197754,0.03298352074013445,-29.06023756340784,-40.51409684409129,0.41344204325359324,112.93000030517578,False,True,False,False,False,
NASDAQ:RUSHA,,https://www.tradingview.com/chart/?symbol=NASDAQ%3ARUSHA,False,,-58.41908956401039,-20.06603073646181,49.04999923706055,40.81999969482422,44.242000595092776,0.5675860260046529,26.92810171962645,12.413940850721811,0.30087157311463175,48.19333267211914,False,False,False,False,False,
NASDAQ:SRRK,,https://www.tradingview.com/chart/?symbol=NASDAQ%3ASRRK,True,2026-09-16 09:30,-84.26979091344936,-83.82962110912213,49.38999938964844,39.810001373291016,44.8674814453125,0.4470367652791707,45.15109543642287,32.6737643716304,0.43592352261375983,49.15999984741211,False,False,True,False,False,
NYSE:FND,,https://www.tradingview.com/chart/?symbol=NYSE%3AFND,False,,-46.66387152667736,-46.66387152667736,45.97999954223633,43.5,48.03120018005371,0.12916663769218772,-19.01854164426926,-31.736899683613256,0.3650190365002719,52.599998474121094,False,True,False,False,False,
TSX:PSK,,https://www.tradingview.com/chart/?symbol=TSX%3APSK,False,,-47.54617188971081,5.929668251159647,35.564998626708984,30.649999618530273,32.18635967254639,0.7549921406105566,57.0582470697706,54.83082115062988,0.1934621079846088,33.650001525878906,False,False,False,False,False,
NASDAQ:TWST,,https://www.tradingview.com/chart/?symbol=NASDAQ%3ATWST,False,,-23.816230975475648,48.18721739467986,143.17999267578125,42.060001373291016,68.48161857604981,0.9032118573308194,76.88162667206217,73.25244648244684,1.4702035831002351,76.1500015258789,False,False,False,False,False,
TSX:ONEX,,https://www.tradingview.com/chart/?symbol=TSX%3AONEX,False,,-47.40352563243085,-37.29950650343006,108.80000305175781,95.9000015258789,101.11796166992187,0.5834464572488218,26.380666901594996,12.704934461030984,0.20245399501605835,109.20999908447266,False,False,False,False,False,
NASDAQ:DSGX,,https://www.tradingview.com/chart/?symbol=NASDAQ%3ADSGX,False,,-42.74634976272341,19.300321384613635,79.0790023803711,63.11000061035156,67.54090097045898,0.8505459638982363,44.65105651678982,41.86037169278384,0.2586444754520356,72.58999633789062,False,False,False,False,False,
TSX:BLCO,,https://www.tradingview.com/chart/?symbol=TSX%3ABLCO,False,,-30.098832296677887,-30.098832296677887,23.899999618530273,20.739999771118164,21.84683989715576,0.6737738779484088,51.66866068589221,50.90870731578751,0.206063290285302,22.760000228881836,False,False,False,False,False,
NASDAQ:CAR,,https://www.tradingview.com/chart/?symbol=NASDAQ%3ACAR,False,,-84.3225988406635,-74.76607307046807,116.94999694824219,95.80000305175781,241.69520233154296,0.03421221934793236,-45.00645267153619,-51.48107944046431,3.9845312360160543,155.14999389648438,False,True,False,False,False,
NASDAQ:SEZL,,https://www.tradingview.com/chart/?symbol=NASDAQ%3ASEZL,False,,-12.300692155640741,-12.300692155640741,117.22000122070312,59.70500183105469,90.23632067871094,0.44457758027701477,-9.958856032855925,-15.831601279779797,1.0909014175915996,118.58999633789062,False,False,False,False,False,
NASDAQ:PSMT,,https://www.tradingview.com/chart/?symbol=NASDAQ%3APSMT,True,2026-09-16 09:30,-56.49497949104907,-56.49497949104907,167.0,139.96499633789062,153.69901806640624,0.46455881535491,-8.092720142486671,-16.860871834589947,0.34117960265782205,170.57000732421875,False,False,False,False,False,
NASDAQ:SSRM,,https://www.tradingview.com/chart/?symbol=NASDAQ%3ASSRM,False,,-66.46226307663461,-57.9779631364166,35.2400016784668,22.989999771118164,26.816740257263184,0.75547334882032,43.50965274370674,42.353206279979716,0.5379002094445298,30.145000457763672,False,False,False,False,False,
NASDAQ:APPF,,https://www.tradingview.com/chart/?symbol=NASDAQ%3AAPPF,False,,-38.85393342750555,23.11316256662717,221.25,143.3699951171875,164.9285965576172,0.8525451524826474,64.84446213143924,62.671506797513615,0.5436852980635724,168.02000427246094,False,False,False,False,False,
TSX:ACO.X,,https://www.tradingview.com/chart/?symbol=TSX%3AACO.X,True,2026-09-16 09:30,-58.209986514956135,-49.18062734421454,72.29000091552734,64.93000030517578,68.81928109741212,0.44660188781181326,11.045307396438275,-2.158696391703046,0.23090938381283493,71.37000274658203,False,False,False,False,False,
NASDAQ:ACMR,,https://www.tradingview.com/chart/?symbol=NASDAQ%3AACMR,True,2026-09-16 13:30,-64.0462725532122,-64.0462725532122,64.83999633789062,37.91999816894531,58.902759033203125,0.30277805713799294,-21.585988419396784,-31.579551812318513,1.1942244097594767,74.44999694824219,False,False,True,False,False,
NASDAQ:SIGI,,https://www.tradingview.com/chart/?symbol=NASDAQ%3ASIGI,True,2026-09-16 09:30,-60.0278163942264,-59.89888724933928,88.55000305175781,73.44999694824219,79.76771795654297,0.5640643890015897,0.21540470250586155,-12.673571094734536,0.29701547862241556,90.12999725341797,False,False,True,False,False,
NASDAQ:CVLT,,https://www.tradingview.com/chart/?symbol=NASDAQ%3ACVLT,False,,-21.494455604131634,47.392817487135574,145.22000122070312,73.5999984741211,92.58147854614258,0.8904637880745251,21.617685225645232,23.73893319991752,0.6586684129322454,122.11000061035156,False,False,False,False,False,
NASDAQ:MIRM,,https://www.tradingview.com/chart/?symbol=NASDAQ%3AMIRM,False,,-53.131001972537774,-52.41785729015328,97.37000274658203,86.73999786376953,96.60715908813476,0.25424548107605655,-16.999313603833514,-21.951412623112034,0.42330673897945625,98.7699966430664,False,False,False,False,False,
NYSE:CPA,,https://www.tradingview.com/chart/?symbol=NYSE%3ACPA,False,,-49.20709240494142,-42.1819765203745,128.43099975585938,107.7699966430664,119.49447671508788,0.4158817026142501,-22.99219814305196,-27.97201669819028,0.3784566061418048,131.27000427246094,False,False,False,False,False,
NASDAQ:CHDN,,https://www.tradingview.com/chart/?symbol=NASDAQ%3ACHDN,True,2026-09-16 09:30,-54.51666572619831,-51.90900830764048,82.66999816894531,79.94499969482422,85.04849969482422,0.12601149013276733,-10.69965280583537,-26.01361377038392,0.24753891768445782,87.36000061035156,False,True,False,False,False,
NYSE:BKH,,https://www.tradingview.com/chart/?symbol=NYSE%3ABKH,True,2026-09-16 09:30,-61.09787487983018,-60.03514452287616,70.5,67.7750015258789,70.05240188598633,0.2823832169159067,-14.729763874273894,-33.07566014672166,0.13166873250556121,73.29000091552734,False,False,True,False,False,
NYSE:WH,,https://www.tradingview.com/chart/?symbol=NYSE%3AWH,True,2026-09-16 09:30,-54.649019605859024,-53.69879980419577,68.18000030517578,67.4800033569336,72.77584213256836,0.03119416711573801,-52.56783030048259,-59.04680033544521,0.28358392001640614,79.12999725341797,False,True,False,False,False,
NYSE:BLCO,,https://www.tradingview.com/chart/?symbol=NYSE%3ABLCO,False,,-46.68252171805184,-46.68252171805184,17.09000015258789,14.859999656677246,15.690719539642334,0.633522957409495,52.82440283008781,49.84767561108012,0.21608344421479767,16.290000915527344,False,False,False,False,False,
NASDAQ:AMRX,,https://www.tradingview.com/chart/?symbol=NASDAQ%3AAMRX,False,,-52.730376643671384,-25.539473190953995,18.079999923706055,11.805000305175781,13.526620323181152,0.8601781429614653,37.29228370990855,32.04221282252103,0.455368281388445,16.020000457763672,False,False,False,False,False,
NASDAQ:DAVE,,https://www.tradingview.com/chart/?symbol=NASDAQ%3ADAVE,False,,-27.353997323171807,12.462803145649909,365.1000061035156,165.84500122070312,233.34689978027342,0.6966349414727201,32.11028941858356,29.841947625523048,1.001137492739124,285.70001220703125,False,False,False,False,False,
NYSE:VSH,,https://www.tradingview.com/chart/?symbol=NYSE%3AVSH,False,,11.14115751510977,11.14115751510977,31.329999923706055,16.385000228881836,27.93837931060791,0.3052803775440197,-26.16857640111824,-27.814056585051546,1.4707825246637343,33.28499984741211,False,False,False,False,False,
NYSE:MCY,,https://www.tradingview.com/chart/?symbol=NYSE%3AMCY,False,,-20.78293728630439,-13.189038598438998,102.06999969482422,86.01000213623047,92.02092242431641,0.630545614011965,6.641612929324681,-3.521396967075062,0.25115866582124663,101.41000366210938,False,False,False,False,False,
NASDAQ:DUOL,,https://www.tradingview.com/chart/?symbol=NASDAQ%3ADUOL,False,,-22.125251043626065,15.86938576279342,148.27000427246094,88.43000030517578,105.07979922485352,0.8481928823529984,68.25049041563832,65.7052181347597,0.5964659803049642,118.27999877929688,False,False,False,False,False,
TSX:OR,,https://www.tradingview.com/chart/?symbol=TSX%3AOR,False,,-54.786134688649305,-45.171143874473046,49.560001373291016,39.189998626708984,44.09171873474121,0.499277925759785,14.03056637926431,16.940893872807735,0.41993531828196395,49.459999084472656,False,False,False,False,False,
NASDAQ:CWST,,https://www.tradingview.com/chart/?symbol=NASDAQ%3ACWST,False,,-46.73122094340973,-26.81806418023378,90.0999984741211,74.97000122070312,81.10364071655273,0.5821469217782979,20.76569714908376,10.328672287360902,0.29405438972225584,88.38500213623047,False,False,False,False,False,
NASDAQ:NAVN,,https://www.tradingview.com/chart/?symbol=NASDAQ%3ANAVN,False,,-87.90123053746383,-50.243734489232935,22.540000915527344,8.470000267028809,13.69150004196167,0.6359322601116745,37.35027104682464,18.431899036394963,1.0358145324960049,21.360000610351562,False,False,False,False,False,
NYSE:PRM,,https://www.tradingview.com/chart/?symbol=NYSE%3APRM,False,,-7.9588462300486364,11.720111821801959,31.90999984741211,20.63050079345703,24.680142822265623,0.6573326130548256,-15.498301791853777,-20.103425301523163,0.5433660596429972,31.579999923706055,False,False,False,False,False,
TSX:OGC,,https://www.tradingview.com/chart/?symbol=TSX%3AOGC,False,,-44.83807152752488,-44.83807152752488,39.70000076293945,31.170000076293945,36.07643984222412,0.4102934628948196,16.37029907736269,17.421407025531806,0.5085616062861132,40.880001068115234,False,False,False,False,False,
NYSE:OUT,,https://www.tradingview.com/chart/?symbol=NYSE%3AOUT,True,2026-09-16 09:30,-59.2536959668368,-58.65144744880226,28.19499969482422,25.6299991607666,27.602817512512207,0.3068402752346538,-35.94072680546984,-43.62933832146915,0.271894602938663,30.7450008392334,False,False,False,False,False,
NYSE:ENVA,,https://www.tradingview.com/chart/?symbol=NYSE%3AENVA,False,,-83.71376202683118,-83.71376202683118,172.1300048828125,129.72000122070312,161.87736352539062,0.31124321607680056,29.273490556281512,8.758784703005212,0.7666254391494638,177.74000549316406,False,False,False,False,False,
NASDAQ:LYFT,,https://www.tradingview.com/chart/?symbol=NASDAQ%3ALYFT,False,,-64.94885498073684,-20.683611162149866,15.6899995803833,12.645099639892578,13.841596160888672,0.6005837654735283,47.54637713679273,32.96097622145651,0.3528114511531927,14.369999885559082,False,False,False,False,False,
NASDAQ:NXST,,https://www.tradingview.com/chart/?symbol=NASDAQ%3ANXST,False,,-51.35955363878949,-45.854273733664336,163.6699981689453,154.6199951171875,176.38627770996095,0.09812427598105085,-22.80048454696194,-37.79644272488156,0.49618037746703453,185.8800048828125,False,True,False,False,False,
NASDAQ:KLIC,,https://www.tradingview.com/chart/?symbol=NASDAQ%3AKLIC,False,,-16.714232510250223,-16.714232510250223,79.52999877929688,61.810001373291016,78.81380119323731,0.24594028582433597,-31.569258691396456,-35.471900304256,0.7931528197013752,90.83999633789062,False,False,False,False,False,
NASDAQ:OZK,,https://www.tradingview.com/chart/?symbol=NASDAQ%3AOZK,False,,-25.741717816759806,-13.292713668844923,48.0099983215332,43.40999984741211,45.70627973937988,0.47276451084640414,4.695701909156782,-9.436244016190063,0.1979251336948191,49.15999984741211,False,False,False,False,False,
NASDAQ:FIGR,,https://www.tradingview.com/chart/?symbol=NASDAQ%3AFIGR,False,,-47.051579022024384,-47.051579022024384,33.290000915527344,24.889999389648438,29.285499389648436,0.4510067933357802,18.228306916552185,19.24912468920624,0.5573843929283061,33.415000915527344,False,False,False,False,False,
NASDAQ:ACIW,,https://www.tradingview.com/chart/?symbol=NASDAQ%3AACIW,False,,-23.060684292353145,-23.060684292353145,51.619998931884766,38.91999816894531,43.98219834899902,0.5920746065837937,27.04195797680129,18.045403525689313,0.47613764986023643,45.04999923706055,False,False,False,False,False,
NYSE:PATH,,https://www.tradingview.com/chart/?symbol=NYSE%3APATH,False,,-43.79583126857515,-30.06054795565272,13.635000228881836,9.369999885559082,11.560079822540283,0.4595905674619262,61.24912154090481,48.17390232926677,0.8096812592797963,11.461299896240234,False,False,False,False,False,
NASDAQ:SBRA,,https://www.tradingview.com/chart/?symbol=NASDAQ%3ASBRA,False,,-75.41960906548574,-75.41960906548574,20.094999313354492,17.674999237060547,18.800719345092773,0.5073374935122162,35.96089493439789,29.714815652598908,0.23428292312223595,20.360000610351562,False,False,False,False,False,
NASDAQ:VSEC,,https://www.tradingview.com/chart/?symbol=NASDAQ%3AVSEC,True,2026-09-16 09:30,-71.17076275439871,-69.03830572917644,185.10000610351562,158.5500030517578,178.97344146728517,0.3067946049403287,6.980389994101017,-9.283773174426335,0.43764534682954953,197.74000549316406,False,False,True,False,False,
NYSE:OR,,https://www.tradingview.com/chart/?symbol=NYSE%3AOR,False,,-54.85909335662939,-48.94584862023265,35.470001220703125,27.8799991607666,31.72679943084717,0.4656442654631259,14.287450883097486,16.74796789720118,0.4541655453220905,35.88999938964844,False,False,False,False,False,
NYSE:MUR,,https://www.tradingview.com/chart/?symbol=NYSE%3AMUR,False,,51.28120155020057,55.621416259312674,38.20000076293945,31.520000457763672,34.19860009765625,0.5885463615177321,15.864045959666784,28.94712280474701,0.30082159055993346,37.72999954223633,False,False,False,False,False,
TSX:OTEX,,https://www.tradingview.com/chart/?symbol=TSX%3AOTEX,False,,-45.33474029288836,8.078988116551704,32.7599983215332,28.030000686645508,30.243680488586428,0.5042641852966995,23.923266597885192,15.314306967278357,0.2936756106426708,31.940000534057617,False,False,False,False,False,
NYSE:GVA,,https://www.tradingview.com/chart/?symbol=NYSE%3AGVA,True,2026-09-16 09:30,-59.95964344024883,-50.64169336273636,115.81999969482422,110.86000061035156,122.50188104248046,0.10054731198793897,-33.38016171256044,-39.582935080223606,0.3936951367086391,125.30000305175781,False,True,False,False,False,
NYSE:AX,,https://www.tradingview.com/chart/?symbol=NYSE%3AAX,False,,-55.10172690206042,-49.70417358519895,92.61000061035156,81.76000213623047,87.37916156005859,0.45569086882182397,15.072640323407029,-0.9506002046195441,0.2538379188053507,93.80000305175781,False,False,False,False,False,
NASDAQ:DOX,,https://www.tradingview.com/chart/?symbol=NASDAQ%3ADOX,False,,-20.167216182704845,15.123616064118856,61.41999816894531,49.849998474121094,54.426983612060546,0.5965760966415959,21.161621392459505,25.81085298824561,0.3132106814483726,61.91999816894531,False,False,False,False,False,
NASDAQ:REYN,,https://www.tradingview.com/chart/?symbol=NASDAQ%3AREYN,False,,-45.59766518378336,-2.2339726649630283,22.420000076293945,20.549999237060547,22.114679489135742,0.28205136319306795,-4.0826821749868,-17.372349127809702,0.2993904236200124,22.145000457763672,False,False,False,False,False,
NASDAQ:PECO,,https://www.tradingview.com/chart/?symbol=NASDAQ%3APECO,True,2026-09-16 09:30,-74.37812940075789,-74.37812940075789,37.810001373291016,36.80500030517578,38.49830012512207,0.14006985017143544,-16.9575796972688,-25.833151204640977,0.18009536168624937,39.84000015258789,False,True,True,False,False,
NYSE:SON,,https://www.tradingview.com/chart/?symbol=NYSE%3ASON,False,,-68.83308146022712,-41.712800715283876,48.38999938964844,46.36000061035156,49.70884028625488,0.1430584197151316,12.9839692166842,-5.952694541408505,0.2653824257107879,53.470001220703125,False,True,False,False,False,
NYSE:WEX,,https://www.tradingview.com/chart/?symbol=NYSE%3AWEX,False,,-9.170568693377172,43.68487619773174,197.19000244140625,126.76000213623047,144.80928292846679,0.9208943150339267,53.030961524298526,52.256065522803596,0.49005223567434725,156.06500244140625,False,False,False,False,False,
NYSE:VAL,,https://www.tradingview.com/chart/?symbol=NYSE%3AVAL,False,,-50.45669736939809,-22.296316233074904,82.5199966430664,72.47000122070312,82.1884812927246,0.24405039698603717,8.275266613945744,6.501497955697985,0.46363432162424845,88.81999969482422,False,False,False,False,False,
NASDAQ:BGC,,https://www.tradingview.com/chart/?symbol=NASDAQ%3ABGC,False,,17.812801728682896,17.812801728682896,12.199999809265137,9.119999885559082,9.975499885559081,0.8496551513671875,44.13826754922864,47.50583923501614,0.324529988830826,11.170000076293945,False,False,False,False,False,
NYSE:YOU,,https://www.tradingview.com/chart/?symbol=NYSE%3AYOU,False,,-78.67825426403061,-78.67825426403061,40.66999816894531,40.369998931884766,45.564359436035154,0.013630132119193247,-43.85344750035708,-48.93541355964325,0.4155967242583201,52.959999084472656,False,True,False,False,False,
TSX:BB,,https://www.tradingview.com/chart/?symbol=TSX%3ABB,False,,-36.42105455614555,12.19324881108684,10.710000038146973,4.380000114440918,7.603760303497314,0.4633967461555792,-13.981050693926656,-20.47767568533057,1.2474886793631057,10.949999809265137,False,False,False,False,False,
TSX:BTO,,https://www.tradingview.com/chart/?symbol=TSX%3ABTO,True,2026-09-16 09:30,-60.82724785180994,-56.84860728976371,7.199999809265137,5.119999885559082,5.830359939575195,0.6910298224391629,32.30032994236465,32.60400436358832,0.47031252875458407,6.400000095367432,False,False,True,False,False,
NYSE:RLI,,https://www.tradingview.com/chart/?symbol=NYSE%3ARLI,False,,-61.16220211438323,-34.19395016510308,60.54499816894531,47.52000045776367,52.02524049377441,0.6822942696213619,39.86908873230856,29.687060344010114,0.3259904321193333,58.560001373291016,False,False,False,False,False,
NYSE:WTM,,https://www.tradingview.com/chart/?symbol=NYSE%3AWTM,True,2026-09-16 09:30,-57.01172706456603,-50.50305522391878,2067.989990234375,1991.2900390625,2069.210140625,0.23230447745301602,-27.869952588415725,-40.263455152641114,0.15425870044662132,2140.364990234375,False,True,False,False,False,
TSX:DSV,,https://www.tradingview.com/chart/?symbol=TSX%3ADSV,False,,-57.75587532322108,-57.75587532322108,11.180000305175781,7.210000038146973,8.65668006515503,0.6476346154833457,59.129718974221625,53.7754931722127,0.678848316247284,9.029999732971191,False,False,False,False,False,
NYSE:ADT,,https://www.tradingview.com/chart/?symbol=NYSE%3AADT,False,,-58.6997993267728,-37.92068804305733,7.019999980926514,6.295000076293945,6.6832200717926025,0.4407294304187326,31.89355100896397,20.806768814949805,0.23823315437265877,6.90500020980835,False,False,False,False,False,
NYSE:CLF,,https://www.tradingview.com/chart/?symbol=NYSE%3ACLF,False,,-32.73638133623657,-19.40017317651622,12.170000076293945,7.804999828338623,9.447559949874877,0.6271551616351101,27.514102379466888,29.432909051178918,0.6486487243161186,10.729999542236328,False,False,False,False,False,
NYSE:RIG,,https://www.tradingview.com/chart/?symbol=NYSE%3ARIG,False,,-50.239301155466116,-23.06308714385045,5.539999961853027,4.869999885559082,5.5154599170684815,0.24497259363311716,7.756125204856967,6.276923019446681,0.45850797377227825,5.965000152587891,False,False,False,False,False,
NASDAQ:MAAS,,https://www.tradingview.com/chart/?symbol=NASDAQ%3AMAAS,False,,-14.113090454591111,38.24706931282646,16.850000381469727,5.309999942779541,9.476579992294312,0.6536392127754869,26.959697410177807,23.262982814069918,1.4101437351673942,12.520000457763672,False,False,False,False,False,
NASDAQ:XMTR,,https://www.tradingview.com/chart/?symbol=NASDAQ%3AXMTR,False,,-45.04054163646455,-13.664649673980302,93.25,36.08000183105469,52.319161254882815,0.8308385437779353,21.258862236748,16.425305852192032,0.8004885794725795,85.95999908447266,False,False,False,False,False,
NYSE:OBDC,,https://www.tradingview.com/chart/?symbol=NYSE%3AOBDC,False,,-58.16034635285974,-44.56167038308882,11.119999885559082,10.645000457763672,10.943540313720703,0.3754937999831128,35.248440966018556,24.06163297360439,0.11340200985477733,11.154999732971191,False,False,False,False,False,
NASDAQ:OTEX,,https://www.tradingview.com/chart/?symbol=NASDAQ%3AOTEX,False,,-47.148803680899015,1.1080855318979734,23.420000076293945,19.915000915527344,21.51390082550049,0.517343078688904,25.831627558264966,17.395314960485564,0.293226563633791,23.104999542236328,False,False,False,False,False,
NASDAQ:VRNS,,https://www.tradingview.com/chart/?symbol=NASDAQ%3AVRNS,False,,18.5133094657512,51.71803091552002,46.72999954223633,20.200000762939453,26.95668101501465,0.9266502895399086,49.909633728004245,52.53357036635129,0.852337032987762,33.59000015258789,False,False,False,False,False,
TSX:CSH.UN,,https://www.tradingview.com/chart/?symbol=TSX%3ACSH.UN,False,,-53.515880791173025,-49.81986498787588,20.209999084472656,19.540000915527344,20.417920753479002,0.18010706790726388,-19.868963977605194,-27.633392098438723,0.17596969823830996,21.139999389648438,False,True,False,False,False,
NYSE:CE,,https://www.tradingview.com/chart/?symbol=NYSE%3ACE,False,,10.27640543575526,35.005050630973535,46.849998474121094,42.060001373291016,48.790721481323246,0.16795220981583653,-34.71032248710012,-29.46761240786428,0.5577938560918356,51.130001068115234,False,True,False,False,False,
NYSE:BC,,https://www.tradingview.com/chart/?symbol=NYSE%3ABC,True,2026-09-16 09:30,-60.93939057670068,-60.425195422935,67.70999908447266,67.70999908447266,72.49372009277344,0.0,-40.08770033821273,-56.18702661964892,0.25525756627225554,79.41000366210938,False,True,True,False,False,"NEAR: 4h+band ok, weekly shallow"
NASDAQ:GTLB,,https://www.tradingview.com/chart/?symbol=NASDAQ%3AGTLB,False,,2.760438754508648,34.732976889593516,48.775001525878906,19.264999389648438,26.51609992980957,0.9604556529836269,80.7258201915382,78.74913447915493,1.0775031718910786,28.514999389648438,False,False,False,False,False,
NYSE:BB,,https://www.tradingview.com/chart/?symbol=NYSE%3ABB,False,,-38.4532112865289,0.1547475801031819,7.644999980926514,3.1500000953674316,5.499379964828491,0.4515319071135534,-13.665058492332292,-20.673584470516317,1.264126913888114,7.875,False,False,False,False,False,
NASDAQ:ENPH,,https://www.tradingview.com/chart/?symbol=NASDAQ%3AENPH,False,,-34.04465214381287,-34.04465214381287,35.58000183105469,30.546899795532227,40.40299086761475,0.12051553417031534,-40.88466834873641,-42.348156292913856,1.0396589411683819,40.16999816894531,False,True,False,False,False,
TSX:EIF,,https://www.tradingview.com/chart/?symbol=TSX%3AEIF,True,2026-09-16 09:30,-54.0263168849801,-51.49071726053094,116.33999633789062,97.75,106.64484057617187,0.4932341505361021,1.4051327614781155,-11.657967629839876,0.3134825034439516,120.2300033569336,False,False,False,False,False,
TSX:WFG,,https://www.tradingview.com/chart/?symbol=TSX%3AWFG,False,,26.80979205621499,75.02180632142512,101.97000122070312,80.98999786376953,86.02623880004883,0.9831302463250029,15.883821547062466,27.113328075308495,0.22984548103518831,92.84500122070312,False,False,False,False,False,
NYSE:UNF,,https://www.tradingview.com/chart/?symbol=NYSE%3AUNF,False,,-65.30845092625157,-65.30845092625157,265.9800109863281,248.63999938964844,261.57987982177735,0.3162504289186186,25.020059247250092,10.047306951107952,0.2055791068490574,266.7099914550781,False,False,False,False,False,
AMEX:BTG,,https://www.tradingview.com/chart/?symbol=AMEX%3ABTG,True,2026-09-16 09:30,-60.73090163527377,-58.621565783302515,5.139999866485596,3.6449999809265137,4.171279985427857,0.6704035303910985,31.834016439664165,31.7012747667643,0.48059309453966426,4.640100002288818,False,False,True,False,False,
NYSE:MTRN,,https://www.tradingview.com/chart/?symbol=NYSE%3AMTRN,False,,-6.374908815313607,-6.374908815313607,248.30999755859375,131.97000122070312,170.99968237304688,0.7034707516203582,18.88934796492721,15.342226040912596,0.7277447959639713,227.25,False,False,False,False,False,
NYSE:STVN,,https://www.tradingview.com/chart/?symbol=NYSE%3ASTVN,False,,-3.485338916568011,48.80646710685022,22.5,13.420000076293945,15.690320274353027,0.9438668535947471,56.98145714053237,56.51594151703941,0.5285714525255705,18.200000762939453,False,False,False,False,False,
NASDAQ:XENE,,https://www.tradingview.com/chart/?symbol=NASDAQ%3AXENE,True,2026-09-16 13:30,-78.96393968171607,-78.96393968171607,56.775001525878906,51.189998626708984,55.860439743041994,0.28221331805141686,4.908300702834379,-8.999808245935977,0.3414954816530052,57.95100021362305,False,False,True,False,False,
NYSE:AMTM,,https://www.tradingview.com/chart/?symbol=NYSE%3AAMTM,False,,-64.03239752064276,4.547164934772682,19.8799991607666,19.31999969482422,21.91127958679199,0.05100177498079623,-46.76818682984242,-49.77563683625297,0.47989510249039885,22.8799991607666,False,True,False,False,False,
NASDAQ:TVTX,,https://www.tradingview.com/chart/?symbol=NASDAQ%3ATVTX,False,,-44.46279475294017,-44.46279475294017,63.45000076293945,26.61989974975586,36.432802688598635,0.8857627445499177,62.256405840201616,57.87082204669881,0.8499611356257492,48.91999816894531,False,False,False,False,False,
NASDAQ:NICE,,https://www.tradingview.com/chart/?symbol=NASDAQ%3ANICE,False,,-43.426098533378045,5.89940192707981,105.55000305175781,83.19999694824219,93.21111831665038,0.5268741878481855,30.72681612921241,30.846908228639638,0.42251001149044554,100.4000015258789,False,False,False,False,False,
NASDAQ:EBC,,https://www.tradingview.com/chart/?symbol=NASDAQ%3AEBC,False,,-45.12502284552546,-7.872972546808636,21.600000381469727,18.549999237060547,19.763039543151855,0.5933852869241636,25.208792951564998,13.268785088375477,0.2480097081972919,20.725000381469727,False,False,False,False,False,
NYSE:REZI,,https://www.tradingview.com/chart/?symbol=NYSE%3AREZI,False,,-41.53734559087723,-40.31232840026025,18.690000534057617,18.649965286254883,21.04116904449463,0.003951281210933096,-36.67848977547425,-41.88672538362332,0.43736855048850953,23.166318893432617,False,True,False,False,False,
NYSE:MTN,,https://www.tradingview.com/chart/?symbol=NYSE%3AMTN,False,,-10.324576641161768,25.768617457781517,140.1199951171875,119.08000183105469,128.72296197509766,0.5149288539364949,12.514363023644991,3.21589562454371,0.30197325657816093,135.30999755859375,False,False,False,False,False,
NASDAQ:BCPC,,https://www.tradingview.com/chart/?symbol=NASDAQ%3ABCPC,False,,-74.20381883587663,-45.827943078537565,167.60000610351562,154.39999389648438,160.8050337524414,0.48636744671652105,27.403945079304293,13.174379441042632,0.16235940892001988,167.16000366210938,False,False,False,False,False,
NASDAQ:PAGP,,https://www.tradingview.com/chart/?symbol=NASDAQ%3APAGP,False,,-27.544790402101157,-27.544790402101157,27.68000030517578,22.614999771118164,23.99559986114502,0.8658120006455641,73.55800971873056,71.85534278298039,0.23858076151126106,24.520000457763672,False,False,False,False,False,
NASDAQ:IEP,,https://www.tradingview.com/chart/?symbol=NASDAQ%3AIEP,False,,46.459948361457826,46.459948361457826,6.960000038146973,6.614999771118164,7.031539852142334,0.19546753536564082,-6.294466471205843,2.1399822517368863,0.23424026264963257,7.534999847412109,False,True,False,False,False,
NASDAQ:STEP,,https://www.tradingview.com/chart/?symbol=NASDAQ%3ASTEP,False,,-35.18068186351034,-22.2107579511533,48.34000015258789,39.540000915527344,43.511880447387696,0.5228758332893234,26.519371533063914,26.25298031479295,0.34996876612510763,48.09000015258789,False,False,False,False,False,
NYSE:ESAB,,https://www.tradingview.com/chart/?symbol=NYSE%3AESAB,False,,-75.64103003201375,-69.6930959023775,66.51000213623047,66.51000213623047,76.77364163208007,0.0,-67.69349352472726,-72.32990649829466,0.47276876697154663,91.98999786376953,False,True,False,True,False,"WATCH: weekly+band ok, waiting on 4h dot"
NYSE:CUZ,,https://www.tradingview.com/chart/?symbol=NYSE%3ACUZ,False,,-56.12892181598801,-38.70372367480996,28.270000457763672,21.329999923706055,23.981459617614746,0.617712624408463,6.26562225076768,-6.402467348439427,0.40196774226568444,27.950000762939453,False,False,False,False,False,
NASDAQ:NOVT,,https://www.tradingview.com/chart/?symbol=NASDAQ%3ANOVT,False,,-55.39463248287219,-55.39463248287219,132.82000732421875,113.13999938964844,126.43860083007813,0.3492458882509774,-8.772945675974269,-20.84377952140264,0.3865414088034568,145.77999877929688,False,False,False,False,False,
NASDAQ:GLNG,,https://www.tradingview.com/chart/?symbol=NASDAQ%3AGLNG,False,,-33.98417401827265,-33.98417401827265,50.38999938964844,42.939998626708984,46.34665895080566,0.5161066888932992,23.44058439427629,21.67427075728403,0.2804001845696976,51.47999954223633,False,False,False,False,False,
NYSE:PIPR,,https://www.tradingview.com/chart/?symbol=NYSE%3APIPR,False,,-58.88341894069455,-58.88341894069455,71.36000061035156,69.95999908447266,74.97972009277343,0.06582046284266807,-18.22080662390715,-26.93169895222507,0.27782138127920314,76.55999755859375,False,True,False,False,False,
NYSE:G,,https://www.tradingview.com/chart/?symbol=NYSE%3AG,False,,-53.38011524867056,-14.742702387924345,35.27000045776367,27.225000381469727,30.447580543518065,0.5891614552727117,36.67095159739666,34.74450154161909,0.39926901701834566,34.20000076293945,False,False,False,False,False,
NYSE:WFG,,https://www.tradingview.com/chart/?symbol=NYSE%3AWFG,False,,25.731793051635822,73.16027048793173,72.81500244140625,58.95000076293945,62.36020094299317,0.9595156364300665,24.717020629656783,35.93896670645065,0.21745675585500085,66.44999694824219,False,False,False,False,False,
NASDAQ:VSNT,,https://www.tradingview.com/chart/?symbol=NASDAQ%3AVSNT,False,,-45.00759231022403,-28.492280076220215,37.689998626708984,34.78499984741211,37.068299667358396,0.30025829543935656,9.866027036363198,2.0393998802045754,0.25110302474909924,38.529998779296875,False,False,False,False,False,
NASDAQ:TFSL,,https://www.tradingview.com/chart/?symbol=NASDAQ%3ATFSL,False,,-60.052872848458996,-49.16211424808757,16.790000915527344,13.255000114440918,14.551820087432862,0.6433122610932979,26.85580950153013,15.429760913366207,0.332828577188411,16.510000228881836,False,False,False,False,False,
NYSE:TKC,,https://www.tradingview.com/chart/?symbol=NYSE%3ATKC,False,,-15.541488319260507,-15.541488319260507,4.940000057220459,4.940000057220459,5.365980016708374,0.0,-67.1834952332599,-68.11247330620135,0.3051563550261055,5.914999961853027,False,True,False,True,False,
NYSE:RITM,,https://www.tradingview.com/chart/?symbol=NYSE%3ARITM,True,2026-09-16 09:30,-70.44320757267592,-66.46548699985574,9.479999542236328,8.604999542236328,9.027439758300781,0.488826565623415,41.99240031920338,28.628916723310574,0.18714072075846475,9.5649995803833,False,False,True,False,False,
NASDAQ:GNTX,,https://www.tradingview.com/chart/?symbol=NASDAQ%3AGNTX,False,,-44.74145455545463,-44.74145455545463,22.31999969482422,20.709999084472656,21.990299354553223,0.29677424345076386,-37.8210555426602,-45.87226045838582,0.23183765952342855,23.399999618530273,False,False,False,False,False,
NYSE:ASB,,https://www.tradingview.com/chart/?symbol=NYSE%3AASB,False,,-47.31034524348356,-33.64064491830934,29.75,24.21500015258789,26.13250015258789,0.6812307504507211,33.10256012792976,19.005260001960337,0.2807047878965038,28.94499969482422,False,False,False,False,False,
NYSE:BCO,,https://www.tradingview.com/chart/?symbol=NYSE%3ABCO,False,,2.622094358841925,2.622094358841925,108.44999694824219,91.34500122070312,98.86278021240234,0.5369643076973188,2.687978603308905,-0.5329442738925876,0.29807237680227217,106.87000274658203,False,False,False,False,False,
NYSE:RDN,,https://www.tradingview.com/chart/?symbol=NYSE%3ARDN,True,2026-09-16 13:30,-73.82271795947283,-73.59360672425636,35.290000915527344,32.459999084472656,34.20049908447265,0.3837290618379237,-1.3353394143738953,-14.662938961433799,0.20440686324057247,36.08000183105469,False,False,True,False,False,
NASDAQ:OMAB,,https://www.tradingview.com/chart/?symbol=NASDAQ%3AOMAB,True,2026-09-16 09:30,-60.59421184621854,-59.31118777464348,97.29000091552734,96.12000274658203,101.40876181030274,0.05220876287694612,-44.274277315103376,-50.727006957370705,0.209615520204657,106.91000366210938,False,True,True,False,False,"NEAR: 4h+band ok, weekly shallow"
NYSE:RYAN,,https://www.tradingview.com/chart/?symbol=NYSE%3ARYAN,False,,-75.93908766194643,-29.42267090294109,40.27000045776367,29.395000457763672,33.43060009765625,0.6359649690295632,27.68060172753789,15.453214066620017,0.47029697984253566,36.36000061035156,False,False,False,False,False,
NYSE:AIR,,https://www.tradingview.com/chart/?symbol=NYSE%3AAIR,True,2026-09-16 13:30,-67.92005080465,-67.92005080465,117.30000305175781,100.91000366210938,113.37788409423828,0.31024037140983063,10.584138494950352,-6.27500022505931,0.42898904731197196,123.1500015258789,False,False,True,False,False,
NASDAQ:FTDR,,https://www.tradingview.com/chart/?symbol=NASDAQ%3AFTDR,False,,-30.690378436422957,-26.19215469075627,80.58999633789062,51.95000076293945,61.63308137512207,0.6980256827754482,55.54940049018634,48.190111263870044,0.5961930074969167,68.81999969482422,False,False,False,False,False,
NYSE:LPX,,https://www.tradingview.com/chart/?symbol=NYSE%3ALPX,True,2026-09-16 09:30,-56.70419344391607,-56.555984781239914,65.37000274658203,64.76000213623047,68.93012170410157,0.034521826460832745,-50.217171562516704,-59.69274510319515,0.24011413301086465,73.58999633789062,False,True,False,False,False,
NYSE:SPHR,,https://www.tradingview.com/chart/?symbol=NYSE%3ASPHR,False,,14.210625626071641,35.46893610801138,144.66000366210938,105.62000274658203,122.37600094604493,0.5498592269101454,9.366059644153099,2.7293742123758165,0.5079228136819871,139.78500366210938,False,False,False,False,False,
NYSE:BIPC,,https://www.tradingview.com/chart/?symbol=NYSE%3ABIPC,True,2026-09-16 09:30,-70.38497608277903,-68.37417939457991,35.720001220703125,35.06999969482422,38.024719802856445,0.05191705288443814,-43.83469989520672,-53.43227599120273,0.3115203007109157,40.189998626708984,False,True,True,False,False,"NEAR: 4h+band ok, weekly shallow"
NASDAQ:RGTI,,https://www.tradingview.com/chart/?symbol=NASDAQ%3ARGTI,False,,-40.55579442033235,-40.55579442033235,14.819999694824219,12.75510025024414,16.121616699218748,0.1447538653997451,-33.08051449113308,-37.33505605996159,0.8455779192579905,16.8700008392334,False,True,False,False,False,
NASDAQ:INDV,,https://www.tradingview.com/chart/?symbol=NASDAQ%3AINDV,False,,-45.865781838555456,-45.865781838555456,34.380001068115234,28.625,31.73194021606445,0.43714399300402246,-30.57321750592349,-38.06224690969281,0.3520995220762727,37.38999938964844,False,False,False,False,False,
NYSE:HRI,,https://www.tradingview.com/chart/?symbol=NYSE%3AHRI,False,,-42.590001900255885,-35.65980306393494,142.83999633789062,91.0199966430664,110.42863613891602,0.6301070165476413,19.11232646184183,6.2281867271050455,0.5905924442640541,139.25,False,False,False,False,False,
NYSE:OGS,,https://www.tradingview.com/chart/?symbol=NYSE%3AOGS,True,2026-09-16 09:30,-60.29900511522009,-60.29900511522009,76.4800033569336,75.63999938964844,79.18472039794922,0.055925680981682345,-5.7058423679634815,-21.170090999434628,0.18686246312134885,80.37999725341797,False,True,True,False,False,
NYSE:ZETA,,https://www.tradingview.com/chart/?symbol=NYSE%3AZETA,False,,-17.827574971896116,11.938785446393268,30.854999542236328,14.545000076293945,18.829580238342285,0.8983750398830734,79.66271138854016,76.46921441892842,0.92110611516709,19.709999084472656,False,False,False,False,False,
TSX:MAU,,https://www.tradingview.com/chart/?symbol=TSX%3AMAU,False,,-47.45373951209535,-47.45373951209535,18.3700008392334,12.579999923706055,14.531720031738281,0.7001209909355971,69.04993805064403,62.09491787480237,0.5146235603493664,16.06999969482422,False,False,False,False,False,
NASDAQ:IRDM,,https://www.tradingview.com/chart/?symbol=NASDAQ%3AIRDM,False,,-32.1222377614045,-16.273953032521053,47.30500030517578,24.239999771118164,31.826786598205565,0.7174763506736511,16.307740724283125,10.10053081303735,0.7006844172031534,45.880001068115234,False,False,False,False,False,
NASDAQ:LAUR,,https://www.tradingview.com/chart/?symbol=NASDAQ%3ALAUR,False,,-40.29245237137133,-29.576619569053488,36.209999084472656,29.350000381469727,31.970780723571778,0.6177395594360158,20.834075076021442,7.717852881627264,0.3105425607052667,35.7599983215332,False,False,False,False,False,
NYSE:GHC,,https://www.tradingview.com/chart/?symbol=NYSE%3AGHC,False,,6.339538208656325,38.349238665999984,1135.1500244140625,1036.030029296875,1084.2235512695313,0.48538305336821913,2.6132547341560026,-5.639942127276478,0.17959617439676623,1137.050048828125,False,False,False,False,False,
NYSE:MAIN,,https://www.tradingview.com/chart/?symbol=NYSE%3AMAIN,False,,-68.81648926902032,-36.60148916507947,56.220001220703125,49.34000015258789,51.71416047668457,0.6838966330940489,49.47628636806606,41.87616315050109,0.18586607618089637,54.125,False,False,False,False,False,
NYSE:VVV,,https://www.tradingview.com/chart/?symbol=NYSE%3AVVV,False,,-83.07069391417618,-83.07069391417618,27.1299991607666,27.1299991607666,30.244019538879392,0.0,-35.48741900813596,-45.88111221797594,0.3875184110962096,34.04999923706055,False,True,False,False,False,
NASDAQ:MMYT,,https://www.tradingview.com/chart/?symbol=NASDAQ%3AMMYT,True,2026-09-16 13:30,-75.53720407274346,-62.55651883070425,47.83000183105469,36.29999923706055,42.80156318664551,0.4185270856801035,22.699111719721373,4.084286654716394,0.5754360268694925,47.875,False,False,True,False,False,
NYSE:CHH,,https://www.tradingview.com/chart/?symbol=NYSE%3ACHH,False,,-58.75534504295365,-38.96987357950556,98.20999908447266,95.43000030517578,101.72175936889649,0.10427603874679879,-45.49951726859857,-57.225047157009335,0.2457369025501475,108.48999786376953,False,True,False,False,False,
NASDAQ:FFIN,,https://www.tradingview.com/chart/?symbol=NASDAQ%3AFFIN,False,,-22.40442001395368,29.560402088180506,33.33000183105469,28.25,30.201720108032227,0.6142686275531832,1.9079139883064917,-5.859089669720443,0.25248054306473383,32.755001068115234,False,False,False,False,False,
TSX:CIGI,,https://www.tradingview.com/chart/?symbol=TSX%3ACIGI,False,,-65.45107452361579,-57.86497171000348,124.9000015258789,124.9000015258789,133.64380044555665,0.0,-3.228044315344931,-20.97683074975304,0.2653631049855434,139.6199951171875,False,True,False,False,False,
NYSE:CNO,,https://www.tradingview.com/chart/?symbol=NYSE%3ACNO,False,,-10.451458654058127,23.31495097305449,55.560001373291016,39.52000045776367,43.5957205657959,0.9287782565354024,56.70817664891609,54.32689698836088,0.34557280610437074,49.974998474121094,False,False,False,False,False,
NYSE:HRB,,https://www.tradingview.com/chart/?symbol=NYSE%3AHRB,False,,-73.03327159570956,-43.98581839939934,45.11000061035156,29.329999923706055,35.19106015777588,0.6353936000180636,62.71635710155574,49.84630846724862,0.6520084245821134,38.09000015258789,False,False,False,False,False,
NYSE:MC,,https://www.tradingview.com/chart/?symbol=NYSE%3AMC,False,,-68.55283313896338,-68.55283313896338,59.0,51.380001068115234,56.229800888061526,0.3708028814980493,27.63670229018742,-0.5231810412601945,0.3094413206422615,66.41000366210938,False,False,False,False,False,
NYSE:TEX,,https://www.tradingview.com/chart/?symbol=NYSE%3ATEX,True,2026-09-16 09:30,-65.92549978957281,-60.72326956728808,58.84000015258789,54.459999084472656,59.21539944458008,0.21736976359480384,-17.050566126733447,-32.910513112795016,0.3193850289609228,63.09000015258789,False,True,True,False,False,
NASDAQ:QLYS,,https://www.tradingview.com/chart/?symbol=NASDAQ%3AQLYS,False,,-72.02690831636131,7.678781021427194,183.11000061035156,75.81999969482422,104.1234797668457,0.8946051917161303,56.31225130948942,49.98327827263593,1.069943832843493,112.08999633789062,False,False,False,False,False,
NASDAQ:SHC,,https://www.tradingview.com/chart/?symbol=NASDAQ%3ASHC,False,,-58.33692052510759,21.202622251336916,19.34000015258789,13.119999885559082,14.652819858551025,0.9576597962470015,59.756803263804436,56.49334339673018,0.40279069057730743,16.125,False,False,False,False,False,
NYSE:GBTG,,https://www.tradingview.com/chart/?symbol=NYSE%3AGBTG,False,,-24.35413221715883,-24.35413221715883,9.460000038146973,5.25,6.254180027008056,0.9894241891695323,29.80088847047199,28.31015349707386,0.45290046909202086,9.395000457763672,False,False,False,False,False,
NYSE:HASI,,https://www.tradingview.com/chart/?symbol=NYSE%3AHASI,False,,-71.39481828669541,-68.72443119350089,36.42499923706055,35.41999816894531,37.27731881713867,0.12770021821805713,0.4890333788192329,-17.772467085533204,0.20169150830996888,39.02000045776367,False,True,False,False,False,
NASDAQ:SAIC,,https://www.tradingview.com/chart/?symbol=NASDAQ%3ASAIC,False,,35.96892389355829,70.18316540913064,132.66000366210938,89.19999694824219,99.85067810058594,0.9629958345167092,68.9977180435435,67.96198640636773,0.4116386555703695,109.63500213623047,False,False,False,False,False,
NASDAQ:RELY,,https://www.tradingview.com/chart/?symbol=NASDAQ%3ARELY,False,,-70.97211598617059,-57.05070504648813,22.149999618530273,15.020000457763672,17.85318025970459,0.5939191719453066,46.163219790119605,27.72366446091288,0.5468002369612457,21.954999923706055,False,False,False,False,False,
NYSE:LMND,,https://www.tradingview.com/chart/?symbol=NYSE%3ALMND,False,,-49.014280433310205,-42.620919393800875,48.59000015258789,47.34000015258789,54.97224018859863,0.03865182418374149,-34.301988654066264,-40.162517348468825,0.5657802701000544,57.15999984741211,False,True,False,False,False,
NASDAQ:UFPI,,https://www.tradingview.com/chart/?symbol=NASDAQ%3AUFPI,False,,-64.35907649306256,-13.863741871253039,82.04000091552734,79.12000274658203,83.38216217041015,0.16168319843187617,-19.28030862569147,-31.43613558120426,0.20687281703628882,87.30000305175781,False,True,False,False,False,
NYSE:CNX,,https://www.tradingview.com/chart/?symbol=NYSE%3ACNX,False,,-67.96767556542814,-67.96767556542814,33.70000076293945,31.739999771118164,34.24631996917724,0.18455751760211453,24.00200151894667,15.515822194518822,0.29582173782298743,35.900001525878906,False,True,False,False,False,
NYSE:BEPC,,https://www.tradingview.com/chart/?symbol=NYSE%3ABEPC,True,2026-09-16 13:30,-70.90117991949882,-70.70752023255305,29.270000457763672,29.059999465942383,32.50559955596924,0.014383629200984243,-65.27011115822918,-70.2679330598794,0.3972248662001849,36.755001068115234,False,True,True,True,True,FULL PASS
NYSE:PRIM,,https://www.tradingview.com/chart/?symbol=NYSE%3APRIM,False,,-0.7845757089354123,36.993479243347274,76.94000244140625,72.04000091552734,103.33360055541992,0.03695325476821341,-49.593758160953534,-47.55136844970199,1.286005214714439,103.11000061035156,False,True,False,False,False,
NYSE:SLGN,,https://www.tradingview.com/chart/?symbol=NYSE%3ASLGN,False,,-67.45437536110973,-43.72177400429289,38.56999969482422,35.86000061035156,38.72976057434082,0.2228617696117322,-18.907766289842566,-31.098154937249234,0.29579177005291024,41.11000061035156,False,True,False,False,False,
NYSE:PAM,,https://www.tradingview.com/chart/?symbol=NYSE%3APAM,False,,20.582160201466124,20.582160201466124,83.95999908447266,78.60579681396484,81.24644833374023,0.4785151415766222,3.2235705369886154,12.838375815630062,0.13479341123997923,83.01000213623047,False,False,False,False,False,
NYSE:SR,,https://www.tradingview.com/chart/?symbol=NYSE%3ASR,False,,-50.06983937366559,-50.06983937366559,79.9000015258789,75.93000030517578,80.48480102539062,0.20569951258849897,-0.5525880194973176,-6.264877753533856,0.23267032865354195,82.94999694824219,False,True,False,False,False,
NYSE:ALK,,https://www.tradingview.com/chart/?symbol=NYSE%3AALK,False,,-48.581492532039306,-48.581492532039306,39.689998626708984,33.95009994506836,38.64293614196777,0.28865616271929345,-28.329189943662204,-35.89790205017792,0.4708156470235878,42.23500061035156,False,False,False,False,False,
NYSE:KVYO,,https://www.tradingview.com/chart/?symbol=NYSE%3AKVYO,False,,-56.50631315212615,-31.947207816461752,16.239999771118164,12.635000228881836,15.161380210876464,0.33675848369256994,25.160059694085728,11.805856117795672,0.605144126654846,17.690000534057617,False,False,False,False,False,
NASDAQ:CIGI,,https://www.tradingview.com/chart/?symbol=NASDAQ%3ACIGI,False,,-66.09658561610402,-61.054141955914766,89.22000122070312,88.56999969482422,95.6145993347168,0.021775596619960796,-1.1386349911844238,-18.452220692642907,0.29900829336492596,99.83000183105469,False,True,False,False,False,
NYSE:MTH,,https://www.tradingview.com/chart/?symbol=NYSE%3AMTH,False,,-64.03507470455634,-12.52523201358406,63.959999084472656,58.75,64.97096014404296,0.19764791213345767,-32.786224445598265,-44.32161233909213,0.38352974425822317,68.7300033569336,False,True,False,False,False,
NASDAQ:DFTX,,https://www.tradingview.com/chart/?symbol=NASDAQ%3ADFTX,False,,-19.577790186717348,-15.801647479168023,37.81999969482422,17.219999313354492,24.59027965545654,0.659622139778783,32.89963304874945,23.423064193569658,1.2910293823935877,24.190000534057617,False,False,False,False,False,
NASDAQ:WSC,,https://www.tradingview.com/chart/?symbol=NASDAQ%3AWSC,False,,-71.06562339931236,-63.532445818806686,18.075000762939453,16.565000534057617,19.530340209960936,0.12017512088477914,-50.752801721408275,-57.445114351289064,0.5376550353226753,23.3700008392334,False,True,False,False,False,
NYSE:KTB,,https://www.tradingview.com/chart/?symbol=NYSE%3AKTB,False,,-70.61169520737049,-39.16684663873851,68.37999725341797,61.79499816894531,68.01949816894532,0.24966821173356044,-17.099229389596456,-32.13397924803188,0.3560099929261913,74.08499908447266,False,False,False,False,False,
NYSE:RXO,,https://www.tradingview.com/chart/?symbol=NYSE%3ARXO,False,,-59.3632844130014,-53.40562589807474,19.079999923706055,11.925000190734863,16.046740001678465,0.4096764993505568,-23.432956866379172,-31.67335976987316,0.8184160765713773,21.34000015258789,False,False,False,False,False,
AMEX:UEC,,https://www.tradingview.com/chart/?symbol=AMEX%3AUEC,False,,-70.24004609238527,-65.52113398169827,10.100000381469727,9.069999694824219,10.815219802856445,0.13928338375748947,-11.349176624694378,-20.49525464877165,0.5932611606288971,12.46500015258789,False,True,False,False,False,
NASDAQ:NTSK,,https://www.tradingview.com/chart/?symbol=NASDAQ%3ANTSK,False,,35.05440296225269,76.9053410257864,17.30500030517578,7.724999904632568,10.031899927139282,0.9800511823097953,52.99426711945518,58.772204535968264,0.8548316341640405,11.4350004196167,False,False,False,False,False,
NASDAQ:WLFC,,https://www.tradingview.com/chart/?symbol=NASDAQ%3AWLFC,False,,-30.91894462762791,-30.198633071077367,55.220001220703125,52.400001525878906,58.934053466796875,0.1018540920697084,-36.986639713708705,-39.06632270200372,0.4471841366922632,61.913333892822266,False,True,False,False,False,
TSX:AC,,https://www.tradingview.com/chart/?symbol=TSX%3AAC,False,,-45.00745243878651,-42.993958755783716,27.56999969482422,16.56999969482422,19.883439910888672,0.7834757323865059,67.5335166988875,61.031335994926486,0.638762566329829,21.979999542236328,False,False,False,False,False,
NYSE:EPR,,https://www.tradingview.com/chart/?symbol=NYSE%3AEPR,False,,-66.98434810542815,-66.98434810542815,57.029998779296875,48.709999084472656,52.422279876708984,0.5289254875560382,17.684727660018535,1.5701760974387646,0.26907293197532023,58.459999084472656,False,False,False,False,False,
NASDAQ:MRX,,https://www.tradingview.com/chart/?symbol=NASDAQ%3AMRX,False,,-47.834443486914104,-47.54043961621517,72.44999694824219,34.70500183105469,44.98870111083984,0.8662076365035782,67.69363514969692,61.8407667675159,0.7203669323711392,60.4900016784668,False,False,False,False,False,
NYSE:MGY,,https://www.tradingview.com/chart/?symbol=NYSE%3AMGY,False,,40.13080233543045,40.13080233543045,26.079999923706055,23.399999618530273,25.514559852600097,0.2991071438074719,2.2570395092386613,8.061802099591226,0.32346573086774444,27.700000762939453,False,False,False,False,False,
NYSE:SKT,,https://www.tradingview.com/chart/?symbol=NYSE%3ASKT,False,,-70.39936417060393,-66.5260194187344,35.779998779296875,33.72999954223633,35.757239578247066,0.23864949949307604,-7.1113980494386695,-20.391890883995867,0.23203673815153705,37.02000045776367,False,False,False,False,False,
NYSE:TBBB,,https://www.tradingview.com/chart/?symbol=NYSE%3ATBBB,False,,33.26228098219674,33.26228098219674,50.40999984741211,30.940000534057617,35.82756076812744,0.9401254650370855,81.33845141529302,79.34970204090614,0.5233763242745278,39.56999969482422,False,False,False,False,False,
NYSE:TNL,,https://www.tradingview.com/chart/?symbol=NYSE%3ATNL,False,,-29.823520641877213,-29.823520641877213,64.41999816894531,61.599998474121094,65.6497593383789,0.16433561148072467,-25.387624462557465,-37.67663964108861,0.23964810917710477,71.6050033569336,False,True,False,False,False,
NASDAQ:SLM,,https://www.tradingview.com/chart/?symbol=NASDAQ%3ASLM,False,,-34.41649956901953,-23.954857800299397,25.299999237060547,19.469999313354492,21.494879295349122,0.6794871766371576,50.199781496992244,39.721025270417826,0.3711875409329068,23.114999771118164,False,False,False,False,False,
NYSE:SXT,,https://www.tradingview.com/chart/?symbol=NYSE%3ASXT,False,,-76.01200122652148,-65.39646900452612,128.3800048828125,82.91000366210938,95.78852178955079,0.8332418514223783,56.172501162572246,46.64837703008436,0.4672288447360868,116.79499816894531,False,False,False,False,False,
NYSE:CRC,,https://www.tradingview.com/chart/?symbol=NYSE%3ACRC,False,,43.03385336139831,43.03385336139831,54.46500015258789,49.279998779296875,54.22891906738281,0.24725803869634502,-13.16490609511719,0.14088142549670302,0.3594446548826915,58.34000015258789,False,False,False,False,False,
NYSE:NNI,,https://www.tradingview.com/chart/?symbol=NYSE%3ANNI,False,,-12.023078799303805,27.13873646052706,127.43000030517578,117.37000274658203,123.7089610900879,0.3745346309556373,-30.157340449197253,-31.936832661238405,0.2069815218974845,129.77000427246094,False,False,False,False,False,
NASDAQ:AUGO,,https://www.tradingview.com/chart/?symbol=NASDAQ%3AAUGO,False,,1.8886028820205112,9.46125423375956,86.02999877929688,50.060001373291016,63.98872148132324,0.6094543735516738,29.9332972007623,34.07741670929248,0.78006869681558,75.66000366210938,False,False,False,False,False,
NASDAQ:MARA,,https://www.tradingview.com/chart/?symbol=NASDAQ%3AMARA,False,,-12.74671241813443,-12.74671241813443,11.0600004196167,7.75,9.484600090026856,0.4503401697721847,-19.357219682880658,-15.554352970792046,0.6278724610667022,11.706199645996094,False,False,False,False,False,
NYSE:TGS,,https://www.tradingview.com/chart/?symbol=NYSE%3ATGS,False,,-3.7903713640827887,-3.7903713640827887,29.06999969482422,27.68000030517578,29.59396044921875,0.17139325339559772,-32.0573896589243,-26.13161820300965,0.2670838357148757,30.364999771118164,False,True,False,False,False,
NYSE:ELF,,https://www.tradingview.com/chart/?symbol=NYSE%3AELF,False,,-54.79585916875302,-53.14754849624594,93.41000366210938,49.150001525878906,63.44216094970703,0.7308455072741291,60.93728200394932,54.09096043358643,0.8668765678427467,69.86000061035156,False,False,False,False,False,
NASDAQ:RDNT,,https://www.tradingview.com/chart/?symbol=NASDAQ%3ARDNT,False,,-14.40215688544391,37.549947845210276,75.7699966430664,51.869998931884766,58.336398391723634,0.8722627630522871,59.33739876327889,58.66088871688332,0.4532671193608978,60.45000076293945,False,False,False,False,False,
NASDAQ:IBOC,,https://www.tradingview.com/chart/?symbol=NASDAQ%3AIBOC,False,,1.0159701958349323,25.527736002129103,70.97000122070312,66.18000030517578,68.93175936889648,0.4108063932515823,-21.921321577297743,-27.28668183762384,0.16158530267422105,72.16000366210938,False,False,False,False,False,
NASDAQ:SYNA,,https://www.tradingview.com/chart/?symbol=NASDAQ%3ASYNA,False,,-6.0395771275270045,1.2337912990663635,89.16999816894531,65.08000183105469,84.57124096679688,0.29168177026348435,-40.53127473771969,-44.49292419840839,0.7801076244003121,105.87000274658203,False,False,False,False,False,
NYSE:SFBS,,https://www.tradingview.com/chart/?symbol=NYSE%3ASFBS,False,,-28.930734880466613,-25.450520503780027,41.28499984741211,35.69004821777344,38.08417379760742,0.5515201857900401,21.605480072876997,7.166799862054926,0.2518207757968371,40.28499984741211,False,False,False,False,False,
TSX:AQN,,https://www.tradingview.com/chart/?symbol=TSX%3AAQN,False,,-84.6802637432968,-66.52208590850869,7.429999828338623,7.340000152587891,7.7305800895690915,0.054380477505671626,-57.59768541023061,-66.56387690739524,0.20012087561827382,8.270000457763672,False,True,False,False,False,
NYSE:FCN,,https://www.tradingview.com/chart/?symbol=NYSE%3AFCN,False,,-57.0056188184634,-57.0056188184634,145.25999450683594,139.23500061035156,150.53350061035155,0.1258484364800914,-35.44126905964571,-42.782443644359994,0.30530578882326037,156.80999755859375,False,True,False,False,False,
NYSE:DLB,,https://www.tradingview.com/chart/?symbol=NYSE%3ADLB,False,,-15.894278977607845,-15.894278977607845,58.7400016784668,48.52000045776367,52.67360099792481,0.5806818120243143,26.53640841318469,27.10105623999893,0.2991671212141254,58.83000183105469,False,False,False,False,False,
NASDAQ:KNSA,,https://www.tradingview.com/chart/?symbol=NASDAQ%3AKNSA,True,2026-09-16 09:30,-57.57474968635511,-51.655807878433556,77.61000061035156,42.40999984741211,51.52314024353027,0.911562844306914,68.42415825883188,62.10643635686773,0.6744389303657026,57.255001068115234,False,False,False,False,False,
NASDAQ:FULT,,https://www.tradingview.com/chart/?symbol=NASDAQ%3AFULT,False,,-14.343654368079681,12.03795620320839,23.469999313354492,19.219999313354492,20.63245945739746,0.710108532428429,22.692053039408364,12.57854951886387,0.26158220410315053,22.8799991607666,False,False,False,False,False,
NYSE:ANDG,,https://www.tradingview.com/chart/?symbol=NYSE%3AANDG,False,,-30.463063285434313,1.2319483324268172,55.09000015258789,22.739999771118164,30.95043953704834,0.929864941182224,78.06403356765419,74.79479442613327,0.9272387682228808,37.52000045776367,False,False,False,False,False,
NASDAQ:FELE,,https://www.tradingview.com/chart/?symbol=NASDAQ%3AFELE,True,2026-09-16 09:30,-66.13170095946786,-58.803855727684756,96.1500015258789,89.88999938964844,95.01828018188476,0.28808104782151506,-8.647298457668873,-22.467460073690216,0.21576808216140575,100.70999908447266,False,False,True,False,False,
NYSE:MANE,,https://www.tradingview.com/chart/?symbol=NYSE%3AMANE,False,,-0.02152895410755858,47.53650598094273,102.46499633789062,50.47999954223633,69.1782812347412,0.6561276295613927,-5.598575882040815,-9.54394317123987,0.7812839395570813,101.41000366210938,False,False,False,False,False,
NASDAQ:VCYT,,https://www.tradingview.com/chart/?symbol=NASDAQ%3AVCYT,False,,-64.37208546227696,-64.37208546227696,38.4900016784668,30.0049991607666,37.173499610900876,0.279341629132455,-17.596210551923992,-24.714127339958036,0.7032878646253192,43.189998626708984,False,False,False,False,False,
NYSE:CBT,,https://www.tradingview.com/chart/?symbol=NYSE%3ACBT,False,,-61.85332562803393,-36.47513473858922,78.48999786376953,67.33000183105469,73.56748190307617,0.42224729110311,-19.10365223599968,-31.667410994791574,0.3182803469867705,83.04000091552734,False,False,False,False,False,
NYSE:TPC,,https://www.tradingview.com/chart/?symbol=NYSE%3ATPC,False,,-45.22805240052916,-43.96043798279939,85.86000061035156,67.79000091552734,75.44112048339844,0.557372014663876,39.68750482199857,30.14628959492744,0.3972552129209652,81.61000061035156,False,False,False,False,False,
NYSE:OTF,,https://www.tradingview.com/chart/?symbol=NYSE%3AOTF,False,,-62.60400192296356,-57.734975145254644,10.614999771118164,9.864999771118164,10.526979843139648,0.2673796500542625,11.740906423666656,3.6160404085613216,0.25293059211737023,11.09000015258789,False,False,False,False,False,
NYSE:SITE,,https://www.tradingview.com/chart/?symbol=NYSE%3ASITE,True,2026-09-16 09:30,-62.639985216376374,-61.56549729140329,88.4800033569336,87.2249984741211,101.61509811401368,0.02058228641604882,-53.73912685832914,-58.33004376423158,0.5552267223052526,109.81999969482422,False,True,True,False,False,"NEAR: 4h+band ok, weekly shallow"
TSX:TVE,,https://www.tradingview.com/chart/?symbol=TSX%3ATVE,False,,-33.768904089464904,24.65661859757995,13.539999961853027,10.319999694824219,11.254559703826905,0.8131313727298759,53.346768138631326,55.78570371615615,0.30985916438875555,12.779999732971191,False,False,False,False,False,
NASDAQ:UCTT,,https://www.tradingview.com/chart/?symbol=NASDAQ%3AUCTT,False,,-33.616875483978134,-33.616875483978134,66.56999969482422,52.939998626708984,74.07615895080566,0.15218848659129247,-33.97056875681614,-38.94032666297735,1.1037712847791414,81.13999938964844,False,True,False,False,False,
NYSE:AQN,,https://www.tradingview.com/chart/?symbol=NYSE%3AAQN,False,,-78.85880205609077,-66.72184475501275,5.315000057220459,5.284999847412109,5.588259923934936,0.023346460885818494,-56.48110690746412,-67.62856214347403,0.2170608627852767,5.920000076293945,False,True,False,False,False,
NYSE:CSW,,https://www.tradingview.com/chart/?symbol=NYSE%3ACSW,True,2026-09-16 09:30,-59.35938914471293,-58.743576867913355,287.8299865722656,252.33999633789062,276.09339489746094,0.3526079720469276,38.23626228448538,21.883981332564936,0.3587979389646238,280.5199890136719,False,False,False,False,False,
NYSE:EE,,https://www.tradingview.com/chart/?symbol=NYSE%3AEE,True,2026-09-16 13:30,-76.59439078466207,-75.376004050107,37.689998626708984,31.8799991607666,33.85531935882568,0.6941456252559368,38.27242407866071,29.589684409973604,0.2341913946880503,35.7400016784668,False,False,True,False,False,
TSX:DOO,,https://www.tradingview.com/chart/?symbol=TSX%3ADOO,False,,-45.84711367881507,-45.84711367881507,81.66000366210938,69.33000183105469,78.52220111083984,0.3165597637257617,26.705365349620404,9.328878197848155,0.458666954640679,84.91999816894531,False,False,False,False,False,
NASDAQ:CRSP,,https://www.tradingview.com/chart/?symbol=NASDAQ%3ACRSP,True,2026-09-16 09:30,-70.92286522607672,-50.51255905166723,52.2400016784668,44.349998474121094,48.50168684387207,0.44850205275336535,20.02134461412354,10.523485060291248,0.3357232702204793,52.400001525878906,False,False,True,False,False,
NYSE:BOOT,,https://www.tradingview.com/chart/?symbol=NYSE%3ABOOT,False,,-80.41994712595914,-80.41994712595914,122.7300033569336,122.7300033569336,136.4156428527832,0.0,-36.80720017710959,-53.32167978327791,0.36156747731969324,160.38499450683594,False,True,False,False,False,
NYSE:KNF,,https://www.tradingview.com/chart/?symbol=NYSE%3AKNF,False,,-71.05283088957782,-61.481394802495664,55.61000061035156,55.61000061035156,64.66886111450195,0.0,-62.71544488195212,-65.98657396733375,0.4857631456201606,79.0199966430664,False,True,False,True,False,"WATCH: weekly+band ok, waiting on 4h dot"
NYSE:AZZ,,https://www.tradingview.com/chart/?symbol=NYSE%3AAZZ,True,2026-09-16 09:30,-60.00154833465391,-59.28840083488038,132.7899932861328,119.18000030517578,129.00586080932618,0.32688824985345005,-17.85442001381861,-30.15955597122342,0.29580818569257883,140.75,False,False,True,False,False,
NYSE:KRC,,https://www.tradingview.com/chart/?symbol=NYSE%3AKRC,False,,-56.28159258546601,-56.28159258546601,34.439998626708984,27.739999771118164,30.7277601852417,0.5292257446229274,-5.284804780071799,-19.14247857849326,0.3586911010495471,35.29499816894531,False,False,False,False,False,
NYSE:EPAM,,https://www.tradingview.com/chart/?symbol=NYSE%3AEPAM,False,,12.382837622941503,41.16733643276102,117.18000030517578,73.68000030517578,90.81832095336914,0.5990085149376753,31.741751906282634,37.830123628676226,0.6851590169849948,105.98999786376953,False,False,False,False,False,
NYSE:SKY,,https://www.tradingview.com/chart/?symbol=NYSE%3ASKY,False,,-65.09911081321242,-9.220986978741852,84.91000366210938,65.23500061035156,72.57106039428712,0.6329420502246603,33.47741878098108,21.32539948497876,0.386581241994402,80.41000366210938,False,False,False,False,False,
TSX:LNR,,https://www.tradingview.com/chart/?symbol=TSX%3ALNR,False,,-28.11628328320562,-25.01960871499924,98.69999694824219,77.66999816894531,85.09927896118164,0.6680430920178074,18.447699597519716,5.375250512579338,0.31810836346170673,98.95999908447266,False,False,False,False,False,
NYSE:OII,,https://www.tradingview.com/chart/?symbol=NYSE%3AOII,False,,-62.4456083943707,-62.4456083943707,46.650001525878906,33.27000045776367,38.19060009765625,0.6417267168974818,66.26873646709221,54.39469080724187,0.5390382189663827,38.68000030517578,False,False,False,False,False,
TSX:MX,,https://www.tradingview.com/chart/?symbol=TSX%3AMX,False,,58.7228389206789,58.7228389206789,86.11000061035156,62.2400016784668,68.92824171447754,0.8422723642683205,37.28014428617215,46.73682057106984,0.3528386486586865,80.31999969482422,False,False,False,False,False,
TSX:MDA,,https://www.tradingview.com/chart/?symbol=TSX%3AMDA,False,,-15.977081086935982,12.284662628978076,40.650001525878906,32.85499954223633,40.9627794342041,0.2268957091400725,-38.99123032831407,-41.69358198966639,0.7587235085780143,45.279998779296875,False,True,False,False,False,
NASDAQ:HLNE,,https://www.tradingview.com/chart/?symbol=NASDAQ%3AHLNE,False,,-71.39172034738333,-71.39172034738333,89.83000183105469,73.2750015258789,81.64238195800782,0.4669298956480498,33.96214319400648,22.99342210819299,0.3828833954134815,92.5999984741211,False,False,False,False,False,
NYSE:KBR,,https://www.tradingview.com/chart/?symbol=NYSE%3AKBR,False,,-53.09265343809278,2.4755495785236765,36.630001068115234,30.05500030517578,32.258060089111325,0.7043386617869049,30.88241554736399,24.497545586713393,0.2561119681502398,36.44889831542969,False,False,False,False,False,
NYSE:TREX,,https://www.tradingview.com/chart/?symbol=NYSE%3ATREX,False,,-46.637379310511676,-46.637379310511676,43.099998474121094,35.31999969482422,38.80336019897461,0.5271001120114875,11.99904366866083,-0.5897699644336338,0.3439758142325102,42.90999984741211,False,False,False,False,False,
NASDAQ:TCBI,,https://www.tradingview.com/chart/?symbol=NASDAQ%3ATCBI,False,,-12.1905761280931,-12.1905761280931,95.29000091552734,90.97000122070312,94.93480014038086,0.25714290904351433,-28.458597705109238,-35.73776497671777,0.16872547427793722,99.56999969482422,False,False,False,False,False,
NASDAQ:NWE,,https://www.tradingview.com/chart/?symbol=NASDAQ%3ANWE,True,2026-09-16 09:30,-59.352183559789076,-58.33382937176096,68.56999969482422,63.81999969482422,66.2413601989746,0.4629628665696509,-2.5211051269749425,-21.12440814419519,0.1450792132230178,70.72000122070312,False,False,False,False,False,
NASDAQ:CENX,,https://www.tradingview.com/chart/?symbol=NASDAQ%3ACENX,True,2026-09-16 13:30,-62.44173669322577,-62.44173669322577,39.779998779296875,39.689998626708984,46.552878158569335,0.0030949160497626507,-33.5466782159891,-41.97962669832654,0.5625846157661022,51.689998626708984,False,True,True,False,False,
NASDAQ:DOO,,https://www.tradingview.com/chart/?symbol=NASDAQ%3ADOO,False,,-49.47336049481269,-49.47336049481269,58.345001220703125,50.459999084472656,57.12227987670899,0.27931283027261233,31.010654807782633,13.593422363252325,0.46331861505891964,60.93000030517578,False,False,False,False,False,
NYSE:MRP,,https://www.tradingview.com/chart/?symbol=NYSE%3AMRP,False,,-46.248367560678865,-46.248367560678865,28.950000762939453,26.594999313354492,27.877659187316894,0.4333029771837565,54.21288424627633,41.375619601944095,0.18683394422254332,29.09000015258789,False,False,False,False,False,
NYSE:INSW,,https://www.tradingview.com/chart/?symbol=NYSE%3AINSW,False,,32.66563001825704,69.55885731356032,109.43000030517578,65.9000015258789,76.55776058959961,0.9639061692512735,77.36358869364581,81.15334043506247,0.5338061093054176,84.5999984741211,False,False,False,False,False,
NYSE:FOUR,,https://www.tradingview.com/chart/?symbol=NYSE%3AFOUR,False,,-6.4284077420354215,-6.4284077420354215,42.09000015258789,35.650001525878906,40.58004138183594,0.3082814176576845,-17.29186652439801,-24.758245352734743,0.4720903816869703,44.25,False,False,False,False,False,
NASDAQ:CVCO,,https://www.tradingview.com/chart/?symbol=NASDAQ%3ACVCO,False,,-73.59379992700747,-32.820442474499615,536.6849975585938,455.30999755859375,494.30192504882814,0.49252502341182836,-3.752694824080868,-19.376230138806932,0.30292814556674535,545.4099731445312,False,False,False,False,False,
NYSE:MDU,,https://www.tradingview.com/chart/?symbol=NYSE%3AMDU,False,,-84.24154693046033,-78.15295159681584,18.649999618530273,18.584999084472656,19.597439300537108,0.015151636406964977,-64.59665559473613,-70.98204126214672,0.20409138068990124,21.020000457763672,False,True,False,True,False,"WATCH: weekly+band ok, waiting on 4h dot"
NYSE:FBP,,https://www.tradingview.com/chart/?symbol=NYSE%3AFBP,False,,-37.31248849232409,-6.242194274465185,27.639999389648438,20.219999313354492,22.457279655456542,0.7827003103062602,48.70618957504837,39.87914862799573,0.38011231942995516,24.940000534057617,False,False,False,False,False,
NYSE:CNR,,https://www.tradingview.com/chart/?symbol=NYSE%3ACNR,True,2026-09-16 13:30,-63.964485983441556,-63.964485983441556,94.01000213623047,77.72000122070312,86.11688165283203,0.45784148614936887,39.41762205417566,37.76698963490764,0.39661132754612866,89.70999908447266,False,False,True,False,False,
NASDAQ:CELC,,https://www.tradingview.com/chart/?symbol=NASDAQ%3ACELC,True,2026-09-16 09:30,-57.45572800610267,-54.640173137186025,82.6500015258789,81.56999969482422,96.57251962280273,0.01698917470881504,-33.09196758709981,-40.75614086776538,0.6089080341542557,104.4000015258789,False,True,False,False,False,
NYSE:BRC,,https://www.tradingview.com/chart/?symbol=NYSE%3ABRC,False,,-63.38094122237732,-63.38094122237732,84.47000122070312,71.05999755859375,77.52639791870118,0.4894161647926851,13.684047793013889,-4.776103334413428,0.316178171797829,86.66000366210938,False,False,False,False,False,
NASDAQ:ACLS,,https://www.tradingview.com/chart/?symbol=NASDAQ%3AACLS,True,2026-09-16 09:30,-58.285168437131745,-58.285168437131745,103.72000122070312,83.19499969482422,108.77621890258789,0.18935377242056317,-39.71705273302832,-46.172762721875294,0.7950344693748687,136.33999633789062,False,True,False,False,False,
NASDAQ:CAI,,https://www.tradingview.com/chart/?symbol=NASDAQ%3ACAI,False,,-33.31081097872285,55.992653580972956,28.190000534057617,14.489999771118164,17.84709986114502,0.9630931736765247,47.79485985831305,51.88548127479439,0.771420822640269,18.440000534057617,False,False,False,False,False,
NASDAQ:DNTH,,https://www.tradingview.com/chart/?symbol=NASDAQ%3ADNTH,False,,-34.33958216175149,-34.33958216175149,102.47000122070312,73.44000244140625,83.43696258544922,0.6853162974743391,48.15168191184414,40.00418339324498,0.4667254254442319,90.76000213623047,False,False,False,False,False,
NYSE:FHI,,https://www.tradingview.com/chart/?symbol=NYSE%3AFHI,True,2026-09-16 09:30,-77.57584753694381,-77.57584753694381,56.69499969482422,53.099998474121094,56.00043869018555,0.2925143167533173,53.845589982389434,33.02559611710634,0.21377631860690366,57.4900016784668,False,False,True,False,False,
NYSE:PFSI,,https://www.tradingview.com/chart/?symbol=NYSE%3APFSI,False,,-77.13647866900646,-77.13647866900646,65.94999694824219,65.94999694824219,72.77747702026367,0.0,-70.11266512463114,-74.24850751315876,0.342691316425756,84.41999816894531,False,True,False,True,False,"WATCH: weekly+band ok, waiting on 4h dot"
NASDAQ:ATAT,,https://www.tradingview.com/chart/?symbol=NASDAQ%3AATAT,True,2026-09-16 09:30,-73.74014699589434,-70.467221846663,32.060001373291016,30.950000762939453,33.182560546875,0.11733622809472387,0.35673535559489505,-13.389637072515827,0.2706336314955708,34.95500183105469,False,True,True,False,False,
NASDAQ:LBRDA,,https://www.tradingview.com/chart/?symbol=NASDAQ%3ALBRDA,False,,-13.76081574210852,-1.2232449715101457,36.040000915527344,28.780000686645508,35.55556092071533,0.2528735624547702,-46.78006568224012,-37.323457318409645,0.7937517955549969,36.16999816894531,False,False,False,False,False,
NASDAQ:MEOH,,https://www.tradingview.com/chart/?symbol=NASDAQ%3AMEOH,False,,55.5639916466528,55.5639916466528,61.52000045776367,43.80500030517578,48.97458001708984,0.8087195224740625,36.75601352250908,45.269651500553984,0.37721713267460666,58.06999969482422,False,False,False,False,False,
AMEX:SEB,,https://www.tradingview.com/chart/?symbol=AMEX%3ASEB,False,,9.121490467867273,16.66485435781554,4337.7998046875,3894.43994140625,4382.334564453125,0.21445804645467936,-51.09383215691813,-45.64461504247233,0.4318071486529321,4787.669921875,False,True,False,False,False,
NASDAQ:MMSI,,https://www.tradingview.com/chart/?symbol=NASDAQ%3AMMSI,False,,-64.15432578221758,-47.61028561939063,86.19000244140625,60.29999923706055,67.76231898498536,0.818785707745199,58.784188056928976,52.320984995295866,0.4533983352516218,69.73999786376953,False,False,False,False,False,
NYSE:BNL,,https://www.tradingview.com/chart/?symbol=NYSE%3ABNL,False,,-87.03684833577984,-87.03684833577984,19.424999237060547,18.270000457763672,19.346160331726075,0.2532892356508598,3.6275114019207737,-14.41798027227302,0.2216281553756267,20.575000762939453,False,False,False,False,False,
NYSE:HCC,,https://www.tradingview.com/chart/?symbol=NYSE%3AHCC,True,2026-09-16 09:30,-84.88884141005735,-81.01677595713848,92.69000244140625,77.43499755859375,85.17697763061523,0.46502072064927413,34.07222587819677,26.728671289503502,0.3700507584943388,88.6500015258789,False,False,True,False,False,
NASDAQ:DIOD,,https://www.tradingview.com/chart/?symbol=NASDAQ%3ADIOD,False,,1.1551031497062754,1.1551031497062754,89.47000122070312,61.650001525878906,76.24188195800781,0.44994337491433434,-15.000231943584495,-18.99286118126552,0.6520776421646592,94.81999969482422,False,False,False,False,False,
NASDAQ:VKTX,,https://www.tradingview.com/chart/?symbol=NASDAQ%3AVKTX,False,,-70.54717191319138,-70.54717191319138,29.540000915527344,27.725000381469727,31.120662574768065,0.12614332688421345,-17.041207462580044,-31.778471314413036,0.43130692029066714,33.36000061035156,False,True,False,False,False,
NASDAQ:LEGN,,https://www.tradingview.com/chart/?symbol=NASDAQ%3ALEGN,False,,-68.18123507201732,-68.18123507201732,16.989999771118164,16.799999237060547,21.39963963317871,0.009748615582087717,-38.465981433979415,-44.92408648646252,0.8689256091525521,22.43000030517578,False,True,False,False,False,
NASDAQ:ALHC,,https://www.tradingview.com/chart/?symbol=NASDAQ%3AALHC,False,,-97.94515573842138,-97.94515573842138,8.694999694824219,8.694999694824219,12.475719802856446,0.0,-48.627956799529436,-54.07692467053332,0.8848384900751498,18.104999542236328,False,True,False,False,False,
NASDAQ:EQPT,,https://www.tradingview.com/chart/?symbol=NASDAQ%3AEQPT,False,,-34.49439773619533,-34.49439773619533,17.575000762939453,15.989999771118164,19.001359825134276,0.12421637644125523,-34.389968449884684,-38.48940659411551,0.6319960322614928,20.190000534057617,False,True,False,False,False,
NASDAQ:EMAT,,https://www.tradingview.com/chart/?symbol=NASDAQ%3AEMAT,False,,-37.47048136659162,24.830162167610894,3.805000066757202,2.190000057220459,4.062660043716431,0.20352867311691836,-62.19542860846917,-57.2037730591846,1.148335762373614,6.909999847412109,False,True,False,True,False,
NASDAQ:COCO,,https://www.tradingview.com/chart/?symbol=NASDAQ%3ACOCO,False,,-55.99271906904503,5.922268574822628,56.34000015258789,46.290000915527344,55.3937001953125,0.2605314331079555,-47.0700946053099,-52.74817787844606,0.5853565410479361,65.9000015258789,False,False,False,False,False,
NASDAQ:LIVN,,https://www.tradingview.com/chart/?symbol=NASDAQ%3ALIVN,False,,-39.67710909550441,-7.656199413668332,78.55000305175781,56.650001525878906,63.44208123779297,0.7609451860586196,30.782854136678665,22.948103880174678,0.37625832897204053,76.48999786376953,False,False,False,False,False,
TSX:TA,,https://www.tradingview.com/chart/?symbol=TSX%3ATA,False,,-41.23266872413213,-36.34314490059739,16.729999542236328,16.030000686645508,17.096720344543456,0.15486705311587864,-40.69423335741286,-43.56796004892852,0.254935063007053,17.729999542236328,False,True,False,False,False,
NYSE:NVST,,https://www.tradingview.com/chart/?symbol=NYSE%3ANVST,True,2026-09-16 09:30,-75.90933185378124,-71.00189948682436,24.969999313354492,22.399999618530273,23.89859970855713,0.404724337076242,18.823955927082846,0.2844734661410513,0.24227396426089912,26.209999084472656,False,False,True,False,False,
NYSE:LAZ,,https://www.tradingview.com/chart/?symbol=NYSE%3ALAZ,True,2026-09-16 09:30,-72.60745440815283,-72.60745440815283,36.619998931884766,36.619998931884766,39.7800387878418,0.0,-9.869843466929593,-33.014648140778235,0.30654760293263583,43.68000030517578,False,True,True,False,False,
NYSE:ATMU,,https://www.tradingview.com/chart/?symbol=NYSE%3AATMU,False,,-64.5137593482198,-57.38276413086344,44.279998779296875,44.279998779296875,48.988199859619144,0.0,-52.73007947247145,-62.339724054141314,0.38632852078685004,51.63999938964844,False,True,False,False,False,
NASDAQ:CAKE,,https://www.tradingview.com/chart/?symbol=NASDAQ%3ACAKE,False,,-69.56189712259507,-66.7562243267782,96.94999694824219,53.5,68.53792028808594,0.68188945567887,70.2853167019813,58.59448448762963,0.8640585646144877,73.74500274658203,False,False,False,False,False,
NASDAQ:LFST,,https://www.tradingview.com/chart/?symbol=NASDAQ%3ALFST,False,,31.334594637610916,31.334594637610916,12.78499984741211,6.239999771118164,7.948639717102051,0.9040055639785081,70.43113591858712,68.82461596287663,0.8517646789550781,8.5,False,False,False,False,False,
NASDAQ:ELVR,,https://www.tradingview.com/chart/?symbol=NASDAQ%3AELVR,False,,-84.42354402576896,-79.30851278390962,44.91999816894531,42.790000915527344,56.865040771484374,0.03571424002709945,-38.52846189430051,-48.793308428210395,0.939952697754475,63.45000076293945,False,True,False,False,False,
NASDAQ:PEGA,,https://www.tradingview.com/chart/?symbol=NASDAQ%3APEGA,False,,1.7504256105792788,35.11315146132188,36.849998474121094,25.790000915527344,30.602040771484376,0.5424226527544024,19.815467537029136,28.210616650584004,0.5927325141049534,34.400001525878906,False,False,False,False,False,
NASDAQ:ACAD,,https://www.tradingview.com/chart/?symbol=NASDAQ%3AACAD,True,2026-09-16 13:30,-63.484393462016364,-61.64189482393757,27.549999237060547,20.299999237060547,22.766176010131836,0.6937864384592274,54.24373206533635,45.416702690805884,0.4644400702582465,22.5,False,False,True,False,False,
TSX:ELF,,https://www.tradingview.com/chart/?symbol=TSX%3AELF,False,,12.712352489148836,41.547075884255655,17.75,15.600000381469727,16.131000381469725,0.9555553860134549,60.090113851338366,60.97377901451321,0.13266510150109245,16.959999084472656,False,False,False,False,False,
NYSE:PJT,,https://www.tradingview.com/chart/?symbol=NYSE%3APJT,True,2026-09-16 09:30,-75.93848902676056,-74.82208778139255,152.63999938964844,129.0500030517578,142.45834362792968,0.4152071693074232,57.01396508802471,35.202487696424356,0.36238680242233035,156.77999877929688,False,False,True,False,False,
NYSE:BBAR,,https://www.tradingview.com/chart/?symbol=NYSE%3ABBAR,False,,-39.36204204850814,-39.36204204850814,14.515000343322754,12.859999656677246,15.042999881744384,0.17891897470433263,-34.942523973929845,-38.31308652864796,0.5777639488716204,16.010000228881836,False,True,False,False,False,
NASDAQ:BULL,,https://www.tradingview.com/chart/?symbol=NASDAQ%3ABULL,False,,-69.04892828257904,-69.04892828257904,7.684999942779541,4.630000114440918,5.8973200874328615,0.5689012836953833,71.20386672621522,61.47517187911955,0.7606232194167553,7.059999942779541,False,False,False,False,False,
NYSE:PHI,,https://www.tradingview.com/chart/?symbol=NYSE%3APHI,False,,3.7548715293120067,19.85311271534078,17.969999313354492,17.155000686645508,18.37866056060791,0.1571839364810536,-9.703941628772796,-14.796796327871126,0.26603383924231383,19.489999771118164,False,True,False,False,False,
NYSE:PLNT,,https://www.tradingview.com/chart/?symbol=NYSE%3APLNT,False,,-27.096795682913452,-10.313555428418624,50.03499984741211,43.345001220703125,51.50470050048828,0.19349238516849984,-33.055981192317695,-36.6624269519242,0.6528511621213232,52.959999084472656,False,True,False,False,False,
NASDAQ:SRAD,,https://www.tradingview.com/chart/?symbol=NASDAQ%3ASRAD,False,,6.904260691347407,50.86239996969005,13.229999542236328,12.265000343322754,14.088100208282471,0.12491899940359857,-49.222545310245266,-46.3382511859919,0.5405877850536878,14.289999961853027,False,True,False,False,False,
NYSE:VNT,,https://www.tradingview.com/chart/?symbol=NYSE%3AVNT,False,,-35.91852914730114,-18.010913897397952,31.540000915527344,27.81999969482422,30.413640090942383,0.33848959531934286,17.6105995480674,11.257489458832552,0.3391975666942094,32.400001525878906,False,False,False,False,False,
NYSE:ALH,,https://www.tradingview.com/chart/?symbol=NYSE%3AALH,False,,-68.2509033782221,-50.487456938366186,21.559999465942383,19.05500030517578,21.19434043121338,0.2763374531921103,-33.06238081410138,-43.164168398107265,0.36332666360165816,24.950000762939453,False,False,False,False,False,
NYSE:CDP,,https://www.tradingview.com/chart/?symbol=NYSE%3ACDP,False,,-60.085141794952705,-60.085141794952705,34.36000061035156,30.579999923706055,32.48215979766846,0.46898274653961736,24.26000956963303,10.843417890010048,0.23839098309855627,33.810001373291016,False,False,False,False,False,
NYSE:ANF,,https://www.tradingview.com/chart/?symbol=NYSE%3AANF,False,,-36.22935046601961,-36.22935046601961,139.9600067138672,70.1500015258789,89.48548159790039,0.8520688994014096,80.84058229321793,78.95564802920529,0.8985523144435115,91.18000030517578,False,False,False,False,False,
NYSE:GPGI,,https://www.tradingview.com/chart/?symbol=NYSE%3AGPGI,False,,-67.979370269894,-67.979370269894,11.920000076293945,11.520000457763672,13.672320205688477,0.04385961243173176,-34.797403029023485,-42.67196952304819,0.629834200290054,14.479999542236328,False,True,False,False,False,
NASDAQ:ONDS,,https://www.tradingview.com/chart/?symbol=NASDAQ%3AONDS,False,,-53.24450189107211,-49.38957355367946,7.21999979019165,6.526800155639648,8.199615264892579,0.09779629132315355,-31.46176410140481,-37.37232023085252,0.7784953291428222,9.104999542236328,False,True,False,False,False,
NASDAQ:FRMI,,https://www.tradingview.com/chart/?symbol=NASDAQ%3AFRMI,False,,-36.659787300226036,-36.659787300226036,4.760000228881836,4.59499979019165,5.758479749679566,0.03346864998690874,-44.27733404748738,-47.128539842356666,0.8068739313599559,6.110000133514404,False,True,False,False,False,
NYSE:OPLN,,https://www.tradingview.com/chart/?symbol=NYSE%3AOPLN,False,,3.8930966756515346,3.8930966756515346,35.09000015258789,26.6200008392334,30.26030020904541,0.54910864049483,-16.963855685307557,-20.66407424668681,0.435611335673,35.40999984741211,False,False,False,False,False,
NASDAQ:MAT,,https://www.tradingview.com/chart/?symbol=NASDAQ%3AMAT,False,,-64.38169849707687,-64.38169849707687,13.15999984741211,13.039999961853027,13.799920024871826,0.037267042114195084,-8.288499200450046,-24.95130096827562,0.21972025422725666,14.654999732971191,False,True,False,False,False,
NASDAQ:DLO,,https://www.tradingview.com/chart/?symbol=NASDAQ%3ADLO,False,,-56.59583887713705,-56.59583887713705,14.3100004196167,11.010000228881836,12.145160102844239,0.686070801899418,45.55543860418029,37.27017536000805,0.3553749183722417,13.53499984741211,False,False,False,False,False,
TSX:NGEX,,https://www.tradingview.com/chart/?symbol=TSX%3ANGEX,False,,-50.34106020811711,-50.34106020811711,24.229999542236328,21.600000381469727,23.919880363464355,0.26754823816672557,11.58389074894079,-4.258748546470727,0.3767727047226946,26.09000015258789,False,False,False,False,False,
NASDAQ:IPGP,,https://www.tradingview.com/chart/?symbol=NASDAQ%3AIPGP,False,,-13.146017645955299,-13.146017645955299,77.05999755859375,70.7699966430664,84.28807815551758,0.10981145621123617,-69.04798271610036,-65.66018998840475,0.5319465661808525,107.68000030517578,False,True,False,True,False,
NYSE:BETA,,https://www.tradingview.com/chart/?symbol=NYSE%3ABETA,False,,-20.660268496647777,-20.660268496647777,20.270000457763672,13.520000457763672,16.70364040374756,0.5003706534118424,47.80231747405309,37.74100051873238,0.7750645928712177,17.405000686645508,False,False,False,False,False,
NASDAQ:LIF,,https://www.tradingview.com/chart/?symbol=NASDAQ%3ALIF,False,,-25.15085770399858,-20.697659491565773,40.775001525878906,38.11000061035156,44.44188104248047,0.09932913655051295,-15.553805110023362,-23.545915172792167,0.595957386900201,45.02000045776367,False,True,False,False,False,
NYSE:TAC,,https://www.tradingview.com/chart/?symbol=NYSE%3ATAC,False,,-44.816788146688815,-40.98344537599676,11.960000038146973,11.510000228881836,12.218000228881836,0.14999993642171225,-44.01379594397182,-47.50799269286132,0.2347417889423177,12.779999732971191,False,True,False,False,False,
NYSE:PII,,https://www.tradingview.com/chart/?symbol=NYSE%3APII,False,,-64.02589676333672,-62.510992039788185,55.290000915527344,47.89799880981445,54.270471450805665,0.27375754989147993,-26.923761467960443,-39.96694743379979,0.4113023928174685,65.6500015258789,False,False,False,False,False,
NYSE:BILL,,https://www.tradingview.com/chart/?symbol=NYSE%3ABILL,False,,-25.48662520768536,23.798194721759796,49.005001068115234,31.75,36.36851992797852,0.8817067622478684,44.63901439804405,43.49699010438728,0.49195576408637903,39.779998779296875,False,False,False,False,False,
NYSE:RHI,,https://www.tradingview.com/chart/?symbol=NYSE%3ARHI,False,,-70.90209813064243,-50.170537224252605,37.09000015258789,21.860000610351562,27.43668086242676,0.6445196298694496,60.554752563591954,45.39361909174566,0.7652202626396902,30.8799991607666,False,False,False,False,False,
NASDAQ:EWTX,,https://www.tradingview.com/chart/?symbol=NASDAQ%3AEWTX,False,,34.49671733723097,36.488079603324074,45.459999084472656,28.65999984741211,33.31627973937988,0.8514951660843437,59.41983001066435,58.96701120801207,0.5368707358431654,36.75,False,False,False,False,False,
NYSE:UCB,,https://www.tradingview.com/chart/?symbol=NYSE%3AUCB,False,,2.1689632305863644,10.002965605242423,34.84000015258789,29.614999771118164,31.38500022125244,0.6966665403578338,29.865666255753286,22.64518090613548,0.22071812855754486,33.97999954223633,False,False,False,False,False,
TSX:NPI,,https://www.tradingview.com/chart/?symbol=TSX%3ANPI,False,,-10.040649438692423,18.32586468705804,21.709999084472656,20.420000076293945,21.338039932250975,0.3316193343401259,-49.980945431372156,-43.89651970265025,0.17522519171001016,22.200000762939453,False,False,False,False,False,
NASDAQ:PI,,https://www.tradingview.com/chart/?symbol=NASDAQ%3API,False,,25.405863286311625,29.735792996785836,177.8300018310547,89.5999984741211,111.70847854614257,0.9418232607761736,57.8681341071329,58.274360585255884,0.6713487517021796,139.5399932861328,False,False,False,False,False,
NYSE:ABG,,https://www.tradingview.com/chart/?symbol=NYSE%3AABG,False,,-61.1508746027381,-61.1508746027381,195.16000366210938,176.27999877929688,193.8383973388672,0.253763527307287,11.40747271679929,-4.407556810108495,0.3674799537156612,202.4600067138672,False,False,False,False,False,
NASDAQ:LASR,,https://www.tradingview.com/chart/?symbol=NASDAQ%3ALASR,True,2026-09-16 09:30,-67.11331137767353,-65.02208842995171,38.54999923706055,37.76499938964844,48.89830010986328,0.016640165270383783,-67.74545479344629,-68.99114822039049,0.7105204523974363,66.3949966430664,False,True,True,True,True,FULL PASS
NYSE:POST,,https://www.tradingview.com/chart/?symbol=NYSE%3APOST,True,2026-09-16 09:30,-67.12005528514845,-64.76352978911419,78.5,76.20999908447266,83.46935958862305,0.07444735879358347,-55.48782410572101,-58.326442076059344,0.33445690690396734,91.97000122070312,False,True,True,False,False,"NEAR: 4h+band ok, weekly shallow"
NYSE:GEO,,https://www.tradingview.com/chart/?symbol=NYSE%3AGEO,False,,-26.46855708543254,-11.428909382049106,31.440000534057617,13.75,18.24107971191406,0.9295849536944233,48.624787554496464,43.96959308067565,0.6724381375380375,28.299999237060547,False,False,False,False,False,
NASDAQ:CALM,,https://www.tradingview.com/chart/?symbol=NASDAQ%3ACALM,False,,-51.9042602717636,-22.235621267511288,74.29000091552734,73.26000213623047,78.24314163208008,0.048780434927924526,-15.587310670680168,-27.644901340859796,0.2682461900033846,78.71499633789062,False,True,False,False,False,
NYSE:BFH,,https://www.tradingview.com/chart/?symbol=NYSE%3ABFH,False,,-9.210931686425612,4.5120532944512375,107.83000183105469,69.87000274658203,80.13600274658204,0.8726436571143139,51.03683624557542,47.759210882445956,0.4508706310785368,96.4800033569336,False,False,False,False,False,
NYSE:LBRT,,https://www.tradingview.com/chart/?symbol=NYSE%3ALBRT,False,,-31.307675983227824,-31.307675983227824,19.280000686645508,16.860000610351562,20.9239208984375,0.14053425695373628,-45.87565612273428,-43.35555332405666,0.6285818920591776,27.395000457763672,False,True,False,False,False,
NASDAQ:CATY,,https://www.tradingview.com/chart/?symbol=NASDAQ%3ACATY,False,,-0.936433466595858,26.44643419454792,62.029998779296875,47.0,51.23384057617187,0.8377924600838978,36.06615921406767,30.6495159236971,0.30161403126217545,59.47999954223633,False,False,False,False,False,
NYSE:AB,,https://www.tradingview.com/chart/?symbol=NYSE%3AAB,False,,-46.370830222940356,-46.370830222940356,35.470001220703125,35.025001525878906,36.27934120178222,0.0837252699535992,12.772468864387383,-2.2276269966984774,0.14306859780359701,37.150001525878906,False,True,False,False,False,
NYSE:GFF,,https://www.tradingview.com/chart/?symbol=NYSE%3AGFF,True,2026-09-16 09:30,-67.51463729552358,-66.23915106582221,93.2300033569336,68.05999755859375,77.39851748657226,0.6360880968526289,42.00692490546734,28.41744056595395,0.43646589561480664,90.66000366210938,False,False,True,False,False,
NASDAQ:EXLS,,https://www.tradingview.com/chart/?symbol=NASDAQ%3AEXLS,False,,-52.53704135353055,-3.3383670357519204,35.86000061035156,25.229999542236328,28.41836004638672,0.7868245290360253,44.866629277111905,42.97664699523717,0.4437511010560866,30.44499969482422,False,False,False,False,False,
NASDAQ:WSFS,,https://www.tradingview.com/chart/?symbol=NASDAQ%3AWSFS,False,,49.4143984004809,56.894249903160045,79.63999938964844,62.380001068115234,67.12596031188964,0.8582795162485074,41.83863582180362,39.85800980761681,0.2712801502866246,74.12999725341797,False,False,False,False,False,
NYSE:CNS,,https://www.tradingview.com/chart/?symbol=NYSE%3ACNS,False,,-77.57163947352097,-77.57163947352097,71.86000061035156,60.83000183105469,66.66510147094726,0.4461071571285086,29.90760307297025,9.28517590679084,0.3329293567269245,74.26499938964844,False,False,False,False,False,
NASDAQ:INDB,,https://www.tradingview.com/chart/?symbol=NASDAQ%3AINDB,False,,10.68159533260039,40.177256972487356,82.4800033569336,73.37000274658203,76.68792630004883,0.6479836287356715,21.00363200899962,13.257204520431248,0.173055126509057,81.23999786376953,False,False,False,False,False,
NASDAQ:ALM,,https://www.tradingview.com/chart/?symbol=NASDAQ%3AALM,False,,-60.99077834471682,-60.99077834471682,13.460000038146973,10.930000305175781,13.894160179138183,0.2014331083238915,-4.679760997188532,-11.707222186580234,0.7222541637016296,17.389999389648438,False,True,False,False,False,
NYSE:BBWI,,https://www.tradingview.com/chart/?symbol=NYSE%3ABBWI,False,,-57.41017910791667,-57.41017910791667,16.75,16.104999542236328,17.850219650268556,0.08722115183732213,-31.890829807489425,-45.83352080924516,0.38325993410330444,19.295000076293945,False,True,False,False,False,
NYSE:MIAX,,https://www.tradingview.com/chart/?symbol=NYSE%3AMIAX,False,,-66.79916229170857,-66.79916229170857,38.04999923706055,35.81999969482422,40.780719802856446,0.10608941454198136,-16.066190699757048,-28.119393964283244,0.4930799890006433,42.630001068115234,False,True,False,False,False,
NASDAQ:OLLI,,https://www.tradingview.com/chart/?symbol=NASDAQ%3AOLLI,False,,-11.707068938087644,14.43383763446986,73.22000122070312,61.880001068115234,73.14428096008301,0.23758642910845018,-19.151025577029255,-16.521912250851685,0.6084517780345602,78.44499969482422,False,False,False,False,False,
NYSE:CRK,,https://www.tradingview.com/chart/?symbol=NYSE%3ACRK,False,,-65.98946990886712,-65.98946990886712,13.100000381469727,12.375,14.982799819946289,0.0656108987807122,6.016210687702855,2.565918133076864,0.767361078457331,14.399999618530273,False,True,False,False,False,
NYSE:CAAP,,https://www.tradingview.com/chart/?symbol=NYSE%3ACAAP,False,,-25.70676301925219,-25.70676301925219,23.540000915527344,22.860000610351562,24.13676057434082,0.12569322076803044,-25.26936550392034,-21.37675945005341,0.21510934113200045,25.149999618530273,False,True,False,False,False,
NYSE:BDC,,https://www.tradingview.com/chart/?symbol=NYSE%3ABDC,False,,-34.275187084087456,-34.275187084087456,112.51000213623047,99.4800033569336,108.70170083618164,0.33346135229810314,5.689115702350481,-2.0618501325762546,0.33898664402536055,115.2699966430664,False,False,False,False,False,
NASDAQ:PTEN,,https://www.tradingview.com/chart/?symbol=NASDAQ%3APTEN,False,,-18.680802978637093,-18.680802978637093,12.03499984741211,8.5649995803833,9.651779697418213,0.7535287499122433,47.99768341949645,49.58861601234489,0.4207401209968332,10.944999694824219,False,False,False,False,False,
NYSE:DK,,https://www.tradingview.com/chart/?symbol=NYSE%3ADK,False,,50.410550449613176,64.82955707668928,79.1500015258789,37.209999084472656,47.11491937255859,0.999285232822865,76.10062887475151,75.88241249892022,0.8916507646656755,47.06999969482422,False,False,False,False,False,
NASDAQ:DORM,,https://www.tradingview.com/chart/?symbol=NASDAQ%3ADORM,False,,-51.51076238196877,-51.51076238196877,124.93000030517578,99.80999755859375,111.30319683837891,0.5158111770166903,2.2466561119499313,-9.711613856148972,0.3867841754570426,125.91000366210938,False,False,False,False,False,
NYSE:SMG,,https://www.tradingview.com/chart/?symbol=NYSE%3ASMG,False,,-71.43272318088616,-54.74880185512213,54.790000915527344,54.790000915527344,59.54775997924805,0.0,-28.249107794339864,-38.98569811192542,0.3236993646091148,62.279998779296875,False,True,False,False,False,
NYSE:CON,,https://www.tradingview.com/chart/?symbol=NYSE%3ACON,False,,33.4733482693425,69.48330494932456,36.380001068115234,20.84000015258789,24.558652145385743,0.9862284029716727,64.62356939909866,63.56035535836955,0.5783446314595813,27.2450008392334,False,False,False,False,False,
NASDAQ:POWI,,https://www.tradingview.com/chart/?symbol=NASDAQ%3APOWI,False,,-41.45499008680399,-41.45499008680399,47.689998626708984,45.099998474121094,55.46039883422851,0.05899772352083164,-47.904251423519646,-51.40632800792425,0.6798823251256393,64.56999969482422,False,True,False,False,False,
NYSE:APLE,,https://www.tradingview.com/chart/?symbol=NYSE%3AAPLE,False,,-29.981065535397008,-26.436041148817186,15.425000190734863,11.5,12.813340126037598,0.7053009549080891,16.662215647680654,4.230773238741548,0.3576478395875714,15.5600004196167,False,False,False,False,False,
NASDAQ:MKTX,,https://www.tradingview.com/chart/?symbol=NASDAQ%3AMKTX,False,,12.611732181594858,31.8393254350501,163.3699951171875,109.12000274658203,127.0418415222168,0.7143797218435488,26.91489325235001,29.19370187241372,0.4694318650329629,161.77000427246094,False,False,False,False,False,
NYSE:THO,,https://www.tradingview.com/chart/?symbol=NYSE%3ATHO,False,,-57.588432380905324,-57.588432380905324,69.77999877929688,69.77999877929688,73.93595892333984,0.0,-14.859997952171112,-33.40708647741424,0.22751938324527823,77.4000015258789,False,True,False,False,False,
NYSE:CSTM,,https://www.tradingview.com/chart/?symbol=NYSE%3ACSTM,False,,-54.82023057140977,-44.02965596117539,25.920000076293945,22.3799991607666,25.77957932281494,0.24574805600732696,-41.983606351688145,-46.6759903445398,0.4866554223311215,29.600000381469727,False,False,False,False,False,
NASDAQ:WAY,,https://www.tradingview.com/chart/?symbol=NASDAQ%3AWAY,False,,-57.37436332186724,22.05397296024209,26.610000610351562,17.299999237060547,19.549079399108887,0.9769150789608253,41.34144468555399,42.51144957859467,0.40954020194124974,23.270000457763672,False,False,False,False,False,
NYSE:RNST,,https://www.tradingview.com/chart/?symbol=NYSE%3ARNST,False,,-18.766468672351092,1.7749335516748979,40.529998779296875,34.220001220703125,36.629561004638674,0.6180213638010977,-5.0263242538768305,-14.500107547408454,0.24951123023805874,40.91999816894531,False,False,False,False,False,
NYSE:FG,,https://www.tradingview.com/chart/?symbol=NYSE%3AFG,False,,-41.42275455170477,-35.250923547260044,23.049999237060547,20.68000030517578,23.497839981079103,0.19849239568447147,-36.7332595823161,-42.59588531808071,0.438486919846947,27.229999542236328,False,True,False,False,False,
NASDAQ:EXTR,,https://www.tradingview.com/chart/?symbol=NASDAQ%3AEXTR,False,,-26.91636980897307,6.50846210844355,21.8700008392334,14.03499984741211,18.67357955932617,0.39862637895831876,-26.84379109441892,-31.49827884954418,0.8321337036808839,23.6200008392334,False,False,False,False,False,
NYSE:MIR,,https://www.tradingview.com/chart/?symbol=NYSE%3AMIR,False,,-25.461301088075317,-20.89685147434177,15.854999542236328,14.385000228881836,16.136120246887206,0.19811311297030473,-43.68711205692111,-36.62612750575274,0.41755767502257796,17.770000457763672,False,True,False,False,False,
TSX:KNT,,https://www.tradingview.com/chart/?symbol=TSX%3AKNT,False,,-50.37786552131916,-50.37786552131916,27.93000030517578,20.280000686645508,22.89724072265625,0.6898105963276402,38.42362831121959,36.309298738395576,0.45154724730212287,24.559999465942383,False,False,False,False,False,
NYSE:PARR,,https://www.tradingview.com/chart/?symbol=NYSE%3APARR,False,,33.324689825935614,38.9313213975583,84.9000015258789,46.959999084472656,56.18051901245117,0.9710776231828928,56.449500337369706,57.58684668014619,0.6100398284306426,64.04499816894531,False,False,False,False,False,
NYSE:WPP,,https://www.tradingview.com/chart/?symbol=NYSE%3AWPP,False,,-29.072156197763594,23.81647945781611,25.3799991607666,15.085000038146973,18.02909990310669,0.825250468523586,65.59592716294735,61.611134253632294,0.6798364669459607,18.350000381469727,False,False,False,False,False,
NASDAQ:ICUI,,https://www.tradingview.com/chart/?symbol=NASDAQ%3AICUI,False,,-68.13000735820115,-52.07753860814179,155.7550048828125,115.37000274658203,132.35728353881836,0.561058630908501,43.90278783337481,28.14025584292755,0.5150994742193192,139.74000549316406,False,False,False,False,False,
NYSE:KFY,,https://www.tradingview.com/chart/?symbol=NYSE%3AKFY,False,,-71.80898662703008,-55.966710158605814,77.45999908447266,60.45000076293945,66.72642015075684,0.6395939079013369,59.28363168796276,43.95805009399586,0.3761136720456542,70.70999908447266,False,False,False,False,False,
NYSE:LION,,https://www.tradingview.com/chart/?symbol=NYSE%3ALION,False,,4.090231762050247,12.29483666490646,11.319999694824219,9.180000305175781,10.881560089111328,0.29680993916588805,-38.64679650556581,-40.76148291514548,0.5823908738144838,12.380000114440918,False,False,False,False,False,
NYSE:HHH,,https://www.tradingview.com/chart/?symbol=NYSE%3AHHH,False,,-71.17280688649704,-28.543274931853347,62.11000061035156,60.970001220703125,64.22208093261719,0.08272855519850823,-34.72827844081561,-43.22403929703891,0.21252312704472257,64.83999633789062,False,True,False,False,False,
NASDAQ:IPAR,,https://www.tradingview.com/chart/?symbol=NASDAQ%3AIPAR,False,,-60.138434713247136,-42.59162276126245,112.66999816894531,86.1500015258789,96.16702145385742,0.6248085012072759,29.691969935848437,18.450785717758073,0.4312201520189604,98.43000030517578,False,False,False,False,False,
TSX:GRGD,,https://www.tradingview.com/chart/?symbol=TSX%3AGRGD,False,,-72.12467597829477,-72.12255117142423,51.040000915527344,45.400001525878906,57.73808123779297,0.10788063353746488,-17.160757057259207,-26.195414224908525,0.7760130124374867,67.37000274658203,False,True,False,False,False,
NYSE:BOX,,https://www.tradingview.com/chart/?symbol=NYSE%3ABOX,False,,-31.579957140486503,10.039563696914838,34.66999816894531,21.3799991607666,24.865719718933107,0.8997966743438406,73.91097848928229,69.79786617686766,0.5663344481717866,26.079999923706055,False,False,False,False,False,
NASDAQ:PTRN,,https://www.tradingview.com/chart/?symbol=NASDAQ%3APTRN,False,,-35.65738596896154,-35.0548123941684,19.639999389648438,10.140000343322754,14.697160442352295,0.4919730108692694,-4.168585809612885,-12.937653865932756,0.9757453019856086,19.790000915527344,False,False,False,False,False,
NYSE:STNG,,https://www.tradingview.com/chart/?symbol=NYSE%3ASTNG,False,,65.73457711361597,65.73457711361597,85.58999633789062,66.30000305175781,71.09316247558594,0.949778217869389,50.13995747896919,63.444712647746734,0.262233677971174,77.44999694824219,False,False,False,False,False,
NYSE:YETI,,https://www.tradingview.com/chart/?symbol=NYSE%3AYETI,False,,-50.36763091667504,-29.08026428608864,40.54999923706055,35.1150016784668,39.262700958251955,0.3092460029779605,-24.318461810857347,-31.40785837658584,0.40815133273877446,43.060001373291016,False,False,False,False,False,
NASDAQ:CLSK,,https://www.tradingview.com/chart/?symbol=NASDAQ%3ACLSK,False,,3.581892122452386,3.581892122452386,12.789999961853027,8.170000076293945,10.716439842224121,0.4281742641549057,-24.280870857352372,-19.407857042745043,0.8416536088167713,12.819999694824219,False,False,False,False,False,
NYSE:HGV,,https://www.tradingview.com/chart/?symbol=NYSE%3AHGV,True,2026-09-16 09:30,-73.6842793353317,-73.6842793353317,37.099998474121094,37.099998474121094,41.24651840209961,0.0,-52.96964757441091,-61.38358980706805,0.3793996798488026,46.310001373291016,False,True,True,False,False,"NEAR: 4h+band ok, weekly shallow"
NYSE:HGTY,,https://www.tradingview.com/chart/?symbol=NYSE%3AHGTY,False,,9.64735713125394,52.85842628360874,13.914999961853027,9.640000343322754,10.676040199279786,0.9738041487228148,63.72658599821639,64.31788119058584,0.39710531600737337,11.055000305175781,False,False,False,False,False,
NYSE:SEI,,https://www.tradingview.com/chart/?symbol=NYSE%3ASEI,False,,21.96230262733776,21.96230262733776,64.61000061035156,43.41999816894531,52.718398529052735,0.5378173000193446,-27.231100909688664,-14.62466226453076,0.6018943183154539,65.45999908447266,False,False,False,False,False,
NASDAQ:WSBC,,https://www.tradingview.com/chart/?symbol=NASDAQ%3AWSBC,False,,-23.469695328863082,-18.933305449416363,39.540000915527344,32.65999984741211,35.04359948730469,0.6811883274778351,46.997375245291245,37.493399838382075,0.2786206475619612,36.25,False,False,False,False,False,
NYSE:ACHR,,https://www.tradingview.com/chart/?symbol=NYSE%3AACHR,False,,-61.160402717118366,-61.160402717118366,5.21999979019165,4.460000038146973,5.051180065155029,0.30339310072818076,0.43816672301769416,-6.441286459254962,0.44313538491931376,5.652900218963623,False,False,False,False,False,
NYSE:GPI,,https://www.tradingview.com/chart/?symbol=NYSE%3AGPI,False,,-30.566286643293264,-30.566286643293264,262.4100036621094,250.00999450683594,278.1057952270508,0.10415799107440969,-48.6824157637769,-47.69447438194469,0.37714630194071724,315.6600036621094,False,True,False,False,False,
NYSE:MWA,,https://www.tradingview.com/chart/?symbol=NYSE%3AMWA,True,2026-09-16 13:30,-69.8125693410516,-69.8125693410516,22.75,22.75,24.587259963989258,0.0,-52.21580853747668,-60.12530736859128,0.3016272765787855,25.809999465942383,False,True,True,False,False,"NEAR: 4h+band ok, weekly shallow"
NYSE:NHI,,https://www.tradingview.com/chart/?symbol=NYSE%3ANHI,False,,-72.12400748373587,-72.12400748373587,68.16000366210938,68.16000366210938,72.54960330200196,0.0,-37.184563075531194,-44.63805104745385,0.24489794893338146,75.94999694824219,False,True,False,False,False,
NASDAQ:CHEF,,https://www.tradingview.com/chart/?symbol=NASDAQ%3ACHEF,False,,-31.62164501756419,-31.62164501756419,109.66000366210938,56.869998931884766,70.93205961608886,0.8859612681324553,62.407135063650465,56.19337411843398,0.6633084903107626,89.83000183105469,False,False,False,False,False,
NASDAQ:BANF,,https://www.tradingview.com/chart/?symbol=NASDAQ%3ABANF,False,,-9.936436297844788,-9.936436297844788,109.58999633789062,102.62000274658203,106.91756253051757,0.38275639438399445,-21.18431487316842,-31.567741976348323,0.16207555106934088,112.3550033569336,False,False,False,False,False,
NYSE:MANU,,https://www.tradingview.com/chart/?symbol=NYSE%3AMANU,False,,-58.8602402776022,-46.55119056578193,19.959999084472656,15.960000038146973,17.912900173187257,0.48338353712766224,8.24521691487559,-8.989303137400936,0.3929250133926489,21.059999465942383,False,False,False,False,False,
NYSE:IRT,,https://www.tradingview.com/chart/?symbol=NYSE%3AIRT,False,,-77.63865136386315,-58.44912262957599,14.960000038146973,14.739999771118164,15.387819969177245,0.08014579226513041,-18.688811832283623,-38.73451507010188,0.16732707859427073,16.405000686645508,False,True,False,False,False,
NASDAQ:OTTR,,https://www.tradingview.com/chart/?symbol=NASDAQ%3AOTTR,False,,-67.01741290473187,-47.25100300974889,89.05999755859375,83.16999816894531,85.87691845703125,0.5135134056496092,25.547766126400308,8.732244938125353,0.12899961876624244,88.91500091552734,False,False,False,False,False,
TSX:GEI,,https://www.tradingview.com/chart/?symbol=TSX%3AGEI,False,,-33.86361516267766,-14.867029499392467,31.489999771118164,27.030000686645508,28.351600776672363,0.7964283536891696,55.89088928610036,51.219501200793175,0.18845702011487356,29.71500015258789,False,False,False,False,False,
TSX:ATH,,https://www.tradingview.com/chart/?symbol=TSX%3AATH,False,,20.562818570824057,35.70056034595816,10.600000381469727,8.619999885559082,9.595859939575195,0.478839271176066,7.156737984546783,12.626024974869356,0.3825161950390058,10.8100004196167,False,False,False,False,False,
NYSE:WHD,,https://www.tradingview.com/chart/?symbol=NYSE%3AWHD,False,,-49.0050646536376,-32.22821226602326,67.22000122070312,44.93000030517578,51.752759368896484,0.7710136276152979,58.171680238032735,53.93615386676964,0.5166189511381991,55.959999084472656,False,False,False,False,False,
NYSE:TDW,,https://www.tradingview.com/chart/?symbol=NYSE%3ATDW,False,,-51.59723890650147,-50.58061076520372,88.2300033569336,63.52000045776367,72.29920063781738,0.6642473761394998,52.44115592577509,48.26908191790125,0.4586929896775513,81.0999984741211,False,False,False,False,False,
NASDAQ:CLMT,,https://www.tradingview.com/chart/?symbol=NASDAQ%3ACLMT,False,,54.64798185282226,57.29028868224005,58.0099983215332,27.979999542236328,35.18036004638672,0.9842673443682394,85.14951035678422,86.80832765117583,0.8660233475067981,35.22999954223633,False,False,False,False,False,
TSX:TXG,,https://www.tradingview.com/chart/?symbol=TSX%3ATXG,False,,-36.70722633060125,-36.70722633060125,65.97000122070312,51.970001220703125,57.49948129272461,0.5975245334037552,34.42349909177753,35.51470215212862,0.3825306172273597,61.25,False,False,False,False,False,
NYSE:MNSO,,https://www.tradingview.com/chart/?symbol=NYSE%3AMNSO,False,,-58.21076026302706,-58.21076026302706,8.765000343322754,8.765000343322754,10.850060352325439,0.0,-73.51459363659032,-76.21586745432029,0.6801385830499107,12.989999771118164,False,True,False,True,False,
NASDAQ:ELVN,,https://www.tradingview.com/chart/?symbol=NASDAQ%3AELVN,False,,-77.52488269054847,-77.52488269054847,49.099998474121094,27.260000228881836,35.342999778747554,0.6376642178536418,51.33077526434247,36.118503188778234,0.7557369444678724,45.31999969482422,False,False,False,False,False,
NASDAQ:OLED,,https://www.tradingview.com/chart/?symbol=NASDAQ%3AOLED,True,2026-09-16 09:30,-57.324427002765994,-57.324427002765994,76.31999969482422,76.31999969482422,82.03591998291016,0.0,-33.80037066434976,-42.78606203077224,0.2704785495110184,89.54499816894531,False,True,False,False,False,
NYSE:DOCS,,https://www.tradingview.com/chart/?symbol=NYSE%3ADOCS,False,,-16.77651055954156,19.474473248932508,25.940000534057617,17.829999923706055,20.2843998336792,0.7798077795985214,34.74762873489647,35.34625418099663,0.452567442371593,22.979999542236328,False,False,False,False,False,
NASDAQ:DYN,,https://www.tradingview.com/chart/?symbol=NASDAQ%3ADYN,False,,-81.38012179430244,-59.382591456729955,17.299999237060547,15.930000305175781,18.495320053100585,0.1260348727235081,32.45287531854654,8.651512189593525,0.5640891890848587,19.270000457763672,False,True,False,False,False,
NYSE:MHO,,https://www.tradingview.com/chart/?symbol=NYSE%3AMHO,False,,-73.73754423816922,-28.888371949122075,140.47999572753906,117.61000061035156,128.31496075439452,0.5041885980920459,14.445692246217876,-2.753419152037063,0.3245215710325455,139.77499389648438,False,False,False,False,False,
NASDAQ:SKYW,,https://www.tradingview.com/chart/?symbol=NASDAQ%3ASKYW,False,,-17.55480384753049,1.9079584381493422,97.11000061035156,78.37000274658203,87.23888137817383,0.4986695251523392,10.80083365770193,0.8625083562506468,0.39754569646615284,94.52999877929688,False,False,False,False,False,
NYSE:KNTK,,https://www.tradingview.com/chart/?symbol=NYSE%3AKNTK,False,,-22.555744992028668,-22.555744992028668,53.83000183105469,44.31999969482422,46.946679946899415,0.8544475492885916,69.94525116547338,66.65934876733999,0.2284482920617342,48.720001220703125,False,False,False,False,False,
TSX:PEY,,https://www.tradingview.com/chart/?symbol=TSX%3APEY,False,,-60.6564647043247,-40.43462137496508,24.020000457763672,23.56999969482422,24.846759658813475,0.08317944096702931,5.805151440227383,-5.449217773126088,0.2145122916219671,25.219999313354492,False,True,False,False,False,
NYSE:GNW,,https://www.tradingview.com/chart/?symbol=NYSE%3AGNW,False,,-5.174797860640667,-5.174797860640667,10.095000267028809,7.925000190734863,8.553940181732179,0.8142589521033619,63.68763504178133,61.512737845280505,0.29157547721537547,9.140000343322754,False,False,False,False,False,
NYSE:BFAM,,https://www.tradingview.com/chart/?symbol=NYSE%3ABFAM,False,,-68.54019532798827,-11.741463003348633,68.69000244140625,58.060001373291016,64.63260191345215,0.38168761919215816,-18.187312250552054,-29.618867241686534,0.3769116594785083,73.88999938964844,False,False,False,False,False,
NYSE:SXI,,https://www.tradingview.com/chart/?symbol=NYSE%3ASXI,True,2026-09-16 09:30,-67.23933758982479,-62.69334557968375,259.5400085449219,245.11000061035156,271.6954027709961,0.12809593219544632,-4.136034129603202,-20.403470636787,0.4046627170751536,278.3800048828125,False,True,True,False,False,
NYSE:CNK,,https://www.tradingview.com/chart/?symbol=NYSE%3ACNK,False,,-69.26501085198215,-69.26501085198215,34.04999923706055,25.479999542236328,28.588120010375977,0.6507212151879962,46.74117874256296,37.102970376464995,0.43350896469577943,30.3799991607666,False,False,False,False,False,
NYSE:HAFN,,https://www.tradingview.com/chart/?symbol=NYSE%3AHAFN,False,,54.731082886870745,61.95149253023791,9.720000267028809,6.565000057220459,7.328460088729859,0.9752705037390075,67.8427490764562,77.91776113685927,0.4206762170927332,7.690000057220459,False,False,False,False,False,
NASDAQ:RRR,,https://www.tradingview.com/chart/?symbol=NASDAQ%3ARRR,False,,-65.19996942130659,-65.19996942130659,53.290000915527344,51.0099983215332,54.830837997436525,0.1408278435695956,-27.024406125806085,-38.134958698879274,0.2784657515767284,58.13999938964844,False,True,False,False,False,
NASDAQ:MNDY,,https://www.tradingview.com/chart/?symbol=NASDAQ%3AMNDY,False,,-35.83887918326965,21.459362234989896,94.01000213623047,58.619998931884766,68.6334799041748,0.8340796551506814,46.09566178514091,44.31202772961216,0.548120425172408,77.41000366210938,False,False,False,False,False,
NYSE:CVSA,,https://www.tradingview.com/chart/?symbol=NYSE%3ACVSA,False,,-52.29081902817695,-17.57156292337018,127.26000213623047,99.94999694824219,109.65667810058594,0.6639922671003778,30.515186094594707,19.272255311081075,0.3330634512455486,123.48999786376953,False,False,False,False,False,
NYSE:CRGY,,https://www.tradingview.com/chart/?symbol=NYSE%3ACRGY,False,,60.906709522975206,64.38568554283948,14.399999618530273,9.140000343322754,10.617265869140624,0.8403092113462203,50.361584748462825,55.47588673285158,0.5106000805301798,12.259300231933594,False,False,False,False,False,
NYSE:ZGN,,https://www.tradingview.com/chart/?symbol=NYSE%3AZGN,False,,-68.95403442467438,-39.27114489959341,11.8100004196167,9.204999923706055,10.649319896697998,0.42565368376190243,-11.190379820428324,-27.07420572596543,0.4669973368434565,13.104999542236328,False,False,False,False,False,
NASDAQ:DNLI,,https://www.tradingview.com/chart/?symbol=NASDAQ%3ADNLI,False,,-69.69578636320624,-69.69578636320624,20.049999237060547,18.020000457763672,20.188840133666993,0.2208921743902191,6.401247215972361,-12.857262860630456,0.43125287925963723,21.309999465942383,False,True,False,False,False,
NASDAQ:JOYY,,https://www.tradingview.com/chart/?symbol=NASDAQ%3AJOYY,False,,36.481048834472226,58.22740582027009,78.8499984741211,54.43000030517578,60.193119873046875,1.0,57.932465416025615,59.281274994924026,0.36644655451090247,66.63999938964844,False,False,False,False,False,
NYSE:AGO,,https://www.tradingview.com/chart/?symbol=NYSE%3AAGO,True,2026-09-16 09:30,-63.0348714158321,-63.0348714158321,71.25,70.94000244140625,74.57440100097656,0.020129719575052465,-34.169719931247094,-41.274396009776744,0.19060578309912726,80.79499816894531,False,True,True,False,False,
NASDAQ:FIBK,,https://www.tradingview.com/chart/?symbol=NASDAQ%3AFIBK,False,,-19.519398728876265,23.050749879563103,36.939998626708984,31.84000015258789,33.84600015258789,0.5999998204848346,19.27715562905597,9.824612510494354,0.23383769894932632,36.349998474121094,False,False,False,False,False,
NASDAQ:WING,,https://www.tradingview.com/chart/?symbol=NASDAQ%3AWING,False,,-26.399796088600798,-26.399796088600798,100.94000244140625,100.7699966430664,129.88059628295898,0.0013782391604610443,-60.64492030014907,-60.17523012024181,0.8310874544932467,148.4199981689453,False,True,False,True,False,
NASDAQ:NAMS,,https://www.tradingview.com/chart/?symbol=NASDAQ%3ANAMS,True,2026-09-16 09:30,-80.04990466473912,-69.18106006142617,21.18000030517578,21.139999389648438,25.567359893798827,0.00213224472134209,-60.64104380493368,-66.23038873930666,0.6126715095380821,30.6200008392334,False,True,True,True,True,FULL PASS
NASDAQ:BRBI,,https://www.tradingview.com/chart/?symbol=NASDAQ%3ABRBI,False,,12.956719972768775,41.7923763809414,11.1899995803833,9.100000381469727,10.787400291442871,0.29230759586294724,-41.22016558177102,-28.506661077837297,0.4996505526812409,14.3100004196167,False,False,False,False,False,
NYSE:PVH,,https://www.tradingview.com/chart/?symbol=NYSE%3APVH,False,,-51.03844908169341,6.454353611640922,71.7300033569336,60.869998931884766,69.83799983215332,0.28578956144337286,-28.843023153960843,-36.521915701316814,0.4807084420960344,79.05000305175781,False,False,False,False,False,
NASDAQ:ITRI,,https://www.tradingview.com/chart/?symbol=NASDAQ%3AITRI,False,,-70.66018869052103,-59.841139688315856,92.19000244140625,78.0199966430664,84.8557375793457,0.4892112500431318,35.70970939915213,25.13984832909708,0.32817814713597326,88.26000213623047,False,False,False,False,False,
NASDAQ:VEON,,https://www.tradingview.com/chart/?symbol=NASDAQ%3AVEON,False,,59.66976783410868,59.66976783410868,68.7300033569336,44.810001373291016,50.61324140930176,0.9727532263201389,82.55420917685228,86.61950120805221,0.4667805620755081,52.68000030517578,False,False,False,False,False,
TSX:EQB,,https://www.tradingview.com/chart/?symbol=TSX%3AEQB,False,,-37.983793215692764,-37.983793215692764,127.29000091552734,105.70999908447266,116.07039944458008,0.49157177860992435,16.717149746338844,6.1770170261707875,0.35676554601476523,123.05000305175781,False,False,False,False,False,
TSX:TPZ,,https://www.tradingview.com/chart/?symbol=TSX%3ATPZ,False,,-62.88999422513879,-37.47037760619483,30.1299991607666,29.3700008392334,30.37536089324951,0.17840335227697565,12.950474192199787,3.5077278157836016,0.13569040187188086,31.395000457763672,False,True,False,False,False,
NYSE:MSGE,,https://www.tradingview.com/chart/?symbol=NYSE%3AMSGE,False,,-15.262748849263275,34.23317212618013,79.30999755859375,54.70500183105469,62.671181182861325,0.728928980287433,42.87876447177374,40.50009318908667,0.46217560841898186,73.03500366210938,False,False,False,False,False,
NYSE:BMI,,https://www.tradingview.com/chart/?symbol=NYSE%3ABMI,False,,-62.627474709812475,-37.865620606015206,127.5,113.36000061035156,124.69035931396485,0.2945219955739654,-19.035426335161656,-28.110960803393155,0.35871186357201146,133.83999633789062,False,False,False,False,False,
NASDAQ:BHF,,https://www.tradingview.com/chart/?symbol=NASDAQ%3ABHF,True,2026-09-16 09:30,-71.22016797878916,-69.87634983290985,48.81999969482422,48.60499954223633,52.863620010375975,0.011914664946159819,-59.06822795806929,-64.66676297587784,0.2908138953346652,62.04999923706055,False,True,True,False,False,"NEAR: 4h+band ok, weekly shallow"
NYSE:PAY,,https://www.tradingview.com/chart/?symbol=NYSE%3APAY,False,,2.7626232964129103,16.83785102528209,36.65999984741211,20.190000534057617,25.962560768127442,0.6733441801110956,47.89018783827735,44.35859255806685,0.9009208595025902,27.149999618530273,False,False,False,False,False,
NASDAQ:QS,,https://www.tradingview.com/chart/?symbol=NASDAQ%3AQS,False,,-61.88439326526898,-61.88439326526898,5.014999866485596,4.880000114440918,5.921940105438233,0.030577520546119497,-52.25536438801648,-55.681997659339984,0.6483113067473859,6.809999942779541,False,True,False,False,False,
NYSE:KAI,,https://www.tradingview.com/chart/?symbol=NYSE%3AKAI,False,,-83.91855343275091,-70.71948879251822,270.1300048828125,262.20001220703125,282.6423310546875,0.0915492163795764,-20.391298167855833,-37.65999248532526,0.2807460041356753,308.53509521484375,False,True,False,False,False,
NYSE:HIW,,https://www.tradingview.com/chart/?symbol=NYSE%3AHIW,False,,-18.368184365970965,5.789479089128407,30.704999923706055,20.579999923706055,24.02323950958252,0.6939685550204782,29.80468035398486,22.46516991007603,0.4990592762318334,29.235000610351562,False,False,False,False,False,
NASDAQ:LOPE,,https://www.tradingview.com/chart/?symbol=NASDAQ%3ALOPE,False,,26.35109991867183,52.78510399520557,153.9199981689453,136.4499969482422,145.63747882080077,0.4487541140516839,-5.280507959209019,9.313539797168573,0.2555468614310809,152.33999633789062,False,False,False,False,False,
NYSE:KEN,,https://www.tradingview.com/chart/?symbol=NYSE%3AKEN,False,,-48.90195547838334,-48.90195547838334,63.025001525878906,62.0,69.95084057617187,0.030424501383209807,-32.805142676271316,-38.61673333203112,0.4763857729055522,70.72000122070312,False,True,False,False,False,
NYSE:SIG,,https://www.tradingview.com/chart/?symbol=NYSE%3ASIG,False,,56.10381707602327,56.10381707602327,102.97000122070312,73.66500091552734,80.73674005126954,0.9779744330594067,10.274377456308068,27.188462844359556,0.3447819016829086,86.91000366210938,False,False,False,False,False,
NYSE:TDS,,https://www.tradingview.com/chart/?symbol=NYSE%3ATDS,False,,28.241357635489745,28.241357635489745,37.06999969482422,31.84000015258789,35.46142044067383,0.34082757420573756,-23.557723545184604,-10.80767558291397,0.3916539331592606,39.18000030517578,False,False,False,False,False,
TSX:SKE,,https://www.tradingview.com/chart/?symbol=TSX%3ASKE,False,,-55.917850674040785,-55.917850674040785,41.709999084472656,34.75,38.0233197479248,0.5018024239693922,25.945339464886718,18.895958804451872,0.33285336072372146,41.66999816894531,False,False,False,False,False,
NYSE:SLG,,https://www.tradingview.com/chart/?symbol=NYSE%3ASLG,False,,-56.968619467703355,-51.85305008930218,51.7599983215332,35.30500030517578,41.0929006652832,0.67094788960539,46.68572189648901,31.957125317472357,0.501636363920095,48.88999938964844,False,False,False,False,False,
NYSE:BLSH,,https://www.tradingview.com/chart/?symbol=NYSE%3ABLSH,False,,17.035151929850752,17.035151929850752,32.08000183105469,21.780000686645508,27.3558783493042,0.4359493549077459,17.5565027292155,25.129179085600803,0.7082314098690882,33.36000061035156,False,False,False,False,False,
NASDAQ:TENB,,https://www.tradingview.com/chart/?symbol=NASDAQ%3ATENB,False,,-62.18746334821217,17.171191975083662,36.38999938964844,15.949999809265137,22.251200214385985,0.7655430062262785,31.36690236361376,26.22108216907289,0.9680928858039665,27.579999923706055,False,False,False,False,False,
NYSE:OGN,,https://www.tradingview.com/chart/?symbol=NYSE%3AOGN,False,,-63.60032298217981,-36.732892300968665,13.670000076293945,5.704999923706055,7.6106998786926265,0.9863777511733147,31.71398424792181,29.160158311388443,0.6012657949198346,13.430000305175781,False,False,False,False,False,
NASDAQ:ARCB,,https://www.tradingview.com/chart/?symbol=NASDAQ%3AARCB,False,,-43.30542939146101,-43.30542939146101,130.07000732421875,84.12000274658203,105.56060238647461,0.5057788150731309,-9.897445653388269,-19.794443578870034,0.6684816547598598,135.90499877929688,False,False,False,False,False,
NYSE:LRN,,https://www.tradingview.com/chart/?symbol=NYSE%3ALRN,False,,-52.1118613515843,-10.500526177020866,82.2300033569336,78.2699966430664,83.87971765136719,0.1665968027803473,-35.82584600969355,-40.429057305338496,0.27213926315484216,87.34500122070312,False,True,False,False,False,
NYSE:NATL,,https://www.tradingview.com/chart/?symbol=NYSE%3ANATL,False,,14.657027731463495,14.657027731463495,46.08000183105469,42.255001068115234,43.59902099609375,0.6716419610023378,31.16508023702772,28.358992902961717,0.12714890775655094,44.790000915527344,False,False,False,False,False,
NYSE:CMBT,,https://www.tradingview.com/chart/?symbol=NYSE%3ACMBT,False,,45.10662908550984,57.748748182137064,19.670000076293945,11.904999732971191,13.783559741973876,0.97550255101888,84.58125274303548,83.60292537303182,0.5262809942576511,15.125,False,False,False,False,False,
NYSE:CURB,,https://www.tradingview.com/chart/?symbol=NYSE%3ACURB,True,2026-09-16 09:30,-61.531603097477905,-61.18681303873046,28.719999313354492,25.540000915527344,27.01736051940918,0.5079871007135192,-1.5504278811236887,-13.659619826255398,0.2138707968442406,29.270000457763672,False,False,True,False,False,
NASDAQ:FFBC,,https://www.tradingview.com/chart/?symbol=NASDAQ%3AFFBC,False,,-20.611324812564508,5.303038644805503,32.189998626708984,26.450000762939453,28.746280654907228,0.5899278657571508,13.381145822387444,3.340944528194923,0.3081063827024376,31.579999923706055,False,False,False,False,False,
NYSE:CBU,,https://www.tradingview.com/chart/?symbol=NYSE%3ACBU,False,,-21.232470867226567,-11.304532059631496,62.779998779296875,55.58000183105469,59.2356413269043,0.46481587741743235,-17.39596027840491,-22.762723579311196,0.2445145735890949,63.349998474121094,False,False,False,False,False,
NYSE:HAE,,https://www.tradingview.com/chart/?symbol=NYSE%3AHAE,False,,-33.36875055831162,36.36523626586629,106.25,52.244998931884766,65.64389839172364,0.9512109774595224,75.91232599280916,73.31900541275739,0.7729221468370965,73.45500183105469,False,False,False,False,False,
NYSE:GEF,,https://www.tradingview.com/chart/?symbol=NYSE%3AGEF,True,2026-09-16 09:30,-67.69343452143059,-51.42573569974414,82.88999938964844,61.27000045776367,68.06208106994629,0.751216017485574,51.5875856789044,43.56236052041491,0.41303103427019333,69.68000030517578,False,False,True,False,False,
NYSE:JOE,,https://www.tradingview.com/chart/?symbol=NYSE%3AJOE,False,,-32.971289894222004,-18.513910488212847,64.2300033569336,59.52399826049805,62.550934310913085,0.366911353349043,18.256493362823708,11.018360606725098,0.19738380349367077,64.9800033569336,False,False,False,False,False,
NASDAQ:NSIT,,https://www.tradingview.com/chart/?symbol=NASDAQ%3ANSIT,False,,39.36251682168401,49.77768484888295,165.19000244140625,63.939998626708984,87.91051765441894,0.996849541415682,72.11373706616651,70.97110578650278,0.9144271768691176,111.07499694824219,False,False,False,False,False,
NASDAQ:ALMS,,https://www.tradingview.com/chart/?symbol=NASDAQ%3AALMS,False,,-51.104544049263524,-51.104544049263524,7.940000057220459,7.940000057220459,13.273600259780883,0.0,-47.02830379158625,-59.67922395529356,0.9258501023998524,24.40999984741211,False,True,False,False,False,
NASDAQ:ADPT,,https://www.tradingview.com/chart/?symbol=NASDAQ%3AADPT,False,,-31.312594155875562,62.41920478901951,27.700000762939453,12.154999732971191,15.823619976043702,1.0,59.780591632807294,60.043984534882796,0.8959654575322515,17.350000381469727,False,False,False,False,False,
NASDAQ:MCHB,,https://www.tradingview.com/chart/?symbol=NASDAQ%3AMCHB,False,,-57.78928593973537,-35.531858772219074,15.335000038146973,13.899999618530273,14.6717197265625,0.4388379873800033,31.334791740677257,16.060422296549415,0.21316821546524012,15.34000015258789,False,False,False,False,False,
NASDAQ:TLX,,https://www.tradingview.com/chart/?symbol=NASDAQ%3ATLX,False,,-0.09567088206820455,28.701685938852147,11.831999778747559,7.480000019073486,8.762660005569458,0.8007359347732382,47.98827095456423,52.76266406612153,0.5173726685931402,10.505000114440918,False,False,False,False,False,
NASDAQ:CLBT,,https://www.tradingview.com/chart/?symbol=NASDAQ%3ACLBT,False,,-47.21733202916721,-23.957626606670335,11.420000076293945,10.354999542236328,11.867759506225585,0.16614673313722259,-34.10280531057092,-37.43570367907066,0.4783582111859168,13.399999618530273,False,True,False,False,False,
NYSE:CVI,,https://www.tradingview.com/chart/?symbol=NYSE%3ACVI,False,,67.81008825500791,72.07006292696089,53.06999969482422,25.229999542236328,31.92060008239746,0.9820105081109068,72.733275878937,80.09244938868812,0.8552036495891749,33.150001525878906,False,False,False,False,False,
NASDAQ:TNGX,,https://www.tradingview.com/chart/?symbol=NASDAQ%3ATNGX,False,,29.910901751786,29.910901751786,23.360000610351562,16.459999084472656,20.503859588623047,0.40268460260588207,-22.849957858615102,-26.36174728412768,0.7002453051512367,24.469999313354492,False,False,False,False,False,
NASDAQ:FHB,,https://www.tradingview.com/chart/?symbol=NASDAQ%3AFHB,False,,-17.80707536495648,-14.757715219892718,25.6299991607666,23.559999465942383,25.16715979003906,0.30396465159945574,-33.829411107580846,-39.26927721898309,0.2510599584623416,27.125,False,False,False,False,False,
NYSE:HP,,https://www.tradingview.com/chart/?symbol=NYSE%3AHP,False,,-53.859250368953816,-53.859250368953816,41.68000030517578,30.524999618530273,34.56413956451416,0.6517675042841514,51.34228219320115,49.36616911563818,0.46094800104423866,37.130001068115234,False,False,False,False,False,
NYSE:DAN,,https://www.tradingview.com/chart/?symbol=NYSE%3ADAN,False,,-32.95590064286804,-32.95590064286804,29.969999313354492,24.899999618530273,28.21343938446045,0.36111111488475145,8.166188491933395,8.66963030817173,0.4463519008816614,31.454999923706055,False,False,False,False,False,
NASDAQ:ARQT,,https://www.tradingview.com/chart/?symbol=NASDAQ%3AARQT,False,,-18.412431078715542,6.328223482901602,26.15999984741211,19.399999618530273,21.611319816589354,0.7214514005779856,-14.288645785793411,-14.330120145357373,0.3887967091667728,24.100000381469727,False,False,False,False,False,
NYSE:AVA,,https://www.tradingview.com/chart/?symbol=NYSE%3AAVA,True,2026-09-16 09:30,-73.14885751382705,-68.60693444956043,36.75,36.31999969482422,37.792640090942385,0.06891028678079374,-47.857281936140225,-52.28915695761587,0.15275402476256894,40.849998474121094,False,True,True,False,False,"NEAR: 4h+band ok, weekly shallow"
NASDAQ:BATRA,,https://www.tradingview.com/chart/?symbol=NASDAQ%3ABATRA,False,,-50.43731858794075,12.308501852963031,55.97999954223633,46.11000061035156,48.99864010620117,0.8063726024903993,25.05698498948591,20.261287144481813,0.2249999544199788,54.400001525878906,False,False,False,False,False,
NASDAQ:ORKA,,https://www.tradingview.com/chart/?symbol=NASDAQ%3AORKA,False,,-16.932182528821482,5.840734521356649,93.61000061035156,32.0099983215332,51.14251914978027,0.7598371730868814,45.67534327722771,38.153833325467474,1.159302204429151,69.93000030517578,False,False,False,False,False,
NYSE:SKE,,https://www.tradingview.com/chart/?symbol=NYSE%3ASKE,True,2026-09-16 09:30,-56.580667060229274,-56.580667060229274,29.829999923706055,24.920000076293945,27.32247969818115,0.48231833204022073,24.568630191133007,18.096565097890895,0.3390507419538632,30.024999618530273,False,False,False,False,False,
NASDAQ:IRTC,,https://www.tradingview.com/chart/?symbol=NASDAQ%3AIRTC,True,2026-09-16 09:30,-67.40032583403924,-58.27907724587828,112.0,101.81500244140625,108.3333212890625,0.36875450250372355,2.940173182712615,-11.195840894574657,0.23434579139788037,117.86000061035156,False,False,True,False,False,
NYSE:KBH,,https://www.tradingview.com/chart/?symbol=NYSE%3AKBH,False,,-67.68845910613256,-36.04941622075207,48.68000030517578,45.029998779296875,49.19775874328613,0.20668185489332133,-26.387874430070383,-41.905761516677316,0.3313942492777559,53.290000915527344,False,True,False,False,False,
AMEX:NHC,,https://www.tradingview.com/chart/?symbol=AMEX%3ANHC,False,,34.54890257324513,42.800128728066056,225.89999389648438,155.8300018310547,175.02624096679688,0.8614457243685536,50.07131814717576,48.49066033013085,0.4142918662306265,196.3350067138672,False,False,False,False,False,
NASDAQ:PLMR,,https://www.tradingview.com/chart/?symbol=NASDAQ%3APLMR,False,,6.506536081115658,60.053312644840865,140.8699951171875,101.43000030517578,112.12906008911133,0.8699679190138113,31.498313783964594,38.50237332204948,0.3569122995008939,127.0199966430664,False,False,False,False,False,
NASDAQ:OSIS,,https://www.tradingview.com/chart/?symbol=NASDAQ%3AOSIS,False,,-42.20978932293431,-24.124040188499624,201.75999450683594,197.4600067138672,223.9439234008789,0.03831748646295596,-40.63930794560985,-44.54385866737253,0.5070600037230852,221.31500244140625,False,True,False,False,False,
NYSE:AVNT,,https://www.tradingview.com/chart/?symbol=NYSE%3AAVNT,False,,-75.45484516615765,-62.21081550007523,40.91999816894531,31.709999084472656,35.16503894042969,0.6290983243472542,60.10548377980515,48.75750615553123,0.3968555064209763,36.88999938964844,False,False,False,False,False,
NASDAQ:FA,,https://www.tradingview.com/chart/?symbol=NASDAQ%3AFA,False,,17.151899099349897,49.12146272178675,21.559999465942383,10.300000190734863,13.677160289764405,0.7868622603093623,47.89631324090377,47.38573828598024,0.8877171014029069,16.1200008392334,False,False,False,False,False,
NYSE:SAH,,https://www.tradingview.com/chart/?symbol=NYSE%3ASAH,False,,-54.84706466598957,-54.84706466598957,72.69000244140625,59.83000183105469,72.38992211914062,0.24163848769978777,-5.185777688554155,-15.167064746753473,0.6733299671590477,79.04000091552734,False,False,False,False,False,
NASDAQ:LBTYK,,https://www.tradingview.com/chart/?symbol=NASDAQ%3ALBTYK,False,,-55.49252093488435,-55.49252093488435,10.039999961853027,9.545000076293945,10.21406008529663,0.1746031318865965,-41.995984481428245,-44.33090684221773,0.2513431627890303,11.279399871826172,False,True,False,False,False,
NYSE:HG,,https://www.tradingview.com/chart/?symbol=NYSE%3AHG,False,,-19.290629984405005,2.2438213483779412,35.16999816894531,28.190000534057617,30.33524011993408,0.7678766757236019,46.72816702599533,41.05580924655171,0.28025274735226385,32.435001373291016,False,False,False,False,False,
NASDAQ:BELFB,,https://www.tradingview.com/chart/?symbol=NASDAQ%3ABELFB,False,,-43.60023018033738,-43.60023018033738,234.7100067138672,191.55999755859375,224.8666787109375,0.30574652917431067,-26.87917935274128,-36.07249671850715,0.5361267668987443,263.239990234375,False,False,False,False,False,
NYSE:AWR,,https://www.tradingview.com/chart/?symbol=NYSE%3AAWR,False,,-71.71072640949583,-60.71384120956722,87.16999816894531,72.38999938964844,76.80674032592773,0.789740616947403,63.65825405546909,54.71092416295195,0.23644982446609422,79.1500015258789,False,False,False,False,False,
NASDAQ:OPEN,,https://www.tradingview.com/chart/?symbol=NASDAQ%3AOPEN,True,2026-09-16 09:30,-76.76358044022999,-74.17081440391246,2.5899999141693115,2.5899999141693115,3.2979999704360963,0.0,-72.74103972481196,-74.91804142612719,0.6629834641307291,4.525000095367432,False,True,True,True,True,FULL PASS
NASDAQ:RLAY,,https://www.tradingview.com/chart/?symbol=NASDAQ%3ARLAY,False,,10.684501364165207,12.728507751685862,18.84000015258789,9.350000381469727,12.043940147399901,0.8313622948472175,41.16221456458389,35.36589696389138,0.7127692440348756,16.014999389648438,False,False,False,False,False,
AMEX:PRK,,https://www.tradingview.com/chart/?symbol=AMEX%3APRK,True,2026-09-16 09:30,-67.45568520325288,-57.31934103830496,183.27000427246094,152.94000244140625,166.8333212890625,0.5152030634736647,43.622627884134694,26.257299200969623,0.33371120625305006,176.41000366210938,False,False,True,False,False,
TSX:CG,,https://www.tradingview.com/chart/?symbol=TSX%3ACG,False,,-52.37950466738869,-46.418826182221835,30.65999984741211,20.530000686645508,23.61924027252197,0.7738732252657721,57.66939843871695,54.5935969934414,0.5364753463069001,24.399999618530273,False,False,False,False,False,
NYSE:AAP,,https://www.tradingview.com/chart/?symbol=NYSE%3AAAP,False,,20.149322382011416,20.149322382011416,41.90999984741211,40.869998931884766,46.099758895874025,0.04693144957980662,-58.04218396923039,-60.06344878096394,0.39813151110603945,55.65999984741211,False,True,False,False,False,
NASDAQ:ICHR,,https://www.tradingview.com/chart/?symbol=NASDAQ%3AICHR,False,,-39.91902866651247,-39.91902866651247,51.4900016784668,41.40999984741211,58.265120315551755,0.14113695815022975,-32.87016650668692,-38.01330176878173,1.0736621405269857,66.5199966430664,False,True,False,False,False,
NYSE:VAC,,https://www.tradingview.com/chart/?symbol=NYSE%3AVAC,False,,-33.65895369513234,-33.65895369513234,101.43000030517578,64.72000122070312,78.91068057250976,0.6105105731130888,44.911375317449235,32.05186279484007,0.6478129438818658,92.81999969482422,False,False,False,False,False,
NASDAQ:VECO,,https://www.tradingview.com/chart/?symbol=NASDAQ%3AVECO,False,,-47.04108514429398,-47.04108514429398,41.040000915527344,30.489999771118164,43.5667601852417,0.19039885959763103,-33.640639418560994,-39.0849456616106,1.0926839431106836,50.709999084472656,False,True,False,False,False,
NASDAQ:CCC,,https://www.tradingview.com/chart/?symbol=NASDAQ%3ACCC,False,,-67.62991876144505,-67.62991876144505,6.315000057220459,4.093100070953369,4.92072843170166,0.6335795408037145,51.922703839015206,43.3949427759267,0.6093657278788577,5.755000114440918,False,False,False,False,False,
NASDAQ:OPCH,,https://www.tradingview.com/chart/?symbol=NASDAQ%3AOPCH,False,,-23.667794247249727,-5.911418066808697,24.479999542236328,19.29050064086914,21.820325950622557,0.48411316623361234,24.817812053919145,28.393654448759705,0.45790682785188547,23.40999984741211,False,False,False,False,False,
NYSE:BOH,,https://www.tradingview.com/chart/?symbol=NYSE%3ABOH,False,,-44.6554783308128,-44.6554783308128,74.83999633789062,70.61000061035156,74.26682125854492,0.2729909633912222,-20.47792610409555,-29.252023445291186,0.19809514836060682,78.22000122070312,False,False,False,False,False,
NYSE:RH,,https://www.tradingview.com/chart/?symbol=NYSE%3ARH,True,2026-09-16 13:30,-75.48042253589723,-75.48042253589723,126.51000213623047,109.18000030517578,129.72144052124023,0.19910387923678358,-6.778552830121201,-20.128909528356218,0.6043499929386156,144.0225067138672,False,True,True,False,False,
NYSE:RYN,,https://www.tradingview.com/chart/?symbol=NYSE%3ARYN,False,,-44.55049494073756,-32.58539117951574,20.040000915527344,19.5,20.177320198059082,0.18815357408452277,-24.318061161632766,-35.01261304391455,0.13643930877358615,21.03499984741211,False,True,False,False,False,
NASDAQ:SFNC,,https://www.tradingview.com/chart/?symbol=NASDAQ%3ASFNC,False,,8.689812837118899,8.689812837118899,22.81999969482422,18.395000457763672,19.764980529785156,0.7622737303071603,39.669726128121084,34.30622777320633,0.2645249663204554,21.94499969482422,False,False,False,False,False,
NASDAQ:GBDC,,https://www.tradingview.com/chart/?symbol=NASDAQ%3AGBDC,False,,-81.73484262020833,-75.97986167122487,12.454999923706055,11.960000038146973,12.397779930114746,0.2668463653432097,23.52003764430791,6.762229111430791,0.1430774793987225,12.96500015258789,False,False,False,False,False,
NASDAQ:IDYA,,https://www.tradingview.com/chart/?symbol=NASDAQ%3AIDYA,True,2026-09-16 09:30,-66.78588070009508,-53.5790627368386,37.709999084472656,27.440000534057617,30.991800804138183,0.6823918783707316,51.70298379773706,45.63844494475376,0.4456618578738931,33.77000045776367,False,False,True,False,False,
NASDAQ:FLY,,https://www.tradingview.com/chart/?symbol=NASDAQ%3AFLY,False,,-51.696019175383604,-51.696019175383604,20.280000686645508,17.84760093688965,27.613351860046386,0.05878158735148497,-36.25876027354361,-38.31369391132891,1.5451941546247185,26.780000686645508,False,True,False,False,False,
NYSE:CALY,,https://www.tradingview.com/chart/?symbol=NYSE%3ACALY,False,,-62.95164948669544,-62.95164948669544,14.84000015258789,13.149999618530273,14.686359672546386,0.25960068734865366,-16.159326987899046,-25.407819784272252,0.4162404147044137,15.640000343322754,False,False,False,False,False,
NYSE:RNG,,https://www.tradingview.com/chart/?symbol=NYSE%3ARNG,False,,-14.201319829177194,26.92142456388848,73.55000305175781,33.4900016784668,43.70172178649902,0.9258146741272635,77.84623116175952,74.89030800160181,1.0471926616007141,41.31999969482422,False,False,False,False,False,
NYSE:LPL,,https://www.tradingview.com/chart/?symbol=NYSE%3ALPL,False,,-63.11629278450575,-63.11629278450575,2.9600000381469727,2.7699999809265137,3.476819953918457,0.06343908663789191,-42.081576451320785,-44.97243080213157,0.7534591087835326,3.9749999046325684,False,True,False,False,False,
NYSE:LEU,,https://www.tradingview.com/chart/?symbol=NYSE%3ALEU,False,,-59.284378588502705,-59.284378588502705,139.08999633789062,139.08999633789062,160.83975720214843,0.0,-18.60836313153219,-36.010342994790385,0.502919528851893,183.25,False,True,False,False,False,
NYSE:BKU,,https://www.tradingview.com/chart/?symbol=NYSE%3ABKU,False,,-60.420669139817996,-47.5600719885411,44.47999954223633,42.56999969482422,44.43203955078125,0.24207857986884015,-29.77332042618427,-42.312324423488334,0.16942236292359972,46.56999969482422,False,False,False,False,False,
NASDAQ:REAL,,https://www.tradingview.com/chart/?symbol=NASDAQ%3AREAL,False,,-46.87944037338917,-46.87944037338917,9.475000381469727,8.109999656677246,9.262859710693359,0.2794269520648366,-21.80333480841031,-33.99059325911597,0.45739701210630573,10.680000305175781,False,False,False,False,False,
NYSE:GPK,,https://www.tradingview.com/chart/?symbol=NYSE%3AGPK,False,,-71.0912323394209,-37.80818178312334,9.670000076293945,8.899999618530273,9.672899753570556,0.23511460251298236,11.86760817083875,-7.509542392202313,0.31250006824959625,10.479999542236328,False,True,False,False,False,
NYSE:CGAU,,https://www.tradingview.com/chart/?symbol=NYSE%3ACGAU,False,,-52.49579111469341,-49.24357350170718,21.920000076293945,14.710000038146973,16.964979885101318,0.7545788097844297,53.881367868600584,51.117494085967834,0.541206399313765,17.655000686645508,False,False,False,False,False,
NYSE:BANC,,https://www.tradingview.com/chart/?symbol=NYSE%3ABANC,False,,-31.011523184514335,-18.309629538403268,18.280000686645508,16.565000534057617,17.80636058807373,0.3260456421980923,-19.295576053312253,-26.075480845629865,0.2792673472024809,18.834999084472656,False,False,False,False,False,
NYSE:ITGR,,https://www.tradingview.com/chart/?symbol=NYSE%3AITGR,False,,39.04631141751189,41.48935647604396,126.13999938964844,82.97000122070312,93.29500122070313,0.9867428152901786,84.10368234904342,77.9049924004605,0.47960972828917897,91.22000122070312,False,False,False,False,False,
NYSE:QTWO,,https://www.tradingview.com/chart/?symbol=NYSE%3AQTWO,False,,-50.00734924043406,-36.487710505943966,59.54999923706055,41.5099983215332,47.34627821350097,0.7294784168805525,47.595209198697376,40.580185758944154,0.48892840345950345,50.58000183105469,False,False,False,False,False,
NASDAQ:COLM,,https://www.tradingview.com/chart/?symbol=NASDAQ%3ACOLM,False,,-35.782785137474576,-8.982360572900882,57.06999969482422,52.380001068115234,56.022637985229494,0.3038567117966213,-44.63456005749558,-46.952843701879544,0.2575488421919646,59.93000030517578,False,False,False,False,False,
NASDAQ:CARG,,https://www.tradingview.com/chart/?symbol=NASDAQ%3ACARG,False,,-23.177960381875124,17.97141350552215,34.720001220703125,27.040000915527344,29.85312048339844,0.6442954265869079,17.597135389927278,10.666655275479632,0.34371390034752464,34.68000030517578,False,False,False,False,False,
NYSE:SUNC,,https://www.tradingview.com/chart/?symbol=NYSE%3ASUNC,False,,32.06459093705424,32.06459093705424,81.44999694824219,59.119998931884766,64.60463932800293,0.9608432187441472,70.8496519317484,72.35735836449575,0.34325383723432906,67.70500183105469,False,False,False,False,False,
NYSE:USAC,,https://www.tradingview.com/chart/?symbol=NYSE%3AUSAC,False,,-36.21702240204087,-36.21702240204087,26.139999389648438,24.809999465942383,26.13159955596924,0.23749997019767966,34.12880852639751,32.53005086532909,0.20710059881151868,27.040000915527344,False,False,False,False,False,
NASDAQ:ACHC,,https://www.tradingview.com/chart/?symbol=NASDAQ%3AACHC,False,,-23.055354362585785,-23.055354362585785,28.15999984741211,22.649999618530273,25.701480140686034,0.42614070270959997,9.268376686725022,0.7527822897094971,0.4758050625771801,27.174999237060547,False,False,False,False,False,
NASDAQ:KYIV,,https://www.tradingview.com/chart/?symbol=NASDAQ%3AKYIV,False,,-55.302449775722984,-55.302449775722984,13.15999984741211,9.329999923706055,10.981999923706054,0.5471428462437221,-4.735363751549427,-8.292905555690739,0.5200594338901416,13.460000038146973,False,False,False,False,False,
NYSE:BWLP,,https://www.tradingview.com/chart/?symbol=NYSE%3ABWLP,False,,47.52631984220579,68.52341455305526,25.829999923706055,13.585000038146973,16.54326022720337,0.976864707060712,70.3980363060024,73.47793139276956,0.6144608350727762,20.399999618530273,False,False,False,False,False,
TSX:BTE,,https://www.tradingview.com/chart/?symbol=TSX%3ABTE,False,,36.08934138054666,48.53101074889985,6.829999923706055,5.360000133514404,5.828460052490234,0.740554178559572,45.63782128706106,51.97068885140786,0.32514326789117615,6.105000019073486,False,False,False,False,False,
NYSE:CPK,,https://www.tradingview.com/chart/?symbol=NYSE%3ACPK,True,2026-09-16 09:30,-62.01771958690688,-51.054525193435644,129.69000244140625,118.9800033569336,123.76136386108398,0.5286277371768004,28.643244636617556,17.625734429559323,0.15846697206125834,127.8499984741211,False,False,True,False,False,
NASDAQ:SBCF,,https://www.tradingview.com/chart/?symbol=NASDAQ%3ASBCF,False,,-17.604381646725617,7.807818702032198,33.83000183105469,28.829999923706055,30.55280019378662,0.6849316607543223,39.749723087162636,32.79491372114576,0.22702539018938836,32.154998779296875,False,False,False,False,False,
NASDAQ:PRVA,,https://www.tradingview.com/chart/?symbol=NASDAQ%3APRVA,False,,-36.22670146658225,-23.581421511218156,20.360000610351562,19.530000686645508,21.59736074066162,0.0947488472625302,-32.424155268145086,-35.984526908125495,0.3843791082480146,22.790000915527344,False,True,False,False,False,
NASDAQ:ARLP,,https://www.tradingview.com/chart/?symbol=NASDAQ%3AARLP,False,,-33.60370908914771,-33.60370908914771,25.822999954223633,23.450000762939453,24.824700492858888,0.4073819154499199,52.351954521566945,51.18640834921467,0.2278951086580571,25.559999465942383,False,False,False,False,False,
NASDAQ:WDFC,,https://www.tradingview.com/chart/?symbol=NASDAQ%3AWDFC,False,,-76.4321314449423,-69.99204920756675,190.0399932861328,189.8300018310547,207.82617938232423,0.0027538060933912857,-34.280200105667426,-45.60506832932028,0.3512112718262814,217.1199951171875,False,True,False,False,False,
NASDAQ:SHOO,,https://www.tradingview.com/chart/?symbol=NASDAQ%3ASHOO,False,,-50.605379595037505,-50.605379595037505,41.52000045776367,31.350000381469727,35.53192021942139,0.5739277917821042,18.366515507409755,4.630037915762047,0.42090261177199306,42.099998474121094,False,False,False,False,False,
NASDAQ:FSLY,,https://www.tradingview.com/chart/?symbol=NASDAQ%3AFSLY,False,,29.315026999243184,51.00175272565949,23.545000076293945,16.09000015258789,20.359240188598633,0.41210612829318133,27.188031565547316,27.338156901225638,0.7988518342637466,22.645000457763672,False,False,False,False,False,
TSX:POU,,https://www.tradingview.com/chart/?symbol=TSX%3APOU,False,,28.203837361770947,75.50286185987929,32.779998779296875,25.78740119934082,27.54385440826416,0.9395371425130027,54.33435401892805,57.1045755083826,0.253068271973947,29.409448623657227,False,False,False,False,False,
NASDAQ:BATRK,,https://www.tradingview.com/chart/?symbol=NASDAQ%3ABATRK,False,,-53.70931979552469,11.758860989141,50.709999084472656,41.5,44.355599639892574,0.7611570451162095,10.11317076760504,1.410595569247934,0.2410358225144493,50.20000076293945,False,False,False,False,False,
NASDAQ:NMIH,,https://www.tradingview.com/chart/?symbol=NASDAQ%3ANMIH,False,,-73.76641625483614,-73.76641625483614,42.98500061035156,35.31999969482422,37.795640090942385,0.7306958712181683,48.61556115182399,38.250258790275986,0.26509986756049675,39.56999969482422,False,False,False,False,False,
NYSE:ASH,,https://www.tradingview.com/chart/?symbol=NYSE%3AASH,False,,-65.79253297022748,-51.18954610765144,70.52999877929688,48.810001373291016,55.33304032897949,0.7858176875284912,53.410282735292675,43.76230318863124,0.4355498892800032,63.459999084472656,False,False,False,False,False,
NYSE:CXW,,https://www.tradingview.com/chart/?symbol=NYSE%3ACXW,False,,31.886098778764023,52.47703624500008,34.95000076293945,17.405000686645508,21.6494603805542,0.9755352427890074,64.66771920494644,63.55047597049497,0.6697076525626797,26.854999542236328,False,False,False,False,False,
TSX:ARIS,,https://www.tradingview.com/chart/?symbol=TSX%3AARIS,True,2026-09-16 09:30,-66.8695853332299,-66.14600335588494,25.5,18.75,21.402639945983886,0.6005338200579433,25.421929771548474,24.545213179633393,0.4623611689858358,24.309999465942383,False,False,True,False,False,
NYSE:NIQ,,https://www.tradingview.com/chart/?symbol=NYSE%3ANIQ,False,,-56.133574680423415,-5.553074367703252,17.829999923706055,7.960000038146973,10.646859867095948,0.8669302164166521,66.95648992381889,64.3403177157575,1.031249937911828,11.039999961853027,False,False,False,False,False,
NASDAQ:ETOR,,https://www.tradingview.com/chart/?symbol=NASDAQ%3AETOR,False,,-64.64672966417011,-64.64672966417011,28.209999084472656,27.774999618530273,31.349219276428222,0.028722318096918005,-49.49592334033438,-53.329752671651775,0.41278275053927177,36.689998626708984,False,True,False,False,False,
NYSE:KN,,https://www.tradingview.com/chart/?symbol=NYSE%3AKN,False,,6.031000651023384,6.031000651023384,35.11000061035156,24.170000076293945,28.5596001663208,0.5881720596606335,-5.62969079412871,-9.134499042241226,0.5281090214879441,35.220001220703125,False,False,False,False,False,
NYSE:TTAM,,https://www.tradingview.com/chart/?symbol=NYSE%3ATTAM,False,,-63.610898197332894,-63.610898197332894,13.8100004196167,13.8100004196167,15.105640140533447,0.0,-45.43186736107372,-53.226617621001864,0.3431249260902405,16.0,False,True,False,False,False,
NASDAQ:MGEE,,https://www.tradingview.com/chart/?symbol=NASDAQ%3AMGEE,True,2026-09-16 09:30,-67.5682455513681,-67.5682455513681,75.25,72.41999816894531,75.22131881713867,0.23841627432391174,-14.73331234669738,-27.134014916035287,0.15148038098680122,78.36000061035156,False,False,True,False,False,
NYSE:STUB,,https://www.tradingview.com/chart/?symbol=NYSE%3ASTUB,False,,-47.381264799187846,-47.381264799187846,5.900000095367432,5.885000228881836,7.744680255889892,0.0019035363283950836,-42.3251442948253,-45.712426370999125,1.0194049282014634,7.730000019073486,False,True,False,False,False,
NYSE:PFS,,https://www.tradingview.com/chart/?symbol=NYSE%3APFS,False,,-25.237270558363118,-4.977137359975329,23.15999984741211,20.010000228881836,21.297380210876465,0.577451817156068,25.31382210489723,12.918602276030187,0.23727707603368714,22.989999771118164,False,False,False,False,False,
NASDAQ:NVTS,,https://www.tradingview.com/chart/?symbol=NASDAQ%3ANVTS,False,,-52.36970608085564,-52.36970608085564,10.489999771118164,7.824999809265137,13.553899494171143,0.10978373258208543,-29.98689442715705,-33.65580253541539,1.8530532792345213,13.100000381469727,False,True,False,False,False,
NYSE:BSM,,https://www.tradingview.com/chart/?symbol=NYSE%3ABSM,False,,39.62206630908526,41.149542211083144,14.770000457763672,13.260000228881836,13.769760192871093,0.6990742294222676,64.43606195142917,63.86071708884826,0.1515789366604989,14.25,False,False,False,False,False,
NASDAQ:USLM,,https://www.tradingview.com/chart/?symbol=NASDAQ%3AUSLM,False,,-14.931945965100851,1.4865402480441763,114.13999938964844,97.08999633789062,107.10347821044923,0.4018383187212684,25.201742091255728,21.70179202217813,0.3681243028645841,115.26000213623047,False,False,False,False,False,
NYSE:UAA,,https://www.tradingview.com/chart/?symbol=NYSE%3AUAA,False,,-19.352815551679047,-13.969713975662506,4.989999771118164,4.835000038146973,5.446240074157715,0.059845453219884145,-32.92281423509627,-37.400078316452905,0.42880797499099615,6.039999961853027,False,True,False,False,False,
NYSE:HAYW,,https://www.tradingview.com/chart/?symbol=NYSE%3AHAYW,True,2026-09-16 09:30,-68.38333320638077,-60.085313142342095,12.9350004196167,12.720000267028809,13.803240077972411,0.04684100002430935,-35.7951412412034,-46.97176409468874,0.3158980924478641,14.529999732971191,False,True,True,False,False,
TSX:PBH,,https://www.tradingview.com/chart/?symbol=TSX%3APBH,False,,-72.73730114627298,-57.78368080773027,75.76000213623047,75.73999786376953,81.34971887207031,0.0008415763090170633,-47.240230527648016,-52.153494405874746,0.27716888619827795,85.76000213623047,False,True,False,False,False,
AMEX:UUUU,,https://www.tradingview.com/chart/?symbol=AMEX%3AUUUU,True,2026-09-16 09:30,-76.6477772975227,-75.38032176588803,11.75,10.739999771118164,13.751359825134276,0.07915362153330797,-23.41614320335334,-33.025789310794046,0.8109310776798809,15.734999656677246,False,True,True,False,False,
NASDAQ:HUBG,,https://www.tradingview.com/chart/?symbol=NASDAQ%3AHUBG,False,,-75.22920984388249,-75.22920984388249,33.150001525878906,33.150001525878906,37.46172073364258,0.0,-29.224125670511928,-39.69500797037146,0.4301353101683532,42.474998474121094,False,True,False,False,False,
NYSE:GRBK,,https://www.tradingview.com/chart/?symbol=NYSE%3AGRBK,False,,-68.59889738001183,-58.30713209347652,66.27999877929688,61.25,65.90863949584961,0.2548125290595321,-14.813158012283912,-31.19058680846394,0.2812967154302826,70.17500305175781,False,False,False,False,False,
NYSE:WT,,https://www.tradingview.com/chart/?symbol=NYSE%3AWT,True,2026-09-16 13:30,-73.59888772711237,-73.59888772711237,22.270000457763672,13.210000038146973,16.00188024520874,0.7658495137510878,76.95991870489051,68.11024876465403,0.6319445144926407,18.719999313354492,False,False,True,False,False,
NYSE:CSAN,,https://www.tradingview.com/chart/?symbol=NYSE%3ACSAN,True,2026-09-16 13:30,-56.20804133874267,-54.87012344821426,2.7799999713897705,2.4000000953674316,2.9770200233459474,0.15541919159611947,-35.60338353719159,-35.882327897184055,0.7899837390056874,3.0950000286102295,False,True,False,False,False,
NYSE:ARIS,,https://www.tradingview.com/chart/?symbol=NYSE%3AARIS,True,2026-09-16 09:30,-66.35091850296764,-66.23775503890671,18.229999542236328,13.364999771118164,15.35330004119873,0.5774479656120369,24.948762304718787,23.859856272704057,0.47882929657261525,17.594999313354492,False,False,True,False,False,
TSX:SJ,,https://www.tradingview.com/chart/?symbol=TSX%3ASJ,False,,-54.595270487715595,-3.9309874275725476,68.43000030517578,67.05000305175781,74.23856283569336,0.045305229642027094,-68.7272302723927,-68.65238557147278,0.3838689309415269,79.3499984741211,False,True,False,True,False,
TSX:AYA,,https://www.tradingview.com/chart/?symbol=TSX%3AAYA,False,,-41.568955039016046,-40.906429978786775,37.41999816894531,17.299999237060547,22.954559020996093,0.8397328756545566,79.92944170994967,73.78548748464367,0.8910375466091043,26.889999389648438,False,False,False,False,False,
NASDAQ:GRAL,,https://www.tradingview.com/chart/?symbol=NASDAQ%3AGRAL,False,,-63.225861589952615,-54.77476842123653,75.06999969482422,42.970001220703125,52.562220428466794,0.7897650664364615,60.904821506067826,55.84535919337355,0.6411894152771316,63.38999938964844,False,False,False,False,False,
NYSE:CWT,,https://www.tradingview.com/chart/?symbol=NYSE%3ACWT,False,,-75.72383540139732,-68.86173410738878,48.029998779296875,42.150001525878906,44.57608123779297,0.5719842365409449,33.77817568193717,19.467250233272985,0.2209327111323904,46.529998779296875,False,False,False,False,False,
NASDAQ:HWKN,,https://www.tradingview.com/chart/?symbol=NASDAQ%3AHWKN,False,,-37.09610437370922,-33.787911597214446,122.88999938964844,117.05500030517578,130.06213980102538,0.10586953298801376,-54.38786815574409,-53.549857168524696,0.3748044659636659,147.0500030517578,False,True,False,False,False,
NASDAQ:AMBA,,https://www.tradingview.com/chart/?symbol=NASDAQ%3AAMBA,False,,-31.171384640273516,-31.171384640273516,62.779998779296875,48.63999938964844,59.27061895751953,0.31390831311869744,-10.12985070922756,-19.23866186195263,0.6569199120522292,68.56999969482422,False,False,False,False,False,
NASDAQ:ASO,,https://www.tradingview.com/chart/?symbol=NASDAQ%3AASO,False,,38.718585290155204,38.718585290155204,50.439998626708984,42.630001068115234,47.14232081604004,0.4084726984774928,-42.22602603088704,-20.956296905702903,0.3749754520984687,50.9900016784668,False,False,False,False,False,
NASDAQ:TRMD,,https://www.tradingview.com/chart/?symbol=NASDAQ%3ATRMD,False,,24.24370052508092,33.56913718693942,36.599998474121094,24.239999771118164,27.240740257263184,0.9720799607219752,74.88853491163711,83.37662020512327,0.4265347966363865,29.809999465942383,False,False,False,False,False,
NYSE:DKL,,https://www.tradingview.com/chart/?symbol=NYSE%3ADKL,False,,32.37385526600397,32.37385526600397,56.2599983215332,48.349998474121094,51.16783905029297,0.6624789137380191,51.28625422084954,53.6037061177129,0.22594383887966504,52.845001220703125,False,False,False,False,False,
NASDAQ:PENG,,https://www.tradingview.com/chart/?symbol=NASDAQ%3APENG,False,,-35.44003867674861,-33.21688845751961,48.27000045776367,16.239999771118164,32.995999320983884,0.4511267823535431,-10.39422005172064,-17.91799929025089,1.4006707440556305,50.689998626708984,False,False,False,False,False,
NYSE:BTE,,https://www.tradingview.com/chart/?symbol=NYSE%3ABTE,False,,33.105398646361586,41.76449733155466,4.889999866485596,3.8550000190734863,4.206639965057373,0.6946308767788589,45.785659696253425,51.05080184752942,0.3397946849134168,4.385000228881836,False,False,False,False,False,
NYSE:PK,,https://www.tradingview.com/chart/?symbol=NYSE%3APK,False,,-23.047653273290063,-23.047653273290063,14.880000114440918,10.199999809265137,11.608919872283936,0.7839196140446668,53.73670670131704,45.965947115511455,0.42325419785744095,14.104999542236328,False,False,False,False,False,
NYSE:FSK,,https://www.tradingview.com/chart/?symbol=NYSE%3AFSK,False,,-52.00240051618503,-52.00240051618503,11.539999961853027,9.899999618530273,10.544279735565185,0.6007326173674192,65.71132846473223,55.738209184168845,0.2518450606533338,10.84000015258789,False,False,False,False,False,
NASDAQ:ADEA,,https://www.tradingview.com/chart/?symbol=NASDAQ%3AADEA,False,,-34.111533491731606,-34.111533491731606,24.979999542236328,22.329999923706055,24.99443968963623,0.2347209788601893,-26.017794727757565,-32.425921244669304,0.4105454184792259,27.5,False,True,False,False,False,
NYSE:FUL,,https://www.tradingview.com/chart/?symbol=NYSE%3AFUL,False,,-61.07921664434654,-51.71581153379588,50.81999969482422,49.279998779296875,53.19995892333984,0.09271528350020623,-36.953517649989244,-47.61291359414405,0.28081149927078985,59.150001525878906,False,True,False,False,False,
NYSE:WRBY,,https://www.tradingview.com/chart/?symbol=NYSE%3AWRBY,False,,3.801948245531545,3.801948245531545,23.549999237060547,20.25,22.718559783935547,0.3154875263764822,-19.44736942728971,-27.623530483456875,0.4168991239879991,25.09000015258789,False,False,False,False,False,
NASDAQ:CVBF,,https://www.tradingview.com/chart/?symbol=NASDAQ%3ACVBF,False,,6.211408313853593,48.86081326997919,22.739999771118164,18.600000381469727,19.70920011138916,0.880851148447357,40.843809830462,39.75762189583335,0.22541960525659785,20.850000381469727,False,False,False,False,False,
NYSE:FBK,,https://www.tradingview.com/chart/?symbol=NYSE%3AFBK,False,,-60.48360991000788,-53.2793024113193,54.130001068115234,50.66999816894531,53.37219834899902,0.3021836391809696,19.578262594104608,2.7262284791525424,0.210516655477636,54.38999938964844,False,False,False,False,False,
NYSE:UA,,https://www.tradingview.com/chart/?symbol=NYSE%3AUA,False,,-21.399016388465842,-17.870481620573425,4.875,4.735000133514404,5.333260097503662,0.05522677511342518,-32.210780777459284,-36.73433324524159,0.4318568819138343,5.869999885559082,False,True,False,False,False,
NYSE:ZIM,,https://www.tradingview.com/chart/?symbol=NYSE%3AZIM,False,,34.6168000722016,34.6168000722016,29.344999313354492,23.440000534057617,25.004680335998536,0.8906484957403981,56.97026165074602,62.26713843303818,0.25441286633299043,26.059999465942383,False,False,False,False,False,
NYSE:UNFI,,https://www.tradingview.com/chart/?symbol=NYSE%3AUNFI,False,,-11.683520256221641,10.885936365102593,46.33000183105469,37.203399658203125,41.54499697875976,0.4961026907296916,-41.39365541340759,-43.84288177037829,0.3829433485704176,48.040000915527344,False,False,False,False,False,
NYSE:AD,,https://www.tradingview.com/chart/?symbol=NYSE%3AAD,False,,-1.884520934475244,-1.884520934475244,37.8650016784668,33.79499816894531,39.44625486755371,0.1699658818336097,0.4091992209370587,10.018500667192106,0.594119905195238,40.30500030517578,False,True,False,False,False,
NYSE:BHE,,https://www.tradingview.com/chart/?symbol=NYSE%3ABHE,False,,9.649584879922998,9.649584879922998,73.91000366210938,53.220001220703125,64.1586008605957,0.4463862593859251,-30.723901058787817,-32.590464949174134,0.5747054878758848,80.6500015258789,False,False,False,False,False,
NYSE:MMS,,https://www.tradingview.com/chart/?symbol=NYSE%3AMMS,False,,-26.35363278284466,22.841024410696335,57.619998931884766,53.564998626708984,59.15701945495606,0.17113313798608806,-23.464332088184975,-21.270355528679556,0.39010541413800626,60.7400016784668,False,True,False,False,False,
TSX:SEA,,https://www.tradingview.com/chart/?symbol=TSX%3ASEA,True,2026-09-16 09:30,-64.92293043756116,-63.91157888632815,40.880001068115234,31.421890258789062,35.45940386962891,0.5528437464602564,27.536892601977513,21.279026606708342,0.4285044097433419,39.92516326904297,False,False,True,False,False,
NASDAQ:MZTI,,https://www.tradingview.com/chart/?symbol=NASDAQ%3AMZTI,False,,-53.32086125064573,-43.41047981445403,103.01000213623047,98.05000305175781,113.59414074707031,0.07530554649477543,-33.724915011258105,-43.7903074661653,0.5774591587251219,114.05999755859375,False,True,False,False,False,
NASDAQ:CRVL,,https://www.tradingview.com/chart/?symbol=NASDAQ%3ACRVL,False,,-12.170929805105038,40.243587206007,71.31999969482422,51.470001220703125,56.38352114868164,0.9534101232026307,69.96142836266117,71.07547737738881,0.34746328990401376,59.91999816894531,False,False,False,False,False,
NASDAQ:EEFT,,https://www.tradingview.com/chart/?symbol=NASDAQ%3AEEFT,False,,-33.93973586332629,-33.93973586332629,69.02999877929688,63.619998931884766,68.36831867980958,0.26888668661103754,-10.747217311295126,-16.456541316999775,0.2842610805154444,70.77999877929688,False,False,False,False,False,
NASDAQ:AEHR,,https://www.tradingview.com/chart/?symbol=NASDAQ%3AAEHR,False,,-20.08187639229732,-20.08187639229732,84.2699966430664,29.729999542236328,57.10128123474121,0.4702534379060701,9.968308986063088,3.0003684141186664,1.2859833627933792,90.18779754638672,False,False,False,False,False,
TSX:EFX,,https://www.tradingview.com/chart/?symbol=TSX%3AEFX,False,,28.58503740549122,34.01861681855238,31.25,27.010000228881836,29.860880210876466,0.35099336075304904,-37.90746560800286,-27.54533317885072,0.3762067796352432,32.11000061035156,False,False,False,False,False,
NYSE:DBD,,https://www.tradingview.com/chart/?symbol=NYSE%3ADBD,True,2026-09-16 09:30,-66.94890527685374,-65.38758405720553,64.88999938964844,64.26000213623047,70.64852206420899,0.0232728947366196,-43.44316956756577,-47.81289366954702,0.3471402735252292,77.9800033569336,False,True,True,False,False,"NEAR: 4h+band ok, weekly shallow"
NASDAQ:SBLK,,https://www.tradingview.com/chart/?symbol=NASDAQ%3ASBLK,False,,-18.213777797955483,-8.546126139326862,30.8700008392334,21.834999084472656,24.3330588684082,0.8535666071066897,78.15466505745462,74.45190757992326,0.39733480957156825,26.639999389648438,False,False,False,False,False,
NYSE:HTGC,,https://www.tradingview.com/chart/?symbol=NYSE%3AHTGC,False,,-42.59491466485819,4.587082879731113,17.575000762939453,13.895000457763672,14.808485404968263,0.9507327676051722,79.53805519894955,76.28848009494155,0.2456806665006085,15.755000114440918,False,False,False,False,False,
TSX:BDT,,https://www.tradingview.com/chart/?symbol=TSX%3ABDT,False,,45.46403656385618,59.82209547810553,75.52999877929688,31.440000534057617,42.410461128234864,0.9484779145370814,47.23884739742389,52.14727901413468,0.7636140043975391,60.875,False,False,False,False,False,
NYSE:AEO,,https://www.tradingview.com/chart/?symbol=NYSE%3AAEO,False,,-43.56398205646756,-42.612842409738455,14.805000305175781,14.225000381469727,15.598520309448242,0.09965634950494141,-32.25360107687565,-48.95119370825162,0.33995323653762316,17.1200008392334,False,True,False,False,False,
NYSE:RCUS,,https://www.tradingview.com/chart/?symbol=NYSE%3ARCUS,False,,-93.54549262678704,-73.66746506057028,24.665000915527344,20.25,22.919159873962403,0.39036261043355164,33.84762564491678,10.62950840537938,0.44650609948709413,25.329999923706055,False,False,False,False,False,
NYSE:CXT,,https://www.tradingview.com/chart/?symbol=NYSE%3ACXT,False,,-23.352691874018202,-23.352691874018202,47.349998474121094,36.060001373291016,40.58412094116211,0.5889409587487314,18.830548633368476,11.565767327986697,0.42039471075475293,45.599998474121094,False,False,False,False,False,
NYSE:TR,,https://www.tradingview.com/chart/?symbol=NYSE%3ATR,False,,-44.77177834271908,-44.77177834271908,37.95000076293945,36.029998779296875,38.1086873626709,0.21798381525921787,6.436302256882867,-5.849136996732958,0.2191590637694203,40.189998626708984,False,True,False,False,False,
NASDAQ:RGC,,https://www.tradingview.com/chart/?symbol=NASDAQ%3ARGC,False,,-27.57410304930016,-27.57410304930016,5.715000152587891,4.744999885559082,12.166019588470459,0.03084752125492809,-45.620152577661536,-42.53930139481473,1.6471974064854649,19.09000015258789,False,True,False,False,False,
NASDAQ:SEDG,,https://www.tradingview.com/chart/?symbol=NASDAQ%3ASEDG,False,,14.478283604100993,14.478283604100993,34.70000076293945,29.75,41.25853985595703,0.10150724546077225,-48.885337530383644,-45.554445491709664,1.10930392186639,43.959999084472656,False,True,False,False,False,
NYSE:DHT,,https://www.tradingview.com/chart/?symbol=NYSE%3ADHT,False,,70.59046643086522,71.81223952187979,23.045000076293945,16.21500015258789,17.8552003326416,0.98273369409205,84.99063824853681,89.6394788965365,0.38270929632908907,18.15999984741211,False,False,False,False,False,
NYSE:BKV,,https://www.tradingview.com/chart/?symbol=NYSE%3ABKV,False,,-35.59255422813202,-35.59255422813202,22.799999237060547,22.799999237060547,25.00659977722168,0.0,-40.01817459070414,-48.05095873370051,0.35137174274175376,26.610000610351562,False,True,False,False,False,
NASDAQ:FIZZ,,https://www.tradingview.com/chart/?symbol=NASDAQ%3AFIZZ,False,,-45.70291878079024,1.0447321571584272,32.16999816894531,30.440000534057617,32.147460227966306,0.23911512716231026,17.147217736451754,14.032274907501893,0.21411655835967344,33.790000915527344,False,False,False,False,False,
NYSE:AAMI,,https://www.tradingview.com/chart/?symbol=NYSE%3AAAMI,True,2026-09-16 09:30,-76.15732858052824,-71.68735629479416,89.26000213623047,49.71500015258789,61.03474018859863,0.8244553707461831,65.38847623976751,56.87878164571469,0.6531626846493274,73.43499755859375,False,False,True,False,False,
NYSE:PHIN,,https://www.tradingview.com/chart/?symbol=NYSE%3APHIN,True,2026-09-16 09:30,-87.85845334027914,-86.59675280390259,61.15999984741211,61.15999984741211,67.04820002746582,0.0,-53.5382939831705,-62.35250741923547,0.3347645400722873,74.52999877929688,False,True,True,False,False,"NEAR: 4h+band ok, weekly shallow"
NYSE:BTU,,https://www.tradingview.com/chart/?symbol=NYSE%3ABTU,False,,-50.303077824145966,-50.00175599894791,27.360000610351562,20.81999969482422,25.261519622802734,0.34750271102958313,21.35582814252527,24.096827399984953,0.7097869178971817,26.514999389648438,False,False,False,False,False,
NASDAQ:NTCT,,https://www.tradingview.com/chart/?symbol=NASDAQ%3ANTCT,False,,2.641380281182933,39.54429111836304,38.4900016784668,29.93000030517578,33.4464006652832,0.5744966776294398,-18.612515160795976,-22.46363075449871,0.38303344322406824,38.900001525878906,False,False,False,False,False,
NASDAQ:EXPO,,https://www.tradingview.com/chart/?symbol=NASDAQ%3AEXPO,False,,-43.83493065320542,-17.455909850568094,68.0199966430664,53.099998474121094,57.52735897827149,0.795308980276228,46.097809678042495,43.802280585486,0.2874215275177792,65.2699966430664,False,False,False,False,False,
NYSE:SA,,https://www.tradingview.com/chart/?symbol=NYSE%3ASA,True,2026-09-16 09:30,-63.415274140358825,-62.891730027091036,29.239999771118164,24.15999984741211,26.84803970336914,0.4460052849803404,18.22239777361777,13.527623494707884,0.37740222910783355,30.18000030517578,False,False,True,False,False,
NYSE:ARX,,https://www.tradingview.com/chart/?symbol=NYSE%3AARX,False,,17.035663399506998,17.035663399506998,19.850000381469727,10.640000343322754,12.820640064239502,0.9967533784484646,49.37018760585995,51.09443144475244,0.6890379509755925,13.40999984741211,False,False,False,False,False,
NASDAQ:CECO,,https://www.tradingview.com/chart/?symbol=NASDAQ%3ACECO,False,,-29.887565080390885,-29.887565080390885,69.41999816894531,51.34000015258789,62.76004090881348,0.37363084974405897,-18.283826465125763,-20.857910017090042,0.6463203075888068,74.87000274658203,False,False,False,False,False,
TSX:KXS,,https://www.tradingview.com/chart/?symbol=TSX%3AKXS,False,,-31.475893971184405,25.78570138729691,178.10000610351562,133.8000030517578,144.70792333984375,0.9584595820372827,59.07996298277789,56.80086900397714,0.30302236668592064,152.52999877929688,False,False,False,False,False,
TSX:USA,,https://www.tradingview.com/chart/?symbol=TSX%3AUSA,True,2026-09-16 09:30,-76.88742730022882,-75.7785387114724,6.420000076293945,5.139999866485596,6.744799798965454,0.18823533289160446,-4.053052435580391,-9.296609878903482,0.9006621910079503,7.550000190734863,False,True,True,False,False,
NASDAQ:NESR,,https://www.tradingview.com/chart/?symbol=NASDAQ%3ANESR,False,,-73.2168784140933,-73.2168784140933,31.5,18.889999389648438,22.998759353637695,0.7242964227955443,72.39021238044121,63.21534914978666,0.6778275339463137,25.684999465942383,False,False,False,False,False,
NYSE:WK,,https://www.tradingview.com/chart/?symbol=NYSE%3AWK,False,,-48.085297971080074,-3.1480334526093547,72.73999786376953,43.665000915527344,52.267412658691406,0.7976483205698484,62.60089822184162,59.179132576167774,0.6484771003468314,56.209999084472656,False,False,False,False,False,
NYSE:EFXT,,https://www.tradingview.com/chart/?symbol=NYSE%3AEFXT,False,,20.44517413204473,23.988674889548196,22.34000015258789,19.489999771118164,21.59747984313965,0.31914896798132036,-35.45649866342455,-25.215505232545183,0.38691509249112044,23.079999923706055,False,False,False,False,False,
NYSE:UE,,https://www.tradingview.com/chart/?symbol=NYSE%3AUE,False,,-80.5878500858506,-80.5878500858506,20.030000686645508,19.8799991607666,20.83107932281494,0.03722121596057705,-30.323862096287566,-39.031079925589935,0.1853299853350377,21.7450008392334,False,True,False,False,False,
NYSE:CWK,,https://www.tradingview.com/chart/?symbol=NYSE%3ACWK,True,2026-09-16 09:30,-63.07697647601475,-57.574147199009154,12.555000305175781,11.800000190734863,12.642520118713378,0.21148464397224354,14.932894969592226,-3.144471330838961,0.26651732533200967,13.395000457763672,False,True,True,False,False,
NYSE:HOG,,https://www.tradingview.com/chart/?symbol=NYSE%3AHOG,False,,-12.751586430524279,-0.23455156721330184,26.84000015258789,17.18000030517578,19.84208001708984,0.8563830578724809,57.451310437390305,52.79747147761737,0.4522854265336968,24.940000534057617,False,False,False,False,False,
NYSE:MPT,,https://www.tradingview.com/chart/?symbol=NYSE%3AMPT,False,,-91.8759575902041,-80.44958199370262,3.390000104904175,3.390000104904175,3.89150004863739,0.0,-75.09437274218656,-79.83941116920845,0.44689794120673193,4.755000114440918,False,True,False,True,False,"WATCH: weekly+band ok, waiting on 4h dot"
NYSE:FCPT,,https://www.tradingview.com/chart/?symbol=NYSE%3AFCPT,True,2026-09-16 09:30,-82.79116694811036,-82.7518510554186,23.049999237060547,23.049999237060547,23.85947930908203,0.0,-2.157558000601361,-25.61041307502587,0.13687152347458345,25.059999465942383,False,True,True,False,False,
TSX:ERO,,https://www.tradingview.com/chart/?symbol=TSX%3AERO,False,,-49.98479023407395,-49.98479023407395,45.18000030517578,32.20000076293945,37.78376072692871,0.5486052251034168,47.336684277028944,39.94708892753161,0.6123188463028435,38.63999938964844,False,False,False,False,False,
NYSE:DBRG,,https://www.tradingview.com/chart/?symbol=NYSE%3ADBRG,True,2026-09-16 13:30,-68.77294791127049,-68.77294791127049,15.890000343322754,15.329999923706055,15.483399833679199,0.8615396127199688,47.15156229906378,41.345119039528704,0.041400986032222566,15.70009994506836,False,False,True,False,False,
NASDAQ:KC,,https://www.tradingview.com/chart/?symbol=NASDAQ%3AKC,False,,-64.00923258346124,-64.00923258346124,9.425000190734863,8.515000343322754,10.803020046234131,0.09386281233329756,-24.818213928657457,-33.28450118434216,0.7982707596319925,12.145000457763672,False,True,False,False,False,
NYSE:SPNT,,https://www.tradingview.com/chart/?symbol=NYSE%3ASPNT,False,,-5.4978021256685095,26.036720016186383,24.479999542236328,20.200000762939453,21.649040618896485,0.6970682743898348,31.354518260236087,33.97988471530289,0.2620571621713589,23.43000030517578,False,False,False,False,False,
NYSE:BKD,,https://www.tradingview.com/chart/?symbol=NYSE%3ABKD,False,,-27.753805729716458,-27.753805729716458,11.670000076293945,11.670000076293945,12.74498014831543,0.0,-41.07194362197786,-43.486559428298776,0.33127274946732954,13.75,False,True,False,False,False,
NYSE:NIC,,https://www.tradingview.com/chart/?symbol=NYSE%3ANIC,False,,-4.8571739945366765,1.6190017585701166,167.69000244140625,132.0500030517578,143.17976391601562,0.7557251192133247,42.15091273552067,35.60336874394737,0.30351397979217093,155.3800048828125,False,False,False,False,False,
NASDAQ:GPCR,,https://www.tradingview.com/chart/?symbol=NASDAQ%3AGPCR,False,,-82.59063012929705,-65.92546207631348,35.4900016784668,35.4900016784668,41.39708139038086,0.0,-14.196584719671273,-33.43409459938452,0.5240787198271692,47.7599983215332,False,True,False,False,False,
TSX:SII,,https://www.tradingview.com/chart/?symbol=TSX%3ASII,False,,-21.380654504867493,-21.380654504867493,173.91000366210938,144.0800018310547,164.07628082275392,0.35205952242671124,15.834782399549148,18.57901120739582,0.4772982970273813,177.52000427246094,False,False,False,False,False,
NYSE:VTMX,,https://www.tradingview.com/chart/?symbol=NYSE%3AVTMX,True,2026-09-16 09:30,-59.27367867964781,-55.5307777116253,32.91999816894531,31.579999923706055,32.77415979766846,0.26482181554730544,17.305253050415836,-5.532865314554732,0.14760792433278405,34.279998779296875,False,False,False,False,False,
NASDAQ:MGRC,,https://www.tradingview.com/chart/?symbol=NASDAQ%3AMGRC,False,,-31.942240011699123,-2.4802244202482555,111.31999969482422,103.38999938964844,108.10174032592774,0.39719502776808635,-7.8752739306594925,-19.203888068478676,0.17514698080041646,113.98999786376953,False,False,False,False,False,
NASDAQ:BTDR,,https://www.tradingview.com/chart/?symbol=NASDAQ%3ABTDR,False,,-35.07276064867279,-35.07276064867279,11.024999618530273,7.34499979019165,10.312699857711792,0.2926441148797193,-21.304760013506343,-19.336643307524966,1.0514214252503136,11.960000038146973,False,False,False,False,False,
NASDAQ:IRON,,https://www.tradingview.com/chart/?symbol=NASDAQ%3AIRON,False,,-88.99735803656226,-76.59575933314945,68.61000061035156,58.279998779296875,64.06907849121093,0.42111709519419654,38.81593901490119,15.697557936412665,0.34997859981390766,70.08999633789062,False,False,False,False,False,
NASDAQ:PATK,,https://www.tradingview.com/chart/?symbol=NASDAQ%3APATK,False,,-86.09237957498635,-74.68091218095812,70.48999786376953,70.48999786376953,82.42215908813476,0.0,-56.56203214908553,-68.47631873695016,0.5738933718919418,88.0999984741211,False,True,False,False,False,
TSX:WDO,,https://www.tradingview.com/chart/?symbol=TSX%3AWDO,False,,-13.165516442318996,-13.165516442318996,33.2599983215332,21.610000610351562,25.00840007019043,0.8090277474235557,66.76481210419709,63.615434647570254,0.5389220838783708,26.719999313354492,False,False,False,False,False,
NYSE:TRN,,https://www.tradingview.com/chart/?symbol=NYSE%3ATRN,False,,-22.467476526489452,-3.2590892643659046,28.34000015258789,27.780000686645508,30.208440452575683,0.05442172205238147,-38.378636014273475,-41.534573716109186,0.31710319772721635,32.45000076293945,False,True,False,False,False,
TSX:NG,,https://www.tradingview.com/chart/?symbol=TSX%3ANG,False,,-69.55174317176568,-66.19111553435204,9.770000457763672,7.269999980926514,9.62055987739563,0.2510040749949982,5.496446859803522,-0.9171722645823914,0.894878657583026,11.130000114440918,False,False,False,False,False,
NYSE:GPOR,,https://www.tradingview.com/chart/?symbol=NYSE%3AGPOR,False,,-45.11160192182359,-41.57594980134621,162.25,149.85000610351562,165.5699662475586,0.18615814116292542,8.222449362868295,5.922833171839074,0.3814787261755651,174.61000061035156,False,True,False,False,False,
NYSE:UWMC,,https://www.tradingview.com/chart/?symbol=NYSE%3AUWMC,False,,-72.88443488631253,-72.88443488631253,1.225000023841858,1.125,1.8506999549865721,0.03252033497386002,-59.541692020862364,-58.61722996545889,1.262833626909674,2.434999942779541,False,True,False,False,False,
NYSE:NP,,https://www.tradingview.com/chart/?symbol=NYSE%3ANP,False,,-59.82237647678604,-59.82237647678604,30.549999237060547,18.200000762939453,22.18840022277832,0.730769239450837,48.18525915852166,35.11839808084531,0.5904960592458989,28.6200008392334,False,False,False,False,False,
NYSE:IVT,,https://www.tradingview.com/chart/?symbol=NYSE%3AIVT,True,2026-09-16 09:30,-83.90609672496723,-83.90609672496723,30.829999923706055,30.40999984741211,31.89916017150879,0.06656101186787729,-15.30034045342804,-26.09845631206023,0.19302544014595038,32.689998626708984,False,True,True,False,False,
TSX:DML,,https://www.tradingview.com/chart/?symbol=TSX%3ADML,False,,-76.81249622416712,-72.86866620309682,3.934999942779541,3.744999885559082,4.188679912567139,0.10106385407160572,-6.638023438048425,-21.634733928004547,0.40256961107650835,4.670000076293945,False,True,False,False,False,
TSX:AAUC,,https://www.tradingview.com/chart/?symbol=TSX%3AAAUC,True,2026-09-16 09:30,-74.00756890829624,-74.00756890829624,29.290000915527344,24.0,28.63740036010742,0.26921122161545136,-28.744877091590876,-33.08567722593935,0.5488060706157404,35.80500030517578,False,False,True,False,False,
NYSE:AMBP,,https://www.tradingview.com/chart/?symbol=NYSE%3AAMBP,True,2026-09-16 13:30,-69.07361641814374,-67.73791063341815,4.710000038146973,3.765000104904175,4.141420111656189,0.5924764365466527,50.036173679221044,37.06561255824675,0.3696407896776857,4.315000057220459,False,False,True,False,False,
NYSE:BXMT,,https://www.tradingview.com/chart/?symbol=NYSE%3ABXMT,False,,-65.56489606997322,-54.00596023846902,13.295000076293945,13.15999984741211,14.82615972137451,0.019121846897167696,-76.13557211787436,-74.51461496960842,0.3915695616790295,18.030000686645508,False,True,False,True,False,"WATCH: weekly+band ok, waiting on 4h dot"
NASDAQ:FRPT,,https://www.tradingview.com/chart/?symbol=NASDAQ%3AFRPT,False,,-76.90251012492878,-73.95117974040635,61.939998626708984,47.400001525878906,55.79570080566406,0.40871393810614287,46.03374618095694,33.77149662054257,0.591683940927105,60.125,False,False,False,False,False,
NYSE:SII,,https://www.tradingview.com/chart/?symbol=NYSE%3ASII,False,,-29.735055320716324,-29.735055320716324,124.22000122070312,102.56749725341797,118.14408963012696,0.3280557655164713,14.807632994725202,17.022734740363852,0.5133186275539454,128.5800018310547,False,False,False,False,False,
NASDAQ:PENN,,https://www.tradingview.com/chart/?symbol=NASDAQ%3APENN,False,,24.881822018836203,42.213239228465056,17.700000762939453,13.680000305175781,15.701340431213378,0.4693520381906177,-24.41025017739592,-28.06661684819587,0.48037019465546577,17.829999923706055,False,False,False,False,False,
NYSE:ERO,,https://www.tradingview.com/chart/?symbol=NYSE%3AERO,False,,-50.71612517854667,-50.71612517854667,32.29999923706055,23.479999542236328,27.474299362182617,0.521122605164503,45.373529336437855,38.25328293009194,0.6103497842212948,27.729999542236328,False,False,False,False,False,
NASDAQ:SOUN,,https://www.tradingview.com/chart/?symbol=NASDAQ%3ASOUN,False,,-68.3638821426663,-66.27491850630774,5.949999809265137,5.715000152587891,6.660203811645507,0.058675099746359934,-24.14006422160786,-34.94895404208597,0.5733858516376336,6.985000133514404,False,True,False,False,False,
TSX:RUS,,https://www.tradingview.com/chart/?symbol=TSX%3ARUS,False,,35.09184734218197,62.811064836725485,78.01000213623047,45.880001068115234,54.26272117614746,0.9045608292241033,64.67220045536531,62.81659840031571,0.5740142185625459,61.880001068115234,False,False,False,False,False,
NYSE:CTRI,,https://www.tradingview.com/chart/?symbol=NYSE%3ACTRI,True,2026-09-16 13:30,-72.53271262675554,-72.53271262675554,19.149999618530273,19.079999923706055,24.570540229797363,0.0030087982343355362,-69.92561942798375,-69.58310431721797,0.7833333568808467,29.700000762939453,False,True,True,True,True,FULL PASS
NYSE:SDRL,,https://www.tradingview.com/chart/?symbol=NYSE%3ASDRL,False,,-48.77634335916738,-12.499930302804406,47.84000015258789,37.45500183105469,41.541341506958005,0.5997689370598034,40.541912731584524,41.003537459445624,0.3748646707405774,46.189998626708984,False,False,False,False,False,
AMEX:NG,,https://www.tradingview.com/chart/?symbol=AMEX%3ANG,False,,-71.21046568495326,-67.78697414851628,6.989999771118164,5.190000057220459,6.961179971694946,0.23984008005527627,6.2685502780424995,0.02915410158604459,0.9346201602956746,8.029999732971191,False,False,False,False,False,
NASDAQ:PLBL,,https://www.tradingview.com/chart/?symbol=NASDAQ%3APLBL,False,,-17.117050661729817,-17.117050661729817,5.46999979019165,5.125,6.5115,0.058723368543259644,-52.414577030238924,-52.85552845374262,0.8103448275862069,7.25,False,True,False,False,False,
NYSE:PAGS,,https://www.tradingview.com/chart/?symbol=NYSE%3APAGS,False,,-2.5268672742715204,-2.5268672742715204,9.479999542236328,8.444999694824219,9.184859748840331,0.33014346789418386,1.7798830324245867,12.15778005434585,0.33422176872422066,9.380000114440918,False,False,False,False,False,
NYSE:CC,,https://www.tradingview.com/chart/?symbol=NYSE%3ACC,False,,-76.84163602492447,-72.04503461023796,14.420000076293945,14.420000076293945,17.608360130310057,0.0,-54.473997252618425,-55.25785528965278,0.6706378715258466,20.145000457763672,False,True,False,False,False,
NASDAQ:ESTA,,https://www.tradingview.com/chart/?symbol=NASDAQ%3AESTA,False,,-27.370701651647057,-27.370701651647057,71.18499755859375,54.04999923706055,64.03043855285645,0.4051785172904841,-13.130490498104637,-19.582075164247748,0.5864650775603967,72.11000061035156,False,False,False,False,False,
NASDAQ:VC,,https://www.tradingview.com/chart/?symbol=NASDAQ%3AVC,False,,-60.24413256662397,-60.24413256662397,97.5,84.43000030517578,93.80509994506836,0.32901196216127454,-33.79756241693445,-43.625498535499986,0.37994355466664936,104.55500030517578,False,False,False,False,False,
NASDAQ:WERN,,https://www.tradingview.com/chart/?symbol=NASDAQ%3AWERN,False,,-47.50363122857923,-47.50363122857923,35.84000015258789,26.864999771118164,31.688839897155763,0.439090026759802,-11.670943653659053,-20.68821101597133,0.5395987317239702,37.880001068115234,False,False,False,False,False,
NYSE:IHS,,https://www.tradingview.com/chart/?symbol=NYSE%3AIHS,False,,-0.0864840223461935,-0.0864840223461935,8.430000305175781,8.100000381469727,8.194400291442872,0.8250005960470161,58.68733428833061,61.00301687734043,0.04848480224609375,8.25,False,False,False,False,False,
NASDAQ:TBBK,,https://www.tradingview.com/chart/?symbol=NASDAQ%3ATBBK,False,,-69.19457413967591,-50.43101457873246,50.720001220703125,49.95500183105469,55.27090219116211,0.03396223475365948,11.030668932346755,-14.58439709109908,0.37799968901159137,59.59000015258789,False,True,False,False,False,
NYSE:APAM,,https://www.tradingview.com/chart/?symbol=NYSE%3AAPAM,False,,-80.75104638083833,-76.53253714982925,36.349998474121094,33.970001220703125,36.2946008605957,0.24162412407178913,42.71472446841742,24.56542505018176,0.26322819230642197,37.41999816894531,False,False,False,False,False,
NASDAQ:FRSH,,https://www.tradingview.com/chart/?symbol=NASDAQ%3AFRSH,False,,-53.03371585883355,1.2815325538516629,12.739999771118164,7.545000076293945,9.049500076293945,0.8149019129136029,71.08167386322596,63.9032220000978,0.6749603182616774,9.444999694824219,False,False,False,False,False,
NASDAQ:TOWN,,https://www.tradingview.com/chart/?symbol=NASDAQ%3ATOWN,False,,-24.237359516384544,27.800947988373846,37.18000030517578,32.400001525878906,33.926920913696286,0.7387945433888086,48.731778135282184,42.27227631261053,0.1814357104231843,35.65999984741211,False,False,False,False,False,
NASDAQ:FRME,,https://www.tradingview.com/chart/?symbol=NASDAQ%3AFRME,False,,-30.468302771305048,15.554148066981233,41.09000015258789,36.41999816894531,38.50387860107422,0.5288789371728563,7.4507780551761265,-3.9493943843763395,0.21515598523570906,41.040000915527344,False,False,False,False,False,
NASDAQ:RARE,,https://www.tradingview.com/chart/?symbol=NASDAQ%3ARARE,False,,-50.59972719314377,-47.938894653578224,12.90999984741211,12.90999984741211,18.319120315551757,0.0,-43.35522992781421,-56.39806364194028,0.9204820214770524,24.899999618530273,False,True,False,False,False,
NASDAQ:SUPN,,https://www.tradingview.com/chart/?symbol=NASDAQ%3ASUPN,True,2026-09-16 09:30,-65.55742375894908,-61.49522701043416,41.400001525878906,40.97999954223633,44.29815986633301,0.029872115406790214,-55.97429534523743,-64.87882612739519,0.2946353942503912,47.720001220703125,False,True,True,False,False,"NEAR: 4h+band ok, weekly shallow"
NASDAQ:UPST,,https://www.tradingview.com/chart/?symbol=NASDAQ%3AUPST,False,,-67.37129804638427,-57.161896701034635,24.8700008392334,24.219999313354492,27.19713925933838,0.05152608304972578,-40.19531987034045,-52.037982646947185,0.42546374143068133,29.649999618530273,False,True,False,False,False,
NASDAQ:STNE,,https://www.tradingview.com/chart/?symbol=NASDAQ%3ASTNE,False,,-40.51388220461989,-40.51388220461989,9.720000267028809,9.104999542236328,10.617759731292725,0.09594393883511598,-56.93215957885047,-56.615155450921506,0.5798281885243696,11.055000305175781,False,True,False,False,False,
AMEX:TGB,,https://www.tradingview.com/chart/?symbol=AMEX%3ATGB,False,,-47.88337181147207,-42.22951609805342,7.96999979019165,5.724999904632568,6.660739828109741,0.5662043049559681,52.75876818866593,41.1799346300387,0.5495494929862972,7.215000152587891,False,False,False,False,False,
NASDAQ:BEAM,,https://www.tradingview.com/chart/?symbol=NASDAQ%3ABEAM,True,2026-09-16 09:30,-67.33349346406365,-61.39817598273186,23.1200008392334,21.739999771118164,25.560839897155763,0.08523786427382975,-17.615875223584357,-32.642966678792945,0.5571232220094122,29.059999465942383,False,True,True,False,False,
NASDAQ:QURE,,https://www.tradingview.com/chart/?symbol=NASDAQ%3AQURE,False,,-62.87327919768057,-62.87327919768057,42.470001220703125,14.6899995803833,23.289839931488036,0.7623490808493072,48.223240627214615,38.7086330730372,1.278148060160893,28.510000228881836,False,False,False,False,False,
NYSE:OLN,,https://www.tradingview.com/chart/?symbol=NYSE%3AOLN,False,,-43.22242576973833,-39.131697782039616,17.03499984741211,16.860000610351562,19.994080322265624,0.013177654604408963,-61.32193737776931,-60.062579135980236,0.5505803614109224,24.1200008392334,False,True,False,True,False,
AMEX:DNN,,https://www.tradingview.com/chart/?symbol=AMEX%3ADNN,False,,-75.55099466865776,-72.32779918904039,2.815000057220459,2.6549999713897705,3.006639973640442,0.10738260725275714,-3.7956880449083177,-17.753620799020812,0.44610779875044393,3.3399999141693115,False,True,False,False,False,
NYSE:ABM,,https://www.tradingview.com/chart/?symbol=NYSE%3AABM,False,,48.500993856895015,60.23360066668052,50.33000183105469,37.36000061035156,40.57550061035156,0.9519266950974771,50.11461374462306,56.58428233487855,0.31039981450985854,43.89500045776367,False,False,False,False,False,
NASDAQ:ANDE,,https://www.tradingview.com/chart/?symbol=NASDAQ%3AANDE,False,,35.95533959618599,35.95533959618599,71.45999908447266,63.78499984741211,67.83593916320801,0.44713082047007124,-16.45053209714458,-6.612691724314834,0.24097987213079672,71.2300033569336,False,False,False,False,False,
NASDAQ:AGYS,,https://www.tradingview.com/chart/?symbol=NASDAQ%3AAGYS,False,,-58.451094950428875,-44.89832727234543,105.58000183105469,62.084999084472656,75.88037951660156,0.7440766638292186,43.738860685738075,33.29985635002702,0.6552516806518947,89.20999908447266,False,False,False,False,False,
NYSE:AAUC,,https://www.tradingview.com/chart/?symbol=NYSE%3AAAUC,True,2026-09-16 09:30,-76.09790411305922,-76.09790411305922,20.93000030517578,17.174999237060547,20.664259201049806,0.2539736967783933,-25.092579811192014,-29.811704976754495,0.5766380732981302,25.639999389648438,False,False,True,False,False,
NASDAQ:CENT,,https://www.tradingview.com/chart/?symbol=NASDAQ%3ACENT,False,,-65.46679445263133,-34.387318753026925,40.61000061035156,35.220001220703125,37.91040068054199,0.472807058931396,18.03287629149556,-0.23200748314162922,0.2840059263708296,40.13999938964844,False,False,False,False,False,
NASDAQ:WIX,,https://www.tradingview.com/chart/?symbol=NASDAQ%3AWIX,False,,-23.299385946239813,23.091205486430013,80.37000274658203,40.41999816894531,52.59287860107422,0.7745250709468584,41.547903248522765,42.24287927019077,0.7631307090652879,67.58999633789062,False,False,False,False,False,
NYSE:TNET,,https://www.tradingview.com/chart/?symbol=NYSE%3ATNET,False,,-42.289543116781125,21.43004839472231,69.19999694824219,34.310001373291016,43.13994068908691,0.9325136517029722,61.68444925268201,56.82779953796535,0.7986125575115504,46.849998474121094,False,False,False,False,False,
NASDAQ:VISN,,https://www.tradingview.com/chart/?symbol=NASDAQ%3AVISN,False,,-20.28129522779179,12.858767956792406,6.5,6.059999942779541,9.266060064315795,0.03238866695184464,-2.8127358009702994,-7.67810644718807,1.109432473821854,12.244999885559082,False,True,False,False,False,
TSX:RGSI,,https://www.tradingview.com/chart/?symbol=TSX%3ARGSI,False,,-103.49106009507028,-86.40748383898274,22.770000457763672,22.770000457763672,24.660360511779785,0.0,-57.67715010573985,-64.94416644610048,0.2847493945201933,28.1299991607666,False,True,False,False,False,
NASDAQ:FLNC,,https://www.tradingview.com/chart/?symbol=NASDAQ%3AFLNC,False,,-60.5775212705712,-60.5775212705712,9.045000076293945,9.045000076293945,13.69302000427246,0.0,-50.18269219745276,-52.37005060954317,1.341164394419424,14.6850004196167,False,True,False,False,False,
NYSE:WOR,,https://www.tradingview.com/chart/?symbol=NYSE%3AWOR,False,,-44.30534572545432,-33.816583404489286,58.904998779296875,46.779998779296875,50.478119247436524,0.77377144002004,48.1257690769473,44.376112188960526,0.2819359745844259,55.58000183105469,False,False,False,False,False,
NASDAQ:KALU,,https://www.tradingview.com/chart/?symbol=NASDAQ%3AKALU,False,,-44.77179569577226,-42.9753028018387,152.4600067138672,106.91999816894531,127.85555975341796,0.513358190714724,-14.132848110733448,-23.227292524634844,0.5398284289260136,164.3300018310547,False,False,False,False,False,
NASDAQ:WAFD,,https://www.tradingview.com/chart/?symbol=NASDAQ%3AWAFD,False,,-61.74502416811361,-61.74502416811361,32.78499984741211,30.549999237060547,32.652759201049804,0.2508418236393925,-10.911046868354347,-31.444506092364044,0.2501052588747259,35.625,False,False,False,False,False,
NASDAQ:TRMK,,https://www.tradingview.com/chart/?symbol=NASDAQ%3ATRMK,False,,26.965348592470903,46.032317501127466,47.20000076293945,40.279998779296875,42.30723881530761,0.8055881095133397,37.801142573165976,40.22527718064054,0.19012837748041864,45.18000030517578,False,False,False,False,False,
NASDAQ:ATRO,,https://www.tradingview.com/chart/?symbol=NASDAQ%3AATRO,False,,-72.18933754404001,-72.18933754404001,66.2300033569336,49.51316833496094,59.90114031982422,0.3797827979257368,23.503113410236796,6.786025262196311,0.6468811674814666,68.04469299316406,False,False,False,False,False,
NYSE:BCC,,https://www.tradingview.com/chart/?symbol=NYSE%3ABCC,False,,-49.365807298345835,-24.944503228747056,75.33000183105469,65.47000122070312,70.61480014038086,0.4522937009535695,17.957783041012018,4.588019716789612,0.28805490663921646,75.68000030517578,False,False,False,False,False,
NASDAQ:DXPE,,https://www.tradingview.com/chart/?symbol=NASDAQ%3ADXPE,False,,-35.85377086460455,-28.059490208494612,183.75,127.5999984741211,145.61151840209962,0.7357180522851446,54.50935830655476,48.16859889862695,0.46830704499699544,162.97000122070312,False,False,False,False,False,
NASDAQ:UNIT,,https://www.tradingview.com/chart/?symbol=NASDAQ%3AUNIT,False,,-37.59944921486919,-37.59944921486919,9.550000190734863,7.519999980926514,8.755460012435913,0.3877746242664473,-34.642066552017866,-37.983281658895336,0.4804956322681009,10.895000457763672,False,False,False,False,False,
NYSE:HLIO,,https://www.tradingview.com/chart/?symbol=NYSE%3AHLIO,True,2026-09-16 09:30,-71.64644044648696,-67.88965395660962,67.11499786376953,62.369998931884766,69.75207954406739,0.15169432667489038,-36.58090365218829,-46.55403956857755,0.4098801230860283,76.31500244140625,False,True,True,False,False,
NYSE:TDC,,https://www.tradingview.com/chart/?symbol=NYSE%3ATDC,False,,-20.998981605840033,44.66308874845646,29.184999465942383,24.55500030517578,27.55809994506836,0.3638506653012697,-30.731374500359056,-27.56012306808436,0.442608642578125,28.75,False,False,False,False,False,
NASDAQ:NBTB,,https://www.tradingview.com/chart/?symbol=NASDAQ%3ANBTB,False,,10.05682842899229,32.986901998422155,51.58000183105469,40.52000045776367,43.74612002563477,0.8090711671356671,48.80358974057713,43.839461799933886,0.2896186005928783,47.20000076293945,False,False,False,False,False,
TSX:ATS,,https://www.tradingview.com/chart/?symbol=TSX%3AATS,False,,-10.728034607467698,22.363620162430152,26.860000610351562,25.709999084472656,31.26543930053711,0.04885307906340597,-72.68917678919586,-69.39005607624401,0.5970073734043914,39.43000030517578,False,True,False,True,False,
TSX:FVI,,https://www.tradingview.com/chart/?symbol=TSX%3AFVI,True,2026-09-16 09:30,-59.85011836981215,-58.627572512922974,16.079999923706055,11.289999961853027,12.807479808807372,0.7449456368505726,41.55072312410879,41.72368353756338,0.4759436893091487,13.510000228881836,False,False,False,False,False,
NASDAQ:OSW,,https://www.tradingview.com/chart/?symbol=NASDAQ%3AOSW,False,,-47.91133157689955,-44.04924029569094,21.709999084472656,20.389999389648438,22.34643960571289,0.15922793112746608,-25.553920481719118,-40.47082159300474,0.3364448506849425,24.639999389648438,False,True,False,False,False,
NASDAQ:DRH,,https://www.tradingview.com/chart/?symbol=NASDAQ%3ADRH,False,,-1.3662725543383674,30.265014764065068,12.279999732971191,9.21500015258789,10.225080089569092,0.7161214419645692,32.18994355687442,23.624521938317287,0.36472090823929937,11.734999656677246,False,False,False,False,False,
NYSE:WU,,https://www.tradingview.com/chart/?symbol=NYSE%3AWU,False,,-58.68962286864723,-58.68962286864723,6.559999942779541,6.355000019073486,7.178640077590942,0.05873922898032958,-43.63395823300966,-49.73159058895824,0.4300678184091231,8.114999771118164,False,True,False,False,False,
NYSE:KMT,,https://www.tradingview.com/chart/?symbol=NYSE%3AKMT,False,,-22.6447897390784,-16.705347292291716,29.700000762939453,28.864999771118164,32.2645799331665,0.05796605012281577,-59.168314529761155,-60.19535266531641,0.4125143597360212,34.91999816894531,False,True,False,False,False,
NASDAQ:XRAY,,https://www.tradingview.com/chart/?symbol=NASDAQ%3AXRAY,True,2026-09-16 13:30,-61.83081717869282,-61.80519993928525,10.135000228881836,9.630000114440918,10.727400024414063,0.10860218405792761,-15.63026555210579,-26.078158495904965,0.4070021480000678,11.425000190734863,False,True,True,False,False,
NASDAQ:MGNI,,https://www.tradingview.com/chart/?symbol=NASDAQ%3AMGNI,False,,-16.60838115830734,-11.202779528760622,23.780000686645508,11.444999694824219,14.695899604797363,0.895462891717842,67.50322599700586,62.658840970780055,0.8590582943319094,16.03499984741211,False,False,False,False,False,
TSX:CEU,,https://www.tradingview.com/chart/?symbol=TSX%3ACEU,False,,44.620487533940796,44.620487533940796,19.280000686645508,15.149999618530273,16.31347969055176,0.8377283595255228,47.80849735365598,52.57156613313872,0.27465181591270615,17.950000762939453,False,False,False,False,False,
NASDAQ:RUN,,https://www.tradingview.com/chart/?symbol=NASDAQ%3ARUN,False,,-50.576901188711325,-48.043745372679375,8.274999618530273,8.274999618530273,10.270379600524903,0.0,-64.10225736130862,-63.354214206483356,0.6769415595392859,12.489999771118164,False,True,False,True,False,
NASDAQ:RUM,,https://www.tradingview.com/chart/?symbol=NASDAQ%3ARUM,False,,-69.19296307438634,-9.14112796643334,8.319999694824219,4.664999961853027,6.053860015869141,0.6210704487373742,30.47625662862345,28.819052309994415,0.8823088698001517,6.670000076293945,False,False,False,False,False,
NASDAQ:ATAI,,https://www.tradingview.com/chart/?symbol=NASDAQ%3AATAI,False,,-34.1370478306692,-31.586893669288333,7.360000133514404,3.309999942779541,4.2846799697875975,0.9806295589614326,69.54572453148485,64.65072785596908,0.9538106667923549,4.329999923706055,False,False,False,False,False,
NYSE:ATS,,https://www.tradingview.com/chart/?symbol=NYSE%3AATS,False,,-16.56835999568324,-6.9746491152144685,19.209999084472656,18.459999084472656,22.519199264526367,0.04360464922862167,-70.29667592835564,-67.36973521898241,0.612644712218295,28.075000762939453,False,True,False,True,False,
NYSE:WLY,,https://www.tradingview.com/chart/?symbol=NYSE%3AWLY,False,,-56.01892422414403,-6.971432311145659,49.599998474121094,36.189998626708984,40.87813902282715,0.6750565675485565,33.24435824413731,21.38634099136315,0.44984152507036157,44.15999984741211,False,False,False,False,False,
NYSE:KWR,,https://www.tradingview.com/chart/?symbol=NYSE%3AKWR,False,,-70.73715447510455,-52.6486198038974,154.07000732421875,114.48999786376953,128.3243185119629,0.6751963085289521,42.51767121477594,27.744045050678267,0.3983148975736794,147.1699981689453,False,False,False,False,False,
NYSE:DCO,,https://www.tradingview.com/chart/?symbol=NYSE%3ADCO,False,,-30.21390248628094,-20.014105827856266,171.52000427246094,117.08999633789062,138.38663763427735,0.6031693774519278,30.14543288056545,16.835497557092154,0.5564531449223666,162.1699981689453,False,False,False,False,False,
NASDAQ:COHU,,https://www.tradingview.com/chart/?symbol=NASDAQ%3ACOHU,False,,-6.161010952288831,-6.161010952288831,51.119998931884766,27.239999771118164,38.265919609069826,0.5111301265353555,0.5364274556220762,-0.7889287238967899,0.9355226391289413,49.939998626708984,False,False,False,False,False,
NASDAQ:VERA,,https://www.tradingview.com/chart/?symbol=NASDAQ%3AVERA,False,,-48.740846369025824,-48.740846369025824,31.799999237060547,28.889999389648438,32.696679641723634,0.18040915404304672,-25.371036598217245,-26.247198210455487,0.4465670416694434,36.119998931884766,False,True,False,False,False,
TSX:IPCO,,https://www.tradingview.com/chart/?symbol=TSX%3AIPCO,False,,37.0270234509755,39.588992083239226,35.5,29.479999542236328,31.759759506225585,0.6231884630284353,21.63068659531622,30.237696022115102,0.2750569516288334,35.119998931884766,False,False,False,False,False,
NASDAQ:PTON,,https://www.tradingview.com/chart/?symbol=NASDAQ%3APTON,True,2026-09-16 13:30,-60.002709052191335,-60.002709052191335,4.840000152587891,3.7200000286102295,4.398499972343445,0.38956529281991814,-24.213624158960652,-35.556719910658,0.5324073538531665,5.400000095367432,False,False,True,False,False,
NYSE:NGVT,,https://www.tradingview.com/chart/?symbol=NYSE%3ANGVT,False,,-28.7952221822745,-19.159126984096577,68.23999786376953,63.470001220703125,66.88256100463867,0.32987530740499793,-13.58573935637642,-22.97566207773854,0.20088911378301252,71.9800033569336,False,False,False,False,False,
TSX:MFI,,https://www.tradingview.com/chart/?symbol=TSX%3AMFI,False,,-32.50769132803043,9.51245843999794,26.56999969482422,26.149999618530273,27.45979988861084,0.07567567381801973,-49.21763987084322,-49.01572614067199,0.18948449883683646,29.290000915527344,False,True,False,False,False,
NYSE:FSM,,https://www.tradingview.com/chart/?symbol=NYSE%3AFSM,True,2026-09-16 09:30,-61.173553221561065,-60.487286841720135,11.5,8.029999732971191,9.156899868011475,0.7267015395197596,40.14058996743111,40.1037926111766,0.4907503388337376,9.729999542236328,False,False,True,False,False,
NYSE:TNK,,https://www.tradingview.com/chart/?symbol=NYSE%3ATNK,False,,65.70477015719202,65.70477015719202,100.69000244140625,63.310001373291016,72.57182112121582,0.9524780758178514,72.62271725018525,77.08226393146958,0.5176074794229232,75.81999969482422,False,False,False,False,False,
NASDAQ:PLUG,,https://www.tradingview.com/chart/?symbol=NASDAQ%3APLUG,False,,-51.08597775418675,-51.08597775418675,2.0299999713897705,1.8600000143051147,2.4240400109291076,0.07112968958249964,-33.97244884025278,-36.71735623654332,0.9937629996368702,2.4049999713897705,False,True,False,False,False,
TSX:TKO,,https://www.tradingview.com/chart/?symbol=TSX%3ATKO,False,,-47.851764366537225,-40.687987759066154,11.130000114440918,7.860000133514404,9.174520174026489,0.5870735871002968,54.8680170178132,42.43520227134048,0.5581162752652037,9.979999542236328,False,False,False,False,False,
NYSE:ATEN,,https://www.tradingview.com/chart/?symbol=NYSE%3AATEN,False,,-24.613501842494063,57.18208277675175,26.540000915527344,20.450000762939453,24.64136036682129,0.3429054464044649,-24.456788562088466,-26.98324011293265,0.6455833578251872,27.510000228881836,False,False,False,False,False,
TSX:EXE,,https://www.tradingview.com/chart/?symbol=TSX%3AEXE,False,,-18.37174663479823,-18.37174663479823,30.579999923706055,25.360000610351562,28.531840286254884,0.3883928457389061,-15.77074706546937,-20.640589757507534,0.4233070433609129,31.75,False,False,False,False,False,
NYSE:KD,,https://www.tradingview.com/chart/?symbol=NYSE%3AKD,False,,-16.548967438646272,19.070521166668843,12.850000381469727,10.494999885559082,11.505079822540283,0.5502337950558223,22.428640346984007,22.877255285939015,0.3384736716512646,12.645000457763672,False,False,False,False,False,
NYSE:CUBI,,https://www.tradingview.com/chart/?symbol=NYSE%3ACUBI,False,,-6.5153135855802295,-6.5153135855802295,78.08000183105469,64.70500183105469,69.2350217590332,0.696796051713742,30.934660958085107,18.831465296874626,0.25035868205614525,76.66999816894531,False,False,False,False,False,
NASDAQ:FBNC,,https://www.tradingview.com/chart/?symbol=NASDAQ%3AFBNC,False,,-16.809168343303266,-16.809168343303266,62.619998931884766,52.26499938964844,55.612658813476564,0.729996568519881,42.95536159137449,32.718325805886934,0.23357480101293937,60.72999954223633,False,False,False,False,False,
TSX:ARE,,https://www.tradingview.com/chart/?symbol=TSX%3AARE,False,,-15.420602213283935,-13.417755621459621,44.72999954223633,39.93000030517578,43.92311987304687,0.28368792887167016,-20.433290424499976,-23.176265417671264,0.3723591258869444,45.439998626708984,False,False,False,False,False,
NYSE:LCII,,https://www.tradingview.com/chart/?symbol=NYSE%3ALCII,False,,-85.74912481765314,-76.0383053592203,87.12999725341797,87.12999725341797,97.15294094848633,0.0,-32.901988052451564,-52.76570696057172,0.39736247655520834,106.87999725341797,False,True,False,False,False,
NYSE:GRND,,https://www.tradingview.com/chart/?symbol=NYSE%3AGRND,False,,-18.56877428183307,18.30190650373818,15.539999961853027,10.699999809265137,12.466459728240967,0.6466266365517072,29.298901136082765,24.28448726235871,0.5459518333953929,13.710000038146973,False,False,False,False,False,
NASDAQ:BLBD,,https://www.tradingview.com/chart/?symbol=NASDAQ%3ABLBD,False,,-7.83220764546011,-7.83220764546011,61.650001525878906,53.130001068115234,59.92444038391113,0.2959361346207993,-28.437397596607244,-31.753653834658888,0.44237855394607795,65.08000183105469,False,False,False,False,False,
NASDAQ:DJT,,https://www.tradingview.com/chart/?symbol=NASDAQ%3ADJT,False,,-55.56980647964138,-55.56980647964138,8.555000305175781,7.070000171661377,7.849980131149292,0.449319277048463,4.252944129465789,-5.147786632833062,0.36559327802083547,9.04010009765625,False,False,False,False,False,
NYSE:TALO,,https://www.tradingview.com/chart/?symbol=NYSE%3ATALO,False,,53.83869620438005,59.72330039432628,17.420000076293945,12.914999961853027,14.22361975479126,0.8124437921123812,60.05847098083127,63.784915977336816,0.370283738321709,14.975000381469727,False,False,False,False,False,
NASDAQ:AVPT,,https://www.tradingview.com/chart/?symbol=NASDAQ%3AAVPT,False,,-57.183258931829435,7.858482948409326,13.420000076293945,8.994999885559082,10.248159984588623,0.8333333034000552,58.45804329721337,53.50844591525824,0.4912118606379278,10.8100004196167,False,False,False,False,False,
NYSE:GRDN,,https://www.tradingview.com/chart/?symbol=NYSE%3AGRDN,False,,72.45704252448924,72.45704252448924,46.560001373291016,32.06999969482422,35.838919982910156,0.9073262724415017,14.55859284318729,33.56559564925526,0.4111740771875113,38.84000015258789,False,False,False,False,False,
NYSE:SMR,,https://www.tradingview.com/chart/?symbol=NYSE%3ASMR,False,,-38.56309757829985,-38.56309757829985,8.300000190734863,7.565000057220459,9.09073998069763,0.11368912148151875,-28.84191443968368,-36.71822786113645,0.6360058730951728,10.164999961853027,False,True,False,False,False,
NYSE:BBT,,https://www.tradingview.com/chart/?symbol=NYSE%3ABBT,False,,-8.170900567731609,-8.170900567731609,31.110000610351562,27.56999969482422,28.77123973083496,0.6954814949715696,49.617092514300914,43.499951021941115,0.16826446785414514,30.25,False,False,False,False,False,
TSX:HPS.A,,https://www.tradingview.com/chart/?symbol=TSX%3AHPS.A,False,,-15.337011879693693,-15.337011879693693,233.25,166.83999633789062,212.38563403320313,0.34411113022731554,-35.270087625017254,-36.64282333614556,0.7141693460691864,270.2300109863281,False,False,False,False,False,
TSX:EDR,,https://www.tradingview.com/chart/?symbol=TSX%3AEDR,True,2026-09-16 09:30,-65.06708329921655,-63.641877074314344,13.3100004196167,10.380000114440918,11.727560123443604,0.5131349011560837,25.58408566052269,21.11649636251303,0.4392307721651517,13.0,False,False,True,False,False,
NYSE:VVX,,https://www.tradingview.com/chart/?symbol=NYSE%3AVVX,False,,-65.45522095702643,-4.099688617477198,75.38999938964844,63.209999084472656,69.69999908447265,0.44290910200639205,-5.813024677684918,-15.712416809908676,0.36681338605081704,74.97000122070312,False,False,False,False,False,
NYSE:RLX,,https://www.tradingview.com/chart/?symbol=NYSE%3ARLX,True,2026-09-16 13:30,-66.34875724477656,-66.34875724477656,1.7400000095367432,1.7400000095367432,1.8898600072860718,0.0,-67.11360721901991,-69.28963208233534,0.3120392941919948,2.0350000858306885,False,True,True,True,True,FULL PASS
NASDAQ:INTR,,https://www.tradingview.com/chart/?symbol=NASDAQ%3AINTR,False,,-42.53615522823886,-42.53615522823886,5.445000171661377,5.055600166320801,5.926298500061035,0.10554562665304594,-27.532030574466035,-25.391165026337816,0.6388570836904107,5.775000095367432,False,True,False,False,False,
NASDAQ:DGII,,https://www.tradingview.com/chart/?symbol=NASDAQ%3ADGII,False,,-57.35628856488699,-33.716956744848346,70.08999633789062,46.35499954223633,55.528319290161136,0.610625095134352,31.384686487069374,18.29749218815129,0.5820604918000573,66.77999877929688,False,False,False,False,False,
NASDAQ:BRZE,,https://www.tradingview.com/chart/?symbol=NASDAQ%3ABRZE,False,,-68.61997939937665,-39.52490548494854,24.889999389648438,18.049999237060547,21.936919525146486,0.4153005249319516,55.61105141005882,38.28185487213873,0.7026450872632323,23.440000534057617,False,False,False,False,False,
NASDAQ:ALRM,,https://www.tradingview.com/chart/?symbol=NASDAQ%3AALRM,False,,-46.4720854772874,-34.95017262725484,55.5,41.95000076293945,45.66936036682129,0.8597716167613362,59.94279285448701,53.83850184757843,0.3389975855568297,46.4900016784668,False,False,False,False,False,
NASDAQ:OUST,,https://www.tradingview.com/chart/?symbol=NASDAQ%3AOUST,False,,-50.32743932365744,-49.34089455841564,34.0099983215332,16.6200008392334,27.452400749206543,0.3788670506933794,-4.869553357050468,-13.980030042219589,1.2995469992955986,35.31999969482422,False,False,False,False,False,
NASDAQ:BUSE,,https://www.tradingview.com/chart/?symbol=NASDAQ%3ABUSE,False,,-2.5498271998093114,17.596371870956204,30.239999771118164,24.170000076293945,25.935279968261717,0.8114973350666067,50.494004131533565,44.08784146004775,0.2645914192117435,28.270000457763672,False,False,False,False,False,
NASDAQ:NYAX,,https://www.tradingview.com/chart/?symbol=NASDAQ%3ANYAX,False,,-71.74138137907919,-71.74138137907919,43.26499938964844,43.26499938964844,51.095479461669925,0.0,-52.36353768897862,-58.223906833750235,0.519005164191897,63.93000030517578,False,True,False,False,False,
NASDAQ:TARS,,https://www.tradingview.com/chart/?symbol=NASDAQ%3ATARS,False,,-26.209337383573082,-26.209337383573082,77.62999725341797,56.130001068115234,64.3074005279541,0.6204905513850765,52.99191268563385,54.93703130873542,0.537125973705732,64.51000213623047,False,False,False,False,False,
NASDAQ:TMDX,,https://www.tradingview.com/chart/?symbol=NASDAQ%3ATMDX,False,,-47.02286107194476,8.898972485447905,87.45999908447266,62.0,79.17372100830079,0.3498694185745394,22.151561421409145,22.015502967625174,0.8784404573805646,82.83999633789062,False,False,False,False,False,
NASDAQ:TRVI,,https://www.tradingview.com/chart/?symbol=NASDAQ%3ATRVI,True,2026-09-16 13:30,-76.92353268450087,-76.92353268450087,15.024999618530273,10.34000015258789,12.551319900512695,0.5,14.055426632164474,-3.0321155197567364,0.6221778665875527,15.0600004196167,False,False,True,False,False,
NASDAQ:CLOV,,https://www.tradingview.com/chart/?symbol=NASDAQ%3ACLOV,False,,51.608774562664706,51.608774562664706,4.554999828338623,1.7100000381469727,2.6044400291442873,0.7506595828039686,15.883819053374614,24.251990226929482,0.9143546391539102,4.144999980926514,False,False,False,False,False,
NYSE:ATKR,,https://www.tradingview.com/chart/?symbol=NYSE%3AATKR,False,,67.49996458675359,78.07705680925119,94.5199966430664,55.31999969482422,64.58299969482422,0.9987260368978901,54.81330027624944,53.87826944754485,0.5198675496688742,75.5,False,False,False,False,False,
NYSE:EXK,,https://www.tradingview.com/chart/?symbol=NYSE%3AEXK,True,2026-09-16 09:30,-63.669222046397316,-62.660270936427914,9.524999618530273,7.406899929046631,8.4566514377594,0.47618081285836356,24.941994048414376,20.614446551923628,0.4754783357398617,9.354999542236328,False,False,True,False,False,
NASDAQ:AXTI,,https://www.tradingview.com/chart/?symbol=NASDAQ%3AAXTI,False,,-28.154617431777655,-23.034224289450645,64.29000091552734,36.93000030517578,61.45275936889648,0.26330479891210457,-15.230801850999384,-17.136841161159637,1.5105392447997508,68.79000091552734,False,False,False,False,False,
NASDAQ:PGNY,,https://www.tradingview.com/chart/?symbol=NASDAQ%3APGNY,False,,53.75490158067574,53.75490158067574,27.399999618530273,16.170000076293945,19.990840202331544,0.6936379970224628,1.371109419458816,2.135872436950251,0.6304517267001175,25.68000030517578,False,False,False,False,False,
NYSE:PBI,,https://www.tradingview.com/chart/?symbol=NYSE%3APBI,False,,-23.746378120355644,25.472642544331503,17.315000534057617,9.800000190734863,11.912200145721435,0.8396648607235884,19.173269569440603,17.58918075610584,0.5409489131456034,16.545000076293945,False,False,False,False,False,
NYSE:ROG,,https://www.tradingview.com/chart/?symbol=NYSE%3AROG,False,,20.68939519305248,20.68939519305248,128.47000122070312,98.19999694824219,114.34829766845704,0.44238221296920077,-16.973709147848194,-17.143404388108973,0.5159867486375423,132.61000061035156,False,False,False,False,False,
NYSE:WHR,,https://www.tradingview.com/chart/?symbol=NYSE%3AWHR,True,2026-09-16 09:30,-75.36558568331613,-73.35421973281626,32.40999984741211,32.40999984741211,38.739519775390626,0.0,-35.86533284041434,-48.07559592081836,0.6479826066760429,41.38999938964844,False,True,True,False,False,
NYSE:DAC,,https://www.tradingview.com/chart/?symbol=NYSE%3ADAC,False,,67.03208033143032,67.03208033143032,159.10000610351562,107.17500305175781,119.57444146728515,0.9882948170353627,78.6537302892226,78.615394530471,0.4064675500458437,129.25999450683594,False,False,False,False,False,
NASDAQ:CMPR,,https://www.tradingview.com/chart/?symbol=NASDAQ%3ACMPR,False,,-62.018699040760204,-62.018699040760204,81.5,69.5,78.08803985595704,0.3297609288615031,-22.17419000684094,-33.52791987779629,0.40433332655164933,90.0,False,False,False,False,False,
NASDAQ:PHVS,,https://www.tradingview.com/chart/?symbol=NASDAQ%3APHVS,False,,28.101283481702012,28.101283481702012,37.54999923706055,25.190000534057617,28.613180335998535,0.85211991851985,69.31170335668457,73.98636948193462,0.45858360877727733,31.6299991607666,False,False,False,False,False,
NASDAQ:EFSC,,https://www.tradingview.com/chart/?symbol=NASDAQ%3AEFSC,False,,-30.995329185300733,-30.995329185300733,62.03499984741211,52.45000076293945,56.247240798950195,0.5957115595757791,13.261617633273067,2.1631310776395747,0.25768738799595875,62.439998626708984,False,False,False,False,False,
NASDAQ:PAYO,,https://www.tradingview.com/chart/?symbol=NASDAQ%3APAYO,False,,-16.05639987927951,1.7513880540945186,7.159999847412109,4.409999847412109,5.062539928436279,0.994574921714213,41.2943425879865,38.731903256357725,0.4093264687607783,6.755000114440918,False,False,False,False,False,
NYSE:NTB,,https://www.tradingview.com/chart/?symbol=NYSE%3ANTB,False,,-30.381508108361846,-30.381508108361846,59.029998779296875,49.810001373291016,53.14940083312988,0.6515900280831858,32.54119463839839,21.85275603186026,0.24258524373383838,58.33000183105469,False,False,False,False,False,
NASDAQ:PONY,,https://www.tradingview.com/chart/?symbol=NASDAQ%3APONY,False,,-58.51189188431001,-50.53019023009534,6.565000057220459,6.565000057220459,8.209920007705689,0.0,-39.41050171012836,-46.86991845467513,0.838244154171124,8.3149995803833,False,True,False,False,False,
NYSE:NOG,,https://www.tradingview.com/chart/?symbol=NYSE%3ANOG,False,,24.901404081139162,33.56087927355788,25.329999923706055,17.3700008392334,20.546584030151365,0.5913774867620202,40.478810243549574,42.2034009136364,0.5495038908119839,24.4950008392334,False,False,False,False,False,
NYSE:COTY,,https://www.tradingview.com/chart/?symbol=NYSE%3ACOTY,False,,-36.25027452563906,-36.25027452563906,2.634999990463257,1.8450000286102295,2.1293800106048586,0.6556016696028757,41.774265044752276,34.87253928451379,0.5227765244281807,2.305000066757202,False,False,False,False,False,
NASDAQ:NMRK,,https://www.tradingview.com/chart/?symbol=NASDAQ%3ANMRK,False,,-62.54922021971998,-53.84122019644888,14.1899995803833,13.819999694824219,14.54569987487793,0.12032513618155721,-2.176898243770881,-19.788608700889114,0.20344034465784008,15.114999771118164,False,True,False,False,False,
NASDAQ:BANR,,https://www.tradingview.com/chart/?symbol=NASDAQ%3ABANR,False,,22.265630992319007,47.89498299749663,71.12000274658203,57.79999923706055,61.63735884094238,0.8191884922818062,54.78078259483019,51.631735237166936,0.24517488534913512,66.31999969482422,False,False,False,False,False,
NYSE:MAN,,https://www.tradingview.com/chart/?symbol=NYSE%3AMAN,False,,-54.98249533589979,-15.292151739388972,57.939998626708984,25.389999389648438,34.25415971374512,0.8666133665321671,72.16062784974342,64.41128891392346,1.1426833767510964,32.869998931884766,False,False,False,False,False,
NASDAQ:HIMX,,https://www.tradingview.com/chart/?symbol=NASDAQ%3AHIMX,False,,-19.237735408700193,-19.237735408700193,13.050000190734863,7.460000038146973,11.405920101165771,0.3343301473272793,-12.616954518255909,-16.32783904711312,1.2222222144763297,13.680000305175781,False,False,False,False,False,
NYSE:CTOS,,https://www.tradingview.com/chart/?symbol=NYSE%3ACTOS,False,,-39.97969806679078,-23.724401741376624,9.050000190734863,5.650000095367432,7.162760171890259,0.53042120489528,-19.65064962479012,-28.058586288431606,0.6581109317124133,9.739999771118164,False,False,False,False,False,
NASDAQ:SYBT,,https://www.tradingview.com/chart/?symbol=NASDAQ%3ASYBT,False,,-16.17483127655336,31.247076744688446,79.0199966430664,62.064998626708984,68.18919880676269,0.6533717733284902,36.12574362489249,27.29638735116306,0.3531088106569285,73.49009704589844,False,False,False,False,False,
TSX:BYD,,https://www.tradingview.com/chart/?symbol=TSX%3ABYD,False,,-7.993301509794267,6.3335890018347465,115.80999755859375,113.11000061035156,139.32960205078126,0.02430240143935284,-55.97515768414073,-56.864983828620964,0.7682467370840526,144.61500549316406,False,True,False,False,False,
NYSE:HE,,https://www.tradingview.com/chart/?symbol=NYSE%3AHE,False,,-74.08341856709471,-66.56651559938004,10.229999542236328,10.220000267028809,11.55812028503418,0.00176354057724375,-78.91348945251058,-80.48246602656609,0.41968911770797407,13.510000228881836,False,True,False,True,False,"WATCH: weekly+band ok, waiting on 4h dot"
NASDAQ:SKWD,,https://www.tradingview.com/chart/?symbol=NASDAQ%3ASKWD,False,,-30.30071068864677,18.36509065783173,57.27000045776367,41.310001373291016,47.06368162536621,0.6546348804449207,27.694013018937227,20.95583665826447,0.4909384040077827,49.65999984741211,False,False,False,False,False,
NASDAQ:DRVN,,https://www.tradingview.com/chart/?symbol=NASDAQ%3ADRVN,False,,-36.0377504400925,-14.482459323722523,12.069999694824219,10.28499984741211,11.513379829406738,0.3429394569791188,-26.412333678762327,-33.92290971040555,0.39824024829681204,13.069999694824219,False,False,False,False,False,
NYSE:PBH,,https://www.tradingview.com/chart/?symbol=NYSE%3APBH,False,,-65.60931704833082,-54.67037559041188,46.88999938964844,45.21500015258789,50.258319900512696,0.078380876030901,2.2970051141784538,-15.313068050835323,0.4168129264888424,51.27000045776367,False,True,False,False,False,
NYSE:CEPU,,https://www.tradingview.com/chart/?symbol=NYSE%3ACEPU,False,,-21.68847238957187,-21.68847238957187,13.670000076293945,12.800000190734863,13.812440181732178,0.20279717792428448,-41.79016781006211,-38.572953204511684,0.29104477805073886,14.739999771118164,False,True,False,False,False,
TSX:BDGI,,https://www.tradingview.com/chart/?symbol=TSX%3ABDGI,False,,-1.254163640116612,21.42724201100207,86.20999908447266,60.25,69.25811956787109,0.680115282415534,-14.261921387955907,-18.0976229419472,0.4507025276726573,84.69000244140625,False,False,False,False,False,
NYSE:MTX,,https://www.tradingview.com/chart/?symbol=NYSE%3AMTX,False,,-72.31446729586087,-58.56522202492878,68.83999633789062,65.5,69.59459963989258,0.19250701046876148,-45.85776803390911,-54.768609976736414,0.2377689212536087,72.97000122070312,False,True,False,False,False,
NASDAQ:PPTA,,https://www.tradingview.com/chart/?symbol=NASDAQ%3APPTA,False,,-72.56080944673515,-66.90719489844282,22.520000457763672,16.81999969482422,20.966519622802736,0.3244166682950235,-1.2066266130181142,-3.7053719398501617,0.6958415720722463,25.25,False,False,False,False,False,
NASDAQ:ZLAB,,https://www.tradingview.com/chart/?symbol=NASDAQ%3AZLAB,False,,-58.08300440694173,-24.08192900378525,24.68000030517578,16.399999618530273,18.911039924621583,0.7781954583955148,58.30023973948772,53.473991808476626,0.5365608339855478,19.829999923706055,False,False,False,False,False,
TSX:VNP,,https://www.tradingview.com/chart/?symbol=TSX%3AVNP,False,,-17.993347856750205,-17.993347856750205,24.610000610351562,23.309999465942383,29.3586792678833,0.05072185669046648,-49.55251148291892,-50.620273097832154,0.7622304583127614,33.625,False,True,False,False,False,
NYSE:YSS,,https://www.tradingview.com/chart/?symbol=NYSE%3AYSS,False,,-62.450313596504834,-42.10261680606491,8.229999542236328,7.460000038146973,15.932400173187256,0.021448453811043225,-70.2712279024221,-67.16490046007063,1.5447504701277932,23.239999771118164,False,True,False,True,False,"WATCH: weekly+band ok, waiting on 4h dot"
NYSE:BGSI,,https://www.tradingview.com/chart/?symbol=NYSE%3ABGSI,False,,-8.033556514381992,2.308319163842032,82.91999816894531,81.7699966430664,101.25179916381836,0.013930967620595019,-53.36610252885037,-54.94794645352351,0.7976231556153912,103.49500274658203,False,True,False,False,False,
NASDAQ:VCEL,,https://www.tradingview.com/chart/?symbol=NASDAQ%3AVCEL,False,,-67.56266660062037,3.2090617760955786,40.20000076293945,29.34000015258789,33.81574018859863,0.572633826679387,0.8089775274029302,-9.541895380335447,0.5006599687915879,37.880001068115234,False,False,False,False,False,
NYSE:CALX,,https://www.tradingview.com/chart/?symbol=NYSE%3ACALX,False,,-55.39897134381045,-17.601909981366425,35.439998626708984,34.43000030517578,38.95411987304688,0.05268640678168467,-39.48675343886462,-46.8385384378783,0.4840908815052873,39.599998474121094,False,True,False,False,False,
NYSE:RAMP,,https://www.tradingview.com/chart/?symbol=NYSE%3ARAMP,False,,-52.03954207343603,-37.22736753621249,37.869998931884766,25.53499984741211,28.50270002746582,0.9809143806039264,31.72488679037194,29.83171075906529,0.3343525806664938,37.61000061035156,False,False,False,False,False,
NYSE:HUN,,https://www.tradingview.com/chart/?symbol=NYSE%3AHUN,False,,-58.6217658673566,-58.6217658673566,9.1899995803833,9.1899995803833,10.785383266448974,0.0,-50.23410877641578,-50.63627094559845,0.5573042292585862,12.130000114440918,False,True,False,False,False,
NASDAQ:PLSE,,https://www.tradingview.com/chart/?symbol=NASDAQ%3APLSE,False,,18.741377812283606,18.741377812283606,49.560001373291016,17.899999618530273,27.268019996643066,0.7975815714043885,90.3363775890636,85.4941942764338,1.5367790057847381,25.829999923706055,False,False,False,False,False,
NASDAQ:CLDX,,https://www.tradingview.com/chart/?symbol=NASDAQ%3ACLDX,False,,-78.08392812184997,-30.017564014814297,38.689998626708984,28.56999969482422,32.41679951477051,0.6208588592369623,45.84831118340771,36.52742413461954,0.48224850902328287,33.79999923706055,False,False,False,False,False,
NASDAQ:SLDE,,https://www.tradingview.com/chart/?symbol=NASDAQ%3ASLDE,False,,59.42535692444428,78.89585226062037,25.68000030517578,16.049999237060547,18.51147930908203,0.9232982537245416,71.49539209818738,74.76943758903616,0.55508247988199,18.790000915527344,False,False,False,False,False,
NASDAQ:NWL,,https://www.tradingview.com/chart/?symbol=NASDAQ%3ANWL,False,,-48.63940269267666,-48.63940269267666,5.699999809265137,3.2674999237060547,4.0044099102020265,0.7790231962002072,48.61776396390343,41.93618644959552,0.6707840605893544,4.65500020980835,False,False,False,False,False,
NASDAQ:RNW,,https://www.tradingview.com/chart/?symbol=NASDAQ%3ARNW,False,,-7.96233822923078,-5.679257688214782,6.840000152587891,4.480000019073486,5.0464000415802,0.9833333498901784,63.52435701549778,61.93352614470474,0.39056144879036614,6.144999980926514,False,False,False,False,False,
NASDAQ:ANAB,,https://www.tradingview.com/chart/?symbol=NASDAQ%3AANAB,False,,-61.8452946560268,-56.88771079335039,54.36000061035156,36.88999938964844,44.663839965820316,0.5303582248294851,-6.527587655370315,-16.214756330560768,0.5900053978340337,55.83000183105469,False,False,False,False,False,
NASDAQ:PLUS,,https://www.tradingview.com/chart/?symbol=NASDAQ%3APLUS,False,,28.665585803947753,52.33267341757565,92.27999877929688,73.12000274658203,78.72618209838868,0.8065669647660356,43.98270509911836,50.121342381301595,0.2810577164802421,84.5199966430664,False,False,False,False,False,
NYSE:AGM,,https://www.tradingview.com/chart/?symbol=NYSE%3AAGM,False,,-24.704206296403452,-24.704206296403452,220.85499572753906,137.06500244140625,162.87278143310547,0.7662200773606892,57.11225151811331,51.75077651629566,0.5982875394346785,182.77999877929688,False,False,False,False,False,
NASDAQ:LMAT,,https://www.tradingview.com/chart/?symbol=NASDAQ%3ALMAT,False,,-21.893247553267344,8.398505205630782,80.31999969482422,78.80999755859375,87.90071856689453,0.03920046647840101,-55.95937122263123,-55.2702007092782,0.3862816265636357,99.72000122070312,False,True,False,False,False,
NYSE:SHAK,,https://www.tradingview.com/chart/?symbol=NYSE%3ASHAK,False,,-74.12030995481324,-74.12030995481324,56.65999984741211,52.29999923706055,64.66639869689942,0.08320612215258134,4.623540047111777,-7.238653764066726,0.771723071187418,67.9000015258789,False,True,False,False,False,
TSX:HWX,,https://www.tradingview.com/chart/?symbol=TSX%3AHWX,False,,-64.02374266845608,2.837014048265671,13.970000267028809,11.4399995803833,12.197559589385985,0.7881621983113726,56.981028077743986,54.98638674277467,0.24961120714184912,12.859999656677246,False,False,False,False,False,
TSX:SVM,,https://www.tradingview.com/chart/?symbol=TSX%3ASVM,False,,-71.52692163802284,-68.2967333288242,15.640000343322754,12.270000457763672,14.453000457763672,0.36432431195233317,18.4949040089529,13.905425319433618,0.5784865623768022,15.989999771118164,False,False,False,False,False,
NASDAQ:PDFS,,https://www.tradingview.com/chart/?symbol=NASDAQ%3APDFS,False,,-30.68170526588963,-30.68170526588963,41.97999954223633,30.90999984741211,40.31341923522949,0.2778265884177378,-24.557528463969067,-29.86394403575607,0.8591913187278891,46.375,False,False,False,False,False,
NASDAQ:HTO,,https://www.tradingview.com/chart/?symbol=NASDAQ%3AHTO,False,,-47.64941105284112,-37.73188620511221,63.189998626708984,55.16999816894531,57.58899816894531,0.7824390690501143,55.29503166727892,48.82621628340755,0.17270430098611372,59.349998474121094,False,False,False,False,False,
NASDAQ:GCMG,,https://www.tradingview.com/chart/?symbol=NASDAQ%3AGCMG,False,,-68.68672230066772,-59.392707719204374,12.6899995803833,9.460000038146973,10.564480110168457,0.6901707973531871,46.9704571555747,34.173584089155504,0.4098073795017478,11.420000076293945,False,False,False,False,False,
NYSE:HNI,,https://www.tradingview.com/chart/?symbol=NYSE%3AHNI,True,2026-09-16 13:30,-56.00474811664225,-56.00474811664225,46.209999084472656,29.290000915527344,34.20824095153809,0.811900098131439,52.40669023693539,46.187801518892016,0.5530785558333787,37.68000030517578,False,False,False,False,False,
NASDAQ:NWBI,,https://www.tradingview.com/chart/?symbol=NASDAQ%3ANWBI,False,,10.351798055848766,32.831114553844664,15.449999809265137,12.095000267028809,13.035460186004638,0.841907109481103,48.377526222079275,44.581127716924875,0.2740715039293153,14.539999961853027,False,False,False,False,False,
NASDAQ:KOD,,https://www.tradingview.com/chart/?symbol=NASDAQ%3AKOD,False,,-73.45324306189207,-55.97095493379398,32.790000915527344,21.309999465942383,27.235959159851074,0.45718845251123236,-12.494005498923576,-27.21623311782041,0.6436811018559417,39.0099983215332,False,False,False,False,False,
NYSE:HCI,,https://www.tradingview.com/chart/?symbol=NYSE%3AHCI,False,,-19.70382145164233,-7.766983991958411,188.22999572753906,148.60000610351562,158.70316552734374,0.9257181005390654,55.78498220138434,53.09546517351365,0.2611161839308149,163.9499969482422,False,False,False,False,False,
TSX:NFI,,https://www.tradingview.com/chart/?symbol=TSX%3ANFI,False,,-14.873313472583817,-6.319951022252849,23.860000610351562,15.550000190734863,18.020920253753662,0.7936962949070605,15.748738083467401,10.5960821780319,0.46164021720226606,22.68000030517578,False,False,False,False,False,
NYSE:CDLR,,https://www.tradingview.com/chart/?symbol=NYSE%3ACDLR,False,,-15.421593852110666,-15.421593852110666,25.170000076293945,21.1200008392334,23.12954069519043,0.4756311834835916,28.28822663427543,33.350755156631855,0.35398043157855674,24.05500030517578,False,False,False,False,False,
NASDAQ:LUNR,,https://www.tradingview.com/chart/?symbol=NASDAQ%3ALUNR,False,,-59.53531673975555,-59.53531673975555,13.859999656677246,11.385000228881836,19.476259742736815,0.07218899158524575,-30.23128485029878,-33.52468797425912,1.775964641185293,19.30500030517578,False,True,False,False,False,
NYSE:MNR,,https://www.tradingview.com/chart/?symbol=NYSE%3AMNR,False,,-85.14703820789755,-85.14703820789755,10.890000343322754,10.890000343322754,11.850520271301269,0.0,-19.342721110258825,-40.53656102631078,0.3099771256169194,13.130000114440918,False,True,False,False,False,
NYSE:HTH,,https://www.tradingview.com/chart/?symbol=NYSE%3AHTH,False,,2.476714223883564,32.19377466680333,38.709999084472656,34.310001373291016,35.72482112121582,0.7339447031057813,34.28234678880582,28.570593401481524,0.15780465035574887,37.9900016784668,False,False,False,False,False,
NYSE:OFG,,https://www.tradingview.com/chart/?symbol=NYSE%3AOFG,False,,3.0304384018442256,32.95238206948387,52.4900016784668,38.5099983215332,42.152658645629884,0.9057338589632279,54.23594167087665,50.131975990438555,0.32987820199355633,46.790000915527344,False,False,False,False,False,
NASDAQ:MBIN,,https://www.tradingview.com/chart/?symbol=NASDAQ%3AMBIN,False,,-8.146911690805428,-8.146911690805428,52.630001068115234,41.2400016784668,44.80006146240234,0.7550546954538718,53.890234170013834,48.14498102770675,0.310390937409293,48.599998474121094,False,False,False,False,False,
NYSE:WTTR,,https://www.tradingview.com/chart/?symbol=NYSE%3AWTTR,False,,19.843024386175735,19.843024386175735,20.309999465942383,13.864999771118164,15.850939987182617,0.765894116889746,43.3695110182508,44.17610040306977,0.4548649143528294,18.5,False,False,False,False,False,
NYSE:BKE,,https://www.tradingview.com/chart/?symbol=NYSE%3ABKE,True,2026-09-16 09:30,-69.08995384789,-62.08104716413612,40.06999969482422,39.66999816894531,43.67255885314941,0.023584991597995753,-40.23299723105374,-50.90510243372045,0.37431035941586555,45.310001373291016,False,True,True,False,False,"NEAR: 4h+band ok, weekly shallow"
NYSE:AERO,,https://www.tradingview.com/chart/?symbol=NYSE%3AAERO,False,,-29.828246084970555,-29.828246084970555,14.789999961853027,12.359999656677246,13.797239917755126,0.39901475595416036,-32.719812144731236,-33.392642790307455,0.391136880258684,15.569999694824219,False,False,False,False,False,
NASDAQ:SLS,,https://www.tradingview.com/chart/?symbol=NASDAQ%3ASLS,True,2026-09-16 09:30,-70.12731910690924,-67.55398335806876,11.670000076293945,3.9760000705718994,6.687404089927673,0.6696840413262465,50.30950915780901,37.258224619489326,1.3413894506579573,8.5649995803833,False,False,True,False,False,
NASDAQ:IMOS,,https://www.tradingview.com/chart/?symbol=NASDAQ%3AIMOS,False,,-46.11811958250996,-41.08207799315327,54.744998931884766,34.89500045776367,44.72086006164551,0.476762321949101,-0.4459626897650463,-6.11027121964162,0.7619875326979042,54.63999938964844,False,False,False,False,False,
NASDAQ:LCID,,https://www.tradingview.com/chart/?symbol=NASDAQ%3ALCID,False,,-66.10033655864522,-61.82749314354402,4.050000190734863,2.9800000190734863,4.801919969558716,0.13860106227215507,-45.06704018675612,-52.27038181958998,1.2312599383853382,6.269999980926514,False,True,False,False,False,
NYSE:ELPC,,https://www.tradingview.com/chart/?symbol=NYSE%3AELPC,False,,17.78175564471283,19.13104950500817,12.569999694824219,10.324999809265137,11.09081978225708,0.691833579270617,0.9319257305837164,16.747752879612438,0.2780633988298653,11.670000076293945,False,False,False,False,False,
AMEX:SVM,,https://www.tradingview.com/chart/?symbol=AMEX%3ASVM,False,,-71.68097487264725,-68.85263256036153,11.170000076293945,8.729999542236328,10.37727965927124,0.34957025224957133,18.738998190111385,14.05559001870281,0.6053773337002457,11.529999732971191,False,False,False,False,False,
NYSE:SHO,,https://www.tradingview.com/chart/?symbol=NYSE%3ASHO,False,,-23.01158170737403,-5.108029915520067,11.015000343322754,8.890000343322754,9.622780235290527,0.6843801331028543,4.509750821800922,-3.4988071058241137,0.28343218291743383,10.954999923706055,False,False,False,False,False,
NASDAQ:SPSC,,https://www.tradingview.com/chart/?symbol=NASDAQ%3ASPSC,False,,-20.27657378907833,2.5423892858082953,80.56999969482422,49.15999984741211,57.71500074768066,0.8664826632287742,70.33145397202128,66.5876898530624,0.6206129756787415,58.40999984741211,False,False,False,False,False,
NASDAQ:VNET,,https://www.tradingview.com/chart/?symbol=NASDAQ%3AVNET,False,,-50.08862111187481,-50.08862111187481,6.059999942779541,5.945000171661377,7.250080221176147,0.02079561785805964,-61.25069827690996,-62.23933481388732,0.6606929851157302,8.369999885559082,False,True,False,True,False,
NYSE:GTY,,https://www.tradingview.com/chart/?symbol=NYSE%3AGTY,False,,-89.2694941101658,-89.2694941101658,30.100000381469727,30.100000381469727,31.63399993133545,0.0,-15.423644877892526,-30.790316396037422,0.19566519728483592,33.220001220703125,False,True,False,False,False,
NASDAQ:IMNM,,https://www.tradingview.com/chart/?symbol=NASDAQ%3AIMNM,True,2026-09-16 09:30,-78.67533516226645,-74.8264704455372,23.459999084472656,17.920000076293945,20.72839998626709,0.46554615006474565,48.449216367303684,35.24519544583811,0.526781741396625,22.59000015258789,False,False,True,False,False,
NASDAQ:HSAI,,https://www.tradingview.com/chart/?symbol=NASDAQ%3AHSAI,False,,-44.06525846119183,-44.06525846119183,16.670000076293945,14.59000015258789,17.288660026550293,0.18189768437690412,-14.741307052326574,-18.845367862126444,0.604706481132378,18.90999984741211,False,True,False,False,False,
NASDAQ:LILA,,https://www.tradingview.com/chart/?symbol=NASDAQ%3ALILA,False,,47.18739467296874,54.71329896269185,8.744999885559082,4.795000076293945,5.768500076293945,0.9575757113370028,60.54559613642138,58.83111586846515,0.7190053156055057,5.7370924949646,False,False,False,False,False,
NYSE:LTC,,https://www.tradingview.com/chart/?symbol=NYSE%3ALTC,False,,61.12504908644083,69.08459004887304,43.09000015258789,34.7400016784668,36.79792106628418,0.9575689172074833,56.3811935065983,63.59228514514894,0.2247422056049112,38.79999923706055,False,False,False,False,False,
NYSE:NWN,,https://www.tradingview.com/chart/?symbol=NYSE%3ANWN,True,2026-09-16 09:30,-61.165679685577906,-55.79962137115555,48.689998626708984,47.65999984741211,49.59047991943359,0.1259167164877925,-27.26579636912666,-39.34820826524277,0.16233380441072578,50.38999938964844,False,True,True,False,False,
NYSE:PRKS,,https://www.tradingview.com/chart/?symbol=NYSE%3APRKS,False,,-76.98663766791503,-68.65923902454443,36.1349983215332,29.670000076293945,34.09971973419189,0.34443253833369664,-16.257667745483683,-33.02508779974768,0.4681381214355249,40.095001220703125,False,False,False,False,False,
NYSE:KSS,,https://www.tradingview.com/chart/?symbol=NYSE%3AKSS,False,,-51.07320222685548,-51.07320222685548,16.459999084472656,11.625,13.639259963989257,0.5664908226024952,23.96850517148319,11.052852622977632,0.5268518176207452,16.200000762939453,False,False,False,False,False,
NYSE:CBZ,,https://www.tradingview.com/chart/?symbol=NYSE%3ACBZ,False,,-17.62522113476432,5.033664069237008,54.599998474121094,24.3799991607666,31.671219718933106,0.9781517073932952,68.30290867100314,63.66114032733125,0.9311332754958704,33.18000030517578,False,False,False,False,False,
NYSE:RDW,,https://www.tradingview.com/chart/?symbol=NYSE%3ARDW,False,,-18.215631493511577,-18.215631493511577,10.795000076293945,7.699999809265137,11.975139980316161,0.17085289225481187,-11.696527471696614,-14.737270747333685,1.7073516786960565,10.609999656677246,False,True,False,False,False,
NASDAQ:AGIO,,https://www.tradingview.com/chart/?symbol=NASDAQ%3AAGIO,False,,-39.24137572156559,-39.24137572156559,32.97999954223633,24.459999084472656,29.073798904418943,0.43580566702081885,4.8475767688063245,-0.07255968953821501,0.5961274684739303,32.79499816894531,False,False,False,False,False,
NYSE:CCU,,https://www.tradingview.com/chart/?symbol=NYSE%3ACCU,True,2026-09-16 09:30,-61.99168498235269,-61.766253543162385,11.399999618530273,10.744999885559082,11.213459804534912,0.32997473363175095,21.493088054062053,8.97764887738043,0.1708261339265702,11.619999885559082,False,False,True,False,False,
NASDAQ:NEOG,,https://www.tradingview.com/chart/?symbol=NASDAQ%3ANEOG,False,,11.264804314463019,74.83414199401437,12.550000190734863,8.194999694824219,9.298299739837645,0.9315508702099287,71.44340978460433,70.86245054068534,0.4962845172899532,9.420000076293945,False,False,False,False,False,
NASDAQ:CHA,,https://www.tradingview.com/chart/?symbol=NASDAQ%3ACHA,False,,28.802337598704256,28.802337598704256,12.210000038146973,9.170000076293945,10.121080013275147,0.7543424722789576,6.0557091580939,22.198234409672487,0.3670309563738278,10.979999542236328,False,False,False,False,False,
NYSE:GRC,,https://www.tradingview.com/chart/?symbol=NYSE%3AGRC,True,2026-09-16 09:30,-67.353585022731,-62.44522860178218,72.2300033569336,57.310001373291016,65.5351672821045,0.4280911178176573,-19.430488675683772,-31.03364991587814,0.45684096867808066,76.29000091552734,False,False,True,False,False,
NASDAQ:GT,,https://www.tradingview.com/chart/?symbol=NASDAQ%3AGT,False,,-70.72811061227277,-67.88571229276907,5.164999961853027,5.164999961853027,5.707800006866455,0.0,-36.150336542843235,-48.78297372580174,0.3541185883388021,6.494999885559082,False,True,False,False,False,
NASDAQ:ASTH,,https://www.tradingview.com/chart/?symbol=NASDAQ%3AASTH,False,,-11.789987993318094,11.903738811319782,37.68000030517578,23.25,29.612559783935545,0.5352374182195947,-2.7556843549887557,-5.723862663502029,0.7124735458709783,37.84000015258789,False,False,False,False,False,
NASDAQ:HTFL,,https://www.tradingview.com/chart/?symbol=NASDAQ%3AHTFL,False,,-33.12004689463681,2.2706567000348112,48.29999923706055,20.489999771118164,27.61837975311279,0.9207084766160194,57.11010790445684,57.877970097288774,1.0321202991171123,29.264999389648438,False,False,False,False,False,
NYSE:AIN,,https://www.tradingview.com/chart/?symbol=NYSE%3AAIN,False,,-17.911096623416995,-13.967237249652905,60.150001525878906,48.9900016784668,55.56024171447754,0.40086206128755075,-17.466722552016886,-21.60236966219434,0.4523886860320715,61.540000915527344,False,False,False,False,False,
NYSE:IMAX,,https://www.tradingview.com/chart/?symbol=NYSE%3AIMAX,False,,-0.653064761351216,32.81491766051868,52.125,33.09000015258789,38.23952008056641,0.8723648081410046,66.38669156212772,63.59161374977046,0.5554636038125899,39.282501220703125,False,False,False,False,False,
NYSE:BBUC,,https://www.tradingview.com/chart/?symbol=NYSE%3ABBUC,True,2026-09-16 09:30,-67.88872965750816,-64.31195094901797,25.600000381469727,25.600000381469727,27.813680183410646,0.0,-79.80790518603783,-82.56311172425946,0.29608582924268867,31.68000030517578,False,True,True,True,True,FULL PASS
NASDAQ:MLCO,,https://www.tradingview.com/chart/?symbol=NASDAQ%3AMLCO,True,2026-09-16 13:30,-88.78063642261502,-88.78063642261502,4.570000171661377,4.570000171661377,4.913380153656006,0.0,-53.08717034800543,-66.98574211193838,0.2645454406738281,5.5,False,True,True,False,False,"NEAR: 4h+band ok, weekly shallow"
NYSE:FCF,,https://www.tradingview.com/chart/?symbol=NYSE%3AFCF,False,,27.302758271333136,45.40778230866888,21.219999313354492,16.600000381469727,17.912160255432127,0.8309351395057565,50.920666206005706,48.242868420307694,0.2849090258691802,19.514999389648438,False,False,False,False,False,
NYSE:MD,,https://www.tradingview.com/chart/?symbol=NYSE%3AMD,False,,-28.135374287674225,-28.135374287674225,26.1299991607666,19.459999084472656,21.324399444580077,0.8443036440492183,53.1355092480041,49.89821474585186,0.33347409657174015,23.690000534057617,False,False,False,False,False,
NASDAQ:MESO,,https://www.tradingview.com/chart/?symbol=NASDAQ%3AMESO,True,2026-09-16 09:30,-68.55868708661792,-67.93541080146075,14.414999961853027,13.125,14.44541983795166,0.23056302415872962,26.25036725497274,10.087413179951266,0.37225544995059356,15.029999732971191,False,True,True,False,False,
NYSE:STC,,https://www.tradingview.com/chart/?symbol=NYSE%3ASTC,False,,-54.830031230567094,-54.830031230567094,65.55999755859375,57.5099983215332,60.99571842956543,0.5450236281359871,15.576012266860012,-1.4385533889118527,0.21930216469773153,67.3499984741211,False,False,False,False,False,
NASDAQ:MCRI,,https://www.tradingview.com/chart/?symbol=NASDAQ%3AMCRI,False,,11.942437762190755,50.27726413885008,123.5999984741211,94.09400177001953,103.40089706420898,0.7481995877309824,3.9586407996126396,3.9023627970086348,0.327310427102983,120.48500061035156,False,False,False,False,False,
NYSE:NMM,,https://www.tradingview.com/chart/?symbol=NYSE%3ANMM,False,,44.85582970595482,59.08505838516262,92.66999816894531,58.88999938964844,66.94467874145508,0.9897451361767677,84.87782093478414,83.31392020255734,0.46965732920581016,72.66999816894531,False,False,False,False,False,
NYSE:NUVB,,https://www.tradingview.com/chart/?symbol=NYSE%3ANUVB,False,,-81.2306839824361,-77.47378796285598,5.78000020980835,4.059999942779541,4.8175599517822265,0.535825621990244,49.169794522859185,32.983676208299,0.6263414708579459,5.125,False,False,False,False,False,
NASDAQ:BAND,,https://www.tradingview.com/chart/?symbol=NASDAQ%3ABAND,False,,8.931372532761118,8.931372532761118,48.95000076293945,14.90999984741211,29.91723988342285,0.5353043062407044,-6.269570275354124,-5.11650935565794,1.2728182809825426,49.959999084472656,False,False,False,False,False,
NASDAQ:IOSP,,https://www.tradingview.com/chart/?symbol=NASDAQ%3AIOSP,True,2026-09-16 09:30,-66.76853450530076,-52.2737159369417,92.97000122070312,65.94000244140625,72.97398251342773,0.9068947660639005,70.3363781618818,64.2930706341702,0.3642752434165701,81.81999969482422,False,False,True,False,False,
NASDAQ:AXGN,,https://www.tradingview.com/chart/?symbol=NASDAQ%3AAXGN,False,,-79.22997737788062,-25.794676945932736,45.470001220703125,29.25,34.61192028808594,0.7139084660753886,45.31363357982411,32.20117806438997,0.5454327664509568,41.654998779296875,False,False,False,False,False,
NASDAQ:URGN,,https://www.tradingview.com/chart/?symbol=NASDAQ%3AURGN,False,,-48.53495066439468,-42.13644272503453,43.5,16.959999084472656,24.89667933654785,0.7891763328158216,55.226129883146506,47.38694617612478,1.0904669553087931,30.84000015258789,False,False,False,False,False,
NASDAQ:ADUS,,https://www.tradingview.com/chart/?symbol=NASDAQ%3AADUS,False,,-38.17705560917973,-30.889765942593126,118.43000030517578,88.37999725341797,96.23171826171875,0.9032160863481324,51.72483594841456,48.346146275041534,0.3343382932191467,99.51000213623047,False,False,False,False,False,
NASDAQ:AVAH,,https://www.tradingview.com/chart/?symbol=NASDAQ%3AAVAH,False,,61.9006223018128,61.9006223018128,14.25,6.21999979019165,8.208299947738647,0.9531156763839752,83.25346195519971,81.70212270995872,1.1049181203373144,7.625,False,False,False,False,False,
NASDAQ:HRMY,,https://www.tradingview.com/chart/?symbol=NASDAQ%3AHRMY,False,,5.132133120839348,26.246828992112768,42.220001220703125,26.520000457763672,30.42580027770996,0.9486405732141857,73.95298277283385,74.2185071813104,0.4937350540288358,33.52000045776367,False,False,False,False,False,
NYSE:SPB,,https://www.tradingview.com/chart/?symbol=NYSE%3ASPB,False,,-49.77919850526883,-35.23783502285399,86.63999938964844,69.73999786376953,74.88597793579102,0.7750516528021973,36.76276348721172,25.5023441004238,0.2604515048643313,83.72000122070312,False,False,False,False,False,
NYSE:HMN,,https://www.tradingview.com/chart/?symbol=NYSE%3AHMN,False,,-53.58721157759595,-40.75963363442176,49.38999938964844,41.5099983215332,44.625198501586915,0.5969697433835959,19.8039603942849,4.031544960219424,0.2718286735922483,48.560001373291016,False,False,False,False,False,
NASDAQ:SGRY,,https://www.tradingview.com/chart/?symbol=NASDAQ%3ASGRY,False,,-24.54465458266445,-24.54465458266445,13.949999809265137,11.5,12.869980072021484,0.4220499018890143,-22.939840080541376,-28.229516713385898,0.40865894659302954,14.204999923706055,False,False,False,False,False,
NASDAQ:NRIX,,https://www.tradingview.com/chart/?symbol=NASDAQ%3ANRIX,True,2026-09-16 13:30,-56.38519919628851,-56.38519919628851,25.149999618530273,14.369999885559082,17.58195980453491,0.7920646586998539,59.436321037265266,52.121488534086595,0.7777142660958426,17.5,False,False,False,False,False,
NYSE:VSTS,,https://www.tradingview.com/chart/?symbol=NYSE%3AVSTS,False,,5.126127632257755,37.200280277393546,13.779999732971191,7.070000171661377,9.371000059127807,0.6882051168688806,6.095831005901515,5.133603024251275,0.764106531996296,12.760000228881836,False,False,False,False,False,
NASDAQ:SION,,https://www.tradingview.com/chart/?symbol=NASDAQ%3ASION,False,,19.368772272210446,19.368772272210446,7.034999847412109,4.139999866485596,15.189519681930541,0.06183255081760719,-34.86285265114078,-37.51127728173476,1.2035989044072206,38.900001525878906,False,True,False,False,False,
NASDAQ:ATEX,,https://www.tradingview.com/chart/?symbol=NASDAQ%3AATEX,True,2026-09-16 09:30,-77.78682168730806,-76.82224328638158,76.12999725341797,35.70000076293945,52.78168101501465,0.5585796614237506,18.326891856601772,2.0092019952312636,0.9699812168853157,74.62000274658203,False,False,True,False,False,
NASDAQ:FLYW,,https://www.tradingview.com/chart/?symbol=NASDAQ%3AFLYW,False,,-47.07305629902324,-43.56595900816624,17.809999465942383,11.25,13.214700180053711,0.7879878516222657,45.66977488723379,38.01771860058828,0.5159591351004511,16.135000228881836,False,False,False,False,False,
NYSE:ARR,,https://www.tradingview.com/chart/?symbol=NYSE%3AARR,False,,-85.51328157263544,-85.51328157263544,14.819999694824219,14.819999694824219,15.532719802856445,0.0,-26.002559023315893,-49.77518067119816,0.17848702388570878,16.920000076293945,False,True,False,False,False,
TSX:FRU,,https://www.tradingview.com/chart/?symbol=TSX%3AFRU,False,,-23.660442312483138,14.3974755393959,17.43000030517578,15.760000228881836,16.300439994812013,0.7292579910862647,48.2024876527072,49.560270721239206,0.13279204968020805,17.2450008392334,False,False,False,False,False,
NYSE:DEI,,https://www.tradingview.com/chart/?symbol=NYSE%3ADEI,True,2026-09-16 09:30,-70.64377348134258,-67.90873922857936,10.359999656677246,9.1899995803833,10.04903966140747,0.32142856207148524,-17.585951028005137,-35.876741725494455,0.31379312272587734,11.600000381469727,False,False,True,False,False,
NASDAQ:INOD,,https://www.tradingview.com/chart/?symbol=NASDAQ%3AINOD,False,,-50.21439253138735,-11.229875459183688,55.40999984741211,34.45000076293945,54.99616108703613,0.240753489017322,-34.96749624513251,-37.753062153974874,1.4272131372670658,61.0,False,False,False,False,False,
NYSE:BOBS,,https://www.tradingview.com/chart/?symbol=NYSE%3ABOBS,False,,-63.180554638546816,-63.180554638546816,14.614999771118164,9.850000381469727,12.10616025543213,0.4984309263430199,37.99874814080179,21.48708708698051,0.6694677622345632,14.279999732971191,False,False,False,False,False,
NYSE:TGLS,,https://www.tradingview.com/chart/?symbol=NYSE%3ATGLS,True,2026-09-16 09:30,-65.93346597609373,-63.91791005651163,36.915000915527344,36.220001220703125,39.08740068054199,0.057201631748836516,-47.90808622090455,-56.35030153335826,0.2802767736758952,43.349998474121094,False,True,True,False,False,"NEAR: 4h+band ok, weekly shallow"
NASDAQ:BCRX,,https://www.tradingview.com/chart/?symbol=NASDAQ%3ABCRX,False,,-65.31544879244302,-50.694396203115865,8.449999809265137,8.03499984741211,8.763059856414795,0.13452186603611843,11.8095811472315,-11.202177133726055,0.33118627773679715,9.3149995803833,False,True,False,False,False,
NASDAQ:CNXN,,https://www.tradingview.com/chart/?symbol=NASDAQ%3ACNXN,False,,64.27619489063365,65.83226480342786,87.0,55.869998931884766,63.45267918395996,0.9688764404993323,60.59215964840962,64.20296228138712,0.45208950620630367,71.06999969482422,False,False,False,False,False,
NASDAQ:EVCM,,https://www.tradingview.com/chart/?symbol=NASDAQ%3AEVCM,False,,-68.75264511882308,2.307249861624152,7.96999979019165,6.300000190734863,7.7278002357482904,0.27603298294341716,-45.68116970897176,-53.18897432789188,0.5761904943557012,10.5,False,False,False,False,False,
NYSE:AGL,,https://www.tradingview.com/chart/?symbol=NYSE%3AAGL,False,,6.51699337973156,6.51699337973156,89.6500015258789,7.900000095367432,36.69436093711853,0.6700270391008765,-1.3274277515895754,-5.87342484505911,1.360959302733774,89.6500015258789,False,False,False,False,False,
NASDAQ:NEXT,,https://www.tradingview.com/chart/?symbol=NASDAQ%3ANEXT,False,,-34.5032461789935,-34.5032461789935,7.070000171661377,5.505000114440918,6.354599979400635,0.43472230721404403,-7.611117140346938,-5.561540802794923,0.48064079276440014,7.489999771118164,False,False,False,False,False,
NASDAQ:SRCE,,https://www.tradingview.com/chart/?symbol=NASDAQ%3ASRCE,False,,17.40687609755658,29.40694980780258,86.01000213623047,66.16000366210938,72.06118301391602,0.7938412579272637,53.98787478869249,48.90215958997,0.32327081766890875,77.3499984741211,False,False,False,False,False,
NYSE:NGL,,https://www.tradingview.com/chart/?symbol=NYSE%3ANGL,False,,-66.06091973172487,-66.06091973172487,16.309999465942383,11.03499984741211,12.910019775390625,0.6639395621332345,55.463530545581456,46.571844767078765,0.49984268424123285,15.895000457763672,False,False,False,False,False,
NASDAQ:NBTX,,https://www.tradingview.com/chart/?symbol=NASDAQ%3ANBTX,False,,-64.28921141359673,-64.28921141359673,34.404998779296875,28.950000762939453,35.51785688781738,0.1960121396362468,22.42106788048487,1.8104466738148943,0.7445130561530974,37.380001068115234,False,True,False,False,False,
NYSE:ALG,,https://www.tradingview.com/chart/?symbol=NYSE%3AALG,False,,-19.358545760471827,-19.358545760471827,168.27000427246094,146.91000366210938,154.72396380615234,0.6451223260827588,30.395393740204838,33.41179583725421,0.2005669937573564,165.08200073242188,False,False,False,False,False,
NASDAQ:INTA,,https://www.tradingview.com/chart/?symbol=NASDAQ%3AINTA,False,,-60.118298843663105,-52.79157737455933,36.97999954223633,19.149999618530273,24.96267942047119,0.7239139476751448,68.55564137770396,59.848328588024295,0.9746734750532843,25.270000457763672,False,False,False,False,False,
NASDAQ:GHRS,,https://www.tradingview.com/chart/?symbol=NASDAQ%3AGHRS,False,,-41.723633267851056,-10.9149429932932,27.850000381469727,13.029999732971191,17.15763990402222,0.8473413398714639,39.92790519226319,33.08116056467847,0.7654267147836045,22.850000381469727,False,False,False,False,False,
NASDAQ:MBX,,https://www.tradingview.com/chart/?symbol=NASDAQ%3AMBX,False,,-55.73997086427014,-30.80983898329985,61.56999969482422,26.604999542236328,37.01141893005371,0.7929470962578072,45.175645633791426,37.21570052058698,1.1168945774386936,39.47999954223633,False,False,False,False,False,
NASDAQ:MRVI,,https://www.tradingview.com/chart/?symbol=NASDAQ%3AMRVI,False,,-61.35014330900649,-26.851889255516436,6.849999904632568,2.825000047683716,4.284660090446472,0.6507679448716127,55.87579562122815,46.31656616107024,1.2187192933301236,5.074999809265137,False,False,False,False,False,
NYSE:XHR,,https://www.tradingview.com/chart/?symbol=NYSE%3AXHR,False,,-51.07966140024325,-45.718828399659,17.549999237060547,14.154999732971191,15.963939723968506,0.4429223119354861,-4.2283491079309075,-18.247147698196873,0.4309811654549077,17.78499984741211,False,False,False,False,False,
NASDAQ:AUPH,,https://www.tradingview.com/chart/?symbol=NASDAQ%3AAUPH,False,,-14.682501576474758,22.04065396165795,16.969999313354492,13.920000076293945,15.10238353729248,0.6087702033132387,24.11281885028976,31.354501004861103,0.31699457856828056,15.805000305175781,False,False,False,False,False,
NASDAQ:CDNA,,https://www.tradingview.com/chart/?symbol=NASDAQ%3ACDNA,False,,32.47000287286195,84.58572757968744,53.54999923706055,16.040000915527344,25.076441131591796,0.9796290787322015,80.02800918048996,76.65457732847437,1.645819983668865,23.264999389648438,False,False,False,False,False,
NASDAQ:GSHD,,https://www.tradingview.com/chart/?symbol=NASDAQ%3AGSHD,False,,-72.87973267485425,-35.95171330896278,56.459999084472656,34.34000015258789,43.46376011657715,0.5721675897359185,41.35866800543237,29.26495659611428,0.8540815280835548,45.26499938964844,False,False,False,False,False,
NYSE:TFIN,,https://www.tradingview.com/chart/?symbol=NYSE%3ATFIN,False,,-66.71462519341502,-66.71462519341502,63.6349983215332,54.40999984741211,61.03687937927246,0.3285256098931083,-13.048861149965546,-29.335855183835477,0.4029561455139137,69.68499755859375,False,False,False,False,False,
NYSE:DX,,https://www.tradingview.com/chart/?symbol=NYSE%3ADX,False,,-71.2279869365338,-71.2279869365338,12.149999618530273,12.149999618530273,12.539399753570557,0.0,24.659091493339147,0.6545317515120459,0.12682556058236147,13.010000228881836,False,True,False,False,False,
NASDAQ:CHCO,,https://www.tradingview.com/chart/?symbol=NASDAQ%3ACHCO,False,,-5.093731651712264,24.918984122759998,143.89999389648438,116.25499725341797,123.76569833374023,0.868656485991283,64.02190165892914,58.43235418472333,0.24858430849345775,128.02499389648438,False,False,False,False,False,
NYSE:UTI,,https://www.tradingview.com/chart/?symbol=NYSE%3AUTI,False,,-57.034142316369234,-38.59579617353099,20.8799991607666,19.790000915527344,27.19922102355957,0.03471884788489347,-49.20178930085095,-51.101859101750925,0.8424795645236117,37.26499938964844,False,True,False,False,False,
NASDAQ:ADMA,,https://www.tradingview.com/chart/?symbol=NASDAQ%3AADMA,True,2026-09-16 13:30,-83.93574267541261,-83.29521580528105,8.920000076293945,7.525000095367432,9.585279874801635,0.1597938293550927,9.276568163255478,1.4796984585344148,0.9504625657669249,9.1850004196167,False,True,True,False,False,
NASDAQ:SNDX,,https://www.tradingview.com/chart/?symbol=NASDAQ%3ASNDX,False,,-61.402610572783665,-61.402610572783665,17.280000686645508,16.8700008392334,18.826440605163576,0.04945716483290451,-29.015914041068573,-41.44711500610454,0.4034062927471186,20.549999237060547,False,True,False,False,False,
NASDAQ:HCM,,https://www.tradingview.com/chart/?symbol=NASDAQ%3AHCM,False,,-8.172057572994419,16.20085889981062,13.460000038146973,9.975000381469727,11.340260345458985,0.6024200084009066,33.57383094767306,40.39439371663273,0.4655935419402164,12.425000190734863,False,False,False,False,False,
NASDAQ:HYMC,,https://www.tradingview.com/chart/?symbol=NASDAQ%3AHYMC,False,,-74.74139771957358,-68.28485453950843,20.059999465942383,18.43000030517578,25.038000305175782,0.05821425574166434,-30.166654012460196,-36.93762917360116,1.03340102268242,27.094999313354492,False,True,False,False,False,
NYSE:GNL,,https://www.tradingview.com/chart/?symbol=NYSE%3AGNL,False,,-69.76977036241429,-69.76977036241429,8.885000228881836,8.579999923706055,8.871459842681885,0.2469638785134414,10.155529641426275,2.5058325486401873,0.13445831249388054,9.1850004196167,False,False,False,False,False,
NYSE:BRSL,,https://www.tradingview.com/chart/?symbol=NYSE%3ABRSL,True,2026-09-16 09:30,-68.20453919198032,-63.68314840862873,10.53499984741211,9.994999885559082,10.772619903564452,0.1638846583762125,-8.227388586745727,-16.789419082258803,0.2896703363774897,11.375,False,True,True,False,False,
NYSE:FLOC,,https://www.tradingview.com/chart/?symbol=NYSE%3AFLOC,False,,-71.69393251662855,-50.99508051611452,20.459999084472656,18.985000610351562,21.131420448303224,0.16217686481353594,-16.054394346727534,-23.665686577785614,0.4048519586725567,22.46500015258789,False,True,False,False,False,
NASDAQ:KARO,,https://www.tradingview.com/chart/?symbol=NASDAQ%3AKARO,False,,-26.315449926967528,38.70287842341469,67.54000091552734,43.2859992980957,49.07484403991699,0.9887887198565628,61.47372186781036,59.606896144615966,0.48838235716322315,50.224998474121094,False,False,False,False,False,
NYSE:WMK,,https://www.tradingview.com/chart/?symbol=NYSE%3AWMK,False,,21.160437456634586,42.97513102186338,73.0999984741211,61.57099914550781,66.64122341918946,0.536631851903673,-25.068555206081147,-24.37071239450416,0.29972099704520616,71.68000030517578,False,False,False,False,False,
NASDAQ:JBLU,,https://www.tradingview.com/chart/?symbol=NASDAQ%3AJBLU,True,2026-09-16 09:30,-59.502903299956294,-57.46998720067211,4.304999828338623,3.9286000728607178,4.541586461067199,0.14491405356111026,-23.857959591394888,-33.75858575568246,0.5168955026333272,5.025000095367432,False,True,False,False,False,
NASDAQ:EZPW,,https://www.tradingview.com/chart/?symbol=NASDAQ%3AEZPW,True,2026-09-16 13:30,-73.17249276299162,-73.17249276299162,30.75,24.5,27.1845,0.5494505494505495,14.09012654215035,10.14522981925348,0.35838059489687485,31.739999771118164,False,False,True,False,False,
TSX:WTE,,https://www.tradingview.com/chart/?symbol=TSX%3AWTE,False,,36.57002753653992,49.601668884697126,41.16999816894531,30.670000076293945,33.75452045440674,0.8033662437276038,26.103838494663638,26.67377057645227,0.33030077591540685,39.56999969482422,False,False,False,False,False,
NASDAQ:TCBK,,https://www.tradingview.com/chart/?symbol=NASDAQ%3ATCBK,False,,-28.204952669581633,-5.890332588393762,53.459999084472656,45.90999984741211,49.610479919433594,0.4815050440125554,17.466792220554655,7.119685440732183,0.30422972500281625,51.540000915527344,False,False,False,False,False,
NASDAQ:TILE,,https://www.tradingview.com/chart/?symbol=NASDAQ%3ATILE,False,,-75.44518452299774,-44.82835447897179,34.65999984741211,24.440000534057617,28.210100624084472,0.6397495505045012,51.363308286442226,36.26181259867881,0.510057488414014,31.31999969482422,False,False,False,False,False,
NASDAQ:ZD,,https://www.tradingview.com/chart/?symbol=NASDAQ%3AZD,False,,13.097297346429668,72.27097372468441,58.75,39.470001220703125,44.19708093261719,0.9625561634694054,60.289669543530415,61.57739007594034,0.4262608653720401,46.9900016784668,False,False,False,False,False,
NASDAQ:OCUL,,https://www.tradingview.com/chart/?symbol=NASDAQ%3AOCUL,False,,-42.96743597761926,-42.96743597761926,9.880000114440918,7.389999866485596,8.416599843978881,0.5724138626540143,37.066553453617836,35.030095918208964,0.4720564115683642,9.21500015258789,False,False,False,False,False,
NYSE:INVX,,https://www.tradingview.com/chart/?symbol=NYSE%3AINVX,False,,-44.888506639363584,-25.593706689207085,29.329999923706055,23.594999313354492,25.916059547424318,0.5831215080832981,46.108787333716066,42.73461327655023,0.3646266330021925,26.97279930114746,False,False,False,False,False,
NASDAQ:ECPG,,https://www.tradingview.com/chart/?symbol=NASDAQ%3AECPG,False,,16.738797125506952,26.915646947215862,99.9000015258789,66.48999786376953,75.27391815185547,0.8976357486932459,59.21965442984501,55.91392599671256,0.4426736490264446,84.08000183105469,False,False,False,False,False,
NASDAQ:BWIN,,https://www.tradingview.com/chart/?symbol=NASDAQ%3ABWIN,False,,-29.90599078223585,36.6505665917806,32.060001373291016,17.209999084472656,20.813719192504884,0.9724952091450807,50.49196718785614,50.85787251409581,0.6265900669638228,24.3700008392334,False,False,False,False,False,
NYSE:LPG,,https://www.tradingview.com/chart/?symbol=NYSE%3ALPG,False,,59.40223010677721,75.27757295968333,57.84000015258789,29.149999618530273,36.145039924621585,0.9679486936110323,74.01273203316039,76.34557893984056,0.726826929481044,40.779998779296875,False,False,False,False,False,
TSX:CCA,,https://www.tradingview.com/chart/?symbol=TSX%3ACCA,False,,-76.72507657129263,-44.43416969833377,58.04999923706055,57.099998474121094,61.77043869018554,0.04800407877667541,-59.68791645830448,-65.88757194975301,0.31214511733803935,63.400001525878906,False,True,False,False,False,
TSX:WPK,,https://www.tradingview.com/chart/?symbol=TSX%3AWPK,False,,-39.93395346984919,-0.8240399654051161,44.0,39.5,41.345519927978515,0.5754475927893439,18.563672285287055,11.917905050939517,0.17872242038459785,43.755001068115234,False,False,False,False,False,
NYSE:LOB,,https://www.tradingview.com/chart/?symbol=NYSE%3ALOB,False,,-34.04084384581754,-34.04084384581754,38.150001525878906,31.489999771118164,34.56035982513428,0.5119140382469575,8.529298926331924,-4.799527650447579,0.3391553707475971,38.36000061035156,False,False,False,False,False,
NYSE:PRLB,,https://www.tradingview.com/chart/?symbol=NYSE%3APRLB,False,,-15.46595527845596,-0.11694637075300325,83.1500015258789,54.27000045776367,63.27339991760254,0.7570118689587916,37.90031538452674,35.36144147467586,0.5087344819036637,74.98999786376953,False,False,False,False,False,
NASDAQ:WB,,https://www.tradingview.com/chart/?symbol=NASDAQ%3AWB,False,,-55.29858512722405,-55.29858512722405,6.514999866485596,6.514999866485596,7.329199934005738,0.0,-59.42209273547007,-63.95870846410716,0.43358054317368966,7.956999778747559,False,True,False,False,False,
TSX:TVK,,https://www.tradingview.com/chart/?symbol=TSX%3ATVK,True,2026-09-16 09:30,-55.41681277594481,-51.64034670356933,115.98500061035156,108.19999694824219,120.07551867675781,0.15470990717369182,-23.397248757239367,-30.10347888019138,0.4097053203814598,122.81999969482422,False,True,False,False,False,
NASDAQ:OMCL,,https://www.tradingview.com/chart/?symbol=NASDAQ%3AOMCL,False,,-55.12173148393165,-44.11825487131288,32.43000030517578,32.220001220703125,35.885080932617186,0.01352215717831267,-45.47512869199101,-48.818962292888436,0.4104122282418853,37.84000015258789,False,True,False,False,False,
NYSE:TY,,https://www.tradingview.com/chart/?symbol=NYSE%3ATY,False,,-71.68525338546148,-68.79826647022173,34.40999984741211,30.959999084472656,32.173038940429684,0.6712064538154399,33.0298021215722,17.563154063308616,0.1477860715943461,34.779998779296875,False,False,False,False,False,
NASDAQ:TYRA,,https://www.tradingview.com/chart/?symbol=NASDAQ%3ATYRA,False,,-27.43615043823546,9.939780204473607,24.3700008392334,21.520000457763672,25.789240493774415,0.15754562506523892,-58.26675704913966,-61.17022404087045,0.5644305954201018,32.04999923706055,False,True,False,False,False,
NASDAQ:UFPT,,https://www.tradingview.com/chart/?symbol=NASDAQ%3AUFPT,False,,-62.55991778587762,-40.790132679167336,279.010009765625,185.77000427246094,221.01188470458985,0.6243889663823325,55.53683614047075,44.42495423098287,0.6431370871307799,232.19000244140625,False,False,False,False,False,
NASDAQ:CASH,,https://www.tradingview.com/chart/?symbol=NASDAQ%3ACASH,False,,-53.09592465891624,-41.644940381010805,78.41999816894531,77.61000061035156,82.99316003417968,0.035510637671619584,-36.54968397798041,-46.327138028331355,0.2626367064979339,86.8499984741211,False,True,False,False,False,
NYSE:WKC,,https://www.tradingview.com/chart/?symbol=NYSE%3AWKC,False,,-13.522888235384563,-13.522888235384563,35.47999954223633,22.440000534057617,26.64316040802002,0.7321729028187101,34.763783748023485,28.76824813838835,0.5708333022574081,31.200000762939453,False,False,False,False,False,
NYSE:NVRI,,https://www.tradingview.com/chart/?symbol=NYSE%3ANVRI,False,,-60.62191826894777,-60.62191826894777,20.530000686645508,17.670000076293945,19.14972018432617,0.4561404149197849,29.036520819878927,19.241443327873917,0.30570455328100693,20.510000228881836,False,False,False,False,False,
NYSE:DRD,,https://www.tradingview.com/chart/?symbol=NYSE%3ADRD,False,,-73.93829796658285,-68.17013761424494,25.440000534057617,19.665000915527344,23.135380447387696,0.3927235904490656,18.638980455060405,18.311822530658866,0.5538605815035598,26.549999237060547,False,False,False,False,False,
NYSE:CCS,,https://www.tradingview.com/chart/?symbol=NYSE%3ACCS,False,,-70.32256985822931,-32.31557322979576,60.9900016784668,48.13999938964844,53.85591967773438,0.5305533295280864,13.37971487731656,-2.309324387009031,0.39802796759318987,60.849998474121094,False,False,False,False,False,
NYSE:SAM,,https://www.tradingview.com/chart/?symbol=NYSE%3ASAM,False,,-21.28322350044186,-0.34325078304152074,170.17999267578125,160.83999633789062,184.31727893066406,0.09388817155613556,-37.40949451301084,-44.219086648511315,0.5423027129434523,183.44000244140625,False,True,False,False,False,
NYSE:ECO,,https://www.tradingview.com/chart/?symbol=NYSE%3AECO,False,,75.89283255779462,89.90871214660247,84.7300033569336,43.86000061035156,53.894719818115234,0.9611948723718107,92.13475905074758,94.97487849947372,0.782624612737676,54.33000183105469,False,False,False,False,False,
TSX:SGD,,https://www.tradingview.com/chart/?symbol=TSX%3ASGD,False,,-73.34453282798836,-73.34453282798836,15.4399995803833,11.380000114440918,13.220800159454345,0.5205127393156995,44.70590734404681,36.23738552001681,0.5306122647578994,14.699999809265137,False,False,False,False,False,
NYSE:NSP,,https://www.tradingview.com/chart/?symbol=NYSE%3ANSP,False,,-40.98500462996286,14.210655929753587,51.47999954223633,19.311599731445312,27.691582122802735,0.9059377455466157,55.38413760859411,50.3323218733751,0.9704400058841627,36.59000015258789,False,False,False,False,False,
NYSE:AMR,,https://www.tradingview.com/chart/?symbol=NYSE%3AAMR,True,2026-09-16 09:30,-70.61181453374247,-69.94331462380775,189.35000610351562,137.24000549316406,160.4765634765625,0.529250509168757,20.454027160407474,20.438578298310798,0.5213109228598592,188.8699951171875,False,False,True,False,False,
NASDAQ:WGS,,https://www.tradingview.com/chart/?symbol=NASDAQ%3AWGS,False,,-1.6502667029896632,72.6718469223219,97.48999786376953,33.91749954223633,49.14244972229004,0.9854291427197897,59.63327945236248,62.66472827181519,0.9750245578520035,66.16500091552734,False,False,False,False,False,
NASDAQ:PRDO,,https://www.tradingview.com/chart/?symbol=NASDAQ%3APRDO,False,,-25.89129754055399,-21.44773734213427,33.27000045776367,29.329999923706055,31.369040229797363,0.45601851187534065,-1.22500141418444,4.938108716753707,0.2559242217582162,33.7599983215332,False,False,False,False,False,
NYSE:CPRI,,https://www.tradingview.com/chart/?symbol=NYSE%3ACPRI,False,,1.7932244024662864,51.48697055500972,14.739999771118164,12.720000267028809,14.841639987945557,0.22469407895469642,-65.24549786724968,-59.23347243056237,0.49545321524625874,18.145000457763672,False,True,False,True,False,
NASDAQ:IOVA,,https://www.tradingview.com/chart/?symbol=NASDAQ%3AIOVA,False,,2.520483502394416,55.90245680860287,9.895000457763672,3.2699999809265137,4.833500093460083,1.0,98.13084339548529,95.66011169743726,1.61782681716013,4.09499979019165,False,False,False,False,False,
NASDAQ:PLAB,,https://www.tradingview.com/chart/?symbol=NASDAQ%3APLAB,False,,-40.27335209836494,-38.167689253748286,27.8700008392334,27.100000381469727,33.67732057952881,0.02762828972289517,-33.41161723815757,-38.41159171660963,0.8535987606966327,32.650001525878906,False,True,False,False,False,
NYSE:CMRE,,https://www.tradingview.com/chart/?symbol=NYSE%3ACMRE,False,,-27.001451632325928,-14.233007935736486,15.0600004196167,13.970000267028809,14.86208020401001,0.28835984909742796,-12.93674035552601,-15.517141381162197,0.2409945573379567,15.6850004196167,False,False,False,False,False,
NYSE:AESI,,https://www.tradingview.com/chart/?symbol=NYSE%3AAESI,False,,6.9543970490590565,6.9543970490590565,13.5600004196167,10.15999984741211,12.419227836608886,0.35516563130291257,-21.89405530459173,-14.34057681495344,0.6869752182244248,13.9350004196167,False,False,False,False,False,
TSX:ABRA,,https://www.tradingview.com/chart/?symbol=TSX%3AABRA,False,,-61.812787168483304,-61.812787168483304,12.720000267028809,9.949999809265137,12.092880016326905,0.30506610023179115,7.152400549202102,-12.182375076271919,0.5965834900180941,15.220000267028809,False,False,False,False,False,
NYSE:IIPR,,https://www.tradingview.com/chart/?symbol=NYSE%3AIIPR,False,,-35.813869782825414,-31.001162271243402,55.90999984741211,49.029998779296875,52.84338153076172,0.4257847580213361,-7.651671971436735,-13.755011299725261,0.2837794499292164,56.939998626708984,False,False,False,False,False,
TSX:ALS,,https://www.tradingview.com/chart/?symbol=TSX%3AALS,False,,7.641567340069365,7.641567340069365,65.19999694824219,41.119998931884766,47.359838607788085,0.910741273338511,61.07412938110301,60.43578665765042,0.4603865311894509,57.43000030517578,False,False,False,False,False,
NASDAQ:ALGT,,https://www.tradingview.com/chart/?symbol=NASDAQ%3AALGT,False,,6.088144782292125,34.86389894377518,78.68000030517578,69.87000274658203,81.88004260253906,0.17311844496476447,-36.96733260319416,-39.58441535718151,0.604897195424322,84.12999725341797,False,True,False,False,False,
NYSE:GEL,,https://www.tradingview.com/chart/?symbol=NYSE%3AGEL,True,2026-09-16 09:30,-67.61138338749993,-67.61138338749993,15.3100004196167,13.880000114440918,14.92311990737915,0.3235295450303741,22.71290277654077,16.995150481643442,0.27833747422962424,15.880000114440918,False,False,True,False,False,
NYSE:EVTC,,https://www.tradingview.com/chart/?symbol=NYSE%3AEVTC,False,,-52.32463614401527,-52.32463614401527,28.280000686645508,21.979999542236328,24.47923957824707,0.5949009493516996,24.940447549481643,14.056356369913747,0.3656768124093581,28.959999084472656,False,False,False,False,False,
NYSE:XPRO,,https://www.tradingview.com/chart/?symbol=NYSE%3AXPRO,False,,-57.76067796703027,-57.76067796703027,16.450000762939453,13.010000228881836,14.416560012817383,0.577181386322644,38.71434758714036,30.47978409370232,0.36165043992858553,16.479999542236328,False,False,False,False,False,
NASDAQ:VERX,,https://www.tradingview.com/chart/?symbol=NASDAQ%3AVERX,False,,-62.32354467742973,-21.458244193133662,12.59000015258789,10.289999961853027,11.392119979858398,0.4925053861155641,22.766687194759843,14.087211315680419,0.36684997990766216,12.729999542236328,False,False,False,False,False,
NYSE:RVLV,,https://www.tradingview.com/chart/?symbol=NYSE%3ARVLV,False,,-38.00166769647114,-17.183573695406896,20.6200008392334,17.524999618530273,19.881459762573243,0.30996505072763864,-16.81612075401197,-28.564672056655077,0.43545387214215037,22.930099487304688,False,False,False,False,False,
NASDAQ:MLYS,,https://www.tradingview.com/chart/?symbol=NASDAQ%3AMLYS,False,,-14.433401127941544,-14.433401127941544,27.530000686645508,22.5,24.626360054016114,0.5582686524825697,3.868885197729964,16.24326402043179,0.33382735477172487,26.989999771118164,False,False,False,False,False,
NYSE:NTST,,https://www.tradingview.com/chart/?symbol=NYSE%3ANTST,False,,-87.62370818661633,-87.62370818661633,18.25,18.25,19.198720108032227,0.0,-12.563534480008876,-29.560254795572533,0.1965289891350596,20.454999923706055,False,True,False,False,False,
NYSE:WS,,https://www.tradingview.com/chart/?symbol=NYSE%3AWS,True,2026-09-16 09:30,-55.33276768661025,-49.05926132935604,33.380001068115234,27.809999465942383,31.642639411926268,0.3429803990563322,-27.645787176487143,-36.51719853710385,0.4531249916846199,35.84000015258789,False,False,False,False,False,
NASDAQ:AAPG,,https://www.tradingview.com/chart/?symbol=NASDAQ%3AAAPG,False,,-60.73005472736897,-60.73005472736897,15.399999618530273,15.399999618530273,18.234359672546386,0.0,-51.083820575866206,-59.01782304728806,0.6143222863208463,19.549999237060547,False,True,False,False,False,
NASDAQ:NCNO,,https://www.tradingview.com/chart/?symbol=NASDAQ%3ANCNO,False,,-37.384021112113594,-11.948177783603448,21.719999313354492,13.989999771118164,16.26739968109131,0.8010362536587988,63.649020043856076,61.135941584587385,0.5545976913846267,17.399999618530273,False,False,False,False,False,
NASDAQ:IMCR,,https://www.tradingview.com/chart/?symbol=NASDAQ%3AIMCR,True,2026-09-16 09:30,-67.92441404578727,-66.97394587507164,31.614999771118164,27.739999771118164,30.066959465026855,0.3930020800935646,42.205613055284914,26.160157009136086,0.3140127013627156,31.399999618530273,False,False,True,False,False,
NYSE:FUN,,https://www.tradingview.com/chart/?symbol=NYSE%3AFUN,True,2026-09-16 09:30,-66.21399032488875,-65.56636871709817,12.359999656677246,12.359999656677246,15.53419961166382,0.0,-48.87303550115863,-56.142644504241616,0.732970001616309,18.350000381469727,False,True,True,False,False,"NEAR: 4h+band ok, weekly shallow"
NASDAQ:BVC,,https://www.tradingview.com/chart/?symbol=NASDAQ%3ABVC,False,,-30.044401743470555,-30.044401743470555,14.239999771118164,1.159999966621399,4.848703597545624,0.8368468336632948,76.64373327876503,73.87019495684575,1.4847911900997903,10.526800155639648,False,False,False,False,False,
TSX:MTL,,https://www.tradingview.com/chart/?symbol=TSX%3AMTL,False,,26.162821116810125,32.956288926120074,25.209999084472656,15.949999809265137,18.951919872283934,0.7279873491205916,47.003557141228406,41.460815828637905,0.5826843935631745,21.829999923706055,False,False,False,False,False,
NYSE:PRG,,https://www.tradingview.com/chart/?symbol=NYSE%3APRG,False,,-63.163571424605834,-63.163571424605834,35.720001220703125,27.309999465942383,32.091359519958495,0.415103734439834,-5.27903541655203,-17.610423057542476,0.5463861712087076,37.08000183105469,False,False,False,False,False,
NASDAQ:HURN,,https://www.tradingview.com/chart/?symbol=NASDAQ%3AHURN,False,,-47.73417822083451,5.5977783982482,153.91000366210938,89.04499816894531,108.14094018554687,0.8016436834107572,42.48041835994825,40.97392473509665,0.6427437360967632,125.88999938964844,False,False,False,False,False,
NYSE:NEXA,,https://www.tradingview.com/chart/?symbol=NYSE%3ANEXA,False,,-51.527448553060744,-51.527448553060744,12.100000381469727,9.15999984741211,10.937080009460448,0.3904382823326593,8.471886445539198,-7.318737144757572,0.5534730569647458,13.604999542236328,False,False,False,False,False,
NASDAQ:GABC,,https://www.tradingview.com/chart/?symbol=NASDAQ%3AGABC,False,,0.5999475988565622,9.549362698957864,49.18000030517578,39.09000015258789,42.119059936523435,0.7861317391751456,56.112189161069104,49.594891492350285,0.28474761768668805,45.07500076293945,False,False,False,False,False,
NASDAQ:NN,,https://www.tradingview.com/chart/?symbol=NASDAQ%3ANN,False,,-36.448364312238105,-34.62764658429802,14.640000343322754,12.329999923706055,15.071139869689942,0.19888079768720632,-20.56893756765471,-24.350202163858988,0.6760768081953373,17.18000030517578,False,True,False,False,False,
NASDAQ:GENB,,https://www.tradingview.com/chart/?symbol=NASDAQ%3AGENB,False,,-23.32748955574937,14.061417575423292,15.699999809265137,11.430000305175781,13.54692014312744,0.47603119631594626,38.23620983422664,35.37833618326693,0.6476533621873171,13.850000381469727,False,False,False,False,False,
NASDAQ:ABCL,,https://www.tradingview.com/chart/?symbol=NASDAQ%3AABCL,False,,-60.990261596605016,8.61389898355437,11.670000076293945,3.244999885559082,5.428235980987549,0.9107123362318805,74.6895589217065,71.3824907071953,1.6943224065429743,5.460000038146973,False,False,False,False,False,
NYSE:FLO,,https://www.tradingview.com/chart/?symbol=NYSE%3AFLO,False,,-61.890651452337124,-38.91612957627747,6.15500020980835,6.0,6.732779891967773,0.049919559632757016,-59.84703159866146,-63.99861862022381,0.39680506299308466,7.824999809265137,False,True,False,False,False,
NASDAQ:STBA,,https://www.tradingview.com/chart/?symbol=NASDAQ%3ASTBA,False,,3.2861594995986145,31.430902437760263,49.849998474121094,39.599998474121094,42.84499847412109,0.7454545454545455,42.085093781834416,36.69132641101133,0.2927400392303879,46.970001220703125,False,False,False,False,False,
TSX:NWC,,https://www.tradingview.com/chart/?symbol=TSX%3ANWC,False,,51.469583428113054,51.469583428113054,52.59000015258789,47.79999923706055,49.61247930908203,0.623698011092424,-19.15599792813702,1.4587057014975517,0.15029355253435506,51.099998474121094,False,False,False,False,False,
NASDAQ:ANIP,,https://www.tradingview.com/chart/?symbol=NASDAQ%3AANIP,False,,-49.684084489636575,11.438048785974964,73.66999816894531,70.11000061035156,73.9166799621582,0.22070664381789534,-53.76986294303159,-55.94329613144408,0.2052162540273934,78.5999984741211,False,True,False,False,False,
NYSE:ARCO,,https://www.tradingview.com/chart/?symbol=NYSE%3AARCO,False,,-66.09652298695748,-66.09652298695748,7.715000152587891,7.579999923706055,8.08267995071411,0.06338038574109221,-51.247300740397755,-58.309154367775506,0.25755743609921167,8.270000457763672,False,True,False,False,False,
NASDAQ:NVCR,,https://www.tradingview.com/chart/?symbol=NASDAQ%3ANVCR,False,,-71.39746925778807,-25.83707271958744,16.229999542236328,10.359000205993652,12.631916103363038,0.6095939779192352,26.202063948374857,12.58730462791698,0.5934072604291312,16.229999542236328,False,False,False,False,False,
TSX:BHC,,https://www.tradingview.com/chart/?symbol=TSX%3ABHC,True,2026-09-16 09:30,-63.90985909539362,-62.88501158184547,7.96999979019165,6.260000228881836,7.071840129852295,0.4970929563657907,24.40952928153526,16.686281121616684,0.46112594675505925,7.460000038146973,False,False,True,False,False,
NASDAQ:STOK,,https://www.tradingview.com/chart/?symbol=NASDAQ%3ASTOK,False,,-71.0701090717387,-71.0701090717387,27.93000030517578,27.670000076293945,30.447719734191896,0.0220900816400413,-14.952454004903691,-28.64154842997611,0.3690811782905084,31.889999389648438,False,True,False,False,False,
NYSE:EPAC,,https://www.tradingview.com/chart/?symbol=NYSE%3AEPAC,False,,-82.46577372274662,-58.414978438979766,35.849998474121094,32.630001068115234,33.828880599975584,0.6338580045971626,24.17263552184591,11.124196836019514,0.14271661306764452,35.595001220703125,False,False,False,False,False,
NASDAQ:ALKT,,https://www.tradingview.com/chart/?symbol=NASDAQ%3AALKT,False,,-41.997128788677806,-14.696660979648192,18.959999084472656,14.300000190734863,15.826920253753663,0.7202470944993925,47.484929804560686,43.64530977373967,0.3713056269906755,17.424999237060547,False,False,False,False,False,
NYSE:INFQ,,https://www.tradingview.com/chart/?symbol=NYSE%3AINFQ,False,,-39.73626245721788,-39.73626245721788,12.860099792480469,8.680000305175781,11.323200035095216,0.3732232066450671,1.5160891410773198,5.0292051714340555,0.8895948149205262,12.59000015258789,False,False,False,False,False,
NYSE:DAO,,https://www.tradingview.com/chart/?symbol=NYSE%3ADAO,True,2026-09-16 09:30,-60.08676457152067,-50.50600091029219,14.65999984741211,9.40999984741211,11.58120002746582,0.570652126589889,49.291549276271155,33.36312739314806,0.7634855284079789,12.050000190734863,False,False,True,False,False,
NASDAQ:FIVN,,https://www.tradingview.com/chart/?symbol=NASDAQ%3AFIVN,False,,-51.21270345556437,18.184381087541677,34.099998474121094,13.569999694824219,18.52836019897461,0.977153578861096,66.49237226822328,62.63819994012947,0.9406762031540298,22.334999084472656,False,False,False,False,False,
NASDAQ:PAX,,https://www.tradingview.com/chart/?symbol=NASDAQ%3APAX,False,,-77.2579291142451,-77.2579291142451,10.055000305175781,10.055000305175781,10.846780197143556,0.0,-17.034338264647413,-33.91686291887921,0.29481542253931287,11.380000114440918,False,True,False,False,False,
NASDAQ:WRD,,https://www.tradingview.com/chart/?symbol=NASDAQ%3AWRD,False,,-58.127385934321346,-58.127385934321346,5.505000114440918,5.324699878692627,6.025690725326538,0.060701014629394506,-33.91421480140165,-40.812934677965174,0.46924174303343164,6.329999923706055,False,True,False,False,False,
NASDAQ:STGW,,https://www.tradingview.com/chart/?symbol=NASDAQ%3ASTGW,False,,-25.82990804762352,-4.281973698544211,8.324999809265137,5.239999771118164,6.209959915161133,0.7506081703192465,62.414166434938494,54.69165956645689,0.5858874823344234,7.014999866485596,False,False,False,False,False,
TSX:SXGC,,https://www.tradingview.com/chart/?symbol=TSX%3ASXGC,False,,-24.401650865426035,-24.401650865426035,11.600000381469727,7.690000057220459,8.971480016708373,0.7200737473035209,43.6481891252294,43.10454435842573,0.5557829656009593,9.770000457763672,False,False,False,False,False,
NYSE:DCOM,,https://www.tradingview.com/chart/?symbol=NYSE%3ADCOM,False,,2.7382205643955224,26.347748612281453,40.560001373291016,31.690000534057617,34.094840660095215,0.8704612732440554,45.62683602103541,43.09303892906334,0.2615234665458673,38.9640007019043,False,False,False,False,False,
NYSE:CBL,,https://www.tradingview.com/chart/?symbol=NYSE%3ACBL,False,,-65.4278658321681,-65.4278658321681,53.040000915527344,36.63999938964844,42.17183996582031,0.6996586952955544,38.75850565505065,29.86895165405031,0.48349840475936995,48.47999954223633,False,False,False,False,False,
NASDAQ:SHLS,,https://www.tradingview.com/chart/?symbol=NASDAQ%3ASHLS,False,,-20.12189122148055,-20.12189122148055,6.809999942779541,5.744999885559082,7.40525984954834,0.1513859389225473,-51.19952590903495,-52.818658776763854,0.8440311715914668,8.335000038146973,False,True,False,False,False,
TSX:SDE,,https://www.tradingview.com/chart/?symbol=TSX%3ASDE,False,,14.948665232424043,14.948665232424043,12.930000305175781,10.510000228881836,11.354880210876464,0.6759776893483102,44.806315348200265,48.04828340093961,0.2936833508564802,12.1899995803833,False,False,False,False,False,
NYSE:CTS,,https://www.tradingview.com/chart/?symbol=NYSE%3ACTS,False,,-3.868716516752143,11.143183602490831,56.88999938964844,45.810001373291016,51.27812184143066,0.4782044483284729,-18.285965191058427,-24.125899440770784,0.39198108178643737,59.11000061035156,False,False,False,False,False,
NASDAQ:ZYME,,https://www.tradingview.com/chart/?symbol=NASDAQ%3AZYME,False,,-52.45349910708828,-50.0673901222643,26.25,21.799999237060547,23.990079399108886,0.47952590880120066,34.873685858684816,30.48345257292563,0.3710516034273705,25.010000228881836,False,False,False,False,False,
NYSE:MH,,https://www.tradingview.com/chart/?symbol=NYSE%3AMH,False,,-51.15410474139467,15.43763399792904,13.329999923706055,9.079999923706055,10.411040004730225,0.7535460534203003,24.112210741293822,27.164499131018275,0.4641975736954795,12.149999618530273,False,False,False,False,False,
NASDAQ:VRDN,,https://www.tradingview.com/chart/?symbol=NASDAQ%3AVRDN,True,2026-09-16 09:30,-62.15644373614045,-49.527877529174354,22.450000762939453,13.305000305175781,17.171860359191893,0.5581324583471035,47.89259414756361,42.61617186481713,0.8660148077595217,18.920000076293945,False,False,True,False,False,
TSX:VET,,https://www.tradingview.com/chart/?symbol=TSX%3AVET,False,,32.3373326610543,32.3373326610543,17.649999618530273,12.399999618530273,14.188879600524903,0.6926121441744213,42.3282463264054,47.0611038436424,0.46135117364046563,16.43000030517578,False,False,False,False,False,
NASDAQ:SONO,,https://www.tradingview.com/chart/?symbol=NASDAQ%3ASONO,False,,-20.778339061340233,26.750537110221554,15.604999542236328,12.6899995803833,13.832239841461181,0.6022725817317421,23.619584387112184,19.953168290194327,0.32835828910566184,14.739999771118164,False,False,False,False,False,
NYSE:CYD,,https://www.tradingview.com/chart/?symbol=NYSE%3ACYD,True,2026-09-16 09:30,-79.32281519010787,-78.74739779744924,33.75,33.599998474121094,39.81741876220703,0.005693737670470407,-53.309736065981184,-59.98927506205307,0.5889783476484689,44.72999954223633,False,True,True,False,False,"NEAR: 4h+band ok, weekly shallow"
NASDAQ:HOPE,,https://www.tradingview.com/chart/?symbol=NASDAQ%3AHOPE,False,,-2.5341536148274204,33.371358609074896,13.960000038146973,10.680000305175781,11.581520233154297,0.8586387421484137,52.236029427003906,47.499897755293425,0.2956656093085699,12.920000076293945,False,False,False,False,False,
NASDAQ:FTRE,,https://www.tradingview.com/chart/?symbol=NASDAQ%3AFTRE,False,,-44.316180255835285,41.51037718046697,19.959999084472656,8.739999771118164,11.607399681091309,0.9234567626029045,32.104149032045136,32.66567486315391,0.7386017662627262,16.450000762939453,False,False,False,False,False,
NYSE:WBI,,https://www.tradingview.com/chart/?symbol=NYSE%3AWBI,False,,-35.86613806554515,-35.86613806554515,30.795000076293945,23.969999313354492,26.92707947540283,0.544692768469961,16.447308886337844,8.313337566971972,0.4084094055413575,30.68000030517578,False,False,False,False,False,
NYSE:BHC,,https://www.tradingview.com/chart/?symbol=NYSE%3ABHC,True,2026-09-16 09:30,-65.2294463950098,-64.54098418603967,5.695000171661377,4.440000057220459,5.044160043716431,0.49023443066107697,23.943298204011242,16.37845207361512,0.4740740551052437,5.400000095367432,False,False,True,False,False,
NASDAQ:IMKTA,,https://www.tradingview.com/chart/?symbol=NASDAQ%3AIMKTA,False,,8.41304350981759,23.99677176571757,82.66999816894531,80.56500244140625,84.00942272949219,0.14422717036522817,-52.05866770076299,-53.834926078863894,0.16527008973156557,88.30999755859375,False,True,False,False,False,
TSX:TOY,,https://www.tradingview.com/chart/?symbol=TSX%3ATOY,False,,-31.80422921340677,23.17257502045504,20.25,17.40999984741211,18.85432004547119,0.4640522488790433,0.2872019188208874,-3.8747025593593465,0.32058673600396775,19.09000015258789,False,False,False,False,False,
NYSE:BY,,https://www.tradingview.com/chart/?symbol=NYSE%3ABY,False,,-16.436001464389918,-16.436001464389918,37.61000061035156,29.950000762939453,32.31708047485351,0.7637089511140591,48.66594765444296,41.11789179643172,0.28722792970294736,34.91999816894531,False,False,False,False,False,
NASDAQ:ATRC,,https://www.tradingview.com/chart/?symbol=NASDAQ%3AATRC,False,,63.41659548971737,71.21379536256882,57.16999816894531,25.860000610351562,33.24916003417969,1.0,83.75030764871161,84.19758870483797,1.0656908935655935,29.3799991607666,False,False,False,False,False,
NASDAQ:TMC,,https://www.tradingview.com/chart/?symbol=NASDAQ%3ATMC,False,,-71.3118711843555,-69.53469244332332,3.6201000213623047,3.444999933242798,4.182499989509583,0.05603202392333802,-23.10739796775427,-33.49970505796735,0.6677351181715617,4.679999828338623,False,True,False,False,False,
NASDAQ:QFIN,,https://www.tradingview.com/chart/?symbol=NASDAQ%3AQFIN,True,2026-09-16 13:30,-61.35865607294551,-61.35865607294551,8.189000129699707,8.039999961853027,10.19231993484497,0.0163377379074984,-64.84727321844775,-66.80033774238731,0.6898638200715256,13.220000267028809,False,True,True,True,True,FULL PASS
NYSE:BLX,,https://www.tradingview.com/chart/?symbol=NYSE%3ABLX,False,,-49.6958179786217,-49.6958179786217,53.61000061035156,47.790000915527344,51.35950091552734,0.3847933682528409,-16.769695928205824,-23.524185363976365,0.272375298622175,55.529998779296875,False,False,False,False,False,
NASDAQ:SRPT,,https://www.tradingview.com/chart/?symbol=NASDAQ%3ASRPT,False,,-33.90768451631571,-33.90768451631571,19.760000228881836,14.845000267028809,16.948940258026123,0.5513180014452205,31.515490088387992,33.47607582950678,0.4901044365095668,18.190000534057617,False,False,False,False,False,
NASDAQ:OPRA,,https://www.tradingview.com/chart/?symbol=NASDAQ%3AOPRA,False,,-38.28256375572135,4.092765539322422,18.420000076293945,13.510000228881836,15.171439994812012,0.6974432584021564,17.93250795909064,5.212286384353784,0.38365116413228373,18.350000381469727,False,False,False,False,False,
NYSE:FLNG,,https://www.tradingview.com/chart/?symbol=NYSE%3AFLNG,False,,28.138922460663128,62.99315967009384,32.20000076293945,28.05500030517578,29.28809994506836,0.793301754688246,55.790115092128474,61.94636974295814,0.16931297377772703,30.860000610351562,False,False,False,False,False,
NYSE:BFLY,,https://www.tradingview.com/chart/?symbol=NYSE%3ABFLY,False,,-45.818463901072114,-1.3955731114080816,7.255000114440918,3.640000104904175,5.081960080146789,0.5916530395423268,39.81892588316248,27.9180453560029,1.0862222035725912,5.625,False,False,False,False,False,
NASDAQ:PVLA,,https://www.tradingview.com/chart/?symbol=NASDAQ%3APVLA,False,,-10.702713841059591,1.3146208231045433,151.35000610351562,101.51499938964844,114.93514068603515,0.8763739013418019,46.489945203454106,45.42373020858452,0.4388409066956503,129.5800018310547,False,False,False,False,False,
NYSE:VET,,https://www.tradingview.com/chart/?symbol=NYSE%3AVET,False,,22.77472148529834,22.77472148529834,12.619999885559082,8.729999542236328,10.107059551239013,0.6666667211467758,40.77569325341059,44.97068503021411,0.48787625581404437,11.960000038146973,False,False,False,False,False,
TSX:PXT,,https://www.tradingview.com/chart/?symbol=TSX%3APXT,False,,13.821520211728135,50.369677167998795,28.440000534057617,20.729999542236328,22.88231974029541,0.8453947678001935,50.23796269568256,54.20764845633158,0.3479588385272503,26.209999084472656,False,False,False,False,False,
NASDAQ:MQ,,https://www.tradingview.com/chart/?symbol=NASDAQ%3AMQ,False,,-15.303135002360037,-15.303135002360037,15.895000457763672,14.960399627685547,15.761525207519531,0.2753198767465956,-6.5545121570529,-14.05028603777326,0.20851349947026557,16.280000686645508,False,False,False,False,False,
NYSE:NOMD,,https://www.tradingview.com/chart/?symbol=NYSE%3ANOMD,True,2026-09-16 09:30,-70.9313894516818,-59.20940235755703,11.0,8.994999885559082,9.867019813537597,0.542625244935589,36.36935697122823,21.65499638170283,0.35978573808445746,10.270000457763672,False,False,True,False,False,
NYSE:PUMP,,https://www.tradingview.com/chart/?symbol=NYSE%3APUMP,False,,-45.2816098572334,-45.2816098572334,10.210000038146973,10.210000038146973,12.097999813079834,0.0,-46.8472844437678,-48.90045253310153,0.5693949421866347,14.050000190734863,False,True,False,False,False,
NASDAQ:TH,,https://www.tradingview.com/chart/?symbol=NASDAQ%3ATH,False,,-17.146164919487404,-17.146164919487404,18.770000457763672,7.920000076293945,10.908939842224122,0.8566917671658002,35.84491672010684,39.041064188530164,0.7558937417218732,16.7549991607666,False,False,False,False,False,
NYSE:DNOW,,https://www.tradingview.com/chart/?symbol=NYSE%3ADNOW,False,,-29.18738740078602,0.07396036760770593,15.609999656677246,11.020000457763672,12.395880439758301,0.7873069054854759,62.94383831562748,57.75889847687649,0.43801650938444875,13.3100004196167,False,False,False,False,False,
TSX:SIA,,https://www.tradingview.com/chart/?symbol=TSX%3ASIA,False,,-68.1703461407602,-54.91904882477786,19.81999969482422,19.81999969482422,20.754559928894043,0.0,-46.13155832244822,-55.03134029323654,0.1778976168510223,22.260000228881836,False,True,False,False,False,
NASDAQ:STRA,,https://www.tradingview.com/chart/?symbol=NASDAQ%3ASTRA,False,,-21.05174117500373,19.063453878455178,81.48999786376953,70.87999725341797,74.8471584777832,0.6311717629886885,35.42238610616474,34.513798901073656,0.20789024314991525,80.86000061035156,False,False,False,False,False,
NYSE:GLP,,https://www.tradingview.com/chart/?symbol=NYSE%3AGLP,False,,-32.99610037437747,-32.99610037437747,50.970001220703125,41.989898681640625,44.824282592773436,0.747712471445596,65.5666587144185,63.5639645607951,0.24824516439034586,48.380001068115234,False,False,False,False,False,
NYSE:NBHC,,https://www.tradingview.com/chart/?symbol=NYSE%3ANBHC,False,,5.459252798892314,5.459252798892314,41.310001373291016,37.52000045776367,39.790320205688474,0.393971032882932,-19.03584706107127,-24.81358259563614,0.2286393049898234,42.07500076293945,False,False,False,False,False,
NASDAQ:CNOB,,https://www.tradingview.com/chart/?symbol=NASDAQ%3ACNOB,False,,-11.148744631368144,4.407899669058641,31.540000915527344,25.235000610351562,27.329500610351563,0.7104225695972711,17.186403151509037,6.566522678546066,0.2823735257342169,31.43000030517578,False,False,False,False,False,
NYSE:DV,,https://www.tradingview.com/chart/?symbol=NYSE%3ADV,False,,50.574505017018225,65.53197302918562,13.484999656677246,8.604999542236328,9.770839668273926,0.9878541673825658,70.34075884223027,67.71256859958027,0.4586815528402846,10.770000457763672,False,False,False,False,False,
NYSE:GENI,,https://www.tradingview.com/chart/?symbol=NYSE%3AGENI,True,2026-09-16 09:30,-68.142925498332,-65.352374417617,6.619999885559082,3.930000066757202,4.980200078010559,0.6044943348263694,41.47536878151897,26.88757393636554,0.7301066777467092,6.09499979019165,False,False,True,False,False,
NASDAQ:BL,,https://www.tradingview.com/chart/?symbol=NASDAQ%3ABL,False,,-57.71917318539473,-42.26046998991977,28.170000076293945,24.825000762939453,28.413380294799804,0.21999340675717072,19.008767086347273,4.503151640151241,0.5006584654655291,30.3700008392334,False,True,False,False,False,
NASDAQ:APPN,,https://www.tradingview.com/chart/?symbol=NASDAQ%3AAPPN,False,,-49.74802758485061,5.5838430634153084,37.4900016784668,18.719999313354492,24.44063925933838,0.7743400388756054,71.45985081865517,65.5053302727124,0.9926289801550607,24.420000076293945,False,False,False,False,False,
NASDAQ:HCSG,,https://www.tradingview.com/chart/?symbol=NASDAQ%3AHCSG,False,,-1.4011254660043633,13.166892850774715,21.889999389648438,17.850000381469727,19.643600471496583,0.531578790183881,-10.756465884039626,-15.923652139796758,0.3483043303283122,21.81999969482422,False,False,False,False,False,
NASDAQ:AMSC,,https://www.tradingview.com/chart/?symbol=NASDAQ%3AAMSC,False,,-43.0605872825166,-43.0605872825166,27.799999237060547,26.56999969482422,34.44758541870117,0.0368488394976059,-46.36922642534625,-47.15107129125978,0.9666840922367981,34.529998779296875,False,True,False,False,False,
NYSE:FIGS,,https://www.tradingview.com/chart/?symbol=NYSE%3AFIGS,False,,-62.92442688884662,-37.657941588664926,12.90999984741211,9.234999656677246,10.95189979171753,0.5051546256609029,22.17091347340745,18.22633452735626,0.5471982347090393,13.295000076293945,False,False,False,False,False,
NASDAQ:HROW,,https://www.tradingview.com/chart/?symbol=NASDAQ%3AHROW,False,,-79.35933750012428,-72.31402739937259,34.25,29.049999237060547,33.347559020996094,0.28555744230505764,-27.514744563552426,-41.72738056494978,0.472986989207082,38.5,False,False,False,False,False,
NYSE:WD,,https://www.tradingview.com/chart/?symbol=NYSE%3AWD,False,,-47.27640061302882,-47.27640061302882,39.2400016784668,39.2400016784668,43.017181030273434,0.0,-58.94451595749606,-59.750450470009675,0.3255363969364486,49.165000915527344,False,True,False,False,False,
NASDAQ:BFC,,https://www.tradingview.com/chart/?symbol=NASDAQ%3ABFC,False,,-32.260440137045144,-32.260440137045144,150.92999267578125,130.32000732421875,136.9728442993164,0.7311101355970552,55.065831631762286,47.42019302342192,0.19453444531233713,144.91000366210938,False,False,False,False,False,
NYSE:ASAN,,https://www.tradingview.com/chart/?symbol=NYSE%3AASAN,False,,-33.92185294890377,20.677545965047774,9.670000076293945,5.460000038146973,6.610500038146973,0.8635897514147636,56.72208430507279,54.623256810991194,0.6742738571423578,7.230000019073486,False,False,False,False,False,
TSX:SIS,,https://www.tradingview.com/chart/?symbol=TSX%3ASIS,False,,23.751071504662253,53.555839899422246,28.56999969482422,24.739999771118164,26.358959915161133,0.5583089771051455,-15.65167793996718,-18.90379900766626,0.23778164712807842,28.850000381469727,False,False,False,False,False,
NASDAQ:TRIP,,https://www.tradingview.com/chart/?symbol=NASDAQ%3ATRIP,False,,-55.275293007870964,-28.498531293051794,8.9399995803833,8.7568998336792,10.243251544952393,0.029072217493633062,-31.168166610450058,-36.657871412970756,0.5743821599500976,10.96500015258789,False,True,False,False,False,
NYSE:KMPR,,https://www.tradingview.com/chart/?symbol=NYSE%3AKMPR,False,,-21.050219784592162,15.104107536164593,27.440000534057617,22.829999923706055,25.503879905700682,0.40688443436843613,-8.78484066255,-10.343382951489229,0.3900843482163877,29.045000076293945,False,False,False,False,False,
NASDAQ:PLPC,,https://www.tradingview.com/chart/?symbol=NASDAQ%3APLPC,False,,-2.6954965042245753,-2.6954965042245753,396.29998779296875,242.50999450683594,299.16887493896485,0.6405781077690739,35.9905139197868,31.273937414009175,0.6793723423364295,353.385009765625,False,False,False,False,False,
NYSE:TDOC,,https://www.tradingview.com/chart/?symbol=NYSE%3ATDOC,False,,-38.36122074362397,26.40561934629909,6.434999942779541,5.090000152587891,6.19684005355835,0.2867803647184393,-18.151775291092168,-21.64994552145265,0.7116842901045366,6.590000152587891,False,False,False,False,False,
NYSE:WWW,,https://www.tradingview.com/chart/?symbol=NYSE%3AWWW,False,,-41.23310574364904,-41.23310574364904,19.299999237060547,14.680000305175781,16.176240341186524,0.7287064385951084,55.362254655154366,46.427066435336755,0.36311572079211124,17.459999084472656,False,False,False,False,False,
NYSE:TSLX,,https://www.tradingview.com/chart/?symbol=NYSE%3ATSLX,False,,-59.67274852525131,-29.466592483968583,18.010000228881836,16.1299991607666,17.0008392868042,0.5094853105747218,35.445947130734204,32.364953012190654,0.20643359631091565,17.875,False,False,False,False,False,
NASDAQ:INNV,,https://www.tradingview.com/chart/?symbol=NASDAQ%3AINNV,False,,-15.15826736951252,-8.908776749731159,10.869999885559082,7.090000152587891,8.338440143585204,0.7145557202701945,32.8550307408078,28.74159688367211,0.5874514041781843,9.005000114440918,False,False,False,False,False,
NYSE:ADNT,,https://www.tradingview.com/chart/?symbol=NYSE%3AADNT,False,,-31.493334682238228,-31.493334682238228,18.239999771118164,18.165000915527344,19.54206069946289,0.012853276325337832,-46.89430909574312,-53.00212570332139,0.28526028385413293,20.454999923706055,False,True,False,False,False,
NASDAQ:DSGR,,https://www.tradingview.com/chart/?symbol=NASDAQ%3ADSGR,False,,21.633936544890414,58.87295239178593,34.86000061035156,19.28499984741211,22.996099487304686,0.9904611939118153,62.5405508369112,58.30720706008299,0.5728596734813788,27.450000762939453,False,False,False,False,False,
NYSE:OBK,,https://www.tradingview.com/chart/?symbol=NYSE%3AOBK,False,,27.51633662768619,27.51633662768619,53.619998931884766,39.90999984741211,43.5797996673584,0.8816720101051458,53.1395171188018,49.67142233757227,0.31663610351865623,49.11000061035156,False,False,False,False,False,
NASDAQ:EYE,,https://www.tradingview.com/chart/?symbol=NASDAQ%3AEYE,False,,-19.812286856634653,-19.812286856634653,16.450000762939453,15.225000381469727,18.346100471496584,0.09262762541664209,-34.559125872640955,-40.09385148762473,0.6670870049191794,19.825000762939453,False,True,False,False,False,
NASDAQ:MAZE,,https://www.tradingview.com/chart/?symbol=NASDAQ%3AMAZE,False,,-59.76318564376959,-59.76318564376959,23.90999984741211,23.204999923706055,30.071419761657715,0.024230965469810562,-26.357475040537377,-39.11400697767119,1.0665322060493014,27.280000686645508,False,True,False,False,False,
NASDAQ:PGEN,,https://www.tradingview.com/chart/?symbol=NASDAQ%3APGEN,False,,-30.301234100711753,24.367638253763833,7.434999942779541,3.0999999046325684,4.134859958648682,0.9885974485461742,70.71771867214476,67.94292129022223,0.9679911756709062,4.53000020980835,False,False,False,False,False,
NASDAQ:QCRH,,https://www.tradingview.com/chart/?symbol=NASDAQ%3AQCRH,False,,21.94812999141433,25.396659612349307,101.06999969482422,79.88999938964844,86.21480010986328,0.7902984288573275,49.8742244982264,44.81962695031382,0.2828944200041459,94.73500061035156,False,False,False,False,False,
NASDAQ:VIR,,https://www.tradingview.com/chart/?symbol=NASDAQ%3AVIR,False,,-46.67926019697861,-46.67926019697861,10.539999961853027,8.25,9.047680027008056,0.677514758673851,44.29143729766912,45.34754161156798,0.35843054136337194,9.430000305175781,False,False,False,False,False,
NYSE:TIC,,https://www.tradingview.com/chart/?symbol=NYSE%3ATIC,False,,-0.7719923834937313,18.151262508342295,8.84000015258789,6.489999771118164,7.446979843139649,0.5795314931222566,18.86643745932625,19.466602009285424,0.4841791409165112,8.375,False,False,False,False,False,
NASDAQ:RBCAA,,https://www.tradingview.com/chart/?symbol=NASDAQ%3ARBCAA,False,,3.133949079946383,3.133949079946383,94.08999633789062,66.8499984741211,75.02739883422852,0.7861470898760251,51.26093733906284,45.76091894908623,0.40642780648837273,85.25499725341797,False,False,False,False,False,
NASDAQ:PICS,,https://www.tradingview.com/chart/?symbol=NASDAQ%3APICS,False,,-56.90172872305305,-56.90172872305305,9.699999809265137,9.020000457763672,10.660200412750244,0.09784163599471596,-24.730196723927833,-34.61274891481024,0.6112576850675486,11.369999885559082,False,True,False,False,False,
NYSE:BHVN,,https://www.tradingview.com/chart/?symbol=NYSE%3ABHVN,False,,-71.16101151046966,-65.46148584418478,12.010000228881836,8.0600004196167,10.162760158538818,0.4433221436246543,32.007219697087116,12.282248119272587,0.7802100555352443,11.420000076293945,False,False,False,False,False,
NYSE:IDT,,https://www.tradingview.com/chart/?symbol=NYSE%3AIDT,False,,36.48509943699859,47.8351714186145,69.52999877929688,47.25,53.03436050415039,0.9090165988342684,71.89185715754873,69.94922577217598,0.4439413610337063,55.209999084472656,False,False,False,False,False,
NASDAQ:MLTX,,https://www.tradingview.com/chart/?symbol=NASDAQ%3AMLTX,False,,-92.9010645339864,-76.42194512275512,12.470000267028809,12.100000381469727,14.471800201416016,0.03681591180571081,-54.89892716174606,-63.139658181479994,0.5648478582796386,17.792400360107422,False,True,False,False,False,
NASDAQ:INVA,,https://www.tradingview.com/chart/?symbol=NASDAQ%3AINVA,False,,-45.87276697969688,-18.53633779329307,21.219999313354492,20.450000762939453,21.349160636901857,0.20209938539311162,-49.15731565810847,-48.53180525736381,0.17193138502603927,22.15999984741211,False,True,False,False,False,
NASDAQ:HLMN,,https://www.tradingview.com/chart/?symbol=NASDAQ%3AHLMN,False,,-73.12650408834126,-29.024622190099322,7.320000171661377,6.980000019073486,7.5759000415802005,0.13465352069161593,-11.260027075920442,-24.204935558820296,0.31425017340612355,8.03499984741211,False,True,False,False,False,
NYSE:GBX,,https://www.tradingview.com/chart/?symbol=NYSE%3AGBX,False,,-24.445213533542702,-8.965882675101165,42.65999984741211,41.81999969482422,44.965880126953124,0.06301575672937688,-51.05030573936573,-55.58456971746379,0.2735481624517771,48.72999954223633,False,True,False,False,False,
NYSE:LZB,,https://www.tradingview.com/chart/?symbol=NYSE%3ALZB,True,2026-09-16 09:30,-55.517426619635245,-55.517426619635245,30.200000762939453,30.200000762939453,33.03082051086426,0.0,-20.443155123798743,-31.003700132053893,0.3342156348808526,35.88999938964844,False,True,False,False,False,
NYSE:VOYG,,https://www.tradingview.com/chart/?symbol=NYSE%3AVOYG,False,,-15.406110892148527,8.30969972452827,35.2400016784668,21.950000762939453,28.998140258789064,0.4450025737872225,3.6660559533229145,1.903072185214232,0.9404817714707367,31.7549991607666,False,False,False,False,False,
AMEX:CET,,https://www.tradingview.com/chart/?symbol=AMEX%3ACET,False,,35.14752019728101,35.14752019728101,55.18009948730469,48.52399826049805,50.28597506713867,0.8915213206020127,65.18377387829464,66.26028649622621,0.1412410770291721,52.86000061035156,False,False,False,False,False,
NASDAQ:PRGS,,https://www.tradingview.com/chart/?symbol=NASDAQ%3APRGS,False,,-61.38692962931333,-4.494102106259285,41.880001068115234,25.06999969482422,30.077919982910156,0.7921772104749208,52.39039394670405,45.67876273538253,0.6515198470841634,32.56999969482422,False,False,False,False,False,
NYSE:WOLF,,https://www.tradingview.com/chart/?symbol=NYSE%3AWOLF,False,,-48.525504062099735,-48.525504062099735,23.690000534057617,14.779999732971191,28.680954433441162,0.15126732187576333,-34.63866150187877,-37.391224831517164,2.014444284773937,29.239999771118164,False,True,False,False,False,
NYSE:GAM,,https://www.tradingview.com/chart/?symbol=NYSE%3AGAM,True,2026-09-16 09:30,-76.72136069429989,-76.56397470787822,64.45999908447266,56.86000061035156,59.49140097045898,0.6816141196466804,53.47700518575897,38.20291135232932,0.173689564278912,64.19499969482422,False,False,True,False,False,
NASDAQ:AIP,,https://www.tradingview.com/chart/?symbol=NASDAQ%3AAIP,False,,-30.32672648557316,-30.32672648557316,20.889999389648438,14.539999961853027,22.76105997085571,0.1822879121814749,-39.168947766402994,-42.788216621287525,1.2064069277280336,28.875,False,True,False,False,False,
NYSE:REX,,https://www.tradingview.com/chart/?symbol=NYSE%3AREX,False,,-13.046884907418994,-10.548222955285777,42.31999969482422,37.369998931884766,40.932419219970704,0.32792317738606197,-39.98063860981871,-42.04021813282649,0.3408988626205834,44.279998779296875,False,False,False,False,False,
NASDAQ:LKFN,,https://www.tradingview.com/chart/?symbol=NASDAQ%3ALKFN,False,,34.30115907416708,37.68369042437552,59.959999084472656,54.689998626708984,56.88243884277344,0.5672766349199571,2.628415745553315,-1.8966346757265098,0.15361721620386298,60.474998474121094,False,False,False,False,False,
NASDAQ:SEPN,,https://www.tradingview.com/chart/?symbol=NASDAQ%3ASEPN,False,,14.804063554864504,36.39866009730946,38.5,23.040000915527344,28.963600555419923,0.6159362559488764,50.76278316735741,46.203885239023016,0.7875744528761315,31.8700008392334,False,False,False,False,False,
NASDAQ:LIND,,https://www.tradingview.com/chart/?symbol=NASDAQ%3ALIND,False,,-33.693996198604445,15.49902328520732,27.440000534057617,16.170000076293945,20.491159950256346,0.6155106928717556,34.605085707247135,21.459376261803854,0.7814767062507306,23.43000030517578,False,False,False,False,False,
NASDAQ:BLFS,,https://www.tradingview.com/chart/?symbol=NASDAQ%3ABLFS,False,,-48.87853501496082,27.706159968267457,36.125,18.139999389648438,22.69951931762695,0.9309006674140735,68.10931344019713,63.45948773148186,0.7259064385110282,26.614999771118164,False,False,False,False,False,
NYSE:ENOV,,https://www.tradingview.com/chart/?symbol=NYSE%3AENOV,False,,-51.245490155454924,-47.05012546113529,18.655000686645508,17.959999084472656,21.14363948059082,0.05151975653807642,-24.912056941815425,-38.81392896979187,0.5630217944043675,23.959999084472656,False,True,False,False,False,
NASDAQ:BCAX,,https://www.tradingview.com/chart/?symbol=NASDAQ%3ABCAX,False,,-57.18991430878833,-57.18991430878833,22.010000228881836,17.959999084472656,20.89347915649414,0.3258247019288312,-6.123035409107931,-16.332121539516972,0.5399652501302913,23.020000457763672,False,False,False,False,False,
NYSE:DXC,,https://www.tradingview.com/chart/?symbol=NYSE%3ADXC,False,,2.595393502545637,42.63510992602528,11.585000038146973,8.09000015258789,9.34434005355835,0.6575729372507371,36.80024191592855,42.267153217022965,0.48828658416383747,10.885000228881836,False,False,False,False,False,
NASDAQ:RAPP,,https://www.tradingview.com/chart/?symbol=NASDAQ%3ARAPP,False,,-66.31984855551899,-61.136951645179636,41.36000061035156,26.354999542236328,32.52757925415039,0.5736953457628344,59.775037348650265,43.64343450990394,0.671846868077716,38.93000030517578,False,False,False,False,False,
NASDAQ:USAR,,https://www.tradingview.com/chart/?symbol=NASDAQ%3AUSAR,False,,-78.83332153498152,-68.98440141241905,15.100000381469727,13.074999809265137,17.29585963821411,0.11322340812234077,-30.757631921862014,-40.07965502615407,0.93761460340049,19.075000762939453,False,True,False,False,False,
NYSE:GSL,,https://www.tradingview.com/chart/?symbol=NYSE%3AGSL,False,,30.238731844963343,30.238731844963343,45.40999984741211,35.880001068115234,38.365080780029295,0.9050332273574324,72.90943991400933,71.15279506901379,0.26570775915948447,39.630001068115234,False,False,False,False,False,
NYSE:SFL,,https://www.tradingview.com/chart/?symbol=NYSE%3ASFL,False,,62.339326672081086,77.77709574112872,13.510000228881836,9.880000114440918,10.77915998840332,0.9527560690990955,63.79792755724242,69.93461165189967,0.3362753302381425,11.329999923706055,False,False,False,False,False,
NASDAQ:GIII,,https://www.tradingview.com/chart/?symbol=NASDAQ%3AGIII,False,,-42.597056188518714,-15.80718414728188,28.18000030517578,25.71500015258789,28.335780044555662,0.22197210753702454,-21.26992445766771,-34.18268016913458,0.3453584190271009,32.154998779296875,False,True,False,False,False,
NYSE:TPB,,https://www.tradingview.com/chart/?symbol=NYSE%3ATPB,True,2026-09-16 09:30,-59.68831058028103,-57.104018574739065,70.0,70.0,75.96371920776367,0.0,-32.906962800703724,-46.091962106174,0.3024897817348425,83.54000091552734,False,True,False,False,False,
NASDAQ:GLUE,,https://www.tradingview.com/chart/?symbol=NASDAQ%3AGLUE,False,,-70.51862420336874,-70.51862420336874,12.649999618530273,12.649999618530273,15.473739654541015,0.0,-34.02372826781585,-37.73792873064483,0.6714366081646511,17.81999969482422,False,True,False,False,False,
NASDAQ:AHCO,,https://www.tradingview.com/chart/?symbol=NASDAQ%3AAHCO,False,,-14.206001942939343,-11.521461556969173,5.929999828338623,5.210000038146973,7.140480110168457,0.0880195309694647,-59.849834557079866,-57.902177869483154,0.7911025323465295,10.34000015258789,False,True,False,False,False,
NASDAQ:ALNT,,https://www.tradingview.com/chart/?symbol=NASDAQ%3AALNT,False,,-7.393027060781251,-6.5298522505122065,94.83999633789062,58.619998931884766,72.0684599761963,0.6356057663142811,35.61777779785865,28.286595113122118,0.6623082731135227,86.04000091552734,False,False,False,False,False,
NASDAQ:MLKN,,https://www.tradingview.com/chart/?symbol=NASDAQ%3AMLKN,False,,-68.8915041886557,-55.79724258614923,21.0,14.020000457763672,16.494460151672364,0.6657129619135994,41.21026674105578,29.705192043104837,0.5594983367695804,18.739999771118164,False,False,False,False,False,
NYSE:SLVM,,https://www.tradingview.com/chart/?symbol=NYSE%3ASLVM,False,,-49.60729255784796,-29.232759601311557,35.9900016784668,34.529998779296875,37.045758743286136,0.1369608743028605,-57.147199608721564,-59.347769144993336,0.2728436122517884,39.06999969482422,False,True,False,False,False,
NYSE:BRBR,,https://www.tradingview.com/chart/?symbol=NYSE%3ABRBR,False,,-70.33911065662421,-55.54948729194073,9.109999656677246,7.894999980926514,10.501620111465455,0.11000449206915584,-36.4005360798052,-44.078831045413025,0.92080038837085,11.994999885559082,False,True,False,False,False,
NYSE:KRP,,https://www.tradingview.com/chart/?symbol=NYSE%3AKRP,False,,-37.7532300049647,-37.7532300049647,14.600099563598633,14.010000228881836,14.401760192871095,0.3554815596138423,53.189486332904096,45.37490134933278,0.1118598268425643,14.84000015258789,False,False,False,False,False,
NYSE:ARDT,,https://www.tradingview.com/chart/?symbol=NYSE%3AARDT,False,,-24.389583151199428,-24.389583151199428,10.720000267028809,7.800000190734863,8.694440181732178,0.770448576697685,46.62163214682733,41.45043511502336,0.3832153518995427,9.890000343322754,False,False,False,False,False,
NASDAQ:AMLX,,https://www.tradingview.com/chart/?symbol=NASDAQ%3AAMLX,False,,-61.156183880885486,-18.578767504914566,32.630001068115234,12.699999809265137,19.059019962310792,0.7396548813948781,87.1748699707087,81.19882487578091,1.5803520149097616,17.049999237060547,False,False,False,False,False,
NYSE:AAT,,https://www.tradingview.com/chart/?symbol=NYSE%3AAAT,False,,-67.81700321737696,-31.240154130953652,21.790000915527344,18.170000076293945,19.982480148315428,0.4713542572119134,-13.040427789794881,-20.62487344017502,0.34201738282207245,22.454999923706055,False,False,False,False,False,
TSX:TSU,,https://www.tradingview.com/chart/?symbol=TSX%3ATSU,False,,13.875974876152304,14.277413267891191,42.36000061035156,39.97999954223633,41.70043975830078,0.32647472828788665,-28.931943250808377,-20.23031836492801,0.17072601370664478,42.70000076293945,False,False,False,False,False,
NYSE:TV,,https://www.tradingview.com/chart/?symbol=NYSE%3ATV,False,,-74.25423307462587,-70.94142281675795,2.184999942779541,2.184999942779541,2.4528599405288696,0.0,-45.09491258272923,-64.57404772125604,0.4017699013470354,2.825000047683716,False,True,False,False,False,
AMEX:IE,,https://www.tradingview.com/chart/?symbol=AMEX%3AIE,False,,-55.47349932130601,-55.47349932130601,8.960000038146973,8.024999618530273,9.782019771575929,0.12558768813610038,-14.39798251594263,-22.70637350600929,0.6608966197601143,11.265000343322754,False,True,False,False,False,
NASDAQ:CSWC,,https://www.tradingview.com/chart/?symbol=NASDAQ%3ACSWC,False,,-58.5856704174085,-58.5856704174085,23.579999923706055,21.3799991607666,22.3688392868042,0.5250597810327632,61.05179693162132,47.15213183801299,0.17742962416548952,23.614999771118164,False,False,False,False,False,
NYSE:TNC,,https://www.tradingview.com/chart/?symbol=NYSE%3ATNC,False,,-37.04307520492382,-37.04307520492382,67.98999786376953,61.84000015258789,68.75716047668458,0.20982591003171625,-46.76720975625535,-48.09344458354458,0.3591691706094475,81.6050033569336,False,True,False,False,False,
NYSE:SVV,,https://www.tradingview.com/chart/?symbol=NYSE%3ASVV,False,,-74.42826290157082,-74.42826290157082,9.130000114440918,7.025000095367432,8.304120000839234,0.3883764159843217,25.94468062777319,8.923680570374403,0.579059807506538,9.359999656677246,False,False,False,False,False,
TSX:KEL,,https://www.tradingview.com/chart/?symbol=TSX%3AKEL,False,,-10.975624235907977,53.95182414899141,11.020000457763672,8.050000190734863,8.809920253753662,0.9223602548857294,61.97582819119496,67.6573230005598,0.33717279609614675,9.550000190734863,False,False,False,False,False,
NASDAQ:IART,,https://www.tradingview.com/chart/?symbol=NASDAQ%3AIART,False,,-80.57652857671435,-39.41787633319507,16.084999084472656,8.84000015258789,11.509160026550292,0.6405834901850803,-4.08989482943239,-15.445291101560155,0.6951443852323624,16.270000457763672,False,False,False,False,False,
NYSE:FMC,,https://www.tradingview.com/chart/?symbol=NYSE%3AFMC,False,,-47.15982144781139,-47.15982144781139,10.805000305175781,9.975000381469727,11.916100471496582,0.10091184014726354,-15.782805077811878,-16.04165047627491,0.6703341544103588,12.270000457763672,False,True,False,False,False,
NYSE:INSP,,https://www.tradingview.com/chart/?symbol=NYSE%3AINSP,False,,78.7801469827469,78.7801469827469,72.79000091552734,39.85499954223633,48.1315203704834,0.9391217016659033,57.66712031109989,65.02359832612925,0.6724832690967104,52.150001525878906,False,False,False,False,False,
NYSE:PRGO,,https://www.tradingview.com/chart/?symbol=NYSE%3APRGO,True,2026-09-16 13:30,-53.548240852426694,-53.548240852426694,13.539999961853027,9.244999885559082,10.58429993057251,0.7568281818397226,55.74622017881715,53.670750051526824,0.5161437244022579,10.994999885559082,False,False,False,False,False,
NYSE:VPG,,https://www.tradingview.com/chart/?symbol=NYSE%3AVPG,False,,-24.67441218759736,-24.67441218759736,61.02000045776367,40.119998931884766,66.07999803161621,0.19000002046064968,-34.55111353449084,-37.00592699750932,1.6371482689144028,67.19000244140625,False,True,False,False,False,
NASDAQ:PLTK,,https://www.tradingview.com/chart/?symbol=NASDAQ%3APLTK,False,,19.630302884937986,50.8480480919276,2.3399999141693115,2.184999942779541,2.6572359256744384,0.07746125787311556,-43.82839688080196,-44.93670428584088,0.5920117928314731,3.380000114440918,False,True,False,False,False,
NASDAQ:PWP,,https://www.tradingview.com/chart/?symbol=NASDAQ%3APWP,True,2026-09-16 09:30,-88.42414310926199,-87.80000674785073,12.760000228881836,12.760000228881836,15.153040084838867,0.0,-24.3845299874075,-45.202697142760066,0.5989367517346394,16.93000030517578,False,True,True,False,False,
NASDAQ:JJSF,,https://www.tradingview.com/chart/?symbol=NASDAQ%3AJJSF,True,2026-09-16 13:30,-60.43298807374065,-60.43298807374065,81.05000305175781,69.7300033569336,74.97628234863281,0.5092218565206796,43.864489631434594,34.08156772324946,0.2808945653144238,79.13999938964844,False,False,True,False,False,
NASDAQ:ATLC,,https://www.tradingview.com/chart/?symbol=NASDAQ%3AATLC,False,,-4.42930181422157,-4.42930181422157,93.3499984741211,47.959999084472656,63.26931973266601,0.6997070674864433,8.626571956572123,1.4798165190300612,0.7243593604547496,89.55500030517578,False,False,False,False,False,
NASDAQ:XERS,,https://www.tradingview.com/chart/?symbol=NASDAQ%3AXERS,False,,-82.70846334789685,-55.99550187614839,7.800000190734863,5.283100128173828,6.148488452911377,0.6863836705268083,40.02598717776736,24.869720724971398,0.5396467461250227,6.795000076293945,False,False,False,False,False,
NYSE:AMPX,,https://www.tradingview.com/chart/?symbol=NYSE%3AAMPX,False,,-51.607018568976606,-51.607018568976606,9.100000381469727,8.449999809265137,12.067880016326903,0.04240055675167473,-45.19191470283889,-47.2317951481981,0.9801790627149998,15.640000343322754,False,True,False,False,False,
NASDAQ:CNXC,,https://www.tradingview.com/chart/?symbol=NASDAQ%3ACNXC,False,,-23.426376767516206,2.734566957988681,29.15999984741211,20.950000762939453,24.015640258789062,0.6320246677923794,38.84227104870329,42.15101872067312,0.49961530245267427,26.0,False,False,False,False,False,
NASDAQ:TRS,,https://www.tradingview.com/chart/?symbol=NASDAQ%3ATRS,False,,-54.04032755524699,-11.186417758682259,39.06999969482422,33.77000045776367,36.4297205657959,0.470274979750288,-23.474641879413294,-28.32739525689466,0.2861858850199129,39.380001068115234,False,False,False,False,False,
NYSE:EFC,,https://www.tradingview.com/chart/?symbol=NYSE%3AEFC,True,2026-09-16 09:30,-78.50489302248849,-76.60974590366206,12.630000114440918,11.319999694824219,11.906459838867187,0.5271630172482608,21.943925694538876,-0.05101936699730203,0.1851714304190837,13.420000076293945,False,False,True,False,False,
NASDAQ:AVBP,,https://www.tradingview.com/chart/?symbol=NASDAQ%3AAVBP,False,,-61.712672742289875,-61.712672742289875,27.65999984741211,21.030000686645508,24.376480308532713,0.46755993722697037,-12.759692441778512,-25.13952250628231,0.4726650505967057,30.000099182128906,False,False,False,False,False,
TSX:CJ,,https://www.tradingview.com/chart/?symbol=TSX%3ACJ,False,,18.607993365287083,57.20120458667092,12.270000457763672,10.09000015258789,10.812160026550293,0.7124185247216736,44.73435568707951,51.18435834819597,0.26701565931557975,11.460000038146973,False,False,False,False,False,
TSX:MAL,,https://www.tradingview.com/chart/?symbol=TSX%3AMAL,False,,14.054571813347783,53.8147006838679,33.77000045776367,18.84000015258789,24.626720260620118,0.6088907025468082,25.30808155679273,17.18255788914271,0.7722834789846825,31.75,False,False,False,False,False,
TSX:RCH,,https://www.tradingview.com/chart/?symbol=TSX%3ARCH,False,,-7.741426165266904,40.64661872723635,36.09000015258789,34.209999084472656,36.14283966064453,0.2295482915378023,-48.845146675740075,-44.11309454273902,0.20994623926670192,39.0099983215332,False,True,False,False,False,
NYSE:XZO,,https://www.tradingview.com/chart/?symbol=NYSE%3AXZO,False,,-45.47689358147212,12.775462472436281,16.399999618530273,12.539999961853027,14.026800006866456,0.6126983396530654,23.31346204892202,23.145473470808366,0.39860803980318527,15.805000305175781,False,False,False,False,False,
NASDAQ:PEBO,,https://www.tradingview.com/chart/?symbol=NASDAQ%3APEBO,False,,6.943686013091729,31.185673049776966,39.599998474121094,31.15999984741211,33.76544006347656,0.7644925658328928,48.43968910780887,41.52239773163771,0.3065815448518269,36.0099983215332,False,False,False,False,False,
NASDAQ:MRTN,,https://www.tradingview.com/chart/?symbol=NASDAQ%3AMRTN,False,,-48.47919943352412,-46.67281180988686,13.670000076293945,11.449999809265137,13.080382335662842,0.3213479380059285,-35.91527956726011,-41.031199490087744,0.46271938341411567,14.930000305175781,False,False,False,False,False,
NASDAQ:BJRI,,https://www.tradingview.com/chart/?symbol=NASDAQ%3ABJRI,False,,-29.748850635348834,-18.21583528729938,59.61000061035156,33.400001525878906,43.03352145385742,0.6420871945228348,34.24756369856109,23.08345801959438,0.7941633946114212,51.400001525878906,False,False,False,False,False,
NYSE:HLX,,https://www.tradingview.com/chart/?symbol=NYSE%3AHLX,False,,-33.835364831155516,26.947807814709904,10.619999885559082,8.449999809265137,8.977459953308106,0.9709169949410471,3.788029448431606,21.084343128676437,0.2323526883571134,9.619000434875488,False,False,False,False,False,
NYSE:DFH,,https://www.tradingview.com/chart/?symbol=NYSE%3ADFH,False,,-73.88511456467478,-48.610634505037865,12.010000228881836,11.84000015258789,13.14979997253418,0.030630648587977583,-47.45883295475715,-60.44610142764573,0.37883954823046867,14.649999618530273,False,True,False,False,False,
NYSE:CRI,,https://www.tradingview.com/chart/?symbol=NYSE%3ACRI,True,2026-09-16 09:30,-69.56299916409432,-69.56299916409432,29.040000915527344,28.975000381469727,32.372220039367676,0.00451549431074747,-48.851185537457816,-58.05243666898306,0.3833554951502549,37.54999923706055,False,True,True,False,False,"NEAR: 4h+band ok, weekly shallow"
NASDAQ:WEN,,https://www.tradingview.com/chart/?symbol=NASDAQ%3AWEN,False,,-55.586264644608804,-55.57771938265566,7.03000020980835,6.164999961853027,6.8647399978637695,0.2917369994737905,29.77908930115285,12.579907367054487,0.4024595767364667,7.367199897766113,False,False,False,False,False,
NASDAQ:XNCR,,https://www.tradingview.com/chart/?symbol=NASDAQ%3AXNCR,True,2026-09-16 09:30,-63.37567070019329,-59.67160468754361,23.690000534057617,10.40999984741211,14.886919685363768,0.7000527763486348,78.08389325148714,69.14789085604487,1.459230716411884,13.0,False,False,True,False,False,
NYSE:ENR,,https://www.tradingview.com/chart/?symbol=NYSE%3AENR,False,,-50.80465815323168,-13.581066531845678,20.75,16.219999313354492,17.80591960144043,0.6741071225834578,30.490791295728865,18.365165348653704,0.3354968043103221,20.030000686645508,False,False,False,False,False,
NYSE:PRSU,,https://www.tradingview.com/chart/?symbol=NYSE%3APRSU,False,,31.282657359155404,45.33833442112726,48.90999984741211,34.08000183105469,39.25548100280761,0.6762426078269669,8.26035978710745,6.064959650845062,0.4754986339628328,46.119998931884766,False,False,False,False,False,
TSX:ERD,,https://www.tradingview.com/chart/?symbol=TSX%3AERD,False,,-51.75539923088832,-43.289746391738426,6.360000133514404,4.659999847412109,5.405759923934936,0.5379747188811349,22.74984813210578,21.21300308253075,0.5105008554181218,6.190000057220459,False,False,False,False,False,
NYSE:ECVT,,https://www.tradingview.com/chart/?symbol=NYSE%3AECVT,False,,-47.25616842005001,16.18099947967752,10.880000114440918,9.90999984741211,11.102979919433594,0.1918892598355794,-61.200990750586804,-57.063556847834725,0.3996047792579373,12.649999618530273,False,True,False,True,False,
NYSE:ALX,,https://www.tradingview.com/chart/?symbol=NYSE%3AALX,False,,-82.64338231846433,-70.62681267105107,245.72000122070312,225.44000244140625,239.87140100097656,0.331643512730797,17.1368493143602,-3.2196271051770946,0.23924097197290048,255.60000610351562,False,False,False,False,False,
NASDAQ:TSHA,,https://www.tradingview.com/chart/?symbol=NASDAQ%3ATSHA,False,,-76.95387783257583,-57.00469676651425,5.070000171661377,4.059999942779541,4.8092999877929685,0.31811028919909085,-22.87548275213956,-38.123018462963906,0.5460017471182103,5.815000057220459,False,False,False,False,False,
NASDAQ:ZBIO,,https://www.tradingview.com/chart/?symbol=NASDAQ%3AZBIO,False,,-39.33097262829599,-21.401323297854418,32.31999969482422,16.8799991607666,20.86603946685791,0.9141503462644935,49.12124152362228,46.81954789611375,0.7359477444668192,22.950000762939453,False,False,False,False,False,
NYSE:SID,,https://www.tradingview.com/chart/?symbol=NYSE%3ASID,False,,-10.100721970144976,-10.100721970144976,1.2200000286102295,0.8460000157356262,0.990904021024704,0.609120519907805,-6.57597246342484,5.870480508288978,0.5138075275824846,1.1950000524520874,False,False,False,False,False,
NYSE:SBH,,https://www.tradingview.com/chart/?symbol=NYSE%3ASBH,False,,-43.10325248335821,-29.768850540473867,16.024999618530273,11.739999771118164,12.944779663085937,0.8393732089415615,51.01609837460533,45.31307561949419,0.3573678401656516,14.28499984741211,False,False,False,False,False,
NASDAQ:WABC,,https://www.tradingview.com/chart/?symbol=NASDAQ%3AWABC,False,,20.709671724989647,56.55774889273308,59.66999816894531,49.619998931884766,52.65967918395996,0.7802793791639949,32.14725023200129,34.840592569166304,0.22388321469511863,57.529998779296875,False,False,False,False,False,
NASDAQ:ABSI,,https://www.tradingview.com/chart/?symbol=NASDAQ%3AABSI,True,2026-09-16 09:30,-69.878346371646,-65.45442192654345,8.03499984741211,2.2850000858306885,4.535283625602722,0.6030350930224051,27.241305163548272,15.507016247155784,1.3930021967947765,6.84499979019165,False,False,True,False,False,
NASDAQ:PNTG,,https://www.tradingview.com/chart/?symbol=NASDAQ%3APNTG,False,,54.37289891286658,68.23417787305367,42.480098724365234,28.940000534057617,32.135463706970214,1.0,34.097419637862345,41.99305537231734,0.38910116121212973,34.79840087890625,False,False,False,False,False,
NYSE:ARLO,,https://www.tradingview.com/chart/?symbol=NYSE%3AARLO,False,,-2.592593858528095,21.623435068496857,13.399999618530273,12.3100004196167,13.167860248565674,0.2998622878270992,-2.743327660854572,-5.355267256986477,0.2696587090984778,13.479999542236328,False,False,False,False,False,
NYSE:OI,,https://www.tradingview.com/chart/?symbol=NYSE%3AOI,False,,-66.63962309088356,-66.63962309088356,6.150000095367432,6.150000095367432,7.504640153884887,0.0,-61.04860247995896,-63.32261271902647,0.6328556164374344,9.069999694824219,False,True,False,True,False,"WATCH: weekly+band ok, waiting on 4h dot"
NYSE:LOMA,,https://www.tradingview.com/chart/?symbol=NYSE%3ALOMA,False,,-55.356006406306335,-55.356006406306335,9.609999656677246,9.229999542236328,10.030039623260498,0.11209441768624005,-53.61852272716619,-54.58078365315679,0.30568082025965393,11.09000015258789,False,True,False,False,False,
NYSE:FOR,,https://www.tradingview.com/chart/?symbol=NYSE%3AFOR,False,,-64.27579842787803,-42.67058087063052,26.3700008392334,23.979999542236328,25.860919830322267,0.29987464629098526,-20.212895689801517,-34.864709592367205,0.2879335669376002,27.68000030517578,False,False,False,False,False,
NYSE:RERE,,https://www.tradingview.com/chart/?symbol=NYSE%3ARERE,False,,-48.20482308936425,-48.20482308936425,3.940000057220459,3.609999895095825,4.224425925254822,0.12675250467702412,-22.268219961606196,-29.27744113298096,0.5930524389461052,4.389999866485596,False,True,False,False,False,
NASDAQ:BLKB,,https://www.tradingview.com/chart/?symbol=NASDAQ%3ABLKB,False,,-45.41895044550632,-26.605498569873106,44.849998474121094,26.200000762939453,31.557200942993163,0.8215857746414731,44.490689090764015,42.18762584279948,0.6057372031279806,37.474998474121094,False,False,False,False,False,
NASDAQ:AMAL,,https://www.tradingview.com/chart/?symbol=NASDAQ%3AAMAL,False,,-60.2829053098333,-60.2829053098333,46.66999816894531,36.95000076293945,40.30120094299316,0.6845068228006055,45.65410280779226,32.46722396451608,0.32479415293829406,43.720001220703125,False,False,False,False,False,
NASDAQ:GCT,,https://www.tradingview.com/chart/?symbol=NASDAQ%3AGCT,False,,34.0515436113659,44.2542493684873,51.619998931884766,31.489999771118164,36.75280004119873,0.9026904990008658,48.78445214129996,49.2227890555406,0.5234742240180154,42.599998474121094,False,False,False,False,False,
NYSE:AMC,,https://www.tradingview.com/chart/?symbol=NYSE%3AAMC,False,,-53.35671536158855,2.4606820329142756,2.6649999618530273,0.9502000212669373,1.3997328207492827,0.900251964805097,50.586590316234755,47.14335197312363,1.0131375915247212,1.8801000118255615,False,False,False,False,False,
NASDAQ:PGY,,https://www.tradingview.com/chart/?symbol=NASDAQ%3APGY,False,,-48.57244682485185,-17.726492509666908,21.65999984741211,10.649999618530273,13.62713956451416,0.8727705452749236,64.77032548336585,58.19458455897826,0.8261296262571076,15.270000457763672,False,False,False,False,False,
TSX:CYB,,https://www.tradingview.com/chart/?symbol=TSX%3ACYB,False,,5.348591880713189,43.3416302500471,96.94999694824219,87.01000213623047,89.53756192016601,0.928104170094908,53.630603725116686,58.22952718773122,0.11834253132013985,90.5,False,False,False,False,False,
NASDAQ:ICFI,,https://www.tradingview.com/chart/?symbol=NASDAQ%3AICFI,False,,-50.915201141256546,8.247053867837534,87.4800033569336,59.47999954223633,67.872159866333,0.7874016516694503,57.99983828253827,53.1476164818149,0.4890661782566975,72.70999908447266,False,False,False,False,False,
TSX:AIF,,https://www.tradingview.com/chart/?symbol=TSX%3AAIF,False,,-46.28963509554617,-17.316569276894747,45.08000183105469,40.7599983215332,43.521198501586916,0.36923104511286775,17.746665139732862,3.6451629886377006,0.2523727482507194,46.36000061035156,False,False,False,False,False,
TSX:LSPD,,https://www.tradingview.com/chart/?symbol=TSX%3ALSPD,False,,-54.4926561829215,-37.578694051604806,13.529999732971191,11.479999542236328,12.425179569244385,0.5118602077795533,23.635068512664418,7.566538327920961,0.29865773005312984,13.40999984741211,False,False,False,False,False,
TSX:TNZ,,https://www.tradingview.com/chart/?symbol=TSX%3ATNZ,False,,52.47069777795525,52.47069777795525,71.62999725341797,44.75,51.79932064819336,0.8998993900827076,56.67491001324354,64.51115461045949,0.5170504156118251,57.77000045776367,False,False,False,False,False,
NASDAQ:PAHC,,https://www.tradingview.com/chart/?symbol=NASDAQ%3APAHC,True,2026-09-16 13:30,-54.76553001522215,-54.76553001522215,35.349998474121094,28.299999237060547,35.67499923706055,0.2255999755859375,11.268228277793497,8.288469764808465,0.8692628466427004,35.95000076293945,False,True,False,False,False,
NASDAQ:ULCC,,https://www.tradingview.com/chart/?symbol=NASDAQ%3AULCC,False,,-39.460089882931506,-25.71470457211959,5.619999885559082,3.0899999141693115,4.277079907417297,0.5029821045288676,-6.772002546025637,-15.051002843488838,0.8809106721165841,5.710000038146973,False,False,False,False,False,
NASDAQ:CCEC,,https://www.tradingview.com/chart/?symbol=NASDAQ%3ACCEC,False,,-64.64347053950509,-60.290152480381074,22.0,17.31999969482422,18.839839820861815,0.7267080616571127,34.51643887130961,24.664782694410277,0.2940639564490463,21.899999618530273,False,False,False,False,False,
NYSE:SMA,,https://www.tradingview.com/chart/?symbol=NYSE%3ASMA,False,,-47.58935472460336,-27.774505921511746,32.2599983215332,29.600000381469727,31.058480003356934,0.4304204902381069,13.271340707096718,0.874847129308467,0.1903881260669342,32.459999084472656,False,False,False,False,False,
TSX:FIH.U,,https://www.tradingview.com/chart/?symbol=TSX%3AFIH.U,False,,-66.03067613533362,-47.66048587447285,18.25,15.989999771118164,16.91275973510742,0.5780051961837416,37.75779576328738,16.774570535079654,0.2166204993174756,18.049999237060547,False,False,False,False,False,
NYSE:YELP,,https://www.tradingview.com/chart/?symbol=NYSE%3AYELP,False,,-47.832092763395075,-24.101725928160523,20.760000228881836,20.459999084472656,22.528539390563964,0.034227164862138865,-35.61964274660059,-43.22697450609073,0.3595897967998798,24.375,False,True,False,False,False,
NYSE:CXM,,https://www.tradingview.com/chart/?symbol=NYSE%3ACXM,False,,-45.59267852731264,-23.89643549039864,5.585000038146973,4.775000095367432,5.588020135879517,0.2351233388731335,42.11802940096178,23.74239883852642,0.6184364483185295,5.570499897003174,False,True,False,False,False,
NYSE:NAT,,https://www.tradingview.com/chart/?symbol=NYSE%3ANAT,False,,62.752879997567256,86.41337724580028,7.989999771118164,4.96999979019165,5.7051398487091065,0.9695023244087487,75.40079177988828,81.38410177867001,0.5293118312328732,5.885000228881836,False,False,False,False,False,
NYSE:DOLE,,https://www.tradingview.com/chart/?symbol=NYSE%3ADOLE,True,2026-09-16 09:30,-66.66783097567688,-66.04917283161444,13.114999771118164,12.850000381469727,13.52024019241333,0.09330967056251689,-47.12795420736862,-52.32704031622096,0.19964844448180927,14.225000381469727,False,True,True,False,False,"NEAR: 4h+band ok, weekly shallow"
NASDAQ:WLTH,,https://www.tradingview.com/chart/?symbol=NASDAQ%3AWLTH,False,,51.82738005761382,51.82738005761382,10.175000190734863,7.809999942779541,8.869640001296997,0.5267260840424914,5.431011448997592,23.48786308749496,0.4758876574737588,9.4350004196167,False,False,False,False,False,
NYSE:GLOB,,https://www.tradingview.com/chart/?symbol=NYSE%3AGLOB,False,,-35.19900648762729,17.719299684100534,38.400001525878906,27.6299991607666,33.166559394836426,0.4590793652935898,12.077704306458685,14.912801476856679,0.5995400038702652,39.130001068115234,False,False,False,False,False,
NYSE:LSPD,,https://www.tradingview.com/chart/?symbol=NYSE%3ALSPD,False,,-55.941468870169665,-45.042910497280594,9.670000076293945,8.329999923706055,8.966019851684571,0.49721718156828665,30.58296990608009,13.700411421932465,0.27941934338166863,9.645000457763672,False,False,False,False,False,
NASDAQ:PRCH,,https://www.tradingview.com/chart/?symbol=NASDAQ%3APRCH,False,,-47.68209631122912,-47.68209631122912,15.880000114440918,6.739999771118164,9.417419609069825,0.8056413306754301,64.56427596783158,56.616562928451955,1.0266967527174324,11.050000190734863,False,False,False,False,False,
NASDAQ:TBLA,,https://www.tradingview.com/chart/?symbol=NASDAQ%3ATBLA,False,,-2.454250624793618,29.093158731815276,3.805000066757202,3.005000114440918,3.6233200874328615,0.305343506587815,-32.37595627455138,-34.31112062371144,0.6485148292816731,4.039999961853027,False,False,False,False,False,
NASDAQ:NKTR,,https://www.tradingview.com/chart/?symbol=NASDAQ%3ANKTR,True,2026-09-16 13:30,-60.984981648653076,-60.984981648653076,67.30999755859375,55.4900016784668,66.96196092224122,0.2431597749289227,20.81179442890545,7.237876123944988,0.6749513893560302,72.0199966430664,False,False,True,False,False,
NASDAQ:RXRX,,https://www.tradingview.com/chart/?symbol=NASDAQ%3ARXRX,False,,-32.384555894880926,-20.117563112307266,3.180000066757202,2.815000057220459,3.087580050468445,0.31601733210222643,7.114626902528056,1.9494453356763808,0.3499999963875972,3.299999952316284,False,False,False,False,False,
NYSE:SCL,,https://www.tradingview.com/chart/?symbol=NYSE%3ASCL,False,,-54.2260849245269,-24.12493605897618,61.81999969482422,44.5,49.57163949584961,0.8059563246408876,59.25194865887803,51.477193363460906,0.4007832579606907,53.619998931884766,False,False,False,False,False,
NYSE:VTOL,,https://www.tradingview.com/chart/?symbol=NYSE%3AVTOL,False,,-63.58106649646032,-63.05573597003008,41.369998931884766,40.56999969482422,42.7765993347168,0.08556142969165001,-0.07395440483417204,-16.344306186152853,0.21082297172066333,44.349998474121094,False,True,False,False,False,
NASDAQ:LGIH,,https://www.tradingview.com/chart/?symbol=NASDAQ%3ALGIH,False,,-77.45879615770217,-45.12732131002019,48.9900016784668,34.16999816894531,41.64175903320312,0.46809860376794693,-0.773224322905166,-18.74431888116586,0.6251975522057598,50.63999938964844,False,False,False,False,False,
NYSE:AMN,,https://www.tradingview.com/chart/?symbol=NYSE%3AAMN,False,,-17.120679155124634,40.08188449874128,34.95000076293945,17.6200008392334,22.089840965270994,0.914994690340347,38.898816894840444,38.29429964174534,0.6136400672123338,30.864999771118164,False,False,False,False,False,
NYSE:TTI,,https://www.tradingview.com/chart/?symbol=NYSE%3ATTI,False,,-49.64712557298795,-49.64712557298795,6.275000095367432,6.275000095367432,7.515180009841918,0.0,-63.582965193572306,-65.19402207096067,0.5951302019262277,8.829999923706055,False,True,False,True,False,
NYSE:ACVA,,https://www.tradingview.com/chart/?symbol=NYSE%3AACVA,False,,69.71535353567425,69.71535353567425,10.420000076293945,4.130000114440918,5.617980186462402,0.9976208814279612,49.97574982156393,67.31116186171519,0.9913522284301853,6.360000133514404,False,False,False,False,False,
AMEX:TMP,,https://www.tradingview.com/chart/?symbol=AMEX%3ATMP,False,,12.38235694275057,22.3380477109656,98.16999816894531,73.16999816894531,79.89245831298828,0.8776548872853069,51.88720407683496,46.90867039312468,0.3172225757692906,89.79499816894531,False,False,False,False,False,
NYSE:UVV,,https://www.tradingview.com/chart/?symbol=NYSE%3AUVV,False,,-65.05566935346346,-65.05566935346346,44.59000015258789,43.38999938964844,46.18659992980957,0.10126586760846212,-54.52883186840332,-55.75970049485351,0.22487906551752546,52.69499969482422,False,True,False,False,False,
NYSE:ODC,,https://www.tradingview.com/chart/?symbol=NYSE%3AODC,False,,-58.396665385751824,-32.16306978680039,87.77999877929688,59.66999816894531,70.69119924926758,0.6019271489282172,-0.7053227488432938,-10.529191242224032,0.5429601606528157,86.01000213623047,False,False,False,False,False,
NYSE:BV,,https://www.tradingview.com/chart/?symbol=NYSE%3ABV,False,,-41.25460157875477,-41.25460157875477,10.880000114440918,10.605199813842773,11.618772567749023,0.0639844260722508,-32.013121265084436,-35.87070222362818,0.35073906450195186,12.244999885559082,False,True,False,False,False,
TSX:AAV,,https://www.tradingview.com/chart/?symbol=TSX%3AAAV,False,,-71.19477305688444,-54.20902787889073,10.119999885559082,9.34000015258789,9.979560161590577,0.2878227756426656,34.98752412596085,17.384940242944907,0.25809524172828313,10.5,False,False,False,False,False,
NYSE:RES,,https://www.tradingview.com/chart/?symbol=NYSE%3ARES,False,,-63.44940253258352,-63.44940253258352,5.974999904632568,5.085000038146973,5.772940029144287,0.305317282378225,4.404307093796562,2.9873947010419464,0.44334601466381274,6.574999809265137,False,False,False,False,False,
NASDAQ:MGRT,,https://www.tradingview.com/chart/?symbol=NASDAQ%3AMGRT,False,,63.420115027288716,63.420115027288716,118.01000213623047,4.809999942779541,37.89483995628357,0.8074755841875084,55.283920117247504,61.2386481383821,1.7201227000885946,81.5,False,False,False,False,False,
NYSE:GIC,,https://www.tradingview.com/chart/?symbol=NYSE%3AGIC,False,,-19.862678590506647,29.12849189900017,39.810001373291016,28.1742000579834,30.98160877227783,0.9781436868919683,69.26910607430153,65.71708502822385,0.3581993364884706,33.209999084472656,False,False,False,False,False,
NASDAQ:DMLP,,https://www.tradingview.com/chart/?symbol=NASDAQ%3ADMLP,False,,52.75572318379496,68.73308584843257,29.450000762939453,25.06999969482422,26.330027267456053,0.8203632003989674,65.92132095710916,67.83865359914661,0.19432574376356013,27.475000381469727,False,False,False,False,False,
NYSE:UMH,,https://www.tradingview.com/chart/?symbol=NYSE%3AUMH,False,,-69.45114640038791,-43.647015270753805,15.609999656677246,14.119999885559082,14.72888009262085,0.577519094734204,58.72091665919865,43.889387104317535,0.1676413788060605,15.390000343322754,False,False,False,False,False,
NASDAQ:TRIN,,https://www.tradingview.com/chart/?symbol=NASDAQ%3ATRIN,False,,-66.14526653533538,-59.8856693762738,17.610000610351562,14.180999755859375,15.271083633422851,0.7423687464022999,58.48340081313693,49.365138774206365,0.27178577541097215,16.9950008392334,False,False,False,False,False,
TSX:LB,,https://www.tradingview.com/chart/?symbol=TSX%3ALB,False,,44.11440053244056,45.05335008556391,40.619998931884766,40.02000045776367,40.17339991760254,0.9230778259670291,61.07574080361453,64.77098142253831,0.016132978317484684,40.290000915527344,False,False,False,False,False,
NYSE:VIA,,https://www.tradingview.com/chart/?symbol=NYSE%3AVIA,False,,-49.93011894528271,-33.16223592159589,26.65999984741211,13.300000190734863,16.91080023574829,0.8732025810540569,71.50136441405937,66.60623388259583,0.8874710205255719,17.239999771118164,False,False,False,False,False,
NASDAQ:NVAX,,https://www.tradingview.com/chart/?symbol=NASDAQ%3ANVAX,False,,-40.24057231554924,-40.24057231554924,9.359999656677246,7.269999980926514,8.193940084457397,0.5338440463751184,11.528679738325621,16.80231777057922,0.4371859823612316,8.954999923706055,False,False,False,False,False,
NYSE:NVGS,,https://www.tradingview.com/chart/?symbol=NYSE%3ANVGS,False,,64.33215842034208,95.03374114386389,24.5,18.03660011291504,19.650462486267088,0.9451626102316381,42.00238412558867,53.21117748320789,0.3185095531340529,21.469999313354492,False,False,False,False,False,
NASDAQ:ROCK,,https://www.tradingview.com/chart/?symbol=NASDAQ%3AROCK,False,,-29.659854300329254,-29.659854300329254,44.84000015258789,33.84000015258789,39.05087968444824,0.4981884505537963,34.02308475170806,26.707948994258334,0.5341719730351148,41.334999084472656,False,False,False,False,False,
NASDAQ:AKTS,,https://www.tradingview.com/chart/?symbol=NASDAQ%3AAKTS,True,2026-09-16 13:30,-61.85488926893984,-61.85488926893984,22.68000030517578,15.194999694824219,19.598759658813478,0.4011254379184591,20.652869245609523,5.324065938757936,0.8640889298789022,21.594999313354492,False,False,True,False,False,
TSX:BIR,,https://www.tradingview.com/chart/?symbol=TSX%3ABIR,False,,-44.2792594104154,-9.830980722257982,6.25,5.769999980926514,6.316339994430542,0.20734341564112352,-1.0074124066538186,-5.710741912290272,0.36171875355066724,6.400000095367432,False,True,False,False,False,
NASDAQ:OMDA,,https://www.tradingview.com/chart/?symbol=NASDAQ%3AOMDA,True,2026-09-16 09:30,-77.4581950817486,-68.12817606327614,19.760000228881836,11.329999923706055,14.553759887695312,0.6171303367014932,39.33782404125919,23.074326766387525,0.7622767739539624,17.920000076293945,False,False,True,False,False,
NASDAQ:ASTE,,https://www.tradingview.com/chart/?symbol=NASDAQ%3AASTE,True,2026-09-16 09:30,-53.124441257017445,-52.71730374105697,40.91999816894531,40.790000915527344,46.52716033935547,0.005347481138352227,-54.67438511513899,-56.34090576959247,0.4604602405856924,52.79499816894531,False,True,False,False,False,
NYSE:MSDL,,https://www.tradingview.com/chart/?symbol=NYSE%3AMSDL,False,,-86.10960402630275,-59.79078339431527,14.71500015258789,13.829999923706055,14.285479995727538,0.4585492688827485,9.52562789085371,-10.422586113902492,0.12664044187411275,15.239999771118164,False,False,False,False,False,
NASDAQ:HLIT,,https://www.tradingview.com/chart/?symbol=NASDAQ%3AHLIT,False,,-37.71128097777753,-37.71128097777753,11.154999732971191,8.694999694824219,10.711596305847168,0.2878909970537874,-22.182418502810815,-29.377245002987216,0.7111860715770851,12.015000343322754,False,False,False,False,False,
TSX:SVI,,https://www.tradingview.com/chart/?symbol=TSX%3ASVI,True,2026-09-16 13:30,-67.54909403444687,-67.54909403444687,4.150000095367432,4.119999885559082,4.315879867553711,0.03614483441684534,-32.822715360166846,-43.25656744406581,0.1852678393241855,4.480000019073486,False,True,True,False,False,
NYSE:CLVT,,https://www.tradingview.com/chart/?symbol=NYSE%3ACLVT,False,,-47.27871324575178,-42.369401384334616,1.875,1.815000057220459,2.073420063972473,0.05479446686014497,-49.55044993442241,-54.278532458302955,0.46496816124911494,2.3550000190734863,False,True,False,False,False,
NYSE:UAN,,https://www.tradingview.com/chart/?symbol=NYSE%3AUAN,False,,28.754421398145908,28.754421398145908,133.23500061035156,108.0,115.316,0.8140322777532762,60.534565079667324,64.011975012337,0.2479801573494699,125.01000213623047,False,False,False,False,False,
NASDAQ:FMBH,,https://www.tradingview.com/chart/?symbol=NASDAQ%3AFMBH,False,,16.4120215203544,16.4120215203544,50.209999084472656,39.02000045776367,42.30748052978515,0.8033021092290478,52.902179841432,47.658396045786255,0.30401572234731594,45.81999969482422,False,False,False,False,False,
NYSE:EPC,,https://www.tradingview.com/chart/?symbol=NYSE%3AEPC,True,2026-09-16 09:30,-57.23653837196546,-49.801548393716416,26.799999237060547,15.880000114440918,19.136800159454346,0.7913042733108925,39.23789216664678,29.56409623066835,0.5963699461854015,23.139999389648438,False,False,False,False,False,
AMEX:SLSR,,https://www.tradingview.com/chart/?symbol=AMEX%3ASLSR,True,2026-09-16 09:30,-73.90765876382983,-73.90765876382983,6.929999828338623,6.929999828338623,7.9396079120635985,0.0,-22.23229667599992,-34.14318002577794,0.4968641725147064,8.609999656677246,False,True,True,False,False,
NASDAQ:WINA,,https://www.tradingview.com/chart/?symbol=NASDAQ%3AWINA,True,2026-09-16 09:30,-66.2354147235872,-65.24343468008617,294.760009765625,294.760009765625,335.46528515625,0.0,-60.55267466314007,-65.95449416151008,0.4552244023342495,378.8900146484375,False,True,True,True,True,FULL PASS
NASDAQ:NWPX,,https://www.tradingview.com/chart/?symbol=NASDAQ%3ANWPX,False,,-74.82726094699335,-63.56643244447815,102.41000366210938,70.66000366210938,89.46448193359375,0.3984689121294362,-22.34538724365684,-30.676556633657754,0.7135947524853951,111.66000366210938,False,False,False,False,False,
NYSE:KOS,,https://www.tradingview.com/chart/?symbol=NYSE%3AKOS,False,,43.46257774502359,43.46257774502359,2.880000114440918,1.975000023841858,2.2829800114631653,0.6934866873363099,36.0458806956351,42.812403072673646,0.4775671375679403,2.732599973678589,False,False,False,False,False,
NASDAQ:NSSC,,https://www.tradingview.com/chart/?symbol=NASDAQ%3ANSSC,False,,-25.4895360329284,-16.727113920518967,36.369998931884766,34.34000015258789,37.264040008544924,0.1638417174574595,-9.946787096257987,-18.230286750380063,0.32782114009543256,37.79499816894531,False,True,False,False,False,
NASDAQ:WBTN,,https://www.tradingview.com/chart/?symbol=NASDAQ%3AWBTN,False,,54.02427577391415,54.02427577391415,10.420000076293945,8.230999946594238,9.552363941192628,0.3909626966687146,-29.976740809295364,-16.624309103718993,0.5124942681337568,10.925000190734863,False,False,False,False,False,
NYSE:NRP,,https://www.tradingview.com/chart/?symbol=NYSE%3ANRP,False,,-44.41678258397487,-38.40211588838545,109.7249984741211,96.05999755859375,103.02789791870117,0.46282811885885455,25.77125381274458,29.01066502843049,0.275947481358629,106.99500274658203,False,False,False,False,False,
NASDAQ:UFCS,,https://www.tradingview.com/chart/?symbol=NASDAQ%3AUFCS,False,,5.909343760793026,5.909343760793026,54.81999969482422,36.2400016784668,41.004841354370114,0.9202575175898366,59.776596436721114,57.63668585657757,0.4166322535729923,48.459999084472656,False,False,False,False,False,
NASDAQ:RDWR,,https://www.tradingview.com/chart/?symbol=NASDAQ%3ARDWR,False,,-11.468746933998375,51.7794238597235,29.489999771118164,23.25,25.33859963989258,0.705084841468051,5.2444563614522774,8.907471765962452,0.3159585291611541,28.010000228881836,False,False,False,False,False,
NYSE:CDRE,,https://www.tradingview.com/chart/?symbol=NYSE%3ACDRE,False,,-73.15334451527292,-73.15334451527292,26.420000076293945,26.420000076293945,30.547640022277832,0.0,-4.077594027857272,-19.717528966701263,0.5753289470588402,30.399999618530273,False,True,False,False,False,
NYSE:HLF,,https://www.tradingview.com/chart/?symbol=NYSE%3AHLF,False,,-39.9627443181366,-39.9627443181366,11.84000015258789,10.989999771118164,12.47680004119873,0.13492067096274163,-31.308830882863123,-32.31532500038197,0.49881243763457056,12.630000114440918,False,True,False,False,False,
NASDAQ:PCT,,https://www.tradingview.com/chart/?symbol=NASDAQ%3APCT,False,,-69.51236893308837,-69.51236893308837,5.519999980926514,5.070000171661377,7.165680086135865,0.05067565626461757,-37.15235024593949,-42.584635766012184,1.27953884213083,6.940000057220459,False,True,False,False,False,
TSX:SPB,,https://www.tradingview.com/chart/?symbol=TSX%3ASPB,False,,-79.9802030696992,-42.48424645961148,7.050000190734863,6.260000228881836,6.835840129852295,0.3237705318494054,-40.450431871021955,-46.19619961184942,0.3253332773844401,7.5,False,False,False,False,False,
NYSE:CMP,,https://www.tradingview.com/chart/?symbol=NYSE%3ACMP,False,,-52.44097224525623,-52.44097224525623,23.850000381469727,21.475000381469727,24.38370011138916,0.19269778665518184,-48.31039488371871,-53.04534235031343,0.46265011779166826,26.639999389648438,False,True,False,False,False,
NASDAQ:HBNB,,https://www.tradingview.com/chart/?symbol=NASDAQ%3AHBNB,False,,-74.85392918484477,-48.531357032743244,5.1350998878479,4.750100135803223,5.988793369293213,0.07335144733660012,-48.12664790365748,-53.40964944477899,0.8308323297013378,6.317399978637695,False,True,False,False,False,
NASDAQ:INBX,,https://www.tradingview.com/chart/?symbol=NASDAQ%3AINBX,False,,-60.52795318915122,-60.52795318915122,101.625,58.32500076293945,77.97553971862793,0.5200264401393495,31.6675012616701,28.92252459359364,0.8911065218257507,93.44000244140625,False,False,False,False,False,
NYSE:CNMD,,https://www.tradingview.com/chart/?symbol=NYSE%3ACNMD,False,,-69.13870972761683,-29.502129888118546,47.04999923706055,32.08000183105469,36.78584150695801,0.7507521783855106,46.672671144051975,39.56171059824019,0.5345844245191563,37.29999923706055,False,False,False,False,False,
NYSE:RYZ,,https://www.tradingview.com/chart/?symbol=NYSE%3ARYZ,True,2026-09-16 09:30,-57.60044484339314,-53.74365533118288,24.239999771118164,19.959999084472656,22.59493930053711,0.3833408271998655,-18.012914995030467,-27.469522648435365,0.4256576862515429,26.229999542236328,False,False,False,False,False,
NYSE:NPKI,,https://www.tradingview.com/chart/?symbol=NYSE%3ANPKI,False,,-51.33663667888897,-51.33663667888897,12.930000305175781,12.050000190734863,13.081320163726806,0.20137302917305086,-50.03628056953651,-53.4640916193142,0.3028412885058389,14.430000305175781,False,True,False,False,False,
NASDAQ:ATEC,,https://www.tradingview.com/chart/?symbol=NASDAQ%3AATEC,False,,-11.211879999991835,35.06108956992552,10.510000228881836,6.96999979019165,8.406059911727905,0.5817584452085157,25.92472679961466,41.06568140341916,0.6511503842812434,9.345000267028809,False,False,False,False,False,
NYSE:NBR,,https://www.tradingview.com/chart/?symbol=NYSE%3ANBR,False,,-55.08962346898559,-50.93335280349009,85.63999938964844,74.7300033569336,83.32984213256836,0.29939620159107655,14.849260773811892,10.188483753455433,0.41659991200945357,87.47000122070312,False,False,False,False,False,
NASDAQ:KMTS,,https://www.tradingview.com/chart/?symbol=NASDAQ%3AKMTS,False,,-85.3984447688955,-25.65682545522051,24.079999923706055,17.899999618530273,20.377999618530275,0.5885714576357887,25.980845447173177,13.1583684640435,0.4768392271444289,22.020000457763672,False,False,False,False,False,
NYSE:TDAY,,https://www.tradingview.com/chart/?symbol=NYSE%3ATDAY,False,,-1.6970593406663887,43.170300079854236,6.474999904632568,6.170000076293945,6.857019767761231,0.10477131934047718,-30.125703381216724,-33.17078040888406,0.3976913004515035,7.320000171661377,False,True,False,False,False,
NASDAQ:LINC,,https://www.tradingview.com/chart/?symbol=NASDAQ%3ALINC,False,,-16.291318145946757,14.368383093328887,25.200000762939453,24.200000762939453,31.689460906982422,0.03151094944910171,-51.18169553573048,-51.90944103550059,0.7713904006118352,41.13999938964844,False,True,False,False,False,
NASDAQ:ARDX,,https://www.tradingview.com/chart/?symbol=NASDAQ%3AARDX,True,2026-09-16 13:30,-81.70568960525195,-81.70568960525195,3.4000000953674316,3.3949999809265137,4.334279985427856,0.0012563101550140086,-73.70344255459683,-72.48929693393978,0.7171170959088747,5.550000190734863,False,True,True,True,True,FULL PASS
NASDAQ:NTLA,,https://www.tradingview.com/chart/?symbol=NASDAQ%3ANTLA,True,2026-09-16 09:30,-72.4175806561219,-69.62933172647543,11.494000434875488,10.640000343322754,12.343920406341553,0.11828255678225542,-15.03781501567316,-22.177015877183095,0.5505147078178899,13.114999771118164,False,True,True,False,False,
NASDAQ:UPBD,,https://www.tradingview.com/chart/?symbol=NASDAQ%3AUPBD,False,,-62.405267845326854,-62.405267845326854,17.770000457763672,17.065000534057617,18.411380516052247,0.12357579897180367,-17.82286734817811,-28.900130922761523,0.30185185390758723,18.899999618530273,False,True,False,False,False,
NYSE:UTZ,,https://www.tradingview.com/chart/?symbol=NYSE%3AUTZ,False,,67.18426135364788,67.18426135364788,14.265000343322754,6.795000076293945,8.5591001663208,0.9993310884032444,60.46336967920812,57.35164462170439,0.9670116899127351,7.730000019073486,False,False,False,False,False,
TSX:JWEL,,https://www.tradingview.com/chart/?symbol=TSX%3AJWEL,False,,-49.686204409264924,-49.686204409264924,45.369998931884766,33.060001373291016,36.05484104919434,0.9700550741340952,68.13967561778344,63.59026840475079,0.35191342605184245,36.060001373291016,False,False,False,False,False,
NYSE:AMRC,,https://www.tradingview.com/chart/?symbol=NYSE%3AAMRC,False,,-13.803873005921595,-13.803873005921595,22.8700008392334,18.5049991607666,22.773059394836427,0.24136032286870282,-39.13135152064404,-38.86414165393769,0.6877733766628007,26.295000076293945,False,False,False,False,False,
NASDAQ:GPRE,,https://www.tradingview.com/chart/?symbol=NASDAQ%3AGPRE,False,,-27.040612591084862,-24.408452147715778,15.069999694824219,14.010000228881836,15.239560012817382,0.20345482767962395,-22.113711172019634,-26.462118043563613,0.32912186415556927,15.829999923706055,False,True,False,False,False,
NASDAQ:AZTA,,https://www.tradingview.com/chart/?symbol=NASDAQ%3AAZTA,False,,-43.471022892464816,36.41078966752628,33.209999084472656,16.0049991607666,21.058938926696776,0.8034088592362393,56.31075243016244,52.467523805101564,0.8680583276023963,24.670000076293945,False,False,False,False,False,
NYSE:LADR,,https://www.tradingview.com/chart/?symbol=NYSE%3ALADR,False,,-71.19324981317719,-67.52620069915928,9.529999732971191,9.449999809265137,9.693079746246339,0.07766984897683682,-22.39361260880214,-35.609712770593546,0.10305150022656324,9.994999885559082,False,True,False,False,False,
AMEX:CNL,,https://www.tradingview.com/chart/?symbol=AMEX%3ACNL,False,,-56.78084721461948,-56.78084721461948,12.3100004196167,11.609999656677246,13.854359935760499,0.07360680083020799,9.09348566684197,-1.6589138391478624,0.6231938817757849,15.260100364685059,False,True,False,False,False,
NASDAQ:ASST,,https://www.tradingview.com/chart/?symbol=NASDAQ%3AASST,False,,33.57306666427753,33.57306666427753,27.420000076293945,8.510000228881836,13.444760192871094,0.9043519839983392,51.127234105871906,59.06742503305324,1.5152173593048792,13.800000190734863,False,False,False,False,False,
NYSE:CVLG,,https://www.tradingview.com/chart/?symbol=NYSE%3ACVLG,False,,37.841182345107704,37.841182345107704,34.43000030517578,24.549999237060547,30.51135974121094,0.3911322340683547,-14.309879848491503,-17.352488023780275,0.7196582118046083,35.099998474121094,False,False,False,False,False,
NASDAQ:AFYA,,https://www.tradingview.com/chart/?symbol=NASDAQ%3AAFYA,False,,-49.99150781174933,-43.488432989008174,13.670000076293945,13.420000076293945,14.026520004272461,0.09727627614255392,-5.019449404469809,-15.96420764249843,0.18016120805964084,14.265000343322754,False,True,False,False,False,
TSX:UNC,,https://www.tradingview.com/chart/?symbol=TSX%3AUNC,True,2026-09-15 15:30,-66.18763071838346,-65.14922172168559,14.5,13.350000381469727,14.022600471496581,0.40350858407156637,-11.656179463033816,-31.44141085424523,0.19127519828425665,14.899999618530273,False,False,True,False,False,
NYSE:SPH,,https://www.tradingview.com/chart/?symbol=NYSE%3ASPH,False,,-94.13759798492384,-84.15415659313564,17.0,16.6299991607666,17.578719268798828,0.09203999927881354,-41.41060243527667,-50.20524927069118,0.21360257826514376,18.81999969482422,False,True,False,False,False,
NYSE:GHM,,https://www.tradingview.com/chart/?symbol=NYSE%3AGHM,False,,-39.58517249387543,-38.6048383543421,85.1500015258789,75.45999908447266,86.94375994873047,0.19913690325000266,-27.539121145556138,-36.27162604485926,0.5012361222117699,97.08000183105469,False,True,False,False,False,
NASDAQ:STAA,,https://www.tradingview.com/chart/?symbol=NASDAQ%3ASTAA,False,,-44.03073676794984,-44.03073676794984,22.40999984741211,17.235000610351562,21.0924208984375,0.31661051395369244,-43.29621509055024,-45.03791661791426,0.6493842340547891,25.170000076293945,False,False,False,False,False,
NASDAQ:PFBC,,https://www.tradingview.com/chart/?symbol=NASDAQ%3APFBC,False,,-4.354905778871159,45.34097203382535,106.16000366210938,87.20999908447266,92.47043930053711,0.8501571915340764,33.43310876971571,32.32429973900812,0.22341386855280007,99.7699966430664,False,False,False,False,False,
NYSE:CCO,,https://www.tradingview.com/chart/?symbol=NYSE%3ACCO,False,,30.864349178244524,30.864349178244524,2.384999990463257,2.309999942779541,2.3383199720382692,0.62499975164757,-16.115660314547977,-9.490477736898551,0.05020925469058607,2.390000104904175,False,False,False,False,False,
TSX:VZLA,,https://www.tradingview.com/chart/?symbol=TSX%3AVZLA,True,2026-09-16 09:30,-68.31501574659019,-68.05499103219876,5.15500020980835,4.090000152587891,4.481760116577148,0.6415663585034436,35.94609548093131,31.94171176803896,0.3472802875627208,4.78000020980835,False,False,True,False,False,
NASDAQ:SBET,,https://www.tradingview.com/chart/?symbol=NASDAQ%3ASBET,False,,-4.661535057784646,-4.661535057784646,8.0,4.565000057220459,5.655320142745971,0.7435064227999153,54.22538248428165,55.95928667178986,0.7190661829175486,6.425000190734863,False,False,False,False,False,
NASDAQ:UVSP,,https://www.tradingview.com/chart/?symbol=NASDAQ%3AUVSP,False,,52.73341326164401,52.73341326164401,42.70000076293945,32.5099983215332,35.53079904174805,0.7960937509313224,15.17474346090402,15.024701737243607,0.3087686041825018,41.45500183105469,False,False,False,False,False,
NASDAQ:IMTX,,https://www.tradingview.com/chart/?symbol=NASDAQ%3AIMTX,False,,-70.85775924386074,-61.03240549600854,8.645000457763672,8.4350004196167,9.213800239562989,0.06363638990838945,-38.58860212086963,-48.00382594056592,0.33863512322362865,9.744999885559082,False,True,False,False,False,
NYSE:AORT,,https://www.tradingview.com/chart/?symbol=NYSE%3AAORT,False,,-55.34950690258035,-15.285035301613888,25.020000457763672,20.09000015258789,24.566920440673826,0.25988402677567407,1.4284173289888085,-6.944467773523282,0.7161193425673776,26.489999771118164,False,False,False,False,False,
NYSE:AI,,https://www.tradingview.com/chart/?symbol=NYSE%3AAI,False,,19.520843902185295,34.96384918706563,10.5600004196167,7.715000152587891,8.670800197601318,0.7024691686527031,31.4165191971247,36.79730017550252,0.43760131179420503,9.255000114440918,False,False,False,False,False,
AMEX:IAUX,,https://www.tradingview.com/chart/?symbol=AMEX%3AIAUX,False,,-66.37473429526865,-66.37473429526865,1.659999966621399,1.2599999904632568,1.4169399814605712,0.6015037580506609,28.50844666054694,26.514445816457595,0.427652723012415,1.5549999475479126,False,False,False,False,False,
NYSE:BW,,https://www.tradingview.com/chart/?symbol=NYSE%3ABW,False,,-28.065441178550582,-28.065441178550582,6.78000020980835,6.78000020980835,10.329440088272094,0.0,-53.78311210837074,-53.955556106013205,1.0458970351406434,14.380000114440918,False,True,False,False,False,
NASDAQ:LIFE,,https://www.tradingview.com/chart/?symbol=NASDAQ%3ALIFE,False,,9.563428853165298,9.563428853165298,38.5,9.850000381469727,17.468080543518067,0.8875464377044764,80.62171547896952,78.07396341077441,1.7097458750805798,18.8799991607666,False,False,False,False,False,
NASDAQ:LZ,,https://www.tradingview.com/chart/?symbol=NASDAQ%3ALZ,False,,-10.986569060550044,19.893082229977413,6.054999828338623,5.224999904632568,5.979019945144653,0.25978086983152204,-14.71691846797301,-15.60868290305004,0.5178282223912835,6.170000076293945,False,False,False,False,False,
NASDAQ:IRMD,,https://www.tradingview.com/chart/?symbol=NASDAQ%3AIRMD,False,,-76.01576041543971,-46.48386374702411,82.62000274658203,81.87000274658203,86.81656253051757,0.03578244431105945,-52.335353676815,-57.445719762684305,0.22740587502294943,92.16999816894531,False,True,False,False,False,
NYSE:HQH,,https://www.tradingview.com/chart/?symbol=NYSE%3AHQH,True,2026-09-16 13:30,-73.04131330919766,-73.04131330919766,21.325000762939453,17.2549991607666,19.00257932281494,0.5496287947025941,59.59474947095722,46.143644020524206,0.36905060999507694,20.065000534057617,False,False,True,False,False,
NYSE:XIFR,,https://www.tradingview.com/chart/?symbol=NYSE%3AXIFR,False,,-52.050320444021615,-52.050320444021615,11.0600004196167,9.90999984741211,10.63213631439209,0.37582942760846216,0.48904575330722605,-12.86860439985092,0.2649264271240494,11.550000190734863,False,False,False,False,False,
TSX:LIF,,https://www.tradingview.com/chart/?symbol=TSX%3ALIF,False,,-70.0610364679136,-57.00959556802173,25.639999389648438,25.3700008392334,26.6231607131958,0.0508471897495985,-54.74903470331912,-63.01172759936458,0.19066425110268378,27.850000381469727,False,True,False,False,False,
NASDAQ:OSBC,,https://www.tradingview.com/chart/?symbol=NASDAQ%3AOSBC,False,,-7.697406480886511,-7.697406480886511,25.0,19.288999557495117,20.870435607910157,0.852260895454755,65.34852095885823,58.68519661843719,0.3041761236841524,22.030000686645508,False,False,False,False,False,
NYSE:DFIN,,https://www.tradingview.com/chart/?symbol=NYSE%3ADFIN,False,,-25.746431204988962,-22.53359427698378,48.900001525878906,36.5,40.540319747924805,0.7242991997379624,34.72412269857099,32.58507936092794,0.361639182017385,47.34000015258789,False,False,False,False,False,
NASDAQ:CBRL,,https://www.tradingview.com/chart/?symbol=NASDAQ%3ACBRL,False,,-81.81213785698789,-81.81213785698789,43.20000076293945,26.700000762939453,34.34286036682129,0.5094951630437151,41.051264381215525,22.76194059446125,0.7376992527538376,43.900001525878906,False,False,False,False,False,
